t,y,is_changepoint
0,19.198068574746554,0
1,19.328271965472112,0
2,21.045733603417354,0
3,22.33386239989097,0
4,23.636046532489644,0
5,23.15351354436541,0
6,22.982886585396507,0
7,23.1819863461119,0
8,25.07887278965678,0
9,26.25418070551501,0
10,25.10239790729006,0
11,23.72389564283828,0
12,24.04173479456391,0
13,26.557243395868163,0
14,25.03251157195395,0
15,22.88726282011685,0
16,24.24643082610517,0
17,22.803540728011427,0
18,22.906245811871184,0
19,22.555801321766747,0
20,21.786686628367757,0
21,22.46679563217874,0
22,21.231009253587317,0
23,20.063199703067657,0
24,20.409637826557116,0
25,20.177224345961065,0
26,17.06288140308172,0
27,17.829852711809057,0
28,16.519252643955987,0
29,16.783037630094366,0
30,15.175047347313408,0
31,16.053923692581417,0
32,15.63198724003374,0
33,15.076264586485078,0
34,14.122444363434413,0
35,14.646585362657856,0
36,13.908671098304291,0
37,13.687566946926207,0
38,15.39515660101455,0
39,14.2712523995522,0
40,16.8401690822561,0
41,16.749820954417658,0
42,14.466649401617541,0
43,17.228321724368882,0
44,16.398283372418952,0
45,18.119640058332823,0
46,18.749536767056814,0
47,17.358939250668623,0
48,19.76657747623423,0
49,20.396840929700865,0
50,22.256095757355702,0
51,20.73197035386923,0
52,23.238041897845683,0
53,21.944834382007194,0
54,23.20424301323282,0
55,23.126293533033966,0
56,25.778858307843862,0
57,25.187610762344725,0
58,27.26136163429055,0
59,25.599140685951372,0
60,25.844992733719174,0
61,25.79790718313439,0
62,24.223017595535794,0
63,24.549369215918052,0
64,25.68051588666682,0
65,23.570215936283205,0
66,23.724333437223834,0
67,23.022583684626316,0
68,23.10921649283274,0
69,21.548508419878083,0
70,21.141733336755756,0
71,20.895012389772404,0
72,20.10302313848681,0
73,18.48239629261793,0
74,19.601687817676844,0
75,16.788101629927638,0
76,16.29888445119648,0
77,15.673701060215937,0
78,17.431438373000482,0
79,15.672624929644558,0
80,14.69883660255674,0
81,14.244580943253922,0
82,15.591502006017068,0
83,13.987935030553112,0
84,13.727921789902357,0
85,15.65676875559981,0
86,13.973663141362087,0
87,15.058164186692165,0
88,15.663111440731283,0
89,15.58789793161401,0
90,16.410372132471814,0
91,18.294966354011166,0
92,16.98310584741072,0
93,16.82727567929632,0
94,16.869159069293715,0
95,19.14260292206588,0
96,19.647742989588767,0
97,20.917721868030572,0
98,20.829850633875118,0
99,21.434778698772725,0
100,21.7786842521514,0
101,22.524047372673422,0
102,23.695760612250158,0
103,23.586413974241033,0
104,24.4305688717547,0
105,26.520584862589693,0
106,25.308747282242283,0
107,23.381134461433824,0
108,26.733529585613105,0
109,25.305034676857588,0
110,23.888215844994356,0
111,25.526446620242243,0
112,24.347782629832036,0
113,23.351548168421107,0
114,22.902024980499128,0
115,22.05037535479174,0
116,22.548118983989838,0
117,22.982233855575018,0
118,20.96904312670623,0
119,21.07345508615662,0
120,21.87564605377529,0
121,18.132778405919893,0
122,18.963427098410893,0
123,17.780145911322688,0
124,16.440743900172162,0
125,15.930345655519801,0
126,16.4491809509019,0
127,16.467096709743988,0
128,15.138283160334781,0
129,15.434992881803062,0
130,15.892579522989369,0
131,15.339336940048772,0
132,15.868670189740893,0
133,15.504171301281874,0
134,15.658376544235367,0
135,17.20723640238538,0
136,16.293044854770375,0
137,16.162704430899435,0
138,17.174409897509253,0
139,16.03706917944818,0
140,17.16229521423913,0
141,18.87980369236914,0
142,19.33669147458129,0
143,20.895730729731017,0
144,20.01047302891868,0
145,19.190303170679805,0
146,23.241342156388797,0
147,23.00630997238421,0
148,21.441262566396425,0
149,24.419630815012017,0
150,23.567936704711823,0
151,22.1528379315513,0
152,23.90977309749924,0
153,24.110493828562664,0
154,26.420477291767583,0
155,24.165155611449528,0
156,24.746382659620632,0
157,24.68046350002368,0
158,24.45065636846808,0
159,23.705323601523816,0
160,24.549213927947868,0
161,25.043571347869737,0
162,24.159511557104498,0
163,22.1163080289843,0
164,21.350184242838328,0
165,22.032390715407512,0
166,20.58751506188883,0
167,20.022465312250947,0
168,18.32030542115984,0
169,21.29786064159971,0
170,19.622523927028283,0
171,17.112675506267585,0
172,18.408210266794555,0
173,18.298679960781023,0
174,14.074912744390637,0
175,15.48428851297957,0
176,15.281899762952175,0
177,16.028856807786852,0
178,15.04890544625384,0
179,14.81234435727863,0
180,14.941628610927845,0
181,16.89610140097295,0
182,17.330351338333667,0
183,14.85577590042991,0
184,14.743628987827364,0
185,18.725786445930673,0
186,15.484721460874518,0
187,16.382790837064206,0
188,17.53658150934874,0
189,18.56982908231979,0
190,19.734940323925212,0
191,19.738346260569873,0
192,19.127616928304803,0
193,21.159013287449966,0
194,21.54401280536381,0
195,23.790336154279615,0
196,22.485000201844272,0
197,21.706834245126355,0
198,22.490513991548777,0
199,25.41691976040934,0
200,23.789995811843802,0
201,22.51493165247087,0
202,24.248929425955883,0
203,24.957239406700346,0
204,26.18883067853737,0
205,23.942756169266627,0
206,25.496312457347422,0
207,25.41469676215806,0
208,23.630738710598518,0
209,23.779176996137203,0
210,25.304984142330653,0
211,24.764291891869764,0
212,23.355522004901896,0
213,22.245363521337854,0
214,22.43240484647582,0
215,20.511953675484992,0
216,19.90490693430155,0
217,18.487008899372444,0
218,18.71146815915615,0
219,18.004566213261164,0
220,20.27363166736936,0
221,16.76334968917596,0
222,17.7352840840807,0
223,17.35373057293716,0
224,15.483394279162834,0
225,16.5499995297437,0
226,12.993557219069654,0
227,15.137702877986067,0
228,15.857261399466292,0
229,12.644910420452826,0
230,14.011199670306564,0
231,16.436675954817055,0
232,15.412862212093135,0
233,14.935034604722869,0
234,16.090870425546488,0
235,16.413604548521924,0
236,18.22444731333521,0
237,18.54046871763418,0
238,18.425676435131617,0
239,18.68202635327109,0
240,19.946124336105637,0
241,21.977786888445475,0
242,21.643121338090694,0
243,22.552362755468284,0
244,22.349318402791436,0
245,21.751990894967385,0
246,22.8246903703456,0
247,24.61800326735346,0
248,24.433343121503604,0
249,23.715557793729623,0
250,23.21175870584249,0
251,25.06790620722048,0
252,24.660468991301837,0
253,24.60669408825633,0
254,24.500179173984257,0
255,24.903302776039542,0
256,24.624574743875,0
257,24.928895251676575,0
258,24.463955486374132,0
259,24.375900225537055,0
260,23.306363056782068,0
261,21.577809128497773,0
262,21.239826279269007,0
263,21.1468460559317,0
264,19.689707729998567,0
265,19.896807819179635,0
266,19.8595142514824,0
267,17.285336828208475,0
268,15.729615949153509,0
269,18.149847810247973,0
270,16.482226004402282,0
271,16.741903121655135,0
272,14.33756762669195,0
273,17.113594897921732,0
274,15.908990758023121,0
275,14.916701519439481,0
276,14.648011961194912,0
277,15.156671573586191,0
278,15.003639527989305,0
279,15.101912210199702,0
280,14.550273005552231,0
281,17.29604273746486,0
282,16.424888409497683,0
283,17.030828492345993,0
284,17.59291598860048,0
285,15.728365501432679,0
286,19.23304623261171,0
287,19.018214108274393,0
288,19.71077153540765,0
289,20.72241883367505,0
290,20.321619620184183,0
291,22.756797971813143,0
292,21.804135376192967,0
293,22.14014909033072,0
294,22.673344304950373,0
295,24.125519396596104,0
296,25.075906493284656,0
297,24.024344427010178,0
298,23.319442455530055,0
299,26.019715000022654,0
300,23.93491640495663,0
301,26.152054675398972,0
302,24.775333254468233,0
303,23.92104776853235,0
304,23.69008706978649,0
305,24.4286328751487,0
306,24.424905700929543,0
307,22.845636917462368,0
308,23.446934382371634,0
309,24.000395369491436,0
310,21.08578688025259,0
311,19.5031843198697,0
312,18.945599651469575,0
313,17.957033683898583,0
314,18.066239323546903,0
315,17.362803601242696,0
316,16.174896671033757,0
317,17.48637710966989,0
318,13.853127089094086,0
319,14.712434326850722,0
320,17.68512478726168,0
321,16.418404765906985,0
322,15.693162551897897,0
323,15.500034752086293,0
324,16.77093717280048,0
325,15.578405329416313,0
326,15.24794795578187,0
327,14.150442176659002,0
328,15.59620616374886,0
329,15.299349300228991,0
330,15.758290819164218,0
331,16.24195392162228,0
332,17.455353135307533,0
333,17.756872018432475,0
334,19.57701528542184,0
335,18.02118759698798,0
336,19.830529803257125,0
337,22.512128457534736,0
338,21.33299256270758,0
339,23.112032383274077,0
340,23.636863497203322,0
341,24.36045496538093,0
342,24.273653075457972,0
343,22.586320670203285,0
344,24.062739313135182,0
345,24.239062080087816,0
346,23.28077382711192,0
347,24.493342685693918,0
348,23.7499201648662,0
349,23.291672860849673,0
350,25.0405253880068,0
351,24.575806390110777,0
352,23.64231210934702,0
353,23.01618033884332,0
354,22.99426046386018,0
355,22.649716775669766,0
356,22.091889717417402,0
357,21.860709413897,0
358,20.85855455155162,0
359,21.039602943471472,0
360,20.522870894839105,0
361,19.705238716547814,0
362,18.042801259961497,0
363,17.470076691492473,0
364,17.934864103470964,0
365,16.759150076479795,0
366,16.421314385462686,0
367,13.541238048232609,0
368,12.969769001191587,0
369,15.717750529512315,0
370,15.49992952490542,0
371,16.43620756457453,0
372,15.721163118895884,0
373,15.264514493298991,0
374,15.186733324643347,0
375,13.95386190923416,0
376,16.553048870710377,0
377,15.42964728317092,0
378,16.966950548650633,0
379,17.15623450039445,0
380,17.77209702075871,0
381,18.979258053718087,0
382,18.216038662508698,0
383,18.96013385728016,0
384,19.144138526648057,0
385,20.275478937648764,0
386,22.960035939563845,0
387,21.550098495205088,0
388,23.68561631219358,0
389,23.869818578785736,0
390,24.26481569752204,0
391,24.769781838528335,0
392,23.315850464025214,0
393,24.99284534144187,0
394,26.41804122893008,0
395,24.261428370538056,0
396,24.95289291441226,0
397,24.268065149707525,0
398,25.14664064265839,0
399,23.54086753069058,0
400,25.939806813173014,0
401,23.589931912496763,0
402,21.992872333932507,0
403,24.834598055857903,0
404,23.470522894800908,0
405,22.431928643236166,0
406,21.826682768986903,0
407,20.294832953287482,0
408,19.77670440022782,0
409,20.071388268729383,0
410,19.623529732197266,0
411,19.01919524131865,0
412,17.712550985610786,0
413,16.489804761850483,0
414,16.27237876488975,0
415,17.142833010058496,0
416,17.10979109603504,0
417,15.039289947357467,0
418,14.693066866010202,0
419,16.290325363078647,0
420,15.723649023133442,0
421,15.740033883156253,0
422,13.85803720560132,0
423,15.006844895977162,0
424,15.15487745187363,0
425,16.24113795758851,0
426,14.779524114336317,0
427,18.227945663090296,0
428,17.800131795350538,0
429,18.521419863654344,0
430,17.521764397602507,0
431,19.320948667531578,0
432,21.33465028815689,0
433,19.082935358641347,0
434,21.599863282890123,0
435,22.61222207613982,0
436,21.80805289691277,0
437,23.858548373312168,0
438,23.205464875368587,0
439,25.19653325448773,0
440,24.857638794347356,0
441,24.843763548284812,0
442,26.838545112859418,0
443,25.789120765243144,0
444,26.308635708648335,0
445,23.76770463463851,0
446,24.183022063726664,0
447,25.45596666548822,0
448,25.235738882253965,0
449,23.911026671466047,0
450,24.31526044015842,0
451,21.985453398897008,0
452,22.713835225720388,0
453,20.76613329688759,0
454,21.634665759290744,0
455,20.166459053960278,0
456,19.359002483355752,0
457,19.403668069082386,0
458,20.52336483818206,0
459,17.074821103719135,0
460,16.898249383858108,0
461,18.02385700069168,0
462,16.0408994240686,0
463,17.802497575753474,0
464,15.892402684924187,0
465,15.471234251594625,0
466,15.527255007417535,0
467,16.783955289646357,0
468,15.65536153449067,0
469,15.55948782603975,0
470,15.422228631704657,0
471,13.818183504143105,0
472,14.784600952932653,0
473,17.516577419581097,0
474,17.286344425989,0
475,17.462257716796646,0
476,18.137062727746606,0
477,17.542989786062286,0
478,19.04386904215949,0
479,18.44657440855073,0
480,20.391362321360113,0
481,19.938495850393313,0
482,21.080275396356416,0
483,22.36683200665688,0
484,22.173212296629547,0
485,23.691389067923872,0
486,23.991572182161253,0
487,24.326224838500575,0
488,25.654538401764857,0
489,23.145512986085187,0
490,23.23334685261909,0
491,25.573466098779832,0
492,25.940794095014283,0
493,26.968864734583626,0
494,25.58588593043684,0
495,25.449612660877353,0
496,23.44704696741471,0
497,24.719388478925236,0
498,24.209372844008048,0
499,21.98794195588071,0
500,21.603682490951922,0
501,21.802385959026164,0
502,21.582348976702704,0
503,17.70784542245328,0
504,20.070305510186888,0
505,19.578223535006103,0
506,18.52906841471756,0
507,18.353407736241046,0
508,17.955906231603034,0
509,15.944554817747942,0
510,16.88064626254472,0
511,15.781926098811681,0
512,14.723994202288367,0
513,15.5897431312864,0
514,16.658015108309954,0
515,13.582660109805783,0
516,13.346890084235833,0
517,13.389609543205525,0
518,17.147682621348842,0
519,15.129018588741646,0
520,15.610386227391212,0
521,15.246657579541258,0
522,15.52401831018577,0
523,14.929332694901879,0
524,17.670406293905533,0
525,18.34614265909592,0
526,16.72937072208208,0
527,18.30421986237405,0
528,19.255886243840813,0
529,20.626628506660758,0
530,21.538224392506738,0
531,23.039210130176848,0
532,23.8644560191461,0
533,24.11226165724693,0
534,24.877062437435605,0
535,22.80035001116088,0
536,23.775635253942575,0
537,25.763007462826454,0
538,25.118290210169896,0
539,24.975946025544715,0
540,23.021011832296562,0
541,23.097981379760657,0
542,25.560518553976546,0
543,24.96097405746488,0
544,24.034069394736214,0
545,23.553794969458586,0
546,21.80943127905091,0
547,23.41502228408275,0
548,23.53442079901753,0
549,23.555588141017335,0
550,21.343233175648752,0
551,20.448434278980304,0
552,18.904002954282625,0
553,20.57061270409815,0
554,20.412760303710957,0
555,17.473412832062156,0
556,17.790758769630266,0
557,17.046862960595295,0
558,15.890638770659216,0
559,13.535783736724477,0
560,15.303873875600434,0
561,15.988046481250457,0
562,13.727068839316084,0
563,14.203894427618662,0
564,11.716439512111737,0
565,16.327303409631376,0
566,15.67064724035486,0
567,15.426080866395754,0
568,15.399399593003546,0
569,15.39595012222497,0
570,16.38565983932399,0
571,16.64587792285254,0
572,17.25164327955087,0
573,18.05277172513708,0
574,18.831555740021695,0
575,20.896347457077056,0
576,18.55056759453527,0
577,20.914599585988555,0
578,20.669534408097416,0
579,20.773935975030483,0
580,20.131829194874427,0
581,23.65069928788187,0
582,22.545154666981183,0
583,23.20708072845378,0
584,24.790005711598965,0
585,23.525924651468888,0
586,24.845674261609616,0
587,24.872343902780788,0
588,25.791843390041706,0
589,25.95786524924239,0
590,23.952777285635204,0
591,25.52657539721149,0
592,24.223381359972972,0
593,24.07956426545214,0
594,23.31302029279445,0
595,23.809346779456487,0
596,21.277799591817917,0
597,22.16350142878596,0
598,22.459875014000346,0
599,20.3589610462863,0
600,22.01777247198515,0
601,18.60146319130239,0
602,18.909600904911215,0
603,17.593974309254413,0
604,16.871249689434748,0
605,15.830421861371898,0
606,15.914399624950397,0
607,15.970996225423898,0
608,14.856775804948546,0
609,16.252998076922367,0
610,16.680697496169156,0
611,13.503879541732422,0
612,15.82484336077939,0
613,15.220835774967197,0
614,15.403691575495266,0
615,17.83110166501639,0
616,16.86419762687243,0
617,16.35754314497417,0
618,16.63758024651358,0
619,14.790475706806403,0
620,18.27239091648707,0
621,17.33789589205479,0
622,18.88163739874057,0
623,19.444999668669077,0
624,20.960351513496704,0
625,22.68313384256763,0
626,22.277697493035408,0
627,23.186365832226606,0
628,22.265456797171847,0
629,23.499580658818715,0
630,24.304782835708007,0
631,22.52713851622846,0
632,26.371669938088605,0
633,23.90452941654606,0
634,23.552085825889105,0
635,26.591268529040264,0
636,27.11843861535627,0
637,24.25411856871852,0
638,24.216319176203804,0
639,27.731310600776645,0
640,24.442744130162335,0
641,21.982708567065206,0
642,22.923265157803034,0
643,25.045925929669625,0
644,23.15912406415559,0
645,22.665516242516606,0
646,22.518652653297117,0
647,21.32840965070287,0
648,19.666795519112355,0
649,17.75305731882517,0
650,19.15227561354611,0
651,16.970547922230967,0
652,17.44376148135932,0
653,18.715163931637647,0
654,17.005116381623022,0
655,16.092724828538632,0
656,15.735553036910915,0
657,16.11139508658514,0
658,16.091604635016076,0
659,13.725961918630865,0
660,15.185479323723294,0
661,16.758422766011183,0
662,15.924739512446244,0
663,14.615476437390441,0
664,14.990245291621237,0
665,13.97131080641617,0
666,15.671087252996081,0
667,18.563158123723667,0
668,17.430476098219994,0
669,17.231571878437858,0
670,18.1297842522026,0
671,19.236623524879025,0
672,19.893453828082098,0
673,20.29865724786056,0
674,20.525000785009,0
675,22.549987248248172,0
676,24.03853456664351,0
677,22.47585014120369,0
678,22.99426203829343,0
679,25.156119765373493,0
680,22.866383370866767,0
681,24.028002964657432,0
682,24.451532033984787,0
683,25.125005898698117,0
684,24.725061190437575,0
685,24.07062096744875,0
686,25.140135478255743,0
687,23.431687260257814,0
688,22.587613379711737,0
689,21.938509148160193,0
690,24.28423244378398,0
691,21.306951599027794,0
692,22.94705728629244,0
693,22.584126284996614,0
694,22.100994540152154,0
695,20.47794823854485,0
696,19.451799878161278,0
697,19.43304037512167,0
698,18.112169864783347,0
699,16.800380575873586,0
700,18.755439935237828,0
701,16.06175539632102,0
702,18.260355094104263,0
703,16.54799785014814,0
704,15.215316226200295,0
705,15.81824998426641,0
706,16.400520343195282,0
707,13.664306442854633,0
708,14.073227052557126,0
709,13.993508141954855,0
710,15.33540226753383,0
711,15.784853208757218,0
712,15.698841324067056,0
713,15.305023458138724,0
714,15.936014777705072,0
715,18.143236122314516,0
716,18.616942674442047,0
717,18.217938128019327,0
718,17.395295832176316,0
719,19.975495830446874,0
720,20.28765917679834,0
721,20.905361456182387,0
722,23.0241268343881,0
723,22.73395689316398,0
724,21.525514545768576,0
725,22.079046589752256,0
726,24.9158477545379,0
727,24.172483219135188,0
728,25.21718502596518,0
729,24.51299806646955,0
730,23.880138279645138,0
731,25.28142571927513,0
732,26.618915491436606,0
733,25.3563601510662,0
734,23.76406437536451,0
735,24.373538914196473,0
736,23.90171431117804,0
737,24.214110721972197,0
738,24.633588043940534,0
739,25.09809704661156,0
740,22.814491219700308,0
741,21.57693056536478,0
742,21.46569338826068,0
743,20.763497130492745,0
744,19.67020365924157,0
745,19.465973197452968,0
746,18.801196355445775,0
747,17.006064097750336,0
748,18.143824507493942,0
749,16.689490291999086,0
750,15.576722022984699,0
751,16.619216518847324,0
752,15.278280016472786,0
753,17.21885755847811,0
754,15.741277586638928,0
755,15.211412437662958,0
756,14.334223737625607,0
757,14.724384492555673,0
758,16.10589915515737,0
759,14.778116284784385,0
760,16.513514251823665,0
761,14.015269254289914,0
762,16.744918672718573,0
763,17.85149501080202,0
764,17.91629401487848,0
765,18.15932302770923,0
766,19.79224480199483,0
767,18.568077835329156,0
768,19.092080957955407,0
769,20.832845041625095,0
770,22.57171892702653,0
771,22.419918541776926,0
772,22.380617625840934,0
773,23.418878748687252,0
774,24.052696578183852,0
775,22.796308778856723,0
776,21.593025710498107,0
777,23.668787327565724,0
778,23.409947138848757,0
779,24.452204998237487,0
780,23.872484636358724,0
781,24.165958465858427,0
782,25.33840678036491,0
783,24.79290780444402,0
784,24.38349791824819,0
785,25.706870206603416,0
786,23.157004341176968,0
787,22.7469253992323,0
788,23.851150920599856,0
789,20.888067676018704,0
790,19.751517833769718,0
791,22.049960519532178,0
792,20.428477389623026,0
793,20.04131617304,0
794,19.438307848837997,0
795,19.087095517868832,0
796,17.126578749618396,0
797,16.98095906491839,0
798,15.45387460443433,0
799,16.27612595179742,0
800,16.007327190643686,0
801,15.03421495986945,0
802,15.946941363077153,0
803,18.107399705305262,0
804,13.960428583678672,0
805,15.98773144989174,0
806,16.231275689319503,0
807,16.56717251719473,0
808,14.98837407574616,0
809,17.354636584392416,0
810,17.245944804884196,0
811,16.96094856122747,0
812,17.289739019646962,0
813,18.466772315092413,0
814,19.7774297891395,0
815,20.371543459600844,0
816,22.432860488141028,0
817,20.446162316899116,0
818,22.064077968802486,0
819,21.63597240379787,0
820,23.436207217651443,0
821,23.33012250030923,0
822,23.093166913525437,0
823,22.796034725670285,0
824,23.71699905965907,0
825,25.016584940010116,0
826,26.45659721602082,0
827,25.88802947810068,0
828,23.958630663654652,0
829,24.62361163191153,0
830,25.013693965980334,0
831,24.630723826368374,0
832,24.520303159430842,0
833,24.85807181660518,0
834,23.849401775785665,0
835,22.442648519166887,0
836,20.655312965259927,0
837,21.647725019519704,0
838,19.681351954849372,0
839,20.54816766229484,0
840,20.363433844416114,0
841,18.047493330140032,0
842,18.590055890365335,0
843,17.759416241051948,0
844,19.40607883066399,0
845,17.404960947426357,0
846,14.563681602170135,0
847,16.453700011324276,0
848,16.056171079268616,0
849,15.145669541034504,0
850,14.756607025311986,0
851,15.59724322821054,0
852,15.613850135981071,0
853,15.424805762309543,0
854,14.118244037353875,0
855,15.066375476399866,0
856,14.044413770752083,0
857,14.46634352448268,0
858,15.82967274694657,0
859,15.82361140405654,0
860,17.004389713102302,0
861,20.47935505534514,0
862,19.108447411947026,0
863,18.366467601386084,0
864,17.73854020706494,0
865,19.709796612550104,0
866,19.750732241059595,0
867,19.601887183924035,0
868,23.105044677013307,0
869,22.441261291010193,0
870,23.851985176285737,0
871,26.933004912356843,0
872,24.47670284366883,0
873,24.61197884297421,0
874,25.053795102543795,0
875,24.565726906666207,0
876,24.047997846355166,0
877,24.619730435843774,0
878,25.847863832420654,0
879,24.22603145993773,0
880,22.8380780604641,0
881,22.598209599349087,0
882,22.385790315239525,0
883,22.936597687167108,0
884,22.865708100070393,0
885,22.281755981949953,0
886,22.37516477183429,0
887,20.345977904623282,0
888,20.739421456281608,0
889,19.584216974022336,0
890,19.330349886259857,0
891,16.17085637034327,0
892,18.679128564389483,0
893,15.350247305343911,0
894,15.283257370180362,0
895,16.761773086133147,0
896,15.238219635483068,0
897,17.109554505622395,0
898,15.297423683362007,0
899,13.985499823218984,0
900,15.128393291900393,0
901,14.616782173819516,0
902,16.70042412625558,0
903,16.98978275046959,0
904,16.39000068882655,0
905,15.610734464851737,0
906,16.533781334741438,0
907,17.99145218988231,0
908,16.686344944146,0
909,17.279852961203975,0
910,19.544544216267287,0
911,20.07336115549767,0
912,19.757986894671955,0
913,20.37436463596764,0
914,19.332970248853577,0
915,23.087065916908394,0
916,22.373896796349367,0
917,21.60753642133618,0
918,22.400512718081522,0
919,23.06646560853571,0
920,26.027089002639894,0
921,25.304455139769452,0
922,23.48818682560864,0
923,26.80850862251013,0
924,26.33517918165226,0
925,23.895983409158017,0
926,22.168637004276178,0
927,25.58089627882643,0
928,23.727348873192067,0
929,23.830481910451173,0
930,23.01062572673919,0
931,24.303095267377987,0
932,23.978976695905427,0
933,22.723534953086528,0
934,21.14345837020354,0
935,20.91447454539862,0
936,20.621181573748046,0
937,17.772732650576913,0
938,19.949286286847308,0
939,17.767883100899834,0
940,17.763070617623594,0
941,17.096194761437985,0
942,17.372782463284405,0
943,17.104715067461516,0
944,17.883072791753484,0
945,15.033123779286388,0
946,14.273818785650487,0
947,15.187587930172647,0
948,14.358173318943555,0
949,15.917878466867483,0
950,14.379448723365975,0
951,15.53096543669272,0
952,16.62869751442567,0
953,17.067560818488406,0
954,16.690897356917255,0
955,18.390329136984665,0
956,18.81088309340372,0
957,16.411589610806008,0
958,19.091221394348583,0
959,19.555012141295506,0
960,19.730193619446084,0
961,20.045358224743385,0
962,21.369173117688604,0
963,22.33215670959986,0
964,22.80865448854044,0
965,24.443693767555462,0
966,24.563647906018385,0
967,23.413507356850765,0
968,23.607647176404267,0
969,25.503627373150497,0
970,24.169677447005018,0
971,25.161009985964768,0
972,25.51367251337083,0
973,26.02507152886509,0
974,25.384499694442805,0
975,26.103028374625016,0
976,23.91021549312728,0
977,24.676807359898568,0
978,22.91761617210236,0
979,23.270665921000028,0
980,22.664430130692914,0
981,21.025507089470054,0
982,18.730816760706325,0
983,21.64972349097807,0
984,20.404229291926217,0
985,19.529609734045497,0
986,18.046760180514536,0
987,17.795122931044833,0
988,17.99691727070316,0
989,17.017749997632333,0
990,17.665310304583127,0
991,16.191434977119187,0
992,14.889525055544322,0
993,16.03122552987196,0
994,14.576790435210677,0
995,15.298274921384964,0
996,13.227771111476804,0
997,14.73021889412448,0
998,15.76338397340258,0
999,14.763820079686859,0
1000,15.675435044399263,0
1001,16.65473009456521,0
1002,16.562590080391953,0
1003,18.77191678891373,0
1004,17.27028042174158,0
1005,17.93595951487515,0
1006,18.573725708544032,0
1007,17.398890212711642,0
1008,18.494210912477342,0
1009,21.21325682049697,0
1010,20.992309935718875,0
1011,23.329573405348235,0
1012,22.44911211221225,0
1013,22.90088167944332,0
1014,24.5913243073224,0
1015,24.270277863621523,0
1016,25.961028486036234,0
1017,23.589499430189896,0
1018,25.296916859205822,0
1019,25.664619964064727,0
1020,25.58448818940171,0
1021,26.138691827951373,0
1022,25.890332826421876,0
1023,24.689470854831125,0
1024,23.808427588636984,0
1025,24.986245774409237,0
1026,23.628501361217932,0
1027,24.049999573626042,0
1028,23.90438212541722,0
1029,22.171915022706877,0
1030,20.454956405474018,0
1031,20.46393009290124,0
1032,20.857768145461527,0
1033,19.183655671275066,0
1034,19.961262470641163,0
1035,18.20861532808625,0
1036,17.718396313102783,0
1037,16.419447581137135,0
1038,16.456330363619372,0
1039,17.219508208032245,0
1040,15.419089077094776,0
1041,15.137453080057888,0
1042,14.479466123607528,0
1043,15.909006664455694,0
1044,13.561929697178545,0
1045,14.469618633819918,0
1046,16.157848836203883,0
1047,16.877917953134933,0
1048,15.520230002127951,0
1049,17.067216918444363,0
1050,14.549476332153118,0
1051,17.780024268977854,0
1052,17.857278341025886,0
1053,16.927294991175717,0
1054,16.98914447318931,0
1055,18.903850873960536,0
1056,20.320163665857738,0
1057,21.08118446824727,0
1058,21.464424073720217,0
1059,22.743446546165305,0
1060,23.259194757418626,0
1061,21.71865274271568,0
1062,23.209860212679384,0
1063,23.512084840597648,0
1064,25.412693741465624,0
1065,24.182589613047927,0
1066,25.89042538895478,0
1067,25.1041047529738,0
1068,27.400467299750996,0
1069,24.96297002397087,0
1070,24.88914643577296,0
1071,24.562620861284863,0
1072,24.531948179545644,0
1073,26.44964452386579,0
1074,23.08595012580976,0
1075,22.22558228489412,0
1076,22.355015736893794,0
1077,22.63704235195238,0
1078,20.35716703402429,0
1079,21.498688442288422,0
1080,20.812705641877297,0
1081,19.230505598461022,0
1082,18.500959835659494,0
1083,17.344932317979158,0
1084,17.27114463427887,0
1085,16.20132917865161,0
1086,17.75091262696774,0
1087,17.70254686238655,0
1088,15.42825377413733,0
1089,15.38100465516393,0
1090,13.312591538886414,0
1091,14.553483381692613,0
1092,15.377200601947916,0
1093,15.353069151422659,0
1094,15.330130938843494,0
1095,16.261601306109196,0
1096,15.796387229026275,0
1097,15.68045338763796,0
1098,18.09876559040643,0
1099,15.073795012279708,0
1100,16.37689707631759,0
1101,17.380534816759088,0
1102,18.007004990321544,0
1103,18.601899740491685,0
1104,19.801366003317426,0
1105,19.96500286104398,0
1106,21.259518783793244,0
1107,22.52305891738616,0
1108,22.546772900843226,0
1109,23.19359074343011,0
1110,22.61777624962373,0
1111,22.848316880509095,0
1112,24.052188695996232,0
1113,25.555552505550995,0
1114,25.216613374430974,0
1115,26.052435736025135,0
1116,26.001145910408134,0
1117,26.08739448226786,0
1118,24.03634830745853,0
1119,25.863942762919855,0
1120,25.09551208239862,0
1121,26.044047403575497,0
1122,24.133244019134228,0
1123,23.379267578498073,0
1124,22.382567136623084,0
1125,22.088904609898307,0
1126,19.661551386997488,0
1127,20.41579296562215,0
1128,19.973934148558676,0
1129,20.343894894848926,0
1130,18.065361537654347,0
1131,18.230292930318313,0
1132,19.327550785553612,0
1133,16.44216173827167,0
1134,17.314342387309942,0
1135,15.51516600456444,0
1136,15.5826976345792,0
1137,15.85058990184241,0
1138,16.05958321176245,0
1139,14.56599588251052,0
1140,13.997901899907983,0
1141,16.561637043209235,0
1142,15.368360999725605,0
1143,16.18086325759848,0
1144,16.588451646280227,0
1145,16.79754262130792,0
1146,16.218308784466593,0
1147,16.834284460150375,0
1148,15.972529247921056,0
1149,18.277917400119804,0
1150,18.25392780132452,0
1151,19.337763755860557,0
1152,21.863750969000215,0
1153,21.346380922107357,0
1154,21.359566635210097,0
1155,20.58067250972895,0
1156,23.233711084887627,0
1157,24.56196048568424,0
1158,22.735066464459855,0
1159,24.39934136722219,0
1160,23.83205554804384,0
1161,24.482769713729486,0
1162,24.481701548494122,0
1163,23.380751398470043,0
1164,24.506928853649853,0
1165,23.371969455301585,0
1166,26.207855621192277,0
1167,25.658287042042176,0
1168,24.385194876229228,0
1169,24.253543985690058,0
1170,23.604263111031045,0
1171,23.251424347307214,0
1172,22.704905330563946,0
1173,21.689826435273794,0
1174,21.142219133348487,0
1175,19.34219841938593,0
1176,19.026965186540178,0
1177,18.763499392195765,0
1178,18.92233238082521,0
1179,17.733236451608278,0
1180,19.38588412352506,0
1181,16.78244851693621,0
1182,16.126611830635937,0
1183,16.471170965827945,0
1184,16.694419002561816,0
1185,17.21398911128593,0
1186,16.141251354886474,0
1187,14.479386817116808,0
1188,14.84798305802506,0
1189,16.08954581698429,0
1190,15.439371378267658,0
1191,16.18205865206854,0
1192,15.61402245286314,0
1193,17.621462947807498,0
1194,17.902134837282986,0
1195,18.07934493241629,0
1196,17.674330672376797,0
1197,16.529553342134765,0
1198,17.40682800068245,0
1199,19.6897653712888,0
1200,20.663820271017915,0
1201,17.826416193919005,0
1202,20.854987241671605,0
1203,23.065617190552462,0
1204,23.459987894031244,0
1205,22.583963682858194,0
1206,24.18560152701155,0
1207,24.02392134382365,0
1208,24.144543786730623,0
1209,25.742879690041146,0
1210,25.972659610263648,0
1211,24.47373674063032,0
1212,24.106156259773584,0
1213,23.70947128538821,0
1214,23.470795515268957,0
1215,25.954298448813674,0
1216,26.19495328721596,0
1217,24.20725655498185,0
1218,24.59845643010071,0
1219,22.410865711552116,0
1220,22.468254484768625,0
1221,22.844731511027316,0
1222,21.639074788043885,0
1223,20.655167830609322,0
1224,18.413744493129503,0
1225,17.966582695588848,0
1226,18.33953266120266,0
1227,17.584362412093395,0
1228,17.46603381558383,0
1229,16.371956085006346,0
1230,16.29041234663399,0
1231,16.1308946201308,0
1232,16.210894772661216,0
1233,15.482887616710693,0
1234,14.673337257340204,0
1235,14.809149220517389,0
1236,15.919282240588116,0
1237,14.878695919765214,0
1238,14.264289443955324,0
1239,14.434558240182032,0
1240,15.98103152164898,0
1241,16.612925620838443,0
1242,17.690813431222203,0
1243,16.676540359574737,0
1244,18.873537101328438,0
1245,17.78060341353978,0
1246,18.511247913376234,0
1247,18.825597913798596,0
1248,20.54115240155095,0
1249,21.702780615393166,0
1250,21.299090633456032,0
1251,21.454856790402708,0
1252,21.02707073962597,0
1253,23.215936478263977,0
1254,23.22917322339762,0
1255,23.797737856555766,0
1256,23.742617698630223,0
1257,23.793820758770675,0
1258,24.436994802277347,0
1259,25.416774618473166,0
1260,25.954648765318467,0
1261,24.968508849571407,0
1262,25.165685827276715,0
1263,24.449357004700513,0
1264,24.23029749460587,0
1265,22.659666781555927,0
1266,24.41351568612784,0
1267,23.643067820464996,0
1268,23.934431218910095,0
1269,21.33886015503673,0
1270,21.438747823816986,0
1271,19.77668578607755,0
1272,20.25395854425133,0
1273,19.248392268345007,0
1274,19.382653213489558,0
1275,17.96618030301568,0
1276,18.14498352989107,0
1277,16.501544455698735,0
1278,17.062619775776913,0
1279,15.761596317638718,0
1280,15.26793728042206,0
1281,15.487713475127217,0
1282,15.54936312227649,0
1283,13.698392415886431,0
1284,13.552822692679106,0
1285,15.24846254846267,0
1286,15.138268672003967,0
1287,13.43360431901609,0
1288,14.04253646482975,0
1289,15.312423198641161,0
1290,16.797868301587805,0
1291,17.177608898790766,0
1292,18.49983044452762,0
1293,19.245867030435786,0
1294,21.02593733572244,0
1295,17.975009133735778,0
1296,19.986214874562688,0
1297,21.70984955822489,0
1298,20.10262835109071,0
1299,20.572776223559654,0
1300,22.716816636531682,0
1301,24.131495484798354,0
1302,24.77618914501436,0
1303,22.268948983952296,0
1304,23.178312411472263,0
1305,24.552039421694687,0
1306,24.342850655569947,0
1307,25.296681058824202,0
1308,25.156755356745474,0
1309,26.693135330937277,0
1310,24.796186676236985,0
1311,24.824370404323453,0
1312,24.43208992787597,0
1313,25.068410673393345,0
1314,22.485957055652115,0
1315,23.447614563087402,0
1316,21.780330687537354,0
1317,20.568081739760355,0
1318,22.470382078262727,0
1319,21.195314374306584,0
1320,21.390468251004208,0
1321,19.63013454610533,0
1322,19.373015091199722,0
1323,18.255955999124673,0
1324,18.09174837581293,0
1325,16.595283480527478,0
1326,18.166068618406513,0
1327,15.213036299795258,0
1328,17.37563340378972,0
1329,15.232016375390915,0
1330,16.06254779475457,0
1331,15.223580429363274,0
1332,15.482285534246476,0
1333,16.54180620036098,0
1334,15.359109287876716,0
1335,14.510706812363331,0
1336,15.954673936698759,0
1337,16.718160506854957,0
1338,14.120791723662828,0
1339,17.96171284318801,0
1340,18.618606788331732,0
1341,16.410814376326798,0
1342,18.60804350563734,0
1343,20.20364158637306,0
1344,18.920728849506453,0
1345,20.293833379568607,0
1346,21.014593123616383,0
1347,22.51387650978613,0
1348,23.64361352614754,0
1349,23.06675692340316,0
1350,23.650902223621376,0
1351,24.92871038828227,0
1352,24.915488173975625,0
1353,24.565448550294185,0
1354,26.188172879847333,0
1355,23.621931664809303,0
1356,25.20206536712335,0
1357,24.596819650382947,0
1358,24.387130922627012,0
1359,24.865752204854633,0
1360,24.41967168379957,0
1361,26.43366949027469,0
1362,24.219896327861857,0
1363,23.440767410469537,0
1364,24.174640451720162,0
1365,22.962790483972892,0
1366,19.512830408291233,0
1367,20.823080727166428,0
1368,20.781863247297515,0
1369,18.801527263788174,0
1370,19.045786207247843,0
1371,17.68498972897509,0
1372,17.91614665737347,0
1373,15.398622985489036,0
1374,14.590215233993918,0
1375,15.53590171767167,0
1376,15.934794508218097,0
1377,16.73374203783174,0
1378,14.937989189853111,0
1379,14.344669475335401,0
1380,15.942022706178673,0
1381,15.115578173116404,0
1382,16.98578912656114,0
1383,15.3298632245825,0
1384,13.785355332444242,0
1385,15.282040323461391,0
1386,15.559355625289783,0
1387,15.616279934199188,0
1388,16.76751131000671,0
1389,17.43786165342772,0
1390,18.455392127976356,0
1391,18.835705309840137,0
1392,20.4315355666092,0
1393,21.088529520619748,0
1394,21.49627504363554,0
1395,22.13562737679628,0
1396,20.66575793745183,0
1397,21.422297720333013,0
1398,22.691783409506115,0
1399,24.243501154398054,0
1400,22.908554607346304,0
1401,24.227999075025846,0
1402,25.099353239061262,0
1403,26.94393190528852,0
1404,25.28176867203176,0
1405,24.451298208166282,0
1406,25.932030104480507,0
1407,24.843736936348993,0
1408,24.054435196359574,0
1409,25.086598976790665,0
1410,22.644845298786237,0
1411,23.249241043029432,0
1412,22.593749961912625,0
1413,22.82066288548728,0
1414,20.169882041568247,0
1415,19.3797398954929,0
1416,19.62164875768298,0
1417,19.080977413644053,0
1418,18.751529687871578,0
1419,17.717811843796028,0
1420,17.92910755917728,0
1421,17.640788741757536,0
1422,16.68567193002821,0
1423,14.98678987493717,0
1424,16.811050840909616,0
1425,13.856523272140539,0
1426,14.961417669843264,0
1427,15.920179837952738,0
1428,14.381803927862851,0
1429,16.31746827456655,0
1430,17.061153461627008,0
1431,16.93578971153068,0
1432,16.09298623853687,0
1433,16.99824720462455,0
1434,15.94607634923564,0
1435,17.34451139765821,0
1436,17.943107292241866,0
1437,18.17008232996826,0
1438,18.850302116647253,0
1439,19.13222100051518,0
1440,18.042146959474582,0
1441,21.040774964261853,0
1442,21.59630645538048,0
1443,23.942722603188383,0
1444,23.19771564229817,0
1445,23.101915219597544,0
1446,24.395010118960712,0
1447,24.576661880596603,0
1448,24.304568828541388,0
1449,24.232047245203248,0
1450,23.361630033160445,0
1451,25.070627836254122,0
1452,26.607428155523483,0
1453,23.093570167095727,0
1454,23.875985787113756,0
1455,25.36267626113529,0
1456,24.51372648295846,0
1457,24.37614471591201,0
1458,21.67776016533081,0
1459,22.449216770243872,0
1460,22.99453976632666,0
1461,22.491315949849398,0
1462,21.579907713399024,0
1463,19.766546438945674,0
1464,20.529032627491862,0
1465,18.15055241057846,0
1466,17.76186541392964,0
1467,16.918854067836655,0
1468,18.925971222077038,0
1469,16.53678989855542,0
1470,16.510470239053667,0
1471,13.834809306335497,0
1472,16.751177732251097,0
1473,15.832788454251967,0
1474,13.51234778688781,0
1475,13.43295353833626,0
1476,16.642922863177816,0
1477,14.09157930426288,0
1478,16.994410299831106,0
1479,14.9027007034672,0
1480,13.184036753241642,0
1481,17.126574685532766,0
1482,16.953952269275156,0
1483,17.624363272273392,0
1484,16.981090984892077,0
1485,17.8612523378226,0
1486,19.648052145228146,0
1487,18.514393467515855,0
1488,18.024771033668802,0
1489,21.54497762795462,0
1490,20.661847762166403,0
1491,23.171325565611777,0
1492,22.00437025306282,0
1493,22.603053296959228,0
1494,23.26940933902153,0
1495,21.60045134983767,0
1496,25.488767087438383,0
1497,23.97614933781126,0
1498,24.61890628651389,0
1499,26.40386458703585,0
1500,25.099964332739376,0
1501,25.836298118682155,0
1502,25.149872150989317,0
1503,25.37610668194438,0
1504,24.592421961960817,0
1505,25.10556022065018,0
1506,23.31139505304282,0
1507,23.49032116500556,0
1508,21.778578382306097,0
1509,23.084791005921893,0
1510,19.10034297351974,0
1511,20.825385499708005,0
1512,20.34790595792659,0
1513,19.6764108862335,0
1514,18.68611383766688,0
1515,19.412637968661407,0
1516,19.601428950684443,0
1517,16.34879703306512,0
1518,14.544378372742358,0
1519,14.93405437386441,0
1520,14.845490202042937,0
1521,15.232500063311747,0
1522,15.102733876394744,0
1523,16.108241094534083,0
1524,14.560696689455199,0
1525,14.993146311993502,0
1526,15.267504282705033,0
1527,14.489922366401053,0
1528,15.339537651298027,0
1529,18.775824563470792,0
1530,16.359333370295914,0
1531,15.980874656104382,0
1532,15.30980362016863,0
1533,19.110706718931876,0
1534,18.37027483595351,0
1535,18.699915730092425,0
1536,22.43084343600694,0
1537,22.07090848489354,0
1538,19.568764965071217,0
1539,21.551994347543992,0
1540,23.483833747174263,0
1541,23.864558937419257,0
1542,22.408434034457652,0
1543,25.728861019731177,0
1544,26.165934171014836,0
1545,23.49663235520335,0
1546,23.049299090244435,0
1547,23.551535601647604,0
1548,25.65078180888151,0
1549,26.01941003362095,0
1550,24.99704618262565,0
1551,24.00643286573486,0
1552,24.218975942227903,0
1553,24.512021559598054,0
1554,22.302857064501755,0
1555,21.326971395083447,0
1556,22.394385928841146,0
1557,23.12672536019393,0
1558,21.463936158946105,0
1559,20.82526289877407,0
1560,19.30375805066561,0
1561,20.24511617563611,0
1562,16.975703608362576,0
1563,17.998152596811074,0
1564,16.882671348320603,0
1565,16.777518359296977,0
1566,15.51227531345734,0
1567,16.7558584090912,0
1568,15.565323738963308,0
1569,14.75613602690254,0
1570,15.650828554741997,0
1571,14.961180869935694,0
1572,14.449894432235627,0
1573,14.42125757526552,0
1574,15.91660412970026,0
1575,14.40866141820808,0
1576,15.41418279989464,0
1577,15.730750329538376,0
1578,16.74329160201587,0
1579,16.727734165018983,0
1580,19.621237474996242,0
1581,16.304228614981803,0
1582,19.262217478515463,0
1583,19.27837400789518,0
1584,21.07195886669136,0
1585,18.991114129577532,0
1586,22.473356272328125,0
1587,20.493002768600686,0
1588,23.152658910211578,0
1589,23.516787664166895,0
1590,23.52770352691045,0
1591,23.19076162665206,0
1592,23.474637909959988,0
1593,24.6780118793298,0
1594,24.039117511333185,0
1595,22.966857714487652,0
1596,23.15293049540324,0
1597,25.71790991084099,0
1598,25.61512981152794,0
1599,25.098120223342526,0
1600,24.342386094576113,0
1601,24.313026193525726,0
1602,23.99766265344443,0
1603,23.26368334253231,0
1604,21.677468250333582,0
1605,21.150561285074897,0
1606,20.113464624076624,0
1607,20.776320185918735,0
1608,18.98160147567916,0
1609,19.162158428950175,0
1610,19.99550090725597,0
1611,17.685816340539976,0
1612,18.447701159243238,0
1613,18.492839532471994,0
1614,14.61825857363776,0
1615,14.578229458059756,0
1616,16.12345133217242,0
1617,14.653042831640843,0
1618,15.687847316218827,0
1619,15.733652860714566,0
1620,14.470961777831596,0
1621,15.855118067422609,0
1622,16.90126737459496,0
1623,16.32508429097106,0
1624,14.784605113629107,0
1625,15.878612695941857,0
1626,15.919864069616528,0
1627,18.51753523330257,0
1628,17.301395804528898,0
1629,17.392160742028008,0
1630,18.749576567410475,0
1631,19.859837626953627,0
1632,19.62366870707771,0
1633,20.759688877571808,0
1634,21.296587014330704,0
1635,22.65499884198477,0
1636,23.47789992291585,0
1637,23.323492344964222,0
1638,23.07517597738723,0
1639,24.380723339287297,0
1640,23.447547301950987,0
1641,25.704145287256676,0
1642,25.18999513832736,0
1643,25.21466763339661,0
1644,22.589701771802446,0
1645,27.341410261468546,0
1646,26.300788404768927,0
1647,25.907872087199475,0
1648,24.477186388269477,0
1649,24.66061153209116,0
1650,26.416814386151053,0
1651,22.387821694373557,0
1652,23.275938046888403,0
1653,22.54771187541393,0
1654,21.470567675723103,0
1655,21.044095623927927,0
1656,19.060909109251323,0
1657,20.038908167286223,0
1658,17.442728146215856,0
1659,19.968749436345043,0
1660,18.35213526304991,0
1661,16.159444237314055,0
1662,14.42812586684486,0
1663,16.196672539546256,0
1664,16.23791694293403,0
1665,14.447818063501042,0
1666,16.911869425457436,0
1667,15.381829416544448,0
1668,14.605325179867853,0
1669,13.717518936700648,0
1670,15.123016478430282,0
1671,15.25620260009327,0
1672,16.395937171937472,0
1673,17.15901957485178,0
1674,16.57248890350075,0
1675,17.495106663061502,0
1676,19.00306302621398,0
1677,18.7833562930694,0
1678,18.52684922464557,0
1679,20.04567010060294,0
1680,19.557616602611184,0
1681,21.183926677965093,0
1682,21.42445071163735,0
1683,20.894625612121466,0
1684,23.183029592150618,0
1685,23.207035162130396,0
1686,24.34619580424355,0
1687,22.718151891238346,0
1688,25.516302877765035,0
1689,25.848209674738463,0
1690,24.555470639430702,0
1691,24.934774420679442,0
1692,25.122531404021487,0
1693,25.009650148645424,0
1694,25.737011690092576,0
1695,23.976330478060945,0
1696,23.249228225997047,0
1697,23.79075026604441,0
1698,25.498505516534085,0
1699,22.716198307395164,0
1700,21.559471332231645,0
1701,21.051050289180292,0
1702,21.515024018688084,0
1703,21.880824696092876,0
1704,19.313756882864705,0
1705,19.569712817509586,0
1706,18.966387531985365,0
1707,18.597531015854997,0
1708,17.68895459546969,0
1709,18.05036171349249,0
1710,17.194221105603056,0
1711,15.459893787041363,0
1712,18.13711938166812,0
1713,14.058746577022928,0
1714,13.893110805236837,0
1715,16.118276086179193,0
1716,15.226015255847539,0
1717,14.833836290475352,0
1718,15.409864730203973,0
1719,16.10508671564488,0
1720,15.284333436829078,0
1721,15.434902990513326,0
1722,15.451911550713419,0
1723,16.129616431884365,0
1724,16.73402134317704,0
1725,19.265432430134414,0
1726,19.01751103078264,0
1727,19.923026016911628,0
1728,19.4679345030998,0
1729,21.731646013102235,0
1730,19.763235694854504,0
1731,22.417116797027226,0
1732,23.22344642102688,0
1733,22.492575884794974,0
1734,22.536548877766325,0
1735,24.51342419178381,0
1736,23.64577139334041,0
1737,23.749122241313618,0
1738,24.831647767798643,0
1739,23.861507785697146,0
1740,24.886030706301256,0
1741,27.006324232784134,0
1742,24.41470333716135,0
1743,25.549198667623283,0
1744,23.298910195135683,0
1745,24.072098199265824,0
1746,23.28606045584755,0
1747,22.89817076761086,0
1748,23.278255903674317,0
1749,24.083250993691266,0
1750,21.187790160222818,0
1751,21.977338916145264,0
1752,20.370415570131197,0
1753,20.103864310007037,0
1754,18.257207839046707,0
1755,17.399356673280924,0
1756,17.318430573728964,0
1757,16.20253114010359,0
1758,16.47358976669579,0
1759,14.995696071018097,0
1760,15.693018663854017,0
1761,15.575236550904231,0
1762,17.00427250352565,0
1763,16.78477326955286,0
1764,15.52831762925414,0
1765,14.559078805515488,0
1766,15.79716736176335,0
1767,16.21645009480914,0
1768,15.493192727473888,0
1769,15.203861956956278,0
1770,14.69318952733806,0
1771,16.93719277914378,0
1772,19.441676943280843,0
1773,17.899899274281474,0
1774,19.11159119563869,0
1775,19.733045842873928,0
1776,20.50512845309462,0
1777,21.44717164019133,0
1778,19.310424137217463,0
1779,21.784658026000063,0
1780,22.898837604779303,0
1781,22.976756697157928,0
1782,24.77424253711644,0
1783,23.61870621752928,0
1784,25.277076352071717,0
1785,26.41143906049412,0
1786,24.604220720516167,0
1787,25.014983996723853,0
1788,24.737689241939723,0
1789,25.754682512427944,0
1790,22.72163585225738,0
1791,23.18888204711389,0
1792,24.070048402409206,0
1793,24.874246067084,0
1794,24.163321158253595,0
1795,22.26196641995699,0
1796,24.144761246695968,0
1797,22.064267974831896,0
1798,20.709037986778306,0
1799,21.22501524396596,0
1800,21.347476107972195,0
1801,19.322784059548024,0
1802,17.22991361808428,0
1803,17.578766538176044,0
1804,17.638030622205466,0
1805,17.942387155722805,0
1806,15.50638845966835,0
1807,16.34202800035923,0
1808,14.53041924983141,0
1809,15.50390721281816,0
1810,13.883532845293832,0
1811,14.626253508800975,0
1812,13.522442222237903,0
1813,14.109836952458844,0
1814,13.625521984394934,0
1815,13.45702021015983,0
1816,16.94381270555731,0
1817,17.261972040016687,0
1818,16.994525190309645,0
1819,16.649209934231333,0
1820,19.022314996776565,0
1821,17.85679031754349,0
1822,19.185927313279805,0
1823,20.538730597776095,0
1824,20.27901453444133,0
1825,22.189459939517903,0
1826,21.207476431747335,0
1827,21.818579855033406,0
1828,22.691756288955442,0
1829,21.947871088215273,0
1830,22.520870938216003,0
1831,24.8063105321503,0
1832,22.66355315137856,0
1833,25.814480634370156,0
1834,25.168692895587764,0
1835,26.209168477283594,0
1836,25.83130031342224,0
1837,25.625251159716278,0
1838,26.64275905697346,0
1839,24.61277831000861,0
1840,24.296222792172667,0
1841,25.16641218454414,0
1842,22.945045724034696,0
1843,24.25022301533097,0
1844,23.261138038235316,0
1845,21.48143149888928,0
1846,20.08859036089678,0
1847,18.696635220255274,0
1848,21.946076091086905,0
1849,17.92198782348296,0
1850,17.56458627685346,0
1851,19.01902451634773,0
1852,18.038901483322384,0
1853,17.2307091351102,0
1854,16.61056498121148,0
1855,15.667527826425355,0
1856,14.805177578437815,0
1857,14.695381421597702,0
1858,15.823281179794257,0
1859,16.176236739221725,0
1860,16.238770666757908,0
1861,15.057172472714848,0
1862,12.970319346145619,0
1863,15.940227589496821,0
1864,15.570504127136527,0
1865,13.392236755360791,0
1866,17.902131135444137,0
1867,17.228400273200503,0
1868,17.496645087544422,0
1869,18.335976950825273,0
1870,18.87937129592039,0
1871,19.63973451119215,0
1872,20.170902008882663,0
1873,20.732336507417905,0
1874,21.924655787906975,0
1875,22.32066117208913,0
1876,24.980553533060267,0
1877,23.24796485656074,0
1878,23.088294774528833,0
1879,23.434294270163875,0
1880,24.78595614159488,0
1881,24.81453521238657,0
1882,25.15171258485634,0
1883,24.832313008810786,0
1884,24.895054942448606,0
1885,25.790763897935157,0
1886,26.274807170871657,0
1887,25.04431586191498,0
1888,24.30193958014289,0
1889,22.882197923026524,0
1890,22.449912420001354,0
1891,23.16429108182392,0
1892,22.324644848993223,0
1893,21.883918962022356,0
1894,20.246880641387225,0
1895,20.59009322955662,0
1896,18.10675559276152,0
1897,18.207552174208026,0
1898,17.963712227935165,0
1899,18.72588382539944,0
1900,16.933758256429783,0
1901,16.052353967257147,0
1902,16.77467871270375,0
1903,15.970110987330967,0
1904,16.627705917079975,0
1905,15.734645474435032,0
1906,15.411168483441983,0
1907,14.876457014907746,0
1908,15.683739753635818,0
1909,14.326789529998981,0
1910,13.654783394955537,0
1911,16.299445518449968,0
1912,15.204826283709668,0
1913,16.08893522338476,0
1914,17.097364558917686,0
1915,17.982093029868885,0
1916,14.59682290138913,0
1917,17.039714338713342,0
1918,19.93965463131121,0
1919,17.64185117009541,0
1920,20.47626402045314,0
1921,20.289930246343207,0
1922,20.40199487819856,0
1923,21.782281451770913,0
1924,20.803489231135917,0
1925,23.449702962932943,0
1926,24.71204025664815,0
1927,22.53429743623639,0
1928,23.65641477970462,0
1929,25.820675129469002,0
1930,25.197863732109724,0
1931,24.629295222052093,0
1932,26.435184859262737,0
1933,23.270103357933614,0
1934,24.548630527492705,0
1935,24.708501521926905,0
1936,24.005915983501264,0
1937,24.76174808294794,0
1938,21.851385155873487,0
1939,23.085748707895256,0
1940,21.704891858432543,0
1941,23.112119365936046,0
1942,22.338737577366544,0
1943,19.898553180812915,0
1944,18.889017997929162,0
1945,19.294929984986048,0
1946,17.836423121586872,0
1947,17.50781710818089,0
1948,17.92370518876835,0
1949,16.48764031009732,0
1950,18.278364404507546,0
1951,16.092753725691804,0
1952,15.137548757237633,0
1953,14.250446862332529,0
1954,14.639199583954465,0
1955,16.14482177002369,0
1956,15.541875150320644,0
1957,16.468077664503813,0
1958,16.476722143600053,0
1959,15.929284368874459,0
1960,14.961508117564673,0
1961,15.87273423080979,0
1962,16.523794207298142,0
1963,15.287137502529635,0
1964,17.82165477287614,0
1965,17.03474526664428,0
1966,18.610054459955236,0
1967,18.82006980416581,0
1968,20.573653787392146,0
1969,23.285755143148467,0
1970,20.087186533415874,0
1971,21.886230582553484,0
1972,24.545962716830275,0
1973,22.105636284118685,0
1974,23.302095540083112,0
1975,23.853100793142087,0
1976,24.636793190366827,0
1977,22.989829908132936,0
1978,25.132615851497164,0
1979,25.560689527318974,0
1980,27.554124348895932,0
1981,24.876999510891665,0
1982,24.248866916331313,0
1983,24.75163529346047,0
1984,21.705996812565456,0
1985,24.305777460125686,0
1986,25.100820574460847,0
1987,23.01070310303029,0
1988,22.46599488929983,0
1989,21.67078897009329,0
1990,21.435831018271426,0
1991,19.40689484358432,0
1992,21.556157053327635,0
1993,18.891427827425456,0
1994,18.255897388845582,0
1995,19.758305649287646,0
1996,17.53138326337851,0
1997,16.54544449001033,0
1998,18.135148267607963,0
1999,16.232579553810055,0
2000,16.631820150491745,0
2001,14.827982110526433,0
2002,13.415891609954599,0
2003,15.240488956954355,0
2004,16.45997510387321,0
2005,14.603363573186963,0
2006,15.56105521076093,0
2007,16.132518900113215,0
2008,15.961281110167329,0
2009,16.133568836092394,0
2010,17.2697702030022,0
2011,17.20028234782626,0
2012,16.9948824205118,0
2013,19.179379040035514,0
2014,19.546271045006755,0
2015,19.759913532326404,0
2016,20.759542529601326,0
2017,18.038641335823893,0
2018,21.59994678545856,0
2019,21.990891883034678,0
2020,20.53991614928077,0
2021,25.165589855703523,0
2022,23.926606209883165,0
2023,23.564543267201728,0
2024,23.991260182509365,0
2025,24.92739442035816,0
2026,24.85414452037661,0
2027,23.380213163616784,0
2028,24.63957531726026,0
2029,25.448660578133474,0
2030,25.489314403252116,0
2031,25.53292383058454,0
2032,23.30803389089783,0
2033,23.376680373837612,0
2034,23.95557911238311,0
2035,22.479621262115586,0
2036,22.764088064574903,0
2037,21.128172410942586,0
2038,21.935000848762265,0
2039,20.76826809917533,0
2040,20.640291928547814,0
2041,19.44119356704463,0
2042,17.975946990598583,0
2043,16.92210819056167,0
2044,17.60823257324431,0
2045,16.40738346078868,0
2046,15.036234905090732,0
2047,15.549610619650979,0
2048,16.533823383386345,0
2049,16.69501134314304,0
2050,16.008608666452695,0
2051,16.483651337830647,0
2052,14.703635889314413,0
2053,14.969950049232047,0
2054,14.292232957860028,0
2055,14.68303882414147,0
2056,17.369750977453208,0
2057,16.552465589101075,0
2058,17.20030706297057,0
2059,19.66075586134738,0
2060,19.523057304853864,0
2061,17.304490304983805,0
2062,19.777988214033268,0
2063,18.67657406398412,0
2064,21.08389828003951,0
2065,18.852457972537305,0
2066,20.440015969794374,0
2067,21.081976942953325,0
2068,24.60687973925891,0
2069,21.347794958958744,0
2070,24.744632702671197,0
2071,25.14128917799542,0
2072,24.54136077084806,0
2073,25.549901864839605,0
2074,27.52002452398782,0
2075,25.304479482942448,0
2076,24.814071428314715,0
2077,26.41400984020806,0
2078,25.711416977938757,0
2079,23.55220303502177,0
2080,24.61160937433494,0
2081,24.345524564635078,0
2082,22.473125855847854,0
2083,22.174866229291503,0
2084,21.922071784506358,0
2085,20.787765193657787,0
2086,21.904016309083932,0
2087,21.044253835076567,0
2088,17.841560604952345,0
2089,19.00538986911204,0
2090,18.94627998075444,0
2091,16.80192403545326,0
2092,17.298174389592933,0
2093,17.328548300268906,0
2094,14.82046918126689,0
2095,15.79747270874799,0
2096,13.345414469878058,0
2097,16.20768884655103,0
2098,14.49156765956598,0
2099,13.63447763096079,0
2100,13.186501397320628,0
2101,13.424149905717961,0
2102,16.516705094778377,0
2103,14.571423918263614,0
2104,15.131124049114074,0
2105,15.670398085367708,0
2106,14.969741407686156,0
2107,17.76025330651119,0
2108,14.985424547188938,0
2109,19.016536707479332,0
2110,17.958215463507,0
2111,19.409634816779484,0
2112,20.31638235477816,0
2113,21.517408136365614,0
2114,20.048900785015856,0
2115,22.545112458460917,0
2116,22.45746502434628,0
2117,22.894083790737355,0
2118,23.256483564315293,0
2119,25.10706611413346,0
2120,24.814401565261857,0
2121,25.916679152437265,0
2122,25.765330523372896,0
2123,22.94806967266989,0
2124,24.898275051176547,0
2125,25.984235379635326,0
2126,23.91384933686308,0
2127,22.91004809565055,0
2128,21.99621374149225,0
2129,25.98652696874458,0
2130,22.5931670806901,0
2131,23.212962378057156,0
2132,21.400338590450716,0
2133,22.339570670955183,0
2134,22.97479458045227,0
2135,19.16865624352167,0
2136,19.92864009524847,0
2137,18.560841494904444,0
2138,16.783939091965117,0
2139,17.168562168214155,0
2140,17.522351490029575,0
2141,18.21017737040102,0
2142,17.764299173743936,0
2143,16.012073545069235,0
2144,13.976146621807347,0
2145,16.05243819892398,0
2146,15.161816849478068,0
2147,15.023210489227832,0
2148,13.827130193317718,0
2149,14.880149446080848,0
2150,17.17531778275367,0
2151,16.902242088304796,0
2152,16.971274973827995,0
2153,16.71636180622985,0
2154,16.058111560779015,0
2155,16.958094998913936,0
2156,17.6545584416701,0
2157,18.48573608895323,0
2158,18.349659580713855,0
2159,18.463683817308812,0
2160,21.14464086933202,0
2161,20.272491065213266,0
2162,22.15644946347988,0
2163,21.73655242790377,0
2164,23.195436976835918,0
2165,23.572857987838375,0
2166,24.295689129177106,0
2167,24.67377712312554,0
2168,23.364470641517535,0
2169,23.235213057353764,0
2170,24.785883609565317,0
2171,26.65156919342102,0
2172,24.152583746318506,0
2173,24.012011475428952,0
2174,27.160025757289475,0
2175,23.04268329322042,0
2176,23.748455120676446,0
2177,23.551771047986264,0
2178,22.84518624834251,0
2179,22.38684278203393,0
2180,23.603842277526176,0
2181,22.125901876879574,0
2182,21.481991088716647,0
2183,18.963223117852287,0
2184,20.813377222846647,0
2185,19.517511095584297,0
2186,18.862611973976914,0
2187,18.930712142433567,0
2188,17.822253750991422,0
2189,16.929618905824153,0
2190,16.89400508216466,0
2191,15.314841496267109,0
2192,14.750158639166928,0
2193,14.003649654307015,0
2194,16.159224441025124,0
2195,14.38085370252311,0
2196,15.183927217210584,0
2197,16.178442874947585,0
2198,17.01817383034233,0
2199,15.019549071694417,0
2200,15.844682268340952,0
2201,16.136193987564056,0
2202,15.139098268982261,0
2203,16.4743823321565,0
2204,20.35319012875271,0
2205,18.028760852058273,0
2206,20.516218880794515,0
2207,20.132333410730553,0
2208,21.79891272128407,0
2209,22.011654942310123,0
2210,21.53272627150365,0
2211,20.659403392190118,0
2212,23.96690090660391,0
2213,23.77241479687394,0
2214,24.03665771455097,0
2215,24.858189556703913,0
2216,23.528402617743073,0
2217,24.758210775591092,0
2218,24.83196677956492,0
2219,23.448638943965193,0
2220,23.782471982839287,0
2221,24.83439266240341,0
2222,22.575308953308983,0
2223,25.372880889086815,0
2224,25.118138635377292,0
2225,23.892226802342545,0
2226,23.82258689842575,0
2227,21.193079976003013,0
2228,22.67429619548862,0
2229,22.67701699466528,0
2230,21.807242768844834,0
2231,21.587252591126557,0
2232,19.93159730763284,0
2233,21.37382934422486,0
2234,19.143295659566878,0
2235,18.89042920667856,0
2236,18.59738926427722,0
2237,16.17190773391617,0
2238,15.314969722498915,0
2239,16.824156831486473,0
2240,14.38991902097584,0
2241,14.764545101090881,0
2242,16.17004072116959,0
2243,13.924725806260827,0
2244,13.995043370007771,0
2245,13.773214983609924,0
2246,14.10266625513177,0
2247,17.281017561436762,0
2248,16.22166180386247,0
2249,17.005523695929675,0
2250,14.482811079388048,0
2251,14.498607809946918,0
2252,16.32087477206236,0
2253,19.14287732514587,0
2254,19.89247248265897,0
2255,17.322793510535767,0
2256,18.208157982523137,0
2257,21.303674442597075,0
2258,21.534366874387043,0
2259,22.34306732278009,0
2260,23.157249050111798,0
2261,21.99731716488317,0
2262,23.64313973577101,0
2263,23.659662595823175,0
2264,25.561883921262357,0
2265,24.283586468836578,0
2266,22.882428218289093,0
2267,26.221478334131536,0
2268,26.81755267416985,0
2269,25.924654579175073,0
2270,24.470719854400585,0
2271,23.63002581420916,0
2272,25.329909105963264,0
2273,23.40214131263815,0
2274,24.04097568542887,0
2275,23.813907456704452,0
2276,22.33602560725276,0
2277,19.847539666633704,0
2278,21.775466719155467,0
2279,19.602901102903836,0
2280,18.38009732353356,0
2281,19.269261285173155,0
2282,18.813568556239904,0
2283,17.96106640596587,0
2284,18.11255515766949,0
2285,14.978522361089428,0
2286,17.02395058185127,0
2287,17.657528782116305,0
2288,15.553838238368845,0
2289,14.836785646844842,0
2290,14.96197655400158,0
2291,16.258041926656592,0
2292,14.77744415443282,0
2293,14.203972528540271,0
2294,13.41444779524193,0
2295,16.78737822420639,0
2296,17.094966486105292,0
2297,16.013625386392043,0
2298,18.54959593043624,0
2299,16.52793781840814,0
2300,18.212822234776763,0
2301,16.72768063998334,0
2302,17.65663693853451,0
2303,19.316463334242236,0
2304,20.46287250007245,0
2305,21.258968504814522,0
2306,20.360934218250893,0
2307,21.35422697024009,0
2308,22.367182753048354,0
2309,22.737413969619492,0
2310,23.252253222475176,0
2311,24.777548453459787,0
2312,25.495654133681686,0
2313,22.72228387937736,0
2314,26.152996864250934,0
2315,25.124084248564635,0
2316,25.31796360739032,0
2317,25.286248350907513,0
2318,25.76557308396823,0
2319,25.315657013434482,0
2320,22.76127196941791,0
2321,24.837522768418253,0
2322,22.38016376843885,0
2323,23.426010814678023,0
2324,22.710116832513016,0
2325,20.339505512312396,0
2326,21.30173095903907,0
2327,20.386996992641862,0
2328,19.311432430947647,0
2329,21.40298827079564,0
2330,18.862978531352617,0
2331,17.70582527121866,0
2332,19.26593121383496,0
2333,16.92114105739838,0
2334,16.32315069433811,0
2335,13.993606621589954,0
2336,16.275846267189014,0
2337,16.393164701015404,0
2338,17.10727323688085,0
2339,14.010985594313038,0
2340,16.056767526747656,0
2341,16.46390578772778,0
2342,15.901617865528523,0
2343,15.38103995655477,0
2344,13.991095401371583,0
2345,16.221185514973957,0
2346,15.897743667004463,0
2347,15.18458519150949,0
2348,18.108150173691037,0
2349,17.96028883104665,0
2350,18.463515938859977,0
2351,21.347357145320547,0
2352,19.453431723061165,0
2353,18.53871361726044,0
2354,19.033432805486054,0
2355,22.43962947421419,0
2356,22.27176748964756,0
2357,22.267207923592174,0
2358,21.372172286095083,0
2359,23.114076447009438,0
2360,23.176804463660932,0
2361,24.492382196751652,0
2362,23.941031500656575,0
2363,24.05166881984054,0
2364,24.934326937046585,0
2365,24.135872420997874,0
2366,25.136440102001405,0
2367,21.130305526132336,0
2368,23.046547323739404,0
2369,25.170543390833274,0
2370,23.71481062000143,0
2371,21.912895546262263,0
2372,22.28025160234884,0
2373,21.296565120349673,0
2374,20.88788350594663,0
2375,22.071354838117728,0
2376,19.54483219218266,0
2377,19.52615014883522,0
2378,17.808190708619513,0
2379,17.29838649678699,0
2380,15.89568316350444,0
2381,16.25551315635034,0
2382,16.010724712665624,0
2383,15.683786160354225,0
2384,15.68962078245884,0
2385,15.441658118690235,0
2386,15.801242327522546,0
2387,14.791365593158893,0
2388,16.29574528706056,0
2389,15.623936784380435,0
2390,16.536993519587877,0
2391,15.295959191779607,0
2392,16.86903532846408,0
2393,16.098482104819347,0
2394,14.759939600037036,0
2395,16.904648880434358,0
2396,17.292591929060016,0
2397,16.58232136740692,0
2398,17.677545939223542,0
2399,18.7037919165829,0
2400,22.279287117465152,0
2401,20.93849259397098,0
2402,23.102972646006815,0
2403,22.83213097692968,0
2404,23.57016339284658,0
2405,23.84102792458329,0
2406,22.007445572285267,0
2407,25.211337509661533,0
2408,23.294923759662858,0
2409,25.042501276807712,0
2410,24.707516754674952,0
2411,26.576396676835415,0
2412,26.192905066978458,0
2413,26.79304464389531,0
2414,25.30975002485119,0
2415,24.614849901961705,0
2416,25.09610686821773,0
2417,26.374654720347802,0
2418,24.05089567611501,0
2419,23.079677820780578,0
2420,21.252655172851725,0
2421,21.153182086576187,0
2422,21.202017981635713,0
2423,21.326483643029455,0
2424,20.620242728663463,0
2425,19.242057472363186,0
2426,18.834425325030526,0
2427,19.626019577204037,0
2428,19.353475096687127,0
2429,18.158208072809025,0
2430,18.0002519416488,0
2431,17.28341516777708,0
2432,17.50449979249089,0
2433,14.114048032672592,0
2434,14.656575731034625,0
2435,15.280135718625278,0
2436,15.391063751593638,0
2437,16.390052011305496,0
2438,13.322056356875317,0
2439,15.530709649306186,0
2440,15.939375183889622,0
2441,15.356683463103167,0
2442,16.327699086095098,0
2443,17.966193161982925,0
2444,17.972312175460416,0
2445,17.96538936406331,0
2446,18.919235238592965,0
2447,19.229463448241752,0
2448,20.948935431821454,0
2449,20.558926575839948,0
2450,22.28902741907843,0
2451,21.36349792188279,0
2452,22.476435783617823,0
2453,21.92969266155574,0
2454,23.34127949881215,0
2455,24.822338616389008,0
2456,23.32384263479488,0
2457,24.279636417796446,0
2458,24.949018158648702,0
2459,24.614564417863775,0
2460,25.857040922055813,0
2461,23.72528759227862,0
2462,25.70898514731214,0
2463,25.964027890307218,0
2464,26.01516004969904,0
2465,23.92050497209475,0
2466,22.7470220616306,0
2467,21.477101530839604,0
2468,23.20561658757121,0
2469,22.759748660134086,0
2470,21.60733193382313,0
2471,21.019992056757424,0
2472,20.69744940529941,0
2473,19.006358861179812,0
2474,17.24683009910647,0
2475,16.670676860332833,0
2476,16.7293506724935,0
2477,16.05442854567584,0
2478,14.886163707140753,0
2479,15.620370789448229,0
2480,14.64779529284477,0
2481,16.063842198865085,0
2482,15.119291053944682,0
2483,15.864724943867317,0
2484,13.688072737968643,0
2485,13.958510213268474,0
2486,13.586365410614302,0
2487,15.690664026961802,0
2488,18.82964806845147,0
2489,16.27865337887104,0
2490,16.051400476406215,0
2491,17.194230516964765,0
2492,17.492298291183374,0
2493,19.081660870054126,0
2494,18.725717393504215,0
2495,18.484367526561904,0
2496,18.10927786320883,0
2497,21.038039746473117,0
2498,22.328044956878486,0
2499,22.087581861876345,0
2500,21.63046457844443,0
2501,22.631159257685578,0
2502,23.23419074467398,0
2503,24.576342328501756,0
2504,24.29281322476279,0
2505,25.823060535046263,0
2506,24.651608743880725,0
2507,24.330887681803056,0
2508,26.886249850882614,0
2509,23.974069983995573,0
2510,24.061164498481915,0
2511,26.742589592667567,0
2512,24.63784368161327,0
2513,25.78953394204851,0
2514,21.044086788120964,0
2515,24.33307596490557,0
2516,22.524232281770857,0
2517,22.04255517086927,0
2518,21.81524625395063,0
2519,17.89854254447675,0
2520,19.119624700968448,0
2521,19.822184713711632,0
2522,21.98638921034788,0
2523,17.352119767288393,0
2524,19.90227156316357,0
2525,17.622883045026562,0
2526,17.525125159550118,0
2527,15.088696074366258,0
2528,16.310697408469903,0
2529,14.539361103877146,0
2530,13.974028771471483,0
2531,16.35505004274841,0
2532,14.315436662549958,0
2533,14.552729700759249,0
2534,15.893318048053732,0
2535,14.585437630250562,0
2536,14.418653048997914,0
2537,16.283923209921234,0
2538,16.761037752964366,0
2539,18.511079504268697,0
2540,16.38673567847139,0
2541,18.8297798490379,0
2542,19.44756764759609,0
2543,18.925915711892227,0
2544,19.850490183581403,0
2545,20.693705047299527,0
2546,20.272590067668727,0
2547,20.597511893269527,0
2548,23.230164747603535,0
2549,21.984151935158938,0
2550,22.566904410799204,0
2551,24.780235872767143,0
2552,23.79598259460951,0
2553,24.222957056397806,0
2554,23.427600755021388,0
2555,23.719872007738804,0
2556,23.608927369931276,0
2557,23.571128450579753,0
2558,26.08820082097114,0
2559,23.6433388812332,0
2560,21.98702319536999,0
2561,22.84039143719069,0
2562,24.232289624807922,0
2563,21.853183092122126,0
2564,22.430325959473517,0
2565,20.93652106374164,0
2566,19.492182110612166,0
2567,20.065476013884872,0
2568,18.929679735268365,0
2569,19.48518003634686,0
2570,19.379707328328617,0
2571,17.97719745332666,0
2572,20.119720251790056,0
2573,15.84563717654447,0
2574,17.7733606944348,0
2575,16.413931439361733,0
2576,17.036953600946894,0
2577,15.872413386954394,0
2578,12.85716261130353,0
2579,14.693457978783902,0
2580,15.992951726800355,0
2581,15.015191824331957,0
2582,13.790158853322815,0
2583,14.776331170905392,0
2584,15.948132515742662,0
2585,17.216825847864367,0
2586,15.802433156057166,0
2587,16.998553285790504,0
2588,16.499893490215207,0
2589,16.81306959026252,0
2590,18.11777468289041,0
2591,20.64332545921875,0
2592,20.661376621453673,0
2593,20.305713687071208,0
2594,21.197875857156202,0
2595,22.38322670560105,0
2596,22.30184148672874,0
2597,22.529585182069383,0
2598,23.15471949880094,0
2599,24.53359395919642,0
2600,23.851534133353464,0
2601,25.32616717554848,0
2602,22.868107233787924,0
2603,24.103082966495936,0
2604,24.480319281777724,0
2605,25.46075138235237,0
2606,23.80774699174536,0
2607,23.98436334654502,0
2608,24.55395427288996,0
2609,23.76526543774052,0
2610,22.759390918306128,0
2611,22.60922889477108,0
2612,21.468705100415647,0
2613,22.623942110948008,0
2614,21.63389735922902,0
2615,21.41902609568112,0
2616,22.173912654639295,0
2617,20.522083414066618,0
2618,19.127688515150005,0
2619,17.920949729363276,0
2620,19.718447267364716,0
2621,17.15086150019322,0
2622,16.2064882417997,0
2623,17.302485599660283,0
2624,16.081659759607028,0
2625,15.116786437858316,0
2626,15.614589508674623,0
2627,17.022977196562,0
2628,15.166892874136112,0
2629,15.461306731338903,0
2630,14.337718446311873,0
2631,14.961881236798016,0
2632,16.627018401931355,0
2633,16.01190765225884,0
2634,16.661909425466387,0
2635,18.1401153552683,0
2636,17.257025828224773,0
2637,19.73428233043132,0
2638,18.15005336902721,0
2639,18.681577703639157,0
2640,19.28615489382322,0
2641,19.242794718222125,0
2642,21.938919309902154,0
2643,22.023913146230775,0
2644,23.962131446632863,0
2645,22.39533763948746,0
2646,24.37271836182352,0
2647,25.386562135103766,0
2648,24.183355226408338,0
2649,24.522968807937776,0
2650,22.400536919517812,0
2651,26.965729387614466,0
2652,24.935943281329912,0
2653,25.709386427001906,0
2654,24.36849271279483,0
2655,25.024244112283366,0
2656,23.234796239696788,0
2657,24.773783636273414,0
2658,23.692742623081468,0
2659,22.727746651997954,0
2660,22.988434158454062,0
2661,20.169364250256457,0
2662,21.50851699557047,0
2663,20.262722912468607,0
2664,21.497629606149648,0
2665,20.164251675872883,0
2666,18.561822771422698,0
2667,17.832951324431647,0
2668,20.527841037022935,0
2669,15.993641213102718,0
2670,18.404820331284327,0
2671,16.99256692948879,0
2672,16.486579755605085,0
2673,13.499868210851995,0
2674,16.03143257764591,0
2675,14.566418801233272,0
2676,14.115856136709928,0
2677,15.664689727460459,0
2678,14.479544572308301,0
2679,15.975163896334706,0
2680,14.744663523383798,0
2681,16.641816263129964,0
2682,16.920302299259223,0
2683,16.120344960905705,0
2684,16.551323266406797,0
2685,17.413173521676754,0
2686,18.17575352522152,0
2687,18.744864405649107,0
2688,21.85290310065679,0
2689,21.06708654346567,0
2690,20.941934783268646,0
2691,21.577113938985214,0
2692,21.681085757572156,0
2693,23.308082369327728,0
2694,23.45657609516443,0
2695,23.27088655293091,0
2696,23.618726204525323,0
2697,24.195315441726972,0
2698,23.752337597873453,0
2699,25.05539737046654,0
2700,24.069887612813215,0
2701,25.47996026372798,0
2702,24.481955946199893,0
2703,25.136776097226576,0
2704,23.733517351520206,0
2705,22.080737878025452,0
2706,22.204843520779043,0
2707,22.74354289512102,0
2708,22.877573883514252,0
2709,22.315635600900794,0
2710,21.80964254173374,0
2711,21.339768831770648,0
2712,20.369859562340146,0
2713,19.79184645800686,0
2714,18.48660830945152,0
2715,18.651001295229218,0
2716,17.39774877814057,0
2717,16.890684478764395,0
2718,16.661689074944476,0
2719,18.34061970976278,0
2720,14.21069427604504,0
2721,14.914009250815408,0
2722,14.918580892838078,0
2723,15.48223079143968,0
2724,15.030403653666294,0
2725,16.697089505242495,0
2726,13.63095947984732,0
2727,17.216635996149304,0
2728,14.43864207065406,0
2729,15.34000051754958,0
2730,17.047383145976333,0
2731,17.066082927617906,0
2732,17.502802491956547,0
2733,18.187668910548084,0
2734,19.122538856673916,0
2735,20.338170251307936,0
2736,20.43789897090436,0
2737,19.42453239715257,0
2738,20.586816020441496,0
2739,23.313451181505183,0
2740,24.45358262562085,0
2741,24.007920720589357,0
2742,24.634621565347533,0
2743,24.303467584973916,0
2744,26.430580953597374,0
2745,24.073756024302526,0
2746,24.520793836730334,0
2747,24.20750769405124,0
2748,26.59295445257135,0
2749,24.461042268918057,0
2750,25.365216368597384,0
2751,23.26551833043488,0
2752,22.892305758516898,0
2753,24.985073216167002,0
2754,24.27351760988146,0
2755,23.922560274764294,0
2756,22.736662893332227,0
2757,21.65463098206022,0
2758,20.92011057605015,0
2759,19.580261409448852,0
2760,19.65363528858157,0
2761,20.726805148690385,0
2762,18.584303833451543,0
2763,16.813404752546138,0
2764,17.296098657802332,0
2765,16.00998463154813,0
2766,15.355571725419475,0
2767,15.956862445812774,0
2768,14.940229503522431,0
2769,14.155545275547595,0
2770,16.719381462859843,0
2771,16.789597402450458,0
2772,15.170933045019245,0
2773,16.5468486670529,0
2774,14.741669573162172,0
2775,15.373322237302723,0
2776,16.999955389935145,0
2777,16.355652745975892,0
2778,17.30458729437853,0
2779,14.231283452645338,0
2780,17.80857410053212,0
2781,17.68156464795834,0
2782,18.61471847058431,0
2783,17.847285823499448,0
2784,19.241904049359896,0
2785,21.26278068207697,0
2786,21.89012854056586,0
2787,22.696009802243495,0
2788,23.35992034069502,0
2789,24.149274499190888,0
2790,23.929485767711522,0
2791,23.73803777205883,0
2792,23.764037034878196,0
2793,24.207515552605255,0
2794,23.868933804958008,0
2795,23.969219501290215,0
2796,24.91603017922978,0
2797,22.68366513325991,0
2798,23.60637356555586,0
2799,23.820381556287042,0
2800,24.860073705390448,0
2801,25.047047489863754,0
2802,23.869850981880532,0
2803,23.005098170097263,0
2804,22.014449260711896,0
2805,23.03200480629714,0
2806,22.008730248713825,0
2807,20.002904397296728,0
2808,19.982751240202685,0
2809,19.76969094476523,0
2810,19.629810549450724,0
2811,17.76913772465562,0
2812,19.015057607412135,0
2813,18.144179570084056,0
2814,16.061629346490417,0
2815,15.860636905390988,0
2816,14.770909694278316,0
2817,14.506034733187006,0
2818,15.514247437739812,0
2819,16.500365415213093,0
2820,16.473148685601053,0
2821,15.276248737550675,0
2822,14.84576281944259,0
2823,14.786185703014585,0
2824,16.153705579013334,0
2825,15.629147641054379,0
2826,17.23650034159243,0
2827,16.897217346692127,0
2828,17.855744321115587,0
2829,17.633864392810242,0
2830,20.790120925900553,0
2831,20.550594275936373,0
2832,20.15742062525755,0
2833,19.845330309883913,0
2834,21.92719934299857,0
2835,22.738373101730915,0
2836,21.442347651516254,0
2837,23.193269805085194,0
2838,25.647011215579226,0
2839,24.222751289776024,0
2840,24.01456018625801,0
2841,25.28933579741933,0
2842,26.72799213327998,0
2843,24.597458002635374,0
2844,24.651583702967606,0
2845,24.80486550990162,0
2846,24.99484594154907,0
2847,25.898013308174196,0
2848,24.756697010086558,0
2849,21.84836244482151,0
2850,24.067103322483103,0
2851,23.54178327870458,0
2852,23.236769711326563,0
2853,22.290331869696328,0
2854,21.273948714156433,0
2855,21.266573560536113,0
2856,19.425583263853163,0
2857,17.7704996117496,0
2858,18.47029959961527,0
2859,17.087851505290306,0
2860,19.275111773657184,0
2861,16.933600350778274,0
2862,18.10857951951292,0
2863,14.774145031465428,0
2864,14.543081903187325,0
2865,15.881308790475412,0
2866,13.538789821270356,0
2867,14.471799875095167,0
2868,13.131989588294298,0
2869,15.524189072120391,0
2870,13.510253090598232,0
2871,15.29873429870616,0
2872,13.957982234290204,0
2873,16.562843299801248,0
2874,17.574684290379263,0
2875,17.12044249708447,0
2876,16.556680919390416,0
2877,18.548786945144087,0
2878,19.718127523417653,0
2879,20.146316981886123,0
2880,21.294659376526855,0
2881,22.58291149786381,0
2882,21.553889622555293,0
2883,21.686495337964697,0
2884,21.897673367888633,0
2885,23.0625837529055,0
2886,23.334596105214867,0
2887,23.467429340625813,0
2888,24.69976886311967,0
2889,26.62584622300986,0
2890,24.065957215082054,0
2891,24.497596778933705,0
2892,24.668025953092354,0
2893,23.9537732291021,0
2894,25.897624336835875,0
2895,24.4812948941381,0
2896,24.938577763168603,0
2897,22.373695896471588,0
2898,24.106300010149678,0
2899,22.924099257595635,0
2900,21.058669228292118,0
2901,22.779469581586515,0
2902,22.242870941296207,0
2903,20.884790793795624,0
2904,20.475813722282492,0
2905,18.407524056174825,0
2906,19.741065947400003,0
2907,17.859399261429033,0
2908,17.98386817169101,0
2909,17.561478091980945,0
2910,16.954689098283552,0
2911,15.314023044334315,0
2912,15.95356815494016,0
2913,15.534562120347152,0
2914,16.359101713196214,0
2915,14.302590715314622,0
2916,15.967032962254052,0
2917,15.53083504887978,0
2918,15.237940651273508,0
2919,17.278359809465208,0
2920,16.49215181246225,0
2921,15.500564952119943,0
2922,16.778515991015528,0
2923,16.218781536678026,0
2924,16.346348762808894,0
2925,17.596738331286655,0
2926,18.228356532159694,0
2927,21.064992174406232,0
2928,20.810215169403133,0
2929,18.24381812454928,0
2930,21.148742372496226,0
2931,21.224598910182454,0
2932,22.367125411773642,0
2933,23.22930339361219,0
2934,23.58398341840351,0
2935,24.39685268539448,0
2936,23.55582757260956,0
2937,26.038497215059518,0
2938,24.703425082458537,0
2939,26.194258859127007,0
2940,24.90839468632239,0
2941,25.458763593329536,0
2942,23.877280912789868,0
2943,25.733276380984933,0
2944,24.625034668061488,0
2945,23.570315668144875,0
2946,23.92086061087891,0
2947,23.51918982563226,0
2948,20.96454558938212,0
2949,21.16683154290773,0
2950,20.3018570585306,0
2951,21.48368027850802,0
2952,20.18762170692382,0
2953,18.682918316627106,0
2954,17.99814329391349,0
2955,18.04723282603609,0
2956,15.200985268740919,0
2957,16.787421775468946,0
2958,18.028564426237452,0
2959,14.629683869328648,0
2960,14.473004260556102,0
2961,14.24910992184131,0
2962,15.610991415316239,0
2963,14.289324943442693,0
2964,16.870538563942965,0
2965,14.84037308410252,0
2966,14.672422185802667,0
2967,14.279318364748564,0
2968,16.350424083421736,0
2969,17.104841831373196,0
2970,16.63527559526021,0
2971,18.26059823917729,0
2972,18.74279653875255,0
2973,18.447900306186053,0
2974,18.77319248611767,0
2975,18.804637590604486,0
2976,20.22998665473549,0
2977,20.314736333300736,0
2978,22.78342709543583,0
2979,22.68139891271194,0
2980,22.347092241226253,0
2981,22.670490650892127,0
2982,23.965984031091537,0
2983,25.03284130145187,0
2984,24.630911550083326,0
2985,25.66016746670035,0
2986,24.405883990372352,0
2987,25.2064412345055,0
2988,25.678574793726725,0
2989,25.18437365059696,0
2990,25.248266136585777,0
2991,25.669863810700726,0
2992,24.365052829598834,0
2993,25.003985153436396,0
2994,23.065159268428374,0
2995,23.583472884923673,0
2996,22.122705893967037,0
2997,21.586509352486033,0
2998,21.949770164447376,0
2999,21.986238373148158,0
3000,19.94139091040289,0
3001,19.510329455103548,0
3002,20.100832734802157,0
3003,17.362237832752836,0
3004,18.489332691195596,0
3005,15.875036085196765,0
3006,14.664217309302575,0
3007,16.464479824391926,0
3008,15.466977887310533,0
3009,14.95492920861929,0
3010,12.858223860821404,0
3011,15.488564543578134,0
3012,14.619574524120168,0
3013,13.945177361664078,0
3014,15.131078062482764,0
3015,14.26142904713638,0
3016,14.969184926360118,0
3017,15.289944790370734,0
3018,17.501217676758337,0
3019,16.905901575816298,0
3020,18.84618456166758,0
3021,17.33543715918949,0
3022,17.570062079131162,0
3023,21.158277149003133,0
3024,18.673832848810395,0
3025,21.9181263586475,0
3026,20.244994758783424,0
3027,22.680543239154048,0
3028,21.814003983550112,0
3029,24.60314772807075,0
3030,25.56148775779558,0
3031,25.063925872678567,0
3032,24.740866485869848,0
3033,24.313576731302483,0
3034,25.678165720141426,0
3035,27.120362617082133,0
3036,24.61418358879819,0
3037,23.889871092085187,0
3038,26.685029680940175,0
3039,24.468102228849443,0
3040,25.13654612111418,0
3041,24.23370053233679,0
3042,23.884015692662693,0
3043,22.84619157244139,0
3044,22.44337650580886,0
3045,20.324222255930394,0
3046,20.809633712897323,0
3047,19.870303307433886,0
3048,21.24756951648908,0
3049,19.11851764745077,0
3050,18.89653615454063,0
3051,16.496758431893177,0
3052,17.65996578758323,0
3053,18.565664215357128,0
3054,16.717960646888884,0
3055,16.997539334386484,0
3056,15.44376134840594,0
3057,14.854207268145402,0
3058,16.2168374686704,0
3059,14.679155360486424,0
3060,14.04040541035059,0
3061,15.027647785072949,0
3062,14.872507833602292,0
3063,16.518413403515524,0
3064,16.479881853570525,0
3065,14.680139277477672,0
3066,17.0606116277689,0
3067,15.706532953487248,0
3068,17.765106003060993,0
3069,18.74221041632437,0
3070,18.27463114062039,0
3071,18.907731305733698,0
3072,20.849431100203695,0
3073,20.4373353214139,0
3074,20.254811314599078,0
3075,23.632113437947204,0
3076,23.464421913491567,0
3077,23.60598301361909,0
3078,23.971165344294,0
3079,25.07661738259596,0
3080,24.509565241315787,0
3081,25.50329988891544,0
3082,25.25509971050957,0
3083,24.383059555527986,0
3084,26.163653502049442,0
3085,25.236876220614313,0
3086,24.132027644618834,0
3087,24.288212419400526,0
3088,22.044744737308136,0
3089,22.41313358977747,0
3090,22.187386943252363,0
3091,23.839506222759887,0
3092,23.26246416433907,0
3093,23.15369595832609,0
3094,21.803060076666103,0
3095,22.462288949971374,0
3096,19.627762674645126,0
3097,18.66729721204071,0
3098,17.849160525370515,0
3099,18.34809631771667,0
3100,16.913508166555268,0
3101,16.09916905483503,0
3102,15.982497106451506,0
3103,16.237446865422545,0
3104,14.428760697750144,0
3105,15.411142824534293,0
3106,15.188721297352895,0
3107,16.749355637720065,0
3108,15.182600040056967,0
3109,13.78731253142008,0
3110,15.454174235808987,0
3111,15.60044440048764,0
3112,14.437191057366412,0
3113,13.01320799898188,0
3114,17.239526446574335,0
3115,16.794497333494725,0
3116,16.800698346905055,0
3117,17.9357473217081,0
3118,20.007658236429695,0
3119,21.11363987612221,0
3120,19.55548721851182,0
3121,22.198156021849968,0
3122,21.265008235245286,0
3123,21.939771001646495,0
3124,22.42524737238852,0
3125,23.000465628427577,0
3126,23.40863666083055,0
3127,23.298195360174642,0
3128,24.36420364384522,0
3129,23.62358957629759,0
3130,25.40683040534219,0
3131,24.32506734443995,0
3132,25.503884887213008,0
3133,24.850056430726415,0
3134,23.0547016490198,0
3135,25.81018708143655,0
3136,24.636344870628253,0
3137,23.91194369345072,0
3138,23.21028037285464,0
3139,24.8487780584443,0
3140,22.265977369978117,0
3141,22.88159324662268,0
3142,21.50530193663378,0
3143,19.33159490205908,0
3144,20.72849148377896,0
3145,17.832240405032262,0
3146,19.159605688419184,0
3147,18.50032746078343,0
3148,17.737539886070092,0
3149,16.212634908310278,0
3150,17.862268557220226,0
3151,17.803384979548365,0
3152,14.754312400772438,0
3153,15.000143678880914,0
3154,16.799490021324612,0
3155,14.610446436903237,0
3156,15.961184558501106,0
3157,14.064368819570541,0
3158,14.536970283844733,0
3159,15.64073329892854,0
3160,16.122014278638094,0
3161,14.587528663915952,0
3162,15.41455979706158,0
3163,17.46746171007002,0
3164,18.77574759723723,0
3165,18.6013235156225,0
3166,19.065584157296335,0
3167,19.78316913173113,0
3168,18.780949738607625,0
3169,21.048888895991425,0
3170,22.193266494792727,0
3171,22.50886459295828,0
3172,21.333070975604407,0
3173,22.085308151103337,0
3174,24.655615949120715,0
3175,22.581826472895155,0
3176,23.261977186091006,0
3177,26.20247609512897,0
3178,23.927776735100984,0
3179,24.225476114750823,0
3180,25.638684031484253,0
3181,25.742089838127377,0
3182,24.662223608316175,0
3183,23.18703620241159,0
3184,23.812324211056527,0
3185,24.12980824570905,0
3186,22.61580115504021,0
3187,22.06820642501569,0
3188,23.750027211793984,0
3189,22.454464937633137,0
3190,22.075535548282822,0
3191,21.548747593011555,0
3192,18.99483619606601,0
3193,19.83102766152463,0
3194,19.898854859460393,0
3195,18.76589776057912,0
3196,16.343345784883613,0
3197,15.401487069856422,0
3198,15.661312689341608,0
3199,16.57993827659136,0
3200,15.484427459706184,0
3201,15.658757989838332,0
3202,13.907440562968668,0
3203,15.874557132476154,0
3204,14.268025916255858,0
3205,16.1716470510325,0
3206,15.143449907492146,0
3207,12.39729769660517,0
3208,15.468875820729556,0
3209,15.154774956841425,0
3210,15.6164493732338,0
3211,16.793762203135813,0
3212,18.568796291411008,0
3213,18.930539330203914,0
3214,20.100929845345444,0
3215,19.340593716482264,0
3216,18.126358356042953,0
3217,20.089865212145845,0
3218,20.383817890451578,0
3219,21.22174940934139,0
3220,25.160832678288653,0
3221,23.83940602841352,0
3222,22.563920893325147,0
3223,25.157069893224623,0
3224,24.031522678025866,0
3225,23.26778150355792,0
3226,25.99830085335687,0
3227,24.47734854679915,0
3228,25.12517546320801,0
3229,27.25517189374532,0
3230,23.81073113490123,0
3231,25.655412641445444,0
3232,24.013977819546245,0
3233,22.849272891560283,0
3234,23.280084180843936,0
3235,23.21406117429006,0
3236,22.683968845780036,0
3237,20.371067976928266,0
3238,22.129354695562444,0
3239,19.795429165950203,0
3240,20.304223649598807,0
3241,19.5482775157883,0
3242,18.14686522147127,0
3243,18.681235232069092,0
3244,16.778220326140175,0
3245,16.006415498815795,0
3246,15.03961050166426,0
3247,14.165260813014854,0
3248,14.967240782388624,0
3249,13.182207649609309,0
3250,14.80253542838431,0
3251,14.495100575424173,0
3252,16.635512873392262,0
3253,13.8717284412841,0
3254,16.306783950583732,0
3255,15.73857885456824,0
3256,15.95491555223328,0
3257,15.390037211341872,0
3258,15.625777585151868,0
3259,16.619143484731907,0
3260,17.435752992584238,0
3261,18.646809567880734,0
3262,18.176380931060496,0
3263,20.89483431135327,0
3264,21.66936862627004,0
3265,18.169554533790933,0
3266,21.414109296222275,0
3267,21.783360056284636,0
3268,21.503213008082316,0
3269,20.33974104668471,0
3270,21.788137758991333,0
3271,23.765350664154205,0
3272,25.008650817212324,0
3273,25.056661567708446,0
3274,25.33080320433632,0
3275,24.72378812370822,0
3276,26.01149810099097,0
3277,25.426740665825108,0
3278,25.949629191999207,0
3279,24.478631105125583,0
3280,23.66453097364892,0
3281,22.426610618421666,0
3282,25.07526843115617,0
3283,22.455770544762753,0
3284,21.450785934398265,0
3285,19.770906380678635,0
3286,21.856914523118427,0
3287,19.269881086594914,0
3288,20.065381732650046,0
3289,19.626879561857546,0
3290,20.13048861979445,0
3291,17.365736498054357,0
3292,15.550860038241916,0
3293,17.82238504746193,0
3294,16.72062314616399,0
3295,15.394058325696827,0
3296,15.632765223744688,0
3297,17.26497412569671,0
3298,15.225022055373618,0
3299,14.381033842725266,0
3300,14.918864983078807,0
3301,15.62176913844569,0
3302,15.535194606624268,0
3303,15.719619267339985,0
3304,15.997888569618178,0
3305,14.862685543322517,0
3306,17.069054887710276,0
3307,17.99827204908152,0
3308,18.162666685244897,0
3309,18.02272308937973,0
3310,18.626930185795715,0
3311,19.540087488032096,0
3312,20.063232809811304,0
3313,19.00335059432094,0
3314,21.16986428926123,0
3315,23.180107033862093,0
3316,22.178684063905564,0
3317,22.52136261583379,0
3318,24.157324913333866,0
3319,24.066298788874377,0
3320,23.643749575874597,0
3321,24.809274259682816,0
3322,26.55956990817031,0
3323,26.81398076781517,0
3324,25.174974564018914,0
3325,24.815384366612506,0
3326,26.050523031109975,0
3327,25.109745211398728,0
3328,24.904182592603455,0
3329,23.929263086983465,0
3330,22.259223238118523,0
3331,21.622240704603865,0
3332,22.447182739423788,0
3333,20.847687123792046,0
3334,22.128597726991092,0
3335,21.617073078910998,0
3336,21.510503949199045,0
3337,19.488381707119395,0
3338,20.6924461805767,0
3339,19.40159872046028,0
3340,17.928888605849203,0
3341,17.757670731138667,0
3342,15.94803198090689,0
3343,12.915050304247675,0
3344,16.768179879650663,0
3345,15.92480840599844,0
3346,16.90736220687932,0
3347,15.583890758822973,0
3348,14.872473182256787,0
3349,14.602229683446398,0
3350,14.605358857492186,0
3351,15.596440377771547,0
3352,13.897419498929043,0
3353,14.951740256026433,0
3354,17.3407193255673,0
3355,14.948531294830442,0
3356,15.971281822642322,0
3357,17.526110738739327,0
3358,18.32770772339159,0
3359,19.44578648549442,0
3360,20.881100726369926,0
3361,20.96960801774228,0
3362,21.91768852515602,0
3363,21.353578052228105,0
3364,22.551346154680605,0
3365,22.357787741981458,0
3366,23.448403764274545,0
3367,24.57374918618786,0
3368,24.855637005614785,0
3369,22.747194619941638,0
3370,23.709811706213394,0
3371,26.975430091471637,0
3372,22.972479359236594,0
3373,25.04714955532263,0
3374,23.680072023646233,0
3375,24.42643309534063,0
3376,23.76632823980976,0
3377,24.057956873002375,0
3378,22.447332046147764,0
3379,24.113623150400162,0
3380,24.714031794253,0
3381,19.474983791467682,0
3382,20.468027691729436,0
3383,19.1498866452568,0
3384,20.141515710799265,0
3385,20.774705782074605,0
3386,20.121200466691104,0
3387,19.430214668022707,0
3388,17.74831610979711,0
3389,16.419820663993843,0
3390,17.617085320843675,0
3391,15.440882888589057,0
3392,14.901942264335764,0
3393,15.470013827400187,0
3394,13.95013850819623,0
3395,14.87341854388426,0
3396,14.07936217241966,0
3397,15.164128087796628,0
3398,16.162418775768824,0
3399,14.846115769944074,0
3400,16.167088883983848,0
3401,17.021246719106973,0
3402,15.709317530942341,0
3403,16.90648055433548,0
3404,17.16032139925831,0
3405,19.92598921233017,0
3406,18.224300047247617,0
3407,19.493885058549747,0
3408,18.612075439518957,0
3409,19.745541684046003,0
3410,21.914279384402302,0
3411,21.649411375439644,0
3412,23.26870347828641,0
3413,23.13385720770327,0
3414,26.18230827321363,0
3415,23.754000264657954,0
3416,25.310171387344607,0
3417,23.924931522736834,0
3418,24.416896827014664,0
3419,23.446838357455288,0
3420,27.66884105285476,0
3421,22.87940427640161,0
3422,24.977142480776553,0
3423,24.204383382982684,0
3424,25.15855864340688,0
3425,23.451973178067476,0
3426,25.467470595735474,0
3427,24.219905268546515,0
3428,23.07525259125423,0
3429,22.45894858477482,0
3430,22.406112047788877,0
3431,21.143859534757198,0
3432,21.659765360430754,0
3433,20.29979162799829,0
3434,18.735940627968656,0
3435,18.608272959841948,0
3436,17.793667526034575,0
3437,18.23892390404329,0
3438,16.30049889572095,0
3439,16.235735546851963,0
3440,14.500441652113416,0
3441,16.158425207055718,0
3442,15.518959710016144,0
3443,14.477994447339526,0
3444,16.826605042940663,0
3445,15.173124063584435,0
3446,14.118377739872612,0
3447,16.63610988949845,0
3448,15.594364486234312,0
3449,13.030889365012975,0
3450,16.91620485414496,0
3451,17.04565094854031,0
3452,17.682269593908554,0
3453,17.981931935931446,0
3454,17.99276352660819,0
3455,19.567889192949387,0
3456,18.402225919702133,0
3457,20.568910693774857,0
3458,22.25750882567377,0
3459,23.0112590056371,0
3460,22.097022766156524,0
3461,25.08142166733935,0
3462,23.93815145544126,0
3463,23.61994867969726,0
3464,24.590061045207186,0
3465,24.026751963555608,0
3466,25.794014470057796,0
3467,24.111723272223553,0
3468,24.387740872311003,0
3469,23.89871310054029,0
3470,24.113619682832855,0
3471,24.431366225146483,0
3472,26.289645708708854,0
3473,24.305540521286932,0
3474,24.8110579939993,0
3475,23.188726171800738,0
3476,23.541531327175797,0
3477,20.957840044121312,0
3478,20.259002177086536,0
3479,22.61338873073163,0
3480,20.469508869755273,0
3481,17.858390311407287,0
3482,19.40265924844191,0
3483,17.97774416146151,0
3484,17.317735133828002,0
3485,17.872707417916875,0
3486,15.322210527882866,0
3487,17.351662573584527,0
3488,16.018955982194516,0
3489,14.982768013363845,0
3490,13.904969028952639,0
3491,16.88711395489313,0
3492,14.71390409854381,0
3493,13.74049565047126,0
3494,15.093293453043563,0
3495,15.928296249398596,0
3496,16.37125251535152,0
3497,17.59092877427755,0
3498,17.100792350110563,0
3499,16.97244024381153,0
3500,19.82013668797459,0
3501,20.1856253126842,0
3502,17.651251560438038,0
3503,20.405229917220563,0
3504,19.482933081837867,0
3505,22.23661770771441,0
3506,20.42434594508011,0
3507,22.294831108628312,0
3508,24.170312618316604,0
3509,23.464904197938278,0
3510,24.71915808499088,0
3511,23.342606818689905,0
3512,23.16534618705211,0
3513,23.520116015343948,0
3514,25.52821446025631,0
3515,24.38956057970619,0
3516,26.561577021142316,0
3517,24.700939184750556,0
3518,26.26825588706635,0
3519,25.05354928813609,0
3520,23.321987024876428,0
3521,24.105366914580273,0
3522,24.115174067216476,0
3523,23.626712151411134,0
3524,22.485255664349175,0
3525,23.120589473262527,0
3526,22.343291135337537,0
3527,21.694417662350023,0
3528,19.304694042142703,0
3529,17.30505374630836,0
3530,19.377323585821916,0
3531,17.33577833165049,0
3532,17.041147872830404,0
3533,16.794557866667034,0
3534,16.874702439248544,0
3535,14.356014255614408,0
3536,15.621261338955398,0
3537,16.836574420661243,0
3538,13.788269507978105,0
3539,14.831579599502996,0
3540,16.54422674992785,0
3541,15.970061763243333,0
3542,15.881020931568935,0
3543,15.623953529710189,0
3544,14.322880718340256,0
3545,16.236049679940688,0
3546,15.592217009558428,0
3547,17.171864310928438,0
3548,16.819515501915475,0
3549,16.99208938694796,0
3550,18.789839208753552,0
3551,20.50790744084904,0
3552,19.589699369204066,0
3553,20.929476163119453,0
3554,22.107980711393513,0
3555,22.519942135662518,0
3556,21.310990682941743,0
3557,22.568843723863733,0
3558,23.98097355052707,0
3559,24.077265144663983,0
3560,26.18797070807884,0
3561,25.29887976266298,0
3562,24.025399979746037,0
3563,25.726987617967136,0
3564,26.21388039230723,0
3565,25.69937229876994,0
3566,25.428489275937807,0
3567,23.28507590926205,0
3568,24.356382074583664,0
3569,24.64952292265627,0
3570,23.22513723726673,0
3571,22.787635069822898,0
3572,23.035061946515505,0
3573,21.34868317957452,0
3574,20.475445123181277,0
3575,20.573320338175563,0
3576,19.983730017740367,0
3577,20.27616991364777,0
3578,18.610167724772765,0
3579,16.998117727598096,0
3580,18.052996339015188,0
3581,16.22894225418459,0
3582,17.277158752333772,0
3583,15.52504581281544,0
3584,16.319118370268306,0
3585,15.763762099892585,0
3586,15.044516409288141,0
3587,13.840814720546815,0
3588,14.671706434936068,0
3589,16.529245616601088,0
3590,15.43001415528027,0
3591,16.612391480453653,0
3592,15.807859194554167,0
3593,16.11152875413154,0
3594,15.562647809222028,0
3595,17.41048728092283,0
3596,16.727519027817067,0
3597,17.321072359599444,0
3598,19.8172681613404,0
3599,18.41561778558361,0
3600,22.37024356023776,0
3601,20.71802079657813,0
3602,20.79768215749597,0
3603,23.31839903138118,0
3604,21.587267512198753,0
3605,23.241918749792575,0
3606,23.63671569370833,0
3607,24.98507898623657,0
3608,26.12871551393858,0
3609,25.030645225153837,0
3610,23.604030450129187,0
3611,23.69533435491227,0
3612,24.571743593343587,0
3613,25.830288878963973,0
3614,25.026592737010926,0
3615,24.955851743284406,0
3616,24.07930646770753,0
3617,25.385564411512817,0
3618,22.466696205006293,0
3619,25.034384412832672,0
3620,23.762652899666826,0
3621,22.679170569963965,0
3622,21.333443386713483,0
3623,20.417193342274395,0
3624,20.059394101573535,0
3625,18.865862575102845,0
3626,18.34282882024662,0
3627,17.33446514406052,0
3628,18.32235111795293,0
3629,17.115636465378493,0
3630,16.96556578691091,0
3631,15.358517474373274,0
3632,14.49189930290351,0
3633,14.513304078032,0
3634,15.452339428313303,0
3635,13.917355692606883,0
3636,15.641696217741597,0
3637,14.147238085542522,0
3638,14.766715057586714,0
3639,15.663724807493027,0
3640,14.52272813763724,0
3641,14.003658024910639,0
3642,17.656419565744965,0
3643,16.820345566726292,0
3644,16.893267590174876,0
3645,19.714439426870342,0
3646,20.906140944887657,0
3647,19.399680379761186,0
3648,20.341178831511833,0
3649,23.310280145905242,0
3650,20.70767993288054,0
3651,23.14302213176638,0
3652,23.50429063510828,0
3653,22.502871122460665,0
3654,22.589647723443047,0
3655,23.229896251155925,0
3656,24.501326173819766,0
3657,24.998660105710638,0
3658,27.469744751434774,0
3659,23.965861227189624,0
3660,25.23007104539955,0
3661,24.205814056749855,0
3662,25.7340242708359,0
3663,25.086645011211882,0
3664,23.05568524881923,0
3665,23.56182529027647,0
3666,23.643186869044456,0
3667,23.81627812918396,0
3668,23.081325167932036,0
3669,22.639728330197133,0
3670,21.371530859844306,0
3671,21.309651438786016,0
3672,20.137510588863694,0
3673,20.37899158564255,0
3674,19.348892070732624,0
3675,17.266602183844558,0
3676,17.51513897798977,0
3677,16.25407584028656,0
3678,16.409941018704014,0
3679,16.665441831295155,0
3680,15.831818686218824,0
3681,15.336349062161084,0
3682,14.632407414179129,0
3683,16.589068122880022,0
3684,15.078259955202055,0
3685,14.14861319719004,0
3686,14.765016566863215,0
3687,16.39612597116016,0
3688,17.764619321135452,0
3689,17.375955845565596,0
3690,16.204612534647715,0
3691,17.88350123401281,0
3692,15.910327211655751,0
3693,18.989398785351877,0
3694,18.551106029755065,0
3695,19.685350674995394,0
3696,18.84387228910376,0
3697,21.10277827727242,0
3698,20.0942111025755,0
3699,20.353492794638832,0
3700,24.062214468589033,0
3701,21.876250694646547,0
3702,24.528610305997645,0
3703,23.476631603725792,0
3704,24.29038229158979,0
3705,24.68634457863567,0
3706,26.009313581763287,0
3707,25.458464764123207,0
3708,24.187833178082894,0
3709,24.507582026656326,0
3710,26.217589910665662,0
3711,26.03450616088421,0
3712,23.922840594215614,0
3713,24.92063060772939,0
3714,23.530102025778906,0
3715,24.11524334398077,0
3716,21.55958830187649,0
3717,22.78744868968911,0
3718,20.7951551333423,0
3719,19.43288703537624,0
3720,20.66292445019251,0
3721,19.972750504600853,0
3722,17.267858695135963,0
3723,15.828407823267712,0
3724,17.43047921930908,0
3725,17.45050286047611,0
3726,15.977017179466955,0
3727,16.167698742378366,0
3728,15.287359313119412,0
3729,14.869314574604541,0
3730,15.5981225102931,0
3731,16.307745183152225,0
3732,15.498660941881704,0
3733,14.760269537871006,0
3734,14.516525693734915,0
3735,15.61495055518145,0
3736,13.498371666555164,0
3737,16.17082593630657,0
3738,16.381106743022176,0
3739,16.962598514367603,0
3740,17.2560713541756,0
3741,17.91328073503368,0
3742,17.27799990504628,0
3743,20.024924508201565,0
3744,19.70456602133906,0
3745,20.691264143256113,0
3746,20.82018779461733,0
3747,20.460694855873133,0
3748,23.14277246910355,0
3749,22.84538122344929,0
3750,23.303452416411268,0
3751,24.367598541414733,0
3752,26.044928673593763,0
3753,24.608721912037442,0
3754,25.400417820167014,0
3755,26.82910577388273,0
3756,24.724827921986506,0
3757,26.205191330296547,0
3758,24.904844459214214,0
3759,25.660659260365026,0
3760,24.487528563613743,0
3761,24.962556995360394,0
3762,22.833986545028107,0
3763,22.60087289260385,0
3764,21.92674430896232,0
3765,21.65445339344698,0
3766,22.435114618872387,0
3767,21.130426153714264,0
3768,20.708472842670314,0
3769,19.178706471551024,0
3770,18.84509931571942,0
3771,18.556579091062304,0
3772,17.908950547575646,0
3773,16.450679132685178,0
3774,16.127221101244466,0
3775,15.026854665272415,0
3776,16.4733923210759,0
3777,16.488190113667784,0
3778,17.116956716922076,0
3779,12.020176580846762,0
3780,15.885502673254694,0
3781,15.663756747997727,0
3782,17.86205932851425,0
3783,14.971289075963139,0
3784,14.941213119830985,0
3785,16.295116326828406,0
3786,15.065382631911005,0
3787,15.592169986284395,0
3788,18.11351216861661,0
3789,16.454560198955548,0
3790,17.622467189915607,0
3791,20.56592509337694,0
3792,20.61636939416309,0
3793,19.38420225472288,0
3794,22.713830721302248,0
3795,22.01178881707803,0
3796,22.172568432592616,0
3797,23.206817236758265,0
3798,23.456618863061863,0
3799,25.146686390443588,0
3800,24.920854603038926,0
3801,23.745570820220706,0
3802,24.309381463777235,0
3803,25.739449838841733,0
3804,24.39563110571615,0
3805,23.992208397623653,0
3806,22.450400392878713,0
3807,25.466360614929005,0
3808,24.33880289853414,0
3809,23.759362626542995,0
3810,22.654853230765383,0
3811,22.48957072947174,0
3812,22.463865497646545,0
3813,20.779340598063502,0
3814,21.393855673424863,0
3815,22.364767804745902,0
3816,19.47865210932585,0
3817,19.36323284812262,0
3818,20.288280816446807,0
3819,18.187554239223864,0
3820,19.071909531038663,0
3821,17.978729606378,0
3822,17.395061885095075,0
3823,15.869095848260635,0
3824,15.215948956732698,0
3825,16.71371449040249,0
3826,15.318768833439973,0
3827,14.938933855109175,0
3828,12.813850877681308,0
3829,14.911462510427324,0
3830,17.679356226710667,0
3831,16.040299188365,0
3832,17.47507548968137,0
3833,16.29891852644744,0
3834,15.10113247433458,0
3835,17.14049340244274,0
3836,19.31760246313367,0
3837,18.31199417217001,0
3838,18.46230694035499,0
3839,19.221916598644015,0
3840,18.87265923253041,0
3841,20.34584804967605,0
3842,21.478178798333825,0
3843,22.92066256595058,0
3844,23.318220402539605,0
3845,21.987487474910342,0
3846,21.65083638392083,0
3847,23.660983812752658,0
3848,23.611907773246887,0
3849,25.501090731867528,0
3850,23.852515660979172,0
3851,25.607279168158428,0
3852,24.608966816917068,0
3853,26.137719373802447,0
3854,24.927276360752565,0
3855,22.68297304505835,0
3856,22.00388474671159,0
3857,24.306698981992508,0
3858,22.53740814707879,0
3859,24.04120109620056,0
3860,22.47913017595874,0
3861,23.720329834645234,0
3862,21.28087388445545,0
3863,19.906408560265046,0
3864,17.991865957293047,0
3865,19.847595349226648,0
3866,18.491983619539088,0
3867,17.769696949670646,0
3868,20.20031480367358,0
3869,17.75379826660392,0
3870,15.524058005256366,0
3871,16.70374648631992,0
3872,14.120570444411301,0
3873,14.731706630344945,0
3874,16.02838593339725,0
3875,13.726079189526386,0
3876,14.997757550161333,0
3877,15.106144846287206,0
3878,15.34426614470595,0
3879,14.400213138946064,0
3880,14.248942105141555,0
3881,16.018202061499558,0
3882,17.100321885649826,0
3883,15.954178000888263,0
3884,18.308414395927002,0
3885,19.190892439397086,0
3886,19.03032537414878,0
3887,20.373553893160295,0
3888,20.986329400337638,0
3889,21.869439530536877,0
3890,21.571356718964978,0
3891,22.21841016512465,0
3892,22.861101701129314,0
3893,24.26316212797687,0
3894,23.038338032085893,0
3895,25.47394719321736,0
3896,23.41180524079891,0
3897,26.604492225288084,0
3898,25.500666742093614,0
3899,27.69830117693635,0
3900,25.295364882788835,0
3901,25.67427350749503,0
3902,23.29412471073932,0
3903,24.3777974606867,0
3904,24.560478744459978,0
3905,24.418039381152475,0
3906,24.235802862996557,0
3907,23.22969226138008,0
3908,22.47957754561095,0
3909,22.899839749942824,0
3910,19.81156381012188,0
3911,20.237660279840338,0
3912,20.729622442352078,0
3913,19.305594297469067,0
3914,19.94490372971012,0
3915,17.44333710814866,0
3916,17.15642001142597,0
3917,17.622858017140732,0
3918,18.2840476435738,0
3919,14.768467679443814,0
3920,13.986333413101049,0
3921,14.20333429062512,0
3922,13.951816019765616,0
3923,15.337282499849456,0
3924,15.971225712665811,0
3925,15.055676430388068,0
3926,15.442390962383273,0
3927,16.043448046085548,0
3928,16.083557744474188,0
3929,16.363044842585406,0
3930,16.735444822940376,0
3931,18.132228489985653,0
3932,16.402755928666988,0
3933,17.627034178767847,0
3934,19.007974292723546,0
3935,22.092277305912916,0
3936,19.173042135915242,0
3937,21.472372868681244,0
3938,20.592309007788153,0
3939,21.78730536947811,0
3940,21.756299258771413,0
3941,24.96316743236119,0
3942,23.95560360189964,0
3943,23.50683629207595,0
3944,25.35344558841751,0
3945,23.95624532849094,0
3946,25.142963589780674,0
3947,23.65758468981315,0
3948,24.735312865922513,0
3949,25.344066413080398,0
3950,25.214027081149826,0
3951,23.812758925725067,0
3952,23.602700778783785,0
3953,22.25925933917658,0
3954,21.450624226574654,0
3955,22.847348083501092,0
3956,23.661810452513436,0
3957,22.424418789666728,0
3958,21.91213314741081,0
3959,20.700729451398967,0
3960,20.012796457191804,0
3961,19.343679716522335,0
3962,20.42188906291404,0
3963,17.794190376749935,0
3964,18.74735833632906,0
3965,15.585020890269663,0
3966,15.431373274123109,0
3967,16.002295459499354,0
3968,14.216422588302018,0
3969,16.9683538980774,0
3970,15.450694626306438,0
3971,15.512635314692824,0
3972,14.591407515167525,0
3973,15.588950788063393,0
3974,14.583897157763648,0
3975,16.783963059529754,0
3976,17.04425886148025,0
3977,15.436117117153916,0
3978,15.685434813114682,0
3979,15.536797579657154,0
3980,16.131521518476884,0
3981,19.445833444145844,0
3982,19.596067021184087,0
3983,21.034435487570196,0
3984,20.641763955692202,0
3985,21.667110500007293,0
3986,22.102048808818036,0
3987,21.565005815945856,0
3988,22.845056530398757,0
3989,24.13444189925876,0
3990,23.831352812364653,0
3991,23.158127292680753,0
3992,23.499533348063604,0
3993,27.736776255885147,0
3994,24.118583917409655,0
3995,24.45047100497271,0
3996,25.220491346683403,0
3997,25.03260653606183,0
3998,26.010297566534984,0
3999,24.3743979063795,0
4000,25.155405485562678,0
4001,24.214621965203573,0
4002,23.785875966356326,0
4003,23.031585228611252,0
4004,21.79524524163802,0
4005,21.565344818325055,0
4006,20.305372899381272,0
4007,20.37348126433374,0
4008,20.279549290002805,0
4009,19.7354935815482,0
4010,17.72466113503136,0
4011,17.4883460296312,0
4012,17.317813582887144,0
4013,18.423822183893435,0
4014,16.82299899814638,0
4015,16.549076318131718,0
4016,17.048784331417306,0
4017,16.021329404973404,0
4018,14.80932054796789,0
4019,16.864219324612613,0
4020,15.020975436408964,0
4021,16.37802943479271,0
4022,15.726343947613694,0
4023,16.166385561449903,0
4024,17.117620204626604,0
4025,15.735921566724452,0
4026,15.1856683569005,0
4027,17.41423192802571,0
4028,17.586808250507104,0
4029,17.962383526829147,0
4030,18.85329252984914,0
4031,17.913703352792933,0
4032,20.113091077480536,0
4033,20.485929924711627,0
4034,21.70506212127793,0
4035,21.93304522067041,0
4036,22.24701021392558,0
4037,23.79638450001137,0
4038,24.716237023391443,0
4039,23.975943476370098,0
4040,23.5652954292799,0
4041,24.024619647693683,0
4042,26.11261147305216,0
4043,23.36169675616972,0
4044,25.096322275338647,0
4045,25.26796380022396,0
4046,25.327092196763854,0
4047,22.639859383201284,0
4048,24.553091914572974,0
4049,21.785936480074696,0
4050,22.955017724171473,0
4051,22.0164099644988,0
4052,20.416713292192977,0
4053,23.533673091276192,0
4054,20.813109658600112,0
4055,18.901054255092212,0
4056,18.724657152154535,0
4057,19.03702134580483,0
4058,19.236658577207187,0
4059,17.93846609465098,0
4060,16.13969212766685,0
4061,18.3661707725769,0
4062,16.669961055935065,0
4063,17.536375622876026,0
4064,16.93780524117001,0
4065,15.595858366750843,0
4066,16.43943062086746,0
4067,14.867356543522696,0
4068,15.974146138774495,0
4069,13.354088369851718,0
4070,13.289241163298842,0
4071,14.221414736868155,0
4072,16.12441935973978,0
4073,16.11137992997407,0
4074,15.676934736629056,0
4075,16.30010804122817,0
4076,16.875826940218424,0
4077,18.15672556964506,0
4078,19.72569156620912,0
4079,20.272586836191888,0
4080,19.753741051619436,0
4081,20.579447130885246,0
4082,21.831122537505667,0
4083,20.793988781025867,0
4084,22.462742938636353,0
4085,23.58168567625192,0
4086,23.95183752072553,0
4087,23.482386797663338,0
4088,23.48195003414081,0
4089,23.68619200521455,0
4090,26.211182110420655,0
4091,24.961410049910565,0
4092,23.750786069156863,0
4093,22.924790038073365,0
4094,24.828406126541825,0
4095,26.10430523911313,0
4096,24.04489860436833,0
4097,23.068721897532324,0
4098,24.324299232515063,0
4099,22.710733005186235,0
4100,22.340925293696888,0
4101,22.184033001163158,0
4102,20.957341511484685,0
4103,21.313685653272117,0
4104,20.803743824198804,0
4105,19.24245451402452,0
4106,18.13741740024645,0
4107,18.382506046676582,0
4108,14.952238823543881,0
4109,16.51884099885496,0
4110,15.889756137719399,0
4111,16.741323255868544,0
4112,14.58470727296533,0
4113,16.433707964085336,0
4114,15.014443012994585,0
4115,15.434545097884833,0
4116,16.277617650776346,0
4117,15.180358503140488,0
4118,14.545788415444557,0
4119,15.649589109426824,0
4120,15.961283651334359,0
4121,17.947152110047185,0
4122,16.3955285671084,0
4123,17.870934079361987,0
4124,18.825224190272458,0
4125,19.18885870174964,0
4126,18.484049140808345,0
4127,18.189997682841117,0
4128,21.060896990282874,0
4129,22.366787717992565,0
4130,21.975477713940883,0
4131,23.11954341913472,0
4132,22.693584033975277,0
4133,23.93401660545276,0
4134,24.918330299941644,0
4135,24.044247093368053,0
4136,25.627060056626064,0
4137,24.665152115048997,0
4138,23.99902107129402,0
4139,25.426941192039813,0
4140,24.925031677335525,0
4141,25.493093408572438,0
4142,25.480140209694536,0
4143,24.529505833145713,0
4144,24.82682942240281,0
4145,23.610313582856207,0
4146,24.43494922652021,0
4147,22.219902181035884,0
4148,21.219987179605045,0
4149,23.014469503349776,0
4150,19.402584454794845,0
4151,20.459232251966878,0
4152,19.858523636177935,0
4153,20.24130083994061,0
4154,18.522625665167855,0
4155,17.902768219327392,0
4156,15.722580765916636,0
4157,17.95525190477163,0
4158,15.442191699274552,0
4159,16.027550548368193,0
4160,14.892437672495154,0
4161,16.511051830325286,0
4162,14.245279899086725,0
4163,13.693709721182382,0
4164,16.29808186588162,0
4165,14.387153915143843,0
4166,15.398824620249561,0
4167,15.799488751192435,0
4168,14.16126984784657,0
4169,17.036303767830674,0
4170,15.430758596475508,0
4171,17.0173151147977,0
4172,17.935184523818666,0
4173,17.999715173910364,0
4174,17.814241426132728,0
4175,20.277074050064627,0
4176,19.111383130932033,0
4177,19.33050729798429,0
4178,22.465534766955034,0
4179,23.14440497545174,0
4180,20.621633506722976,0
4181,22.822822024135075,0
4182,23.52310786595494,0
4183,21.125965976896,0
4184,23.754232449859675,0
4185,25.756512904717013,0
4186,23.81017524497575,0
4187,26.258162407861125,0
4188,26.973767894722968,0
4189,24.794218760243822,0
4190,24.086280905980995,0
4191,24.677441532634408,0
4192,22.877131681977932,0
4193,25.24819600919925,0
4194,24.03124088463454,0
4195,21.616760828737,0
4196,21.697737913219015,0
4197,21.589287735819145,0
4198,22.382947861050827,0
4199,21.488800942970514,0
4200,19.347233288244784,0
4201,19.519221669672675,0
4202,18.257881946020074,0
4203,18.565409700115854,0
4204,17.222219184098126,0
4205,19.07399134670418,0
4206,16.932785835802914,0
4207,15.76384755026184,0
4208,14.603146814396844,0
4209,13.967426528576627,0
4210,15.899879884305651,0
4211,15.870530529781709,0
4212,16.58494804749203,0
4213,14.007279829297806,0
4214,15.927061269747904,0
4215,14.139579956682496,0
4216,16.358946430101877,0
4217,16.607022412227973,0
4218,16.702267369204183,0
4219,16.646744094970455,0
4220,17.01374021535324,0
4221,17.713485249619822,0
4222,16.758013593980383,0
4223,20.026486006935617,0
4224,18.856589596903376,0
4225,20.812446311527744,0
4226,21.24029963432938,0
4227,22.639224381729573,0
4228,22.57691055173926,0
4229,23.07331549042183,0
4230,23.840731082221478,0
4231,24.977633040484747,0
4232,23.95184545670504,0
4233,23.751216372357824,0
4234,24.880825266025358,0
4235,24.87492140657568,0
4236,25.764974601701883,0
4237,25.390118400784274,0
4238,25.029359962933004,0
4239,25.79251020090626,0
4240,24.67571041791987,0
4241,24.642151763142166,0
4242,23.183284795909376,0
4243,24.611575319544087,0
4244,23.21431694394159,0
4245,21.035536928600933,0
4246,20.461299600718032,0
4247,22.496461229119625,0
4248,20.297537437987888,0
4249,21.15725081549604,0
4250,21.14502244471157,0
4251,18.305971499758495,0
4252,17.88346972337659,0
4253,17.85391399937975,0
4254,15.648150982531385,0
4255,14.291484198190652,0
4256,17.628069602748006,0
4257,14.65581843942319,0
4258,15.128945240834586,0
4259,16.640576134407848,0
4260,15.174708175290524,0
4261,16.08119882050666,0
4262,15.595504991884022,0
4263,14.197597942843277,0
4264,15.003636869953588,0
4265,16.22795979587965,0
4266,15.596935660839565,0
4267,18.037882738056318,0
4268,17.967027901749223,0
4269,16.601322584667024,0
4270,19.28503763132542,0
4271,18.9243338798557,0
4272,19.77749905546117,0
4273,21.464095048821875,0
4274,19.508087992542453,0
4275,21.056223047636415,0
4276,22.85326681055999,0
4277,21.6355280872555,0
4278,24.897544496966525,0
4279,20.74319637613816,0
4280,25.466925100514924,0
4281,25.414887663223464,0
4282,24.219984495663425,0
4283,25.07304295219558,0
4284,24.292867913136234,0
4285,26.887520068560924,0
4286,24.846394468467516,0
4287,25.14917271075569,0
4288,24.654207665237774,0
4289,22.59891331377865,0
4290,21.61387138308313,0
4291,23.23951741381879,0
4292,23.955841300199307,0
4293,22.589675892081956,0
4294,21.146297880740125,0
4295,21.118752578736203,0
4296,19.66736017033356,0
4297,20.6707276461732,0
4298,19.346170072364632,0
4299,18.432848534503684,0
4300,19.656429169072027,0
4301,16.4016706804009,0
4302,15.560570246744778,0
4303,15.820757021090524,0
4304,15.165927830977145,0
4305,14.827751654380576,0
4306,15.819980691951143,0
4307,15.60489540549589,0
4308,13.28530589784841,0
4309,14.376278555555487,0
4310,14.658946062806326,0
4311,13.529709046021537,0
4312,16.29873620513242,0
4313,16.159485183032384,0
4314,16.944945993270235,0
4315,16.29579422932021,0
4316,16.895215466166874,0
4317,18.320832923580507,0
4318,18.76823059144674,0
4319,18.876282099599347,0
4320,20.47402250688524,0
4321,19.939314478311083,0
4322,22.212427081605046,0
4323,22.30826270899434,0
4324,21.893506053077598,0
4325,21.735589240802064,0
4326,23.80705302406164,0
4327,25.05015580208762,0
4328,24.341783365738305,0
4329,26.030587913762954,0
4330,25.56332820406221,0
4331,26.238160275548335,0
4332,23.491388400887594,0
4333,24.285544913249154,0
4334,24.92117380456419,0
4335,24.844349691574756,0
4336,24.17375785020908,0
4337,23.540817080790497,0
4338,21.341842614439365,0
4339,24.160215965894,0
4340,23.251190707614857,0
4341,21.415026761279307,0
4342,21.316627329934523,0
4343,19.99794737672255,0
4344,20.993573681065335,0
4345,19.09671807442962,0
4346,19.856796259052004,0
4347,17.563724203110873,0
4348,16.562424568684225,0
4349,15.290399430945008,0
4350,16.88052099630076,0
4351,15.384509979336203,0
4352,16.211315790871623,0
4353,16.445883557892163,0
4354,15.477642151148777,0
4355,16.53870140731236,0
4356,14.58530798776393,0
4357,14.228264732056736,0
4358,15.448015026268326,0
4359,15.217786905676212,0
4360,17.25534586376415,0
4361,14.27464346711143,0
4362,15.357909456348118,0
4363,18.246165738711873,0
4364,16.6968190266328,0
4365,17.841760540109625,0
4366,18.19029767236715,0
4367,19.283745059320456,0
4368,22.072038974391106,0
4369,21.722983050272564,0
4370,21.286563534999406,0
4371,23.81904798924601,0
4372,21.531371367840347,0
4373,23.22005537584081,0
4374,25.45340798316054,0
4375,22.689097938962277,0
4376,23.38390218000322,0
4377,23.66342576222506,0
4378,24.458809948191348,0
4379,25.736362794971225,0
4380,26.511249890104697,0
4381,26.101920497860483,0
4382,26.152547310226172,0
4383,24.981643736539446,0
4384,23.788572170588743,0
4385,23.054476762971237,0
4386,23.5377174323326,0
4387,22.130042667946682,0
4388,21.271662223365915,0
4389,22.455882470320166,0
4390,20.418679694215633,0
4391,20.33248939553634,0
4392,22.06998845432698,0
4393,19.828828064671296,0
4394,19.211602563806796,0
4395,17.836067165592144,0
4396,16.580227623102854,0
4397,17.51908288778694,0
4398,16.040298378460268,0
4399,15.850148516568606,0
4400,15.032428505490763,0
4401,15.756992355980287,0
4402,15.393119705640041,0
4403,12.823092801408059,0
4404,14.018561911037,0
4405,14.832841628464138,0
4406,17.00925781767862,0
4407,14.38581384566555,0
4408,16.00739620955183,0
4409,17.121225622841145,0
4410,17.541568420491558,0
4411,16.41241857708534,0
4412,18.39074266693441,0
4413,18.32397959616843,0
4414,18.75967357589051,0
4415,18.82691818593405,0
4416,18.19697687643817,0
4417,20.103317579549568,0
4418,19.700256245375783,0
4419,22.74857168004985,0
4420,22.8894896687759,0
4421,24.766701525819983,0
4422,22.00069711990831,0
4423,22.332548722576266,0
4424,24.070200342125048,0
4425,24.757509205551184,0
4426,25.638243092624514,0
4427,23.73118772136555,0
4428,23.10290439169111,0
4429,23.871940450344624,0
4430,28.130234523444216,0
4431,23.516269903061634,0
4432,23.608117034790293,0
4433,24.712022844083442,0
4434,24.033642683738627,0
4435,22.503981758189955,0
4436,19.30057307413445,0
4437,22.431793791788515,0
4438,20.641120100593383,0
4439,21.86905543180162,0
4440,19.96560819433579,0
4441,19.820886407460232,0
4442,16.700146542161473,0
4443,18.09440011871556,0
4444,17.34730264730011,0
4445,16.426545825783744,0
4446,16.820200531910164,0
4447,16.554808247108618,0
4448,15.172494929295233,0
4449,15.962599021119853,0
4450,16.635813359109328,0
4451,15.54216465465532,0
4452,14.815868796651193,0
4453,15.31470339398401,0
4454,14.945056019823616,0
4455,15.63633107419402,0
4456,16.455296045081035,0
4457,15.676683703803137,0
4458,17.1263104933553,0
4459,18.616366656021547,0
4460,17.27943792619847,0
4461,17.321847291457015,0
4462,18.299841813974652,0
4463,20.010372099224345,0
4464,20.39190919948413,0
4465,20.055824345405114,0
4466,18.675359215838935,0
4467,22.402433302928088,0
4468,22.938322855212174,0
4469,23.458504102824367,0
4470,22.8314436033628,0
4471,21.725660109132985,0
4472,23.94324518860397,0
4473,23.84694019334562,0
4474,25.402784982059607,0
4475,26.502339774086803,0
4476,25.869958254068695,0
4477,24.668369722889288,0
4478,25.644703485499146,0
4479,24.104645096092817,0
4480,25.105002830194266,0
4481,24.075958932293624,0
4482,23.072093470993927,0
4483,23.467294015695717,0
4484,22.696617436692645,0
4485,23.351606034286817,0
4486,21.274799356117402,0
4487,20.564137674829855,0
4488,21.467379840968928,0
4489,19.781428421911645,0
4490,19.008112236231934,0
4491,20.192033722452283,0
4492,15.140018543756852,0
4493,15.572848938307525,0
4494,15.972546943828556,0
4495,17.484288364693942,0
4496,17.356709289526872,0
4497,15.869000877881652,0
4498,14.736999372668844,0
4499,13.85795945316489,0
4500,15.793518175569146,0
4501,15.670333738664885,0
4502,14.846095864352696,0
4503,16.683902213153132,0
4504,17.612500581184694,0
4505,15.406531957067719,0
4506,17.05455237825246,0
4507,15.940521546366668,0
4508,18.01180362402,0
4509,17.084816840820906,0
4510,19.032625511214842,0
4511,21.528731133779374,0
4512,19.67586899374375,0
4513,22.38862161891498,0
4514,22.910535023792367,0
4515,23.38370089717382,0
4516,22.35999253358964,0
4517,21.863193524793292,0
4518,23.82402647820654,0
4519,24.84196441457985,0
4520,23.997721409999983,0
4521,23.954643801705885,0
4522,23.793268459635833,0
4523,28.18858029994178,0
4524,23.141755122439093,0
4525,25.956407803764254,0
4526,24.521155739141665,0
4527,25.987111071638218,0
4528,25.788338383379273,0
4529,23.11311396781528,0
4530,23.639608789988632,0
4531,22.89225022474609,0
4532,23.23640908176857,0
4533,21.954800232167436,0
4534,22.27079738310776,0
4535,21.321460027841777,0
4536,19.58076910340603,0
4537,20.587068734332025,0
4538,19.35665030652985,0
4539,18.783295479656324,0
4540,17.24772289458734,0
4541,17.850416217373798,0
4542,16.227960567346585,0
4543,17.51334524654174,0
4544,16.26270392144438,0
4545,13.24170206990339,0
4546,15.968094402300014,0
4547,15.746353839493272,0
4548,15.220221167828027,0
4549,16.030027570504302,0
4550,13.844892452380666,0
4551,15.895144729517336,0
4552,15.071529146718367,0
4553,16.411761659107135,0
4554,15.902722352189322,0
4555,15.826017519061068,0
4556,17.32086887191132,0
4557,16.55213994715752,0
4558,18.894421897611295,0
4559,20.221630815320978,0
4560,21.44131534582419,0
4561,21.203517984977026,0
4562,20.96698741456305,0
4563,21.865028643762702,0
4564,22.528277176638664,0
4565,24.432598552450376,0
4566,22.728188499107723,0
4567,23.582730510001024,0
4568,22.395781205166205,0
4569,26.00399975624419,0
4570,23.761520978968672,0
4571,23.81195667435585,0
4572,23.178989283112855,0
4573,25.33488152290725,0
4574,24.671376164232697,0
4575,24.36906898421465,0
4576,23.0453470765084,0
4577,23.52609368675341,0
4578,24.79253132748431,0
4579,21.602001269090753,0
4580,22.708218946746605,0
4581,23.34092706790542,0
4582,20.237441413446707,0
4583,21.3705883652808,0
4584,20.73540195112697,0
4585,18.630285765055444,0
4586,18.686334633686105,0
4587,18.814781041173443,0
4588,18.43982201508684,0
4589,16.427949041486333,0
4590,15.059859807731842,0
4591,16.258965535051836,0
4592,15.892537770732478,0
4593,16.11528560026656,0
4594,16.61990101742023,0
4595,16.22789659470454,0
4596,15.95397638110059,0
4597,14.813576174922153,0
4598,16.516636482797086,0
4599,16.627561849034414,0
4600,15.405432112637374,0
4601,15.633610517636406,0
4602,15.188918721883606,0
4603,16.564907884611884,0
4604,17.606040318976827,0
4605,17.949104890383193,0
4606,19.397930660997904,0
4607,19.48888787510545,0
4608,19.23076415547523,0
4609,21.984847244368396,0
4610,19.70118425357959,0
4611,23.03993884497938,0
4612,22.664403897472763,0
4613,23.422952787924313,0
4614,22.97369015328719,0
4615,24.198347275441762,0
4616,26.046595340423192,0
4617,24.096396750787587,0
4618,25.24932980020419,0
4619,25.19087336523748,0
4620,22.042700205758827,0
4621,24.47997067915975,0
4622,25.237205046075246,0
4623,24.039295208259322,0
4624,24.232157774764588,0
4625,22.848367712924816,0
4626,25.251794933862893,0
4627,23.4338977603299,0
4628,22.393633686429222,0
4629,21.249708446423483,0
4630,22.324836430331054,0
4631,20.873037549880877,0
4632,20.894952174587363,0
4633,20.03183835355746,0
4634,17.43381351620529,0
4635,18.65750687382225,0
4636,15.191455879016747,0
4637,14.315510321362128,0
4638,16.225596216007773,0
4639,17.781653280131806,0
4640,16.25258755071274,0
4641,15.967482798627596,0
4642,14.33908741011426,0
4643,14.907836861794374,0
4644,15.536165968887754,0
4645,12.952861769166393,0
4646,14.404996845404426,0
4647,14.904247468785218,0
4648,16.571347537472665,0
4649,17.26283593047949,0
4650,15.880485582355451,0
4651,18.473828026443098,0
4652,17.662226696191233,0
4653,18.023325612213977,0
4654,20.046598119873536,0
4655,18.583913228638632,0
4656,19.36028859746379,0
4657,19.418579830560464,0
4658,20.515235938752255,0
4659,19.691495214367464,0
4660,24.988284137188412,0
4661,23.745287013723477,0
4662,25.448513431614742,0
4663,22.430227396149164,0
4664,22.498324765050935,0
4665,26.086455758406313,0
4666,24.551719409313613,0
4667,24.615069835496115,0
4668,24.51925672353513,0
4669,23.608702030457664,0
4670,24.095586897731767,0
4671,26.73848647716803,0
4672,23.236364109316213,0
4673,25.434693985370238,0
4674,23.92341220612907,0
4675,23.864372157703542,0
4676,23.662490693441622,0
4677,20.930705912787577,0
4678,22.169802383980088,0
4679,21.106242766401795,0
4680,22.746666426159894,0
4681,19.798576555109758,0
4682,19.754122496115514,0
4683,18.325745220820203,0
4684,17.906189317397534,0
4685,17.266548073284493,0
4686,16.473700734295008,0
4687,17.12843356964572,0
4688,16.02247534967478,0
4689,15.943487249692557,0
4690,16.108153723986867,0
4691,14.423114137752744,0
4692,14.750725057613371,0
4693,15.400188414657654,0
4694,15.711248057528273,0
4695,17.188673268407516,0
4696,13.594963082045705,0
4697,15.283625817515546,0
4698,15.513333973137554,0
4699,17.041261323944514,0
4700,17.261049479367767,0
4701,16.376658485367287,0
4702,17.764868609640548,0
4703,18.411008044557818,0
4704,18.2306100182897,0
4705,19.59781300435222,0
4706,20.652706871126558,0
4707,22.947288643469417,0
4708,22.583781457960768,0
4709,22.50727323896715,0
4710,22.761749479398574,0
4711,23.72268191153901,0
4712,25.514494974272193,0
4713,25.90025838209981,0
4714,23.95920902245005,0
4715,24.580457577378635,0
4716,25.133210900071173,0
4717,25.247184901090854,0
4718,23.75937020590151,0
4719,25.195936432738815,0
4720,25.13980408436158,0
4721,24.856672625846933,0
4722,25.41426274132448,0
4723,24.030400736273215,0
4724,22.34408910845976,0
4725,20.49349057691839,0
4726,21.23183311175523,0
4727,19.990923248697452,0
4728,21.104094398183484,0
4729,19.258844619548093,0
4730,17.456854662774965,0
4731,17.58407362000052,0
4732,18.991337904653008,0
4733,16.29055955767236,0
4734,16.65267962150851,0
4735,17.086568851965144,0
4736,16.015440087719465,0
4737,14.007865622083457,0
4738,13.757206298799298,0
4739,14.208093718632451,0
4740,15.449252256414972,0
4741,15.309151281131541,0
4742,14.413532654657477,0
4743,15.391973360417207,0
4744,15.908697676186065,0
4745,14.351638961303289,0
4746,15.19853409050437,0
4747,17.02305767431529,0
4748,18.60254556917673,0
4749,17.887689226236134,0
4750,18.893629979280213,0
4751,20.835861072407955,0
4752,19.189311329071714,0
4753,20.62275422509177,0
4754,21.005909549064338,0
4755,23.767608240843952,0
4756,21.980291956470307,0
4757,22.193762516809592,0
4758,24.51959791278858,0
4759,26.907778619079444,0
4760,25.285861594224862,0
4761,25.937714912742045,0
4762,26.168368200293756,0
4763,25.528267162376917,0
4764,24.86214056767361,0
4765,26.81290623778957,0
4766,25.393708631583657,0
4767,23.559101144260428,0
4768,23.902648294013733,0
4769,24.041133399516347,0
4770,22.76991775275587,0
4771,23.062961354388165,0
4772,22.148510550807252,0
4773,21.556232217968923,0
4774,19.871940354529873,0
4775,22.19340432532997,0
4776,18.924093607462723,0
4777,18.08007855532966,0
4778,19.399743948409707,0
4779,17.923391276594167,0
4780,17.400367287613303,0
4781,18.798575006339146,0
4782,15.763094831845173,0
4783,14.763640779505236,0
4784,14.828874957288937,0
4785,14.754408309960764,0
4786,15.467380825448913,0
4787,15.606179485775531,0
4788,16.182371648343956,0
4789,14.64167577117345,0
4790,15.68739674610453,0
4791,14.436271845755892,0
4792,15.20174080190776,0
4793,16.189526169417576,0
4794,15.332632767201797,0
4795,18.688271153103845,0
4796,17.081890521444752,0
4797,17.189808442224994,0
4798,17.795677625275523,0
4799,19.58925148680334,0
4800,21.717306171706156,0
4801,19.303081635596346,0
4802,21.445525530733857,0
4803,21.030218816229688,0
4804,23.334039005717443,0
4805,22.507549752884334,0
4806,21.309606949467977,0
4807,22.79856181306568,0
4808,24.021472039404962,0
4809,24.287493941150956,0
4810,26.34797666107203,0
4811,25.374716248751703,0
4812,23.948706045689075,0
4813,25.74540084466056,0
4814,24.68825224091003,0
4815,26.684630822112947,0
4816,24.04144801628164,0
4817,23.31768774130539,0
4818,23.834924584473303,0
4819,24.832760476513567,0
4820,22.106745316104124,0
4821,23.4566936390282,0
4822,21.373203690157368,0
4823,20.906402759601615,0
4824,21.3100544581022,0
4825,20.46643453842519,0
4826,19.321837882929152,0
4827,19.9990081383367,0
4828,17.050067920161464,0
4829,14.50173479068379,0
4830,17.206246052907,0
4831,16.264661168963137,0
4832,15.469920788910875,0
4833,16.606601694936693,0
4834,12.964772260687585,0
4835,14.739019311256342,0
4836,16.310563306948293,0
4837,15.353690468271294,0
4838,16.441618663689788,0
4839,15.650934520578684,0
4840,14.449996364078945,0
4841,14.815076285530843,0
4842,16.643362327524848,0
4843,15.62664315963023,0
4844,19.105610280718675,0
4845,17.190477969017003,0
4846,16.88226455386423,0
4847,19.055139744467795,0
4848,20.504667336521944,0
4849,20.534680829382815,0
4850,21.065591665919733,0
4851,21.41492963474983,0
4852,20.67005781371482,0
4853,23.157962326236294,0
4854,24.30291964733918,0
4855,22.935372826648237,0
4856,24.80675632712704,0
4857,22.863015497673718,0
4858,24.99815136902608,0
4859,23.8706219984086,0
4860,25.807470316336964,0
4861,23.458617930422218,0
4862,23.57274943379716,0
4863,24.242543031312653,0
4864,24.240514345033514,0
4865,23.60911025696453,0
4866,24.200885245818455,0
4867,22.98682644308588,0
4868,22.14015744152979,0
4869,23.541820614984438,0
4870,22.209976372037907,0
4871,20.855717805525455,0
4872,20.327973868762093,0
4873,17.466549969090625,0
4874,17.399000157286395,0
4875,20.20694186323362,0
4876,15.949363037013093,0
4877,17.90038902227875,0
4878,16.855631813213314,0
4879,15.595833604137479,0
4880,18.210603571700936,0
4881,15.082280641915478,0
4882,16.643860181953418,0
4883,14.345032308461128,0
4884,15.280696265127904,0
4885,15.353256431038641,0
4886,15.366980012167526,0
4887,16.517995601885147,0
4888,15.939096136934047,0
4889,14.709880039606462,0
4890,16.641534962455083,0
4891,15.171583896602662,0
4892,18.884150058400248,0
4893,19.050629684214666,0
4894,19.585060863029078,0
4895,19.10258688180688,0
4896,20.482259131369954,0
4897,18.38983958127342,0
4898,20.631014090040008,0
4899,22.026928564941223,0
4900,20.13470547945282,0
4901,23.179465851214875,0
4902,23.084597219244856,0
4903,24.229236138145282,0
4904,23.696325755432007,0
4905,25.952040171630294,0
4906,24.72135502100577,0
4907,26.134420830590223,0
4908,25.852951963797615,0
4909,23.664350467822942,0
4910,22.643010723564704,0
4911,24.23500659237731,0
4912,24.60318099596399,0
4913,24.27968146753143,0
4914,23.016431776823396,0
4915,25.243045471117455,0
4916,22.36425273522862,0
4917,23.40896980279173,0
4918,19.542691387759994,0
4919,21.127319251674525,0
4920,19.83469036085261,0
4921,20.411952149195805,0
4922,21.23568422635168,0
4923,17.39627529408041,0
4924,16.905999899839514,0
4925,16.831284027732835,0
4926,16.148858320993437,0
4927,16.008404325163816,0
4928,15.71067162613218,0
4929,14.79315835308059,0
4930,15.17826995814519,0
4931,14.805997901875982,0
4932,16.34520602361161,0
4933,14.435468867605941,0
4934,15.994388797815642,0
4935,15.979276609863035,0
4936,15.836724645384201,0
4937,17.163678805564153,0
4938,14.526121045511882,0
4939,17.366541384968723,0
4940,16.745914479060012,0
4941,15.722384405354834,0
4942,18.309507517639563,0
4943,19.6587231888216,0
4944,17.9497933556375,0
4945,20.922413233369706,0
4946,20.25475123113118,0
4947,21.0350360291129,0
4948,24.018089366625293,0
4949,24.227754206683393,0
4950,24.19788679292224,0
4951,24.36043779644839,0
4952,23.38987591255187,0
4953,26.479568171215725,0
4954,25.939557172668856,0
4955,25.670055464277777,0
4956,26.454425314401444,0
4957,25.168552442398358,0
4958,24.8883232702225,0
4959,25.41671704520537,0
4960,25.16077919322956,0
4961,25.65291586344401,0
4962,23.153002695288045,0
4963,24.898988395494815,0
4964,22.608984235931096,0
4965,23.000106736761445,0
4966,21.67031749149152,0
4967,18.837065511684436,0
4968,19.86208713370729,0
4969,19.19803187285408,0
4970,18.330431536176594,0
4971,20.661865849085974,0
4972,17.121403808552813,0
4973,17.553286659805867,0
4974,17.17726769833864,0
4975,15.61310146928656,0
4976,14.239300235230905,0
4977,14.43935916833342,0
4978,16.75965262460859,0
4979,14.298465305541384,0
4980,15.346435597151638,0
4981,15.352435818123347,0
4982,14.063274678175723,0
4983,16.213029757414933,0
4984,16.195484342915734,0
4985,14.692935133016842,0
4986,15.493742074471344,0
4987,16.505706711443462,0
4988,18.58591003751411,0
4989,17.351668347109516,0
4990,16.675860129949722,0
4991,21.130158877607993,0
4992,18.905580256830962,0
4993,20.02266387507392,0
4994,20.64059726956539,0
4995,19.845514958944392,0
4996,23.81604433736644,0
4997,24.04283019039915,0
4998,24.61754712027016,0
4999,24.20713358915972,0
5000,27.603354739116266,0
5001,23.186771356315877,0
5002,24.915395255303338,0
5003,24.629331408465504,0
5004,22.589523866207923,0
5005,24.104756849380337,0
5006,24.569211911021867,0
5007,24.452335995090912,0
5008,23.93337011094265,0
5009,23.887283626068154,0
5010,23.696124850249255,0
5011,22.75964487474117,0
5012,23.780636226247726,0
5013,21.831160975669135,0
5014,22.688364315714608,0
5015,22.15372511981566,0
5016,20.187539281443012,0
5017,18.47663578096646,0
5018,19.145133857443238,0
5019,19.46165532344748,0
5020,15.189142947840264,0
5021,16.64634094477278,0
5022,18.940295745330026,0
5023,15.82393382527588,0
5024,14.919573401381147,0
5025,14.601153233382977,0
5026,14.548305849653529,0
5027,14.528339763602533,0
5028,13.634804026195516,0
5029,15.173146259955292,0
5030,15.1842232377379,0
5031,13.94890777502348,0
5032,16.944094589332334,0
5033,17.143993523828804,0
5034,15.900300185637885,0
5035,16.669233067225164,0
5036,17.912728665993967,0
5037,18.10228850916842,0
5038,19.29594768721878,0
5039,20.49133982430323,0
5040,21.636017929975576,0
5041,21.745032470702082,0
5042,21.129983779799247,0
5043,21.588736144500587,0
5044,20.95456323817557,0
5045,23.197453159818668,0
5046,25.25220522403466,0
5047,24.616763645713412,0
5048,23.699466046549304,0
5049,24.994847096096443,0
5050,24.435861643253244,0
5051,25.06116591636644,0
5052,24.38012756605875,0
5053,26.676194626888215,0
5054,22.622558717944244,0
5055,23.56225525650408,0
5056,24.982782858869196,0
5057,21.725573311506952,0
5058,23.092153866914206,0
5059,21.729052502571793,0
5060,22.844866829124445,0
5061,21.923119055081553,0
5062,21.195984765581876,0
5063,20.64292443186184,0
5064,19.762977331122773,0
5065,21.33200942809312,0
5066,18.348306002229236,0
5067,17.00769060506807,0
5068,17.561641838101625,0
5069,15.365830538903817,0
5070,15.341007081596237,0
5071,17.059730670988987,0
5072,15.848079827816624,0
5073,15.263415687451664,0
5074,16.310471636195203,0
5075,14.08060207218553,0
5076,13.068371435152702,0
5077,16.106276724078178,0
5078,14.900027854538944,0
5079,17.89454419311132,0
5080,14.036414647572318,0
5081,16.105111399749326,0
5082,15.889349288805827,0
5083,17.197329169416335,0
5084,17.412834175408438,0
5085,17.72172766450348,0
5086,20.29839768516584,0
5087,20.476607409114592,0
5088,20.400561208194457,0
5089,21.350499400946266,0
5090,21.66276757946582,0
5091,20.104612537448382,0
5092,21.64253875258374,0
5093,23.41210798461293,0
5094,23.754735054021687,0
5095,25.775386255407952,0
5096,23.580800204535098,0
5097,24.488830393589993,0
5098,24.893401253533163,0
5099,25.228182828664742,0
5100,26.307330332058037,0
5101,24.09282845938015,0
5102,25.921877604250913,0
5103,25.052588509596745,0
5104,22.841907016493096,0
5105,22.6290102656294,0
5106,23.450128337799164,0
5107,24.901904380117372,0
5108,22.909560310796934,0
5109,22.564900329586404,0
5110,21.652860320526546,0
5111,19.430883305199703,0
5112,19.34926427204268,0
5113,17.687570935315133,0
5114,19.605746123692644,0
5115,17.663718087187494,0
5116,18.83087648250393,0
5117,16.87709558490692,0
5118,14.962779636980462,0
5119,15.611477650496793,0
5120,16.72849800953905,0
5121,15.060451688158388,0
5122,15.255256026190352,0
5123,13.451486292112584,0
5124,14.614988385356167,0
5125,15.826219450451873,0
5126,15.074225519441798,0
5127,15.612642796240776,0
5128,15.96731873425201,0
5129,15.222824163731158,0
5130,16.53970706802397,0
5131,16.886027770268427,0
5132,16.794919741822362,0
5133,19.928657868597256,0
5134,20.399391708770896,0
5135,20.75476934956523,0
5136,19.950719226829364,0
5137,19.083032588177407,0
5138,22.115558728852136,0
5139,21.242600230425893,0
5140,23.340155438158412,0
5141,22.669632033953054,0
5142,22.840132429653753,0
5143,22.03132531519706,0
5144,24.672025723627033,0
5145,25.2551906507995,0
5146,25.52558775178852,0
5147,25.953763709950525,0
5148,23.313378716417123,0
5149,25.151062348027693,0
5150,25.77585268306685,0
5151,25.756468185212928,0
5152,22.699399349042647,0
5153,24.287385045018574,0
5154,24.661844085645363,0
5155,23.786890740319443,0
5156,21.607375257272164,0
5157,22.921753607312525,0
5158,21.625562166630306,0
5159,22.192399063749278,0
5160,19.33488249003435,0
5161,19.554391453319322,0
5162,18.77560019069506,0
5163,18.838459495426907,0
5164,16.080302118183138,0
5165,16.914947716180134,0
5166,15.15174172147161,0
5167,15.843891089837479,0
5168,15.107030398731315,0
5169,15.350711111207934,0
5170,16.020402383131188,0
5171,15.446750823642434,0
5172,15.529579331284262,0
5173,15.513911141612118,0
5174,15.064070810909207,0
5175,14.751562798006843,0
5176,16.02919718259066,0
5177,14.251113380572567,0
5178,16.710266311038097,0
5179,16.439121221578493,0
5180,16.76472259791077,0
5181,18.174321926058024,0
5182,18.815289187523693,0
5183,18.237327384449944,0
5184,19.986018779391244,0
5185,21.21208407558659,0
5186,20.573714952163822,0
5187,22.6427303849051,0
5188,21.03512876023749,0
5189,22.165490244433563,0
5190,24.260089561893523,0
5191,23.693497596194014,0
5192,23.76345476275811,0
5193,25.127956648623545,0
5194,25.58539316312404,0
5195,24.90377271089831,0
5196,25.370599235746123,0
5197,25.02547181885626,0
5198,24.25922762344633,0
5199,24.881175855951227,0
5200,24.057460493332652,0
5201,21.85781178995833,0
5202,23.006248996854293,0
5203,23.55196548299138,0
5204,22.532977050446775,0
5205,21.875162496459836,0
5206,20.651461989648563,0
5207,19.092930641369925,0
5208,18.976459201884147,0
5209,17.952484786972985,0
5210,17.125334516458167,0
5211,18.536526698141436,0
5212,16.990487719143488,0
5213,15.681400055769329,0
5214,16.917993440779576,0
5215,16.811919344919286,0
5216,14.139406671819003,0
5217,16.025212503895496,0
5218,13.869575310373717,0
5219,17.60480094527609,0
5220,15.314553020024537,0
5221,12.982888897640695,0
5222,16.323914762019346,0
5223,14.359357450510263,0
5224,16.104023837497184,0
5225,17.758336833309713,0
5226,17.422301539317935,0
5227,15.309962439799516,0
5228,17.61101148426849,0
5229,17.434382186192114,0
5230,18.93574138305847,0
5231,19.0052191490273,0
5232,19.852157965013966,0
5233,22.201863407009498,0
5234,20.6498492603016,0
5235,23.135564834615924,0
5236,21.51473861393358,0
5237,22.812984658654695,0
5238,22.00588322727049,0
5239,25.12438035233137,0
5240,24.40151281111384,0
5241,23.232707733835355,0
5242,24.932697239822545,0
5243,24.5410753061381,0
5244,24.522615073469463,0
5245,24.3937395816841,0
5246,25.459252101016254,0
5247,23.94344142606286,0
5248,25.342875901372075,0
5249,24.578532318682697,0
5250,24.486829322437494,0
5251,24.152834536944255,0
5252,22.944669457439232,0
5253,21.20398538142282,0
5254,22.188480481171805,0
5255,19.22572814894039,0
5256,19.323531126791924,0
5257,20.493718249517123,0
5258,16.89760956271255,0
5259,17.200665346935487,0
5260,16.162748640676767,0
5261,17.32989077578368,0
5262,15.43585923770449,0
5263,16.227724081030455,0
5264,15.713822474600649,0
5265,17.35980335954646,0
5266,17.266183171246865,0
5267,14.209989122908285,0
5268,14.328270188120992,0
5269,14.983770302595468,0
5270,14.793699436492393,0
5271,15.03903508883789,0
5272,15.510946335503013,0
5273,16.943041984099537,0
5274,17.836908693196172,0
5275,15.541347794296147,0
5276,18.094444402234334,0
5277,18.234325146926608,0
5278,17.71684390127286,0
5279,19.29089861361974,0
5280,19.48117581515873,0
5281,20.761924376914376,0
5282,21.3980857629041,0
5283,20.21176245756282,0
5284,21.98367614166405,0
5285,23.27984213067873,0
5286,22.906938857346848,0
5287,20.85766318975637,0
5288,25.64383594343723,0
5289,24.46250073513956,0
5290,25.457619718203848,0
5291,24.301198967333708,0
5292,24.107795924678907,0
5293,25.94548016611858,0
5294,24.93455065211218,0
5295,24.133171316023102,0
5296,24.692183462256903,0
5297,23.647378916326684,0
5298,23.78440569841679,0
5299,23.905137167150244,0
5300,22.541906963045452,0
5301,21.47551098003793,0
5302,21.98252337520091,0
5303,21.857195071700772,0
5304,20.252001966245214,0
5305,19.383442820809428,0
5306,18.752934946387644,0
5307,17.452462399032534,0
5308,18.180862424984593,0
5309,16.55915883185569,0
5310,16.109902669917364,0
5311,16.43642064098847,0
5312,17.147723619108376,0
5313,16.552309962310666,0
5314,14.107462429161366,0
5315,16.482296946383137,0
5316,15.802592688922832,0
5317,15.194250455744875,0
5318,16.152122759626685,0
5319,15.677280623176037,0
5320,17.59253906634718,0
5321,15.31586364703025,0
5322,17.961566391296266,0
5323,16.538368361568676,0
5324,17.230838161864938,0
5325,18.97494883809302,0
5326,16.75052883756829,0
5327,20.256817346321487,0
5328,21.319114314970477,0
5329,18.97255729540954,0
5330,20.660813268486223,0
5331,22.973620376231413,0
5332,21.53836890087824,0
5333,21.723458465744283,0
5334,25.343157499654513,0
5335,23.577512266928192,0
5336,25.97606906319458,0
5337,25.66734130672729,0
5338,25.221358608821358,0
5339,24.172829088995407,0
5340,26.11592191400818,0
5341,25.47782535511003,0
5342,24.269994233117533,0
5343,23.889689047563802,0
5344,23.996001118684116,0
5345,22.830775750182006,0
5346,23.049501230388493,0
5347,23.528029107858362,0
5348,21.61059588451157,0
5349,21.558339913938173,0
5350,20.98702839678738,0
5351,20.515385970407188,0
5352,19.320035095713084,0
5353,19.76670400357504,0
5354,19.904528161925302,0
5355,16.80227755131438,0
5356,16.95800005041979,0
5357,16.804395758282126,0
5358,17.641266865739038,0
5359,15.898445201972406,0
5360,15.146901461693249,0
5361,16.26427202252774,0
5362,15.00405732991811,0
5363,13.972455069245424,0
5364,15.250009083828198,0
5365,15.149538479508845,0
5366,14.538222298591974,0
5367,13.697122341910372,0
5368,15.125822451080632,0
5369,16.43009962639876,0
5370,16.80257713911246,0
5371,15.452724106720162,0
5372,16.33213729488399,0
5373,18.98918922441769,0
5374,16.86328031864772,0
5375,20.22059985873841,0
5376,20.65276363864224,0
5377,22.66812643309781,0
5378,19.626490672045836,0
5379,22.749299293696044,0
5380,21.891998156483503,0
5381,23.07167435409042,0
5382,22.48717511569206,0
5383,24.886030881853856,0
5384,24.884338960919674,0
5385,23.45643790063242,0
5386,23.365997038120483,0
5387,25.281191876668576,0
5388,24.523123999661692,0
5389,25.15671545145286,0
5390,25.014769736533168,0
5391,24.976089182781273,0
5392,24.40145555859955,0
5393,23.453671696829595,0
5394,24.541689231049265,0
5395,23.779390259157015,0
5396,22.46460672127167,0
5397,22.299242283748463,0
5398,21.285144816787533,0
5399,20.5472725659467,0
5400,19.510651395207745,0
5401,20.72371468146128,0
5402,18.178942563648675,0
5403,19.446933199069864,0
5404,18.169520497915432,0
5405,17.539057107812237,0
5406,17.16612924283846,0
5407,16.475790184357052,0
5408,14.409065895597898,0
5409,13.88778091622542,0
5410,14.406695742645722,0
5411,14.444890347062891,0
5412,14.95109026947627,0
5413,14.869751615346365,0
5414,15.48677425517333,0
5415,13.660977066499338,0
5416,15.767677438526084,0
5417,15.249631745744164,0
5418,15.713087979058622,0
5419,16.191435049267177,0
5420,17.411852287525466,0
5421,17.08479233706338,0
5422,19.324301491302055,0
5423,19.99216800227311,0
5424,19.202088087565297,0
5425,19.856796161382558,0
5426,21.180771031522536,0
5427,23.02304928145582,0
5428,23.03004439670991,0
5429,22.25813081117242,0
5430,23.32935474291171,0
5431,22.64039237737871,0
5432,23.75471393238822,0
5433,23.423438700098135,0
5434,25.25050656234868,0
5435,24.589573863463183,0
5436,24.82081277377541,0
5437,23.249286686188473,0
5438,24.242461402316412,0
5439,24.09669205037112,0
5440,25.303046212317405,0
5441,22.1581357942337,0
5442,22.463880653348262,0
5443,21.95512105773546,0
5444,22.79471345734718,0
5445,21.191278421638682,0
5446,22.363249379909792,0
5447,22.09808089373035,0
5448,17.96424570729102,0
5449,20.52479930714321,0
5450,19.312482110180596,0
5451,18.796857592671145,0
5452,17.945441199052567,0
5453,16.61491672377536,0
5454,15.900349918172882,0
5455,15.380847216417562,0
5456,14.725329727780755,0
5457,15.602229995916645,0
5458,15.032653389386901,0
5459,15.16766438805357,0
5460,15.093334269343075,0
5461,13.316427005991969,0
5462,15.043540027300358,0
5463,14.571497693090574,0
5464,14.71733613327735,0
5465,15.911967828238177,0
5466,17.2552083795599,0
5467,16.667911186684666,0
5468,17.720427286184478,0
5469,19.594810111706707,0
5470,19.352912058514242,0
5471,19.880550011025385,0
5472,19.27336168368175,0
5473,21.499740163359792,0
5474,20.951187438517167,0
5475,23.42301090254938,0
5476,24.455695464890876,0
5477,22.369307863743316,0
5478,23.83912158113861,0
5479,24.171994782784886,0
5480,25.88251315841854,0
5481,23.378524211028953,0
5482,26.05466055848736,0
5483,26.101280771952258,0
5484,25.169113728743003,0
5485,25.587183798662878,0
5486,24.81438331515276,0
5487,25.021370742149717,0
5488,24.245418202766217,0
5489,22.670796623447234,0
5490,23.055985369336813,0
5491,22.600364962542248,0
5492,23.128918163943734,0
5493,21.56645242453917,0
5494,21.837570367690176,0
5495,21.7582742431218,0
5496,19.69431400102587,0
5497,19.933516527659183,0
5498,17.461591116856734,0
5499,18.286675661036142,0
5500,18.57182186347203,0
5501,17.971168755345353,0
5502,20.031777342143403,0
5503,15.592266171489719,0
5504,15.854241358437264,0
5505,15.51990532009152,0
5506,14.577421805881091,0
5507,15.071610964059358,0
5508,13.826311552408148,0
5509,14.81229094454937,0
5510,18.1907695053393,0
5511,14.698349984589326,0
5512,16.6530095318062,0
5513,17.420079341587304,0
5514,17.965986286228272,0
5515,17.665004421062182,0
5516,17.862612720119927,0
5517,19.019204027794583,0
5518,19.765919892233484,0
5519,17.91152178870188,0
5520,21.533821154799316,0
5521,20.827031671805507,0
5522,22.31212011278917,0
5523,22.98195200730986,0
5524,22.9230239561778,0
5525,21.931129528019415,0
5526,21.866457673380992,0
5527,24.898839599275718,0
5528,23.720005318720098,0
5529,23.181918299900673,0
5530,24.329757986637347,0
5531,24.954389716226906,0
5532,26.563658318122144,0
5533,23.88495641144975,0
5534,25.29148229702449,0
5535,24.776478292104464,0
5536,23.885503854852818,0
5537,22.95240916724548,0
5538,24.958643320308852,0
5539,22.839607011307034,0
5540,22.79986106188235,0
5541,21.664508318693997,0
5542,23.112147232336216,0
5543,20.969202796489004,0
5544,19.56223167447157,0
5545,20.2519925191841,0
5546,18.865537940002408,0
5547,17.09981939841336,0
5548,16.013387225403203,0
5549,16.35272678491341,0
5550,15.913956583984591,0
5551,14.448948358031386,0
5552,13.561205942355098,0
5553,15.464735133459238,0
5554,15.173766072394718,0
5555,15.577669863023074,0
5556,13.737877109376736,0
5557,14.942855420113174,0
5558,15.169372440763198,0
5559,14.94035109823971,0
5560,14.710256341730952,0
5561,15.956435489725553,0
5562,15.848152346188574,0
5563,16.240761161200425,0
5564,17.0404476979324,0
5565,17.02995101269415,0
5566,17.597320772596245,0
5567,19.084001664215776,0
5568,19.89237933294408,0
5569,21.256655679087824,0
5570,20.933258066130772,0
5571,20.990125497934912,0
5572,21.224987630766037,0
5573,23.829322956831312,0
5574,22.8861521395173,0
5575,22.785048145111663,0
5576,25.660380802877416,0
5577,25.53950026320111,0
5578,24.159848607127884,0
5579,24.76684579908293,0
5580,24.06038143709843,0
5581,24.729600852742188,0
5582,26.128296075960936,0
5583,24.415493711691834,0
5584,25.273551241138037,0
5585,25.189104390765564,0
5586,21.62585060743006,0
5587,22.24439847778278,0
5588,23.762463339321442,0
5589,21.25607909940373,0
5590,20.626781830767097,0
5591,19.852777284527487,0
5592,20.81961844547631,0
5593,19.175558839955624,0
5594,21.084514183363886,0
5595,18.321736290326978,0
5596,15.382488859160954,0
5597,15.661032947601795,0
5598,16.554552634396803,0
5599,17.864784040984617,0
5600,16.589218422665287,0
5601,14.665333023178619,0
5602,14.55583476263,0
5603,13.393152930001659,0
5604,15.965996602890968,0
5605,13.360982341514129,0
5606,15.891464431105327,0
5607,16.259893194570722,0
5608,16.03223390996464,0
5609,17.147052672237407,0
5610,18.61204158056068,0
5611,16.146700697738257,0
5612,19.23834326910751,0
5613,15.950178657890177,0
5614,18.30575127416834,0
5615,19.1310236810711,0
5616,19.899871577607314,0
5617,21.78480110616754,0
5618,21.061888237502835,0
5619,20.974272613302745,0
5620,21.514836646882316,0
5621,22.643503661568392,0
5622,24.044866940275796,0
5623,22.855537998589558,0
5624,23.58049554953616,0
5625,23.926356791430422,0
5626,25.27460588889466,0
5627,25.22881808284326,0
5628,23.83318377296012,0
5629,23.704997551129335,0
5630,24.0539007059178,0
5631,24.885008596169,0
5632,25.569138516934427,0
5633,24.051160690723727,0
5634,22.801969863000224,0
5635,25.111884611773824,0
5636,23.26583892384096,0
5637,19.48381929802213,0
5638,21.92005265099339,0
5639,21.768372239328265,0
5640,21.03609767111855,0
5641,18.764659076194384,0
5642,17.06713353410509,0
5643,18.128353014798044,0
5644,18.12304175852822,0
5645,17.46692756858529,0
5646,16.774209953951637,0
5647,15.276006095308649,0
5648,15.733444265734086,0
5649,15.289763375119458,0
5650,14.618454639950428,0
5651,16.82467383787813,0
5652,14.657136089732656,0
5653,14.718446807332175,0
5654,16.99076034593262,0
5655,14.929577422143938,0
5656,15.192850496254602,0
5657,15.850282357191624,0
5658,15.118743733826054,0
5659,17.501820374696415,0
5660,17.062378106066504,0
5661,18.23143386133275,0
5662,19.734198412123447,0
5663,18.66064012088471,0
5664,19.42757460056266,0
5665,18.96139199521819,0
5666,21.975214434957767,0
5667,21.338329715801137,0
5668,23.211876462903092,0
5669,22.850227642691586,0
5670,22.892743749327398,0
5671,23.011794869659326,0
5672,25.42475370328123,0
5673,25.16926124458228,0
5674,25.784525471146313,0
5675,24.799252606730978,0
5676,23.51999658845194,0
5677,24.742784595666315,0
5678,25.38285701338219,0
5679,25.254680360243288,0
5680,25.16519656551323,0
5681,24.994034291440837,0
5682,24.44024510200342,0
5683,24.664869880024284,0
5684,20.71611301402482,0
5685,22.57546390568564,0
5686,21.921611606715167,0
5687,21.466149287292012,0
5688,20.117697865794675,0
5689,18.609852014092088,0
5690,18.96258256267891,0
5691,18.872535687670098,0
5692,17.619876475582533,0
5693,18.04900966860875,0
5694,17.404377020251875,0
5695,13.94925659349404,0
5696,18.019721248603222,0
5697,14.309753084311462,0
5698,17.63273173603252,0
5699,15.835457415043404,0
5700,14.41419501385853,0
5701,15.360687173415275,0
5702,15.10326951333717,0
5703,16.000530463442693,0
5704,14.27018340852767,0
5705,15.729427695658886,0
5706,14.09106446348612,0
5707,16.95437912455061,0
5708,16.994269372219613,0
5709,16.969447473746904,0
5710,17.67973490580763,0
5711,19.161128791731436,0
5712,19.396756469095834,0
5713,20.47862926430336,0
5714,20.773833630955785,0
5715,21.33219584212597,0
5716,21.834078494428667,0
5717,24.107791693847105,0
5718,23.13595992108841,0
5719,23.94302111968225,0
5720,25.060427483031486,0
5721,25.932942302254673,0
5722,23.405290313880307,0
5723,24.60344303799743,0
5724,24.034259548552665,0
5725,25.135426478929883,0
5726,24.999623528129945,0
5727,22.939435453766265,0
5728,23.31450864991331,0
5729,23.160851971728896,0
5730,24.442056939852428,0
5731,20.900947203855026,0
5732,23.025086606736934,0
5733,21.93532749492804,0
5734,20.69314465975233,0
5735,20.803362083919055,0
5736,19.282132410817837,0
5737,21.264046096831912,0
5738,18.78955954632465,0
5739,17.59619029585661,0
5740,18.614849263611774,0
5741,17.029047728723942,0
5742,15.606821077310233,0
5743,15.803627774161937,0
5744,16.07564875493539,0
5745,15.4612297256176,0
5746,15.426521408200939,0
5747,15.311048573142422,0
5748,15.713524488992224,0
5749,14.988265819122214,0
5750,17.01976647213749,0
5751,15.97248875899589,0
5752,16.905980089714856,0
5753,16.078700348385176,0
5754,15.816357296788704,0
5755,16.928795590138773,0
5756,17.696795439805033,0
5757,17.553954695493722,0
5758,15.803192474416836,0
5759,18.796202233696555,0
5760,21.158303930811044,0
5761,22.233633157466606,0
5762,22.80061258896145,0
5763,21.56017130123052,0
5764,22.132114479775037,0
5765,24.771569755523846,0
5766,24.269846365940744,0
5767,22.80180957288585,0
5768,23.240571830867623,0
5769,23.717241801953108,0
5770,24.23069871696681,0
5771,22.553446410154873,0
5772,24.226321782306822,0
5773,24.329991197419208,0
5774,25.48638201541951,0
5775,24.3058897213329,0
5776,22.59715567692199,0
5777,24.308834864173793,0
5778,24.473710839756965,0
5779,24.797198741930337,0
5780,23.479010068499928,0
5781,22.80055306948131,0
5782,23.042537867447244,0
5783,19.428480931024435,0
5784,21.806193317605477,0
5785,21.229782012686098,0
5786,17.98920179892524,0
5787,19.248556339949683,0
5788,16.15166371038726,0
5789,19.905607645878735,0
5790,17.363294055016798,0
5791,16.064559754438225,0
5792,14.776602583430721,0
5793,15.538496457287142,0
5794,15.966561702844162,0
5795,15.122555316651766,0
5796,16.162745906909088,0
5797,15.42786563841235,0
5798,14.680902160279487,0
5799,16.480796881703828,0
5800,18.858945995657212,0
5801,13.963565172587682,0
5802,16.57885075153164,0
5803,18.022589424964718,0
5804,16.92580084071454,0
5805,17.05688627595893,0
5806,18.00585507213545,0
5807,19.537915895517333,0
5808,18.955427460388652,0
5809,18.87645814757501,0
5810,19.88661299182116,0
5811,22.145395326409893,0
5812,22.320340992857012,0
5813,24.00890815043144,0
5814,23.656264817828898,0
5815,22.78826792653623,0
5816,23.608239985857768,0
5817,23.758041009911697,0
5818,25.64472652083331,0
5819,24.848228378050084,0
5820,24.790410832204234,0
5821,25.249304892785688,0
5822,25.380729552476488,0
5823,23.884114921795366,0
5824,22.879792255375545,0
5825,23.850832993585378,0
5826,23.05809928626416,0
5827,23.39621234389626,0
5828,21.127255779645708,0
5829,23.30667144665189,0
5830,21.175043704202462,0
5831,21.94439366052676,0
5832,20.52104468193232,0
5833,19.229636950596234,0
5834,17.771479338673455,0
5835,17.919881881066136,0
5836,16.612822887634078,0
5837,18.65327013330278,0
5838,15.653163780318296,0
5839,16.079366087638352,0
5840,14.886780075112087,0
5841,14.748544678361469,0
5842,15.337568508554915,0
5843,17.15771462454784,0
5844,13.85348149888096,0
5845,15.123076697226974,0
5846,16.265325515136052,0
5847,15.397163667216445,0
5848,15.197193567814072,0
5849,18.92990845339571,0
5850,16.837451931163965,0
5851,16.36402363319739,0
5852,15.83845907736414,0
5853,17.143196341336182,0
5854,18.12737442508469,0
5855,20.325763906977983,0
5856,20.035062528567224,0
5857,19.84936633141129,0
5858,23.023888513536406,0
5859,23.068454204810916,0
5860,22.08844315921879,0
5861,23.957044420433736,0
5862,23.585229460868376,0
5863,23.44925274516194,0
5864,23.26428540152789,0
5865,24.41026775677277,0
5866,24.93965795534923,0
5867,25.2733600701354,0
5868,25.17875660163082,0
5869,26.01522363036032,0
5870,26.34505888126136,0
5871,24.5985266414535,0
5872,25.007303219121876,0
5873,25.241447453352208,0
5874,23.29399216698444,0
5875,22.34243397169245,0
5876,20.438379812680118,0
5877,21.671345490053913,0
5878,19.142766200150852,0
5879,19.647111375412717,0
5880,20.41423744121557,0
5881,20.182435027376048,0
5882,17.395688215538826,0
5883,15.981223772078051,0
5884,16.11936857292112,0
5885,17.280540750562466,0
5886,18.56041788714551,0
5887,15.92179778838057,0
5888,13.618505915446402,0
5889,14.204706404006043,0
5890,16.36026112821707,0
5891,15.459472410716613,0
5892,15.638815717995008,0
5893,14.902223765554567,0
5894,15.082910050467875,0
5895,13.308577528789325,0
5896,16.58232521172674,0
5897,17.668189430283807,0
5898,15.811701943366964,0
5899,16.167923380530276,0
5900,17.402125873371908,0
5901,17.708054871813104,0
5902,17.421027707081386,0
5903,18.185259707250417,0
5904,20.231620781752344,0
5905,21.843641857725583,0
5906,20.68547997133826,0
5907,20.400813832398917,0
5908,22.943909147285893,0
5909,24.1749008622472,0
5910,22.825012014102327,0
5911,22.839402917630178,0
5912,23.763937219282553,0
5913,24.349897930789005,0
5914,26.340701714538557,0
5915,23.89516232715797,0
5916,25.351885121593533,0
5917,25.413884195255175,0
5918,24.386644297073847,0
5919,26.400156726009566,0
5920,24.97467736501194,0
5921,23.36085641756387,0
5922,23.252709506140867,0
5923,23.094587246197346,0
5924,24.169473956524847,0
5925,21.59765946027715,0
5926,22.040237978866166,0
5927,21.097375619411714,0
5928,18.973537609644858,0
5929,19.69082113898832,0
5930,17.638764067705807,0
5931,17.663262312621594,0
5932,17.358355997035627,0
5933,17.560759257919937,0
5934,16.35241271730143,0
5935,15.611507381684616,0
5936,15.1046605473638,0
5937,14.92955310165585,0
5938,15.342509077056816,0
5939,13.687839925080592,0
5940,14.279683489076541,0
5941,15.022140447947256,0
5942,12.68348852773249,0
5943,16.027375866107608,0
5944,16.526569713132112,0
5945,15.30795361162777,0
5946,16.384945503184156,0
5947,16.857550214152443,0
5948,17.050338683181778,0
5949,18.226031748311684,0
5950,17.51696966488789,0
5951,20.106465831641877,0
5952,19.313863055417777,0
5953,21.708755403882137,0
5954,23.98116156367793,0
5955,22.178148134588636,0
5956,22.988238443940382,0
5957,23.343365216592154,0
5958,23.419905685692083,0
5959,24.662752053099425,0
5960,25.37177735753867,0
5961,24.07531348380378,0
5962,26.170638848138587,0
5963,24.711565201567925,0
5964,26.49443017627696,0
5965,24.76140603430883,0
5966,22.722630412102625,0
5967,24.20386828651998,0
5968,23.389869204085567,0
5969,23.760083880566985,0
5970,24.367921704299945,0
5971,22.350377089835554,0
5972,21.827473415915154,0
5973,22.063612186004917,0
5974,19.87326349484174,0
5975,20.18159538143332,0
5976,21.300643938248076,0
5977,20.821316024150363,0
5978,18.135380672131333,0
5979,17.70462271050301,0
5980,18.248517846997096,0
5981,18.192955006613733,0
5982,16.108150907759903,0
5983,15.165712543496936,0
5984,14.955856744443306,0
5985,16.581674532093984,0
5986,15.721776132720382,0
5987,14.25502344036017,0
5988,16.657217073796247,0
5989,14.753893057378264,0
5990,14.38697500419497,0
5991,16.454554292010872,0
5992,16.743256955079804,0
5993,15.374852377720828,0
5994,15.954274345102839,0
5995,17.609764100263586,0
5996,17.209724070371077,0
5997,19.359834767331964,0
5998,19.585326708496723,0
5999,18.85645281198805,0
6000,17.214057163493667,0
6001,20.75320029205188,0
6002,21.278710213310042,0
6003,24.13887154910636,0
6004,21.49763264843118,0
6005,22.939773396189217,0
6006,25.18486314926278,0
6007,23.799918367620922,0
6008,25.321236414006115,0
6009,24.895046218634732,0
6010,24.81525719238163,0
6011,25.64822867357327,0
6012,24.638057849010675,0
6013,24.117087495468063,0
6014,25.35528791192915,0
6015,24.334782582761633,0
6016,24.807611789524657,0
6017,25.3536877792757,0
6018,24.427475971631956,0
6019,21.936338569174836,0
6020,21.618746097322216,0
6021,20.582851720810172,0
6022,20.79391077851161,0
6023,19.953040377164683,0
6024,20.50139255349159,0
6025,20.623252354452212,0
6026,19.16869935227168,0
6027,16.064216732831312,0
6028,17.268243085522236,0
6029,17.032250961837107,0
6030,17.80111095158036,0
6031,16.514411220613173,0
6032,16.48430321854533,0
6033,15.67349531022607,0
6034,13.70779745304423,0
6035,15.591269799604978,0
6036,16.068614749431333,0
6037,13.962738995588904,0
6038,16.955578491998253,0
6039,17.71283645741626,0
6040,14.852185685578982,0
6041,15.4367830697224,0
6042,15.438405976063198,0
6043,17.26017015886862,0
6044,16.689785522328847,0
6045,19.867266577349863,0
6046,18.18525932496103,0
6047,19.353453668998483,0
6048,20.753250926676678,0
6049,20.285983340722783,0
6050,22.955731746228256,0
6051,21.918100783763798,0
6052,22.742431099405085,0
6053,23.835810849276978,0
6054,22.27294891310344,0
6055,24.180116204525806,0
6056,23.740879435305676,0
6057,24.900280945230573,0
6058,23.758302341787566,0
6059,26.38472709503284,0
6060,25.668352142458183,0
6061,24.63453807106337,0
6062,24.739892574086525,0
6063,23.010762693258172,0
6064,24.81148794136844,0
6065,22.789224814691888,0
6066,24.40877265452252,0
6067,22.36293338124687,0
6068,24.19135814702641,0
6069,21.647543640040425,0
6070,20.76993266617492,0
6071,21.79986089824441,0
6072,19.875908182923258,0
6073,21.373850995155564,0
6074,20.75460456087482,0
6075,17.529324812037572,0
6076,18.726182990737502,0
6077,17.622108738469837,0
6078,16.682518115775057,0
6079,14.230961911565014,0
6080,15.613327612573304,0
6081,14.90293678388032,0
6082,16.36306909126502,0
6083,16.32127262609891,0
6084,13.915990602921909,0
6085,13.690500923656698,0
6086,15.416794125132594,0
6087,14.996199638154165,0
6088,16.631694114646393,0
6089,15.529366845458702,0
6090,17.850341244822985,0
6091,18.70479229608097,0
6092,16.288365055730893,0
6093,17.15539864831998,0
6094,18.867872254598076,0
6095,19.11673557907956,0
6096,21.954773190985,0
6097,20.56036010193718,0
6098,21.104334179114655,0
6099,20.39710313348089,0
6100,23.06905745433224,0
6101,22.09611798169085,0
6102,22.92943386728553,0
6103,22.010128557951592,0
6104,24.123111287941043,0
6105,24.778768150646762,0
6106,25.02251449356379,0
6107,23.434685337504302,0
6108,25.18298898432131,0
6109,25.336477172081985,0
6110,25.56094381175079,0
6111,23.132280138550893,0
6112,24.569036587827352,0
6113,24.228016307448563,0
6114,23.459523830668367,0
6115,23.391703772244064,0
6116,21.455188881745492,0
6117,21.085599358164792,0
6118,23.580377857288873,0
6119,21.77072970101641,0
6120,20.837118884224946,0
6121,19.77010996603104,0
6122,18.372790867559452,0
6123,17.365384258349025,0
6124,16.15980773597947,0
6125,16.787804162936546,0
6126,14.782775504607102,0
6127,16.027334553735194,0
6128,14.86892656934531,0
6129,14.992224385450223,0
6130,14.644485965714038,0
6131,16.843468144662182,0
6132,16.943821644717016,0
6133,13.917307190907787,0
6134,17.39303506869372,0
6135,16.347330282831688,0
6136,16.302809943272905,0
6137,17.202910493893512,0
6138,13.994980047373314,0
6139,17.26005109756298,0
6140,19.321585710880704,0
6141,17.68946634675883,0
6142,20.05737431806953,0
6143,18.78981571103509,0
6144,19.05489425665451,0
6145,21.180239952084513,0
6146,21.01219083833185,0
6147,21.316219449553333,0
6148,22.305953235892428,0
6149,23.23717345183835,0
6150,24.363774885878904,0
6151,23.97025274788696,0
6152,24.524483117470584,0
6153,24.536310819132265,0
6154,24.15401828456044,0
6155,24.165687952380736,0
6156,24.651029411666585,0
6157,24.34517722519835,0
6158,24.38034407171508,0
6159,25.27301511503437,0
6160,24.46404045391814,0
6161,24.077804077890317,0
6162,22.6882982970441,0
6163,22.64337427682774,0
6164,22.168104562954195,0
6165,21.268764915524457,0
6166,22.046101176772332,0
6167,22.513746147143934,0
6168,21.065205680808507,0
6169,18.421474797553444,0
6170,18.349171482148016,0
6171,18.761654110699457,0
6172,17.247962280723133,0
6173,17.081183166774018,0
6174,15.257799551444382,0
6175,14.816243072110648,0
6176,16.26202644793579,0
6177,14.698736536609065,0
6178,15.852607102212072,0
6179,16.004873592157224,0
6180,14.271896597086698,0
6181,14.239013587718073,0
6182,16.789603830998765,0
6183,15.274007821057738,0
6184,16.112346526541725,0
6185,16.460603955221217,0
6186,16.351662582237072,0
6187,17.076365974734472,0
6188,18.247533834765996,0
6189,17.95402384521741,0
6190,16.927902254360838,0
6191,18.97171832824422,0
6192,19.486239215386888,0
6193,20.22794843297034,0
6194,22.3316927244869,0
6195,20.297006885142327,0
6196,23.174417023781405,0
6197,21.79951241161257,0
6198,22.968457411168583,0
6199,24.4735797639633,0
6200,23.469723654921854,0
6201,25.916616336848108,0
6202,25.822735750081222,0
6203,24.63026767095253,0
6204,24.658604327102,0
6205,24.52016266946366,0
6206,22.24503333141655,0
6207,23.82945604582138,0
6208,23.606743542814186,0
6209,24.072561374794176,0
6210,24.158743520650315,0
6211,19.70125928733158,0
6212,21.670986950980158,0
6213,22.58101679352441,0
6214,21.902167092038027,0
6215,22.104644966424928,0
6216,19.412795810498125,0
6217,18.07081640180795,0
6218,18.6632891004382,0
6219,18.612757067094318,0
6220,16.430590042325942,0
6221,16.00812709296495,0
6222,15.215551136628392,0
6223,16.60938714938871,0
6224,14.435558675979012,0
6225,15.45792453986776,0
6226,15.12731469156184,0
6227,14.7607556024127,0
6228,15.358220907868121,0
6229,15.017714893907957,0
6230,13.84879233203187,0
6231,14.442037202108782,0
6232,15.991134730525093,0
6233,17.74959974883187,0
6234,17.191310016827536,0
6235,16.99842603432021,0
6236,17.720446736662304,0
6237,17.208482821851142,0
6238,20.12664710826331,0
6239,20.46286953431101,0
6240,17.77788782042487,0
6241,21.347485812528284,0
6242,19.50665568408694,0
6243,21.86440971710318,0
6244,23.730754190468026,0
6245,22.241791936310662,0
6246,23.612830629561472,0
6247,23.742313376904026,0
6248,21.04546260461833,0
6249,26.703114840903055,0
6250,25.413586227994756,0
6251,22.35404979168228,0
6252,26.476140688669194,0
6253,24.26037912735563,0
6254,24.26003669707593,0
6255,24.066949820173726,0
6256,25.31814642587779,0
6257,24.463002061573544,0
6258,22.55244532314418,0
6259,22.95169384352181,0
6260,21.338370762405717,0
6261,23.068176072072983,0
6262,21.57306815970681,0
6263,21.572358132762588,0
6264,18.673555722315093,0
6265,19.336677179395945,0
6266,20.541351717832185,0
6267,17.513894378853653,0
6268,17.38336668807651,0
6269,16.403445090901112,0
6270,15.740860491344081,0
6271,16.14384495547648,0
6272,15.450957229114728,0
6273,14.504566214731351,0
6274,14.336637195032905,0
6275,15.54862381139908,0
6276,16.437099163798948,0
6277,15.411892010921504,0
6278,15.65059387028511,0
6279,14.727005074170073,0
6280,15.321965217064319,0
6281,15.195745186734081,0
6282,16.486527883236647,0
6283,16.96937574389317,0
6284,18.730224513879676,0
6285,19.422285862291204,0
6286,18.255794476475927,0
6287,20.111133116372763,0
6288,19.84418249291115,0
6289,19.48053269117125,0
6290,20.701064958270184,0
6291,22.236367668212715,0
6292,22.77406747824183,0
6293,23.736943058460042,0
6294,22.76563554380747,0
6295,23.7407049045121,0
6296,22.509278560719792,0
6297,25.534681883437912,0
6298,28.267127507151336,0
6299,25.30807325558451,0
6300,22.845451246389015,0
6301,24.981500820484374,0
6302,24.800295200834043,0
6303,25.44125202900687,0
6304,24.93915862291358,0
6305,25.500656457771644,0
6306,24.75499288328897,0
6307,23.506963503804958,0
6308,21.86682627682754,0
6309,21.310991709813027,0
6310,21.487399201548616,0
6311,20.228995720745395,0
6312,21.129039111777786,0
6313,20.096077892621356,0
6314,19.522576526010628,0
6315,15.605558039621211,0
6316,16.58165259093618,0
6317,18.14787921767757,0
6318,16.632514538741354,0
6319,16.186892128252342,0
6320,16.5339758678187,0
6321,14.787121546037444,0
6322,14.540700990837983,0
6323,14.673624829282039,0
6324,13.78611047821341,0
6325,14.797417674211763,0
6326,13.13760840428945,0
6327,16.876685009190872,0
6328,17.438525111913496,0
6329,16.762507635568365,0
6330,16.668427520758193,0
6331,14.984571426758103,0
6332,19.604060745908743,0
6333,18.781677091296782,0
6334,17.959003068784554,0
6335,18.49584665557789,0
6336,20.215719535398236,0
6337,19.86359612093836,0
6338,21.75354139072973,0
6339,22.9094755626616,0
6340,21.21288625058689,0
6341,21.498174880378578,0
6342,22.861188369533437,0
6343,24.963582359355147,0
6344,24.60179544677732,0
6345,24.768742456935918,0
6346,24.636276405935394,0
6347,26.16390688800716,0
6348,24.00545070607469,0
6349,26.289751739785608,0
6350,24.05622541299019,0
6351,24.19767670797222,0
6352,24.741479265218818,0
6353,25.31500455618002,0
6354,23.73881676409492,0
6355,21.72539057058796,0
6356,22.581386569510844,0
6357,20.276338757952686,0
6358,22.184456261826384,0
6359,20.787242179702687,0
6360,19.919934758957353,0
6361,19.950486950881633,0
6362,17.54397554352674,0
6363,16.17452664904345,0
6364,17.143530307169872,0
6365,16.534180361963593,0
6366,14.472517699225325,0
6367,16.18209365482286,0
6368,16.643377882277733,0
6369,16.950852090821503,0
6370,15.836966899201913,0
6371,15.054062884089046,0
6372,12.295424566157902,0
6373,12.561983442552254,0
6374,16.073623128375676,0
6375,16.87368365765959,0
6376,14.958253275457585,0
6377,16.153085157199058,0
6378,17.06963387214259,0
6379,17.319828380980375,0
6380,18.3009308498486,0
6381,17.3406165337061,0
6382,16.961356495997045,0
6383,19.143990236894815,0
6384,19.974987321399702,0
6385,17.94870657655108,0
6386,21.172485164015868,0
6387,24.668528017311864,0
6388,23.38478869579672,0
6389,22.80160693424873,0
6390,24.215078243718988,0
6391,24.623748050766395,0
6392,24.46512677164867,0
6393,24.351543019550878,0
6394,23.459197982512926,0
6395,23.75560349434509,0
6396,25.636475085347325,0
6397,24.322647669137815,0
6398,24.44123200499971,0
6399,25.32978667109012,0
6400,25.019946703862786,0
6401,23.448530027752014,0
6402,21.928687226821054,0
6403,22.53833820650629,0
6404,21.55368372256545,0
6405,22.542240494251477,0
6406,19.539852116746914,0
6407,20.74469786070193,0
6408,20.42565889082127,0
6409,17.402023643033925,0
6410,19.000131669370383,0
6411,18.33243115711819,0
6412,19.14776788636333,0
6413,17.498201477834833,0
6414,17.313576761252268,0
6415,16.23291933626121,0
6416,17.22550644549026,0
6417,14.78544192517014,0
6418,16.983912388619316,0
6419,16.168953375271435,0
6420,13.312616555758103,0
6421,14.44160260244563,0
6422,16.577150618150817,0
6423,16.520892754399256,0
6424,15.444383177298844,0
6425,15.692025751471675,0
6426,17.224992425461362,0
6427,15.403894697344326,0
6428,17.526583374193304,0
6429,19.49452988763841,0
6430,17.2682870931317,0
6431,21.06544497537307,0
6432,21.85767173614352,0
6433,20.0295209701206,0
6434,20.118060742046502,0
6435,21.887582394810764,0
6436,22.976077775034106,0
6437,23.938692625370614,0
6438,23.1916705986527,0
6439,22.814667762014366,0
6440,25.565695447272045,0
6441,23.891457444489667,0
6442,23.709536938622396,0
6443,24.106424324769552,0
6444,25.668256649789328,0
6445,24.39858572282621,0
6446,24.32258557730533,0
6447,25.601009629981043,0
6448,23.28358678565176,0
6449,21.376484801553104,0
6450,23.873124082312412,0
6451,23.44704867739275,0
6452,22.91321523944972,0
6453,21.263385834805046,0
6454,19.87943731406068,0
6455,20.179818412800568,0
6456,18.829909993004584,0
6457,20.302418898482195,0
6458,19.019200541996753,0
6459,20.057809461580867,0
6460,18.289921822020784,0
6461,16.73359638339053,0
6462,17.90310864406276,0
6463,15.20533042343031,0
6464,16.86612781420309,0
6465,16.507043456034125,0
6466,14.905633888881832,0
6467,14.253894630218202,0
6468,15.0208536957035,0
6469,14.589433569210026,0
6470,15.269985814917865,0
6471,15.900712149931229,0
6472,16.011978156743798,0
6473,16.164192554541355,0
6474,17.429901304349148,0
6475,17.309316788965656,0
6476,19.225901641202977,0
6477,16.466270603404418,0
6478,18.972139960043638,0
6479,18.755188929504715,0
6480,21.226219801686273,0
6481,20.77715138348086,0
6482,22.591692788600348,0
6483,23.583336097965617,0
6484,22.389850688927833,0
6485,24.201536656970678,0
6486,24.497905141390618,0
6487,23.275346610818843,0
6488,23.765417514244284,0
6489,25.466405511245128,0
6490,22.89963692170925,0
6491,24.554071629327506,0
6492,24.440887283304818,0
6493,24.804539534980428,0
6494,24.846535590852334,0
6495,26.65013083108102,0
6496,23.925757600103246,0
6497,22.71384993263963,0
6498,23.586997515404985,0
6499,22.091389523482825,0
6500,23.426451996599845,0
6501,22.78783594335709,0
6502,19.873826102147646,0
6503,19.27796024390215,0
6504,20.303124241759626,0
6505,18.860928867646095,0
6506,18.65531851865987,0
6507,19.608676638544107,0
6508,17.39502598981357,0
6509,17.364547800252137,0
6510,15.171488274356737,0
6511,14.588841057814738,0
6512,14.632260049225959,0
6513,14.755112926294247,0
6514,15.741578300150115,0
6515,15.976015613585421,0
6516,16.705242089761526,0
6517,14.147129376825374,0
6518,15.993356500716327,0
6519,14.599364530290215,0
6520,13.971455400904912,0
6521,17.623973850670076,0
6522,17.028133039069203,0
6523,16.18267616489538,0
6524,17.272181961021378,0
6525,18.93505326815488,0
6526,20.662251505141473,0
6527,20.38650158580501,0
6528,20.82869137018325,0
6529,19.917836853429105,0
6530,19.678837262733257,0
6531,21.90694323694897,0
6532,21.173404197751154,0
6533,22.610467185654624,0
6534,24.919918059610293,0
6535,24.24886003356543,0
6536,23.270640368701066,0
6537,22.85770207596663,0
6538,23.731698787362163,0
6539,25.638019624443366,0
6540,22.547059353247427,0
6541,23.774865749937412,0
6542,25.37845133441215,0
6543,24.00559423623723,0
6544,24.277171322796132,0
6545,22.831090679708336,0
6546,24.480834394466378,0
6547,25.38840256049634,0
6548,23.03536128186475,0
6549,23.44625275187161,0
6550,20.922668894961316,0
6551,21.068901342903718,0
6552,20.049702353221242,0
6553,17.633011651529056,0
6554,18.613226814380994,0
6555,18.04890497824524,0
6556,17.018301828977254,0
6557,16.64262598352222,0
6558,14.64051482286507,0
6559,16.671635620916813,0
6560,14.8818385070181,0
6561,15.612643021296016,0
6562,14.663407371304906,0
6563,16.036661450674302,0
6564,15.081919489068019,0
6565,15.74468495922217,0
6566,13.979202106880528,0
6567,16.055648417942184,0
6568,16.142708775963786,0
6569,15.887608502165152,0
6570,15.986187078874528,0
6571,17.311453854501035,0
6572,18.01566751889604,0
6573,18.05645032985028,0
6574,18.83955316674072,0
6575,18.941406294995634,0
6576,19.318689771661404,0
6577,19.302146908662316,0
6578,22.33624824429411,0
6579,22.33245154787204,0
6580,22.663588816252116,0
6581,22.726808186849702,0
6582,23.335985168581338,0
6583,23.333592259776786,0
6584,25.213884403656678,0
6585,24.867340080214916,0
6586,24.924188911563945,0
6587,24.744084129625026,0
6588,24.1786383495705,0
6589,26.33550375190735,0
6590,24.684117085194607,0
6591,25.55221927447899,0
6592,23.70836588679586,0
6593,24.165431034374567,0
6594,24.671491767781628,0
6595,21.732117404115453,0
6596,21.694300585158743,0
6597,20.933487965121486,0
6598,21.638058405508524,0
6599,18.923751893233156,0
6600,19.505818711330964,0
6601,17.870306386433636,0
6602,16.997556421968746,0
6603,20.361577698082296,0
6604,17.177272657892715,0
6605,18.208547349102815,0
6606,17.64827604346185,0
6607,17.602900211901495,0
6608,15.530710906511207,0
6609,14.247977209450216,0
6610,17.43040681903318,0
6611,13.408339293564474,0
6612,13.12000907359042,0
6613,15.709868861657851,0
6614,16.080685062326793,0
6615,16.27000712133992,0
6616,15.370238210694598,0
6617,14.649936644700224,0
6618,16.71628697795498,0
6619,18.017369352807666,0
6620,17.418372896139978,0
6621,19.586441422997602,0
6622,18.634316218471007,0
6623,20.275777785222353,0
6624,19.28536024290023,0
6625,21.10474908725867,0
6626,22.806865604851737,0
6627,23.302132830425478,0
6628,23.215048200153124,0
6629,22.984828892284934,0
6630,22.912775559042185,0
6631,23.9653758107342,0
6632,25.432894052975364,0
6633,25.49789465173277,0
6634,23.774855509461158,0
6635,26.270902079808934,0
6636,26.58407030009905,0
6637,24.287940527670816,0
6638,25.344682548556428,0
6639,23.631740591762263,0
6640,24.500144598230886,0
6641,23.904378417953943,0
6642,23.89060584770578,0
6643,23.022482376240443,0
6644,22.042114891920683,0
6645,22.385265656825123,0
6646,18.82578173219662,0
6647,19.550575582150177,0
6648,20.01312892572553,0
6649,19.25159404164118,0
6650,19.28244879034076,0
6651,17.130229646515367,0
6652,16.039925940756678,0
6653,16.925601210504556,0
6654,15.893646753375668,0
6655,14.013580511487994,0
6656,16.593134425681047,0
6657,15.788084284443604,0
6658,15.0383155658648,0
6659,17.626930467204062,0
6660,14.067623696091642,0
6661,15.184043711188268,0
6662,15.86761194398352,0
6663,15.36110895606938,0
6664,15.162404490768463,0
6665,16.091449713019863,0
6666,16.83443218625944,0
6667,17.81781476367911,0
6668,16.923076592518605,0
6669,17.63955341216026,0
6670,17.854227877172008,0
6671,18.774319347573346,0
6672,19.45693426860949,0
6673,19.97738837604443,0
6674,23.173026721396166,0
6675,21.311782453668624,0
6676,21.94469694135979,0
6677,25.32853104773666,0
6678,24.374871059175085,0
6679,21.17587681999753,0
6680,24.263986728498914,0
6681,24.3223677312586,0
6682,23.259612890797502,0
6683,23.616241223339745,0
6684,25.695626525915657,0
6685,25.34329233435645,0
6686,24.88156501868302,0
6687,23.726337022329126,0
6688,25.585028528205363,0
6689,24.187509784554415,0
6690,23.54087613701006,0
6691,23.102975772942525,0
6692,20.829458417473774,0
6693,22.294150337076683,0
6694,22.750279830648488,0
6695,20.998753726668205,0
6696,19.49211876860032,0
6697,20.483046378230043,0
6698,17.370585716566765,0
6699,17.44618664496411,0
6700,17.7747063023269,0
6701,17.489385681712317,0
6702,16.841109494014255,0
6703,14.351050125486614,0
6704,16.17902142756196,0
6705,15.721921676015773,0
6706,14.389241693157755,0
6707,16.67281363898964,0
6708,14.726026450917079,0
6709,14.899851078605689,0
6710,15.73790000897509,0
6711,15.71788229872054,0
6712,16.01335048941907,0
6713,15.42413273077372,0
6714,16.695013825489948,0
6715,16.949126436865694,0
6716,16.314492799539497,0
6717,16.491174183720375,0
6718,20.969253479310268,0
6719,18.209786435714932,0
6720,19.16475417247768,0
6721,21.342171332421245,0
6722,21.5133408695785,0
6723,20.122178997744886,0
6724,23.107659400505316,0
6725,23.788393328008777,0
6726,23.54152277628262,0
6727,23.517444099309884,0
6728,24.294722664354182,0
6729,23.668019718683635,0
6730,23.589972191419804,0
6731,25.347003409466584,0
6732,26.80199053439693,0
6733,26.06378631940038,0
6734,25.24964747555201,0
6735,25.403292393636402,0
6736,24.835543801984013,0
6737,24.93551285616411,0
6738,24.500442201514126,0
6739,21.851944488960655,0
6740,21.78121153971917,0
6741,23.45326319751664,0
6742,20.43530938180954,0
6743,18.8227732686423,0
6744,21.278596771903757,0
6745,19.43936415779534,0
6746,19.246804938925063,0
6747,19.368832301810603,0
6748,16.56751793043984,0
6749,17.163708348305395,0
6750,16.78404184966048,0
6751,15.791903010456684,0
6752,15.578835125695182,0
6753,15.097256909119098,0
6754,15.684423206841421,0
6755,14.303417628503345,0
6756,14.893722329653418,0
6757,13.912827724972848,0
6758,15.297514438989037,0
6759,16.328215996401386,0
6760,14.909334484963964,0
6761,15.780874964056034,0
6762,15.403637671588582,0
6763,18.771781439697953,0
6764,17.48060826772049,0
6765,18.50485465894706,0
6766,20.837132546188688,0
6767,19.093406684433056,0
6768,19.90468758619158,0
6769,19.91124505975717,0
6770,20.031922616400248,0
6771,23.51156071692107,0
6772,22.776139067856,0
6773,23.127594422256166,0
6774,23.97408607778287,0
6775,23.29367477505659,0
6776,24.60663152243642,0
6777,25.15743720451844,0
6778,25.901530459190386,0
6779,24.85288176629709,0
6780,24.578915325408634,0
6781,25.074085435429357,0
6782,25.578035936169726,0
6783,25.655201266303585,0
6784,23.958851317992163,0
6785,23.347391786383955,0
6786,22.07194899359402,0
6787,22.495547473855975,0
6788,22.7010846052821,0
6789,22.413833523920907,0
6790,20.171673647354034,0
6791,18.890002474638155,0
6792,19.060474086703582,0
6793,20.853983007183455,0
6794,19.349214498933687,0
6795,17.865140078616015,0
6796,19.51027087969487,0
6797,17.175836304581335,0
6798,16.187494269722755,0
6799,16.28279735913872,0
6800,15.744816439476319,0
6801,15.21997410501831,0
6802,16.08913866834358,0
6803,14.993348000669185,0
6804,15.10794281507632,0
6805,15.464952451428426,0
6806,16.183513717471907,0
6807,13.949724545598727,0
6808,14.809947774844648,0
6809,15.6660048945918,0
6810,15.790069582396422,0
6811,16.769113026552837,0
6812,16.515241091045066,0
6813,17.11943480943242,0
6814,17.442245737923876,0
6815,19.53293706992508,0
6816,21.438539975646453,0
6817,19.656418106036362,0
6818,22.699516616948774,0
6819,23.116254099820793,0
6820,20.56717580505063,0
6821,23.276309024086274,0
6822,23.92337446705587,0
6823,21.797837357613645,0
6824,24.648272252774873,0
6825,24.363911515459844,0
6826,24.963002737230614,0
6827,26.394715348003317,0
6828,25.140676734125055,0
6829,25.350249073106408,0
6830,23.589565411062125,0
6831,25.367959242528666,0
6832,25.038743790463528,0
6833,24.776227978296163,0
6834,26.744964680947874,0
6835,22.955472773203024,0
6836,23.345726378194193,0
6837,21.75905745238424,0
6838,21.910005475435927,0
6839,22.949598520767886,0
6840,19.713343961286164,0
6841,18.273324191791257,0
6842,19.907404103105947,0
6843,17.54691162145033,0
6844,17.286117977697916,0
6845,17.301504201601833,0
6846,16.20939492955659,0
6847,16.199301049438315,0
6848,16.443874786075053,0
6849,16.75650073386481,0
6850,14.160059636318048,0
6851,17.287538311259635,0
6852,15.211966080920847,0
6853,14.374983447859336,0
6854,14.314167705227202,0
6855,15.963899310537599,0
6856,17.490051630479222,0
6857,15.610660832132043,0
6858,15.374996811664483,0
6859,18.40541313320031,0
6860,16.428512957354062,0
6861,18.670489669252728,0
6862,19.441043653352,0
6863,19.330873572130866,0
6864,18.658957962012273,0
6865,21.40911954295204,0
6866,21.858253998268236,0
6867,21.91049532949815,0
6868,23.504654081422238,0
6869,22.633143028476923,0
6870,22.009140775422065,0
6871,21.709236376632767,0
6872,24.568724393261,0
6873,24.063099029204423,0
6874,25.524999552172286,0
6875,25.29768692067573,0
6876,25.15129968288777,0
6877,24.336903381029448,0
6878,24.893436045784515,0
6879,25.575089834601684,0
6880,23.291868787989035,0
6881,25.309650674281542,0
6882,23.357949436212536,0
6883,23.719613715791084,0
6884,21.808272735936452,0
6885,22.77046015323082,0
6886,21.1897173555181,0
6887,20.651113319707584,0
6888,20.337166609448687,0
6889,21.09391984148049,0
6890,19.419540418654805,0
6891,18.310553739997957,0
6892,16.346036318758166,0
6893,16.96829402728322,0
6894,15.226420544218847,0
6895,16.401805000760167,0
6896,15.309319280372707,0
6897,15.411838133978224,0
6898,14.343871177809959,0
6899,15.031096363512054,0
6900,15.266887600757512,0
6901,16.726777178848543,0
6902,15.697147876206449,0
6903,16.088473112956244,0
6904,14.67061347411462,0
6905,16.92503484863587,0
6906,15.880303471377676,0
6907,15.966895659743095,0
6908,17.108032246817626,0
6909,18.323084333067833,0
6910,18.2639207193173,0
6911,18.751281731589188,0
6912,20.566782854423597,0
6913,19.780717468885072,0
6914,20.913655418018532,0
6915,21.32550824959912,0
6916,22.48634813451942,0
6917,23.183425612023896,0
6918,22.699288298595697,0
6919,24.95657873811654,0
6920,21.474696896355155,0
6921,24.956203824385838,0
6922,26.04697472486723,0
6923,26.527480991889178,0
6924,25.506918646676112,0
6925,25.537703620563082,0
6926,24.409568420374892,0
6927,24.212758076170974,0
6928,23.30776325386814,0
6929,23.39819264132586,0
6930,21.886115959828253,0
6931,20.940055994645746,0
6932,23.54101754495859,0
6933,22.226419399282413,0
6934,22.52749328080755,0
6935,20.349582977059292,0
6936,18.64949528288812,0
6937,19.642312704044627,0
6938,19.85910389189895,0
6939,16.075511809537147,0
6940,17.11952829973592,0
6941,17.011097260237886,0
6942,18.593216840725606,0
6943,16.257642029758184,0
6944,14.400398368075557,0
6945,14.170999362198595,0
6946,14.023518167460471,0
6947,14.050429534549586,0
6948,15.586812553893898,0
6949,14.81150957234471,0
6950,15.226549524013894,0
6951,13.8035695687554,0
6952,17.77490971112265,0
6953,15.31675583943574,0
6954,14.908390719557106,0
6955,16.44327329403948,0
6956,18.04524185790828,0
6957,17.596793416148135,0
6958,18.48256065637262,0
6959,21.403123613516012,0
6960,18.970090282512924,0
6961,21.280680390403596,0
6962,18.625764542936285,0
6963,21.980250207025474,0
6964,21.802850454971882,0
6965,23.75839466028569,0
6966,23.477918551508616,0
6967,23.071637267775195,0
6968,24.20242456564239,0
6969,24.54251627984037,0
6970,24.428289700521344,0
6971,24.043116656585422,0
6972,23.669262932711888,0
6973,24.033294236094356,0
6974,24.280717799174045,0
6975,23.554479017641327,0
6976,24.826439942135714,0
6977,22.405360803179068,0
6978,21.468735201090862,0
6979,21.55179795815021,0
6980,21.300358360436782,0
6981,21.39951419762003,0
6982,21.78787953109628,0
6983,20.391706206809978,0
6984,20.787802186507047,0
6985,19.230974343314156,0
6986,18.783241122169926,0
6987,19.185851743143292,0
6988,17.50239302516805,0
6989,17.310626778589654,0
6990,15.908216507150867,0
6991,14.88282475927018,0
6992,15.151148504172506,0
6993,16.88588540900968,0
6994,15.298879769693562,0
6995,12.534602961049838,0
6996,13.637571037281816,0
6997,15.409879353059381,0
6998,14.40294612245986,0
6999,16.03203837392193,0
7000,15.901659381709178,0
7001,15.556800590086146,0
7002,18.13426406552301,0
7003,16.610948359815637,0
7004,19.569571270445756,0
7005,18.450755382544404,0
7006,19.26592402078124,0
7007,19.597607249579866,0
7008,18.93654418342501,0
7009,20.29358403567299,0
7010,21.649515340165333,0
7011,20.896328124021192,0
7012,23.494566887190203,0
7013,23.12802036930736,0
7014,23.63218916331437,0
7015,23.87598210063824,0
7016,21.818576478289735,0
7017,24.951422189162336,0
7018,25.643948129801103,0
7019,27.034537597172324,0
7020,25.785611730614622,0
7021,24.90948920431404,0
7022,25.04688262379471,0
7023,24.188905911496406,0
7024,24.17852718470233,0
7025,22.235925874307185,0
7026,23.631908754685373,0
7027,24.48821306597942,0
7028,22.76824849315954,0
7029,20.881001705742325,0
7030,20.79291389909506,0
7031,21.715536093207255,0
7032,21.270557100000932,0
7033,17.94529647333343,0
7034,17.78540928632846,0
7035,17.92327978407906,0
7036,18.117174291351724,0
7037,17.098109164478945,0
7038,16.7280876089454,0
7039,17.008846118019324,0
7040,16.338317312757113,0
7041,14.059959393343275,0
7042,15.666596776395188,0
7043,14.606341073936065,0
7044,14.600317863080564,0
7045,15.113328418178687,0
7046,15.029574589619202,0
7047,15.235624142362106,0
7048,16.581769728007686,0
7049,18.054511372072746,0
7050,16.149377543096662,0
7051,17.381820186651815,0
7052,16.676606852556237,0
7053,16.779294185819033,0
7054,17.36366484000471,0
7055,17.873789048213972,0
7056,19.888586077023323,0
7057,20.40384327009792,0
7058,22.532369815807947,0
7059,22.22755461861373,0
7060,22.86372388933766,0
7061,22.568056252674744,0
7062,22.97172713129234,0
7063,24.789950408535073,0
7064,24.58028886141015,0
7065,25.221446541279775,0
7066,25.539446840021718,0
7067,23.89112973351926,0
7068,24.763041923397996,0
7069,26.577417195993046,0
7070,25.54013812982741,0
7071,26.543068325435165,0
7072,24.280706998858463,0
7073,24.570484692673098,0
7074,25.111225682008005,0
7075,26.14216511912707,0
7076,23.182173549071155,0
7077,21.283205997791566,0
7078,21.297561249801234,0
7079,19.966916582389636,0
7080,19.538050636021577,0
7081,19.43556383405593,0
7082,18.16425374079223,0
7083,18.500268812481092,0
7084,15.890022100807174,0
7085,17.117174841299292,0
7086,15.656227216950054,0
7087,15.69276852033507,0
7088,17.158579671273667,0
7089,14.864706631490316,0
7090,15.303981990360016,0
7091,15.693992719936151,0
7092,16.03065168209306,0
7093,16.005430106490042,0
7094,14.794096083159777,0
7095,14.70426780710396,0
7096,16.658036962433993,0
7097,17.366516832339748,0
7098,15.345536664318356,0
7099,17.941593727388298,0
7100,17.48314666647925,0
7101,18.661970303598366,0
7102,17.963039179544563,0
7103,20.329111252044257,0
7104,21.056966493364683,0
7105,18.65013184402276,0
7106,22.802473204847285,0
7107,22.194234236176314,0
7108,21.42384522271545,0
7109,24.006182058344212,0
7110,22.500744320650508,0
7111,24.755356083815325,0
7112,25.78552948920606,0
7113,24.13049526321156,0
7114,24.121420751618913,0
7115,23.378916037738097,0
7116,24.379322804593023,0
7117,26.73689651595845,0
7118,23.735449558092213,0
7119,26.063466561510776,0
7120,25.217807297427964,0
7121,23.592962613546177,0
7122,24.173088052037343,0
7123,23.147471976290234,0
7124,22.721909601358107,0
7125,22.669143232430017,0
7126,21.877046641407677,0
7127,20.131473402407444,0
7128,20.192646761229895,0
7129,19.5940357231079,0
7130,18.535368268171325,0
7131,17.42028848974132,0
7132,17.405921893260302,0
7133,16.876093104790556,0
7134,16.576607221023064,0
7135,14.822990990191338,0
7136,13.697624373851333,0
7137,16.162746465176344,0
7138,15.349517678168809,0
7139,14.067059992591393,0
7140,15.805918608646513,0
7141,14.711697547938872,0
7142,14.356333620492459,0
7143,16.67297455476262,0
7144,16.757726919601364,0
7145,15.72156482020253,0
7146,17.4496031366103,0
7147,17.558199300724127,0
7148,16.090444990191237,0
7149,16.505780603234268,0
7150,18.873910630010627,0
7151,18.765629588125453,0
7152,18.961455546518117,0
7153,20.376172840242777,0
7154,21.537964825400977,0
7155,22.66145953752205,0
7156,22.28522841979074,0
7157,22.21886003492946,0
7158,24.430016347540878,0
7159,22.74658733253272,0
7160,23.100095107137612,0
7161,24.020756039271653,0
7162,24.149406541524264,0
7163,25.263556919162667,0
7164,24.4244780102616,0
7165,25.838476985855348,0
7166,24.091811091627317,0
7167,23.94746529712022,0
7168,26.03484221416216,0
7169,23.614697791667158,0
7170,22.933115862551933,0
7171,23.33733504523847,0
7172,23.69673289134096,0
7173,23.18266293449686,0
7174,20.47594712503525,0
7175,18.906082420190362,0
7176,18.80087459833824,0
7177,18.87827765728619,0
7178,19.73056978609909,0
7179,19.376161745996967,0
7180,16.719886466601523,0
7181,15.94045669269219,0
7182,17.53553035367696,0
7183,15.894050262747989,0
7184,15.539207214301308,0
7185,16.865766137539744,0
7186,15.863389765731098,0
7187,13.67581840085889,0
7188,15.342302578894683,0
7189,15.036722950840732,0
7190,16.070787704763852,0
7191,13.927881664520067,0
7192,15.441995517861589,0
7193,15.18200143936175,0
7194,16.514364069451254,0
7195,15.929567510828461,0
7196,18.20685085620452,0
7197,17.004140774045258,0
7198,19.719349698875718,0
7199,20.44687789245358,0
7200,19.85001150001667,0
7201,21.98391889942255,0
7202,22.6321101094657,0
7203,21.74557689248937,0
7204,21.550110491514275,0
7205,22.441369830182936,0
7206,22.911663237583,0
7207,25.00211027075227,0
7208,25.12784993535297,0
7209,24.89801183411969,0
7210,25.562183970873424,0
7211,25.848077610400956,0
7212,24.206763661797737,0
7213,24.48072316707801,0
7214,23.52888478226224,0
7215,25.379745115687626,0
7216,24.85315866386799,0
7217,24.844591994823872,0
7218,23.78317148567251,0
7219,23.34050878114088,0
7220,21.873420060778244,0
7221,21.17423674949131,0
7222,22.735770309814686,0
7223,18.584866298008322,0
7224,21.247271949722524,0
7225,18.11945321293554,0
7226,18.017467403262263,0
7227,19.108664084735832,0
7228,16.72129042387557,0
7229,15.120424657832867,0
7230,17.115277923228685,0
7231,16.90519281889468,0
7232,16.1148420430087,0
7233,13.987961101307818,0
7234,15.444802545619066,0
7235,14.981376157152578,0
7236,14.684309607781556,0
7237,15.322953467018008,0
7238,14.145427358308561,0
7239,16.698069702086844,0
7240,15.039709705038769,0
7241,16.188112435537022,0
7242,16.877427014245743,0
7243,16.886178591931596,0
7244,18.29454653523701,0
7245,18.127663943157668,0
7246,19.257625075431612,0
7247,18.169106638985625,0
7248,20.469820879345093,0
7249,20.657371441586005,0
7250,20.002329966599987,0
7251,21.889701695815027,0
7252,21.807457022399138,0
7253,22.482268585462887,0
7254,22.02914991287326,0
7255,22.89570848058514,0
7256,23.500350340490286,0
7257,24.490297915285247,0
7258,24.856815565911177,0
7259,24.6655151447108,0
7260,24.063374012692716,0
7261,24.97084078072297,0
7262,26.004195091778122,0
7263,25.283336705929216,0
7264,24.62105616017265,0
7265,24.30213944530787,0
7266,23.34067329086835,0
7267,23.13692458450362,0
7268,22.86810215089339,0
7269,22.225814100688787,0
7270,21.96785229500126,0
7271,21.729000247429752,0
7272,21.138075421344585,0
7273,19.871666883369322,0
7274,18.45730389744991,0
7275,16.992334014266653,0
7276,15.850186420827512,0
7277,17.978415730455456,0
7278,17.08564489701927,0
7279,15.953661164694177,0
7280,14.655770942232643,0
7281,15.673336469133977,0
7282,16.55823627648604,0
7283,16.474625692218993,0
7284,17.391027287570097,0
7285,15.994391732867744,0
7286,16.12158987621504,0
7287,16.682458960259083,0
7288,14.099415414557656,0
7289,16.891952576974028,0
7290,15.773627741220434,0
7291,17.376735865430135,0
7292,15.956053074365219,0
7293,17.06115438316046,0
7294,17.756657759662257,0
7295,18.80426753293319,0
7296,20.723394784363137,0
7297,19.58544044226244,0
7298,22.004311120458713,0
7299,22.952290146850565,0
7300,21.359572101300135,0
7301,24.030355476599283,0
7302,25.313135983035185,0
7303,23.34411280707678,0
7304,24.977976683908846,0
7305,26.100329994598713,0
7306,24.242758037821005,0
7307,24.33409665270693,0
7308,24.869265867611087,0
7309,24.819670148099604,0
7310,23.833113903048375,0
7311,24.221670063843955,0
7312,23.40990441571747,0
7313,24.524170243313666,0
7314,25.9116895408177,0
7315,24.124933690996816,0
7316,21.11316222463211,0
7317,23.14143729521253,0
7318,20.35857115100606,0
7319,21.249158996556282,0
7320,19.720651228152775,0
7321,20.79371499086461,0
7322,18.769497433307656,0
7323,18.20689890304692,0
7324,17.515882889267854,0
7325,16.83685106355718,0
7326,16.822375573354055,0
7327,17.88582681174939,0
7328,17.30275007073461,0
7329,16.161705081561013,0
7330,15.295683278568605,0
7331,14.9925803584348,0
7332,16.421477132140197,0
7333,14.219443560866797,0
7334,14.206414631178243,0
7335,14.737379340810733,0
7336,15.997611131761515,0
7337,16.377646360806025,0
7338,16.911884584389128,0
7339,16.73851490665306,0
7340,16.79550776860988,0
7341,16.025050338940325,0
7342,19.0912497774067,0
7343,18.619073516146504,0
7344,21.05431839244044,0
7345,19.534818016191686,0
7346,21.416009106396196,0
7347,22.45790360190146,0
7348,22.857079420523977,0
7349,23.81423853880045,0
7350,24.46186519823626,0
7351,24.294205594665808,0
7352,25.235724954825105,0
7353,24.605976419248336,0
7354,24.759761554140027,0
7355,27.637117882333463,0
7356,24.949109069440823,0
7357,24.701521810936498,0
7358,22.99612723664032,0
7359,23.642637866174155,0
7360,24.368408495367298,0
7361,23.193169562562197,0
7362,23.55729263014591,0
7363,21.752988899799195,0
7364,23.72311035297576,0
7365,22.06605989854022,0
7366,20.85171914491644,0
7367,20.23017777445307,0
7368,19.756447149047368,0
7369,20.08503381077177,0
7370,18.0312616362018,0
7371,18.467214112189474,0
7372,17.171175430241334,0
7373,15.656068733497476,0
7374,16.02643420878361,0
7375,16.030049689770188,0
7376,16.114158585251587,0
7377,16.931153825282273,0
7378,14.133452326572428,0
7379,14.371440315190396,0
7380,15.475457709281923,0
7381,14.934916609261409,0
7382,13.623060723499217,0
7383,16.23426372916854,0
7384,14.53347163193053,0
7385,14.565138129765684,0
7386,15.376359904316807,0
7387,14.994736254739696,0
7388,16.662343536691328,0
7389,18.418106386517387,0
7390,19.757844877813046,0
7391,18.892178683046303,0
7392,19.2068089374769,0
7393,20.67966939349034,0
7394,20.734814967865997,0
7395,24.664147078210334,0
7396,24.16829757214096,0
7397,23.57626039864789,0
7398,23.30299433176528,0
7399,24.476081378858122,0
7400,25.175078521168103,0
7401,24.460192827522075,0
7402,25.685744017504117,0
7403,27.821380399914112,0
7404,22.9613921249071,0
7405,25.291457037804175,0
7406,25.81322900961469,0
7407,23.91794699285603,0
7408,23.281415162576344,0
7409,24.417658093421334,0
7410,23.43987200500583,0
7411,22.691892651773955,0
7412,21.375542398739746,0
7413,23.490482670468126,0
7414,21.027110974503906,0
7415,21.525570763751688,0
7416,20.050676986403857,0
7417,18.063958595236237,0
7418,18.723699159489772,0
7419,16.242556625709398,0
7420,18.03647279528525,0
7421,16.955346036204226,0
7422,14.821527450836726,0
7423,16.54855789228664,0
7424,17.089907033219294,0
7425,14.540342601794936,0
7426,13.179092863438004,0
7427,13.158038492503142,0
7428,14.352697449396029,0
7429,16.618158715180783,0
7430,13.895904374347026,0
7431,17.276926429845005,0
7432,14.46824046749051,0
7433,16.149026134771002,0
7434,14.830026722045343,0
7435,17.7038907217575,0
7436,17.20385023431224,0
7437,19.320377756483623,0
7438,18.809840878576196,0
7439,19.822207110728545,0
7440,20.717154197471793,0
7441,21.112584214263507,0
7442,21.675969923806186,0
7443,21.681961346373182,0
7444,22.348971115476328,0
7445,22.409013698112492,0
7446,24.835782433156385,0
7447,23.499375995356324,0
7448,22.184662268932353,0
7449,25.023108315642773,0
7450,25.781714912988022,0
7451,24.332543822962315,0
7452,24.910315591318053,0
7453,24.50907460548579,0
7454,25.435184197080446,0
7455,26.082980057673538,0
7456,24.487640617683184,0
7457,23.894268615934518,0
7458,24.61699199156171,0
7459,23.600337348882825,0
7460,22.083122122998844,0
7461,21.890892872925985,0
7462,22.953456301634034,0
7463,20.894128506733487,0
7464,20.487345185524713,0
7465,18.395566382592726,0
7466,20.198812901828255,0
7467,17.60670039099452,0
7468,17.621012218985488,0
7469,17.223262771917643,0
7470,15.651649608437959,0
7471,14.949775018081171,0
7472,16.91334468141957,0
7473,15.45663009766755,0
7474,16.1738861629472,0
7475,17.49712045667909,0
7476,14.3130243230504,0
7477,15.133148275249757,0
7478,15.346746770150148,0
7479,13.768519467701902,0
7480,14.878362229464129,0
7481,18.070841998880567,0
7482,16.53931951247478,0
7483,18.129359219056848,0
7484,19.501665416571775,0
7485,17.78513618100556,0
7486,20.39158375299415,0
7487,20.474407436505977,0
7488,19.69152351296818,0
7489,21.216841347691208,0
7490,22.32282810003205,0
7491,21.738999618893214,0
7492,23.507069545936858,0
7493,23.903059935470182,0
7494,20.85918006316699,0
7495,24.287104448042196,0
7496,23.63927629995225,0
7497,25.415949493940424,0
7498,24.79416857440669,0
7499,25.911509632497076,0
7500,24.664033160877132,0
7501,23.785382349273952,0
7502,26.612000468921035,0
7503,24.30602865695979,0
7504,25.359799602676677,0
7505,23.867903595651633,0
7506,22.53585061968581,0
7507,22.00715678374933,0
7508,23.889742577720458,0
7509,22.35959971390418,0
7510,21.55361064041043,0
7511,18.89651415962014,0
7512,20.16885836531356,0
7513,18.99650229105325,0
7514,19.101020697004007,0
7515,18.066086760184607,0
7516,17.21454648675742,0
7517,17.012687591597505,0
7518,16.034704782791263,0
7519,17.243094751006144,0
7520,15.090354458963791,0
7521,14.944250560245017,0
7522,16.456428598390023,0
7523,15.829241405574356,0
7524,15.17884266105214,0
7525,15.248686287732776,0
7526,15.907773737799019,0
7527,15.365256891293793,0
7528,14.362437946356394,0
7529,17.264669734536554,0
7530,16.298976736311822,0
7531,14.973434761857748,0
7532,16.448997006834578,0
7533,17.328989753237092,0
7534,18.54636288371961,0
7535,20.858514139096016,0
7536,19.787811183097254,0
7537,20.428876097134648,0
7538,19.984412629355127,0
7539,23.040793057770575,0
7540,22.543639830936883,0
7541,21.958753514524336,0
7542,24.239606210279703,0
7543,25.550825010843912,0
7544,23.93699237999683,0
7545,24.4415569022132,0
7546,25.844792325884175,0
7547,27.219120546883477,0
7548,23.65955222916931,0
7549,26.407294117590123,0
7550,24.24032059148342,0
7551,22.32047340459487,0
7552,25.147620173120917,0
7553,22.19400959582068,0
7554,22.64032131445906,0
7555,25.1312601060946,0
7556,21.632814685174672,0
7557,23.0356378274287,0
7558,20.083216024558354,0
7559,20.28937591709159,0
7560,20.430969769670877,0
7561,17.06547767964762,0
7562,18.097937619954962,0
7563,19.93826057273637,0
7564,16.748470057665273,0
7565,16.693751969034903,0
7566,16.483098545429762,0
7567,15.426029891034796,0
7568,17.736676001616246,0
7569,13.677662044365826,0
7570,16.575124831161276,0
7571,15.921275945533298,0
7572,14.982747004226734,0
7573,16.276092576308468,0
7574,13.646486396506868,0
7575,15.494994459109348,0
7576,16.676319304553804,0
7577,16.468135917930883,0
7578,15.540789870372315,0
7579,17.281869536638087,0
7580,18.16402884114446,0
7581,16.851965961478335,0
7582,18.658113107053055,0
7583,18.102236388871752,0
7584,19.038663236209228,0
7585,19.27623008180222,0
7586,21.57068649413554,0
7587,21.35296803631911,0
7588,21.390218227084855,0
7589,23.550427248654533,0
7590,22.52471621826027,0
7591,23.451574681475783,0
7592,23.131730736718566,0
7593,23.70253770016265,0
7594,26.27181793613726,0
7595,24.77100154204211,0
7596,23.847133529911925,0
7597,25.615874481186452,0
7598,24.333204321635876,0
7599,24.529196338364702,0
7600,24.489098880827804,0
7601,25.31815511939226,0
7602,24.58399732270071,0
7603,21.5624384205143,0
7604,23.546642505504952,0
7605,23.451587779981015,0
7606,20.27657069053452,0
7607,20.15142581630702,0
7608,20.240310643349943,0
7609,20.526100043512418,0
7610,17.42914982236451,0
7611,19.690932275473244,0
7612,18.701388456659203,0
7613,17.273934568485892,0
7614,18.36803222729307,0
7615,14.940854822550254,0
7616,17.666380969021166,0
7617,15.467013438941015,0
7618,16.48125284635296,0
7619,13.698020391180872,0
7620,16.374576098439338,0
7621,15.405140391820467,0
7622,13.857932175637538,0
7623,15.152729375948947,0
7624,17.820397481515567,0
7625,15.28976505877165,0
7626,16.604998193060517,0
7627,17.891895391992684,0
7628,19.018667197296672,0
7629,18.166844858012684,0
7630,19.10307893184748,0
7631,19.573754866277287,0
7632,20.852857954802246,0
7633,19.181977882144402,0
7634,20.446432121777075,0
7635,20.99236815909267,0
7636,23.892022009789404,0
7637,21.759744922897365,0
7638,22.63673270765445,0
7639,24.98318591400395,0
7640,22.371528822692536,0
7641,23.57283663129486,0
7642,24.21875661839288,0
7643,26.31689626520051,0
7644,26.425597255866702,0
7645,27.269912581540606,0
7646,21.83592472556695,0
7647,23.231910246168965,0
7648,24.944457102880346,0
7649,22.04464235073919,0
7650,24.34184792304427,0
7651,21.50390478764716,0
7652,23.518585847357073,0
7653,21.383066933287445,0
7654,20.038145022484194,0
7655,20.325678314100596,0
7656,22.15371992897939,0
7657,20.19067375262593,0
7658,20.79594111680295,0
7659,17.0157541524951,0
7660,17.42999128882171,0
7661,17.750532077257336,0
7662,17.639357500623742,0
7663,16.09982664486794,0
7664,15.88424066420552,0
7665,14.95072164231787,0
7666,15.099561470575276,0
7667,14.461524083829385,0
7668,16.026202041718697,0
7669,15.44586042371186,0
7670,15.17709447764326,0
7671,15.87952326388184,0
7672,16.410061863002728,0
7673,15.57262911577106,0
7674,16.09321005592674,0
7675,17.182127386727316,0
7676,15.745326841804388,0
7677,17.501545688048335,0
7678,18.01667324405356,0
7679,20.11203737848551,0
7680,18.709881236448773,0
7681,20.67310396368124,0
7682,21.617435240020427,0
7683,20.775903009667488,0
7684,24.408156805338226,0
7685,20.784749565415872,0
7686,22.54017997862854,0
7687,26.198036571840337,0
7688,27.149242454225586,0
7689,24.91139497446536,0
7690,25.808269679942438,0
7691,24.426783802734423,0
7692,25.082634504333797,0
7693,24.70899675062458,0
7694,25.873338475100766,0
7695,25.182343283515603,0
7696,23.660414076918336,0
7697,24.710269687005983,0
7698,21.771976699331745,0
7699,24.995702534474255,0
7700,21.122561641619008,0
7701,20.91505900316218,0
7702,22.05680816671164,0
7703,20.771197418750514,0
7704,20.849970176433388,0
7705,19.11700087553958,0
7706,20.839687452985693,0
7707,15.801173293982355,0
7708,18.589090758865694,0
7709,19.652153539923496,0
7710,17.578528076346455,0
7711,16.350369061792115,0
7712,16.451370166503768,0
7713,15.340378400674078,0
7714,16.108377820148565,0
7715,14.8586238787733,0
7716,15.55520441063806,0
7717,15.080056446487486,0
7718,15.243331573573405,0
7719,14.601386409700991,0
7720,15.258229246521253,0
7721,14.477320594699952,0
7722,16.007657917934583,0
7723,16.833480816612816,0
7724,17.852302172971488,0
7725,17.97664278132143,0
7726,18.20989327315764,0
7727,19.17056723797208,0
7728,19.533480346220554,0
7729,20.799650305547715,0
7730,22.32816278493803,0
7731,21.441370133789132,0
7732,22.869437826238084,0
7733,22.83024585543957,0
7734,23.443331632323705,0
7735,25.164266802647983,0
7736,22.461125050111264,0
7737,24.413322130591883,0
7738,23.774812039611586,0
7739,23.944837400843962,0
7740,24.228464894981126,0
7741,24.82875618582973,0
7742,25.43783835019082,0
7743,23.65044137934946,0
7744,23.082628054954796,0
7745,24.324833706902727,0
7746,25.000868059548388,0
7747,24.161232726258437,0
7748,23.62328001812815,0
7749,21.83868146096704,0
7750,22.115635489554506,0
7751,21.454306027975218,0
7752,18.14783975729116,0
7753,19.82910745146938,0
7754,17.605646888352126,0
7755,19.786544188694574,0
7756,17.556657845237005,0
7757,16.45613235531538,0
7758,17.006383264401446,0
7759,16.28690441076923,0
7760,16.60430772792007,0
7761,16.20831708951637,0
7762,13.942323860796455,0
7763,14.360036351799566,0
7764,14.84225693433392,0
7765,15.648676468981918,0
7766,16.725476577711202,0
7767,14.920951078663935,0
7768,16.076228290822918,0
7769,17.06459494092307,0
7770,17.184544191148078,0
7771,16.27376718294799,0
7772,17.54375452831691,0
7773,18.840571931787103,0
7774,18.64758464609002,0
7775,19.32417008385328,0
7776,19.53000298292272,0
7777,19.56700129944553,0
7778,20.881683039106992,0
7779,20.97453827236901,0
7780,22.112373241009944,0
7781,22.796680909667906,0
7782,25.22286452219517,0
7783,24.982466779663394,0
7784,24.199599067953944,0
7785,25.202155451948993,0
7786,22.478952000386133,0
7787,25.112419604108837,0
7788,26.385516601969428,0
7789,23.22131381703127,0
7790,23.67067971728351,0
7791,23.958040597067882,0
7792,23.749271627048564,0
7793,24.444625490366178,0
7794,24.347694895519577,0
7795,21.986179018068214,0
7796,21.479304934142036,0
7797,22.632344287980434,0
7798,22.32447564252475,0
7799,21.74277141056414,0
7800,20.401279412707634,0
7801,18.885937687369573,0
7802,18.56953658241551,0
7803,16.97056298820078,0
7804,16.382138286685894,0
7805,15.694605592291289,0
7806,16.48851725151245,0
7807,16.23454072345365,0
7808,15.32073891386879,0
7809,15.462232529703734,0
7810,15.64483336301051,0
7811,15.369119476555836,0
7812,14.521870727235397,0
7813,14.87555653659135,0
7814,15.572471912065717,0
7815,15.880439430642452,0
7816,16.728055185926905,0
7817,19.131915284730816,0
7818,17.240803394179572,0
7819,16.295813200307936,0
7820,18.30492451847125,0
7821,17.9095258806997,0
7822,17.913068995434347,0
7823,18.073946254292984,0
7824,19.642205312320478,0
7825,19.900132540797014,0
7826,23.13857694205103,0
7827,21.732367253151313,0
7828,24.538178669417814,0
7829,22.327272557517365,0
7830,23.47007371861419,0
7831,23.594726331926637,0
7832,23.662369735273757,0
7833,25.075264141551692,0
7834,25.567115217262323,0
7835,24.743855555631534,0
7836,24.963078397632543,0
7837,25.006039996955963,0
7838,25.025842615483743,0
7839,24.072356476016484,0
7840,23.518790746489454,0
7841,24.576441929113315,0
7842,22.39835940685833,0
7843,23.910338920489284,0
7844,22.180155652896524,0
7845,22.100083762973156,0
7846,20.949090256437422,0
7847,22.02814972495952,0
7848,20.18081431903071,0
7849,21.254086454610327,0
7850,18.227112786541664,0
7851,17.6170028441926,0
7852,18.705325541043592,0
7853,19.041519303153645,0
7854,15.542090002075215,0
7855,15.193599670362827,0
7856,16.50454689170815,0
7857,15.270024513857196,0
7858,16.17476125486983,0
7859,16.09201073625568,0
7860,14.83382833301075,0
7861,14.73606642267377,0
7862,15.678259361081986,0
7863,16.558499334700915,0
7864,16.45338666584925,0
7865,15.1276820410081,0
7866,16.73420331236856,0
7867,17.74189089287602,0
7868,18.40781070314944,0
7869,18.11392348163303,0
7870,18.75713236635809,0
7871,17.82902182576074,0
7872,19.36991054132978,0
7873,22.48829515360559,0
7874,21.14855014355793,0
7875,21.768196457987987,0
7876,22.869497316816904,0
7877,22.61918965293475,0
7878,21.087617779884088,0
7879,21.894299456617773,0
7880,24.19737884178425,0
7881,25.18207096548602,0
7882,24.55294353295552,0
7883,25.70258042209902,0
7884,24.35374192213984,0
7885,26.02273902535267,0
7886,25.413922393591537,0
7887,23.46300641861659,0
7888,24.2861209692167,0
7889,24.606000513013935,0
7890,25.314474178247174,0
7891,21.72091432306071,0
7892,21.99506649213606,0
7893,22.11063254634706,0
7894,18.18196621356143,0
7895,20.308526161432898,0
7896,19.9372704588072,0
7897,19.442520447627892,0
7898,20.294415932031708,0
7899,19.332706561864807,0
7900,18.01869951093315,0
7901,18.03955641450711,0
7902,16.029511748324474,0
7903,16.350187664951488,0
7904,16.21986316736612,0
7905,14.290464963524453,0
7906,16.320908000019614,0
7907,14.875827837085076,0
7908,13.090481895249606,0
7909,16.18315963634338,0
7910,14.348866832662395,0
7911,13.954370988944842,0
7912,15.820396370430101,0
7913,15.998876509500647,0
7914,17.732072872947466,0
7915,16.037642666415188,0
7916,19.001335982504017,0
7917,19.11353365118346,0
7918,19.10973147778295,0
7919,19.850096006281788,0
7920,20.959110315092722,0
7921,19.855425490409846,0
7922,22.02529093533602,0
7923,22.478313132981008,0
7924,20.933249611981733,0
7925,21.59730879814398,0
7926,23.584132217279937,0
7927,24.146429332684736,0
7928,23.428903653848085,0
7929,25.871281778290378,0
7930,25.12007848575392,0
7931,25.935106133619733,0
7932,24.929217646218873,0
7933,24.70482584867932,0
7934,25.80332521268897,0
7935,24.700748942146724,0
7936,25.80655830398161,0
7937,24.252701895254862,0
7938,23.92391550837596,0
7939,22.50896567258391,0
7940,23.568085841312268,0
7941,23.719212397119595,0
7942,21.056723827097645,0
7943,24.075775039577863,0
7944,20.150327540699205,0
7945,19.3353749287762,0
7946,19.34893092980867,0
7947,17.768066566764404,0
7948,17.902274731858114,0
7949,17.99322358471105,0
7950,16.912149431949423,0
7951,16.146935820158365,0
7952,15.000878640514287,0
7953,16.004962843688563,0
7954,15.020793491952805,0
7955,14.219650970593966,0
7956,16.476023776118435,0
7957,16.94534522233313,0
7958,15.427992094441489,0
7959,16.38225550852079,0
7960,17.28423431132983,0
7961,16.86543344746149,0
7962,16.83713909287143,0
7963,17.187775705587796,0
7964,18.89316290345286,0
7965,17.088368426613574,0
7966,17.874816420876783,0
7967,19.958779316580976,0
7968,19.33151509878124,0
7969,19.449767218363938,0
7970,21.43034708061544,0
7971,21.880063336909693,0
7972,21.78043174818995,0
7973,23.762101656465862,0
7974,23.3938591945506,0
7975,23.324007603931634,0
7976,23.956792636589924,0
7977,23.250220427980366,0
7978,24.96896164788633,0
7979,24.773666647200603,0
7980,25.743639908766262,0
7981,24.56460135006469,0
7982,25.981679694809223,0
7983,25.107062893129147,0
7984,24.741576766255356,0
7985,23.46493153318669,0
7986,23.74988653296884,0
7987,22.296273687481023,0
7988,22.16532805826766,0
7989,22.91424691471289,0
7990,21.99590943205947,0
7991,20.18826319493022,0
7992,21.90282694696449,0
7993,20.459752331171625,0
7994,19.479776032698233,0
7995,18.848300156863374,0
7996,18.702210669587576,0
7997,16.86496953013457,0
7998,17.01243955037782,0
7999,16.813876279549877,0
8000,14.67752802301056,0
8001,13.90566160604123,0
8002,15.477653090543265,0
8003,14.431291923782936,0
8004,15.279872089074525,0
8005,13.77298248251488,0
8006,15.785717519593694,0
8007,16.926589541560315,0
8008,15.790146706646324,0
8009,17.467299012418387,0
8010,16.386051334302152,0
8011,16.535270783580504,0
8012,17.000340170532297,0
8013,16.016160534575356,0
8014,18.70026741413855,0
8015,19.489790051794234,0
8016,20.36555201624605,0
8017,20.477456221295707,0
8018,21.1942736894121,0
8019,21.609682153041955,0
8020,20.631023825597815,0
8021,22.20229717053475,0
8022,23.8431240699077,0
8023,22.74120582700744,0
8024,25.13399348158395,0
8025,26.455632664793647,0
8026,26.684221712990965,0
8027,24.81517813558969,0
8028,24.575859164073318,0
8029,26.2408322116597,0
8030,24.233444157430775,0
8031,23.99459508298862,0
8032,25.736176943280153,0
8033,22.72791730448649,0
8034,22.65003562589518,0
8035,23.865068450911814,0
8036,22.246911810537732,0
8037,21.67836351318578,0
8038,22.116649975916438,0
8039,21.596376244818238,0
8040,19.673923633517163,0
8041,19.54027628359494,0
8042,19.528222853292228,0
8043,20.016824544483306,0
8044,17.59638052822115,0
8045,16.365721393983108,0
8046,16.44634072100009,0
8047,16.662195055663418,0
8048,16.196828705448876,0
8049,13.778720552801971,0
8050,14.948418155376885,0
8051,14.228765894359963,0
8052,16.13998023533518,0
8053,15.433539562951248,0
8054,14.796955935961947,0
8055,17.51529503329271,0
8056,14.42227315971941,0
8057,15.71425628933854,0
8058,17.238520984170616,0
8059,17.59438956162854,0
8060,16.981008974673212,0
8061,18.545943357215087,0
8062,19.479221281868487,0
8063,20.29274249146073,0
8064,19.12244106251979,0
8065,19.733892707863017,0
8066,20.78467104862135,0
8067,21.577647666664078,0
8068,22.863945385540728,0
8069,21.427342488116704,0
8070,26.314328108308125,0
8071,25.31930644612152,0
8072,24.80518785228989,0
8073,24.668139426725023,0
8074,26.460547496931937,0
8075,25.01414032390211,0
8076,25.42322717800888,0
8077,23.85596348900875,0
8078,25.03895072547127,0
8079,23.291174291913116,0
8080,23.93868431049152,0
8081,24.709443013335715,0
8082,22.55448703043899,0
8083,22.84841898173419,0
8084,20.884276302888846,0
8085,21.107658205071033,0
8086,20.79161146780561,0
8087,20.98421970397372,0
8088,21.10738173010224,0
8089,20.56732102798179,0
8090,18.26355282280762,0
8091,17.134623144327627,0
8092,17.12519899020716,0
8093,16.33516108097373,0
8094,16.098116070320323,0
8095,14.754032716179685,0
8096,15.45702378054893,0
8097,15.47231755620258,0
8098,15.195976085816788,0
8099,14.411573154968334,0
8100,14.628359006789394,0
8101,15.357884001324049,0
8102,15.379738663242714,0
8103,15.658428987831302,0
8104,15.809453609513557,0
8105,15.752885779812917,0
8106,17.21628705745296,0
8107,15.985873450934582,0
8108,19.448349957816653,0
8109,17.333319534461786,0
8110,19.05986662240365,0
8111,20.963761964528295,0
8112,20.790688121914226,0
8113,21.25679773733029,0
8114,20.837275844270135,0
8115,23.284236251784545,0
8116,22.195556390077822,0
8117,23.389524232166565,0
8118,23.137276588813858,0
8119,23.796034453057203,0
8120,23.593392888318792,0
8121,23.319348471356353,0
8122,25.932529779662215,0
8123,24.04841810253543,0
8124,24.984854918043734,0
8125,24.679836032562342,0
8126,24.325449994537177,0
8127,24.001113202128792,0
8128,24.447362226823863,0
8129,24.018332282703543,0
8130,21.152919681337757,0
8131,22.056830912856352,0
8132,22.261352707102194,0
8133,22.66279997494037,0
8134,21.17220761012166,0
8135,21.774095792326094,0
8136,19.860933220507565,0
8137,19.370435298819736,0
8138,18.43239800895567,0
8139,18.389333722502577,0
8140,14.857166848322267,0
8141,17.097511922661578,0
8142,16.718105708862172,0
8143,15.659649296695358,0
8144,15.017028821478464,0
8145,16.107209218282062,0
8146,14.036333265887222,0
8147,15.348103628611788,0
8148,15.514610495219026,0
8149,13.27121078230117,0
8150,13.473877936004097,0
8151,14.984224673106333,0
8152,16.43060766800481,0
8153,15.643156464016496,0
8154,15.753879794602197,0
8155,17.338728483690666,0
8156,17.686121203895112,0
8157,17.44693585760503,0
8158,18.884966258021397,0
8159,20.48400400065786,0
8160,19.71885493845126,0
8161,22.044602006144967,0
8162,21.770244726305183,0
8163,23.53516879165536,0
8164,23.099133477216803,0
8165,23.74188019934216,0
8166,22.981939012024064,0
8167,26.32770265021094,0
8168,22.81783413524939,0
8169,25.342370763686098,0
8170,24.891531849090413,0
8171,23.609540859539113,0
8172,24.19064571818029,0
8173,24.390762393780577,0
8174,25.48273670104053,0
8175,24.46244369938044,0
8176,24.119074715399535,0
8177,20.69408766004785,0
8178,22.238334505660905,0
8179,22.271939181561756,0
8180,22.070038891292985,0
8181,20.306518078526697,0
8182,23.140961887929056,0
8183,20.32549879510947,0
8184,20.899881160296324,0
8185,17.674916445563426,0
8186,17.802605188371288,0
8187,18.607532795441085,0
8188,17.17191757898271,0
8189,16.392737713998674,0
8190,17.887188526385753,0
8191,16.046924442340032,0
8192,14.861075945393832,0
8193,14.268041341026803,0
8194,15.552294276026204,0
8195,15.60094421448856,0
8196,16.349461365388997,0
8197,15.294110394726271,0
8198,15.321853545495784,0
8199,15.85633263166712,0
8200,17.979870292312686,0
8201,16.303638536041316,0
8202,17.82799003305652,0
8203,16.53131770020125,0
8204,16.792617593767243,0
8205,17.123845831010687,0
8206,18.744323791948844,0
8207,18.922718562087596,0
8208,20.8620533618914,0
8209,21.3777283475379,0
8210,21.36776226504815,0
8211,21.698695795901234,0
8212,21.325772589747586,0
8213,23.035700607515004,0
8214,24.04703082165398,0
8215,25.86612172488044,0
8216,25.077381594805694,0
8217,23.588639637044132,0
8218,26.50545664155035,0
8219,25.70598882337884,0
8220,24.981658581876207,0
8221,23.767849797595325,0
8222,25.127418656359787,0
8223,23.693975509763188,0
8224,24.368600076771937,0
8225,22.45562849779518,0
8226,22.956496211295203,0
8227,23.204545284310072,0
8228,23.192435501846948,0
8229,22.888960062679665,0
8230,22.44487944386451,0
8231,20.413556632361,0
8232,20.278744490907307,0
8233,20.469739470490744,0
8234,17.95109011117164,0
8235,18.239519874664474,0
8236,17.627500202937874,0
8237,16.830068565549634,0
8238,18.516231509783754,0
8239,15.034088775003505,0
8240,15.955183671956854,0
8241,15.103551581855161,0
8242,14.669520898144665,0
8243,15.584198392370043,0
8244,13.706293033683368,0
8245,14.294868018252814,0
8246,15.374352946929381,0
8247,16.117432922193014,0
8248,15.678307911528801,0
8249,15.821796812066959,0
8250,14.142591746396855,0
8251,15.840977793204386,0
8252,16.640636046385602,0
8253,16.16185032781114,0
8254,19.696707849271085,0
8255,18.70002180202434,0
8256,20.071814120478635,0
8257,20.000696736678893,0
8258,21.626043453075898,0
8259,24.000920192095702,0
8260,21.052906081285016,0
8261,23.0869183521316,0
8262,24.04115056157687,0
8263,22.83665391157771,0
8264,22.97826969256508,0
8265,25.506344127677014,0
8266,26.160392856516737,0
8267,26.287889599840355,0
8268,23.13043936719333,0
8269,27.49034876233153,0
8270,24.22951446730138,0
8271,24.496266172887886,0
8272,26.840300655649315,0
8273,23.185222967524613,0
8274,26.056064337001946,0
8275,23.180090786299484,0
8276,20.92229226475442,0
8277,23.96402360609,0
8278,20.86071201385219,0
8279,19.493795846083035,0
8280,20.08944623230593,0
8281,20.689178884320384,0
8282,19.242456179044044,0
8283,18.806733122734403,0
8284,16.303024319816902,0
8285,16.435494532005844,0
8286,16.097382737582336,0
8287,17.605351597641196,0
8288,15.933520046038451,0
8289,15.094995821287783,0
8290,13.570523057759816,0
8291,13.545109100196361,0
8292,15.095596697351613,0
8293,16.09255806562797,0
8294,15.931004888419556,0
8295,15.901233448870606,0
8296,14.804769212114778,0
8297,16.62288081354141,0
8298,17.63377104962179,0
8299,15.17825143590866,0
8300,19.640327017311584,0
8301,18.29402787877322,0
8302,17.846725555923232,0
8303,21.10277887977227,0
8304,18.10136572481778,0
8305,17.70311051189527,0
8306,20.395266385296686,0
8307,22.2524422059672,0
8308,22.383142871158643,0
8309,23.576729111073476,0
8310,22.81675451026927,0
8311,24.89961017656864,0
8312,25.485165073451878,0
8313,24.895603773321493,0
8314,24.56993162469954,0
8315,24.756330453008193,0
8316,23.96556088812701,0
8317,27.474411671957448,0
8318,24.56193899082278,0
8319,25.53281045255104,0
8320,22.84568134112312,0
8321,23.61066274399056,0
8322,23.425879289851782,0
8323,22.861594606840367,0
8324,22.707052676043272,0
8325,21.56795030826804,0
8326,21.253455522648597,0
8327,20.630287646879786,0
8328,19.382937114212893,0
8329,20.77956103703731,0
8330,19.431200431478494,0
8331,17.594003793397555,0
8332,18.118502562053482,0
8333,17.78331822856657,0
8334,16.284580614846814,0
8335,15.191234692453031,0
8336,14.895559996699083,0
8337,17.370798111234784,0
8338,14.08602815524068,0
8339,14.701530445407226,0
8340,14.96380258116596,0
8341,14.321507090453325,0
8342,15.278280832685544,0
8343,15.422232496650619,0
8344,16.164849759775795,0
8345,15.624733968958106,0
8346,17.41657437432979,0
8347,17.227965301778433,0
8348,19.23833111135479,0
8349,19.2730217050806,0
8350,18.800827068720647,0
8351,18.02233359347883,0
8352,19.83039693094066,0
8353,19.556810275806384,0
8354,22.84399346958505,0
8355,21.792963873155607,0
8356,22.02570184483794,0
8357,21.942305342730496,0
8358,22.70266207612167,0
8359,25.101878916742294,0
8360,23.850587711242593,0
8361,25.99321236800922,0
8362,24.746807183965203,0
8363,24.87143120988818,0
8364,22.89809225128512,0
8365,24.9365898017747,0
8366,23.742388582964534,0
8367,25.319880691630697,0
8368,24.51492770130882,0
8369,22.928149739326777,0
8370,24.708890602745942,0
8371,22.151063029839108,0
8372,22.933781346544126,0
8373,21.62475645101172,0
8374,21.040684714219307,0
8375,19.53828827292825,0
8376,21.401597822984925,0
8377,19.830390440647193,0
8378,17.270434552762037,0
8379,17.11670654330398,0
8380,18.05840943444342,0
8381,16.622104562578695,0
8382,16.58000766862761,0
8383,16.38127212744542,0
8384,15.531678260805972,0
8385,14.369713681258151,0
8386,16.816024503886073,0
8387,16.08633017472882,0
8388,15.641879688048407,0
8389,14.572503081238171,0
8390,15.510706256064077,0
8391,13.743283645784606,0
8392,15.980464779523931,0
8393,15.000775703534764,0
8394,17.267785625056234,0
8395,15.986902420187173,0
8396,16.25175736718332,0
8397,17.128505595751744,0
8398,18.356334139237585,0
8399,16.951878132276132,0
8400,21.021208358735613,0
8401,20.826918090307377,0
8402,23.48764455641735,0
8403,21.510444814280294,0
8404,21.071735051557066,0
8405,23.976857306631224,0
8406,23.045947374916274,0
8407,23.835838051892665,0
8408,24.282231483823857,0
8409,25.099785968567332,0
8410,24.829991105549446,0
8411,25.406658871106274,0
8412,24.147252186729222,0
8413,25.055943526928033,0
8414,24.25126709330546,0
8415,25.026196237996405,0
8416,24.68316466543599,0
8417,25.15115201976416,0
8418,22.21657486669192,0
8419,23.45962482137417,0
8420,22.013118642027266,0
8421,22.27230469389511,0
8422,20.254068831395568,0
8423,21.373755477928146,0
8424,20.073620537647564,0
8425,19.33741422229034,0
8426,20.523855381576606,0
8427,18.91165036848377,0
8428,17.389902334043953,0
8429,17.8753639553136,0
8430,15.969873900595397,0
8431,16.251555795024064,0
8432,16.135016923125058,0
8433,17.46163543133051,0
8434,17.262730851469172,0
8435,15.464431822480067,0
8436,15.589705172259741,0
8437,13.466164224558899,0
8438,14.816878697074154,0
8439,14.215572989404649,0
8440,17.387236297376283,0
8441,16.07973739769426,0
8442,15.520392652748773,0
8443,17.25756803669511,0
8444,18.952987217251774,0
8445,18.260920623455576,0
8446,18.446643028307253,0
8447,20.46307779678607,0
8448,20.36038569873415,0
8449,20.4550389068886,0
8450,19.839991690703545,0
8451,21.756968259394373,0
8452,22.353830820225838,0
8453,23.897326194848976,0
8454,23.34833794760066,0
8455,23.769801162979288,0
8456,24.714587235984137,0
8457,25.44525741047725,0
8458,26.84043581586646,0
8459,23.72788116652766,0
8460,24.224188080150356,0
8461,26.7917342902751,0
8462,24.754376824467137,0
8463,23.794319452677186,0
8464,24.685125717061375,0
8465,25.549069327257033,0
8466,23.866048112693935,0
8467,23.198080322564337,0
8468,22.85583318910955,0
8469,21.509227317440313,0
8470,20.247998737139735,0
8471,22.766485589010674,0
8472,19.409333987320824,0
8473,19.379095524159386,0
8474,20.135793953614634,0
8475,16.96208408864454,0
8476,16.711097735488806,0
8477,17.917060025617744,0
8478,16.40979999293143,0
8479,16.354355361513406,0
8480,15.903531782726585,0
8481,17.616322652411363,0
8482,14.494965422400757,0
8483,14.208890866582852,0
8484,15.778000088108634,0
8485,16.178592790784613,0
8486,14.881576169423475,0
8487,15.060225862885375,0
8488,13.613125789836719,0
8489,15.073443377866951,0
8490,16.324680698432676,0
8491,16.962537843141867,0
8492,17.355354180987447,0
8493,18.260985050722255,0
8494,19.08885706224928,0
8495,21.145955271354566,0
8496,19.685474658759926,0
8497,21.690129184903405,0
8498,20.235757418651282,0
8499,21.76126048315346,0
8500,22.01883029036947,0
8501,22.39760823585889,0
8502,23.405717319982394,0
8503,24.762293370175982,0
8504,23.85445675512804,0
8505,22.7662743503907,0
8506,25.885365424064542,0
8507,26.93154845288588,0
8508,25.599662002297144,0
8509,24.980589073001468,0
8510,24.646628560564086,0
8511,25.16045302865632,0
8512,26.51810511970931,0
8513,24.639239261840263,0
8514,22.842058683846776,0
8515,23.811099506171743,0
8516,21.605734574749068,0
8517,23.178533095231867,0
8518,21.2581510602743,0
8519,21.397192919752996,0
8520,19.79541988640299,0
8521,17.119986959346456,0
8522,19.024612711195875,0
8523,17.53239394429007,0
8524,17.647961973535782,0
8525,18.262603599454433,0
8526,15.141472533809981,0
8527,15.285040612725888,0
8528,14.502884223724415,0
8529,15.328457196734862,0
8530,15.491557482259424,0
8531,15.07212098507325,0
8532,15.433289124189349,0
8533,15.927379970672265,0
8534,16.37130401048698,0
8535,13.087871807078784,0
8536,14.263475747737335,0
8537,16.050289764701915,0
8538,15.569304792670087,0
8539,17.737424599722157,0
8540,18.783229355032336,0
8541,17.177746609560668,0
8542,18.685109597479265,0
8543,19.15717618853012,0
8544,21.04261932069274,0
8545,20.096316146532168,0
8546,21.135136344533286,0
8547,22.6750534885849,0
8548,22.405212105960963,0
8549,22.338339639690265,0
8550,25.10701807699846,0
8551,23.045138925370566,0
8552,23.595525433766458,0
8553,26.647350450708913,0
8554,24.80237273554131,0
8555,25.913594118371186,0
8556,24.005800184088,0
8557,22.809611917816557,0
8558,25.739097214163927,0
8559,24.500782186370422,0
8560,23.17420398933275,0
8561,24.183637740378657,0
8562,23.35657218490838,0
8563,23.002018872412844,0
8564,23.362990751442986,0
8565,21.131750270496447,0
8566,22.102481001977985,0
8567,20.219569481545403,0
8568,20.700390702406207,0
8569,20.508090317193222,0
8570,20.39376193982826,0
8571,19.285518690329905,0
8572,16.292809959091628,0
8573,15.7195079256338,0
8574,17.646923363837438,0
8575,15.340061838929898,0
8576,15.121532205009732,0
8577,14.765902459722312,0
8578,17.689587289060988,0
8579,13.432467992112068,0
8580,15.00477772314626,0
8581,15.128851963413748,0
8582,15.699194406108374,0
8583,14.99967597422088,0
8584,15.418789677466059,0
8585,16.289950167079123,0
8586,16.688682706043732,0
8587,16.693099160966103,0
8588,17.637361245526463,0
8589,18.562899420950487,0
8590,17.542994641675165,0
8591,18.374154792157963,0
8592,21.462760728447137,0
8593,20.840318468699447,0
8594,22.61932745733595,0
8595,21.159234416504006,0
8596,23.308385024042217,0
8597,22.027955741943156,0
8598,24.359578592351387,0
8599,24.1389936522707,0
8600,25.497319667854725,0
8601,23.718624058319875,0
8602,25.739265780597485,0
8603,24.38506017844931,0
8604,24.15472037600383,0
8605,25.528482848947238,0
8606,23.695548689375006,0
8607,25.111359179268334,0
8608,24.208127620067916,0
8609,24.472929374974342,0
8610,23.68387797407963,0
8611,23.145319642665893,0
8612,22.24031411693792,0
8613,21.351693034462887,0
8614,20.388231525016316,0
8615,21.322929615903174,0
8616,19.744916707516687,0
8617,21.101289560296514,0
8618,19.799611636336135,0
8619,17.632337427418758,0
8620,17.99546750507593,0
8621,18.181869592373456,0
8622,15.66831702040133,0
8623,14.139435506383172,0
8624,16.645581118528007,0
8625,14.653388645662577,0
8626,13.491598816439248,0
8627,15.218901096265421,0
8628,14.613051674709482,0
8629,15.742282360440438,0
8630,16.625978938843026,0
8631,17.13168888372691,0
8632,16.365607599247593,0
8633,16.78189092745601,0
8634,15.370261529393801,0
8635,18.301197829382204,0
8636,18.2510249012327,0
8637,17.331326003562186,0
8638,18.41294450304981,0
8639,18.31042899951394,0
8640,19.896233679192104,0
8641,20.227750613660763,0
8642,21.355288974891756,0
8643,20.05345665257252,0
8644,23.68673215493706,0
8645,22.99200010403347,0
8646,22.94840983820834,0
8647,23.82756524663719,0
8648,23.322994392840027,0
8649,25.158266078644083,0
8650,24.697282268919476,0
8651,24.20561800073257,0
8652,25.166876052623774,0
8653,24.313414477153312,0
8654,24.74474192428791,0
8655,24.05618826930876,0
8656,25.804384505661993,0
8657,24.51581643278732,0
8658,23.870932970652024,0
8659,23.573814276468884,0
8660,23.343123869722476,0
8661,23.674657421800084,0
8662,21.368477200244932,0
8663,21.312435223400175,0
8664,20.580646606646173,0
8665,20.24236366938934,0
8666,19.340250821987834,0
8667,17.434706692229867,0
8668,17.766837291743986,0
8669,16.278684542858013,0
8670,15.860744041149568,0
8671,15.783289907581821,0
8672,14.862941675450438,0
8673,16.753139299936592,0
8674,14.740744777447318,0
8675,16.017312645406445,0
8676,15.431650011488237,0
8677,14.605348580172553,0
8678,16.119237619435314,0
8679,12.348391553615638,0
8680,14.68734737281493,0
8681,17.845794199804992,0
8682,16.574644427466577,0
8683,16.52572420101584,0
8684,18.29692309497894,0
8685,16.872433311370767,0
8686,17.00541296608074,0
8687,18.65962228943891,0
8688,18.545253247280534,0
8689,20.08680157623924,0
8690,20.910576261818086,0
8691,21.692548753456272,0
8692,22.075603510203035,0
8693,21.414546890981,0
8694,23.283434931787376,0
8695,21.984137301880523,0
8696,23.63625480373895,0
8697,26.329424512685776,0
8698,25.262118693359955,0
8699,23.853301878879353,0
8700,25.192991771397637,0
8701,24.871610588406043,0
8702,24.27360006698315,0
8703,23.244237992563743,0
8704,24.481638718074585,0
8705,24.21022700620821,0
8706,24.321307687837393,0
8707,23.499993820786617,0
8708,24.475467425382945,0
8709,21.987435828842845,0
8710,17.767135357895327,0
8711,19.43074223514952,0
8712,20.270063062501073,0
8713,18.22940882663326,0
8714,19.913899125959848,0
8715,16.30751830983764,0
8716,16.816171565917635,0
8717,16.29973274325668,0
8718,15.685825428065094,0
8719,17.392870589244584,0
8720,14.992047196465245,0
8721,15.8470080318219,0
8722,14.417225369777118,0
8723,16.352390866387434,0
8724,15.881991012237414,0
8725,17.1081407045851,0
8726,14.159016629657426,0
8727,15.302815143082197,0
8728,16.22136672642686,0
8729,15.808227940584363,0
8730,15.594494719734023,0
8731,15.21506918653248,0
8732,17.745450465788373,0
8733,18.301520552994713,0
8734,18.642918277243727,0
8735,19.330011693288007,0
8736,19.60759481331622,0
8737,20.193152257355553,0
8738,18.46693099173948,0
8739,22.515233088159544,0
8740,22.441683678957812,0
8741,23.2700242024393,0
8742,22.407461874097127,0
8743,23.060661600609947,0
8744,23.74200477239912,0
8745,24.5401453981799,0
8746,24.241230156751165,0
8747,25.51148806073635,0
8748,25.29943563406477,0
8749,25.329105089328067,0
8750,25.236328614097538,0
8751,24.588001754532154,0
8752,23.593880480818516,0
8753,23.141464351233342,0
8754,21.89124785380962,0
8755,20.994003221861792,0
8756,21.75718658153163,0
8757,22.933700551405146,0
8758,20.843842928327742,0
8759,20.29669044745026,0
8760,19.965739863095415,0
8761,18.916526502587125,0
8762,17.28733505920756,0
8763,16.92316760766293,0
8764,19.05803852742407,0
8765,16.597601274772526,0
8766,17.60693991026632,0
8767,16.833718555153276,0
8768,15.152468515131318,0
8769,16.931236063172534,0
8770,15.68140666058889,0
8771,13.087328748265584,0
8772,14.33039077903217,0
8773,15.462688143787087,0
8774,13.43177089583871,0
8775,15.488566962978517,0
8776,16.56273562054736,0
8777,15.749222108635978,0
8778,16.67751901091416,0
8779,16.790288297317485,0
8780,17.96738934023211,0
8781,18.596925693188552,0
8782,18.37305676657962,0
8783,16.977807134332885,0
8784,19.15230557330097,0
8785,20.157646043021987,0
8786,22.43638386904083,0
8787,21.870586106389243,0
8788,20.369982694733796,0
8789,23.420032067882154,0
8790,22.688737437751698,0
8791,23.591728245596798,0
8792,24.959779800714895,0
8793,25.330786767085893,0
8794,27.61232136919475,0
8795,26.155578031457363,0
8796,25.003691661909656,0
8797,25.808705480310458,0
8798,25.14007878094752,0
8799,23.478885542650605,0
8800,24.095282736980163,0
8801,25.054547363581687,0
8802,24.445327102361087,0
8803,23.59156163316386,0
8804,24.010852918968446,0
8805,22.445118961006933,0
8806,22.36203505822072,0
8807,20.182773926572963,0
8808,19.181275905107498,0
8809,19.722855426562887,0
8810,19.653513174011188,0
8811,18.66307830212031,0
8812,18.120622438026487,0
8813,18.58449931566209,0
8814,16.568070119967697,0
8815,16.826824596475852,0
8816,15.453150450071426,0
8817,15.33394870009017,0
8818,16.009421826010936,0
8819,17.04556372398809,0
8820,14.736362607483333,0
8821,14.012096810791622,0
8822,16.30327421603296,0
8823,16.92956205442364,0
8824,16.044143864191174,0
8825,15.783812503315897,0
8826,16.67159753125422,0
8827,16.813308643247737,0
8828,16.05148955359546,0
8829,18.327127541891528,0
8830,19.75407169566179,0
8831,18.8213487087688,0
8832,21.493468488530045,0
8833,18.73423734958983,0
8834,22.300367011130078,0
8835,20.3388290602735,0
8836,22.02782345618508,0
8837,22.08464400572975,0
8838,22.554222385377575,0
8839,26.17249084229901,0
8840,24.333737666663204,0
8841,26.300233652572377,0
8842,26.92771626120748,0
8843,25.504839522126336,0
8844,24.690574936540887,0
8845,24.638919393890212,0
8846,23.916310053134925,0
8847,24.992976459489565,0
8848,25.573180028842522,0
8849,23.187437296133833,0
8850,22.711758228547538,0
8851,22.999720465604927,0
8852,24.191783671692487,0
8853,21.693093676162814,0
8854,22.987146278996885,0
8855,19.441567049646892,0
8856,20.50033956196263,0
8857,20.954381509853576,0
8858,17.900108271825886,0
8859,17.55720101703607,0
8860,18.514501851945898,0
8861,16.784731319503454,0
8862,17.006207890820495,0
8863,16.69300648209689,0
8864,16.882531972137144,0
8865,17.229696226971946,0
8866,14.276815371786222,0
8867,15.15641207582061,0
8868,16.15672593856525,0
8869,15.849785337297499,0
8870,15.94426335989141,0
8871,14.743074383913365,0
8872,16.366000540104274,0
8873,15.204601241055848,0
8874,18.03846266152459,0
8875,16.686611832760974,0
8876,14.765146901154404,0
8877,15.24261641419773,0
8878,19.469106236893193,0
8879,21.196956219616407,0
8880,20.455142379306405,0
8881,21.286932386270202,0
8882,21.51260035385451,0
8883,21.91320200683086,0
8884,22.18913860719057,0
8885,21.39023574310976,0
8886,23.500380890927243,0
8887,24.550269075222225,0
8888,23.90557366837239,0
8889,24.98756576573028,0
8890,25.634699396898583,0
8891,23.287554958445785,0
8892,25.230266941651344,0
8893,24.70233910422229,0
8894,26.009871894308095,0
8895,25.22572520658616,0
8896,24.787155228655713,0
8897,22.16312981651967,0
8898,24.379890015720694,0
8899,22.200308178932612,0
8900,21.659921698158648,0
8901,21.54556467175573,0
8902,21.815306238957376,0
8903,20.157038768785085,0
8904,22.060671213599115,0
8905,21.14912212384168,0
8906,18.152738051638227,0
8907,18.247991088835654,0
8908,16.65445355868382,0
8909,15.587007439413965,0
8910,15.471812055086355,0
8911,16.897383500857128,0
8912,15.544630550469195,0
8913,14.666049329895735,0
8914,14.563443840886514,0
8915,13.832394018029618,0
8916,14.809226593002428,0
8917,15.52264798819786,0
8918,16.793801859868598,0
8919,15.877968492194423,0
8920,15.313177483625187,0
8921,15.261316085972823,0
8922,19.228248952351777,0
8923,16.591493005549548,0
8924,17.479767208212905,0
8925,16.323874194734117,0
8926,18.395931047659452,0
8927,18.91289369969382,0
8928,20.19008186247999,0
8929,21.921224454461026,0
8930,21.999661319426295,0
8931,21.014264685361773,0
8932,20.918019516143573,0
8933,22.864814823241765,0
8934,24.028309464231178,0
8935,23.246499891958905,0
8936,23.902099667899783,0
8937,24.97084614284789,0
8938,23.82748373931432,0
8939,25.591835657019153,0
8940,24.224030244231574,0
8941,26.84190131497843,0
8942,24.805289108539487,0
8943,24.06525128400912,0
8944,24.038039736141492,0
8945,22.878717464713432,0
8946,23.78228745933417,0
8947,21.73480846540466,0
8948,23.351290169234456,0
8949,21.786181676599103,0
8950,19.89514535012235,0
8951,21.25139803967558,0
8952,20.361685856539008,0
8953,18.035721015031733,0
8954,19.153805545802918,0
8955,17.86454331876055,0
8956,17.789366763576773,0
8957,15.47723492047,0
8958,17.656419423635057,0
8959,15.407695824092835,0
8960,16.00362290854568,0
8961,16.8534542602591,0
8962,15.066284674302223,0
8963,15.73713796115794,0
8964,16.28300508822105,0
8965,14.06099721570022,0
8966,14.497092167010903,0
8967,15.669454568907609,0
8968,16.593233635389563,0
8969,15.468528197541742,0
8970,17.8938240499946,0
8971,17.951744040811672,0
8972,17.464122003379796,0
8973,17.521724704649404,0
8974,20.52604499829408,0
8975,18.688691854561032,0
8976,20.73854156734552,0
8977,18.342482259312014,0
8978,21.41055312372902,0
8979,22.078529462734913,0
8980,22.299597281719706,0
8981,24.028150484871144,0
8982,24.155671717303267,0
8983,22.710923201586358,0
8984,25.51537688643137,0
8985,24.606189030495095,0
8986,26.401927640888978,0
8987,24.70004301889127,0
8988,24.83125501270119,0
8989,25.489786427138508,0
8990,23.947206672362746,0
8991,25.064424573087255,0
8992,24.142352739295976,0
8993,22.95409807216834,0
8994,24.45108727223103,0
8995,23.710018293675272,0
8996,21.323476556273583,0
8997,22.783499308979646,0
8998,22.593884495968375,0
8999,21.35051898612665,0
9000,19.19405406000491,0
9001,19.016287601320272,0
9002,18.249755963428996,0
9003,18.881057513272715,0
9004,15.942512570370404,0
9005,17.283171564219124,0
9006,16.948993417715013,0
9007,14.023176636621107,0
9008,16.909066010446242,0
9009,15.860668291383035,0
9010,13.40346923264271,0
9011,14.624482120734674,0
9012,15.848551926767238,0
9013,14.108276559146342,0
9014,13.26210878721864,0
9015,14.475324567174013,0
9016,15.090311159883543,0
9017,16.30952358202591,0
9018,17.06827328444597,0
9019,16.09072820998883,0
9020,15.417954773306139,0
9021,17.506925047756788,0
9022,17.95431635486632,0
9023,19.294459959773718,0
9024,21.2314744357583,0
9025,19.47964078296191,0
9026,22.934192354995748,0
9027,22.298402055820993,0
9028,23.54562443964021,0
9029,20.70207258001367,0
9030,23.383421549369196,0
9031,24.640067337089597,0
9032,23.798996712636928,0
9033,24.491483750377583,0
9034,24.382967878789575,0
9035,24.560497931676586,0
9036,24.47174474467875,0
9037,25.86749991656504,0
9038,24.134131495130426,0
9039,24.097839216820535,0
9040,25.626438023786054,0
9041,23.910884075945415,0
9042,23.08729627581869,0
9043,25.545871461540642,0
9044,20.103887592332647,0
9045,22.532200549035508,0
9046,21.417091968297996,0
9047,23.108352491367356,0
9048,20.38035388468879,0
9049,18.534625022183597,0
9050,18.52156131547866,0
9051,17.11217202520485,0
9052,19.26351823071222,0
9053,17.11357531591322,0
9054,16.692583991953896,0
9055,15.797348005413905,0
9056,16.316039956854894,0
9057,14.418327530341747,0
9058,15.2897400279611,0
9059,14.622595647962052,0
9060,15.381794363256784,0
9061,14.887940333751853,0
9062,15.50024349691308,0
9063,16.672749469893578,0
9064,15.733217687134664,0
9065,16.711225584376066,0
9066,16.079853452176966,0
9067,16.306647409044054,0
9068,17.312798026372125,0
9069,17.706336345486587,0
9070,18.875427839836117,0
9071,19.049878898029274,0
9072,19.629815749817464,0
9073,19.59332741371138,0
9074,21.998716482181127,0
9075,21.262441345052054,0
9076,22.0863260639397,0
9077,24.15338392434818,0
9078,25.53414545273128,0
9079,25.41459017688806,0
9080,25.346081756638664,0
9081,26.158938267163315,0
9082,24.246732962615514,0
9083,26.25369673463394,0
9084,25.775660724183258,0
9085,25.027708091612045,0
9086,25.051647057659533,0
9087,25.15424314269288,0
9088,23.170206228271393,0
9089,24.85391043807708,0
9090,23.989739704312985,0
9091,23.149830277261664,0
9092,21.272363932981442,0
9093,22.564468023384148,0
9094,20.56330771562071,0
9095,22.039992524749696,0
9096,19.69670331678137,0
9097,19.530614090250317,0
9098,16.430122604757692,0
9099,18.76397092464461,0
9100,17.392798837296635,0
9101,17.972418251525404,0
9102,17.770771145911528,0
9103,15.08861612150864,0
9104,14.36330800733711,0
9105,14.740355222524048,0
9106,15.944432277816254,0
9107,15.089117032314084,0
9108,15.491391335406,0
9109,14.590688131433513,0
9110,14.706872148212524,0
9111,14.564810172942975,0
9112,17.01310034105103,0
9113,17.139054066320394,0
9114,17.12411974940094,0
9115,19.16832738158712,0
9116,19.154234725855986,0
9117,17.406194997359652,0
9118,19.86126490110065,0
9119,20.048260778120788,0
9120,20.962668989081173,0
9121,19.80024142326003,0
9122,21.993972609331756,0
9123,22.019167688722728,0
9124,24.086328087715554,0
9125,23.355124189896067,0
9126,23.988700279872216,0
9127,25.237638891952358,0
9128,23.897813729131936,0
9129,26.0975805976214,0
9130,26.735199025126924,0
9131,25.353145290387154,0
9132,24.88954314605173,0
9133,24.8427809837866,0
9134,24.60510224130192,0
9135,25.159282432204257,0
9136,23.9977134235999,0
9137,25.970597469788654,0
9138,23.999779281477842,0
9139,23.87623395695207,0
9140,22.485607634762104,0
9141,22.400674222095354,0
9142,21.917506752277745,0
9143,20.53462583534066,0
9144,19.711504431250386,0
9145,17.908866743629137,0
9146,17.711817475723972,0
9147,18.21555681477497,0
9148,19.427648274388638,0
9149,17.081547086457274,0
9150,16.04760210264964,0
9151,16.743071417385842,0
9152,16.301690150880255,0
9153,15.616158229096637,0
9154,15.42654065366618,0
9155,13.300992546189292,0
9156,16.584335743870277,0
9157,13.777548508710389,0
9158,13.906682013819651,0
9159,14.315263197960165,0
9160,14.654904303570515,0
9161,15.390374001243407,0
9162,16.13912267802831,0
9163,18.09404873235977,0
9164,16.347415959571375,0
9165,17.95154697800436,0
9166,18.485429623377936,0
9167,19.145827136183637,0
9168,20.091999442822985,0
9169,22.60883311311808,0
9170,21.01841900897166,0
9171,22.135924863044366,0
9172,22.752612732939063,0
9173,24.458312492703907,0
9174,24.825257124702087,0
9175,24.2165140660687,0
9176,24.874512222362373,0
9177,25.036747965966864,0
9178,24.472131314464743,0
9179,24.955777168548423,0
9180,26.01181884739523,0
9181,23.002124034405536,0
9182,24.382040558186123,0
9183,25.777787628310374,0
9184,24.464745410304108,0
9185,24.13867511096339,0
9186,23.77440154769555,0
9187,24.467824709038943,0
9188,23.420506980369876,0
9189,21.05840056922989,0
9190,22.484719727252127,0
9191,20.324140578725455,0
9192,19.472308288545673,0
9193,19.099091162813142,0
9194,17.406261951517283,0
9195,18.23945344732834,0
9196,17.236960188472818,0
9197,15.333898916879013,0
9198,16.88483379176081,0
9199,17.483710364351484,0
9200,14.569894704612118,0
9201,14.259815490807787,0
9202,12.992269954503609,0
9203,16.291291332555122,0
9204,14.988855199052193,0
9205,14.2275131211981,0
9206,16.252456127437306,0
9207,15.658844101323854,0
9208,18.315439889064546,0
9209,15.846626756412896,0
9210,17.218942691230474,0
9211,16.817314143658013,0
9212,18.676690836999164,0
9213,17.258579470840697,0
9214,20.078863596263478,0
9215,19.14428407922101,0
9216,20.16935151017081,0
9217,20.88299201292121,0
9218,21.3694792253074,0
9219,21.57543623424552,0
9220,21.96040771736742,0
9221,22.763944861255066,0
9222,23.97479404205307,0
9223,23.929948145042502,0
9224,25.202423385169496,0
9225,24.66065508826344,0
9226,25.930776941878346,0
9227,24.507021997010348,0
9228,26.14377470695915,0
9229,22.75104246445983,0
9230,23.42453859736745,0
9231,24.720624935747892,0
9232,25.197275078063953,0
9233,25.439232145490333,0
9234,23.396945875962416,0
9235,24.272981847487983,0
9236,22.475293040796416,0
9237,20.774324492625848,0
9238,22.4328237783575,0
9239,21.13928653523025,0
9240,19.81548215302463,0
9241,19.771454923476817,0
9242,19.092696840208315,0
9243,18.080037468915602,0
9244,17.472357377012454,0
9245,16.335742262893017,0
9246,17.0482601982102,0
9247,14.948594525178354,0
9248,14.99948308293679,0
9249,16.874777572256022,0
9250,14.960176720746746,0
9251,16.13902904453923,0
9252,13.734823641851426,0
9253,13.148288905317802,0
9254,15.726502375168698,0
9255,15.227113339406129,0
9256,15.466147189525909,0
9257,14.832791689148294,0
9258,16.96971502534559,0
9259,15.062677555678894,0
9260,17.597517549921974,0
9261,19.545529262906378,0
9262,18.376473756975376,0
9263,19.955483990657825,0
9264,17.86561647353566,0
9265,19.67604300199754,0
9266,20.938800102488447,0
9267,22.557459110576207,0
9268,21.863637822961234,0
9269,23.27913903968227,0
9270,23.636332405997738,0
9271,23.276325246353863,0
9272,24.71323544986603,0
9273,23.38322938033172,0
9274,25.307113935925397,0
9275,26.232534342714423,0
9276,24.55918697273297,0
9277,24.259680111539335,0
9278,24.41914701887553,0
9279,24.690376417195754,0
9280,24.450490486845915,0
9281,23.99462372260694,0
9282,22.609289023650803,0
9283,23.301913357015895,0
9284,23.636733766617926,0
9285,21.613235049528946,0
9286,22.88844742272467,0
9287,21.636287562700666,0
9288,21.00142506543103,0
9289,19.83855288845983,0
9290,18.56440598257957,0
9291,19.286960767219856,0
9292,17.343321733104727,0
9293,16.50506539272656,0
9294,17.790147608561682,0
9295,16.721057017546087,0
9296,13.836601202982953,0
9297,16.442540221838893,0
9298,15.476561127203622,0
9299,14.810727654371487,0
9300,15.069735629970404,0
9301,15.158704083065585,0
9302,14.280981905970789,0
9303,16.35923893782196,0
9304,17.473024288134997,0
9305,17.419671483055552,0
9306,16.979611799315204,0
9307,15.792183574936253,0
9308,16.9436133269694,0
9309,16.4090665993212,0
9310,18.49327133279624,0
9311,19.38292132288784,0
9312,20.245275969120062,0
9313,19.26672729884952,0
9314,20.973302655809686,0
9315,20.330057129432348,0
9316,21.107267676885183,0
9317,22.92066808367893,0
9318,22.921807024693784,0
9319,25.270389560665148,0
9320,25.674858243802667,0
9321,25.224693303785884,0
9322,25.95126970319148,0
9323,25.08093383541871,0
9324,22.807792844538056,0
9325,24.099986244455604,0
9326,24.94709619505757,0
9327,26.56104848477464,0
9328,23.67008716127044,0
9329,22.792707704650525,0
9330,20.92024652291027,0
9331,22.736694092144973,0
9332,22.313447124445236,0
9333,21.30113559200018,0
9334,21.499850344345727,0
9335,22.017732136919335,0
9336,19.277224539138864,0
9337,17.864506451707513,0
9338,19.897038763201042,0
9339,16.978414047061303,0
9340,17.688152959045972,0
9341,18.611481332274163,0
9342,16.511955550387107,0
9343,17.305235877774432,0
9344,15.384708995126884,0
9345,16.084964201957103,0
9346,15.825930384483303,0
9347,15.960668236839107,0
9348,13.986904327432692,0
9349,15.80630324258301,0
9350,14.259828506783766,0
9351,15.015046732436854,0
9352,14.829488450020486,0
9353,14.875551958692089,0
9354,15.353342516476522,0
9355,16.628629239162894,0
9356,19.194427729195027,0
9357,17.114201007660775,0
9358,20.10367241052496,0
9359,18.52285297497398,0
9360,20.948459070993675,0
9361,18.778814151335947,0
9362,21.87109502225874,0
9363,22.083378657957823,0
9364,23.805554048848467,0
9365,20.89826049782844,0
9366,23.325070199404237,0
9367,22.186660493016674,0
9368,24.981184037196993,0
9369,22.71170290710781,0
9370,23.387980350255155,0
9371,25.343754908167014,0
9372,25.473053630534842,0
9373,25.066995412476086,0
9374,25.210539087877198,0
9375,23.941542801964435,0
9376,25.75449482187071,0
9377,23.939015599586604,0
9378,21.691832261217698,0
9379,22.402447274728956,0
9380,21.862005160583553,0
9381,23.017398657628387,0
9382,22.128391717217998,0
9383,21.20196408308867,0
9384,18.746611636603024,0
9385,20.067666892595984,0
9386,17.882655003778083,0
9387,17.80397897122811,0
9388,17.820638233284733,0
9389,15.34477589387761,0
9390,16.857658529232395,0
9391,15.654275871113839,0
9392,14.350936053778424,0
9393,16.57428317898394,0
9394,15.411098478693264,0
9395,15.358806456754674,0
9396,13.472890394152385,0
9397,15.80157464881191,0
9398,14.94385528426774,0
9399,13.936106794684859,0
9400,16.282844417902727,0
9401,16.27710546329089,0
9402,16.73643338705239,0
9403,17.61436368437392,0
9404,16.695390467923655,0
9405,18.032606815612176,0
9406,18.958117153983295,0
9407,20.075691696266183,0
9408,18.696790259238956,0
9409,19.244075833744063,0
9410,22.551854954773347,0
9411,21.52307141874046,0
9412,20.49565784306153,0
9413,23.73175251586648,0
9414,22.66789690823582,0
9415,23.56161222526176,0
9416,24.419396234863008,0
9417,23.773400134028417,0
9418,22.930276027273877,0
9419,24.039747587323454,0
9420,24.89061341607737,0
9421,23.612721316788463,0
9422,23.541298914639814,0
9423,26.190256548904216,0
9424,24.618868521989707,0
9425,23.737174420801885,0
9426,22.826847100790108,0
9427,23.438624355913127,0
9428,22.769038933565582,0
9429,20.27285607386796,0
9430,20.24758813497893,0
9431,20.630202647158296,0
9432,20.513246973678005,0
9433,20.360690976985314,0
9434,19.85580977233736,0
9435,17.828789723635236,0
9436,17.156581317793083,0
9437,17.417645172449582,0
9438,14.965873951005483,0
9439,14.941175843607837,0
9440,16.59567929209823,0
9441,13.871934509805072,0
9442,15.436526635965272,0
9443,15.322872995180978,0
9444,13.369804153801072,0
9445,15.091298324354783,0
9446,15.722921643554427,0
9447,16.83111410520637,0
9448,17.268049577258886,0
9449,16.119696873979837,0
9450,16.240204918121595,0
9451,16.949781640727505,0
9452,16.569175543630077,0
9453,17.2153055377428,0
9454,17.72256661064552,0
9455,21.400731563387843,0
9456,19.99866692496501,0
9457,20.672536479648407,0
9458,22.94836196512405,0
9459,21.07916663367999,0
9460,23.194091650053586,0
9461,24.006101423580233,0
9462,23.70316461767673,0
9463,23.95786509311468,0
9464,25.23201944309307,0
9465,26.378038840936473,0
9466,24.482577024987688,0
9467,27.851588118715842,0
9468,26.632778020363112,0
9469,23.25877871630867,0
9470,24.803763991475844,0
9471,24.106209381826098,0
9472,25.653063772943856,0
9473,26.26142003122164,0
9474,24.27645574511251,0
9475,22.920560224181582,0
9476,21.8667135507637,0
9477,23.05453525523663,0
9478,20.43238870545929,0
9479,22.924898933448116,0
9480,21.140576795151812,0
9481,21.408464495299462,0
9482,18.91016597160128,0
9483,20.038754286831406,0
9484,17.235933206309124,0
9485,17.35226224095278,0
9486,17.22870925945823,0
9487,15.711416576560133,0
9488,15.427063251492243,0
9489,17.122256320745905,0
9490,14.082423007889634,0
9491,17.174308973850717,0
9492,14.609192102352488,0
9493,14.431311195169432,0
9494,13.682342850286677,0
9495,13.91744929312496,0
9496,14.61330801230971,0
9497,16.07673062226243,0
9498,16.942891213110606,0
9499,17.523286924624152,0
9500,17.60118638478317,0
9501,18.10453829503838,0
9502,20.234276768886552,0
9503,19.479955608846506,0
9504,20.159456005229075,0
9505,20.537662476694567,0
9506,20.626782204668565,0
9507,21.627317789381372,0
9508,22.108880556457983,0
9509,22.907766044679505,0
9510,27.053354940086756,0
9511,25.33365567585561,0
9512,23.316731135633283,0
9513,23.205682257222357,0
9514,24.32738110308628,0
9515,25.034679267882414,0
9516,25.388621419030525,0
9517,25.104943660146574,0
9518,23.172814556424505,0
9519,22.83802040653241,0
9520,23.81628258431799,0
9521,23.183487200489893,0
9522,21.25022705526825,0
9523,21.60100425203399,0
9524,22.63414052197839,0
9525,20.619077887173468,0
9526,20.7551791249888,0
9527,20.991447643489217,0
9528,21.26989756063504,0
9529,18.429270696697866,0
9530,18.75044978327689,0
9531,17.994569648319626,0
9532,16.741150990856838,0
9533,16.215824136043818,0
9534,17.847801173158146,0
9535,15.387987255452458,0
9536,15.639076240516744,0
9537,15.517153755337775,0
9538,16.854173650562483,0
9539,15.125184024496619,0
9540,16.757875823672386,0
9541,16.16471266521761,0
9542,14.556522231887831,0
9543,16.17192665454341,0
9544,14.804862544804278,0
9545,15.91723806400747,0
9546,16.073800753604203,0
9547,18.42311136868541,0
9548,16.64959913361404,0
9549,19.06678187634143,0
9550,18.926831009200953,0
9551,20.18233545853285,0
9552,17.624350515097493,0
9553,20.457052329394674,0
9554,21.120832710767015,0
9555,24.427137684461663,0
9556,24.415018698391346,0
9557,22.958715346144324,0
9558,23.608892511782887,0
9559,22.03946045179941,0
9560,24.582184718989183,0
9561,23.700742317973695,0
9562,26.06985619759222,0
9563,23.726102487272986,0
9564,25.204224320268196,0
9565,24.894833894621208,0
9566,24.472672732928046,0
9567,24.219023064909358,0
9568,24.017907468371746,0
9569,22.44271252956745,0
9570,24.13508166108162,0
9571,24.3023926586787,0
9572,21.484323045964604,0
9573,21.154870273079307,0
9574,20.04103065368454,0
9575,20.89733308002427,0
9576,20.113766333250894,0
9577,18.03725401784333,0
9578,16.9810406599565,0
9579,17.944674301419532,0
9580,18.58086082017742,0
9581,18.331426448317014,0
9582,16.074915766527422,0
9583,15.643612614988244,0
9584,17.49375914691463,0
9585,16.800153483842575,0
9586,14.27378304011725,0
9587,14.053091174816828,0
9588,13.2769337877317,0
9589,15.534208344398843,0
9590,14.840175051777539,0
9591,14.475707051706072,0
9592,15.304522793204312,0
9593,14.702536680937712,0
9594,17.644313163703867,0
9595,16.86651514318242,0
9596,18.206577942703035,0
9597,16.449604069387924,0
9598,17.823190918589862,0
9599,20.00461040774815,0
9600,20.568897983396717,0
9601,20.535121785345613,0
9602,20.279075179940456,0
9603,21.182120598597365,0
9604,23.052844264814105,0
9605,23.04858349664258,0
9606,23.1979217804934,0
9607,24.608480940985086,0
9608,22.825434152140947,0
9609,23.820332651433503,0
9610,24.851165268214125,0
9611,26.46129991968349,0
9612,24.342248200835947,0
9613,26.180148186367642,0
9614,24.38874277152997,0
9615,25.47413293540865,0
9616,25.104704457424532,0
9617,25.317429332254584,0
9618,24.17139567098571,0
9619,23.60387280662978,0
9620,22.33101036900699,0
9621,23.13081055903983,0
9622,22.44552159352363,0
9623,20.289690473555304,0
9624,18.258354850482448,0
9625,20.438841191171207,0
9626,19.100872099827786,0
9627,17.590999590524188,0
9628,16.7696754479682,0
9629,17.126026018461353,0
9630,15.900978087298922,0
9631,16.62869293976862,0
9632,15.414061735824736,0
9633,15.767320863376973,0
9634,12.376276209018044,0
9635,14.289602599360428,0
9636,13.42020476650956,0
9637,14.192014430194506,0
9638,15.569684759054883,0
9639,15.315478185558252,0
9640,16.123264178492747,0
9641,15.38788242054203,0
9642,15.026210825689708,0
9643,17.27475201097555,0
9644,16.780246357489517,0
9645,18.682766668354375,0
9646,19.482055258475086,0
9647,19.870745029972156,0
9648,17.955580403816725,0
9649,20.965272039742246,0
9650,20.15019416557117,0
9651,22.811259695365774,0
9652,22.12808848498372,0
9653,23.28104405860943,0
9654,24.40624825515322,0
9655,23.958047373579443,0
9656,25.772577711440874,0
9657,23.360960339173605,0
9658,23.957195955200046,0
9659,27.40674747423439,0
9660,25.81822326197706,0
9661,26.658019171412835,0
9662,25.299172237001194,0
9663,24.094451816443204,0
9664,25.824485518743067,0
9665,25.352716271042766,0
9666,23.901218222984532,0
9667,22.4758089534638,0
9668,23.136052019947698,0
9669,23.29365715201771,0
9670,20.28760749029185,0
9671,20.273313306479885,0
9672,19.5062477802364,0
9673,20.041240882096986,0
9674,20.317111615141098,0
9675,17.423680766060304,0
9676,18.02243050234755,0
9677,18.7543574654409,0
9678,15.862466458966127,0
9679,17.26570284744782,0
9680,14.801698366328777,0
9681,14.320934612667509,0
9682,14.967863471436113,0
9683,16.071837804701214,0
9684,15.04572214214154,0
9685,14.184403133361876,0
9686,13.75414348389879,0
9687,16.07837873757296,0
9688,17.6624109161686,0
9689,17.70245408317971,0
9690,16.506502162439332,0
9691,16.230077136626843,0
9692,17.946190873806465,0
9693,16.992256059419237,0
9694,17.819180381656704,0
9695,18.59153560692932,0
9696,20.559295721572614,0
9697,22.62659423155138,0
9698,20.53660060219157,0
9699,20.99131706891179,0
9700,23.718636032899497,0
9701,22.239322791082785,0
9702,24.8885800987936,0
9703,23.434901057440626,0
9704,23.210450706756813,0
9705,24.73450704376993,0
9706,24.06330420280006,0
9707,23.513763711045545,0
9708,23.830949906309367,0
9709,24.50922020445796,0
9710,25.475023518170882,0
9711,26.000042184400055,0
9712,23.63528416416602,0
9713,23.823139694890596,0
9714,23.945825376323643,0
9715,24.46564308636031,0
9716,22.55142934732889,0
9717,20.715252853583504,0
9718,22.41263172507586,0
9719,19.673715997703365,0
9720,20.191896830955034,0
9721,19.946957298924946,0
9722,19.939120696486565,0
9723,17.66115505485719,0
9724,16.826874643202917,0
9725,16.39648178015014,0
9726,15.607241913061026,0
9727,18.407574387374993,0
9728,15.768051510488489,0
9729,15.711496060891687,0
9730,14.268646586651002,0
9731,15.322386492601197,0
9732,15.507767650978947,0
9733,15.142790340493699,0
9734,16.656645001663502,0
9735,15.209300092626318,0
9736,16.9826682020253,0
9737,15.721825537193624,0
9738,15.606211203853269,0
9739,17.29306148238758,0
9740,15.619512979866846,0
9741,16.75954690969756,0
9742,18.612852526471045,0
9743,18.486563731455465,0
9744,19.771352803176587,0
9745,21.38616316581263,0
9746,22.28761080870173,0
9747,22.69284858707757,0
9748,23.201661117309655,0
9749,22.142283388300303,0
9750,23.18092628093679,0
9751,23.091709606508203,0
9752,23.157367126706838,0
9753,23.474012304595128,0
9754,26.68482523963673,0
9755,24.126921498125693,0
9756,25.169917181480518,0
9757,25.657431887563003,0
9758,25.212427465786195,0
9759,23.914993936687782,0
9760,24.50973835443012,0
9761,22.42363189744359,0
9762,22.30320949004294,0
9763,22.83250129768229,0
9764,23.26730622100928,0
9765,22.941035496737022,0
9766,22.03115363256216,0
9767,20.899342426336165,0
9768,20.473199608029066,0
9769,20.777164480726576,0
9770,17.796117936056515,0
9771,17.60276978317923,0
9772,16.41770109700063,0
9773,16.150447376348467,0
9774,15.801430606386885,0
9775,16.393981701927185,0
9776,14.766391857859432,0
9777,15.933334203110665,0
9778,14.454138105515206,0
9779,16.251375072208006,0
9780,16.0143612922721,0
9781,14.406373462775031,0
9782,14.651916440884369,0
9783,15.274292916067933,0
9784,16.160910532346463,0
9785,15.824435097509864,0
9786,17.241711002038297,0
9787,15.831124124437709,0
9788,16.426858340281502,0
9789,18.936321412412518,0
9790,19.404480155953713,0
9791,19.55071837587196,0
9792,19.33791978502134,0
9793,20.07956033648742,0
9794,21.329481155198284,0
9795,21.039473488248227,0
9796,22.344129379830072,0
9797,22.99491567663221,0
9798,25.71463292385028,0
9799,23.66602060344346,0
9800,23.65741013136282,0
9801,24.09291389882874,0
9802,26.064652616338243,0
9803,23.408985727350288,0
9804,25.71128276769004,0
9805,25.407521188912547,0
9806,25.32771867793759,0
9807,25.828597533127013,0
9808,23.509378861801792,0
9809,24.737382395899434,0
9810,22.606557035506743,0
9811,23.882147381527705,0
9812,22.63189043908029,0
9813,23.099900798190774,0
9814,20.906342677103545,0
9815,19.405587806818232,0
9816,20.1681102558172,0
9817,19.141609731070588,0
9818,18.32573371927767,0
9819,18.87871425962723,0
9820,18.00908467267203,0
9821,16.528390323463615,0
9822,16.972233843355497,0
9823,16.700169727915256,0
9824,17.16539927227907,0
9825,15.941254299430597,0
9826,14.882029331646205,0
9827,13.589064453857643,0
9828,16.153742433772674,0
9829,13.886696449979283,0
9830,14.207898981095587,0
9831,15.292903750260686,0
9832,15.375650111476167,0
9833,14.54843971220385,0
9834,14.223657836781118,0
9835,17.428200010202726,0
9836,17.54020201808444,0
9837,18.31961009211303,0
9838,21.388086713988812,0
9839,19.13230707267791,0
9840,20.41562354186928,0
9841,21.738194501969886,0
9842,22.533226017822624,0
9843,22.28122102097879,0
9844,21.137809675124153,0
9845,23.340569989546985,0
9846,23.75606748460768,0
9847,24.398270275444574,0
9848,22.640735652095962,0
9849,26.36534317208,0
9850,24.507801916732014,0
9851,24.684627009527315,0
9852,27.284160249748687,0
9853,27.285648506883042,0
9854,24.715776532475548,0
9855,25.31326289444129,0
9856,22.798789294270083,0
9857,23.82241766046921,0
9858,23.225481078182128,0
9859,21.00915009538977,0
9860,23.8752696111885,0
9861,19.97981019208273,0
9862,23.964092357993827,0
9863,19.203132239151863,0
9864,17.48523307205962,0
9865,19.41091122316706,0
9866,19.900778000727545,0
9867,16.110242751630725,0
9868,17.60582486564906,0
9869,17.00648801282579,0
9870,15.616803009978701,0
9871,16.071870050311066,0
9872,15.53626499453067,0
9873,15.20920757523539,0
9874,14.78786968019792,0
9875,14.336084192009686,0
9876,15.345235086099011,0
9877,15.720735777448553,0
9878,14.039092403239499,0
9879,14.148485210121112,0
9880,17.62331799165925,0
9881,15.621729633513784,0
9882,15.582061851146157,0
9883,15.187546814408465,0
9884,18.605920297349126,0
9885,18.507443574308056,0
9886,17.81703984128364,0
9887,20.799991231531788,0
9888,21.105584571559458,0
9889,19.0269882895335,0
9890,20.68953164354123,0
9891,22.207869787511694,0
9892,23.009912896568178,0
9893,23.965566960332666,0
9894,21.276473770580647,0
9895,22.81742595968413,0
9896,24.726382409373148,0
9897,25.07843053886833,0
9898,25.520521922563848,0
9899,24.395523488732632,0
9900,26.080327509913655,0
9901,24.83491644159118,0
9902,25.259080806123276,0
9903,25.542432508773555,0
9904,24.180280450483686,0
9905,24.62828701943234,0
9906,21.89728110033132,0
9907,23.783812177517888,0
9908,22.378693249214155,0
9909,22.030530456974756,0
9910,20.705849464393566,0
9911,17.555291994240882,0
9912,20.813178533922216,0
9913,19.99805160680874,0
9914,20.344964370572256,0
9915,16.339902516329182,0
9916,15.718174935195409,0
9917,17.09832368609713,0
9918,15.858650321392354,0
9919,15.67227403130618,0
9920,17.10220476920569,0
9921,16.131853670948136,0
9922,15.76281833122675,0
9923,16.217368327014693,0
9924,13.690835073255471,0
9925,14.67989622898639,0
9926,15.83626923865474,0
9927,14.6399091621908,0
9928,16.820510841106262,0
9929,15.303831854836517,0
9930,17.808851264958147,0
9931,14.868677172209152,0
9932,18.30089205486105,0
9933,17.844111746936782,0
9934,18.264711507507045,0
9935,20.37674381368822,0
9936,21.03209639830886,0
9937,20.062939662097683,0
9938,20.221697176661404,0
9939,23.033608916235636,0
9940,22.894358821974144,0
9941,25.18928493028909,0
9942,24.218571209022347,0
9943,24.524203381369695,0
9944,24.45044823607329,0
9945,23.571900390355275,0
9946,24.653311351266282,0
9947,26.768015640288297,0
9948,25.17675244740257,0
9949,23.932647800570113,0
9950,24.79822280747665,0
9951,25.312923991929747,0
9952,23.91880007301958,0
9953,23.219225444138786,0
9954,22.73949548877133,0
9955,23.540368208123724,0
9956,22.826384280328973,0
9957,23.269871342631,0
9958,22.421208822227705,0
9959,21.58961945087201,0
9960,18.302329160356503,0
9961,19.341416085930106,0
9962,19.16727089286918,0
9963,18.309113938121957,0
9964,18.10863680921702,0
9965,16.385160507448138,0
9966,16.196064879166695,0
9967,16.4240737876748,0
9968,16.895944835796143,0
9969,16.50976479381827,0
9970,16.142050132368855,0
9971,14.598641962371437,0
9972,16.857612600943256,0
9973,16.22008805467695,0
9974,15.720859973683606,0
9975,16.322517975267328,0
9976,15.30684285875385,0
9977,15.024735740556611,0
9978,14.306546314758048,0
9979,17.91829579156376,0
9980,18.03049963371469,0
9981,17.88396079857839,0
9982,19.00548255502621,0
9983,17.997110827639357,0
9984,21.522932836200795,0
9985,22.263745618861087,0
9986,20.646260661197886,0
9987,21.318131777425755,0
9988,21.319070840715227,0
9989,23.157571428648968,0
9990,21.63356190272951,0
9991,23.137077231444493,0
9992,23.917073200641614,0
9993,25.340410586989808,0
9994,24.497748878218513,0
9995,26.593300213077494,0
9996,26.456452990821283,0
9997,25.61212505403669,0
9998,24.64955689450204,0
9999,25.427934882483587,0
10000,25.206584862966693,1
10001,26.025988083447437,0
10002,22.591486686520476,0
10003,23.76961172624217,0
10004,22.565134881318826,0
10005,22.65240454587384,0
10006,21.10197601002914,0
10007,20.246603181542433,0
10008,21.81185206316664,0
10009,18.400541244030304,0
10010,19.30187390530464,0
10011,17.594206523794135,0
10012,18.986663217755204,0
10013,16.921062523122064,0
10014,16.822257928943106,0
10015,15.412396436852674,0
10016,15.055774446643586,0
10017,13.415819050226533,0
10018,16.771542656128023,0
10019,16.057419401998676,0
10020,13.886552101201518,0
10021,15.713971776557166,0
10022,14.48039308739549,0
10023,15.373008886850553,0
10024,16.9584155580214,0
10025,17.4844414112914,0
10026,18.115545008129878,0
10027,18.062648505045566,0
10028,17.147586168746002,0
10029,17.468981893235878,0
10030,19.83672585773912,0
10031,19.428732635070908,0
10032,20.25766754824265,0
10033,18.820344013793655,0
10034,19.501494864800634,0
10035,21.51349314995561,0
10036,24.6025722663068,0
10037,21.96986930806651,0
10038,24.46326118725486,0
10039,26.220899088123765,0
10040,24.23337524847928,0
10041,24.281545013798866,0
10042,25.023576182498072,0
10043,26.745236651782562,0
10044,25.23095413914229,0
10045,24.833259656700378,0
10046,24.7984443591233,0
10047,25.296808998993278,0
10048,27.08260230673094,0
10049,23.81414843948427,0
10050,23.26552413630931,0
10051,24.873403348852655,0
10052,22.356344540476886,0
10053,21.817285435722432,0
10054,21.736707832337576,0
10055,20.986736741232814,0
10056,19.65261799371483,0
10057,19.3221911261168,0
10058,18.36059591222937,0
10059,20.092577332300145,0
10060,17.506609302737427,0
10061,18.073619154030297,0
10062,16.168384118046784,0
10063,15.845875468978559,0
10064,15.542646947587,0
10065,16.594568145794238,0
10066,15.712829465656123,0
10067,16.740914161365755,0
10068,17.664894841539525,0
10069,16.62777824963277,0
10070,15.480667856845066,0
10071,15.924393654950943,0
10072,16.045225267739884,0
10073,15.034091746901709,0
10074,17.24759461368729,0
10075,15.319451493354002,0
10076,18.889639892709518,0
10077,19.31950536753755,0
10078,19.30547896313018,0
10079,20.54510969025035,0
10080,19.463444673603952,0
10081,20.53767243695188,0
10082,21.98479610537635,0
10083,22.36080431706605,0
10084,21.502653994553004,0
10085,24.794168253469525,0
10086,23.62686679382231,0
10087,24.12526565879798,0
10088,24.436305517686257,0
10089,25.09486676955897,0
10090,24.254466742133843,0
10091,26.183382621730797,0
10092,26.401119691113596,0
10093,26.08025995507616,0
10094,25.60726323757649,0
10095,25.704798943446804,0
10096,25.5377170569785,0
10097,25.278049239866125,0
10098,25.24194217247676,0
10099,24.87637780931843,0
10100,25.06115034575241,0
10101,23.07006456569397,0
10102,19.90734078982571,0
10103,19.78834753062019,0
10104,21.366127718987098,0
10105,19.290330407744023,0
10106,20.24493855320872,0
10107,19.736769007875207,0
10108,19.162672206133525,0
10109,16.396478698195573,0
10110,17.07133300682864,0
10111,17.619630058208628,0
10112,16.218768407852522,0
10113,16.30477909772989,0
10114,15.494899531998902,0
10115,16.421989833580017,0
10116,16.769465518821185,0
10117,15.308421778871999,0
10118,18.274015779758802,0
10119,16.282872931977874,0
10120,16.782016929909286,0
10121,16.900208810966177,0
10122,18.77167152285319,0
10123,18.532050699650203,0
10124,18.282555022601368,0
10125,17.79812735851045,0
10126,19.756035822561774,0
10127,18.441955131535913,0
10128,21.292022576808968,0
10129,19.63664758617422,0
10130,23.339964160215764,0
10131,23.154193465421432,0
10132,23.246172920063497,0
10133,26.19971292436036,0
10134,25.77750025532,0
10135,24.30253570494435,0
10136,25.184190825954833,0
10137,26.910364044545336,0
10138,26.319172141528913,0
10139,25.94068403418266,0
10140,24.455100165837965,0
10141,26.867215636317308,0
10142,27.51800510732961,0
10143,24.279539462704882,0
10144,25.74071488115498,0
10145,25.399004357350385,0
10146,27.316546867162245,0
10147,24.061134557785135,0
10148,25.1812349039559,0
10149,24.488548259614937,0
10150,23.156973744381162,0
10151,21.312575030758797,0
10152,21.919947193271177,0
10153,21.651563830389584,0
10154,21.24791705571493,0
10155,18.329607107668018,0
10156,17.44385542757685,0
10157,19.710993938944714,0
10158,18.114517071278,0
10159,15.938443852832059,0
10160,16.593295545725248,0
10161,16.30346594832272,0
10162,15.972093386504163,0
10163,14.918357167965409,0
10164,15.51589379549914,0
10165,16.278645554093913,0
10166,16.85087434646473,0
10167,17.910794539718616,0
10168,15.356204684993255,0
10169,16.951490852675505,0
10170,16.553844443766348,0
10171,19.36727957537827,0
10172,18.92471524264734,0
10173,19.222360080833997,0
10174,19.834490886294997,0
10175,21.722273287408346,0
10176,21.814678763414516,0
10177,21.658406731317523,0
10178,22.957865626371284,0
10179,25.537754652110227,0
10180,22.772608050698132,0
10181,24.483829922081824,0
10182,24.21861563235376,0
10183,25.108842254369442,0
10184,25.2235654987304,0
10185,26.905969926891192,0
10186,26.265447472787233,0
10187,28.595818115241215,0
10188,26.32581187784449,0
10189,25.286542935266983,0
10190,26.307961388540665,0
10191,27.265136013629498,0
10192,25.218277327856246,0
10193,26.704951464905466,0
10194,24.119802368162194,0
10195,24.489419824410888,0
10196,25.19248703128004,0
10197,22.87423391030477,0
10198,23.27142280435549,0
10199,23.11112656576035,0
10200,22.10480043712932,0
10201,22.94905759079606,0
10202,19.70898447400356,0
10203,20.99382147056544,0
10204,18.954849774432514,0
10205,19.085358010978144,0
10206,18.524448669298632,0
10207,18.013016804396468,0
10208,18.451168201860245,0
10209,16.966371489688253,0
10210,16.12853904187003,0
10211,19.066380613987924,0
10212,17.032019449234394,0
10213,17.67520218930143,0
10214,15.567450772612723,0
10215,17.632288130778598,0
10216,18.176312811226374,0
10217,17.618000843824323,0
10218,18.041677877955745,0
10219,18.34027654439781,0
10220,18.582927881083044,0
10221,21.1923188613429,0
10222,19.633025120049215,0
10223,22.437614058674935,0
10224,21.13987295881931,0
10225,24.179850148795268,0
10226,22.012563943010584,0
10227,23.072337209932876,0
10228,24.04843619271691,0
10229,25.194517419698983,0
10230,25.858848502543157,0
10231,26.370512610183802,0
10232,23.68831310465748,0
10233,26.959709869069677,0
10234,29.190929591645766,0
10235,25.470929346518353,0
10236,27.063644310113318,0
10237,26.229973906356392,0
10238,26.033658520389576,0
10239,27.02545158623733,0
10240,26.89759847946867,0
10241,24.43650754251125,0
10242,24.6333480283344,0
10243,24.616764558555037,0
10244,22.782982752721004,0
10245,23.887918141218865,0
10246,25.030351214194983,0
10247,22.26646907396725,0
10248,22.45251078234651,0
10249,20.940274314274948,0
10250,20.62103734471203,0
10251,20.251699492001592,0
10252,22.266245952893595,0
10253,18.333299707769193,0
10254,16.74951919947469,0
10255,18.46188580606485,0
10256,18.603599039321676,0
10257,16.43610751730093,0
10258,15.42455967053512,0
10259,16.1905889545376,0
10260,16.360242181175995,0
10261,16.14445799118051,0
10262,18.319537895328846,0
10263,15.674544321088321,0
10264,17.538258801261982,0
10265,17.528443602708354,0
10266,18.344767135618667,0
10267,18.373398084687203,0
10268,17.68805942965052,0
10269,20.297291431869777,0
10270,20.44571902089478,0
10271,21.75656738975256,0
10272,21.55731837246924,0
10273,23.602591664857137,0
10274,22.40806329656121,0
10275,26.656781380097822,0
10276,23.562444989490224,0
10277,23.734697744080044,0
10278,26.806345020407175,0
10279,26.806644563520553,0
10280,26.295797368742463,0
10281,27.13341568728574,0
10282,26.38038570685096,0
10283,28.96314513135829,0
10284,27.437721659134354,0
10285,26.812444036423933,0
10286,28.127588727569822,0
10287,26.814673603981525,0
10288,27.31984006804971,0
10289,26.063462140728692,0
10290,26.56805619325119,0
10291,25.820982271523658,0
10292,25.1285553303102,0
10293,23.50991930416889,0
10294,23.504124282973216,0
10295,22.857643678710183,0
10296,22.161187264463198,0
10297,23.285762028747538,0
10298,20.36502342429669,0
10299,21.127393953489246,0
10300,20.14015354548534,0
10301,20.45165582598854,0
10302,19.166570377597004,0
10303,19.334999895114407,0
10304,17.55555278773902,0
10305,19.194574429882184,0
10306,18.673171160737613,0
10307,17.102710580480306,0
10308,16.76873227475953,0
10309,15.298285135364166,0
10310,17.240155500084153,0
10311,18.114512791511398,0
10312,17.97054030346699,0
10313,16.2326293588777,0
10314,21.028140010792537,0
10315,19.745715291186123,0
10316,21.50557729613336,0
10317,21.333643107178442,0
10318,21.626901617288453,0
10319,21.66159553607531,0
10320,21.886336570382294,0
10321,23.066825833690224,0
10322,23.525985666581672,0
10323,24.15814345709048,0
10324,26.055855173302028,0
10325,25.79874770145147,0
10326,26.96601953393514,0
10327,25.585151318072995,0
10328,26.302435534096794,0
10329,26.246733882772492,0
10330,26.330529712775462,0
10331,28.472499649494665,0
10332,27.609226347186986,0
10333,26.70423906051048,0
10334,27.69960766727565,0
10335,28.4963234264683,0
10336,26.02740783511883,0
10337,25.18175837204222,0
10338,26.019360547501172,0
10339,25.691699704436825,0
10340,23.532200815671292,0
10341,24.1664966682301,0
10342,24.81444765329929,0
10343,23.593130209347933,0
10344,23.19877005731105,0
10345,21.5875367614159,0
10346,21.75578848527126,0
10347,21.037384304576314,0
10348,19.941397474863226,0
10349,20.125665986420298,0
10350,21.639191792293357,0
10351,16.67304830261091,0
10352,17.725626162270313,0
10353,20.81004698758265,0
10354,16.791331966798335,0
10355,16.823130459125178,0
10356,17.965285037027627,0
10357,16.824104508606695,0
10358,18.651266365361234,0
10359,16.269482284366067,0
10360,17.382816745594184,0
10361,19.604875969260156,0
10362,18.869419087655494,0
10363,20.977077913724028,0
10364,20.18654807844273,0
10365,20.983430975640957,0
10366,19.45392990275111,0
10367,23.83366766446139,0
10368,24.657997883849976,0
10369,23.88656942863032,0
10370,24.86954925026544,0
10371,24.294251903207467,0
10372,26.894986942489965,0
10373,27.62578897170747,0
10374,25.92551386326091,0
10375,26.71201132743764,0
10376,28.45001869510832,0
10377,25.943959875950043,0
10378,26.725517294037232,0
10379,29.220642005680357,0
10380,28.944481143929817,0
10381,28.649642009981253,0
10382,28.916121743798378,0
10383,26.976095457855838,0
10384,28.511424315731123,0
10385,27.584719260787505,0
10386,27.315353819670108,0
10387,24.703337350210635,0
10388,25.023091072201176,0
10389,24.06231650917546,0
10390,23.62900459069403,0
10391,24.665269251579023,0
10392,23.748630920794913,0
10393,22.53261938459469,0
10394,20.188817471095803,0
10395,21.649206293284465,0
10396,20.541477934235367,0
10397,19.47977543022176,0
10398,19.039723804298983,0
10399,18.26212163452015,0
10400,19.25970423558998,0
10401,17.825428178462065,0
10402,18.092462605807583,0
10403,17.71630368432897,0
10404,19.488591530846836,0
10405,18.777998103647796,0
10406,18.68091916497945,0
10407,16.483529669086742,0
10408,18.33808378973002,0
10409,18.499604613997747,0
10410,19.864723580862396,0
10411,22.97869014718814,0
10412,20.67554714980693,0
10413,21.912693963541173,0
10414,21.88005090412827,0
10415,23.61569256289983,0
10416,23.733430469652497,0
10417,25.207595951312946,0
10418,25.822106101089734,0
10419,25.12106186847552,0
10420,27.019456513915824,0
10421,23.83233204168193,0
10422,27.58599535007113,0
10423,25.844892888448793,0
10424,28.376433627907105,0
10425,29.278595554724053,0
10426,27.382783609812595,0
10427,27.61896736605125,0
10428,27.776947008258606,0
10429,29.155408414745505,0
10430,26.474890235870383,0
10431,27.74557882093413,0
10432,28.895100662309154,0
10433,25.93407619160466,0
10434,27.270210174827646,0
10435,25.373375708486176,0
10436,26.514043516378056,0
10437,23.978860972474084,0
10438,23.57908524860665,0
10439,24.268369631876574,0
10440,23.955655908089668,0
10441,23.33153031185786,0
10442,22.493587286756178,0
10443,21.691700149199654,0
10444,20.99436050834338,0
10445,21.647067968144512,0
10446,20.412273459004737,0
10447,20.536917374952623,0
10448,17.84109062803978,0
10449,20.42802263267604,0
10450,16.930645891096784,0
10451,18.34406872613423,0
10452,19.76382439451484,0
10453,18.0277256203335,0
10454,17.925608412178267,0
10455,19.166242706334003,0
10456,20.82505016198238,0
10457,20.99127889553245,0
10458,18.591371371273368,0
10459,21.033387494397395,0
10460,20.69513739779813,0
10461,20.435817544147408,0
10462,21.540754136672142,0
10463,21.735220131092788,0
10464,22.674058009889787,0
10465,22.904868517560324,0
10466,26.00816347382736,0
10467,25.46178474129374,0
10468,27.004994254726476,0
10469,27.40176826561903,0
10470,25.800666214602966,0
10471,28.424290110877774,0
10472,26.755180478310862,0
10473,27.347232641475838,0
10474,28.812179803743994,0
10475,28.270983077021874,0
10476,28.270666268875594,0
10477,29.49986610306648,0
10478,28.668904455118128,0
10479,25.08537839163414,0
10480,29.835979586087127,0
10481,30.14302562344339,0
10482,28.05568121298508,0
10483,27.8641045754904,0
10484,26.749997865288176,0
10485,24.874163411231137,0
10486,25.261328167774597,0
10487,24.810635197838813,0
10488,24.28479993818782,0
10489,23.71143328374174,0
10490,22.237827844832452,0
10491,22.780351909924086,0
10492,23.39718798464121,0
10493,22.35918820239952,0
10494,20.98253636992112,0
10495,19.324246019229967,0
10496,18.83027058781908,0
10497,19.392218298198053,0
10498,18.02735363583018,0
10499,19.149983531385402,0
10500,19.104558576833227,0
10501,19.85814455354699,0
10502,20.477121785569654,0
10503,19.91796631547754,0
10504,20.090718176388005,0
10505,20.515912646235716,0
10506,19.89590365599247,0
10507,21.55375970179353,0
10508,23.131541431274233,0
10509,23.060508801336667,0
10510,22.689236080356046,0
10511,23.74271115684954,0
10512,25.057487342348626,0
10513,25.63981833080954,0
10514,26.540432979812493,0
10515,24.4219608101717,0
10516,27.519921142882232,0
10517,27.86356541089071,0
10518,27.79527505491934,0
10519,28.37188919334487,0
10520,27.79245926005831,0
10521,28.372217702603383,0
10522,28.815625107003846,0
10523,28.2668379753374,0
10524,28.66129243492462,0
10525,29.533482020351475,0
10526,29.020083040326217,0
10527,27.445350949137158,0
10528,30.90327048927696,0
10529,25.456519859198718,0
10530,28.385393052006034,0
10531,26.642198848692917,0
10532,27.04240016829655,0
10533,26.7581561309672,0
10534,25.969239527931474,0
10535,25.099170387782873,0
10536,24.169923573527633,0
10537,25.096595312640048,0
10538,22.057363150427317,0
10539,23.720622025092403,0
10540,21.317391031809,0
10541,21.543654204525005,0
10542,21.455894623444003,0
10543,20.368850328471087,0
10544,19.052482417235947,0
10545,19.43192132756754,0
10546,19.640513234107754,0
10547,18.18645482438388,0
10548,19.512113316801845,0
10549,18.242430071212407,0
10550,18.81415138382315,0
10551,20.14252567039131,0
10552,19.028493333944482,0
10553,21.44621533103469,0
10554,21.11270740697957,0
10555,20.117852373727086,0
10556,21.02318885800129,0
10557,23.434991685282082,0
10558,24.947762149985984,0
10559,24.99548214111739,0
10560,23.180874710693665,0
10561,26.180387227044868,0
10562,27.63566128094558,0
10563,27.935179164941452,0
10564,27.469973017494873,0
10565,28.62764546044719,0
10566,28.653294652870358,0
10567,28.190506904504034,0
10568,28.25940506849381,0
10569,27.440889018878636,0
10570,30.100825250308013,0
10571,28.33623177829387,0
10572,30.282866136933322,0
10573,31.169761328128992,0
10574,29.809685570806096,0
10575,28.919275277783377,0
10576,28.745299481838675,0
10577,29.78512922733417,0
10578,27.001743155036394,0
10579,29.436505154498775,0
10580,26.469238391905098,0
10581,26.04920640054749,0
10582,27.607125465308275,0
10583,23.760603353598068,0
10584,24.064672385873653,0
10585,24.784480834037154,0
10586,24.07078174438031,0
10587,23.193901265331924,0
10588,22.22761133576246,0
10589,20.867122156945737,0
10590,21.160763848171193,0
10591,19.554252477545077,0
10592,20.36746452803221,0
10593,19.634558066091348,0
10594,19.906069090026374,0
10595,20.53301394347685,0
10596,18.000035351113183,0
10597,20.087288513096333,0
10598,19.899468834576496,0
10599,19.210982914253158,0
10600,21.421193609128363,0
10601,20.21984459895854,0
10602,21.196924106605984,0
10603,21.135468873106767,0
10604,19.558883083223428,0
10605,23.29518644069305,0
10606,23.2323225259855,0
10607,26.24838125557459,0
10608,24.589220456071956,0
10609,24.132398842300418,0
10610,27.54018445786062,0
10611,26.2518701017893,0
10612,26.71650756930334,0
10613,27.53498998865628,0
10614,30.33915924668595,0
10615,30.717750843576734,0
10616,28.796471343867417,0
10617,29.611189030205555,0
10618,31.109041940553663,0
10619,29.504325640301012,0
10620,30.393641219315917,0
10621,29.97253909283834,0
10622,31.8736583658435,0
10623,31.210065473477087,0
10624,29.199980319193426,0
10625,28.174841594138826,0
10626,28.78677943034712,0
10627,28.00854005321537,0
10628,26.16772760368679,0
10629,26.951116401122704,0
10630,27.34513449968323,0
10631,25.326751872026936,0
10632,25.06418337766741,0
10633,23.625044432074564,0
10634,23.827387460052815,0
10635,23.335457878276834,0
10636,22.877438911014114,0
10637,20.441081807895138,0
10638,20.909690368982066,0
10639,19.759096401081635,0
10640,20.449351522245877,0
10641,19.278518299976266,0
10642,21.17389730034466,0
10643,19.406039741293156,0
10644,20.151327446825793,0
10645,22.461091069531232,0
10646,19.787935923298935,0
10647,20.666274923994884,0
10648,21.196251305171323,0
10649,21.749747598983824,0
10650,21.67402863929843,0
10651,22.856246558703543,0
10652,22.391066883855483,0
10653,24.04623567143746,0
10654,24.182514797230855,0
10655,25.89400807545229,0
10656,26.198234068855225,0
10657,26.01324039835708,0
10658,26.650369058928664,0
10659,26.506516476942455,0
10660,28.51564299873142,0
10661,28.54106574551158,0
10662,27.167513977069394,0
10663,30.703143792882784,0
10664,28.23771592996906,0
10665,28.748288125219617,0
10666,30.50057740240744,0
10667,28.815352820359355,0
10668,30.609437874248922,0
10669,30.37166825371492,0
10670,30.074697329191117,0
10671,28.38219122946845,0
10672,29.74434466999688,0
10673,27.203863111633435,0
10674,30.56937068562013,0
10675,27.382122166345194,0
10676,27.231794465708248,0
10677,28.909120249161255,0
10678,27.744156490042755,0
10679,25.449570330119176,0
10680,23.932798780690632,0
10681,26.060019032716397,0
10682,23.946180218512815,0
10683,22.925943003720622,0
10684,24.348187179576435,0
10685,22.06598359598386,0
10686,23.12831178894634,0
10687,19.45880200672417,0
10688,20.619208533805807,0
10689,22.40232594360996,0
10690,21.67962335103158,0
10691,20.553777381794813,0
10692,20.04800457667753,0
10693,21.71274255351886,0
10694,22.333838225595986,0
10695,19.904608783110202,0
10696,19.616343185990278,0
10697,21.52648585635251,0
10698,22.35875589947549,0
10699,22.384568375355567,0
10700,21.50624474194424,0
10701,23.033499484258396,0
10702,24.798457378600627,0
10703,23.700499227580814,0
10704,26.672502809703357,0
10705,26.164378782048217,0
10706,27.322717991892755,0
10707,27.580441883418214,0
10708,28.37907460728408,0
10709,26.636621473750207,0
10710,28.38721415571322,0
10711,29.41573936771101,0
10712,30.025881172740164,0
10713,30.4126594224683,0
10714,31.565718680438255,0
10715,29.668122607407224,0
10716,29.203598743786007,0
10717,28.780506879127056,0
10718,29.556238266885508,0
10719,30.126307269956918,0
10720,30.30553272441651,0
10721,29.658421395452635,0
10722,28.518045666426634,0
10723,29.552215360451537,0
10724,28.02473034405738,0
10725,27.920318712640785,0
10726,26.219007160037755,0
10727,27.206536233786647,0
10728,25.460620801896674,0
10729,26.497362684599004,0
10730,24.899105612270787,0
10731,24.01329774260925,0
10732,23.120494614620284,0
10733,22.663225672531475,0
10734,21.659927196660682,0
10735,23.069449250324187,0
10736,21.184532208539093,0
10737,19.973862300278,0
10738,20.442419788365108,0
10739,21.947027877544,0
10740,21.12326310256205,0
10741,21.042923239016332,0
10742,19.88844314843015,0
10743,22.01056984196742,0
10744,21.425911656801045,0
10745,21.674314011009677,0
10746,22.656847653297994,0
10747,22.349735101761826,0
10748,22.61478982030287,0
10749,22.05277840583102,0
10750,26.04279030686497,0
10751,26.036234394526243,0
10752,28.03812838109549,0
10753,29.07554202172219,0
10754,27.84009320332597,0
10755,27.42018120052664,0
10756,28.333563875904176,0
10757,27.905404604788096,0
10758,28.950634752384424,0
10759,29.982781040589586,0
10760,29.664856801448895,0
10761,30.658545614974503,0
10762,30.599103493640296,0
10763,30.992007545850146,0
10764,29.333159808485345,0
10765,31.764957767536558,0
10766,30.291687381440436,0
10767,30.58676586274655,0
10768,31.714748074692782,0
10769,28.529323877156276,0
10770,30.41051542210191,0
10771,29.603573817515837,0
10772,28.641816078555507,0
10773,27.70346904865955,0
10774,27.256281207989698,0
10775,26.371639559154968,0
10776,26.834045808838898,0
10777,25.126062826759476,0
10778,24.56236425271615,0
10779,23.876367043495563,0
10780,25.27933925427557,0
10781,25.088563563430842,0
10782,23.6103385745399,0
10783,22.884525477964882,0
10784,21.00815135173142,0
10785,22.18069222279836,0
10786,21.892784656745018,0
10787,19.82948874197686,0
10788,21.487992963760387,0
10789,20.93959356326038,0
10790,20.634620315230197,0
10791,21.61013909474971,0
10792,23.718409731078093,0
10793,23.466246710888264,0
10794,22.012521065493022,0
10795,22.354383008037367,0
10796,24.356965061958338,0
10797,22.329228701406688,0
10798,25.751391567744673,0
10799,23.70153019932613,0
10800,26.512915163560937,0
10801,28.021505392483622,0
10802,27.45039987027802,0
10803,30.8796626194298,0
10804,29.504885404063813,0
10805,29.16253735545709,0
10806,29.147068028491624,0
10807,29.523107409775083,0
10808,30.96475257698458,0
10809,32.82548496146726,0
10810,30.4429493123364,0
10811,30.759228537755284,0
10812,32.23242526509572,0
10813,31.204557534723865,0
10814,30.41678535748994,0
10815,29.983764282997885,0
10816,30.155946766856115,0
10817,30.160707288484648,0
10818,30.984201983045168,0
10819,30.814632518806146,0
10820,28.730792254163973,0
10821,27.000323898264337,0
10822,27.86481152652207,0
10823,27.87481966320434,0
10824,26.281393800437044,0
10825,25.05105663249824,0
10826,23.78358090155231,0
10827,25.360238021034892,0
10828,24.280255276650767,0
10829,24.301161698807178,0
10830,24.099413337489665,0
10831,24.207785393279767,0
10832,24.281226992184806,0
10833,22.060626982724287,0
10834,20.934181053191317,0
10835,22.560233646595428,0
10836,22.102050478309312,0
10837,22.512239485351262,0
10838,21.232626205784463,0
10839,22.14589588953121,0
10840,22.397885938238126,0
10841,22.65789080268582,0
10842,23.66092775350633,0
10843,23.493477900039714,0
10844,23.278091136940237,0
10845,23.31774527018111,0
10846,25.96895070076226,0
10847,23.763661209723583,0
10848,30.020354540967904,0
10849,28.151344582879656,0
10850,27.527596589526603,0
10851,28.215034097389164,0
10852,30.51999459768743,0
10853,29.02292798406414,0
10854,29.91890961021394,0
10855,29.64139635159537,0
10856,31.912122718470474,0
10857,32.411443807351276,0
10858,32.115365694588036,0
10859,31.620520558151515,0
10860,31.430232470321542,0
10861,30.565867439363746,0
10862,30.942848952275867,0
10863,29.43497529631205,0
10864,30.17991545771602,0
10865,30.591585967911982,0
10866,31.62047467878324,0
10867,31.689468778259357,0
10868,31.590202359725687,0
10869,28.765020606419537,0
10870,27.75607690481265,0
10871,27.129856008689828,0
10872,28.575910422946347,0
10873,28.27070997678288,0
10874,25.51491930073181,0
10875,24.983620376557436,0
10876,25.45926094743932,0
10877,23.029303126637625,0
10878,21.316806815015198,0
10879,21.85931325136945,0
10880,22.698810503387985,0
10881,21.64448166601002,0
10882,21.199768936049082,0
10883,22.199376759413816,0
10884,20.799274909500095,0
10885,23.579702578751363,0
10886,21.281592891209428,0
10887,22.228128267173698,0
10888,21.400832564377968,0
10889,24.225169853706365,0
10890,25.238209046593038,0
10891,23.447977433907624,0
10892,24.34979481259297,0
10893,26.44745707046825,0
10894,27.255264527139047,0
10895,27.418161684012865,0
10896,26.227076304858734,0
10897,27.039771611088536,0
10898,27.49389400862843,0
10899,29.648071207888215,0
10900,29.711138284989865,0
10901,29.190820026495157,0
10902,31.980349093927895,0
10903,28.75675443066325,0
10904,32.0255429000651,0
10905,30.782912392415504,0
10906,31.553144779077417,0
10907,31.546775267995493,0
10908,33.92534965932458,0
10909,30.548595143917662,0
10910,31.217332475601346,0
10911,33.12459126822999,0
10912,31.20417341294425,0
10913,31.93781580223617,0
10914,32.016469433339786,0
10915,30.029276798045807,0
10916,29.94809275326045,0
10917,30.386394148551283,0
10918,28.422663412756286,0
10919,28.05733123542145,0
10920,26.717088466168892,0
10921,27.353709853675078,0
10922,27.201178466024313,0
10923,25.478786938918386,0
10924,25.80577938293471,0
10925,23.335719060262374,0
10926,23.121094253411947,0
10927,22.31294615720263,0
10928,23.810339828937344,0
10929,24.241039981706344,0
10930,23.07906663923088,0
10931,22.642069817418484,0
10932,22.2686544531111,0
10933,22.58978678652814,0
10934,21.70105288616129,0
10935,22.46820748413886,0
10936,22.643046848969227,0
10937,22.99401443161132,0
10938,22.868528671158284,0
10939,24.94945147687411,0
10940,25.846972867842627,0
10941,25.75769837921372,0
10942,28.912534476519244,0
10943,27.95029165848577,0
10944,26.536224403890117,0
10945,26.866656802865087,0
10946,28.80780984070827,0
10947,29.902674940559965,0
10948,30.562558817920035,0
10949,28.53284073738891,0
10950,31.858501059429422,0
10951,31.94897456677495,0
10952,32.17264993275068,0
10953,33.36481830253622,0
10954,32.96632700427421,0
10955,31.517875885180132,0
10956,32.84149007969015,0
10957,30.99981882153042,0
10958,32.858983046775094,0
10959,32.163049576052984,0
10960,32.33832180509907,0
10961,32.282504348507345,0
10962,29.60795814118075,0
10963,31.485302724991843,0
10964,29.695763965907616,0
10965,30.77827227177207,0
10966,27.925345694040413,0
10967,29.52097319103579,0
10968,27.044773286923846,0
10969,27.809323210629774,0
10970,26.4434940835306,0
10971,25.53612987323811,0
10972,23.891564041255123,0
10973,23.91952600891654,0
10974,23.443739119525524,0
10975,23.05830510606211,0
10976,22.66080136212216,0
10977,23.70729589228312,0
10978,21.936597885955575,0
10979,22.562028366626016,0
10980,21.015666275865918,0
10981,22.290835728948913,0
10982,23.558997551394448,0
10983,23.552502721501796,0
10984,21.889534015771275,0
10985,23.088570597548223,0
10986,22.649215189376413,0
10987,23.80155698318067,0
10988,25.843618016759066,0
10989,27.34069191167211,0
10990,25.461833033119287,0
10991,28.19844730037582,0
10992,27.27381878498548,0
10993,29.886021251341614,0
10994,28.07291687800166,0
10995,31.25017229979847,0
10996,30.961684818445292,0
10997,31.260207557941104,0
10998,31.826134173615777,0
10999,32.06419618222725,0
11000,31.207118514434278,0
11001,33.562768578801204,0
11002,32.260397445619496,0
11003,32.469533101066965,0
11004,32.6040482558787,0
11005,31.90667085828028,0
11006,30.532211464014196,0
11007,33.7507930847682,0
11008,32.53145479819574,0
11009,32.238072084115274,0
11010,32.55826359029771,0
11011,31.802792604443955,0
11012,30.152868090752975,0
11013,28.997886424035165,0
11014,28.761205665932863,0
11015,30.3326204319531,0
11016,29.392805948525677,0
11017,27.385405887240815,0
11018,26.672436977367994,0
11019,26.42870066055037,0
11020,25.783482066145915,0
11021,24.779905138907466,0
11022,24.42160044921405,0
11023,22.808401202926994,0
11024,23.812249663718926,0
11025,23.723540347012303,0
11026,22.463913985889796,0
11027,21.839440649385875,0
11028,22.77135900873054,0
11029,25.481594157465988,0
11030,22.1812298948845,0
11031,23.141720934151103,0
11032,21.822475131390647,0
11033,24.25941745272232,0
11034,24.736506675184806,0
11035,24.606834993503224,0
11036,25.510991865976617,0
11037,29.52656315816295,0
11038,27.737584483011357,0
11039,25.94799228560405,0
11040,28.533768615368654,0
11041,28.00886103669446,0
11042,30.481100730036562,0
11043,29.24131693885628,0
11044,30.36723662222364,0
11045,32.003065281186046,0
11046,30.409295321409363,0
11047,31.75380892599712,0
11048,32.11582418798494,0
11049,33.703674251014384,0
11050,32.55464187283446,0
11051,34.75133800777681,0
11052,31.956377532464952,0
11053,33.17252939453868,0
11054,31.883661713638745,0
11055,32.80620991489821,0
11056,31.06043760586734,0
11057,32.91421872978059,0
11058,31.93429347066667,0
11059,29.479281515780173,0
11060,31.45095404370384,0
11061,31.224996011744533,0
11062,28.588355797915213,0
11063,29.01541638633749,0
11064,27.732535763291082,0
11065,26.215744901863065,0
11066,27.15282128343285,0
11067,24.747380403851775,0
11068,24.438114455264877,0
11069,23.261031390988283,0
11070,25.241770847745947,0
11071,24.264431934022472,0
11072,22.164044380575717,0
11073,21.32428088234541,0
11074,23.73966756623226,0
11075,21.828139141558577,0
11076,23.539132974649004,0
11077,23.25371644607285,0
11078,23.823646461739358,0
11079,23.21418578343203,0
11080,24.592953924421387,0
11081,21.635247910898283,0
11082,24.299219221263208,0
11083,24.526876653297276,0
11084,25.520481746875845,0
11085,26.928690344956788,0
11086,27.5495217771461,0
11087,28.168963527083978,0
11088,28.607866351404578,0
11089,30.010631688172865,0
11090,29.487841759820395,0
11091,30.957054645710553,0
11092,31.153348833286604,0
11093,31.448535544162386,0
11094,30.783624546601065,0
11095,31.823996079946763,0
11096,31.712022007619233,0
11097,34.11657998538112,0
11098,31.290747811818516,0
11099,33.12893665536312,0
11100,32.6233846846532,0
11101,33.19254646512134,0
11102,32.32502234789836,0
11103,31.73002227666646,0
11104,32.172712558729636,0
11105,31.863786593512465,0
11106,30.95458931609078,0
11107,29.85850578998184,0
11108,29.058510404693056,0
11109,29.103877740604766,0
11110,28.835026343684834,0
11111,28.974442636270382,0
11112,27.182021838176937,0
11113,26.450497669168186,0
11114,24.971663367559053,0
11115,25.4146020692186,0
11116,27.251202520242536,0
11117,26.048895386158364,0
11118,22.846754945613096,0
11119,23.794682631182877,0
11120,23.788974396290865,0
11121,24.766125143006903,0
11122,23.433610359335916,0
11123,23.378128743186966,0
11124,22.675507264188195,0
11125,24.244332743458,0
11126,21.807106321083996,0
11127,22.919696925907836,0
11128,24.027035102640554,0
11129,23.00696486590083,0
11130,23.7743551824453,0
11131,23.41116508846668,0
11132,25.918824442024665,0
11133,26.066467462912776,0
11134,27.50387758545285,0
11135,27.051296504635,0
11136,26.666140987361917,0
11137,29.516453285392732,0
11138,30.014806907667797,0
11139,30.167630798551343,0
11140,31.919661433506807,0
11141,29.426377315959748,0
11142,30.174933017730652,0
11143,32.07216262828357,0
11144,30.369601602354265,0
11145,32.17501398227468,0
11146,34.27910681483452,0
11147,31.183264813864504,0
11148,33.68895447904392,0
11149,34.86666985024047,0
11150,32.592908818111034,0
11151,31.54712976658559,0
11152,33.91963431628314,0
11153,31.43074829057622,0
11154,33.71902476948333,0
11155,31.914413537258763,0
11156,28.616527467094468,0
11157,30.536823582500677,0
11158,27.621376622166366,0
11159,29.606255861566073,0
11160,27.497928746584673,0
11161,27.41979687800172,0
11162,26.65388801544847,0
11163,26.734346271855667,0
11164,25.458678082448444,0
11165,26.607904789769933,0
11166,24.243226448347144,0
11167,24.09942687147993,0
11168,22.112794280897948,0
11169,23.84967918025953,0
11170,21.95865053386525,0
11171,23.09084184550498,0
11172,22.79534327608286,0
11173,24.337643142935043,0
11174,22.839573033746873,0
11175,22.55915190691431,0
11176,24.70481529244475,0
11177,22.258448072964175,0
11178,24.46695570654016,0
11179,25.02108835125013,0
11180,26.689122282517573,0
11181,24.341825360029052,0
11182,26.34256518757483,0
11183,27.34061371360878,0
11184,27.01761173748833,0
11185,28.19604389120879,0
11186,27.201259286591775,0
11187,29.71823492226925,0
11188,31.588837421058454,0
11189,30.077483430637205,0
11190,29.833401551313454,0
11191,29.382104735339944,0
11192,31.45238500109763,0
11193,32.10554175520817,0
11194,32.88603828706971,0
11195,32.026419799449215,0
11196,33.01502921468001,0
11197,32.240461860219206,0
11198,34.01795703730483,0
11199,32.964241327284086,0
11200,32.18585570696983,0
11201,32.394962169308464,0
11202,32.56691808496106,0
11203,32.14334715637007,0
11204,30.221527386244485,0
11205,29.612547050561986,0
11206,28.786953481348622,0
11207,29.837408827643046,0
11208,27.932676221897914,0
11209,28.266651242554843,0
11210,27.202277659725265,0
11211,23.547808839703887,0
11212,24.986290716544996,0
11213,23.296433755730362,0
11214,23.273687410718114,0
11215,25.35747187689732,0
11216,24.098356784620766,0
11217,23.58368473269811,0
11218,22.999146241995874,0
11219,23.479390888492205,0
11220,23.35033492068247,0
11221,22.211033288688114,0
11222,22.08132751821791,0
11223,23.451557064199083,0
11224,23.408580692168538,0
11225,23.792956275599277,0
11226,25.12054785496742,0
11227,22.789674350906907,0
11228,25.84702775961503,0
11229,27.387377064985454,0
11230,25.477889728718292,0
11231,28.88074103169976,0
11232,28.284037246185243,0
11233,28.678214500261095,0
11234,28.806096622627546,0
11235,31.449284444475293,0
11236,30.345574496940177,0
11237,30.430009484598806,0
11238,32.103815254153275,0
11239,33.21709604819973,0
11240,31.09392120290131,0
11241,33.09366806834632,0
11242,31.852938990379062,0
11243,31.758801010341514,0
11244,33.30595013735789,0
11245,33.43730234939595,0
11246,32.23215990679601,0
11247,33.81964835177353,0
11248,31.95235142353125,0
11249,31.932636353133695,0
11250,30.857169927909045,0
11251,28.97895760619409,0
11252,31.40313458780378,0
11253,27.607437152293624,0
11254,28.28985737487717,0
11255,28.00544243556421,0
11256,27.133121952645862,0
11257,27.75497590116559,0
11258,26.31311194765087,0
11259,27.205182291836316,0
11260,25.05361281595144,0
11261,23.870143046480592,0
11262,25.899386834774546,0
11263,23.698745249819066,0
11264,21.775258564649054,0
11265,23.397018841095267,0
11266,24.196252601059438,0
11267,21.8484760003589,0
11268,22.659400804109012,0
11269,24.213307878475543,0
11270,23.629248778208517,0
11271,24.800863386098733,0
11272,24.376796351182666,0
11273,22.82110552504422,0
11274,24.740156741395644,0
11275,22.4950991191462,0
11276,24.747555937772212,0
11277,26.034509227711922,0
11278,27.981942200022107,0
11279,25.684595842349765,0
11280,27.650308435838678,0
11281,28.431749315546853,0
11282,28.137442487738195,0
11283,32.00599457489153,0
11284,29.936095881326516,0
11285,30.030466448144534,0
11286,31.000256347734215,0
11287,32.557688374736195,0
11288,33.348974082128436,0
11289,31.74674948891762,0
11290,34.35979247658927,0
11291,34.5561138967272,0
11292,34.123125160935196,0
11293,33.38993800450293,0
11294,32.83903108398928,0
11295,33.13262398569144,0
11296,32.99464198504977,0
11297,32.189253510799325,0
11298,32.37647467115453,0
11299,31.61603539184051,0
11300,29.830868699978105,0
11301,29.963057849217122,0
11302,30.771107718013756,0
11303,28.771069631192226,0
11304,27.080499942346012,0
11305,28.51958456822345,0
11306,26.611597524242026,0
11307,25.15399476723467,0
11308,25.34881945755766,0
11309,26.427562324046285,0
11310,26.71425257611007,0
11311,24.153423970021162,0
11312,23.786325785669497,0
11313,22.110999299148038,0
11314,24.009180348422028,0
11315,22.969860104345106,0
11316,23.635538848363073,0
11317,22.88751943294841,0
11318,23.42482646522446,0
11319,23.459526616412713,0
11320,25.618740042453965,0
11321,22.43865309563846,0
11322,23.260175690984653,0
11323,24.335864376540794,0
11324,25.67834528062249,0
11325,25.860537508238064,0
11326,26.295746186042546,0
11327,28.278294164098586,0
11328,27.945392108272284,0
11329,28.433072597127847,0
11330,30.44781753920267,0
11331,32.10874696643886,0
11332,29.0739540355238,0
11333,31.753943170408856,0
11334,28.738844192411875,0
11335,33.36017249583205,0
11336,34.14993232052599,0
11337,31.488033752289418,0
11338,32.74877340168665,0
11339,33.66851733990672,0
11340,33.26468858332355,0
11341,33.20656455042759,0
11342,33.73135265415362,0
11343,31.937925820436597,0
11344,33.24123010148323,0
11345,32.85443680551625,0
11346,32.032733959897875,0
11347,31.28438054373055,0
11348,30.140015404655955,0
11349,31.1263598026304,0
11350,31.598171206311825,0
11351,28.991728241002185,0
11352,28.72441024181977,0
11353,29.283028005989294,0
11354,26.600940137125022,0
11355,25.682774662199147,0
11356,25.997617372031815,0
11357,24.67150578694708,0
11358,24.602378424550256,0
11359,25.356025331888027,0
11360,24.105908178424965,0
11361,22.142664055665932,0
11362,23.837197506786726,0
11363,24.092788864248,0
11364,23.852566333738164,0
11365,22.043183881700646,0
11366,22.84429055072217,0
11367,23.267212464839652,0
11368,21.581013252334486,0
11369,22.75996449598643,0
11370,26.04305180870803,0
11371,25.249955804019677,0
11372,27.274488553204378,0
11373,27.13443793525323,0
11374,26.039176471220543,0
11375,28.413797784678035,0
11376,28.045834168964024,0
11377,29.226003547352846,0
11378,30.055653217470127,0
11379,29.125253389141974,0
11380,29.505180374300437,0
11381,30.133359203437003,0
11382,32.71181387184993,0
11383,31.611950858780023,0
11384,32.42102290760145,0
11385,31.120591481173296,0
11386,33.58323417448122,0
11387,32.14703181884283,0
11388,33.6472945131224,0
11389,32.538042573105784,0
11390,33.82367768805456,0
11391,33.704133626251924,0
11392,32.04342886056042,0
11393,32.90456324573393,0
11394,31.70269081069673,0
11395,29.76263200857183,0
11396,29.37755582147019,0
11397,30.667487437348097,0
11398,27.907611953109395,0
11399,28.072566876588347,0
11400,26.443419931994626,0
11401,27.482709901976857,0
11402,25.15068698572474,0
11403,26.405103659868885,0
11404,25.385390510233478,0
11405,25.326449316730656,0
11406,25.057281853452373,0
11407,23.169749349045404,0
11408,24.48792256549568,0
11409,22.64879663745067,0
11410,23.728029606050658,0
11411,22.636942507308863,0
11412,24.124463640313596,0
11413,22.863456011385246,0
11414,22.6299785549605,0
11415,23.32062584183054,0
11416,24.113367562247397,0
11417,24.41372514107826,0
11418,24.15847213897073,0
11419,24.998700975767434,0
11420,24.182851241105922,0
11421,26.279623464218357,0
11422,25.594125251046112,0
11423,29.204232685114096,0
11424,28.268624227148983,0
11425,28.618718871612625,0
11426,28.779267240917566,0
11427,30.09510878777954,0
11428,31.854351200302723,0
11429,31.41794272867502,0
11430,31.694860754517595,0
11431,32.4988764368961,0
11432,32.87119753612359,0
11433,33.7435357296222,0
11434,31.86725831030646,0
11435,32.042781086617296,0
11436,33.926695564591206,0
11437,33.71454842711079,0
11438,32.40269185619117,0
11439,33.54100707764217,0
11440,35.25053817310775,0
11441,30.62530696608969,0
11442,30.37650354389727,0
11443,29.637810939374333,0
11444,31.81899296062334,0
11445,30.566671205699606,0
11446,30.45111591573103,0
11447,27.720680164040175,0
11448,27.523359747297462,0
11449,27.414024916175,0
11450,28.15770257299184,0
11451,26.50952925646599,0
11452,24.361572547421822,0
11453,25.857250005505314,0
11454,25.304903455800574,0
11455,24.187674070353754,0
11456,23.358605421816033,0
11457,21.74677662235258,0
11458,21.857378927226634,0
11459,22.736288906096107,0
11460,22.328799786498543,0
11461,23.35580490809476,0
11462,24.56839037689767,0
11463,23.220010633000744,0
11464,23.779532151313212,0
11465,24.40999864961838,0
11466,24.35823471890982,0
11467,23.246165330332357,0
11468,24.763032215877793,0
11469,26.247404355785473,0
11470,26.71214322705028,0
11471,28.67000658348002,0
11472,27.609350280153862,0
11473,30.431559281792946,0
11474,27.485125318319003,0
11475,29.271937247686925,0
11476,30.951348629887036,0
11477,30.99892177677011,0
11478,32.19921601503791,0
11479,31.815970410857375,0
11480,31.848785707839145,0
11481,31.911324027080795,0
11482,32.4076958697757,0
11483,34.42827699724368,0
11484,34.07384556771069,0
11485,33.15810010151242,0
11486,32.24747466416659,0
11487,32.44484426987656,0
11488,30.72718549040229,0
11489,33.07532852181462,0
11490,31.56631934556711,0
11491,31.85442779520671,0
11492,29.513730356036454,0
11493,29.227318330994077,0
11494,28.40556943093148,0
11495,29.142914699399928,0
11496,28.054055888863076,0
11497,27.006737245397357,0
11498,26.105602295295153,0
11499,25.916693485388052,0
11500,26.001712926281797,0
11501,23.725791799672333,0
11502,24.485331643776547,0
11503,25.142119812342568,0
11504,23.74587495775766,0
11505,22.405295099903125,0
11506,24.17916615370096,0
11507,20.826057865852633,0
11508,23.19018061257978,0
11509,22.516821449822103,0
11510,22.790251768911514,0
11511,23.934755108515066,0
11512,22.11618948276533,0
11513,23.951850768741693,0
11514,25.48477333622014,0
11515,24.66838137817245,0
11516,27.005366578564935,0
11517,24.498850758184208,0
11518,26.616176432258392,0
11519,26.19556334231945,0
11520,28.699259313549593,0
11521,28.798440808082123,0
11522,28.85635202827861,0
11523,30.18398108562106,0
11524,31.49456421196758,0
11525,30.71704847305974,0
11526,31.78031853640993,0
11527,31.1776099097714,0
11528,32.20241572839954,0
11529,34.13379297072991,0
11530,32.544726177009956,0
11531,33.08424167903876,0
11532,33.462845424269354,0
11533,33.113642705896986,0
11534,33.975862329648194,0
11535,32.621363889933896,0
11536,30.99257236969333,0
11537,30.71482836122651,0
11538,31.767782234405093,0
11539,30.212796724549122,0
11540,29.027560564950235,0
11541,29.648388780968016,0
11542,30.334272089487442,0
11543,28.998305361070525,0
11544,25.694194620864867,0
11545,26.951483567729056,0
11546,27.09644124964287,0
11547,26.176282752113373,0
11548,23.34021086272553,0
11549,25.42545425305732,0
11550,25.0615092544458,0
11551,24.886203321598437,0
11552,24.6004571725714,0
11553,22.644714648798605,0
11554,22.670447834828924,0
11555,22.186819934486962,0
11556,22.82557796050843,0
11557,22.85391575337692,0
11558,23.30115541622207,0
11559,23.681774645662063,0
11560,22.501824479586617,0
11561,23.010446908528152,0
11562,24.97946525155852,0
11563,26.03420135830563,0
11564,25.69088720383189,0
11565,26.52002700238443,0
11566,26.680774330217215,0
11567,26.65294912953252,0
11568,30.261548560116914,0
11569,29.86466610881927,0
11570,31.897076673718036,0
11571,30.560512468826182,0
11572,29.182338623315655,0
11573,31.821543452492502,0
11574,30.749617578545426,0
11575,32.51935062194137,0
11576,32.941334785140356,0
11577,31.948356274322684,0
11578,33.59214303666307,0
11579,33.2498228504252,0
11580,33.50150503460647,0
11581,32.9961935361313,0
11582,35.158779106827296,0
11583,32.480387684495135,0
11584,31.23565578204131,0
11585,31.7061998267585,0
11586,31.849570323898845,0
11587,31.794499911414682,0
11588,30.301146099193566,0
11589,28.602253094882617,0
11590,29.53581102462955,0
11591,28.60457324864431,0
11592,28.352542233698124,0
11593,27.646734354916198,0
11594,27.928100977728825,0
11595,26.888822107267025,0
11596,26.303298090214973,0
11597,25.08976444725227,0
11598,22.735527860323135,0
11599,24.025941639264293,0
11600,23.905347093349743,0
11601,21.79817095735783,0
11602,22.127201503551202,0
11603,22.53629137886652,0
11604,22.12783659901361,0
11605,23.372699498293017,0
11606,23.450578530000048,0
11607,23.654232736448193,0
11608,22.410677407381186,0
11609,25.13182452773337,0
11610,23.845097204647022,0
11611,24.539503720963275,0
11612,24.82085613848876,0
11613,25.933227853444684,0
11614,26.112543670238217,0
11615,27.37280708132753,0
11616,27.406716234113766,0
11617,29.752907811623764,0
11618,26.92674847941891,0
11619,30.36212980967163,0
11620,31.616455408125507,0
11621,30.93645352462758,0
11622,30.889385686098226,0
11623,30.155786484928434,0
11624,32.74307231675385,0
11625,32.015427378982224,0
11626,34.091996049985134,0
11627,33.42191164307432,0
11628,32.01984312370602,0
11629,33.65484098672168,0
11630,33.41354365799123,0
11631,32.16462895691493,0
11632,34.53562792248496,0
11633,33.80019543061709,0
11634,29.326221524390633,0
11635,31.073025303154996,0
11636,29.40673040444499,0
11637,29.901115124645482,0
11638,30.128667748035582,0
11639,29.92042009474025,0
11640,26.51095067934206,0
11641,28.93334646458323,0
11642,27.312008147746422,0
11643,22.337542285139865,0
11644,26.188801246291906,0
11645,25.629016090274554,0
11646,26.101901206318864,0
11647,24.72368932148075,0
11648,21.85432812389951,0
11649,23.536453415899363,0
11650,24.688303607784643,0
11651,21.680791411711166,0
11652,25.048636255724283,0
11653,22.94408818456734,0
11654,23.763682882192438,0
11655,24.12352161698406,0
11656,22.989708688700297,0
11657,21.0048808586931,0
11658,23.61863019393363,0
11659,24.414547627856063,0
11660,25.0297053196551,0
11661,26.367926820322953,0
11662,25.977807783004724,0
11663,26.58166195528624,0
11664,29.101045212562074,0
11665,28.146810849798197,0
11666,28.559570612331864,0
11667,30.493276178516002,0
11668,30.572692323333612,0
11669,30.617085292783017,0
11670,31.890110859440103,0
11671,33.308545325383704,0
11672,30.35578007203426,0
11673,32.059803709481855,0
11674,32.799572272775286,0
11675,33.41631605519342,0
11676,33.15215324084514,0
11677,33.9979823494207,0
11678,34.50342014939142,0
11679,33.44153888525027,0
11680,31.736467210968346,0
11681,31.874704292117165,0
11682,32.91148545327247,0
11683,31.195253593432053,0
11684,29.232857699149257,0
11685,29.43755835205183,0
11686,30.741249156350094,0
11687,30.393791421213923,0
11688,28.71619985997144,0
11689,27.633109815808904,0
11690,26.8118609959103,0
11691,26.87430588362012,0
11692,24.909054390573132,0
11693,24.96102940821208,0
11694,25.325120886174645,0
11695,22.10339793224441,0
11696,23.795954848895015,0
11697,23.30983844501412,0
11698,23.5063040506461,0
11699,23.186032096777215,0
11700,24.958678215706815,0
11701,21.40240097502624,0
11702,23.869419066934427,0
11703,23.781895919793723,0
11704,23.510369466117687,0
11705,23.396392272448725,0
11706,22.607723047819857,0
11707,24.49217447282791,0
11708,26.04228146629719,0
11709,25.439058626348675,0
11710,25.98762533704713,0
11711,28.61568244448285,0
11712,28.553507251685396,0
11713,28.94063126467679,0
11714,29.782947916187272,0
11715,29.293842033819036,0
11716,31.14028566948015,0
11717,30.67617565350193,0
11718,29.62822054337982,0
11719,31.58515196310349,0
11720,33.46326174464655,0
11721,34.57565074590777,0
11722,32.07563915702759,0
11723,32.13286329484462,0
11724,34.726245188878934,0
11725,32.64990626589488,0
11726,34.18166317630448,0
11727,32.58255577986479,0
11728,32.1260657697128,0
11729,31.953890865403842,0
11730,30.72835951160679,0
11731,29.173918175460205,0
11732,30.988423917716524,0
11733,30.437170567290877,0
11734,28.791688335267953,0
11735,28.821336577881635,0
11736,29.44229055764515,0
11737,27.053122429626406,0
11738,26.766980529899513,0
11739,27.90210637515449,0
11740,25.330689631965264,0
11741,26.6666276429055,0
11742,25.09631091730087,0
11743,22.928511490902864,0
11744,22.759030280524076,0
11745,24.150331162519326,0
11746,20.67008925987687,0
11747,24.57104348696162,0
11748,22.081586049541507,0
11749,22.293544554459913,0
11750,24.07404043931498,0
11751,23.978312632539257,0
11752,25.744829273099175,0
11753,23.453857084161946,0
11754,24.510743374040242,0
11755,25.528695026540262,0
11756,25.632885781532625,0
11757,24.714469589953108,0
11758,26.003705147343748,0
11759,28.168236014084453,0
11760,27.050626968748876,0
11761,28.69808403590182,0
11762,29.036865373710516,0
11763,28.50476269312158,0
11764,30.604232019193464,0
11765,31.427261366717484,0
11766,28.958613083213972,0
11767,31.374454138811867,0
11768,33.44824268613536,0
11769,31.726734794674716,0
11770,34.30457790213151,0
11771,34.22993031735429,0
11772,31.08561196339649,0
11773,32.43123551924577,0
11774,32.66367560323748,0
11775,31.401060002040097,0
11776,34.15376071525914,0
11777,32.21124789849384,0
11778,30.811081166689064,0
11779,29.86656853010632,0
11780,30.06384824253166,0
11781,29.46738024903042,0
11782,28.416245009965763,0
11783,27.88701003136152,0
11784,30.11588927466405,0
11785,27.46875443895573,0
11786,25.94070321417379,0
11787,27.002989418079014,0
11788,26.541291222460682,0
11789,24.982203237738627,0
11790,24.147654846446525,0
11791,23.583205636722532,0
11792,22.86509715363939,0
11793,24.46857874444942,0
11794,26.018849198506295,0
11795,21.192575562791028,0
11796,22.73962993800943,0
11797,23.94290940132713,0
11798,22.420835516074277,0
11799,22.48005543068254,0
11800,21.88452771608203,0
11801,21.905206698713187,0
11802,25.770433264275905,0
11803,26.13351940428959,0
11804,25.47291425857625,0
11805,27.77311242620574,0
11806,26.94149150883375,0
11807,29.659342548462114,0
11808,29.18481278678128,0
11809,27.892916188751375,0
11810,29.117953482833684,0
11811,30.167071223373465,0
11812,32.56874246138283,0
11813,29.712394496486173,0
11814,31.346978950743864,0
11815,31.060102857457156,0
11816,31.56316417137306,0
11817,34.422227144255665,0
11818,35.41723920865565,0
11819,33.05943546229506,0
11820,31.936515989350756,0
11821,31.47661932739566,0
11822,34.42780043407158,0
11823,33.87464363985089,0
11824,31.895916044108507,0
11825,31.926422472389138,0
11826,31.170800588499947,0
11827,32.655980283518694,0
11828,30.51117282378021,0
11829,30.17744340147583,0
11830,29.00953679701806,0
11831,27.517989418633054,0
11832,27.36681313248671,0
11833,27.086307675466898,0
11834,26.147974598170286,0
11835,26.077879801941304,0
11836,24.152010335707118,0
11837,25.951693870576015,0
11838,23.077731111989603,0
11839,24.044042399257876,0
11840,24.137382556294007,0
11841,24.768317361646254,0
11842,21.169880368279696,0
11843,22.447889923130756,0
11844,24.914569385417106,0
11845,23.634907787944098,0
11846,23.07295779564483,0
11847,22.652760360185457,0
11848,24.380744624333108,0
11849,25.68227793933962,0
11850,24.391922524633298,0
11851,24.154719480033684,0
11852,25.314171045460924,0
11853,24.040470512039278,0
11854,25.750223579150877,0
11855,27.063596565308572,0
11856,27.687044045260297,0
11857,29.307373085941187,0
11858,29.912589464311225,0
11859,29.183350241247982,0
11860,32.104146268130435,0
11861,30.92362841874295,0
11862,30.786995511772368,0
11863,32.02088971194047,0
11864,31.492672429594194,0
11865,30.991494925317426,0
11866,31.696989890769732,0
11867,32.83732743607737,0
11868,34.07488225961155,0
11869,30.89874543891894,0
11870,32.20356327912336,0
11871,33.28630902899105,0
11872,31.6276314227454,0
11873,31.92627386932929,0
11874,31.67127334346134,0
11875,32.04618335111657,0
11876,30.61143721582178,0
11877,29.737408736839026,0
11878,31.535976615917736,0
11879,28.022501796317094,0
11880,28.27028567944945,0
11881,23.982082454893323,0
11882,26.708515515713525,0
11883,23.699124816914665,0
11884,25.021536280520937,0
11885,22.008492564595,0
11886,24.314114419319456,0
11887,25.052438734689176,0
11888,23.265376989589733,0
11889,23.211778807137463,0
11890,24.423507561456297,0
11891,22.48155160199714,0
11892,23.329838063198334,0
11893,21.60340102624055,0
11894,22.236932476973767,0
11895,21.02327648679301,0
11896,24.07798053148896,0
11897,22.991416038180265,0
11898,24.57327957837347,0
11899,25.377872646563855,0
11900,25.935268765286754,0
11901,25.402773540810205,0
11902,27.008911722160914,0
11903,27.1641416833675,0
11904,27.034427806113918,0
11905,27.061936427608785,0
11906,29.2657243532216,0
11907,29.687556722408612,0
11908,30.509436650786924,0
11909,31.03640080118002,0
11910,31.658423388931798,0
11911,32.78520339553543,0
11912,33.80438723521207,0
11913,32.20481116624264,0
11914,32.155058358844556,0
11915,33.54511527591756,0
11916,33.08446675550636,0
11917,32.604026037218645,0
11918,32.79110738955534,0
11919,31.899447196346216,0
11920,33.11283429211558,0
11921,31.414298476018104,0
11922,32.76973355841871,0
11923,30.075684848011253,0
11924,30.300148693249067,0
11925,30.722783772991065,0
11926,30.106544536721618,0
11927,28.752329624644435,0
11928,28.03921542628784,0
11929,28.680336566069858,0
11930,25.777681156360917,0
11931,23.52923699588867,0
11932,26.86294359120215,0
11933,24.383034654553043,0
11934,23.645958238231984,0
11935,24.01839666381951,0
11936,24.479406675551992,0
11937,23.409249902647712,0
11938,23.066350892876027,0
11939,23.19763772122717,0
11940,24.57343502081532,0
11941,23.035363042249028,0
11942,23.99734065317757,0
11943,24.209167798215287,0
11944,24.37278528293786,0
11945,23.70969934603765,0
11946,23.59655151108024,0
11947,26.636070030656033,0
11948,27.25598948897182,0
11949,26.43299678931089,0
11950,25.28372894512951,0
11951,27.869632715067567,0
11952,28.62717170633508,0
11953,28.741578220494805,0
11954,28.105720224009755,0
11955,30.11706594914773,0
11956,29.56217386109436,0
11957,30.45818382776185,0
11958,31.9111721870492,0
11959,31.71955277240977,0
11960,32.798388514411535,0
11961,32.149088047914674,0
11962,33.042849825545915,0
11963,33.067197811155914,0
11964,33.08620708499039,0
11965,34.43932723363748,0
11966,33.78709959370495,0
11967,32.906314214092276,0
11968,33.259227634205224,0
11969,34.267973023716486,0
11970,30.766297855981527,0
11971,32.51678691149477,0
11972,29.55147512143851,0
11973,27.38608626406347,0
11974,28.70631851168871,0
11975,30.797342766271164,0
11976,29.0879539302512,0
11977,28.37267765084045,0
11978,25.205580799023537,0
11979,29.233074916364163,0
11980,25.169671334098016,0
11981,24.676749463667537,0
11982,26.20157185192887,0
11983,24.252352647737524,0
11984,22.113169880219303,0
11985,23.55351997598502,0
11986,22.71978518804954,0
11987,23.639465078515517,0
11988,23.18229048506466,0
11989,23.48941336693962,0
11990,22.402840449060353,0
11991,21.011612283300572,0
11992,22.829902362237444,0
11993,22.47126753973641,0
11994,24.13372315949115,0
11995,24.911308223548737,0
11996,23.69119392719584,0
11997,25.52631340320299,0
11998,28.358304306152746,0
11999,28.073658068822393,0
12000,28.716065862157723,0
12001,29.057925290890157,0
12002,28.41659513746368,0
12003,32.024488581973365,0
12004,29.407146252463484,0
12005,30.90116266485089,0
12006,31.19870236310834,0
12007,32.23842568805074,0
12008,30.97656261394039,0
12009,31.141297868294355,0
12010,30.613278425154668,0
12011,32.286481754638515,0
12012,31.40692177178623,0
12013,32.03714707406557,0
12014,33.48677871553572,0
12015,31.77045284118464,0
12016,32.32003982646583,0
12017,32.19603933960101,0
12018,32.10264616116834,0
12019,30.318309457624835,0
12020,30.383999377324727,0
12021,29.995265058421094,0
12022,27.643943191725803,0
12023,27.55886975199835,0
12024,28.76629580748396,0
12025,26.74990815133492,0
12026,26.477544636991972,0
12027,25.945997783149586,0
12028,24.082860103522393,0
12029,24.90497081783727,0
12030,23.688904894796533,0
12031,25.031256901826165,0
12032,25.239170254395248,0
12033,24.769354634592872,0
12034,24.331156721041136,0
12035,23.824340944279978,0
12036,23.069705453109023,0
12037,23.136093268758366,0
12038,24.314045647451717,0
12039,23.048920293999974,0
12040,25.048294462377854,0
12041,23.968232751297805,0
12042,23.378555469567374,0
12043,24.221987875905832,0
12044,24.151406699841278,0
12045,27.836195377007513,0
12046,27.245273658510346,0
12047,27.938707512385967,0
12048,27.717651151608194,0
12049,27.124674433091393,0
12050,28.268925603072017,0
12051,30.3513979524465,0
12052,29.062773795169413,0
12053,29.726592762006845,0
12054,32.50304225698856,0
12055,31.10968176025078,0
12056,33.41594146525169,0
12057,31.709492820860543,0
12058,32.089190009489975,0
12059,32.32656580517722,0
12060,34.43383609885428,0
12061,34.834821271100985,0
12062,33.1189042176354,0
12063,33.463526691499844,0
12064,31.13498643997527,0
12065,31.406495530160598,0
12066,31.361311506401737,0
12067,29.888430438484594,0
12068,30.2937308861497,0
12069,31.0595941449192,0
12070,30.068668467802166,0
12071,28.476550825257792,0
12072,26.832338066036613,0
12073,27.578019262378536,0
12074,27.364387229945866,0
12075,27.41114554272935,0
12076,25.490122654924622,0
12077,24.60343088079571,0
12078,24.798324932669118,0
12079,25.66228954945305,0
12080,22.463548554498104,0
12081,23.451805332133308,0
12082,24.928029211361476,0
12083,23.880018950618975,0
12084,21.318335243474518,0
12085,20.59981223265247,0
12086,24.162742711902283,0
12087,23.241322747000858,0
12088,24.027713310922174,0
12089,24.897517609962694,0
12090,25.7296639331113,0
12091,25.37313774812049,0
12092,24.76364318920144,0
12093,26.10152168571003,0
12094,27.98019877323643,0
12095,25.867536404220065,0
12096,26.4879324717372,0
12097,28.892069884194196,0
12098,29.776570933476766,0
12099,29.2656386589622,0
12100,31.928221757616377,0
12101,31.353294594130045,0
12102,32.54453527178478,0
12103,31.825693403539375,0
12104,32.856329450820645,0
12105,32.10476306094781,0
12106,32.14340164588771,0
12107,31.774632066237835,0
12108,32.88594922036776,0
12109,33.44147912637616,0
12110,33.510424470189925,0
12111,32.37306664622366,0
12112,30.330196155936427,0
12113,32.8061997129594,0
12114,32.704916505484526,0
12115,31.376408172779833,0
12116,32.06933042550166,0
12117,31.45040522664899,0
12118,28.004837173877387,0
12119,30.338026754458085,0
12120,27.654089438279865,0
12121,26.819179348197736,0
12122,26.049889945125418,0
12123,25.783320756463176,0
12124,25.949641158300892,0
12125,25.00635312087632,0
12126,26.187162040347943,0
12127,24.17197264056772,0
12128,25.07453378255907,0
12129,21.953691801328866,0
12130,22.386899917124957,0
12131,23.261584467795142,0
12132,22.727233366114312,0
12133,24.933704750580272,0
12134,21.766535059307138,0
12135,22.720808307096878,0
12136,24.432029810422407,0
12137,24.48200119510194,0
12138,23.820265809372007,0
12139,23.847158284452973,0
12140,25.623462452006805,0
12141,25.985670591545134,0
12142,27.827265823362048,0
12143,26.270953613451926,0
12144,26.968933981075722,0
12145,29.85931713920854,0
12146,28.632568151967536,0
12147,31.446769416124823,0
12148,29.464564180537895,0
12149,31.304142514800336,0
12150,32.12635510695809,0
12151,30.767462952669057,0
12152,32.639345726780526,0
12153,32.78866133136932,0
12154,33.12925878209186,0
12155,32.238035364433685,0
12156,32.40171079370457,0
12157,33.16461579182449,0
12158,31.735109305294763,0
12159,32.298060307592955,0
12160,31.31388619740245,0
12161,32.3557005977327,0
12162,31.97582530971415,0
12163,31.76868050613801,0
12164,30.933943136545103,0
12165,30.15393150802527,0
12166,31.379908942104013,0
12167,31.379726731592328,0
12168,29.053209937384754,0
12169,27.805638476487673,0
12170,27.657355281460585,0
12171,26.10574123168145,0
12172,24.346293545011928,0
12173,24.31795444611898,0
12174,25.065651138433864,0
12175,22.97478996566822,0
12176,24.545371924379328,0
12177,22.45581813665003,0
12178,22.295759234712282,0
12179,22.195750071934714,0
12180,22.891722302564798,0
12181,21.799123725337918,0
12182,24.99298418810561,0
12183,22.60047232227185,0
12184,24.56127138542584,0
12185,24.390462091354237,0
12186,24.49595184359857,0
12187,25.50071570255291,0
12188,26.541289674920943,0
12189,25.61042135707909,0
12190,26.21308031080578,0
12191,28.401462876986766,0
12192,27.66187419161119,0
12193,28.06452167841884,0
12194,28.578582377330495,0
12195,31.053154152284716,0
12196,32.12659294808583,0
12197,32.052848166830124,0
12198,31.13456717541439,0
12199,34.080537626438876,0
12200,31.097019844975488,0
12201,33.590361046331964,0
12202,32.10913921252283,0
12203,32.173976716270424,0
12204,33.97758051564978,0
12205,31.72419622212814,0
12206,32.91337533563571,0
12207,33.15399438677205,0
12208,32.703419804558216,0
12209,32.59783331449603,0
12210,32.02552496486598,0
12211,30.687930893946678,0
12212,30.336203789545184,0
12213,28.36880791439977,0
12214,28.708396261366396,0
12215,28.67681370736918,0
12216,26.613159570749353,0
12217,27.464491941595355,0
12218,26.326518880143354,0
12219,26.342345636431503,0
12220,25.893151298325918,0
12221,23.316595945188812,0
12222,24.275075513028632,0
12223,25.332320404927646,0
12224,23.225645901729965,0
12225,22.960302957114028,0
12226,23.1443156183664,0
12227,22.95551372288003,0
12228,24.272316663071752,0
12229,24.801355604053573,0
12230,21.940577212925124,0
12231,22.37828506318829,0
12232,25.63786630758509,0
12233,23.78970138925664,0
12234,25.10611336712396,0
12235,25.0784981920987,0
12236,25.748765439113264,0
12237,26.844166031605447,0
12238,25.3653656902405,0
12239,27.387832512402564,0
12240,29.32763064649387,0
12241,28.476601851640034,0
12242,29.319098312352658,0
12243,30.443421384323948,0
12244,30.028779387451,0
12245,32.39741157586986,0
12246,31.849902414440297,0
12247,32.999643274838284,0
12248,31.323996667204803,0
12249,32.41327163818826,0
12250,31.686996915957494,0
12251,31.685547137215043,0
12252,34.61505912408546,0
12253,32.88874262448446,0
12254,31.389623538748122,0
12255,31.9270000860396,0
12256,31.66838544585905,0
12257,30.853103282103852,0
12258,31.623164553655034,0
12259,31.90772263078449,0
12260,31.80536005301688,0
12261,29.046618375687327,0
12262,29.828516753282685,0
12263,30.12725558020583,0
12264,28.861404109529477,0
12265,27.38968842986968,0
12266,25.80708010685243,0
12267,28.145324166647388,0
12268,25.33286178697776,0
12269,25.37910185182764,0
12270,23.679793686336524,0
12271,24.55032667784436,0
12272,23.219756353363525,0
12273,22.55279302053521,0
12274,23.118756110297834,0
12275,23.03556434276226,0
12276,25.14100110742497,0
12277,22.967907302500784,0
12278,21.918819284661172,0
12279,24.39629498189517,0
12280,24.039866959292258,0
12281,23.924149410258114,0
12282,23.686596577652427,0
12283,25.586688058304624,0
12284,25.141397324952198,0
12285,26.694370675230534,0
12286,27.07640781847104,0
12287,27.996592706296134,0
12288,27.763392802422768,0
12289,31.793758773366083,0
12290,29.203267355080246,0
12291,28.367662373636357,0
12292,30.81150049330365,0
12293,31.504972513120165,0
12294,31.17161502506205,0
12295,32.539564840548984,0
12296,32.01080614397786,0
12297,32.987125431293194,0
12298,33.96129103218715,0
12299,32.78993893760748,0
12300,34.010922000686215,0
12301,33.80479328485569,0
12302,30.496502328162624,0
12303,31.686733866078626,0
12304,31.814911548092624,0
12305,31.9137915996792,0
12306,31.345810195888347,0
12307,30.85050581355432,0
12308,29.247528838383285,0
12309,31.07246948231853,0
12310,28.757110320788552,0
12311,28.473095934063757,0
12312,28.944725230891798,0
12313,26.258313209356533,0
12314,25.272875984464008,0
12315,26.79189319857582,0
12316,25.245187773186167,0
12317,23.296556498311233,0
12318,24.807515542917834,0
12319,23.617496295863422,0
12320,23.27762668480989,0
12321,24.772227237144644,0
12322,23.455410025639644,0
12323,23.06769801892394,0
12324,23.5936241227571,0
12325,22.14792260359074,0
12326,23.558249446726364,0
12327,23.36207520882585,0
12328,23.5111435651021,0
12329,23.98131040848022,0
12330,23.57347767621414,0
12331,24.147474136889176,0
12332,26.814632765955402,0
12333,28.053911427697347,0
12334,25.647559916753234,0
12335,25.748135368566395,0
12336,28.87082313096615,0
12337,28.18411616803223,0
12338,29.47066450063429,0
12339,30.522238316487964,0
12340,31.10579282916195,0
12341,31.306170240202768,0
12342,32.83877250249329,0
12343,32.636401802075206,0
12344,33.5233021389827,0
12345,32.26400371135876,0
12346,33.10151182209387,0
12347,33.15015348518895,0
12348,34.26371700024918,0
12349,33.23701415943867,0
12350,33.71563591983469,0
12351,32.58006585997104,0
12352,32.798006680559915,0
12353,32.61503618338892,0
12354,31.38263940812161,0
12355,29.834492063949273,0
12356,31.31251881499351,0
12357,28.85087204395002,0
12358,29.171952144055048,0
12359,27.431696779442305,0
12360,29.445733945663743,0
12361,27.94951552142716,0
12362,27.069431190708613,0
12363,24.76350326734258,0
12364,24.748763475441358,0
12365,25.152651726271895,0
12366,24.803753365786896,0
12367,24.968173181405884,0
12368,23.98210252175813,0
12369,23.44835055413485,0
12370,22.079633451139138,0
12371,22.784115148937616,0
12372,22.091952297126106,0
12373,24.087286750725294,0
12374,22.65726387066676,0
12375,24.60301071138656,0
12376,23.418166717091363,0
12377,24.00335998233878,0
12378,26.0056786176718,0
12379,23.381477908469172,0
12380,26.431389419172636,0
12381,26.30588746856798,0
12382,25.370653949939594,0
12383,27.947532175851684,0
12384,27.897020835221472,0
12385,26.99755407858501,0
12386,29.747282661039833,0
12387,31.30877045561474,0
12388,31.408749990566317,0
12389,28.739652580592118,0
12390,30.955840443583394,0
12391,32.274936773836565,0
12392,32.4557542042717,0
12393,32.432328403611436,0
12394,33.30132125744469,0
12395,32.28060645731666,0
12396,34.74258239248314,0
12397,32.80840861800136,0
12398,32.0846356670509,0
12399,31.82402375597015,0
12400,30.61464296950977,0
12401,31.860537492035895,0
12402,32.21984720705782,0
12403,32.9728117933042,0
12404,29.984086797763045,0
12405,28.724625864973852,0
12406,30.323322648124915,0
12407,29.722958808199078,0
12408,27.475511149359185,0
12409,27.01955959697409,0
12410,28.52928992810103,0
12411,26.794559526302496,0
12412,26.759814682958947,0
12413,25.314741476057083,0
12414,25.34705436284564,0
12415,24.336515186536797,0
12416,22.660360624126678,0
12417,24.797338335956184,0
12418,24.97948673558752,0
12419,22.762274118214442,0
12420,24.0492869723897,0
12421,23.462413958171624,0
12422,23.508290715170194,0
12423,23.16002815164118,0
12424,24.644281326915223,0
12425,24.35224934900716,0
12426,23.119991601867277,0
12427,25.66053786029583,0
12428,25.715310626148522,0
12429,27.25683090483827,0
12430,27.23195660287059,0
12431,27.425881025235434,0
12432,27.691782083922067,0
12433,29.20000172328849,0
12434,28.950376014644828,0
12435,30.68528036699711,0
12436,30.013124686564197,0
12437,30.85634984619631,0
12438,32.12582501836971,0
12439,32.639229398310654,0
12440,31.676013538121317,0
12441,33.080907511647005,0
12442,33.28713360499137,0
12443,31.917171701809636,0
12444,33.17734039503885,0
12445,34.388755051633076,0
12446,30.83333382855834,0
12447,32.366635711888264,0
12448,32.74492988186292,0
12449,33.445650851997236,0
12450,30.94415057246322,0
12451,31.133024833409465,0
12452,29.526116235929507,0
12453,29.369458127346736,0
12454,30.551102697681255,0
12455,26.370801737335395,0
12456,27.694925511203483,0
12457,28.226550449744185,0
12458,26.11924093497727,0
12459,25.88928395737337,0
12460,25.497420327373945,0
12461,24.721628132497965,0
12462,25.37510903122505,0
12463,25.864259504620144,0
12464,22.79617185894965,0
12465,24.208223128996426,0
12466,22.36033425053214,0
12467,22.54410878879283,0
12468,25.396492890440026,0
12469,24.05565565565112,0
12470,24.413484662480723,0
12471,21.19978149332187,0
12472,22.89064725446952,0
12473,25.04976034235461,0
12474,22.665549813898796,0
12475,26.325125474765564,0
12476,24.558775942791886,0
12477,25.43640597225669,0
12478,25.885753843890825,0
12479,26.555543571737985,0
12480,27.122067392109756,0
12481,29.125040073808083,0
12482,28.858691106219798,0
12483,28.211572954165618,0
12484,31.630096860565605,0
12485,31.114007225785638,0
12486,30.365773672012505,0
12487,32.44084858150489,0
12488,32.78819723743477,0
12489,31.576139825410788,0
12490,32.59836339797164,0
12491,33.42001501316713,0
12492,34.14469196867495,0
12493,31.688519241846098,0
12494,33.69324096192831,0
12495,32.262000094087234,0
12496,33.096622201573034,0
12497,30.831998819540832,0
12498,31.063502340504193,0
12499,31.04753220120691,0
12500,28.72065534124775,0
12501,29.024771858596374,0
12502,27.62776036542501,0
12503,27.81249613694543,0
12504,28.29984618442035,0
12505,26.343541878380453,0
12506,25.622616842256424,0
12507,27.306877581492273,0
12508,26.142704995996002,0
12509,26.077551308808644,0
12510,24.129613683748143,0
12511,23.559390370967947,0
12512,22.682128319268415,0
12513,25.06494504924314,0
12514,21.40446585808216,0
12515,23.729098949427534,0
12516,23.84467803958685,0
12517,22.027756826261143,0
12518,21.804784219572568,0
12519,22.72762624200282,0
12520,22.976633294506847,0
12521,24.915701371787314,0
12522,21.28440894804758,0
12523,25.603933279173443,0
12524,24.689230712162622,0
12525,26.43091314997074,0
12526,25.905028449520163,0
12527,28.89783516094569,0
12528,28.91459222591331,0
12529,28.049598862575056,0
12530,30.984956623830683,0
12531,29.65652730197207,0
12532,31.052244532223277,0
12533,30.585556113905266,0
12534,30.24465787656547,0
12535,32.46383191775612,0
12536,30.88677340240138,0
12537,31.85828669100904,0
12538,32.696017303435994,0
12539,31.840497437587523,0
12540,33.016046255301,0
12541,32.83775543532288,0
12542,35.23781368182647,0
12543,33.43458229650283,0
12544,32.74411369574607,0
12545,32.004738978851876,0
12546,31.18660034909638,0
12547,32.24869179814188,0
12548,29.356131717526935,0
12549,30.40392815483634,0
12550,28.296797798324047,0
12551,28.901906542408287,0
12552,28.832857258874846,0
12553,28.424095135077863,0
12554,25.554085962050493,0
12555,26.50322216226958,0
12556,25.595552803682274,0
12557,26.359156267149636,0
12558,24.7983402665087,0
12559,21.654730896709268,0
12560,24.906103349665827,0
12561,24.080932288779543,0
12562,23.363295894888175,0
12563,22.986734368364633,0
12564,23.16907168328368,0
12565,22.47506651347308,0
12566,22.158022246536227,0
12567,23.726258709035214,0
12568,23.36951747606428,0
12569,23.40802562462795,0
12570,25.065338227746125,0
12571,24.108517489116625,0
12572,25.24433067920581,0
12573,25.791655419917227,0
12574,27.94419100573563,0
12575,27.55006637038154,0
12576,27.927161479415254,0
12577,29.353657933425865,0
12578,28.799191751606887,0
12579,27.94358619286971,0
12580,30.03000685010035,0
12581,30.86196508487468,0
12582,30.175970319574105,0
12583,32.52469799549178,0
12584,33.049425666365785,0
12585,32.24085101552755,0
12586,31.896580442812393,0
12587,33.57197645174032,0
12588,33.77051617389325,0
12589,32.010134632653504,0
12590,33.40729464427601,0
12591,33.212045497807665,0
12592,33.46213031981017,0
12593,32.742485995762195,0
12594,31.094730777589106,0
12595,30.620638820222123,0
12596,30.542214025551523,0
12597,30.28759565147912,0
12598,29.682912787207485,0
12599,27.900073946768376,0
12600,29.470658857234547,0
12601,26.859129904849635,0
12602,27.56662390627491,0
12603,26.216694068157192,0
12604,24.195704059493664,0
12605,24.369988126067458,0
12606,24.80378780082942,0
12607,24.371789204015645,0
12608,23.535883246572148,0
12609,22.740446755523536,0
12610,24.970230003895225,0
12611,21.749538328192124,0
12612,21.69563957536615,0
12613,23.36703738325578,0
12614,24.380869594474984,0
12615,23.987999859905138,0
12616,22.82768726340248,0
12617,23.496883151301397,0
12618,25.01928116462077,0
12619,24.07374441764661,0
12620,25.23656627880149,0
12621,24.512328580357227,0
12622,26.116730117635342,0
12623,26.769410710015208,0
12624,26.96210298644638,0
12625,28.30799936675503,0
12626,28.677326218741868,0
12627,29.545313859431793,0
12628,29.01961962736778,0
12629,30.44737725452287,0
12630,30.086679697498067,0
12631,31.855896471421644,0
12632,32.040015294097856,0
12633,33.050414779619345,0
12634,31.856412880006424,0
12635,32.95865144987499,0
12636,32.99435488461945,0
12637,31.52228287443533,0
12638,33.339521941878886,0
12639,33.018145472649984,0
12640,31.866292295627694,0
12641,31.526068259276666,0
12642,32.111872659212125,0
12643,31.390589794477464,0
12644,31.316200602948122,0
12645,28.90754619856355,0
12646,30.286180431848496,0
12647,29.56765113346181,0
12648,26.349227075842418,0
12649,27.13393000635218,0
12650,27.46287150310921,0
12651,26.10527054479315,0
12652,26.012061919745786,0
12653,23.82327398686097,0
12654,24.38205475655062,0
12655,24.394950436286752,0
12656,22.706857753052077,0
12657,22.80415921140196,0
12658,23.610852313185095,0
12659,22.23350188835565,0
12660,21.84217028782486,0
12661,23.314010907430365,0
12662,22.902774092166766,0
12663,24.213705973728473,0
12664,23.249424869262153,0
12665,24.280440469562905,0
12666,23.107919396951566,0
12667,25.51247408424263,0
12668,25.301347407600403,0
12669,26.076564586157588,0
12670,25.484306527499243,0
12671,28.582480702369626,0
12672,27.473290673460234,0
12673,27.944830056469613,0
12674,30.336450630363462,0
12675,28.687717722917302,0
12676,29.563110636541847,0
12677,30.89717055211732,0
12678,32.231947150333696,0
12679,32.53748252632995,0
12680,31.048039005997765,0
12681,32.700405932457244,0
12682,33.789466825559956,0
12683,33.96921079409762,0
12684,31.903374769171332,0
12685,32.77084711584202,0
12686,32.57467410367441,0
12687,32.06698153927032,0
12688,31.99152382974909,0
12689,31.688822332197525,0
12690,29.64587934040675,0
12691,31.990480152046842,0
12692,31.1699289852058,0
12693,29.389072886414162,0
12694,28.123074258801005,0
12695,29.717611501742613,0
12696,28.319235103397848,0
12697,30.28028182222487,0
12698,27.228344863772506,0
12699,24.024687807011308,0
12700,25.499075522036147,0
12701,23.69737015504657,0
12702,23.03521191576439,0
12703,24.244424861634112,0
12704,23.425827617436568,0
12705,23.54900180758838,0
12706,23.61756859910619,0
12707,23.89911117051645,0
12708,22.721619501367613,0
12709,22.851315884136874,0
12710,25.1985758603317,0
12711,21.546958309683834,0
12712,25.177561295008594,0
12713,24.10095589753526,0
12714,24.33248545143456,0
12715,25.806714657095462,0
12716,26.53505096154806,0
12717,25.83831265361371,0
12718,25.72325842480526,0
12719,28.041886020950034,0
12720,27.58281664814202,0
12721,27.591731444727884,0
12722,28.412851004425782,0
12723,28.342723059534713,0
12724,29.262207619683597,0
12725,31.564024417052504,0
12726,30.461962078791963,0
12727,33.55189167420938,0
12728,32.372565168989105,0
12729,32.11531861574503,0
12730,32.74492277404257,0
12731,31.924146496004386,0
12732,34.694214884537665,0
12733,33.44421896380945,0
12734,35.80855326744274,0
12735,33.330906554690145,0
12736,32.38096722846436,0
12737,29.694634460009983,0
12738,32.72685380212378,0
12739,31.414327087521944,0
12740,30.07526878172646,0
12741,29.794624665138343,0
12742,28.716105931901673,0
12743,29.646296431684263,0
12744,28.75998943674476,0
12745,27.319876479809633,0
12746,28.605458841706543,0
12747,25.50307807802727,0
12748,25.480160228749995,0
12749,24.216887580090606,0
12750,23.789827792187324,0
12751,24.04513299171021,0
12752,21.78081022708286,0
12753,21.528367990032773,0
12754,25.359793845691257,0
12755,21.84603172159432,0
12756,24.09256503538321,0
12757,21.68727126257825,0
12758,24.17358639303906,0
12759,24.937003640805557,0
12760,26.933187118696008,0
12761,21.54670302412621,0
12762,23.079472267913065,0
12763,26.115922142711952,0
12764,26.22571779096904,0
12765,24.3932105159495,0
12766,27.1756774842206,0
12767,26.482933318561976,0
12768,27.114277921201452,0
12769,27.90195266370052,0
12770,28.41911510781725,0
12771,31.377337910873806,0
12772,30.527396311829367,0
12773,29.766059668940674,0
12774,31.29582233990419,0
12775,31.318877659942498,0
12776,32.81113992174991,0
12777,35.33337960487411,0
12778,32.6471945760921,0
12779,31.057472458496587,0
12780,32.867704576316335,0
12781,32.78921295151632,0
12782,33.247523162645884,0
12783,31.2192333342048,0
12784,31.534403019235633,0
12785,31.853470891477414,0
12786,30.093069391145335,0
12787,29.843357239778765,0
12788,28.894637829091376,0
12789,30.49570624682834,0
12790,30.03252289090759,0
12791,29.387966802571107,0
12792,27.259036213637547,0
12793,26.75105758911064,0
12794,27.785272782429214,0
12795,25.88434428534242,0
12796,25.742395401061934,0
12797,25.082202869385274,0
12798,24.11074215136125,0
12799,23.33905606865785,0
12800,24.62310041802407,0
12801,24.622680265880266,0
12802,23.584129912576675,0
12803,23.15808623623819,0
12804,22.42215691222789,0
12805,22.734401272556696,0
12806,22.126918863257334,0
12807,23.87063783298575,0
12808,23.809392621674814,0
12809,24.550117241090906,0
12810,23.13653528768957,0
12811,27.824094678233674,0
12812,25.652479807370728,0
12813,25.729695264886836,0
12814,25.329528143398115,0
12815,26.465766128490944,0
12816,28.688647221018584,0
12817,29.583822439289648,0
12818,31.199876836882314,0
12819,28.876088454754985,0
12820,29.889015246552436,0
12821,29.090123899831426,0
12822,31.49782059470516,0
12823,32.710802801784254,0
12824,34.330436301110694,0
12825,34.200747447474896,0
12826,33.51702072761749,0
12827,32.804892743582855,0
12828,33.58105028287868,0
12829,33.786593472680266,0
12830,31.872782562635848,0
12831,34.319300717325135,0
12832,31.531927463357192,0
12833,32.9207400508105,0
12834,29.995279201249136,0
12835,31.16113204601963,0
12836,30.37124134078734,0
12837,30.31924458236669,0
12838,30.374696682643734,0
12839,27.85166460217784,0
12840,28.106735775452503,0
12841,28.330680429844044,0
12842,26.289063570226478,0
12843,26.718165869729873,0
12844,25.690914356635005,0
12845,27.34737462316889,0
12846,25.412828721565177,0
12847,25.30252107120392,0
12848,22.234232166628914,0
12849,23.894709791315485,0
12850,24.01488917671809,0
12851,24.401837334934804,0
12852,24.640019985727367,0
12853,22.15255327775387,0
12854,23.063513919428107,0
12855,22.332502681541033,0
12856,23.501791703497563,0
12857,24.805168929139725,0
12858,24.09552840419508,0
12859,25.006031534004375,0
12860,26.03931380015709,0
12861,25.448998357173625,0
12862,25.06730803344664,0
12863,26.920159331382393,0
12864,28.917155182409424,0
12865,29.509750035449258,0
12866,27.98983040927975,0
12867,29.672264438420157,0
12868,32.064450451827504,0
12869,31.846137440906965,0
12870,30.922577627550194,0
12871,33.352370977757914,0
12872,32.62553104341673,0
12873,32.42753895061879,0
12874,32.64458962264435,0
12875,32.8542367691952,0
12876,34.28469706046451,0
12877,32.68106535888294,0
12878,32.027889001660675,0
12879,32.77072431758571,0
12880,32.487492653006534,0
12881,33.40923620827871,0
12882,32.34937824746685,0
12883,30.753354241069566,0
12884,29.103073993640756,0
12885,31.367807942145355,0
12886,29.68706214732044,0
12887,29.20798065511273,0
12888,28.24555636240387,0
12889,27.21954976683149,0
12890,26.681625913655356,0
12891,28.56228691092277,0
12892,27.309306983400678,0
12893,25.038068096611678,0
12894,24.727390322185087,0
12895,22.956702931418423,0
12896,24.980446644377402,0
12897,24.74277709588096,0
12898,23.113073140920235,0
12899,20.936554704586115,0
12900,25.309888754684415,0
12901,22.879583825269684,0
12902,22.56926447421274,0
12903,22.523376105962644,0
12904,24.090648103186222,0
12905,22.930405712471664,0
12906,24.84672099687685,0
12907,25.871496865164065,0
12908,26.618689499803498,0
12909,25.161399416890667,0
12910,26.89655540505146,0
12911,27.882691296016752,0
12912,28.254535517204836,0
12913,28.449429906491773,0
12914,28.31449135881754,0
12915,29.36763503682831,0
12916,31.48386923927326,0
12917,31.983657708028417,0
12918,30.571412231575742,0
12919,31.881320768053637,0
12920,31.76437932292315,0
12921,34.03874675884682,0
12922,31.867265380658484,0
12923,34.5490737242152,0
12924,33.584605227061815,0
12925,31.727709774143733,0
12926,32.12242243542577,0
12927,32.42520545670813,0
12928,32.21838894684048,0
12929,33.887301017833536,0
12930,31.824677527433735,0
12931,30.78338918237121,0
12932,30.443443002185273,0
12933,28.858918649920277,0
12934,29.136694492097828,0
12935,29.56766940402242,0
12936,27.843556357015444,0
12937,28.478959021618042,0
12938,26.594760748049563,0
12939,25.703909416816785,0
12940,23.257432378255086,0
12941,23.421893347453455,0
12942,24.232014879533402,0
12943,22.664196000717364,0
12944,23.309631546425823,0
12945,23.664839200293375,0
12946,22.08766377551678,0
12947,23.234438565524144,0
12948,22.914091635359092,0
12949,23.203493807559305,0
12950,21.641048250318185,0
12951,22.26406295148774,0
12952,23.09434727695511,0
12953,23.388854046908556,0
12954,23.717591724758435,0
12955,22.5005737580692,0
12956,27.33741680070534,0
12957,26.50718526224987,0
12958,28.63968508666002,0
12959,28.15453871444483,0
12960,26.533165264367916,0
12961,28.6367722512672,0
12962,28.231239799127437,0
12963,30.359114598811132,0
12964,29.263519184160838,0
12965,30.411975617710713,0
12966,32.27997539453614,0
12967,31.699087003467046,0
12968,32.64142026135157,0
12969,33.88936494679546,0
12970,31.649828751315155,0
12971,33.30342440678748,0
12972,33.16920509684715,0
12973,33.636950361345804,0
12974,31.364738738712134,0
12975,32.594284062502474,0
12976,32.094741408458255,0
12977,32.34360311618825,0
12978,33.08614707064619,0
12979,30.393086864452968,0
12980,27.498583823534418,0
12981,28.924040083975015,0
12982,28.346694190137857,0
12983,29.43550931354773,0
12984,28.74887017964995,0
12985,26.556568029632288,0
12986,26.864434285569025,0
12987,25.919214331466996,0
12988,25.132741299224428,0
12989,26.505109482451836,0
12990,23.482606016041498,0
12991,24.66817638072158,0
12992,24.06606060912609,0
12993,24.012356274845082,0
12994,22.040407208285142,0
12995,22.028089049075618,0
12996,23.257439287928335,0
12997,23.340980258351365,0
12998,22.75549355857069,0
12999,22.38017061011776,0
13000,22.666263387828632,0
13001,23.127686869058046,0
13002,22.91600169102959,0
13003,25.42430564530133,0
13004,25.775071230488592,0
13005,26.659828948350793,0
13006,26.298398699331944,0
13007,27.713058546626023,0
13008,27.03708385622202,0
13009,27.379156487734505,0
13010,30.519504025306063,0
13011,28.90070512519386,0
13012,30.997542822108148,0
13013,31.853142769562755,0
13014,32.08605266804562,0
13015,31.745651488051948,0
13016,33.059974800129005,0
13017,34.14488577627557,0
13018,34.61500255871767,0
13019,33.240376871246944,0
13020,33.27369362999973,0
13021,34.3138370577169,0
13022,32.094061879209136,0
13023,32.49527343050459,0
13024,30.70278074062691,0
13025,34.71101374046973,0
13026,33.484377986123555,0
13027,32.74457854042828,0
13028,30.32685264716941,0
13029,30.25127869503934,0
13030,28.369601608302414,0
13031,27.462036552143537,0
13032,27.800393560218875,0
13033,28.74428456724171,0
13034,28.348268595470163,0
13035,25.26386583253291,0
13036,25.798571480169905,0
13037,25.6595968525277,0
13038,24.723746309352673,0
13039,24.01928891270697,0
13040,23.933295411413383,0
13041,22.14935367336235,0
13042,22.830021428365377,0
13043,21.800500738900574,0
13044,24.556087656611993,0
13045,22.115679155853766,0
13046,23.700096852688436,0
13047,23.33580380633079,0
13048,24.314085632090755,0
13049,23.749049951450846,0
13050,25.471975861638043,0
13051,23.72678416801941,0
13052,27.692724188005425,0
13053,25.44160254973022,0
13054,25.77210931145032,0
13055,29.277528698933647,0
13056,28.340574377221515,0
13057,27.58457372255405,0
13058,27.887416379917852,0
13059,30.905565506076318,0
13060,30.56492801201086,0
13061,31.597850949021765,0
13062,31.4128064895703,0
13063,29.344131743710385,0
13064,31.664804642799627,0
13065,35.805921716508514,0
13066,33.75069906559218,0
13067,32.89414191598092,0
13068,34.26990247501603,0
13069,32.16306663138729,0
13070,33.88497726547948,0
13071,32.54574538573391,0
13072,30.8017125865922,0
13073,33.38489556970028,0
13074,32.88061745906041,0
13075,31.85827962806258,0
13076,30.795416540553244,0
13077,29.889523853470543,0
13078,28.054481104480775,0
13079,28.50531018327471,0
13080,27.738779325149117,0
13081,26.531553015572683,0
13082,26.13765943061844,0
13083,25.547409460478587,0
13084,26.82546074787907,0
13085,24.130655167165983,0
13086,26.566910169780865,0
13087,23.308038624527228,0
13088,22.226955172846335,0
13089,21.962860521089528,0
13090,22.120409035349407,0
13091,24.17522107660436,0
13092,23.326844428214216,0
13093,21.63317935417752,0
13094,23.400429382759665,0
13095,22.61619640547355,0
13096,24.82416962539008,0
13097,22.606209919165153,0
13098,22.81625977050709,0
13099,25.56912636441885,0
13100,25.148995884311123,0
13101,25.539572958986593,0
13102,28.012924698852657,0
13103,26.554049733854853,0
13104,28.263203004386348,0
13105,29.562615032664766,0
13106,28.55222823387837,0
13107,30.819407296387354,0
13108,30.597088211746605,0
13109,31.753585069805784,0
13110,30.847390517261566,0
13111,30.414335869430158,0
13112,31.249509527003102,0
13113,32.3338032203706,0
13114,32.20146915042104,0
13115,33.93416486638662,0
13116,33.353881444861244,0
13117,31.379867417040014,0
13118,34.319596627355054,0
13119,32.68220784896254,0
13120,30.762031518804047,0
13121,30.740600137129665,0
13122,32.185699862215266,0
13123,31.422825029443594,0
13124,30.857413622646646,0
13125,30.421070456642273,0
13126,29.45437850568388,0
13127,30.17005650122499,0
13128,27.931351444698684,0
13129,27.32422037430302,0
13130,27.41198905177855,0
13131,26.32163201250368,0
13132,25.582686253840137,0
13133,26.050353380685447,0
13134,24.539318676049444,0
13135,26.895794617748564,0
13136,23.84648951091729,0
13137,22.29967402736861,0
13138,23.5439041635981,0
13139,24.890339530288937,0
13140,23.47254763166292,0
13141,23.62107107844592,0
13142,23.940640151155584,0
13143,24.567238675575368,0
13144,22.68593676028744,0
13145,24.275505887774905,0
13146,24.20697971677099,0
13147,24.863529552993548,0
13148,25.53927061018365,0
13149,25.647451923274687,0
13150,26.7817377665369,0
13151,29.655034887392855,0
13152,28.309922131496073,0
13153,28.23519454108549,0
13154,28.98605833385777,0
13155,30.16655164850814,0
13156,31.964372705351654,0
13157,31.767843910864695,0
13158,32.611203439783054,0
13159,31.356241285911633,0
13160,32.89308072928151,0
13161,33.58669390467854,0
13162,33.24137041396094,0
13163,34.42592441328662,0
13164,33.859776944897035,0
13165,33.75249679099468,0
13166,33.67547822185134,0
13167,32.8396686330737,0
13168,31.24501107867614,0
13169,30.507174507668413,0
13170,31.386092256700138,0
13171,28.8502454139874,0
13172,31.23920702527585,0
13173,30.220649466511503,0
13174,29.277338177015135,0
13175,29.06868202448136,0
13176,25.456010605184527,0
13177,27.01060262832354,0
13178,27.448182617403184,0
13179,27.696439695070243,0
13180,25.466212411220393,0
13181,26.142397006232773,0
13182,24.22605649405626,0
13183,24.48505358116398,0
13184,23.84513853637503,0
13185,22.467411648089108,0
13186,22.019611167589872,0
13187,22.121602146896954,0
13188,21.886100126821297,0
13189,22.06975575700352,0
13190,23.12446424108597,0
13191,23.23284887546462,0
13192,23.380451528901723,0
13193,23.767226416564593,0
13194,23.706784517513324,0
13195,24.853494902744668,0
13196,26.254310330895603,0
13197,26.055792890534356,0
13198,25.93220992933486,0
13199,26.10116938179092,0
13200,29.00273055501473,0
13201,30.438438106026233,0
13202,29.861207180705005,0
13203,30.779894267448604,0
13204,30.478503434506624,0
13205,29.99678274337895,0
13206,32.127183192403876,0
13207,33.277170059100136,0
13208,31.46112011538398,0
13209,32.14490558907097,0
13210,32.85993657587062,0
13211,33.163575584941796,0
13212,31.588223088371553,0
13213,33.069082206195134,0
13214,33.22928664295174,0
13215,32.75728584642809,0
13216,34.260318276843066,0
13217,31.74532981858039,0
13218,31.03091992318183,0
13219,31.4536602782081,0
13220,29.742772403697074,0
13221,29.14553459332524,0
13222,31.570640272480322,0
13223,28.47172352318893,0
13224,27.178872267028446,0
13225,29.445437891242666,0
13226,26.593804182779127,0
13227,24.213044925785162,0
13228,25.036634859101987,0
13229,28.710783310304897,0
13230,26.625063249794632,0
13231,22.259140995476425,0
13232,22.81618626978762,0
13233,24.561859550996736,0
13234,21.807948070698533,0
13235,23.57622307032597,0
13236,23.70414444858801,0
13237,23.77975534291005,0
13238,23.18453786331933,0
13239,23.645875093452744,0
13240,22.85057115905086,0
13241,23.98050858393506,0
13242,23.896244943438727,0
13243,24.0589948159475,0
13244,27.19280034138181,0
13245,26.809272266250034,0
13246,28.33756685066262,0
13247,28.971441415006343,0
13248,28.094535818800598,0
13249,26.651052536421957,0
13250,27.836030451397686,0
13251,30.922617998145316,0
13252,30.455392966284904,0
13253,31.2056095857733,0
13254,32.46441768216481,0
13255,30.42307200143794,0
13256,32.00373115402641,0
13257,32.667759524325504,0
13258,32.34612105733256,0
13259,32.68658947594568,0
13260,34.02482437030255,0
13261,34.08156352144923,0
13262,32.354863319258534,0
13263,33.32105158382716,0
13264,33.44188037377657,0
13265,30.41996576583389,0
13266,30.65957637283127,0
13267,31.646308423840622,0
13268,31.632726904555614,0
13269,30.40177509701856,0
13270,29.654501958227502,0
13271,29.760097196299856,0
13272,28.406347623785916,0
13273,29.544625574879156,0
13274,25.381665122681298,0
13275,27.958547102073613,0
13276,25.41243140177721,0
13277,26.202144257421622,0
13278,24.601907640358966,0
13279,25.01210667793508,0
13280,23.765616558483224,0
13281,23.616369498192142,0
13282,22.296258793983526,0
13283,23.023295653552363,0
13284,24.253007690726978,0
13285,23.829715266876605,0
13286,22.725614593401655,0
13287,23.682631702706406,0
13288,21.043595776912184,0
13289,23.96729061021285,0
13290,22.94858138722799,0
13291,26.63372458983294,0
13292,27.327744096309775,0
13293,27.930580305249645,0
13294,26.792406499529058,0
13295,27.406041882002203,0
13296,27.860573846780984,0
13297,28.4488294884573,0
13298,30.437942612200644,0
13299,30.491648421044697,0
13300,29.216399302486288,0
13301,29.60663646349747,0
13302,32.87841009620024,0
13303,31.46486694132198,0
13304,31.467740748674945,0
13305,31.803760347875766,0
13306,32.148440193490224,0
13307,32.808285766030295,0
13308,33.58352908453457,0
13309,32.47877335230442,0
13310,32.833783462051414,0
13311,33.62235046928991,0
13312,33.31550752466219,0
13313,34.269614685404626,0
13314,31.306454888757788,0
13315,31.39621999188426,0
13316,30.121139626585446,0
13317,29.982102301027467,0
13318,29.038774014631414,0
13319,30.555354622156297,0
13320,27.667092458130423,0
13321,27.192946242463186,0
13322,26.419888889118567,0
13323,25.850758168465426,0
13324,25.658111357831217,0
13325,25.57544415889617,0
13326,24.344221976549637,0
13327,22.37464645951094,0
13328,26.059801614201085,0
13329,23.569657435583075,0
13330,22.604902915701494,0
13331,22.51926398135497,0
13332,22.364963076321498,0
13333,21.3328692610536,0
13334,22.022518762209184,0
13335,24.341697232026842,0
13336,24.72353502359337,0
13337,23.98562420433969,0
13338,24.70551246787998,0
13339,25.829934908273856,0
13340,25.284024524378996,0
13341,26.837983595682356,0
13342,26.895135913717123,0
13343,26.469461084078443,0
13344,27.87244493570882,0
13345,30.006828392592105,0
13346,29.313414444131265,0
13347,31.379538461338743,0
13348,30.892809029032733,0
13349,31.049093265906837,0
13350,30.0773671827422,0
13351,31.71568530675685,0
13352,33.084749458230014,0
13353,32.18541359204385,0
13354,33.60058120122056,0
13355,32.39686555482705,0
13356,33.60229002462339,0
13357,34.05412822593723,0
13358,32.79989398332985,0
13359,32.97252151294276,0
13360,31.64901493680469,0
13361,31.873986746855277,0
13362,33.24009145901443,0
13363,30.67296208416215,0
13364,29.591798268617712,0
13365,29.62994410402426,0
13366,30.326981473415433,0
13367,28.233513329938475,0
13368,26.528566261071585,0
13369,27.26670700621494,0
13370,26.10263125305999,0
13371,26.100278149224128,0
13372,25.08377423310929,0
13373,24.3698742577325,0
13374,24.429964424657367,0
13375,22.869616650993457,0
13376,23.914867050905446,0
13377,21.93894077480989,0
13378,25.61150984052616,0
13379,23.738061354444778,0
13380,22.334209123356302,0
13381,22.811446641278042,0
13382,22.131413956806323,0
13383,23.783887203835146,0
13384,24.266397318362195,0
13385,25.273042687242622,0
13386,25.720297949376988,0
13387,24.75681104950752,0
13388,25.590866962683947,0
13389,25.88357253204036,0
13390,26.926006031749687,0
13391,28.390670952345374,0
13392,27.994982073514787,0
13393,28.133081555820354,0
13394,29.440739010608596,0
13395,29.482963751212896,0
13396,29.464434493430165,0
13397,30.472134403297776,0
13398,30.59113325148803,0
13399,31.912284722414576,0
13400,32.35945736733424,0
13401,30.74381214144854,0
13402,32.95492215975812,0
13403,33.66418457899943,0
13404,33.32000913489587,0
13405,31.397635096747454,0
13406,32.110418775753885,0
13407,31.433739887466988,0
13408,32.932607904144746,0
13409,33.91600275098943,0
13410,32.08727411332825,0
13411,33.64197947785065,0
13412,30.599065335226094,0
13413,30.346415746916094,0
13414,28.722305938494294,0
13415,28.608180121034874,0
13416,25.579574997927843,0
13417,27.98085723999266,0
13418,27.996465213306237,0
13419,23.355815631368312,0
13420,25.85811512603698,0
13421,24.915369402073466,0
13422,24.493239511314417,0
13423,23.370834867503746,0
13424,23.93018076628812,0
13425,23.028424291663622,0
13426,22.667508260406137,0
13427,23.205142611766792,0
13428,22.065235043620113,0
13429,23.4111291792634,0
13430,25.644430465868233,0
13431,21.962441962388947,0
13432,23.254296487045718,0
13433,22.46865064816778,0
13434,23.077540855628435,0
13435,24.99054546656934,0
13436,25.626516608275715,0
13437,26.262080058090415,0
13438,26.724252777141142,0
13439,26.75574323962998,0
13440,28.909388395927248,0
13441,29.06530858679568,0
13442,29.627384738293603,0
13443,29.157827315813847,0
13444,30.01529706761501,0
13445,30.497383860504787,0
13446,32.21674265584478,0
13447,32.98941015778771,0
13448,33.618078089308135,0
13449,30.884827016683396,0
13450,31.625703348506477,0
13451,33.358883194921425,0
13452,33.02804358871251,0
13453,34.26251049836212,0
13454,33.62881909800238,0
13455,32.18030587236713,0
13456,32.87184150253448,0
13457,31.292168485939193,0
13458,31.86290474986099,0
13459,30.288963564675214,0
13460,29.59172189374195,0
13461,31.191876835025322,0
13462,30.602048455235106,0
13463,26.82815463094151,0
13464,30.88069526275003,0
13465,27.763494588203546,0
13466,27.900659344314644,0
13467,26.262722479251064,0
13468,25.332899858929228,0
13469,26.512010413243978,0
13470,24.977110701435578,0
13471,24.453424876999865,0
13472,25.27284172984973,0
13473,22.656331956663067,0
13474,23.335376290902534,0
13475,23.669006444739033,0
13476,22.890282565755808,0
13477,22.523425987038223,0
13478,24.67996053191959,0
13479,24.82516760205014,0
13480,22.160722756260295,0
13481,24.354866730077784,0
13482,24.256505784806617,0
13483,25.966736576842365,0
13484,26.31288279827039,0
13485,25.54109195720488,0
13486,26.066800562735782,0
13487,26.774470029373596,0
13488,27.727131976124646,0
13489,29.45370190581823,0
13490,29.115415727643136,0
13491,28.924180636770725,0
13492,31.217502960139722,0
13493,32.097784492467724,0
13494,32.74022237446363,0
13495,31.904345556780815,0
13496,33.13677748870654,0
13497,32.12473214656945,0
13498,34.348552791675104,0
13499,31.55558812455172,0
13500,33.97428586962247,0
13501,32.469267971664685,0
13502,32.40935675917262,0
13503,32.157385026346276,0
13504,32.94187027575202,0
13505,32.297520536546834,0
13506,33.254633615000614,0
13507,30.252968990732075,0
13508,31.378485778985233,0
13509,29.433901373705933,0
13510,30.374340758614,0
13511,28.935084235483345,0
13512,29.547455075711934,0
13513,27.22062310697097,0
13514,25.6575534156974,0
13515,28.25518986928833,0
13516,26.440952502337566,0
13517,25.73937795157351,0
13518,24.309474221628637,0
13519,23.81474476283944,0
13520,23.177111349247735,0
13521,23.87073924819398,0
13522,22.62959127460843,0
13523,21.128514975919394,0
13524,23.999407069872095,0
13525,25.15560039077622,0
13526,23.86271174877446,0
13527,21.969543870371268,0
13528,23.007863187741165,0
13529,24.29076333893218,0
13530,25.78690290749633,0
13531,24.71956367887246,0
13532,24.18291632695057,0
13533,26.07578174114516,0
13534,25.233762490301295,0
13535,27.026339878224448,0
13536,28.59356045137634,0
13537,29.0051177590613,0
13538,28.60162642484027,0
13539,29.48598083304961,0
13540,29.91430705512447,0
13541,30.648040964734665,0
13542,31.07766296175257,0
13543,32.43835653411232,0
13544,32.143896494155975,0
13545,33.17389019087883,0
13546,33.703092785056974,0
13547,34.32041617299137,0
13548,35.02512546361369,0
13549,32.82699777046873,0
13550,34.160673798037976,0
13551,31.656155957323193,0
13552,33.77863378311608,0
13553,33.01270453543776,0
13554,31.22494920900118,0
13555,31.04225816746879,0
13556,29.07227967738045,0
13557,29.835859246263635,0
13558,28.081663185261164,0
13559,30.122630062070627,0
13560,28.603481469924617,0
13561,27.171114387828982,0
13562,27.152750137189074,0
13563,25.97700172968201,0
13564,25.44615977008938,0
13565,25.53061161176862,0
13566,23.95104712601577,0
13567,22.673495658629037,0
13568,24.930952740732593,0
13569,23.542804499780765,0
13570,24.23629582079083,0
13571,22.41704615059827,0
13572,23.994359451646844,0
13573,21.113350089898375,0
13574,21.995661008562212,0
13575,22.880439304724366,0
13576,22.433058419719142,0
13577,23.703235123749323,0
13578,24.86609044302045,0
13579,25.354432115394744,0
13580,24.551174146006613,0
13581,26.652314374938058,0
13582,27.624803743001728,0
13583,27.408373319937823,0
13584,27.1293180471318,0
13585,27.566020405852782,0
13586,29.855675270973787,0
13587,29.47592429430753,0
13588,29.429691483016374,0
13589,30.2819253857295,0
13590,30.581750524366406,0
13591,33.808425528928886,0
13592,31.60355210380497,0
13593,33.01797903871978,0
13594,33.4093721424717,0
13595,33.086200287321674,0
13596,32.399867088247085,0
13597,33.148799311307926,0
13598,31.72001399238481,0
13599,32.10948207367778,0
13600,32.331631301280346,0
13601,32.66506191586417,0
13602,31.829480552288995,0
13603,30.636186994677775,0
13604,30.430490318195105,0
13605,29.985960487936605,0
13606,28.79007344868908,0
13607,28.78539094165641,0
13608,26.95468383254,0
13609,26.781738603008286,0
13610,26.55077972284212,0
13611,27.209641363842685,0
13612,24.40230953491265,0
13613,25.785920242554806,0
13614,24.16369130956598,0
13615,23.711716075328052,0
13616,24.432483501257177,0
13617,23.479561258953982,0
13618,24.208111352683414,0
13619,22.11484140657801,0
13620,22.136100404184347,0
13621,22.741914553939623,0
13622,23.04492421031585,0
13623,24.423113028266048,0
13624,25.064692008316044,0
13625,26.418767559167712,0
13626,24.55965925233107,0
13627,24.66970819605126,0
13628,23.76740001984853,0
13629,25.927774752462476,0
13630,26.676005731124654,0
13631,28.95373000244973,0
13632,28.619678921618597,0
13633,29.546105222962737,0
13634,29.829149410340694,0
13635,29.017994490255184,0
13636,29.221353628063586,0
13637,31.27436503243959,0
13638,30.988929637354545,0
13639,30.60308712647619,0
13640,32.24645264427751,0
13641,33.14135885492097,0
13642,33.482315535459186,0
13643,31.681364281492108,0
13644,34.513966286170124,0
13645,32.605848462541715,0
13646,34.40233776568377,0
13647,32.06048319769285,0
13648,32.615229491999486,0
13649,31.40288718923906,0
13650,32.12913135951562,0
13651,29.840147738904975,0
13652,30.504781309250742,0
13653,30.88472478243706,0
13654,29.203660917946024,0
13655,29.523491594096242,0
13656,28.194169542083984,0
13657,28.617036599350918,0
13658,28.224520143879293,0
13659,25.20026404023205,0
13660,25.542203153585703,0
13661,23.760979470604536,0
13662,24.32566811025728,0
13663,23.65861082658346,0
13664,23.37373092039311,0
13665,22.292980012402733,0
13666,25.274067862709806,0
13667,23.211505028966815,0
13668,21.728414136829407,0
13669,23.215352467012,0
13670,23.110318575136905,0
13671,24.126377433097986,0
13672,26.01263348255457,0
13673,25.929028812395586,0
13674,23.572267492254426,0
13675,25.379456048684577,0
13676,25.606472744646755,0
13677,26.626579756587432,0
13678,25.94260616097925,0
13679,26.1997611876432,0
13680,28.824069565364162,0
13681,29.775106595138716,0
13682,29.162647424092608,0
13683,31.18206868724531,0
13684,29.058431408718906,0
13685,30.743905493226688,0
13686,32.239589025842704,0
13687,32.2155225877997,0
13688,31.954586087198315,0
13689,32.45265333414546,0
13690,33.67514061604477,0
13691,30.920824816389686,0
13692,34.14114441014437,0
13693,32.0439875148388,0
13694,33.007562547643246,0
13695,33.282887183747604,0
13696,32.621463743948176,0
13697,32.31496128384564,0
13698,30.72054890752259,0
13699,29.703004559359908,0
13700,32.212231918887724,0
13701,30.086161821239354,0
13702,30.081343658097246,0
13703,29.535372703527397,0
13704,30.159486222337172,0
13705,26.083032364226995,0
13706,29.184538539849967,0
13707,26.585550767355503,0
13708,24.038291217124574,0
13709,23.763471180671615,0
13710,23.696575705125294,0
13711,23.04989761328819,0
13712,23.800778006731353,0
13713,23.506580462990748,0
13714,22.24954140769273,0
13715,23.171002333197084,0
13716,25.182509784579885,0
13717,22.053628726960756,0
13718,23.581586691028736,0
13719,22.57118563737428,0
13720,24.378487269405046,0
13721,24.03396020368374,0
13722,26.025524614911724,0
13723,23.895374165219877,0
13724,24.290172187348105,0
13725,25.848771645142545,0
13726,26.784419579260394,0
13727,27.991790499038036,0
13728,28.405432611775264,0
13729,27.636959224191543,0
13730,28.34645160094724,0
13731,28.97181352904502,0
13732,31.386956242386063,0
13733,30.23255521267479,0
13734,31.483433244527095,0
13735,33.02378931138716,0
13736,32.73117325737133,0
13737,32.28566945125418,0
13738,33.45162524534799,0
13739,33.75241675649909,0
13740,32.62559817677195,0
13741,32.51658561442389,0
13742,31.11105974790872,0
13743,33.35350782783095,0
13744,33.40235355101402,0
13745,32.40862475711585,0
13746,32.26987520306482,0
13747,31.330282135660752,0
13748,29.71228326997336,0
13749,29.90020004822703,0
13750,31.391737421794573,0
13751,29.38122032666364,0
13752,27.32654167386198,0
13753,27.249612149104877,0
13754,26.916004700375467,0
13755,26.62156541300164,0
13756,27.02551901531121,0
13757,24.29970034614838,0
13758,25.05891496052914,0
13759,23.92343824984498,0
13760,23.413504420726394,0
13761,22.21947926184943,0
13762,22.63692021006704,0
13763,22.215951580031522,0
13764,23.077060849950264,0
13765,23.967375210954525,0
13766,21.380108894160987,0
13767,24.107481157698437,0
13768,24.61712558309627,0
13769,24.509733538323168,0
13770,25.38345634944642,0
13771,25.985605528939367,0
13772,25.07224241825254,0
13773,26.14766388812014,0
13774,26.053982812290354,0
13775,28.653070864976716,0
13776,28.470949809584866,0
13777,27.934897589813843,0
13778,28.144142337975442,0
13779,30.486290883351266,0
13780,32.12736410363653,0
13781,31.54908664558545,0
13782,31.30788508358627,0
13783,32.51610971544715,0
13784,34.03472171685241,0
13785,33.28902245479299,0
13786,33.631851734445796,0
13787,32.67329162952869,0
13788,32.87152560266835,0
13789,33.300761663097916,0
13790,32.16617876345661,0
13791,33.113669865268676,0
13792,31.546702274678417,0
13793,34.276254892288115,0
13794,32.47350395278087,0
13795,31.138371019676928,0
13796,31.328690411241478,0
13797,30.33571586652339,0
13798,30.55831861272524,0
13799,28.155030321523977,0
13800,27.7897941075117,0
13801,26.579495068580208,0
13802,27.423031660779916,0
13803,25.624096000993582,0
13804,25.602542676879732,0
13805,25.72118067587047,0
13806,23.610203806788213,0
13807,26.61438380301171,0
13808,23.875613737080812,0
13809,21.747114186061992,0
13810,24.50724919223712,0
13811,20.972962106384315,0
13812,22.16750636988414,0
13813,21.593010459202464,0
13814,24.717650811611424,0
13815,22.608409348640777,0
13816,22.928341145996328,0
13817,24.507997332673458,0
13818,24.60576334901107,0
13819,24.45727065004135,0
13820,24.103432594771654,0
13821,24.724207594166998,0
13822,28.833689161828755,0
13823,28.050203256311125,0
13824,29.574469812486548,0
13825,28.08208321219831,0
13826,30.020279950489,0
13827,30.457553171076867,0
13828,32.010549001761255,0
13829,31.449088074619272,0
13830,31.72278389371144,0
13831,32.41775313754372,0
13832,30.9395755610526,0
13833,32.56791591268669,0
13834,32.5545333448955,0
13835,34.97972823849324,0
13836,32.596102592043785,0
13837,34.24586274279863,0
13838,34.57725450120757,0
13839,32.29202725540841,0
13840,31.350001455153777,0
13841,30.981702874643773,0
13842,32.01598248384159,0
13843,30.406689959204833,0
13844,30.489851596113628,0
13845,30.286748157523142,0
13846,29.378355441709814,0
13847,27.093844799952656,0
13848,26.14847473211621,0
13849,27.14645437870743,0
13850,26.61265175250286,0
13851,25.435424101335638,0
13852,26.741165115976557,0
13853,25.97009676173737,0
13854,24.503047973653654,0
13855,23.807758072190797,0
13856,24.375209305494447,0
13857,23.46256771285163,0
13858,22.07777468872221,0
13859,24.14511874265471,0
13860,22.56736959619335,0
13861,21.91451523196932,0
13862,22.454960600063327,0
13863,21.959011922787898,0
13864,24.049662963752247,0
13865,24.51187828406374,0
13866,22.662207948614714,0
13867,26.708891044392953,0
13868,26.037578083502233,0
13869,26.610633507491364,0
13870,23.996865057852155,0
13871,29.47088047599592,0
13872,30.449984968428762,0
13873,29.47383885574938,0
13874,29.32287792759842,0
13875,29.110575435335942,0
13876,29.614776179432134,0
13877,29.49672494273488,0
13878,30.698801444064106,0
13879,32.71141303672483,0
13880,32.94126684460073,0
13881,33.31105548435616,0
13882,35.02910897960587,0
13883,33.2618062335432,0
13884,32.0526825237897,0
13885,34.02494410761386,0
13886,33.488312788972074,0
13887,33.03262521447421,0
13888,32.0703726325901,0
13889,33.168032822609526,0
13890,31.921488003790042,0
13891,32.55728635900805,0
13892,30.916865914003427,0
13893,28.86035896450393,0
13894,28.918257682610776,0
13895,30.043880228028517,0
13896,27.57263195739969,0
13897,26.90194306781731,0
13898,28.04647723753472,0
13899,26.07824235035565,0
13900,24.368092321981237,0
13901,23.794820712984748,0
13902,24.499847521045016,0
13903,24.558562168973154,0
13904,24.08238763652737,0
13905,23.092681542723653,0
13906,21.46407855468474,0
13907,24.191785110854934,0
13908,23.251268373958574,0
13909,22.857732950974658,0
13910,23.582686707802612,0
13911,21.927590956762476,0
13912,22.521602166473834,0
13913,23.97176732106018,0
13914,23.84788852189282,0
13915,25.621735729594388,0
13916,25.265379012174765,0
13917,25.984735908992523,0
13918,27.02004724291346,0
13919,27.572092402191732,0
13920,28.05733074124721,0
13921,28.361473375887723,0
13922,29.008504582069406,0
13923,30.405524295987576,0
13924,29.8665742919032,0
13925,29.911459606415075,0
13926,30.65971642729341,0
13927,32.92569168584651,0
13928,31.90377076093228,0
13929,32.78360050077294,0
13930,32.96963350394663,0
13931,34.75136912405044,0
13932,32.20607956665716,0
13933,34.09042355737397,0
13934,31.957071715143623,0
13935,33.24140620682838,0
13936,34.00210948143594,0
13937,33.06331044078041,0
13938,31.71597229865535,0
13939,32.7986411395288,0
13940,29.408002702240026,0
13941,29.89020387582633,0
13942,28.87170271941933,0
13943,30.001262989855313,0
13944,28.02953546561853,0
13945,27.348630782786792,0
13946,27.450859447535002,0
13947,25.00222936564747,0
13948,27.506468280580233,0
13949,24.069662007216,0
13950,24.305763817574206,0
13951,23.99018079257034,0
13952,24.32059231081272,0
13953,24.285428706138006,0
13954,22.88974811964437,0
13955,22.296089213607416,0
13956,24.16478933877302,0
13957,24.36000259222859,0
13958,23.259516748067696,0
13959,20.68193012071787,0
13960,24.927137360055728,0
13961,25.788418124140442,0
13962,22.88349943789304,0
13963,24.34700569093536,0
13964,26.459710133890734,0
13965,26.80899036884709,0
13966,26.655986780639328,0
13967,25.498891275239203,0
13968,28.33211789283789,0
13969,29.268344446525337,0
13970,28.37903939429259,0
13971,29.950640553813052,0
13972,30.38845273483406,0
13973,31.343123583798878,0
13974,30.826863874492563,0
13975,33.89496523589557,0
13976,30.95567628363556,0
13977,32.35300851128766,0
13978,33.690995627024435,0
13979,33.3281784429504,0
13980,32.46420513567079,0
13981,31.885284130967452,0
13982,31.948973600941983,0
13983,33.18292264264295,0
13984,32.466123629275394,0
13985,31.030909303655584,0
13986,29.480843483781996,0
13987,31.520552388111245,0
13988,30.449725277548655,0
13989,30.77883427236388,0
13990,26.90044938012889,0
13991,29.26941040986088,0
13992,27.29538887708143,0
13993,27.73695030435772,0
13994,26.055439217670383,0
13995,26.151571790623198,0
13996,23.750606817561916,0
13997,25.877391868296787,0
13998,25.46821457375944,0
13999,23.70910719796212,0
14000,21.71150108681548,0
14001,24.71368977535977,0
14002,24.303245902341224,0
14003,23.301516509000418,0
14004,23.988417204434548,0
14005,22.07398858519962,0
14006,25.070906821713113,0
14007,23.390457832253947,0
14008,26.531665612888943,0
14009,23.65971202244751,0
14010,25.058281995158662,0
14011,24.686965583694178,0
14012,25.708404559783403,0
14013,25.28488969750032,0
14014,26.606305140197385,0
14015,27.861232957653108,0
14016,28.401220753400025,0
14017,29.58201353385482,0
14018,28.162791445537312,0
14019,31.04658864930536,0
14020,28.38894851062341,0
14021,30.68332066324656,0
14022,31.73400121679495,0
14023,30.75897070566576,0
14024,29.412088406860008,0
14025,32.46256733455823,0
14026,32.36248974514294,0
14027,33.617628092450296,0
14028,33.648993494722305,0
14029,31.391965681917192,0
14030,33.172162526013736,0
14031,32.32787953173875,0
14032,31.690250978210397,0
14033,32.964507410838195,0
14034,31.01529267366322,0
14035,31.909088209969582,0
14036,30.32509529635034,0
14037,28.260477181125218,0
14038,29.20199201321437,0
14039,27.45515495947167,0
14040,27.125985675087133,0
14041,25.38515471743442,0
14042,26.158015480714543,0
14043,27.1601773083368,0
14044,26.070006682162983,0
14045,25.139690550910746,0
14046,23.91456792292584,0
14047,22.498173327230806,0
14048,23.42228201529248,0
14049,23.654986048067254,0
14050,22.74436010068855,0
14051,22.082484851289657,0
14052,23.886131889104124,0
14053,23.98284547707642,0
14054,24.002903526560996,0
14055,23.834917139132955,0
14056,23.89050192796992,0
14057,24.77814975144328,0
14058,21.804067239415676,0
14059,25.180359061366136,0
14060,26.329480231056785,0
14061,26.144912244795968,0
14062,25.728964231184165,0
14063,27.178639533466633,0
14064,30.977580978161058,0
14065,29.929076413592075,0
14066,28.363821185151362,0
14067,30.764570473456125,0
14068,32.29101540983685,0
14069,30.174471832305564,0
14070,31.760019019765135,0
14071,30.62867785912197,0
14072,32.19112454347794,0
14073,32.99020083075161,0
14074,33.79274437073985,0
14075,31.73049853105717,0
14076,32.33264415024476,0
14077,33.55208050902905,0
14078,34.270079273586745,0
14079,33.42191184589253,0
14080,33.65109135922473,0
14081,31.771014929503092,0
14082,33.70170595881431,0
14083,29.988938494044845,0
14084,30.381163787427273,0
14085,30.27958242963733,0
14086,27.344977525211547,0
14087,26.67573916188784,0
14088,29.763813926337427,0
14089,27.669316856369193,0
14090,27.636000894140796,0
14091,24.83162088163973,0
14092,23.913666828164516,0
14093,23.13492991536151,0
14094,24.067560675827476,0
14095,22.93504047708046,0
14096,23.883082189770832,0
14097,24.597953699104707,0
14098,23.42510561023813,0
14099,23.53089570187333,0
14100,20.98397182602804,0
14101,21.582232995124457,0
14102,25.37804538704266,0
14103,23.515751484391096,0
14104,23.11370706136103,0
14105,22.257145361210448,0
14106,26.749343988501913,0
14107,23.511709465232727,0
14108,24.808639216812733,0
14109,25.608981176625196,0
14110,25.62402952824871,0
14111,27.77140810270526,0
14112,28.884095147760355,0
14113,29.70355612065189,0
14114,29.332017142339073,0
14115,30.004008372295672,0
14116,28.367341592261187,0
14117,29.840255656367205,0
14118,30.380211552584342,0
14119,32.32420156543071,0
14120,31.188503304925437,0
14121,33.302846072328904,0
14122,32.41557776609236,0
14123,31.45661106171955,0
14124,33.1274875293611,0
14125,34.20640474348217,0
14126,33.62872259972063,0
14127,31.297985782823233,0
14128,33.50034760434321,0
14129,31.388589355118363,0
14130,32.165193069267154,0
14131,30.749929606183155,0
14132,31.139325990383117,0
14133,28.55525513460433,0
14134,29.13311503622025,0
14135,28.252033390944305,0
14136,29.270713327877946,0
14137,26.417591207123174,0
14138,26.386782226839074,0
14139,24.792476569022927,0
14140,25.49533164846087,0
14141,25.35912016696585,0
14142,22.671497878821484,0
14143,22.916207072631174,0
14144,24.37851259101206,0
14145,23.970144575044134,0
14146,24.143327234007298,0
14147,24.529464436454123,0
14148,23.066676628239815,0
14149,22.00617821018221,0
14150,24.3710484666708,0
14151,24.291971890676997,0
14152,22.643266205599872,0
14153,23.017106347992883,0
14154,24.897108908420403,0
14155,25.068758334846734,0
14156,26.770849384179336,0
14157,26.463306409914573,0
14158,26.884928646841164,0
14159,26.647246704900464,0
14160,29.99002030242331,0
14161,28.607418930251935,0
14162,29.095178313885324,0
14163,30.095900102664213,0
14164,30.219179822126502,0
14165,30.72619770583931,0
14166,31.55545165955184,0
14167,32.09330196247373,0
14168,32.00105124283818,0
14169,32.469867013239835,0
14170,31.884602781751042,0
14171,32.6672841520933,0
14172,35.397185771876416,0
14173,33.668341139763356,0
14174,32.916616793057784,0
14175,33.45516241069641,0
14176,32.798537510000436,0
14177,30.936429845176313,0
14178,32.05562181790809,0
14179,29.877508202777427,0
14180,32.66112036954537,0
14181,29.822851657887906,0
14182,29.61114510957498,0
14183,27.969969218041896,0
14184,27.156193391811076,0
14185,27.67725807511328,0
14186,27.24589484831097,0
14187,24.963206714838684,0
14188,25.574683334167048,0
14189,22.88601144551644,0
14190,24.67985028798618,0
14191,23.38063079101468,0
14192,23.621294217301667,0
14193,24.686637669589544,0
14194,24.447269616682647,0
14195,24.05572389187199,0
14196,23.124912589753098,0
14197,22.668649769671475,0
14198,24.390984313319027,0
14199,23.69608125705933,0
14200,24.928315909816366,0
14201,25.246622200401223,0
14202,24.95067490660113,0
14203,24.01084917203769,0
14204,24.458367095579597,0
14205,26.904115989611164,0
14206,25.51383434658882,0
14207,27.99625378361698,0
14208,26.28682287490096,0
14209,28.562807540589613,0
14210,28.02045616932841,0
14211,30.170924482388383,0
14212,29.461589209612164,0
14213,31.05273791449545,0
14214,30.79152849659468,0
14215,31.126423806964453,0
14216,31.94323337570227,0
14217,32.72596449075211,0
14218,31.966615300976766,0
14219,32.27031557919045,0
14220,32.99287917892492,0
14221,31.99784350744382,0
14222,31.80096063771999,0
14223,33.00332587712465,0
14224,31.87296844722474,0
14225,32.428767804209095,0
14226,31.110049451792808,0
14227,32.0228485913372,0
14228,32.00150615392136,0
14229,30.455352065494854,0
14230,29.295182114460847,0
14231,28.06221829661826,0
14232,29.036478948799488,0
14233,26.93424784986518,0
14234,27.636677260305554,0
14235,25.866903824014226,0
14236,26.20967481823384,0
14237,24.30627489721697,0
14238,22.429679261140343,0
14239,24.604224084222185,0
14240,23.19749814729378,0
14241,25.683668893607805,0
14242,22.157285786201168,0
14243,23.82457172496987,0
14244,24.648985070406987,0
14245,23.50390687990465,0
14246,22.879907214121136,0
14247,25.241461671590773,0
14248,23.40465233077621,0
14249,25.37633588014487,0
14250,21.370265088539007,0
14251,25.186772846283606,0
14252,25.305522502219155,0
14253,25.419756368894948,0
14254,25.49905189497608,0
14255,26.268055074142296,0
14256,29.591431354628604,0
14257,28.607102629955783,0
14258,29.374810856091777,0
14259,30.706979621106647,0
14260,31.119425483385193,0
14261,29.601011764743877,0
14262,32.8223580432722,0
14263,31.587409350923437,0
14264,33.42963147880721,0
14265,31.788607575416655,0
14266,32.018334846323896,0
14267,32.887835987333595,0
14268,34.35564140186236,0
14269,32.66700328274909,0
14270,33.59018432500796,0
14271,32.96716116970268,0
14272,30.396182653283272,0
14273,31.48458751439914,0
14274,29.538216157637365,0
14275,30.83222075179764,0
14276,30.504010844883528,0
14277,29.964545964417965,0
14278,28.496607269521665,0
14279,31.12028442712953,0
14280,28.978068001678235,0
14281,27.646783928376596,0
14282,25.90113772818411,0
14283,24.306532011424267,0
14284,25.211710469609283,0
14285,24.947159080891826,0
14286,24.564267832729033,0
14287,23.210390025726603,0
14288,22.862732309320236,0
14289,22.845653126308886,0
14290,23.413779654031877,0
14291,22.70434055801155,0
14292,23.205680967801985,0
14293,22.862697892541238,0
14294,21.177332546988076,0
14295,24.33896757477017,0
14296,21.979498343307547,0
14297,22.90186528940807,0
14298,24.52398184991227,0
14299,23.300547403060136,0
14300,24.966534943097088,0
14301,25.021748481249436,0
14302,27.48206939294173,0
14303,28.058905093891507,0
14304,29.58366334195234,0
14305,28.81227654410512,0
14306,29.496499614033564,0
14307,29.43194881451259,0
14308,29.13070735051256,0
14309,31.940383668863447,0
14310,31.857139335105693,0
14311,31.63903416953201,0
14312,32.60609812972087,0
14313,31.994101498279186,0
14314,33.984528545770985,0
14315,31.27504481362673,0
14316,31.818362423207766,0
14317,31.91071338885659,0
14318,32.77998220991121,0
14319,31.7602139211504,0
14320,34.06473459450966,0
14321,31.426196819531352,0
14322,31.483406223251514,0
14323,29.87004704534959,0
14324,30.02777501402392,0
14325,29.18410511712593,0
14326,29.185918017691268,0
14327,26.764525399293618,0
14328,26.597563002238175,0
14329,29.058280377017212,0
14330,25.800301598073744,0
14331,26.014200091492132,0
14332,26.9073449497919,0
14333,24.63137913617005,0
14334,25.31967720155033,0
14335,24.522218552562443,0
14336,23.354710955192065,0
14337,23.94565826321838,0
14338,24.74730010171759,0
14339,23.52220569299433,0
14340,23.44665161232413,0
14341,22.45913701712606,0
14342,23.599540133513667,0
14343,23.35983247236466,0
14344,22.602491527052244,0
14345,22.951020362156914,0
14346,23.47073648385455,0
14347,25.381934126305758,0
14348,25.01147713076726,0
14349,25.93365661205511,0
14350,25.302871662774272,0
14351,28.593518881265812,0
14352,26.637371462715635,0
14353,30.05008633806965,0
14354,29.597286245700055,0
14355,29.17429640273323,0
14356,31.510229498279642,0
14357,31.74000432802081,0
14358,31.250279014878284,0
14359,32.457657955373236,0
14360,34.190283258356025,0
14361,32.64746268001329,0
14362,33.217952251973905,0
14363,33.11989525674704,0
14364,32.613038909140855,0
14365,32.86410810208607,0
14366,33.77758521071514,0
14367,32.797549088697416,0
14368,32.50610181232433,0
14369,32.9634671819679,0
14370,31.18632377285243,0
14371,32.28668600735696,0
14372,31.21789132434972,0
14373,30.310253681118848,0
14374,29.53376832035653,0
14375,28.21106179602251,0
14376,26.834205940743676,0
14377,27.016879669637746,0
14378,26.9393622793491,0
14379,25.381592098802336,0
14380,24.540316160750216,0
14381,25.40589360740801,0
14382,23.964249176507604,0
14383,24.746817276239508,0
14384,24.118738072247485,0
14385,22.81759315224233,0
14386,22.91827856713031,0
14387,23.83629865262457,0
14388,22.11705229179429,0
14389,23.698814022456833,0
14390,23.285499198293422,0
14391,23.61845259864753,0
14392,24.70963003555176,0
14393,23.571842578860778,0
14394,22.328835919423327,0
14395,24.864673325105585,0
14396,25.970210030984422,0
14397,25.27551602997453,0
14398,29.674434483789685,0
14399,27.421161379944895,0
14400,27.705486155231558,0
14401,28.792667154401848,0
14402,31.426469730615054,0
14403,29.609628057258156,0
14404,31.992942933233703,0
14405,31.76254605977322,0
14406,29.713489864267235,0
14407,29.203238546007665,0
14408,35.439024420274535,0
14409,31.947978706171547,0
14410,34.603873260394955,0
14411,33.79741400775156,0
14412,35.378360199967005,0
14413,32.484984838686316,0
14414,31.274666314918377,0
14415,31.297859937446294,0
14416,31.19165398551295,0
14417,31.5588974737727,0
14418,32.83807338647698,0
14419,28.791141929405853,0
14420,29.365366813117937,0
14421,31.074929702328546,0
14422,29.17842132567455,0
14423,29.11761121418892,0
14424,27.30132640454323,0
14425,24.799701409187453,0
14426,26.91300704954357,0
14427,25.89367576293813,0
14428,25.605459846398542,0
14429,25.088886025893498,0
14430,24.7330040068641,0
14431,24.052657809729467,0
14432,24.02381344502581,0
14433,22.299836017430486,0
14434,25.067979767313503,0
14435,24.150608351821933,0
14436,22.525963021946062,0
14437,21.93840546739356,0
14438,24.282717452750454,0
14439,24.449274357391054,0
14440,23.010672879654578,0
14441,23.077554493424415,0
14442,24.94636924817848,0
14443,22.802680756702564,0
14444,25.35087172760523,0
14445,25.590675019009907,0
14446,28.436677338905707,0
14447,26.384778094633994,0
14448,28.341601487877092,0
14449,27.844895974887137,0
14450,26.48933360663568,0
14451,31.764239905424134,0
14452,29.15154424319569,0
14453,29.949665311771778,0
14454,32.57521278643865,0
14455,32.34365812806062,0
14456,31.53783131916113,0
14457,32.01540530991552,0
14458,32.66065287818259,0
14459,31.538994386244497,0
14460,32.65286566220692,0
14461,32.67771125850637,0
14462,33.629671949246465,0
14463,33.596194706820334,0
14464,33.99505943428862,0
14465,33.061406747914006,0
14466,32.32955535785253,0
14467,31.254272893666265,0
14468,29.9761847986289,0
14469,29.14324160615621,0
14470,29.47598484250609,0
14471,28.717546985084894,0
14472,27.668921488757622,0
14473,26.151668160405016,0
14474,27.308997839212655,0
14475,25.454748574516035,0
14476,26.433806767727834,0
14477,24.70316192251985,0
14478,26.206452144269594,0
14479,24.23331176913532,0
14480,24.18063432533492,0
14481,22.40531079611219,0
14482,23.63743166587256,0
14483,23.621767123723064,0
14484,22.98634727650049,0
14485,22.47310552019708,0
14486,22.445909520963372,0
14487,25.08498715495463,0
14488,22.156037919376136,0
14489,23.7216501200454,0
14490,23.741394716527637,0
14491,26.15038604200307,0
14492,25.60680499323924,0
14493,25.40553703046183,0
14494,25.03427493699569,0
14495,28.121155531673967,0
14496,29.248000658140697,0
14497,28.347120544388,0
14498,29.77620110707343,0
14499,30.31911623908987,0
14500,31.224499901050883,0
14501,31.223436488901744,0
14502,29.990457475985433,0
14503,32.059715403080034,0
14504,32.401203295887434,0
14505,32.43135504110387,0
14506,33.49400068947229,0
14507,34.05933225792637,0
14508,34.09434079960839,0
14509,33.97182314707122,0
14510,33.03151396737,0
14511,33.23914135282977,0
14512,31.840274972809038,0
14513,31.369590805785073,0
14514,32.32894157687415,0
14515,32.02625658115499,0
14516,30.3795805131002,0
14517,28.996218433575127,0
14518,30.118467510665102,0
14519,28.173511636057942,0
14520,28.17388484513825,0
14521,25.778671178450924,0
14522,26.91783602582443,0
14523,25.487541228483238,0
14524,24.943504398200457,0
14525,25.96391418392565,0
14526,24.525150662831706,0
14527,24.05840062980802,0
14528,24.220920482766704,0
14529,23.831707240747235,0
14530,22.332585291455477,0
14531,22.501543248227726,0
14532,22.747502856273208,0
14533,23.041727378955883,0
14534,23.244007694455497,0
14535,21.341741543770137,0
14536,24.304630523775703,0
14537,25.329704722436112,0
14538,22.478968681106366,0
14539,24.288045102682556,0
14540,25.030981161616694,0
14541,25.30513038954335,0
14542,26.709435005694985,0
14543,25.615209837740114,0
14544,28.040243792105496,0
14545,28.652466713941873,0
14546,27.886845952026352,0
14547,27.79751651923226,0
14548,30.808524630457995,0
14549,30.09678448663483,0
14550,32.87214156031552,0
14551,32.05176813787107,0
14552,31.570768227690195,0
14553,33.90936447815587,0
14554,32.85116884926017,0
14555,32.36921943080408,0
14556,32.46594868993708,0
14557,32.14434295246575,0
14558,32.564986042003675,0
14559,31.83847411798601,0
14560,32.461256791197705,0
14561,32.598444222159884,0
14562,31.37080921093335,0
14563,31.82124823373748,0
14564,29.556086437791315,0
14565,29.06037648098599,0
14566,28.706118749827912,0
14567,28.27778246629027,0
14568,29.226714088603423,0
14569,26.93228496896448,0
14570,25.8595385417606,0
14571,26.631094746775748,0
14572,22.86315674256921,0
14573,25.710212046524877,0
14574,22.57282683721588,0
14575,23.38958888249951,0
14576,23.097080844996782,0
14577,22.338447651669977,0
14578,21.854107703384468,0
14579,24.25988644342233,0
14580,20.22256638648316,0
14581,22.465468152338108,0
14582,22.36452804391908,0
14583,23.607102383625534,0
14584,21.409622835545118,0
14585,24.379493512180655,0
14586,26.344547222023387,0
14587,25.608616604098085,0
14588,26.15133009573099,0
14589,26.175840279841193,0
14590,26.946073222780832,0
14591,27.595721671068794,0
14592,28.302605587367985,0
14593,29.00172866608635,0
14594,28.783094741499774,0
14595,28.03425995417844,0
14596,31.930162210044305,0
14597,32.317673637121395,0
14598,31.344310107673895,0
14599,33.57378552391813,0
14600,30.225954665693976,0
14601,32.59036784064757,0
14602,34.04853399979041,0
14603,32.48131290920235,0
14604,34.00904966517299,0
14605,32.37405058268108,0
14606,35.025102477772116,0
14607,33.90988432345467,0
14608,32.888264788104614,0
14609,30.92936432258111,0
14610,31.20719582207818,0
14611,30.263905095954918,0
14612,29.796217451808456,0
14613,29.9139693341692,0
14614,30.40597551432864,0
14615,27.059299559648075,0
14616,29.10489251723412,0
14617,26.161682148307893,0
14618,24.377005923191053,0
14619,26.898309090622654,0
14620,26.099062625080446,0
14621,24.54150065992289,0
14622,24.203851819194153,0
14623,23.34276155322201,0
14624,23.529053770979473,0
14625,22.579523140911114,0
14626,22.685415045608348,0
14627,22.400413567668537,0
14628,24.7079354265974,0
14629,23.32803344036683,0
14630,21.72300199094346,0
14631,23.20534849520314,0
14632,22.48836387188309,0
14633,24.260501672756554,0
14634,24.760150383680283,0
14635,25.65002098074574,0
14636,24.092695794137185,0
14637,27.19886902798775,0
14638,27.4640063844898,0
14639,27.352909544878067,0
14640,29.812955704795744,0
14641,27.826987537080633,0
14642,30.34402799054344,0
14643,30.705209226475755,0
14644,30.23490555206591,0
14645,31.016199156308943,0
14646,31.11208831014773,0
14647,31.79145240671859,0
14648,32.68082047220013,0
14649,32.90095969165392,0
14650,34.258766892501114,0
14651,32.40232720634861,0
14652,33.6172391167518,0
14653,32.87494904352602,0
14654,33.73418521886704,0
14655,31.89481432338804,0
14656,32.31612126355571,0
14657,32.51736876952782,0
14658,30.329671655256238,0
14659,31.9268549891663,0
14660,30.710615859971853,0
14661,28.961075943969153,0
14662,29.051452728137743,0
14663,27.226202003340443,0
14664,28.591920976294794,0
14665,27.311410672216677,0
14666,25.342613244826076,0
14667,28.004979618303786,0
14668,26.31391846946293,0
14669,25.647428084916292,0
14670,23.358387500972828,0
14671,22.70524479841223,0
14672,24.5629441906408,0
14673,23.831777030946643,0
14674,23.47940015219638,0
14675,21.537314696534462,0
14676,23.38911504012529,0
14677,23.720843904313277,0
14678,24.28292307264682,0
14679,21.490047750503148,0
14680,22.830499653288207,0
14681,24.61360567421917,0
14682,23.209923101624117,0
14683,23.864819459621465,0
14684,26.60804295709203,0
14685,25.694832474018337,0
14686,26.633065808602375,0
14687,26.53744976839789,0
14688,28.339499965776472,0
14689,27.535020647568196,0
14690,27.88774823072978,0
14691,30.20112484181166,0
14692,30.549175046271934,0
14693,31.16825819329376,0
14694,32.138744998533156,0
14695,31.68988317434528,0
14696,32.427603699407186,0
14697,35.50255919291748,0
14698,33.365896606024045,0
14699,32.561863434825526,0
14700,32.67082770027075,0
14701,33.01241790494959,0
14702,33.21110311807441,0
14703,32.23574074567068,0
14704,33.14700520752307,0
14705,32.1581978143363,0
14706,31.435751572443138,0
14707,31.81537320538422,0
14708,29.292768070175,0
14709,28.965643450596353,0
14710,29.87496876114627,0
14711,26.821759309853228,0
14712,27.268797225674245,0
14713,26.68356598609062,0
14714,26.711210805017163,0
14715,24.233086143627084,0
14716,27.691554647791886,0
14717,24.048796873485532,0
14718,24.510194007925445,0
14719,25.413004774530773,0
14720,25.06012454505802,0
14721,23.668370535362993,0
14722,23.995528017707453,0
14723,22.178086129190298,0
14724,22.035418272664106,0
14725,22.0906652698704,0
14726,22.586234440689843,0
14727,23.3120389486741,0
14728,24.786422730574436,0
14729,24.97595555798655,0
14730,24.94946936786402,0
14731,26.322900280431824,0
14732,25.694069502213544,0
14733,26.084724553030807,0
14734,26.842718726318843,0
14735,28.128468427644908,0
14736,27.765273414720888,0
14737,28.81900525761359,0
14738,29.38656461429148,0
14739,29.085290337325542,0
14740,30.03745881393486,0
14741,31.27193765072403,0
14742,31.559529668983778,0
14743,31.16229796211403,0
14744,33.181487774650414,0
14745,34.441425658139096,0
14746,32.80322614961546,0
14747,32.31532297289007,0
14748,32.31628052791939,0
14749,33.440911897624765,0
14750,34.422737628381206,0
14751,32.46180389837218,0
14752,32.226830275829656,0
14753,31.575888698879808,0
14754,31.516872722183926,0
14755,31.55233363895475,0
14756,30.133096225117534,0
14757,30.247634074596586,0
14758,28.251407132748184,0
14759,27.00542437648138,0
14760,28.45222099680733,0
14761,27.052993658366002,0
14762,26.85516830068094,0
14763,26.765463532095765,0
14764,25.864352369633984,0
14765,22.839290589623474,0
14766,26.51895431617955,0
14767,23.886489613312463,0
14768,23.884826963323206,0
14769,22.59883233556116,0
14770,23.133861330222153,0
14771,22.668102525113774,0
14772,23.878093098997546,0
14773,21.826176054117923,0
14774,22.847587605267428,0
14775,23.859118579907935,0
14776,23.94685177868653,0
14777,23.010745297621053,0
14778,24.363030433354034,0
14779,23.428884816065548,0
14780,24.98034592471683,0
14781,26.577633093816434,0
14782,27.18626567854561,0
14783,26.704133737084142,0
14784,29.064318643972836,0
14785,28.809996521612867,0
14786,29.69308635804618,0
14787,29.51445693270288,0
14788,30.104172490512607,0
14789,30.951256308308754,0
14790,31.40550490903232,0
14791,31.196073849171274,0
14792,32.50718341054302,0
14793,31.420091250321153,0
14794,31.034871763405487,0
14795,33.68334727818771,0
14796,31.519362455456875,0
14797,32.13050432326481,0
14798,31.129453939504952,0
14799,34.26184385060418,0
14800,31.170300976976552,0
14801,31.575808051477573,0
14802,31.646251662722577,0
14803,30.95308192499631,0
14804,29.74335737396641,0
14805,30.014322542985607,0
14806,29.053579135670866,0
14807,27.193362076879243,0
14808,28.176996081295542,0
14809,27.33528417682762,0
14810,27.462822758978263,0
14811,26.244350830146306,0
14812,24.3283523329921,0
14813,25.05429946142879,0
14814,23.830730712050666,0
14815,25.50767279332109,0
14816,25.861663640436053,0
14817,22.052123002095563,0
14818,22.540560116773715,0
14819,21.419315318136654,0
14820,23.888292439202086,0
14821,23.508051273375145,0
14822,21.662985678375705,0
14823,23.47990081223312,0
14824,23.809279023675316,0
14825,22.10781260071696,0
14826,24.000375685453083,0
14827,23.7024082410153,0
14828,24.42512659764717,0
14829,25.731784780316847,0
14830,25.54947224045937,0
14831,26.239998259092413,0
14832,28.46404379579193,0
14833,28.775467714450404,0
14834,28.632800655338148,0
14835,30.755393742686095,0
14836,28.65423342677597,0
14837,31.94755496890881,0
14838,30.876046209274126,0
14839,32.006720136216664,0
14840,31.895458937354757,0
14841,32.089490025412246,0
14842,34.62054072670188,0
14843,33.984348761409244,0
14844,30.910180355672352,0
14845,33.376502792051504,0
14846,32.811458753491614,0
14847,32.51480617781233,0
14848,31.16519492573993,0
14849,31.263047210783828,0
14850,29.94830518079391,0
14851,31.734106584328323,0
14852,28.972822520223293,0
14853,30.29648634849817,0
14854,29.63552775825181,0
14855,27.210481495998636,0
14856,28.35218815841831,0
14857,28.28866496399157,0
14858,26.39494647989951,0
14859,24.717801791697426,0
14860,25.047083939016513,0
14861,25.02656311973093,0
14862,22.815327085954596,0
14863,22.695676184358394,0
14864,24.318115679466928,0
14865,22.597000427908615,0
14866,22.725728181114828,0
14867,21.571115927561262,0
14868,22.094251309501914,0
14869,22.046953580560157,0
14870,23.297615839594776,0
14871,22.97222547946812,0
14872,22.667402907775962,0
14873,24.518228813878867,0
14874,24.765247072035272,0
14875,27.729086349781056,0
14876,25.407405423445436,0
14877,25.6060142132422,0
14878,25.294650649503673,0
14879,28.690863656245572,0
14880,26.573979713168857,0
14881,28.313872127841684,0
14882,29.836372099504825,0
14883,29.446718542680735,0
14884,31.233253008841004,0
14885,31.053190564877628,0
14886,32.63976595622178,0
14887,32.01830401452552,0
14888,33.63706021496451,0
14889,32.67910294881795,0
14890,33.08679916718343,0
14891,33.9869319892474,0
14892,34.28198385725336,0
14893,32.29984181226662,0
14894,31.249899585749535,0
14895,33.0953253793329,0
14896,33.65008986386866,0
14897,32.46377523121742,0
14898,31.497921772380586,0
14899,29.63406854933155,0
14900,30.736240036243387,0
14901,29.554897413781188,0
14902,29.402779508397263,0
14903,30.639925204990327,0
14904,27.439858466134705,0
14905,27.763625212185676,0
14906,26.319971628264252,0
14907,26.22662487370146,0
14908,24.590710759276888,0
14909,24.82569315691439,0
14910,24.477684408593454,0
14911,25.855686135412114,0
14912,23.025677398386183,0
14913,22.374928775769934,0
14914,22.923821618079053,0
14915,22.12551177641537,0
14916,22.33083481542708,0
14917,22.288103627820984,0
14918,23.15143003400806,0
14919,22.585104425723188,0
14920,23.757324950220294,0
14921,24.450333136719582,0
14922,24.341163848360175,0
14923,23.627215319146636,0
14924,27.058588086914618,0
14925,25.93901426479961,0
14926,27.083827588659556,0
14927,27.281766421067275,0
14928,28.961127012322656,0
14929,27.9695182939872,0
14930,29.06965639921008,0
14931,28.50727605520112,0
14932,30.493064583337702,0
14933,31.87970621992094,0
14934,31.19261233934603,0
14935,31.996026122018637,0
14936,33.13834997989153,0
14937,33.36938974172943,0
14938,32.872978189430775,0
14939,32.08296856860666,0
14940,32.335093851770324,0
14941,33.33578190844657,0
14942,32.92949388911056,0
14943,33.29639581164402,0
14944,32.8717718211327,0
14945,32.27956984715893,0
14946,30.45488866223239,0
14947,29.356594486409826,0
14948,30.98314972069025,0
14949,28.40798658798684,0
14950,29.458481681620622,0
14951,28.442116682225354,0
14952,29.108160226035597,0
14953,25.71119928179428,0
14954,26.14123472142611,0
14955,26.0884177065669,0
14956,24.846634211776514,0
14957,24.325141392274972,0
14958,24.708558392300638,0
14959,24.11486966309085,0
14960,22.878483169474087,0
14961,24.004628777899587,0
14962,23.724642018729543,0
14963,23.197590875287194,0
14964,22.028723345698467,0
14965,23.898257559650812,0
14966,22.090076632407648,0
14967,23.237679308581182,0
14968,24.362552811111275,0
14969,23.62667821166867,0
14970,25.04050399735375,0
14971,26.420063721389237,0
14972,26.752559856096017,0
14973,25.579542984520415,0
14974,25.360718842741875,0
14975,28.539619195194412,0
14976,28.159190168933726,0
14977,28.839511200555478,0
14978,28.292611438293015,0
14979,31.640264648657247,0
14980,30.886773334366865,0
14981,31.079287467897167,0
14982,32.44318476655297,0
14983,31.293453324171743,0
14984,31.83329719007827,0
14985,31.566901710887088,0
14986,33.804624209198984,0
14987,34.17979717681005,0
14988,33.35948462984035,0
14989,32.77385791001905,0
14990,32.551136323759486,0
14991,32.468733665027244,0
14992,31.248314243602117,0
14993,31.896265996141064,0
14994,31.351821207434806,0
14995,31.065359563578273,0
14996,31.206322742834324,0
14997,28.352783639745173,0
14998,30.19779201354522,0
14999,26.294081038618486,0
15000,27.92614398965173,0
15001,27.48137404749278,0
15002,26.982377785016087,0
15003,26.703126225961782,0
15004,26.08166454281938,0
15005,24.783997163876645,0
15006,24.29974577034003,0
15007,24.757807663473002,0
15008,22.755360081328366,0
15009,25.10145625954011,0
15010,22.918530713991842,0
15011,22.726751353597415,0
15012,24.144935077549,0
15013,23.602761254655658,0
15014,22.738393871540698,0
15015,22.359538348768744,0
15016,23.670629576905228,0
15017,22.81282594351315,0
15018,25.15364718555202,0
15019,23.71339147368388,0
15020,27.032334792449635,0
15021,26.490012008242598,0
15022,27.063139738025967,0
15023,26.594350612769073,0
15024,27.74307854376209,0
15025,30.83567762617619,0
15026,28.59213003299238,0
15027,29.208237290927627,0
15028,29.660112194182908,0
15029,31.226970586379522,0
15030,32.71520263791428,0
15031,31.905656402941307,0
15032,33.365529613474884,0
15033,35.31131359029277,0
15034,32.918339829479905,0
15035,31.73280879630767,0
15036,32.96004487981515,0
15037,33.360306010617535,0
15038,32.58496744467611,0
15039,33.21370523033226,0
15040,32.11183796100773,0
15041,32.59093005431801,0
15042,30.19150791315746,0
15043,30.698311143974713,0
15044,30.67152493056655,0
15045,30.30716934801868,0
15046,29.705243079990446,0
15047,28.699374230875307,0
15048,28.190747522403,0
15049,26.56941844317967,0
15050,27.03804321498153,0
15051,26.514373258795302,0
15052,25.848126957885803,0
15053,24.404626095516285,0
15054,22.733248352597137,0
15055,24.23080104046946,0
15056,24.07441281287356,0
15057,24.465324100359936,0
15058,22.786345499998554,0
15059,22.69286287850768,0
15060,22.576431452752487,0
15061,23.58381928263955,0
15062,21.4164157890195,0
15063,22.598235073128013,0
15064,21.870898517896492,0
15065,25.171637629491645,0
15066,24.86682545891355,0
15067,23.681076534839022,0
15068,24.093628039812426,0
15069,25.456728402398582,0
15070,24.803517524654374,0
15071,26.422685182814888,0
15072,28.656974864039498,0
15073,28.712677923704465,0
15074,29.92178262998812,0
15075,29.68275190501345,0
15076,30.605135562184934,0
15077,29.589395058177356,0
15078,33.11498131311258,0
15079,31.339767273596205,0
15080,31.189121139613533,0
15081,30.889632936968358,0
15082,31.196794487957842,0
15083,34.37184594692628,0
15084,33.64349355626416,0
15085,33.48051676264565,0
15086,33.0427051883035,0
15087,32.37495414696146,0
15088,32.91106257492149,0
15089,31.628759824612597,0
15090,31.368193902996055,0
15091,30.511340673356965,0
15092,31.121130076792927,0
15093,29.452062092650127,0
15094,28.129430494761195,0
15095,30.164752305870795,0
15096,28.64304398627711,0
15097,27.462413756195588,0
15098,26.179109379198337,0
15099,27.081667574396022,0
15100,26.88925900904499,0
15101,23.475039302566785,0
15102,25.629163551703176,0
15103,26.163930266787172,0
15104,23.468982102168635,0
15105,22.736816554541612,0
15106,22.919079325290003,0
15107,23.361424888218014,0
15108,24.23650008319214,0
15109,21.2388389556042,0
15110,22.561970556088784,0
15111,23.31676467402057,0
15112,23.40934913434778,0
15113,23.453755482351184,0
15114,25.024632003933707,0
15115,24.421171032942663,0
15116,25.01818353338491,0
15117,24.899800783971166,0
15118,28.14601214584674,0
15119,25.798131449374345,0
15120,28.85720795228484,0
15121,28.455545513133004,0
15122,29.353267854346683,0
15123,30.258754230440054,0
15124,29.729997511954842,0
15125,30.571434954321283,0
15126,32.25962606934479,0
15127,32.356926644846,0
15128,32.75287326369493,0
15129,33.22937564699325,0
15130,33.47227517264202,0
15131,31.341403285857368,0
15132,32.72305650541031,0
15133,34.06251879469517,0
15134,34.1243885367006,0
15135,32.20225817563423,0
15136,32.616076039654736,0
15137,30.714647389961684,0
15138,33.66857703605412,0
15139,31.957272254772917,0
15140,30.08123467232369,0
15141,31.505422060447916,0
15142,27.834768809218865,0
15143,29.48513155678298,0
15144,28.282051488539576,0
15145,27.18103074920305,0
15146,25.233737130815165,0
15147,27.515106460281327,0
15148,25.65074772409229,0
15149,25.577569001112835,0
15150,23.687736016889016,0
15151,22.63738017313343,0
15152,23.246668065932052,0
15153,23.311381277473295,0
15154,23.6771658903442,0
15155,21.50443939962335,0
15156,22.82735671082488,0
15157,21.485808932423986,0
15158,21.8221512161398,0
15159,22.304253525885116,0
15160,22.269857597483448,0
15161,23.991192853214617,0
15162,24.207066285879577,0
15163,25.578920882096103,0
15164,25.56156530946169,0
15165,27.00545769864184,0
15166,25.93897983221356,0
15167,27.82243304313013,0
15168,28.10796127828429,0
15169,27.474504380012483,0
15170,27.681658301653936,0
15171,29.469874666423156,0
15172,32.140251610516515,0
15173,30.478701625014697,0
15174,30.38054392508687,0
15175,33.2663732818864,0
15176,32.49359513571322,0
15177,32.2034966439132,0
15178,31.854185241509846,0
15179,32.27137479273755,0
15180,33.74551656444908,0
15181,34.8796481176794,0
15182,31.944480282610048,0
15183,30.41005347222052,0
15184,33.6336220868251,0
15185,32.46114881679177,0
15186,30.540277722675462,0
15187,30.22594167679116,0
15188,30.41412038458781,0
15189,28.508272805820106,0
15190,29.186149942959723,0
15191,29.9743323673168,0
15192,28.734099205686885,0
15193,26.803576616807604,0
15194,26.94627774081151,0
15195,24.682076737038646,0
15196,24.213766437257156,0
15197,26.211495547983116,0
15198,25.549573401778407,0
15199,24.74788275523139,0
15200,23.084373369091345,0
15201,23.847626150875037,0
15202,22.630953904917803,0
15203,22.670643209605572,0
15204,24.66876463959839,0
15205,23.438753084238588,0
15206,24.25555480341731,0
15207,22.622008652269002,0
15208,23.81255322716214,0
15209,24.60699262025477,0
15210,25.141549286943356,0
15211,24.74033452738599,0
15212,25.918199465057455,0
15213,28.97835964583023,0
15214,25.894850357604344,0
15215,27.304226589916485,0
15216,28.844544364117578,0
15217,30.084134675041188,0
15218,28.571870717631857,0
15219,30.564528082441626,0
15220,29.75642502373267,0
15221,32.227762800267705,0
15222,32.004024955357174,0
15223,31.157176782064496,0
15224,33.011121599076134,0
15225,32.7613822647017,0
15226,33.80265068868824,0
15227,33.95124854713202,0
15228,33.0196255011266,0
15229,32.56112171588057,0
15230,33.1832580246552,0
15231,32.2942587574758,0
15232,32.59487689990802,0
15233,32.158840652967704,0
15234,32.79829111157857,0
15235,31.950688932185265,0
15236,31.90938573770009,0
15237,30.082723714813145,0
15238,29.454971452136235,0
15239,27.863950680364603,0
15240,29.660982857084157,0
15241,29.51065724178295,0
15242,26.175450598394615,0
15243,25.83712260946566,0
15244,23.320536868529828,0
15245,23.616739193107502,0
15246,25.699999736799597,0
15247,25.233742596421497,0
15248,25.82727104919414,0
15249,22.69132311523119,0
15250,25.08984001911652,0
15251,21.98322309541945,0
15252,22.70324045230611,0
15253,25.508040074342205,0
15254,24.690232651171502,0
15255,23.84479540470496,0
15256,23.253503097289265,0
15257,25.75856831721965,0
15258,22.985384817589157,0
15259,25.466048365291098,0
15260,24.974149634441332,0
15261,25.935358917501066,0
15262,27.009103537199092,0
15263,26.182854955025313,0
15264,26.207797240658888,0
15265,27.893025162743463,0
15266,29.094100921749124,0
15267,30.026669316479566,0
15268,31.394458627556638,0
15269,28.988916981293332,0
15270,31.327592753498486,0
15271,31.86540861211086,0
15272,31.51898168004242,0
15273,33.116583678534596,0
15274,32.01917774428104,0
15275,33.22549263585135,0
15276,34.867975499740986,0
15277,31.275715916819568,0
15278,32.48245911601955,0
15279,33.2953135691396,0
15280,32.316715356481716,0
15281,32.03407134048911,0
15282,33.55200344307982,0
15283,29.395769048791724,0
15284,29.336241730372993,0
15285,28.84195810124059,0
15286,29.001089115617805,0
15287,29.96212671758238,0
15288,26.734207737954346,0
15289,26.983066943311957,0
15290,26.672306160812916,0
15291,26.875420665896794,0
15292,25.89069654119709,0
15293,26.491375193898456,0
15294,23.221605710902974,0
15295,22.444963041019133,0
15296,23.634154921060418,0
15297,22.307037410265618,0
15298,21.355311113702967,0
15299,23.958817171553758,0
15300,22.67265577959741,0
15301,23.15582521756065,0
15302,23.846144693643488,0
15303,23.61782435230352,0
15304,23.42844350135702,0
15305,24.95280851888565,0
15306,25.579775326668543,0
15307,25.78021253747548,0
15308,25.022432174443697,0
15309,25.84064059318298,0
15310,26.334463327179474,0
15311,28.449859790661602,0
15312,29.698049416938773,0
15313,30.352849651685258,0
15314,28.74391226011908,0
15315,30.90931218683202,0
15316,31.54233953784718,0
15317,28.664352522946036,0
15318,31.750857350037624,0
15319,31.63292209452694,0
15320,33.07150425731136,0
15321,33.184220880759845,0
15322,32.14578884557189,0
15323,31.825323215809952,0
15324,34.06396764890716,0
15325,33.75007652576813,0
15326,30.974776438791555,0
15327,31.267537525110416,0
15328,33.09231061992774,0
15329,32.478224490241196,0
15330,30.422307178511836,0
15331,30.16403074869999,0
15332,31.99026313659185,0
15333,30.74734031991176,0
15334,28.604877974124424,0
15335,28.5839073616341,0
15336,27.887569316672298,0
15337,29.088630070914327,0
15338,26.900767380005025,0
15339,26.365920113637028,0
15340,25.341886337775115,0
15341,25.591540262423525,0
15342,24.501896124108523,0
15343,22.885513921993233,0
15344,21.943536980141417,0
15345,21.15232541566125,0
15346,24.69510747373602,0
15347,23.095680913976274,0
15348,21.188539163961064,0
15349,25.807745425561137,0
15350,21.16463964036345,0
15351,20.83321164531653,0
15352,23.98388465804668,0
15353,25.09199095792479,0
15354,24.248912937745388,0
15355,22.98981950013483,0
15356,26.588231529670367,0
15357,25.753483710789503,0
15358,27.135483943028603,0
15359,28.400624986090815,0
15360,29.33147600209544,0
15361,28.55968561459934,0
15362,28.147972581015626,0
15363,30.644616399041332,0
15364,29.178336350807413,0
15365,29.852087556662056,0
15366,33.06293529163187,0
15367,29.612072400157604,0
15368,31.9294665567267,0
15369,34.09062004890897,0
15370,32.401184120070276,0
15371,31.96307274018951,0
15372,32.93977084762205,0
15373,33.959014343622144,0
15374,34.10653632777507,0
15375,33.089043074063234,0
15376,30.595025343172495,0
15377,32.35457210460964,0
15378,31.69236369565541,0
15379,32.47949271111405,0
15380,27.562168773244537,0
15381,29.58347851118941,0
15382,30.15602521288903,0
15383,29.43912977532918,0
15384,25.723385656451086,0
15385,27.624110670198196,0
15386,26.965698774945306,0
15387,24.38393524176515,0
15388,26.130827592221138,0
15389,24.14092990870952,0
15390,24.352847319517046,0
15391,25.280224896896605,0
15392,23.650417301894333,0
15393,24.995458941777322,0
15394,22.452353537578663,0
15395,23.466152058812447,0
15396,22.98823185586652,0
15397,22.321485241677994,0
15398,22.36372425788704,0
15399,23.957177844195048,0
15400,25.09064515620386,0
15401,24.594595692696316,0
15402,24.817110747054574,0
15403,26.630172638775694,0
15404,24.714228849298546,0
15405,24.616768483541758,0
15406,27.25643099811756,0
15407,27.386097579061122,0
15408,25.301823317185878,0
15409,26.87574838801004,0
15410,30.316436857142634,0
15411,32.033810517725236,0
15412,31.266882020476952,0
15413,32.248056709664205,0
15414,30.788907524532874,0
15415,32.061078762638964,0
15416,31.940482733764902,0
15417,31.5772186229559,0
15418,32.378914389824224,0
15419,33.479656254646585,0
15420,34.1205532011832,0
15421,32.77707126188166,0
15422,33.69793386121021,0
15423,32.52493812611774,0
15424,30.678133851788008,0
15425,32.40011061471125,0
15426,31.877354031541778,0
15427,29.808577683625767,0
15428,32.10602150305433,0
15429,32.7439316149803,0
15430,30.049279557040812,0
15431,27.069512044083133,0
15432,26.15344210195533,0
15433,26.734686860472042,0
15434,27.468494822134765,0
15435,26.420402740564118,0
15436,24.077979634857606,0
15437,24.524473007254333,0
15438,25.235749132339837,0
15439,22.705393734927647,0
15440,23.739651800992917,0
15441,22.536806130101738,0
15442,22.946670207758736,0
15443,24.270593278478216,0
15444,22.649656094495096,0
15445,24.210755089542435,0
15446,21.13808038938823,0
15447,24.238011793718243,0
15448,23.060544650091618,0
15449,24.582823317911174,0
15450,24.387731059156135,0
15451,26.33013947523577,0
15452,24.3799907867026,0
15453,23.95813460751219,0
15454,25.969355140341225,0
15455,27.54044240449898,0
15456,27.85086209211635,0
15457,28.014520055399714,0
15458,28.19092895172454,0
15459,28.96737689232254,0
15460,30.398086743866493,0
15461,29.926464257395253,0
15462,33.18152978778687,0
15463,31.123120974422147,0
15464,32.96020458645515,0
15465,32.76909402025992,0
15466,34.158406039338566,0
15467,33.445307822921066,0
15468,33.11859120493193,0
15469,33.89803977931845,0
15470,31.28283825188691,0
15471,31.319440483249874,0
15472,33.359085478057466,0
15473,32.65450127530078,0
15474,30.253815940922067,0
15475,28.695679157594117,0
15476,30.952154028978057,0
15477,31.121644118356038,0
15478,30.356125438769165,0
15479,29.32743985492012,0
15480,26.997898716462515,0
15481,27.666976148931028,0
15482,26.4436223381274,0
15483,26.247654982916494,0
15484,25.39175444112499,0
15485,25.408308734339663,0
15486,24.021971841893652,0
15487,22.706904689090322,0
15488,24.62225470967715,0
15489,25.815193791544832,0
15490,23.58410910153819,0
15491,22.675901638172096,0
15492,22.728169338035062,0
15493,24.578280305208335,0
15494,22.472508776822654,0
15495,23.55850512045253,0
15496,24.787382586287556,0
15497,25.199073196372936,0
15498,24.040782743500372,0
15499,23.697725619458314,0
15500,26.14840713412075,0
15501,24.54550330709857,0
15502,26.814829733412786,0
15503,27.63111205704413,0
15504,28.208351960233834,0
15505,27.516667393095656,0
15506,30.1948276711269,0
15507,30.68117367580694,0
15508,28.908154314945023,0
15509,32.04657837765748,0
15510,30.490171633294118,0
15511,32.08970938641559,0
15512,33.05495506698773,0
15513,32.670633652455614,0
15514,32.85263163910234,0
15515,33.025168632987146,0
15516,33.35087889265233,0
15517,33.11216089235858,0
15518,33.89859454528857,0
15519,31.13281587334667,0
15520,32.42480267876844,0
15521,33.428163693173396,0
15522,29.045924439696773,0
15523,30.974533006715685,0
15524,30.096126735990826,0
15525,28.617747545670152,0
15526,29.397105607921215,0
15527,27.928087902816507,0
15528,25.964144525020487,0
15529,27.43052788012999,0
15530,28.10981294072819,0
15531,26.412477702241087,0
15532,25.47023745593113,0
15533,23.988917076065356,0
15534,24.528116775467304,0
15535,24.10635880338781,0
15536,24.07260121604351,0
15537,22.23472664306674,0
15538,23.484897489596968,0
15539,23.534510180178064,0
15540,23.21933447147031,0
15541,22.05033346932665,0
15542,23.961638446549017,0
15543,24.15014654623119,0
15544,24.613761176929536,0
15545,25.268618672434485,0
15546,24.888284837516615,0
15547,24.526964272504895,0
15548,25.798214989887796,0
15549,25.45284374391098,0
15550,26.91030228306223,0
15551,27.016298502275887,0
15552,29.33404626749421,0
15553,27.117960512663263,0
15554,28.016448145096625,0
15555,30.042139330648457,0
15556,30.60845351502844,0
15557,31.572057579010146,0
15558,31.709934954580948,0
15559,31.349649535744998,0
15560,33.11116639880152,0
15561,32.97207438545575,0
15562,32.15811931751992,0
15563,31.2800171637525,0
15564,33.615522976626764,0
15565,32.27092648717975,0
15566,32.26907597688282,0
15567,32.35948445022803,0
15568,32.393662018514505,0
15569,30.28565266875262,0
15570,31.69851992611474,0
15571,29.95915901662334,0
15572,29.352368297502576,0
15573,30.084826838044304,0
15574,30.837072497070643,0
15575,28.811863824142844,0
15576,28.38504381030873,0
15577,27.810998960425017,0
15578,26.630009003417722,0
15579,25.438076599944957,0
15580,24.99785258922651,0
15581,24.872124863159506,0
15582,25.450527813386092,0
15583,25.899142084741136,0
15584,25.23446536388188,0
15585,21.654521192676075,0
15586,22.281152633386696,0
15587,23.42660499805567,0
15588,24.025801224941326,0
15589,23.565557313217255,0
15590,23.100188755398587,0
15591,24.618805401071228,0
15592,24.92488881108473,0
15593,24.480095212768436,0
15594,23.377681937261233,0
15595,24.522549700763847,0
15596,23.777349887415266,0
15597,27.092126276238144,0
15598,24.886974869140882,0
15599,27.184859323689025,0
15600,26.382141113537635,0
15601,28.947422032198112,0
15602,29.37948997178074,0
15603,29.55646121203036,0
15604,30.10638897293332,0
15605,30.25156075968629,0
15606,32.33043172064506,0
15607,30.37837887417779,0
15608,34.59651749967013,0
15609,34.80766592872941,0
15610,32.66125351510927,0
15611,32.947344028883236,0
15612,33.2531445424397,0
15613,34.528922197568576,0
15614,32.883409147085615,0
15615,31.037359325057878,0
15616,32.541107993914125,0
15617,32.2076171962196,0
15618,31.769206393697143,0
15619,30.069787041119923,0
15620,28.785564358835973,0
15621,29.101027032908593,0
15622,30.688118259431256,0
15623,27.443311463505236,0
15624,28.152787784543463,0
15625,27.794661134335595,0
15626,28.304797664412607,0
15627,26.961258587678447,0
15628,26.857295211050797,0
15629,26.06552113870363,0
15630,23.803161880992658,0
15631,24.628933413002343,0
15632,22.42420867101581,0
15633,25.63880734745038,0
15634,24.255659979932354,0
15635,21.62177580140682,0
15636,22.069914269805004,0
15637,23.69620107594218,0
15638,22.252339553932142,0
15639,23.6187801337539,0
15640,24.359549908166333,0
15641,23.886078475954996,0
15642,22.213426751254893,0
15643,23.215932708193183,0
15644,26.191807744398375,0
15645,25.38890008117896,0
15646,26.69864264860332,0
15647,27.669936663618827,0
15648,26.724501978603126,0
15649,28.999229413572504,0
15650,27.355970894485676,0
15651,29.617432579318276,0
15652,31.081725867684984,0
15653,32.995938494046335,0
15654,32.84959842344515,0
15655,33.94165067823636,0
15656,33.62968408025493,0
15657,33.44590722925371,0
15658,33.10240513889783,0
15659,34.686082987689275,0
15660,31.98029900428476,0
15661,32.0688339307855,0
15662,31.8353131439696,0
15663,31.42168700659394,0
15664,31.273496877137944,0
15665,32.184295392780406,0
15666,30.038817252986124,0
15667,30.7903458377115,0
15668,30.23588787018054,0
15669,30.045404207998672,0
15670,28.787730928880855,0
15671,27.917578438950795,0
15672,27.709193354556987,0
15673,28.088373014452653,0
15674,26.937002922605288,0
15675,26.144882970812347,0
15676,25.14337930505139,0
15677,26.131327885842417,0
15678,23.019608130055236,0
15679,21.795912706895514,0
15680,21.858259344945314,0
15681,24.541210192480584,0
15682,23.229278753193018,0
15683,21.80069923296389,0
15684,23.646239931525425,0
15685,23.526602157585046,0
15686,23.619187024520546,0
15687,23.39896158279181,0
15688,23.403736485509064,0
15689,25.40798408665736,0
15690,24.758344466544905,0
15691,24.9676351829303,0
15692,24.766960171433908,0
15693,26.220480723523043,0
15694,27.2572568678857,0
15695,25.8557678665941,0
15696,28.433863299506896,0
15697,28.26562463364482,0
15698,28.37016349022563,0
15699,30.450239032086074,0
15700,32.747563376098334,0
15701,29.92831445047414,0
15702,30.931633183035228,0
15703,30.099444941105972,0
15704,33.28531453955386,0
15705,33.280961941346696,0
15706,32.027862922370694,0
15707,34.4464345051018,0
15708,33.84100031892289,0
15709,32.879408739366816,0
15710,33.27123694849704,0
15711,32.9071559192494,0
15712,33.65187315329897,0
15713,29.9709946485952,0
15714,32.90945340634768,0
15715,29.562251076640543,0
15716,32.019698972978894,0
15717,30.46847430835546,0
15718,29.44211705523567,0
15719,27.83859835268544,0
15720,27.776142724990848,0
15721,27.84557382838544,0
15722,27.50137959096488,0
15723,27.68153398726415,0
15724,24.977699634750067,0
15725,24.390648214325005,0
15726,24.106393247326316,0
15727,23.69153065394063,0
15728,23.87205933616251,0
15729,22.74231381479762,0
15730,23.586893696812787,0
15731,21.7384513614153,0
15732,22.45255576454001,0
15733,23.548026438264884,0
15734,21.742727635691228,0
15735,22.58882136603466,0
15736,24.115719898849985,0
15737,23.990089816592878,0
15738,24.075947568011834,0
15739,26.649355576213637,0
15740,25.324632071994674,0
15741,27.162733135160874,0
15742,26.863051931138823,0
15743,26.529719910737743,0
15744,27.580489250834145,0
15745,29.042480993134255,0
15746,29.8861402383729,0
15747,28.840892888394254,0
15748,30.14766536393362,0
15749,32.312621280365384,0
15750,31.824355988014013,0
15751,30.504155678445933,0
15752,32.210484047207,0
15753,32.791655736558006,0
15754,31.91009592554255,0
15755,31.737448944299835,0
15756,33.3635430546632,0
15757,32.744755256021215,0
15758,34.72076291724836,0
15759,31.519417899582418,0
15760,32.52080350716826,0
15761,32.37439890329477,0
15762,30.32580875080008,0
15763,31.551303880239455,0
15764,29.759861553371216,0
15765,30.802931808066994,0
15766,27.708490126315365,0
15767,28.2793590632789,0
15768,28.126438325038574,0
15769,28.061855888108777,0
15770,25.662349330567505,0
15771,24.482705819206252,0
15772,26.151583248741236,0
15773,24.51201034115141,0
15774,25.18983548556621,0
15775,22.650737993042974,0
15776,22.75642109582624,0
15777,22.386361955995824,0
15778,22.295442527934632,0
15779,23.52155651699209,0
15780,22.12404622597986,0
15781,23.65213807754947,0
15782,22.309961511567096,0
15783,22.093708495777022,0
15784,23.970496312754126,0
15785,24.40941463676542,0
15786,26.493233161732867,0
15787,22.355217053660265,0
15788,24.659364406790523,0
15789,26.396704102809196,0
15790,26.417816584094194,0
15791,29.103743823345912,0
15792,27.518298206415672,0
15793,28.901522417546474,0
15794,28.757186457163797,0
15795,27.7484906889669,0
15796,27.739946567543733,0
15797,29.35943362823062,0
15798,29.06638003792157,0
15799,32.549052888490436,0
15800,32.219645742687675,0
15801,30.653730580323145,0
15802,33.06946301859999,0
15803,34.21522592391395,0
15804,32.26072305073833,0
15805,31.692989882595796,0
15806,32.02903320350061,0
15807,32.61577853688166,0
15808,33.52609968911643,0
15809,32.53233892294152,0
15810,31.985250484944583,0
15811,31.13924297810773,0
15812,29.845768122407872,0
15813,28.156791369482267,0
15814,29.644654634523437,0
15815,28.974382664444512,0
15816,27.245811403508355,0
15817,27.15020106337612,0
15818,25.71040295737971,0
15819,25.061394086314376,0
15820,26.131707378137754,0
15821,24.252756114368324,0
15822,24.476457790200307,0
15823,23.53344332312872,0
15824,23.296805097136378,0
15825,24.545470826955018,0
15826,21.128081281428518,0
15827,22.468926154515263,0
15828,25.18824684071476,0
15829,23.357083741222535,0
15830,23.38955757188832,0
15831,24.111789723379573,0
15832,24.815553534152716,0
15833,24.43963250815243,0
15834,23.82577983924006,0
15835,24.70728484055073,0
15836,27.19223397725728,0
15837,25.4154254119617,0
15838,25.039923867631536,0
15839,27.47965190405255,0
15840,28.41366661769246,0
15841,29.107710389234207,0
15842,29.451470542568746,0
15843,29.09620171304512,0
15844,31.789679792665336,0
15845,32.94922005473158,0
15846,30.568592451918725,0
15847,33.70359983231083,0
15848,32.889580388112094,0
15849,31.42910396057675,0
15850,32.87595377074943,0
15851,33.14463914675523,0
15852,33.708349494511644,0
15853,33.44267565979088,0
15854,33.72359483690369,0
15855,32.9494938386873,0
15856,33.57730805792422,0
15857,31.787081440800023,0
15858,32.275933723233805,0
15859,29.53065700797941,0
15860,30.4222272151455,0
15861,31.91586546624834,0
15862,28.216608784970553,0
15863,31.591099060826977,0
15864,30.466109391324427,0
15865,27.301504866679085,0
15866,25.0534895384407,0
15867,26.42355935935466,0
15868,23.95204643758866,0
15869,26.028150653151894,0
15870,23.377630890483612,0
15871,23.819027654686085,0
15872,21.86298961835566,0
15873,23.070670810520557,0
15874,23.102719119922508,0
15875,23.53849230373107,0
15876,24.084706668680326,0
15877,24.658199183755194,0
15878,23.32575713578809,0
15879,22.514047203150028,0
15880,24.583494274555388,0
15881,22.641470118916086,0
15882,25.547081506551407,0
15883,24.02559674295308,0
15884,25.245867188112566,0
15885,25.134042422475467,0
15886,25.220421248736933,0
15887,26.682165113972147,0
15888,28.220945976303653,0
15889,27.278224211243508,0
15890,30.49337364043478,0
15891,29.41975035234281,0
15892,30.30471705025724,0
15893,30.604028940349327,0
15894,31.54702545649054,0
15895,32.26697757135186,0
15896,32.751586413707685,0
15897,32.37102401385767,0
15898,35.11421968847749,0
15899,34.00791597288998,0
15900,33.614440126605636,0
15901,32.81615960965261,0
15902,32.49943356210316,0
15903,34.115259426991045,0
15904,31.00358968339776,0
15905,31.39201913840381,0
15906,31.055439920513205,0
15907,31.99410774007575,0
15908,31.245767492062132,0
15909,31.171334744152357,0
15910,28.71865189494123,0
15911,29.213233406804143,0
15912,28.293281321897176,0
15913,27.51908226173318,0
15914,27.323950785261598,0
15915,27.212885517993936,0
15916,26.026200913000025,0
15917,25.705560815333772,0
15918,23.379648071164095,0
15919,24.270454432904156,0
15920,22.95157462779404,0
15921,23.258573240478782,0
15922,23.96071667258931,0
15923,20.272269201004228,0
15924,22.2958889281552,0
15925,24.10987477007566,0
15926,24.159955113214668,0
15927,21.992905310982437,0
15928,22.931435694109926,0
15929,22.426690438935587,0
15930,25.66418120564626,0
15931,24.667687834379286,0
15932,25.37591998315949,0
15933,24.637096483615217,0
15934,26.42120676470259,0
15935,26.83743182018915,0
15936,25.231183243764345,0
15937,27.127123521742583,0
15938,26.312382451657285,0
15939,29.567751315681335,0
15940,30.079691567490492,0
15941,32.51379227157574,0
15942,29.080784984493604,0
15943,33.26906861442009,0
15944,32.71946663229633,0
15945,33.336969685816,0
15946,32.649289943893365,0
15947,32.337967258133176,0
15948,34.40303036494617,0
15949,31.265321602830273,0
15950,34.04919841773926,0
15951,33.65131988752913,0
15952,32.83675610294195,0
15953,31.729190863404096,0
15954,32.300140154039504,0
15955,31.42545599023007,0
15956,29.065223484539604,0
15957,30.19466047989445,0
15958,29.32626358455065,0
15959,29.126687752645047,0
15960,28.949787828602496,0
15961,28.378193311857615,0
15962,27.20111717308764,0
15963,25.92649581414953,0
15964,25.438903857228535,0
15965,24.444988760369025,0
15966,23.217043182381957,0
15967,24.66715559684903,0
15968,24.069534888982083,0
15969,23.81010607054798,0
15970,23.73494368100739,0
15971,23.23405331973635,0
15972,22.266473326381593,0
15973,22.645484290585657,0
15974,23.316907267312722,0
15975,25.04530364613573,0
15976,24.367283651594672,0
15977,24.444363929530244,0
15978,24.545123634119946,0
15979,25.067470866645657,0
15980,25.467853499861075,0
15981,25.129422615923882,0
15982,29.058971747009817,0
15983,26.09976883377123,0
15984,28.1964614092043,0
15985,27.94914294854472,0
15986,28.413674616172447,0
15987,31.939318132977725,0
15988,30.833400898327604,0
15989,29.174165520423433,0
15990,32.616972748722034,0
15991,34.477788433678626,0
15992,33.0351902762805,0
15993,30.932476593105584,0
15994,33.64944410383141,0
15995,32.64368402112273,0
15996,33.7766656653605,0
15997,33.933219874942736,0
15998,32.86078218784621,0
15999,31.318006259147754,0
16000,32.333009635895905,0
16001,31.10206224903679,0
16002,32.60218232251249,0
16003,31.185327896752018,0
16004,30.14828497627112,0
16005,28.163933914768098,0
16006,27.579712476665495,0
16007,28.817336944770556,0
16008,28.671519518311275,0
16009,27.841185385707146,0
16010,28.690617882945176,0
16011,26.838731120463,0
16012,24.144007793429523,0
16013,26.9589464996442,0
16014,25.848291833896482,0
16015,23.518125489705817,0
16016,23.244807032096542,0
16017,25.362256818048934,0
16018,24.25259634048176,0
16019,24.167170619108344,0
16020,21.92213025719143,0
16021,22.733299647997416,0
16022,22.176724352726197,0
16023,22.727580540318634,0
16024,23.098571063220735,0
16025,24.679158373893536,0
16026,25.221638416014645,0
16027,24.414461346489226,0
16028,27.4603278418159,0
16029,26.13742288986798,0
16030,26.512792069403307,0
16031,27.99552072113705,0
16032,25.985662512937864,0
16033,28.837959741041715,0
16034,29.67777494948356,0
16035,29.295470521727978,0
16036,31.31816712297699,0
16037,31.82956572375146,0
16038,32.52022726492119,0
16039,32.93787823686066,0
16040,33.962205979273385,0
16041,33.21798181411428,0
16042,32.288873427897705,0
16043,33.007952420436865,0
16044,33.42824255897241,0
16045,32.630453029208645,0
16046,34.254455239164514,0
16047,34.25427335444521,0
16048,31.356458459292988,0
16049,31.590177916358023,0
16050,31.639169209707937,0
16051,30.94447121329006,0
16052,29.170735863803635,0
16053,30.99871246576545,0
16054,30.49441207308011,0
16055,29.73127713755651,0
16056,26.17167364907616,0
16057,27.45508946280185,0
16058,24.836541413577862,0
16059,26.159006515283334,0
16060,27.07435217311582,0
16061,25.023173677399146,0
16062,23.48723507506883,0
16063,22.913964085843293,0
16064,24.37578472319489,0
16065,24.74567519553981,0
16066,23.456558044359486,0
16067,23.551662799690835,0
16068,23.833673828460295,0
16069,23.28193159045491,0
16070,22.9006266245236,0
16071,24.19902483926256,0
16072,25.175064691644494,0
16073,23.629260590007128,0
16074,25.597653401113856,0
16075,23.685328168374546,0
16076,23.938493328970033,0
16077,26.20769415569924,0
16078,27.8308852964078,0
16079,27.134847844615834,0
16080,28.349293368651917,0
16081,29.40915573014803,0
16082,29.49564720418283,0
16083,30.56699505217902,0
16084,31.464544444567917,0
16085,31.764736530568825,0
16086,29.92176755419208,0
16087,31.575639668210734,0
16088,32.2848649213349,0
16089,34.4027626464846,0
16090,33.2389148303117,0
16091,33.794450747767435,0
16092,33.83269701314927,0
16093,32.708442256265286,0
16094,33.69138344128316,0
16095,33.5346197646159,0
16096,33.33404659916038,0
16097,30.038430780233107,0
16098,32.640058899709814,0
16099,31.15547541915062,0
16100,29.74475981902831,0
16101,29.973279735040997,0
16102,29.840798660917216,0
16103,28.98765234266337,0
16104,28.412756133102384,0
16105,25.709893887155175,0
16106,26.088301332660293,0
16107,27.68718471103633,0
16108,26.266930068513357,0
16109,25.309352463660623,0
16110,23.149012069630093,0
16111,24.125128545521726,0
16112,24.720591392831523,0
16113,23.759213625811824,0
16114,22.698638186258542,0
16115,23.331086613681624,0
16116,23.581604750578478,0
16117,22.17081274553756,0
16118,22.22785340773416,0
16119,24.77591134496026,0
16120,23.162222227361667,0
16121,24.459062607827637,0
16122,22.72408240149086,0
16123,26.158647419555844,0
16124,24.802544821154992,0
16125,25.699438142280403,0
16126,26.698615441237745,0
16127,26.66969577868134,0
16128,28.876147815960397,0
16129,29.570567804004686,0
16130,28.904852516837032,0
16131,30.301613233036175,0
16132,30.256824461524246,0
16133,32.58760457164652,0
16134,31.494540083305402,0
16135,33.36589717656056,0
16136,32.59983056983988,0
16137,33.764868981626606,0
16138,33.72998619505233,0
16139,33.86918381932954,0
16140,32.906291998223665,0
16141,32.71931349309857,0
16142,30.968458571662318,0
16143,33.01339218674657,0
16144,32.90594917997313,0
16145,30.666211262631755,0
16146,29.552300409718608,0
16147,31.05754270685794,0
16148,29.740853616615134,0
16149,30.42318768174555,0
16150,32.48595169812591,0
16151,28.620581397704186,0
16152,28.86794679031047,0
16153,28.22328690518801,0
16154,25.817712443436935,0
16155,25.016726685018245,0
16156,25.121374640656676,0
16157,26.436038634887836,0
16158,24.628323291868867,0
16159,26.544255241086454,0
16160,24.418317534606633,0
16161,23.643652446346906,0
16162,22.303160240322107,0
16163,24.11440054064685,0
16164,20.70154642947792,0
16165,23.003558009400074,0
16166,23.251619708980567,0
16167,25.554182315106235,0
16168,25.189633430607973,0
16169,24.164458004791026,0
16170,23.98357129992155,0
16171,26.079967765006394,0
16172,25.623829453321108,0
16173,25.822051134143372,0
16174,29.34748626523925,0
16175,26.39056333918193,0
16176,28.851878032628836,0
16177,28.600358626407846,0
16178,30.999975338848376,0
16179,28.325949797161083,0
16180,28.91637889488855,0
16181,30.38763422899695,0
16182,30.746705099234248,0
16183,32.03832219868617,0
16184,31.13495618849364,0
16185,32.87701066952027,0
16186,32.16015274718384,0
16187,32.97736243966713,0
16188,34.99068781784109,0
16189,32.07603760591356,0
16190,32.86206329583054,0
16191,32.113077302690236,0
16192,33.01395368145752,0
16193,32.39234688572968,0
16194,31.472154213664712,0
16195,29.901421023448993,0
16196,30.83186384956702,0
16197,30.195897959444963,0
16198,29.443455835579027,0
16199,29.194613771177572,0
16200,30.3985994464109,0
16201,25.809618194567243,0
16202,25.630550631524347,0
16203,23.73038765570815,0
16204,25.010565880522645,0
16205,24.55224731314958,0
16206,22.42552913155255,0
16207,24.600348901226763,0
16208,23.06797949823149,0
16209,25.151829499981705,0
16210,22.774404157584694,0
16211,23.330929167839535,0
16212,22.725734854119477,0
16213,21.61421681491898,0
16214,24.62972243919864,0
16215,24.14463720344307,0
16216,22.318518795745863,0
16217,23.50081303908123,0
16218,26.228350181125464,0
16219,23.345241456663647,0
16220,24.199920279927458,0
16221,25.126198610358077,0
16222,25.73793889617052,0
16223,26.392430648599372,0
16224,28.478637773250576,0
16225,28.163040604354592,0
16226,28.09630819495563,0
16227,29.30336582899776,0
16228,32.48487426146535,0
16229,32.89261890487983,0
16230,31.51079101088481,0
16231,31.569131427030232,0
16232,32.4897077396381,0
16233,30.80995153290738,0
16234,32.468575445240205,0
16235,31.644669279312133,0
16236,33.512097545133386,0
16237,31.93662315625229,0
16238,32.58723658614455,0
16239,32.38718754385348,0
16240,32.25248201482711,0
16241,32.29354152251725,0
16242,33.46868483374154,0
16243,30.241994807673183,0
16244,30.369561081469545,0
16245,30.658511939423626,0
16246,29.59270182519082,0
16247,29.537107391515715,0
16248,28.989107037965507,0
16249,26.100499171066886,0
16250,27.243245509880445,0
16251,25.741112204640626,0
16252,25.92865875207659,0
16253,26.281577842004076,0
16254,24.9394199706784,0
16255,25.029003765132668,0
16256,22.005912355728984,0
16257,23.87205421503169,0
16258,23.04878301284628,0
16259,23.178238138457118,0
16260,22.70613783276965,0
16261,23.576002029393145,0
16262,22.949059886940898,0
16263,21.69216174713446,0
16264,23.433828526965765,0
16265,23.470449521188886,0
16266,23.944219973124287,0
16267,25.254103074765116,0
16268,26.89249601059358,0
16269,26.235560751075003,0
16270,29.966485568267732,0
16271,28.77667041417578,0
16272,27.611963088704577,0
16273,27.91591374001686,0
16274,31.02745168628725,0
16275,31.269122670574912,0
16276,31.956579436323043,0
16277,32.68691797472792,0
16278,32.73901982875369,0
16279,31.41336977831991,0
16280,31.73790448159028,0
16281,32.063742728641316,0
16282,32.23438756807355,0
16283,32.112991382357635,0
16284,31.58142549613919,0
16285,30.831648131859232,0
16286,32.57971669256667,0
16287,33.003804884544614,0
16288,34.08919810817211,0
16289,33.21570136351377,0
16290,30.415768704933274,0
16291,30.82605676451464,0
16292,30.861705600514984,0
16293,29.355800145883,0
16294,27.48210930878189,0
16295,28.949673189214213,0
16296,28.068354165679796,0
16297,27.53490523243393,0
16298,27.00517704564929,0
16299,25.185466585320246,0
16300,25.985469682257783,0
16301,25.367670288280156,0
16302,24.211584552108917,0
16303,23.130394474603115,0
16304,22.579548232463324,0
16305,23.866360979708006,0
16306,23.372715756579307,0
16307,21.686843976025674,0
16308,23.089014964696055,0
16309,23.46195196846929,0
16310,21.078887816614408,0
16311,23.581344380870686,0
16312,23.711019616279348,0
16313,21.925217016282936,0
16314,24.734630065198864,0
16315,24.809189490945453,0
16316,25.24840421550624,0
16317,24.885177861957622,0
16318,26.229770778287087,0
16319,27.741028933481353,0
16320,28.162464881766226,0
16321,27.118002767189054,0
16322,29.488519358219857,0
16323,29.55292302036797,0
16324,31.778593029376708,0
16325,32.92607403665211,0
16326,29.63726785132534,0
16327,33.09595503482283,0
16328,33.04851472852254,0
16329,33.537822935438655,0
16330,34.185216699525874,0
16331,31.994454947828675,0
16332,35.36798882217043,0
16333,35.76311862493376,0
16334,31.70345486208219,0
16335,34.50655096356801,0
16336,33.02293699889978,0
16337,33.68112176559078,0
16338,32.731481283777974,0
16339,31.30942728765039,0
16340,30.86159850995186,0
16341,29.697196421080992,0
16342,29.113681878341673,0
16343,28.425833820967107,0
16344,27.83900572254743,0
16345,28.905898319966337,0
16346,27.83132443409163,0
16347,24.447150099953888,0
16348,24.7188995513166,0
16349,27.24302086875877,0
16350,24.927658964654043,0
16351,24.03179525365043,0
16352,24.208887345393993,0
16353,23.12747052691954,0
16354,24.36424256731419,0
16355,23.306020525207597,0
16356,23.23393748523857,0
16357,23.32634589801314,0
16358,24.318454799597863,0
16359,23.948942585504323,0
16360,22.149451919590874,0
16361,24.191243826517418,0
16362,22.51392758499695,0
16363,25.91652269094732,0
16364,25.32660531498118,0
16365,24.18173729671426,0
16366,26.17132289529711,0
16367,27.975984464656598,0
16368,27.353528548835563,0
16369,28.41778995619301,0
16370,30.13180834444876,0
16371,32.11330472116766,0
16372,30.81750882565038,0
16373,32.384636603042885,0
16374,31.032654841831246,0
16375,32.02223964930791,0
16376,31.971905287639913,0
16377,32.76868419010852,0
16378,35.27173619017846,0
16379,32.54278981407457,0
16380,33.79648816596511,0
16381,33.634319807925785,0
16382,32.752974160245095,0
16383,31.313355708916017,0
16384,31.330581875245194,0
16385,31.748228762606434,0
16386,33.289318578572484,0
16387,32.10276398698879,0
16388,30.058949140984033,0
16389,29.830272261924243,0
16390,27.595938971851,0
16391,27.813264770710116,0
16392,28.489002459405526,0
16393,26.592403491294,0
16394,26.402506040324088,0
16395,26.580342771907073,0
16396,26.291353070823487,0
16397,27.126494733914015,0
16398,24.616174430163625,0
16399,23.390631417028793,0
16400,24.08602039952463,0
16401,24.98794472077474,0
16402,23.64498071364448,0
16403,23.63510872640837,0
16404,22.415828792551206,0
16405,22.968637308158275,0
16406,23.882494339939626,0
16407,22.487808801370335,0
16408,24.012143697824353,0
16409,25.79426060147937,0
16410,24.930651460077218,0
16411,24.787054712643492,0
16412,25.483121340043443,0
16413,27.53959738085344,0
16414,26.397328436344175,0
16415,25.78146048068036,0
16416,26.451080915251257,0
16417,29.79137737648379,0
16418,30.245555284149955,0
16419,30.623946407396016,0
16420,31.459632995520703,0
16421,31.44149484321072,0
16422,32.18352993664815,0
16423,31.444266733776118,0
16424,31.369308953665225,0
16425,34.11131542916885,0
16426,31.605720314725758,0
16427,34.788063635990156,0
16428,34.11178938161002,0
16429,33.95295301298961,0
16430,34.09279168260933,0
16431,31.499663372935853,0
16432,31.77139487972971,0
16433,31.689993557886638,0
16434,33.01223614513952,0
16435,30.715687731439534,0
16436,30.838516125269326,0
16437,29.857500096712226,0
16438,29.18865055571607,0
16439,27.352318666596034,0
16440,28.404247144069373,0
16441,27.6945293879436,0
16442,26.70646026816245,0
16443,26.11444062510003,0
16444,26.219568985997554,0
16445,24.83512722597752,0
16446,25.24295366639874,0
16447,23.765726489588044,0
16448,24.01066167172721,0
16449,22.25271632713622,0
16450,22.826054032164556,0
16451,23.376528414600035,0
16452,22.76781799516804,0
16453,22.66189218159668,0
16454,22.977346052674857,0
16455,22.701499954295656,0
16456,24.003034841031255,0
16457,25.11334332882382,0
16458,25.847204291906337,0
16459,24.832857905104014,0
16460,24.788503019184876,0
16461,25.583746155347118,0
16462,26.68959609670034,0
16463,27.631547636192195,0
16464,27.93084834639519,0
16465,29.358893597278527,0
16466,28.880290722446695,0
16467,30.179643928785126,0
16468,30.424072339268726,0
16469,30.015703523288135,0
16470,30.45602570543031,0
16471,33.363235908899775,0
16472,33.658849408252614,0
16473,34.025510097498504,0
16474,34.902587604894364,0
16475,34.15252258797457,0
16476,34.54744481091171,0
16477,32.30233785161959,0
16478,32.93369953434606,0
16479,32.04191879228082,0
16480,32.89710201632955,0
16481,29.957849997719414,0
16482,30.997249575468956,0
16483,31.189991796811604,0
16484,28.621618796414865,0
16485,31.246089895370336,0
16486,28.293255538683603,0
16487,28.99104596908596,0
16488,26.74592236903683,0
16489,27.115465886990155,0
16490,27.549792867257878,0
16491,26.872470240166948,0
16492,23.764322902718934,0
16493,24.810493792643257,0
16494,24.367541043431125,0
16495,23.71810697413917,0
16496,23.930967113957838,0
16497,24.820946881916644,0
16498,23.213686349750397,0
16499,24.378645645447346,0
16500,21.885521085781964,0
16501,24.24681773279884,0
16502,22.951533285083766,0
16503,22.67003767642372,0
16504,23.97050258567443,0
16505,23.82847025775847,0
16506,24.674660840656518,0
16507,25.457057653435832,0
16508,25.12139419505237,0
16509,25.259391690138315,0
16510,27.360420110927638,0
16511,29.2092694480994,0
16512,28.684422045766155,0
16513,28.051152871284625,0
16514,27.35864255622746,0
16515,30.62065640921735,0
16516,32.91777300001606,0
16517,30.86961181292058,0
16518,31.55335977050661,0
16519,30.04212066076513,0
16520,31.88278651721929,0
16521,32.272399178272735,0
16522,32.607561120117914,0
16523,34.30638960392101,0
16524,32.274726094362755,0
16525,31.46636662809737,0
16526,33.34698581528911,0
16527,32.157053985254876,0
16528,31.50569614075955,0
16529,31.614975060086834,0
16530,31.014296728259126,0
16531,30.799827587616313,0
16532,31.14549569317957,0
16533,30.117454965903438,0
16534,27.937353678661317,0
16535,28.805029229409,0
16536,28.568221918872354,0
16537,26.368223497891176,0
16538,28.772673186656476,0
16539,27.742281763741754,0
16540,25.443882469226445,0
16541,23.229399670819856,0
16542,22.842243941771248,0
16543,23.988406667497816,0
16544,24.14067347160135,0
16545,24.187499827953935,0
16546,22.55111023638166,0
16547,23.507426132326938,0
16548,23.17278769102973,0
16549,23.8497544525126,0
16550,23.492704596187508,0
16551,22.13915828320507,0
16552,24.683339790905308,0
16553,24.34205159180832,0
16554,25.451802064994983,0
16555,24.247719469221312,0
16556,26.27509655491275,0
16557,25.308537379909385,0
16558,26.602621551101134,0
16559,26.65039198742443,0
16560,27.639078437941578,0
16561,28.92916286083333,0
16562,28.067991582268228,0
16563,28.75152785424298,0
16564,31.885898345159344,0
16565,30.147428299232214,0
16566,32.10899441197854,0
16567,30.162081766589058,0
16568,32.77761867246833,0
16569,33.4476886133664,0
16570,32.30260655982798,0
16571,32.49782505213919,0
16572,32.403941473449954,0
16573,33.71350522104841,0
16574,34.377754072700284,0
16575,33.224393990927645,0
16576,32.326622678229334,0
16577,30.001739613024146,0
16578,32.796172757392995,0
16579,32.3713415771585,0
16580,32.15068870572235,0
16581,30.02775177047834,0
16582,28.349784228265918,0
16583,29.233381606763245,0
16584,28.5995645192825,0
16585,27.066539541725103,0
16586,25.881487955981868,0
16587,26.77872858407775,0
16588,26.1840089575273,0
16589,24.0792770404614,0
16590,24.752949253453195,0
16591,23.695914571756177,0
16592,22.75410445873973,0
16593,23.063315318646783,0
16594,23.101326468659973,0
16595,24.48958060669088,0
16596,21.38551369318058,0
16597,23.388274323684854,0
16598,23.145071637557944,0
16599,24.02897643036498,0
16600,22.613279595657218,0
16601,22.45223448642286,0
16602,26.498336483918848,0
16603,23.785783765824362,0
16604,24.567802011768816,0
16605,24.378789146652785,0
16606,27.646474347918694,0
16607,27.465812115103184,0
16608,26.17941459924861,0
16609,28.741439360116804,0
16610,31.931621600182467,0
16611,29.252790213356665,0
16612,30.815131061720752,0
16613,30.991845802775625,0
16614,31.65511469622044,0
16615,29.942232509034916,0
16616,31.412233667621017,0
16617,30.73087313092675,0
16618,32.92191116214824,0
16619,34.77284372826471,0
16620,31.806973629043057,0
16621,33.46515354453982,0
16622,33.805960197685295,0
16623,33.254992238649315,0
16624,32.225909403496715,0
16625,31.851336752695957,0
16626,30.92457723394614,0
16627,33.72509139810162,0
16628,30.717896727891578,0
16629,30.213121488974515,0
16630,29.43739662637527,0
16631,29.726721832077313,0
16632,28.53593130467369,0
16633,27.855356946636487,0
16634,29.19325619872458,0
16635,25.978748213000895,0
16636,26.427498912419257,0
16637,25.998607085766544,0
16638,23.469033896098956,0
16639,23.395306875218115,0
16640,24.980743333388503,0
16641,22.156278780323866,0
16642,24.782575396718332,0
16643,22.800836733374886,0
16644,22.638057301668105,0
16645,22.49169491450583,0
16646,23.79370397062702,0
16647,22.062996253457737,0
16648,23.307447853021618,0
16649,24.03786863882868,0
16650,25.657321636786744,0
16651,25.703168908546132,0
16652,26.580116530984075,0
16653,25.865025376364382,0
16654,26.7190225675718,0
16655,27.209688211994845,0
16656,29.03259995280612,0
16657,29.214072495392386,0
16658,30.122807126123842,0
16659,30.514991864822143,0
16660,30.51698227953478,0
16661,31.262001142782168,0
16662,33.1121458964375,0
16663,32.35960893256893,0
16664,33.937603250764276,0
16665,31.77822958431446,0
16666,32.62664087812656,0
16667,32.660120349050395,0
16668,30.96093017750254,0
16669,33.59518577262708,0
16670,31.809877927529424,0
16671,32.85100593282813,0
16672,32.85731141073911,0
16673,32.33943840103756,0
16674,31.76030004970347,0
16675,30.952457050814157,0
16676,31.233386863795506,0
16677,29.44000326070002,0
16678,30.447616915919966,0
16679,28.803214248589963,0
16680,27.19118857047885,0
16681,26.10257645012726,0
16682,28.254911556047286,0
16683,26.368687029695604,0
16684,24.388870688361017,0
16685,24.976983748138064,0
16686,24.98338645942051,0
16687,25.44760851518959,0
16688,21.576196129491546,0
16689,20.460421484745204,0
16690,23.989084016172626,0
16691,22.506330942887843,0
16692,21.119794451663303,0
16693,22.296026441810852,0
16694,21.117763863818904,0
16695,22.75705730387425,0
16696,23.14246712131903,0
16697,23.957582851215463,0
16698,25.22317245467881,0
16699,22.94144156474222,0
16700,23.035432286010344,0
16701,25.72330728575128,0
16702,26.071517368370152,0
16703,28.397904739252116,0
16704,27.591401158195136,0
16705,30.15781663600619,0
16706,29.01858196487259,0
16707,29.799786772047963,0
16708,30.945183354523373,0
16709,31.78839257966509,0
16710,33.20222304651767,0
16711,31.987461135670966,0
16712,32.245572719526066,0
16713,32.25080508510815,0
16714,34.18148960795357,0
16715,31.57206401841027,0
16716,34.055165789414794,0
16717,31.942527853552093,0
16718,32.291503304479065,0
16719,33.5984130942037,0
16720,32.16882812728306,0
16721,30.77434851354187,0
16722,31.398819499023784,0
16723,30.59264621759974,0
16724,30.504396640133038,0
16725,30.099129380483507,0
16726,30.25331819565367,0
16727,29.03981746106492,0
16728,26.906096414291152,0
16729,25.65039862306312,0
16730,26.150817126340662,0
16731,27.475558342784772,0
16732,25.84737598025976,0
16733,26.768373964983102,0
16734,23.54573694898504,0
16735,23.716860896755634,0
16736,22.143205398479168,0
16737,23.757945999029303,0
16738,23.848977252913503,0
16739,24.239247008748798,0
16740,21.610619796282474,0
16741,21.583487200599418,0
16742,23.71392868324106,0
16743,23.068629139229696,0
16744,21.79512570758606,0
16745,23.603485895962727,0
16746,24.399305684167025,0
16747,23.259039872342264,0
16748,24.807970312174533,0
16749,26.16839133780317,0
16750,26.18332526969423,0
16751,27.547061544530663,0
16752,28.14400487636985,0
16753,27.798586798981383,0
16754,29.579667369054015,0
16755,28.715810527517664,0
16756,29.365491313137568,0
16757,32.284481319657914,0
16758,30.78848732417087,0
16759,33.28664591722239,0
16760,32.53718151694375,0
16761,34.09647529313629,0
16762,32.96951655640971,0
16763,33.770151043771826,0
16764,32.574985919827206,0
16765,34.605163999426516,0
16766,34.57432313828087,0
16767,32.01376398102077,0
16768,33.06533084237616,0
16769,31.892571835100355,0
16770,32.5033891905761,0
16771,29.605524772300935,0
16772,30.615756135858234,0
16773,30.827840054827703,0
16774,29.81731845412074,0
16775,28.033429522080127,0
16776,25.674267471199833,0
16777,27.06749700162552,0
16778,26.32364487732689,0
16779,25.468661382093433,0
16780,25.083333403410847,0
16781,26.438463921378645,0
16782,25.0892009225776,0
16783,23.206199509345865,0
16784,25.129915763601712,0
16785,22.191311587147542,0
16786,22.88517925916933,0
16787,24.381734041909784,0
16788,24.143441581208105,0
16789,22.717960762110508,0
16790,24.94060365609739,0
16791,24.151219308237216,0
16792,22.87523509367719,0
16793,26.0518099002596,0
16794,23.861778686931487,0
16795,25.954017393219374,0
16796,24.499330075946833,0
16797,23.8226075637594,0
16798,27.218634125609622,0
16799,26.167710141001603,0
16800,30.265264916412725,0
16801,28.51527038251069,0
16802,30.64141306749779,0
16803,30.760831895914198,0
16804,32.28174346282701,0
16805,31.22552360891019,0
16806,33.8765739913179,0
16807,31.73910713339816,0
16808,31.986129244592767,0
16809,32.0812426551319,0
16810,32.31139766657929,0
16811,34.22625980776018,0
16812,31.4405144952624,0
16813,30.20997619559406,0
16814,31.076691231868924,0
16815,31.73734476995544,0
16816,30.243376261700533,0
16817,31.26215293567133,0
16818,30.307980706539205,0
16819,31.57079848349423,0
16820,30.835008019040636,0
16821,29.699421586553086,0
16822,30.36500494581744,0
16823,28.85790746491229,0
16824,26.64694799955052,0
16825,29.684977856496513,0
16826,27.80673028056288,0
16827,25.90390042738178,0
16828,25.33621304882455,0
16829,25.362248912467805,0
16830,22.108573361635244,0
16831,22.461038646567285,0
16832,23.888478269990596,0
16833,24.67527318821395,0
16834,24.96392732774591,0
16835,23.50232878020799,0
16836,24.525390171787205,0
16837,23.16488804263483,0
16838,23.726077772254335,0
16839,23.013919447684973,0
16840,22.26405873637196,0
16841,23.197517229819713,0
16842,25.09898678985494,0
16843,24.378262457189678,0
16844,24.059298191893138,0
16845,26.335826600842,0
16846,29.390608123579796,0
16847,28.982075747184876,0
16848,26.462484889811293,0
16849,29.94552437679485,0
16850,30.64213755995688,0
16851,29.87827466956105,0
16852,31.310405488678192,0
16853,31.741623713130235,0
16854,32.62426616683809,0
16855,31.795490818080754,0
16856,32.187357955676006,0
16857,31.55363560449032,0
16858,32.59990592841495,0
16859,33.64448997048085,0
16860,33.692816652406925,0
16861,33.016722991127764,0
16862,32.853366747534444,0
16863,32.57575746452201,0
16864,33.183149638739025,0
16865,31.154656581584405,0
16866,30.984235589872295,0
16867,29.935893455125317,0
16868,29.53413714630621,0
16869,31.67994286338253,0
16870,28.862772675576128,0
16871,29.805884004046376,0
16872,26.408417420291187,0
16873,27.37094413789218,0
16874,26.721550786533424,0
16875,27.220247925402223,0
16876,24.66560454956233,0
16877,24.602341560376328,0
16878,24.700178961443555,0
16879,23.443623796568748,0
16880,25.32024489600041,0
16881,22.162398629340203,0
16882,24.536984381447613,0
16883,21.23684309478506,0
16884,25.755619842994804,0
16885,22.914339993977748,0
16886,24.089116473471453,0
16887,23.515020112694565,0
16888,24.171573563892476,0
16889,24.159626584724816,0
16890,25.24121262032393,0
16891,23.651328181174694,0
16892,25.434915905021274,0
16893,25.70069268270785,0
16894,27.20282639549987,0
16895,25.24566425015902,0
16896,27.441574178883638,0
16897,28.024559688609042,0
16898,31.039043991928203,0
16899,31.02262993344735,0
16900,31.33480285105046,0
16901,31.262731185746837,0
16902,31.709456110663357,0
16903,30.720163346751864,0
16904,31.355187531099407,0
16905,33.22143336492413,0
16906,33.64051606438524,0
16907,32.103368629086035,0
16908,33.83189271927433,0
16909,32.0622074019851,0
16910,33.09563689901563,0
16911,32.295646857008585,0
16912,32.97567926700306,0
16913,32.01008966083522,0
16914,31.235926124014036,0
16915,31.578202411127023,0
16916,30.564047344479533,0
16917,30.367011618192603,0
16918,29.01573966231612,0
16919,31.107042731105352,0
16920,26.799625735662776,0
16921,28.33600926420527,0
16922,26.424894739843378,0
16923,27.202514863248876,0
16924,25.175579151957606,0
16925,25.88207235260894,0
16926,27.133896564255885,0
16927,23.12809726647461,0
16928,22.35089909505725,0
16929,24.820348524504094,0
16930,22.680794276309637,0
16931,20.92114589658793,0
16932,22.78815297685396,0
16933,21.65428991156398,0
16934,22.080285077738033,0
16935,24.006477313843344,0
16936,23.634111500234702,0
16937,24.85788967511463,0
16938,24.17181908523793,0
16939,25.128844957618337,0
16940,25.012950397314082,0
16941,26.549977747818552,0
16942,27.945603110226816,0
16943,27.007544677700984,0
16944,30.372955876215237,0
16945,27.962924795642113,0
16946,27.50918955207909,0
16947,29.25884166487919,0
16948,32.351353056657004,0
16949,30.84977647286436,0
16950,32.020365432141396,0
16951,34.06412972633498,0
16952,32.758495627725104,0
16953,32.661300203774,0
16954,31.655668514372415,0
16955,31.604229535749386,0
16956,32.983551694735205,0
16957,34.11198885647218,0
16958,31.391277243206364,0
16959,32.340503642494696,0
16960,30.8296867672255,0
16961,33.01901731016118,0
16962,31.508061218602933,0
16963,30.329801407509308,0
16964,30.22224798789209,0
16965,32.141747912241904,0
16966,29.37964990655522,0
16967,31.326327186887653,0
16968,27.8340071727682,0
16969,26.60825656868599,0
16970,27.002594692464978,0
16971,27.985050683194075,0
16972,25.166895556322185,0
16973,25.19124947059916,0
16974,26.583022850282877,0
16975,25.42842578619856,0
16976,24.274118806583154,0
16977,23.150698922392866,0
16978,21.48313824617442,0
16979,22.518823748965243,0
16980,23.397316839091832,0
16981,22.63675523864171,0
16982,23.34579526985297,0
16983,22.438098193583023,0
16984,23.61585996608788,0
16985,23.905428762018854,0
16986,25.68709339513629,0
16987,25.31911733071448,0
16988,25.86897797916137,0
16989,25.835306150578678,0
16990,26.83797725892895,0
16991,27.90154239882136,0
16992,28.19708584599496,0
16993,28.606109058490606,0
16994,29.878367015538963,0
16995,30.40918612009486,0
16996,31.365099472060088,0
16997,31.104858957536866,0
16998,30.306048347439283,0
16999,32.196242148753626,0
17000,32.11946876634857,0
17001,33.733188871051574,0
17002,31.756862724825282,0
17003,32.378172755242204,0
17004,33.1538182609753,0
17005,34.073489396153654,0
17006,33.100104739873785,0
17007,33.15055812452082,0
17008,32.77329675125718,0
17009,32.40740835312211,0
17010,33.3460882137455,0
17011,31.251879854403636,0
17012,29.885810419749376,0
17013,30.471874791907826,0
17014,29.6668430460087,0
17015,28.659364681073498,0
17016,27.25216924399852,0
17017,28.97450760976289,0
17018,26.76944110666962,0
17019,24.45551110156384,0
17020,25.026009881872522,0
17021,23.656088680340524,0
17022,23.350457521014267,0
17023,23.540919187187974,0
17024,24.963457071881734,0
17025,25.01332374692029,0
17026,22.995433987793767,0
17027,22.093246626301564,0
17028,22.949727085019575,0
17029,23.320668886206096,0
17030,23.277339223008696,0
17031,23.255576206067413,0
17032,23.377917766559303,0
17033,24.203412046537963,0
17034,23.430701003395146,0
17035,24.769204863928472,0
17036,25.075861769422257,0
17037,26.78929503772861,0
17038,27.699314184429028,0
17039,24.88937364256134,0
17040,29.469013950072583,0
17041,29.98058958818787,0
17042,28.586028471791643,0
17043,28.28926165869593,0
17044,31.777994220541316,0
17045,29.83229444497704,0
17046,31.51511472061235,0
17047,32.69345411620281,0
17048,31.481169760872962,0
17049,33.235534690793926,0
17050,33.196779587536824,0
17051,32.06540688962696,0
17052,32.25804049098613,0
17053,31.72629892932203,0
17054,33.61286793271132,0
17055,32.69480083226751,0
17056,32.84116914837903,0
17057,32.437048634832706,0
17058,30.152770624735325,0
17059,31.173733462507798,0
17060,31.164383996670846,0
17061,29.58406739725036,0
17062,28.4040531104541,0
17063,29.747469842388636,0
17064,28.501649287655976,0
17065,26.746136707939595,0
17066,27.264300352641456,0
17067,27.265934348238684,0
17068,24.341136806716925,0
17069,20.932303567917437,0
17070,26.299472143432116,0
17071,24.688327990964506,0
17072,23.880787626920803,0
17073,23.328711066950728,0
17074,21.339487982177495,0
17075,22.589952483896802,0
17076,21.939231620378237,0
17077,23.377484362536894,0
17078,23.67489858278289,0
17079,22.487419242649736,0
17080,22.438535625143018,0
17081,22.806758469867003,0
17082,25.492794168831693,0
17083,24.27653755027844,0
17084,27.221751480824647,0
17085,26.218134346690146,0
17086,27.17138265103332,0
17087,28.578850850542118,0
17088,28.18191265821782,0
17089,28.441561750704604,0
17090,30.344426176569684,0
17091,28.665836140313345,0
17092,30.0142157072138,0
17093,30.879699262805705,0
17094,31.45492971078695,0
17095,31.9175084601677,0
17096,32.62440132293837,0
17097,32.37433321444202,0
17098,32.978872432339,0
17099,34.81229324333208,0
17100,31.916339867796456,0
17101,33.198544311892604,0
17102,32.728628861898464,0
17103,32.405995845460964,0
17104,31.538690673820565,0
17105,30.64531770051446,0
17106,33.6977692365888,0
17107,30.3339511027169,0
17108,30.87237247463709,0
17109,29.60563980775162,0
17110,28.865288188024,0
17111,29.362232705733327,0
17112,26.819944432301163,0
17113,27.86278000311145,0
17114,26.096799907287107,0
17115,26.209864482903882,0
17116,27.43439158418906,0
17117,24.955320321513017,0
17118,23.146130580900007,0
17119,22.7502141610479,0
17120,24.533996851639646,0
17121,23.702184843045064,0
17122,24.195032299362417,0
17123,23.25013634448804,0
17124,23.084077797168188,0
17125,22.29034946261939,0
17126,22.00280394236259,0
17127,23.67881445584524,0
17128,24.30774761867071,0
17129,24.029287978477278,0
17130,25.054588055456268,0
17131,23.97343605819001,0
17132,24.372370902074422,0
17133,27.801713159855286,0
17134,27.645340212189687,0
17135,27.224136106741046,0
17136,28.222064703479553,0
17137,27.978227198470933,0
17138,30.541837472807273,0
17139,29.621236865119684,0
17140,30.19419923932746,0
17141,30.568172325534434,0
17142,30.921717265166233,0
17143,31.99574039098256,0
17144,32.34577391441757,0
17145,32.42219923869103,0
17146,33.20541540218112,0
17147,33.341630638169,0
17148,32.79693412188537,0
17149,33.00940789386427,0
17150,32.2356749497574,0
17151,33.105402795914316,0
17152,32.578778550764156,0
17153,33.70809374633897,0
17154,31.88061809144611,0
17155,30.021934531210718,0
17156,31.081053122861896,0
17157,30.01542552587803,0
17158,28.99230037125482,0
17159,31.052808078505432,0
17160,28.92659927027987,0
17161,26.619139683431822,0
17162,28.40188482332409,0
17163,26.362159783453095,0
17164,25.925303035072737,0
17165,23.386780606180526,0
17166,25.233718850834755,0
17167,24.02938050131999,0
17168,23.2326512517423,0
17169,24.509221206920074,0
17170,22.157988845905326,0
17171,23.523879390278935,0
17172,23.340160166384962,0
17173,22.035869028105985,0
17174,24.436007081807855,0
17175,22.97273548863331,0
17176,23.163471946004655,0
17177,24.166104870489953,0
17178,24.106129502732426,0
17179,23.97020590582095,0
17180,25.158197293342177,0
17181,25.79738263052729,0
17182,25.406296579538584,0
17183,27.22367226771293,0
17184,28.923089889919066,0
17185,29.778496746635938,0
17186,29.811276656620976,0
17187,30.56526731674924,0
17188,31.299939086374906,0
17189,31.142736038213968,0
17190,32.97412375478958,0
17191,31.47316382027588,0
17192,31.761210290565284,0
17193,32.81945379821549,0
17194,33.54553368930587,0
17195,32.1715391979932,0
17196,32.855802154437036,0
17197,33.91381248716191,0
17198,33.87134506801137,0
17199,33.996820809094835,0
17200,33.773947463770064,0
17201,32.134594844749564,0
17202,30.750309997253385,0
17203,31.322804989825716,0
17204,31.458600070377454,0
17205,28.259523712596412,0
17206,27.256524317363475,0
17207,29.971513173723434,0
17208,27.445656363158452,0
17209,27.508582034049837,0
17210,27.415439765816053,0
17211,26.445083567422305,0
17212,26.00372763205008,0
17213,24.089969271723362,0
17214,26.002252105318213,0
17215,25.895276315244786,0
17216,23.68598601064206,0
17217,24.167095861766818,0
17218,21.23433005840201,0
17219,24.16579304539401,0
17220,23.56525028893566,0
17221,23.19553590712849,0
17222,24.09933666096401,0
17223,24.203084104127218,0
17224,23.325803692193958,0
17225,24.22995535801804,0
17226,23.975874434642545,0
17227,24.77249840440082,0
17228,24.58799354808341,0
17229,26.115071015535275,0
17230,26.850684015664314,0
17231,25.422405155354404,0
17232,27.289286005367057,0
17233,29.984874791422666,0
17234,29.664555150978234,0
17235,29.273953573492243,0
17236,29.098051731694078,0
17237,31.608321969005306,0
17238,31.942547948584256,0
17239,31.437019117228512,0
17240,32.42546595451615,0
17241,33.95746605385159,0
17242,31.17060078376209,0
17243,32.63056206106064,0
17244,32.24188178932284,0
17245,32.91548239049312,0
17246,31.58076423147853,0
17247,31.419978630328593,0
17248,31.556615500345142,0
17249,32.64909208714323,0
17250,31.148054364106272,0
17251,30.991320988841316,0
17252,29.997655765217537,0
17253,29.40033056122535,0
17254,28.5205013325907,0
17255,29.87832351600414,0
17256,29.199308056828034,0
17257,29.458564444954288,0
17258,26.985627475253022,0
17259,26.14730038455087,0
17260,25.82018935968968,0
17261,25.635149517826257,0
17262,24.335472724658192,0
17263,22.61472595097802,0
17264,24.37085447105395,0
17265,22.627961368365202,0
17266,22.19473080983829,0
17267,23.600282812537824,0
17268,22.601665757949885,0
17269,24.50415791907376,0
17270,23.634410120094852,0
17271,23.843364213378255,0
17272,25.10389966296009,0
17273,24.747712408964013,0
17274,23.251342108479914,0
17275,23.155958644125427,0
17276,26.199411020872965,0
17277,25.733629033385586,0
17278,26.187537132849375,0
17279,26.551578114047572,0
17280,27.63898328828592,0
17281,26.24782253114784,0
17282,29.3153109017152,0
17283,29.61984684876161,0
17284,31.19727553185727,0
17285,30.03705710810263,0
17286,30.13378742279158,0
17287,31.56615412329518,0
17288,33.30164708080704,0
17289,32.08493585813524,0
17290,33.39389948292547,0
17291,34.537927642664975,0
17292,33.69250094530952,0
17293,32.014143069076006,0
17294,32.55367829727175,0
17295,32.38717433218083,0
17296,32.31574851425155,0
17297,31.674507908120976,0
17298,28.980486808143702,0
17299,31.554794158624297,0
17300,29.09916329486743,0
17301,30.71602026587333,0
17302,28.039951091969414,0
17303,28.453310524463934,0
17304,28.559095613367184,0
17305,28.82812387434211,0
17306,26.967132344980786,0
17307,26.171795240998193,0
17308,25.817670265204107,0
17309,23.938659964054946,0
17310,24.026696593060322,0
17311,24.841756518189985,0
17312,24.30475806609642,0
17313,22.789891984126943,0
17314,21.98923018266607,0
17315,22.27345590651185,0
17316,22.082870576800136,0
17317,24.242249514943175,0
17318,23.481655461655823,0
17319,25.63842129258639,0
17320,24.564546049825655,0
17321,24.468235459482624,0
17322,25.51397418373883,0
17323,25.826766654893234,0
17324,26.76605900348267,0
17325,25.87186447083473,0
17326,25.6820946441846,0
17327,27.774789533865444,0
17328,28.051464980456267,0
17329,28.36210446320811,0
17330,30.090837080195882,0
17331,31.70729114184576,0
17332,31.16231085616976,0
17333,31.58810954686209,0
17334,31.665410724776223,0
17335,31.467055271555108,0
17336,33.65133752284124,0
17337,32.75588033130258,0
17338,32.09863895248245,0
17339,32.95955769307332,0
17340,34.576808374482624,0
17341,33.32610889184208,0
17342,32.62465342051822,0
17343,32.0697797419513,0
17344,33.36694647369707,0
17345,32.39469208558416,0
17346,31.628936903183096,0
17347,30.339558198229998,0
17348,30.60425468765325,0
17349,30.42320594303842,0
17350,29.01965543710953,0
17351,29.370688904904263,0
17352,28.699268344488274,0
17353,25.361587422515992,0
17354,28.11993903249982,0
17355,25.070462734905604,0
17356,25.63160056587438,0
17357,23.89459879826579,0
17358,22.009729152597004,0
17359,24.667364158563494,0
17360,23.010643459888485,0
17361,24.008753294933314,0
17362,22.29651061142688,0
17363,22.893522241180893,0
17364,24.74795658851187,0
17365,23.396375589605288,0
17366,21.920110360511725,0
17367,24.288395433898184,0
17368,22.486503588846578,0
17369,23.344686809304378,0
17370,23.099281863296373,0
17371,25.746864099122117,0
17372,24.820864173093984,0
17373,25.68272701117078,0
17374,25.840425893317548,0
17375,25.442230489129784,0
17376,28.83607459302249,0
17377,29.587929955111473,0
17378,29.480334309578577,0
17379,30.321390156607922,0
17380,32.037409926036645,0
17381,30.248807366386693,0
17382,30.767357254912422,0
17383,31.740810886599053,0
17384,32.204711045221075,0
17385,33.79968708747234,0
17386,31.962306466114303,0
17387,32.55017230693102,0
17388,31.86096736463032,0
17389,33.70817884539632,0
17390,34.95959497822637,0
17391,32.64986726039919,0
17392,30.880804768524204,0
17393,33.725874893752476,0
17394,32.685204918090065,0
17395,31.84167672715913,0
17396,29.487736799116863,0
17397,31.147192924189866,0
17398,29.617418807331696,0
17399,28.3941487359755,0
17400,27.675236334709957,0
17401,29.664292736296467,0
17402,26.10499061116629,0
17403,26.118849317373904,0
17404,24.42256043526272,0
17405,23.941559285376773,0
17406,23.663753131534648,0
17407,24.540004945025288,0
17408,23.415840952975927,0
17409,22.86982843623318,0
17410,22.831450990516714,0
17411,23.33969626432972,0
17412,22.43248926438061,0
17413,23.555312313185965,0
17414,24.60624570328703,0
17415,23.664437769587483,0
17416,24.058264818535513,0
17417,23.106537783046143,0
17418,23.602850850295503,0
17419,25.722016873281024,0
17420,25.60517792622833,0
17421,26.213799245059178,0
17422,27.17929138809361,0
17423,26.487687293240306,0
17424,28.11246059921621,0
17425,27.744140315143532,0
17426,30.4519504367783,0
17427,29.854572035065697,0
17428,30.61806890082669,0
17429,31.863733447781055,0
17430,31.25537047971852,0
17431,33.86317482870783,0
17432,31.902335833511533,0
17433,32.958896845077525,0
17434,32.54524162104763,0
17435,32.83047390082571,0
17436,32.701994457722094,0
17437,34.477819916266256,0
17438,32.01567094417958,0
17439,32.124731571581286,0
17440,31.39725656244203,0
17441,32.26577831970536,0
17442,33.25916186707743,0
17443,31.108041538999448,0
17444,30.148657820933842,0
17445,31.630845538526447,0
17446,31.21688404197002,0
17447,27.877693212121795,0
17448,27.271224928534878,0
17449,25.611832807942292,0
17450,27.36209794187433,0
17451,28.361598709500303,0
17452,24.951089188479653,0
17453,25.35493538942686,0
17454,25.383077132638796,0
17455,23.74071314905823,0
17456,25.179008612908497,0
17457,23.68850786236186,0
17458,24.787856732683657,0
17459,21.31388675807729,0
17460,22.627070655512302,0
17461,24.48378496464984,0
17462,23.089393762427893,0
17463,22.88596819828452,0
17464,21.99919582295947,0
17465,22.86911478240305,0
17466,23.785328421824932,0
17467,25.306479363273002,0
17468,25.13263655844071,0
17469,27.370100591882643,0
17470,25.437980709471773,0
17471,27.132622966612082,0
17472,28.410226641383687,0
17473,27.92394035361049,0
17474,29.505556448934723,0
17475,29.648887315421675,0
17476,30.330236731735862,0
17477,30.554807303442757,0
17478,30.991663294716922,0
17479,30.94886350942144,0
17480,33.47030671255857,0
17481,32.798208627701165,0
17482,31.91841098135773,0
17483,32.63195343073346,0
17484,32.61258193764593,0
17485,32.844273750342246,0
17486,33.60848753339553,0
17487,35.03681659932965,0
17488,32.69091071094387,0
17489,32.746929282781515,0
17490,32.99098723543346,0
17491,32.17439675946638,0
17492,31.322591152025485,0
17493,29.871296839833096,0
17494,28.704264495716465,0
17495,30.766049785732793,0
17496,27.98004485455938,0
17497,26.84336787238218,0
17498,28.320574379566605,0
17499,24.982491042546403,0
17500,24.736255725241563,0
17501,25.388231618410618,0
17502,25.065295341474297,0
17503,22.059193676735337,0
17504,24.359378577692866,0
17505,23.57545555530507,0
17506,22.172140296793753,0
17507,23.012208107592404,0
17508,25.54982653154533,0
17509,23.733746113101883,0
17510,22.93589764551057,0
17511,21.9892971096634,0
17512,25.0543257991718,0
17513,24.762392406802274,0
17514,24.929763518197817,0
17515,26.2188576818977,0
17516,26.343549232319184,0
17517,26.9064168215956,0
17518,25.525916299431863,0
17519,28.187791998873756,0
17520,27.67877059003085,0
17521,26.328952726212076,0
17522,27.328610566414966,0
17523,29.00379333794516,0
17524,31.47357671279324,0
17525,33.20718629721599,0
17526,30.388729412001904,0
17527,30.190409040292568,0
17528,32.90579829703817,0
17529,30.991667674743802,0
17530,33.48574142325638,0
17531,32.553860234793625,0
17532,33.38239771129823,0
17533,34.219011479164,0
17534,32.2715325372146,0
17535,33.60903685895849,0
17536,31.270741545574534,0
17537,31.281087140669012,0
17538,29.897848515521986,0
17539,30.03852663608652,0
17540,32.32670389034797,0
17541,29.958686364522325,0
17542,28.396491589458606,0
17543,29.713773643867555,0
17544,28.818936377588738,0
17545,28.30286932515503,0
17546,26.77744196941064,0
17547,25.85284842723154,0
17548,25.60738686739259,0
17549,25.565310661448684,0
17550,22.3281185123875,0
17551,22.871886848032595,0
17552,23.95313292710332,0
17553,23.48595402728592,0
17554,22.888219772250864,0
17555,24.103942142177385,0
17556,23.28867481507936,0
17557,21.22035186590063,0
17558,23.253934353007825,0
17559,24.703324993838624,0
17560,23.7900206576252,0
17561,24.74429139386214,0
17562,24.877830205131616,0
17563,25.350192809858097,0
17564,24.795606800005956,0
17565,28.06307345346874,0
17566,26.96031871355248,0
17567,26.3788909033923,0
17568,27.98745881096198,0
17569,27.621241940176937,0
17570,30.24140610707109,0
17571,29.08254693311514,0
17572,30.172698491578956,0
17573,30.230293684089734,0
17574,31.33930707712725,0
17575,30.51358717124356,0
17576,31.671859979414542,0
17577,31.58112861222143,0
17578,32.34529499059114,0
17579,31.750738371526843,0
17580,31.227821837624642,0
17581,32.282243603802044,0
17582,33.701331546845026,0
17583,32.88688341576789,0
17584,34.562061483653636,0
17585,32.28873633239053,0
17586,32.33907470390235,0
17587,31.637538706734553,0
17588,29.362332071597532,0
17589,28.640214291483435,0
17590,30.064245921514974,0
17591,28.415025230098436,0
17592,29.360079750117063,0
17593,27.96141940054813,0
17594,26.366544300008037,0
17595,25.537997290920114,0
17596,25.949431751995377,0
17597,26.154968378423845,0
17598,24.443587052863776,0
17599,25.825064071059565,0
17600,23.619551037884637,0
17601,23.994595781173032,0
17602,22.931690363723924,0
17603,25.566159481624748,0
17604,21.030799583921336,0
17605,23.186320660620154,0
17606,23.424705355456933,0
17607,22.27761461780953,0
17608,24.964756440374888,0
17609,24.49561470358649,0
17610,24.061603518533104,0
17611,26.091985169066028,0
17612,27.20008769786998,0
17613,26.080594508288204,0
17614,25.582118785055062,0
17615,27.634549103693,0
17616,27.518652698034927,0
17617,27.832392472611268,0
17618,29.65805949995805,0
17619,28.966924641964944,0
17620,30.0598110551122,0
17621,30.357623339486537,0
17622,28.986083244001076,0
17623,32.555820946907495,0
17624,32.796110694281474,0
17625,34.1071053326759,0
17626,33.68999170312557,0
17627,33.48069217673522,0
17628,34.411971940807035,0
17629,32.94422847463425,0
17630,31.978973981327723,0
17631,31.012667176381342,0
17632,32.52154362737441,0
17633,31.809779751656976,0
17634,30.894788938213377,0
17635,31.497781203676475,0
17636,31.616400952790812,0
17637,28.35584328889208,0
17638,28.937114178856433,0
17639,27.840654228167466,0
17640,27.34168918457401,0
17641,27.567545520785632,0
17642,28.133608772132295,0
17643,25.730363828170486,0
17644,25.890813298914566,0
17645,25.541588538513487,0
17646,23.243083886352732,0
17647,24.43701714964302,0
17648,22.239587292389977,0
17649,24.821186567880645,0
17650,23.541567395684158,0
17651,23.81005173596074,0
17652,25.598022980307633,0
17653,22.91781916190356,0
17654,21.984679640899717,0
17655,22.914671527453045,0
17656,25.30808582771414,0
17657,24.712285141265916,0
17658,24.410966884068902,0
17659,27.813443201534376,0
17660,25.878641080843096,0
17661,28.292328633702528,0
17662,27.212672778674815,0
17663,26.2571717855935,0
17664,28.562349756880305,0
17665,28.71520674560956,0
17666,28.726283776665127,0
17667,29.065165631033025,0
17668,29.01000730934283,0
17669,30.954526095042233,0
17670,30.979033296364033,0
17671,31.917509385526618,0
17672,32.59575209119984,0
17673,33.08484603339736,0
17674,32.96492474681619,0
17675,34.04003632801035,0
17676,32.484751092955044,0
17677,34.773904248446016,0
17678,33.215493072378,0
17679,33.81363802787907,0
17680,30.660328132717154,0
17681,32.41748996161261,0
17682,33.77187340585266,0
17683,31.572294403919543,0
17684,29.630069052699366,0
17685,29.815269572007303,0
17686,28.214172622434518,0
17687,27.982365326346127,0
17688,27.40390445859756,0
17689,25.843112340866437,0
17690,26.924160598719435,0
17691,25.644663002890034,0
17692,26.067224565142368,0
17693,25.52757074647406,0
17694,25.598941994804534,0
17695,24.184179117202152,0
17696,23.920534157838365,0
17697,23.424870415087952,0
17698,25.543316093347173,0
17699,21.971449894716503,0
17700,21.326294119368246,0
17701,22.46155661657773,0
17702,23.49629105905292,0
17703,23.442958501790837,0
17704,23.34870332962591,0
17705,24.640415160897103,0
17706,23.359037098070175,0
17707,23.485356007208747,0
17708,24.03682405654343,0
17709,27.681141366023674,0
17710,26.84974312212586,0
17711,27.449554163285057,0
17712,26.655951180718017,0
17713,29.508162663202583,0
17714,30.367268035477444,0
17715,29.752339516638973,0
17716,29.8928565879795,0
17717,32.4972306495798,0
17718,32.571811567415814,0
17719,33.7517165139546,0
17720,33.337184362014575,0
17721,33.02151294449327,0
17722,34.594877265899036,0
17723,33.224872704874635,0
17724,32.460679038795746,0
17725,34.60889848697032,0
17726,32.668631344324226,0
17727,33.46093987262078,0
17728,33.856919760722604,0
17729,31.3171508307202,0
17730,31.091816563023666,0
17731,31.55374190668155,0
17732,31.077355956463723,0
17733,28.93782084180947,0
17734,28.92042560560268,0
17735,28.742668292113052,0
17736,28.356944577036067,0
17737,27.086496608131057,0
17738,26.380264747751394,0
17739,24.65649293066466,0
17740,24.03899118701369,0
17741,23.960387825026917,0
17742,24.21083270469699,0
17743,23.467020675987705,0
17744,24.136938902196473,0
17745,23.298554559764813,0
17746,23.851259951864506,0
17747,21.35891105846593,0
17748,22.433045964923206,0
17749,21.533139887635183,0
17750,23.340006616887262,0
17751,23.802638190437957,0
17752,25.550050474752126,0
17753,25.079181383792317,0
17754,26.587316476714157,0
17755,24.59676123420184,0
17756,23.06049128755947,0
17757,26.323238462711767,0
17758,25.43007589221322,0
17759,28.136991993526205,0
17760,29.325943535614407,0
17761,28.85379860976729,0
17762,28.771268588337055,0
17763,30.526731743646966,0
17764,29.42190220779387,0
17765,29.850743010282223,0
17766,31.33551660919749,0
17767,33.400932493718614,0
17768,33.28753121937802,0
17769,32.870634064143644,0
17770,33.72264125492829,0
17771,31.68537511480842,0
17772,33.68225295883752,0
17773,31.433465304852497,0
17774,32.263005098871176,0
17775,32.9294132765296,0
17776,32.74466318998958,0
17777,32.66680716394915,0
17778,31.828602731253326,0
17779,29.025553783780367,0
17780,31.39338071001396,0
17781,29.607784781607133,0
17782,28.90974946094905,0
17783,29.323640044651004,0
17784,27.780378069444872,0
17785,26.020117618707644,0
17786,27.5454181771272,0
17787,26.07717808227697,0
17788,23.23299850275528,0
17789,25.774787178741867,0
17790,23.792115663700727,0
17791,24.516856689701864,0
17792,22.07953358208506,0
17793,25.083591777725847,0
17794,22.26067144978715,0
17795,23.128982918128518,0
17796,21.866120801832295,0
17797,26.081686886101224,0
17798,24.33070030253432,0
17799,24.046196536348816,0
17800,24.2101206002781,0
17801,20.023363848422278,0
17802,25.239302940004144,0
17803,23.966843207270742,0
17804,25.11324350560227,0
17805,26.248580291760458,0
17806,26.968708048490218,0
17807,28.19828976457725,0
17808,27.401104811819675,0
17809,28.60854285085292,0
17810,28.72140053555432,0
17811,29.518862744610637,0
17812,31.665468476372524,0
17813,31.159604974903395,0
17814,32.01829181521674,0
17815,31.210256130243348,0
17816,32.58852943550769,0
17817,33.15600703568897,0
17818,33.27929708409711,0
17819,33.873883460665056,0
17820,34.44127218835848,0
17821,33.50386712262369,0
17822,31.161067533578308,0
17823,32.56138279891198,0
17824,31.720933348855045,0
17825,32.35613893584827,0
17826,32.23716290143115,0
17827,32.36790282142484,0
17828,29.863179375317774,0
17829,29.15991052641995,0
17830,28.203790658418036,0
17831,27.868344683049887,0
17832,27.195474637543448,0
17833,28.322264594979416,0
17834,25.29502068405773,0
17835,25.906850149573536,0
17836,25.21207262371633,0
17837,23.29865938190286,0
17838,24.38247247674907,0
17839,23.36856940998672,0
17840,22.89561494242284,0
17841,22.875198610686038,0
17842,23.868426649158067,0
17843,22.586828136443827,0
17844,23.29033864984162,0
17845,23.455279887511118,0
17846,22.88681077288997,0
17847,23.76281626775215,0
17848,23.56013862986517,0
17849,25.09891485851623,0
17850,24.233568874214487,0
17851,24.869237150429168,0
17852,25.823961086859107,0
17853,26.093180807621792,0
17854,26.610511270610896,0
17855,28.923895916440507,0
17856,27.816100579152316,0
17857,27.501582868051585,0
17858,30.119163482494475,0
17859,30.966399080049893,0
17860,29.723204170379304,0
17861,29.49976927343032,0
17862,31.20420988216536,0
17863,32.255144752283734,0
17864,33.16145070907798,0
17865,30.782224965552313,0
17866,33.58902751242945,0
17867,33.863476689670534,0
17868,34.6760927389921,0
17869,32.59140393739697,0
17870,32.85857641897187,0
17871,31.56460969965375,0
17872,34.82813498286525,0
17873,31.578352718897705,0
17874,31.793003423013836,0
17875,31.484398412634473,0
17876,28.216582144514295,0
17877,28.662783855763085,0
17878,30.847746939106592,0
17879,27.282875913513116,0
17880,27.43841702839387,0
17881,25.592975764022587,0
17882,24.895333229112996,0
17883,27.511901025828244,0
17884,26.667500582526475,0
17885,24.103794049322076,0
17886,24.76816438325112,0
17887,23.650792359130634,0
17888,24.870415628895337,0
17889,23.1574054560353,0
17890,22.613924245501575,0
17891,21.717245501045298,0
17892,23.01822555728111,0
17893,22.24239983062665,0
17894,22.984274978313817,0
17895,23.88160193779262,0
17896,24.732341034326442,0
17897,24.43404585993184,0
17898,23.16982949036992,0
17899,22.67747198862169,0
17900,24.310260271224024,0
17901,27.00675056285485,0
17902,28.243709802022646,0
17903,26.928123776504606,0
17904,27.119775640483898,0
17905,29.9110908603443,0
17906,29.44487636589132,0
17907,29.575358129297022,0
17908,30.90044882721452,0
17909,32.384165975566056,0
17910,31.28635168920394,0
17911,31.157187800882994,0
17912,33.005990555621516,0
17913,31.317312016791774,0
17914,32.67106007882414,0
17915,33.55948778535694,0
17916,34.47924350068435,0
17917,31.881746049461068,0
17918,31.989927055750943,0
17919,33.32406224192741,0
17920,31.87562252292905,0
17921,31.80637177042798,0
17922,31.44047891484081,0
17923,32.02824217871196,0
17924,28.589005786496326,0
17925,30.481525781972813,0
17926,28.605030514299898,0
17927,28.75690693482045,0
17928,28.288328563317567,0
17929,26.02401691507495,0
17930,26.88145282521778,0
17931,26.600288191540827,0
17932,27.074644408426995,0
17933,24.519345838725467,0
17934,24.22170076457212,0
17935,24.084197485086335,0
17936,25.320519099849015,0
17937,25.0114638081746,0
17938,22.43174595500653,0
17939,21.0471842223083,0
17940,22.55472785343171,0
17941,24.454479952045425,0
17942,22.941315175660122,0
17943,22.362246996103472,0
17944,24.171358173324773,0
17945,23.312819892364594,0
17946,24.991728849506117,0
17947,26.402425808531827,0
17948,25.07625538039954,0
17949,25.89487337770506,0
17950,25.63731363344113,0
17951,27.40747754008316,0
17952,29.74353039960748,0
17953,29.813020155268653,0
17954,30.0667227703118,0
17955,29.61778256592722,0
17956,29.761080591391483,0
17957,31.066410203634266,0
17958,31.746455072059817,0
17959,31.0100589336498,0
17960,31.95127546860277,0
17961,33.28929521706361,0
17962,34.244490154932826,0
17963,30.642055176596024,0
17964,32.440906601874985,0
17965,32.89472718259071,0
17966,32.324272331486746,0
17967,31.66866002918587,0
17968,31.725518046441756,0
17969,33.68414385306161,0
17970,32.081148611735806,0
17971,29.737259132455897,0
17972,30.300755896547145,0
17973,31.900538962987522,0
17974,30.102076001971874,0
17975,27.593914855095385,0
17976,28.003623284010494,0
17977,26.90765708488952,0
17978,26.784229213761282,0
17979,25.122496690473092,0
17980,25.884965235170323,0
17981,26.297446671703796,0
17982,24.407286511401818,0
17983,24.158865733819017,0
17984,24.42480178604169,0
17985,22.8417401423509,0
17986,21.582467732254862,0
17987,21.859684430249725,0
17988,23.84124241161038,0
17989,23.490892277692748,0
17990,24.24217030492034,0
17991,24.005749539090278,0
17992,23.6311587640674,0
17993,23.71792027633346,0
17994,24.121241541006015,0
17995,24.716490963095264,0
17996,24.31478693433175,0
17997,24.555487389877328,0
17998,25.368876236415968,0
17999,27.07342434991037,0
18000,27.101928663051165,0
18001,28.08910940279677,0
18002,28.719645042321982,0
18003,29.176875109063722,0
18004,29.14436408761971,0
18005,31.93890868624744,0
18006,29.917875991392375,0
18007,31.650671644139468,0
18008,31.722819786929023,0
18009,33.00847228704457,0
18010,33.829140637722624,0
18011,32.01619686535331,0
18012,33.80879241531194,0
18013,31.946313963173665,0
18014,31.94432020151175,0
18015,32.20762905577567,0
18016,31.125471607304394,0
18017,31.684190090686553,0
18018,31.72639795950402,0
18019,32.083181937932224,0
18020,31.405076038308838,0
18021,31.069448023277058,0
18022,28.133706113932387,0
18023,29.113254961876926,0
18024,28.318146265421287,0
18025,26.86534080480602,0
18026,29.36888319052582,0
18027,24.222361285493715,0
18028,25.610574527643177,0
18029,23.63993135016924,0
18030,24.425675401988773,0
18031,24.546218996492705,0
18032,23.914620591002027,0
18033,24.247529820087166,0
18034,23.793191560013494,0
18035,23.842539203448794,0
18036,22.69572278495374,0
18037,22.649587828016987,0
18038,22.758087717162574,0
18039,22.586058301680637,0
18040,21.3669860778408,0
18041,24.625014370192986,0
18042,24.125229792565552,0
18043,26.658425231658576,0
18044,25.565584780922634,0
18045,26.290685685103746,0
18046,25.263779023038367,0
18047,27.50607142595418,0
18048,28.067175655210995,0
18049,27.93572963371072,0
18050,28.903853280650374,0
18051,30.034863444153213,0
18052,28.867319537671577,0
18053,28.870669571220578,0
18054,33.20215379830393,0
18055,31.746994664507643,0
18056,32.39523468986873,0
18057,31.69388106327678,0
18058,33.74799563544566,0
18059,34.63596038986669,0
18060,31.94726520909691,0
18061,33.98393149098889,0
18062,34.45639195335155,0
18063,31.349484114382623,0
18064,31.310944106170453,0
18065,32.34319839867373,0
18066,32.3199401470238,0
18067,30.355459726400877,0
18068,31.522668252751096,0
18069,30.676755667516737,0
18070,27.44461939203417,0
18071,28.052819966089753,0
18072,27.190337296845954,0
18073,29.128621914333355,0
18074,25.773865295266678,0
18075,26.279530521645917,0
18076,24.792872631374657,0
18077,26.405449122286594,0
18078,24.276981756467066,0
18079,22.432767082336127,0
18080,23.56625781991636,0
18081,24.577077816563577,0
18082,22.60567546998174,0
18083,23.33731974056608,0
18084,22.54364817597634,0
18085,21.75862814517961,0
18086,23.49926608451618,0
18087,24.45160562378706,0
18088,25.557877007979037,0
18089,25.608727974545918,0
18090,23.476875905050534,0
18091,24.470048868261184,0
18092,25.063827138355702,0
18093,25.983345020877074,0
18094,26.65661853165983,0
18095,28.080728434066845,0
18096,28.903954500671592,0
18097,27.902368053468244,0
18098,30.36992552687409,0
18099,29.91728927648328,0
18100,30.444718200157325,0
18101,31.895602458315405,0
18102,31.40986392362419,0
18103,32.193911813921545,0
18104,33.226435155997216,0
18105,33.14952244882149,0
18106,32.316094511007755,0
18107,32.75671978933577,0
18108,32.47999657529835,0
18109,33.79397283609281,0
18110,33.73375358002515,0
18111,32.23596207523006,0
18112,34.36252005575043,0
18113,32.60224145686867,0
18114,32.7672388948591,0
18115,32.03593660322971,0
18116,30.136727640635392,0
18117,31.21579850623818,0
18118,28.78557896789492,0
18119,27.824887755505323,0
18120,28.29686292363216,0
18121,27.605586973435482,0
18122,25.788567413785895,0
18123,25.99699099027486,0
18124,28.72062525661077,0
18125,25.097429032600548,0
18126,25.35389790395932,0
18127,23.159362373840263,0
18128,23.78709306830673,0
18129,23.239869106402313,0
18130,23.772446340887825,0
18131,22.718261137535286,0
18132,22.92350053593759,0
18133,23.020641572214398,0
18134,24.914033917493818,0
18135,24.351116972780392,0
18136,23.46240764706619,0
18137,24.732162882113883,0
18138,24.03826168606843,0
18139,23.713715262825666,0
18140,25.929457048941632,0
18141,26.271948846710252,0
18142,26.525187764313088,0
18143,26.505705318582383,0
18144,26.827145762742955,0
18145,28.846547186435824,0
18146,29.75511886659604,0
18147,30.274500123177912,0
18148,30.898341709655725,0
18149,30.671846338656344,0
18150,31.1908707717877,0
18151,31.24987192571919,0
18152,31.65126896883757,0
18153,31.280435469788724,0
18154,32.32722541664973,0
18155,33.44676769127155,0
18156,31.34395647147634,0
18157,33.49339961034481,0
18158,32.965133851986806,0
18159,32.18386505842811,0
18160,30.393091083712143,0
18161,31.289269367181266,0
18162,32.49415090582487,0
18163,29.862382708525733,0
18164,29.999889112000343,0
18165,28.583303580398,0
18166,29.988321273085283,0
18167,28.621453545393937,0
18168,27.714621425839105,0
18169,27.751278952125027,0
18170,26.73903685695451,0
18171,27.447801873083026,0
18172,25.18794361216364,0
18173,25.161864489481836,0
18174,24.3713444074119,0
18175,21.727203149732784,0
18176,23.706399518970795,0
18177,23.003222097783002,0
18178,22.381187706444383,0
18179,23.281257668401068,0
18180,22.91815559483057,0
18181,21.724070858224966,0
18182,22.903793198275533,0
18183,22.8851052751878,0
18184,23.66732048372792,0
18185,24.787964015063693,0
18186,24.217886551694534,0
18187,24.972550973451035,0
18188,26.246917974522415,0
18189,24.72054591839193,0
18190,25.848279108538343,0
18191,25.365289806114077,0
18192,30.079982047411658,0
18193,27.443193027317438,0
18194,29.001641872917045,0
18195,30.345650112035152,0
18196,30.12648998473427,0
18197,30.236203740498347,0
18198,30.38839388530439,0
18199,31.55533199211414,0
18200,32.324591869827955,0
18201,31.32504145698642,0
18202,32.153576273380665,0
18203,35.026422399645426,0
18204,33.24474128056991,0
18205,34.998256528414935,0
18206,33.71635776970559,0
18207,31.534195068218068,0
18208,33.69086461932972,0
18209,31.852946520983753,0
18210,31.772862700888606,0
18211,31.07150021180043,0
18212,29.033768265177116,0
18213,28.3194489331714,0
18214,30.327381153532837,0
18215,28.808074819253925,0
18216,27.773202010555632,0
18217,28.44544025151343,0
18218,26.050427016055036,0
18219,26.730093649191396,0
18220,27.817047283277944,0
18221,22.97131232160235,0
18222,26.480612242298168,0
18223,23.72550814165608,0
18224,23.19164300989965,0
18225,24.642955639087447,0
18226,22.791125625472677,0
18227,23.446035314237808,0
18228,22.46576267397635,0
18229,23.24318167563048,0
18230,25.59574935914075,0
18231,23.195667829368166,0
18232,22.257968336166392,0
18233,23.565229122919195,0
18234,24.591795149898736,0
18235,24.157381403402876,0
18236,25.42151747200631,0
18237,24.402792471803856,0
18238,25.41975577688249,0
18239,26.01427377759216,0
18240,28.051227046938155,0
18241,28.93128071421373,0
18242,29.587267658033333,0
18243,29.686302577700747,0
18244,31.033308774873692,0
18245,30.077785679199255,0
18246,30.549786043225595,0
18247,31.235237421067275,0
18248,32.67827365464555,0
18249,32.469538427793026,0
18250,34.59978779688517,0
18251,32.552597327190014,0
18252,33.28081017128381,0
18253,32.51926250655249,0
18254,32.3270910710597,0
18255,31.573004346036186,0
18256,32.43975769840516,0
18257,32.083215688395015,0
18258,31.458759958359792,0
18259,31.29614799941974,0
18260,30.39577557536593,0
18261,29.47185999847272,0
18262,30.195424741611017,0
18263,29.955416875122612,0
18264,26.56328483450245,0
18265,27.130097031312356,0
18266,26.543377969232193,0
18267,26.573861625975763,0
18268,26.057827725950887,0
18269,25.547764314906562,0
18270,26.01328482877092,0
18271,23.915147230428783,0
18272,24.270847495031447,0
18273,23.50152224812038,0
18274,20.74052718206362,0
18275,22.24092565537724,0
18276,24.530656999171608,0
18277,22.959408703314192,0
18278,24.489391535318074,0
18279,22.937675962300926,0
18280,24.544572546320065,0
18281,23.87452438157464,0
18282,25.301736251010457,0
18283,24.35857160682106,0
18284,26.032363108967658,0
18285,24.912508890004496,0
18286,26.919298391486826,0
18287,27.75153616547776,0
18288,26.86244455015534,0
18289,30.364441340001715,0
18290,28.73957091415109,0
18291,30.009067375886197,0
18292,32.49210627524566,0
18293,30.279688650325017,0
18294,31.77394971782092,0
18295,31.238478008643817,0
18296,32.524073354422754,0
18297,32.547575693286106,0
18298,32.48193730812378,0
18299,31.040467294780854,0
18300,32.963265292511565,0
18301,32.408680089450186,0
18302,33.15256200210753,0
18303,32.0786872341002,0
18304,31.670154470520036,0
18305,31.663002278620663,0
18306,31.188755614206997,0
18307,29.876534417529008,0
18308,32.40134566134421,0
18309,30.56615840386078,0
18310,27.435567958044103,0
18311,27.075466583717052,0
18312,29.03816815059646,0
18313,27.93585993018566,0
18314,26.699838775548372,0
18315,26.56177450465085,0
18316,27.020054329426795,0
18317,24.598548644554395,0
18318,26.555858789131932,0
18319,25.491417341041448,0
18320,24.982028204601626,0
18321,23.72559559231031,0
18322,23.1928091456714,0
18323,23.148742868048775,0
18324,23.268488506635514,0
18325,23.612150709388246,0
18326,22.80458048149618,0
18327,22.813788489657348,0
18328,25.558701900679367,0
18329,25.209883422318196,0
18330,24.988338060175785,0
18331,24.391801967640205,0
18332,26.303031627548147,0
18333,25.372998775204955,0
18334,27.45451636097678,0
18335,27.239119334636033,0
18336,26.955564923056272,0
18337,29.030468751596242,0
18338,28.548175310460596,0
18339,28.718284498654153,0
18340,31.96896603620066,0
18341,31.806410411343215,0
18342,32.260437499485526,0
18343,31.602184684584913,0
18344,33.8461724067562,0
18345,33.194194036988286,0
18346,32.200450090070056,0
18347,33.87024872993196,0
18348,31.83227725912174,0
18349,32.81383355197565,0
18350,34.04360623628552,0
18351,31.924390482257863,0
18352,30.379930695583955,0
18353,32.509696694124976,0
18354,30.74374067062865,0
18355,29.693916015929094,0
18356,30.215952096677995,0
18357,30.94864678004944,0
18358,29.96764386599657,0
18359,29.9084304336999,0
18360,27.476404528438607,0
18361,26.493026862002704,0
18362,26.03873576608199,0
18363,27.206233517081806,0
18364,24.209425382813443,0
18365,25.89843026205062,0
18366,25.562273167962857,0
18367,23.061869169171736,0
18368,23.155907027835166,0
18369,24.07129529684899,0
18370,24.408983550567257,0
18371,23.005673465216667,0
18372,22.699998894039812,0
18373,22.9905057540903,0
18374,25.123876150604104,0
18375,23.83966299537076,0
18376,24.651105620143348,0
18377,24.783560604082084,0
18378,24.48141218224267,0
18379,23.996400136298924,0
18380,25.39979778626669,0
18381,25.515949188072238,0
18382,26.126144918585243,0
18383,28.13223594901662,0
18384,27.899084337541474,0
18385,26.40079012989121,0
18386,28.672722565720694,0
18387,30.3741673521808,0
18388,32.22841529726138,0
18389,30.88770835804474,0
18390,30.661677125858553,0
18391,30.492424614985268,0
18392,31.5641553576228,0
18393,32.41660318403688,0
18394,33.98315446312839,0
18395,32.59055568086643,0
18396,34.255399031508354,0
18397,34.3905992385995,0
18398,31.29860135693689,0
18399,33.648127551834015,0
18400,33.697301411906246,0
18401,32.182495246026164,0
18402,32.004103195149774,0
18403,30.1508589430547,0
18404,30.757505685067752,0
18405,29.846835029814176,0
18406,29.801042755347677,0
18407,29.66954069392011,0
18408,29.70202251951763,0
18409,27.828675462752816,0
18410,26.71038256430095,0
18411,27.919461028582496,0
18412,27.320056849575415,0
18413,25.619562792273015,0
18414,25.726373800737655,0
18415,24.327930759332382,0
18416,22.96787699652776,0
18417,24.504373971872226,0
18418,23.299966526996126,0
18419,21.880983087059466,0
18420,21.419976955847133,0
18421,22.623126452493864,0
18422,25.044189888851914,0
18423,22.605652056423185,0
18424,23.3419921143772,0
18425,21.16422367089708,0
18426,24.30044418308809,0
18427,25.06998221092631,0
18428,24.703533514830973,0
18429,25.863343268975928,0
18430,26.64119004730975,0
18431,27.798263067830227,0
18432,28.610797805586216,0
18433,26.84107119937096,0
18434,30.579175108575612,0
18435,29.731664589757084,0
18436,33.283234988244544,0
18437,32.757041789725676,0
18438,31.218848498423213,0
18439,31.461120974803613,0
18440,30.87505226076471,0
18441,34.16244972061486,0
18442,31.01815128363969,0
18443,33.001013245652125,0
18444,33.77565552425242,0
18445,33.094211028474305,0
18446,32.3932144187078,0
18447,32.45295986103711,0
18448,31.571008974326347,0
18449,31.552809519188635,0
18450,32.14270823763518,0
18451,31.71778900128042,0
18452,30.986748965565077,0
18453,30.395821443977997,0
18454,29.76618849347926,0
18455,28.96003805174193,0
18456,28.303802142374686,0
18457,27.787453019293487,0
18458,27.38108767986799,0
18459,25.688568928328845,0
18460,24.482853922429086,0
18461,23.66898287942749,0
18462,25.822681064377832,0
18463,23.47729322597294,0
18464,22.31660776210099,0
18465,22.099826449493438,0
18466,23.27209755487456,0
18467,23.48900803037601,0
18468,22.513696596147046,0
18469,22.38005771522247,0
18470,22.9050928184195,0
18471,23.478413301788276,0
18472,24.791281807291952,0
18473,24.902584058671394,0
18474,23.305437749878454,0
18475,23.62943580007401,0
18476,24.179240408220757,0
18477,26.829837107967737,0
18478,25.48400326550745,0
18479,28.282631112678384,0
18480,28.103506495073592,0
18481,28.24547430199959,0
18482,29.78589237995257,0
18483,29.509013145916402,0
18484,29.837878428069104,0
18485,28.861894666724584,0
18486,31.58274920383783,0
18487,31.365470973721436,0
18488,32.832928053071136,0
18489,31.890460453125797,0
18490,32.33036429685785,0
18491,31.941045693171382,0
18492,33.74435011500142,0
18493,33.68023728380668,0
18494,34.11772276989431,0
18495,34.26701788024343,0
18496,34.60312155748558,0
18497,31.959989343956003,0
18498,30.96663029156895,0
18499,29.00230791640367,0
18500,29.488163821325365,0
18501,29.27938897070405,0
18502,30.73532952896182,0
18503,26.145737406802734,0
18504,28.375969272135475,0
18505,28.06879036411656,0
18506,26.623208964245837,0
18507,25.71947329276988,0
18508,25.188279032045827,0
18509,26.04118523207241,0
18510,24.07091036320624,0
18511,24.57798586507939,0
18512,24.172863503195124,0
18513,21.85757175490411,0
18514,24.565480234663685,0
18515,23.639311499813864,0
18516,22.97460041664779,0
18517,23.447548866321192,0
18518,24.397606272817498,0
18519,22.266219867995602,0
18520,23.749659778179332,0
18521,25.139130435757163,0
18522,24.979820173134666,0
18523,24.706791242384934,0
18524,24.889883499768494,0
18525,26.51241858529181,0
18526,26.94037350734151,0
18527,26.674276218976352,0
18528,27.09946513937074,0
18529,28.062707023960694,0
18530,27.731074744779463,0
18531,29.482399840151146,0
18532,30.30337017279933,0
18533,31.622577122210267,0
18534,31.279853505286688,0
18535,32.80610785103142,0
18536,31.75837004293099,0
18537,29.810856230648902,0
18538,33.311719592431025,0
18539,32.16498058784347,0
18540,32.719096596363606,0
18541,31.51169770050215,0
18542,34.259436032582904,0
18543,34.573791387010154,0
18544,33.28140311486544,0
18545,30.71613009423148,0
18546,29.25381862650382,0
18547,30.235008561535615,0
18548,29.849696405994198,0
18549,30.228044271061897,0
18550,30.184603116560126,0
18551,30.299698566941338,0
18552,26.735862617963356,0
18553,27.965899041601897,0
18554,27.31864122052108,0
18555,26.08287432224627,0
18556,23.79427168093965,0
18557,24.27503769290913,0
18558,25.61361874740923,0
18559,23.06928348414897,0
18560,24.28368051835176,0
18561,22.60019746579551,0
18562,22.618853828002973,0
18563,23.63800245318452,0
18564,25.08259704406045,0
18565,24.657271586342166,0
18566,23.03539873456394,0
18567,24.031814539007808,0
18568,24.420292164125783,0
18569,24.48572830601446,0
18570,24.497385626841844,0
18571,25.735064092419638,0
18572,26.563020562799032,0
18573,26.680533274287956,0
18574,27.045499212335407,0
18575,27.179575418337123,0
18576,27.301485758023862,0
18577,27.832271455649973,0
18578,29.650520719236862,0
18579,31.488531844814418,0
18580,29.312301468125096,0
18581,29.679145722005327,0
18582,32.33236960359066,0
18583,32.42179566113432,0
18584,30.404103187810016,0
18585,31.94890713496826,0
18586,33.33245168242279,0
18587,31.7692415805094,0
18588,34.30771379503332,0
18589,33.075775677404486,0
18590,32.580106333651855,0
18591,33.68458419140043,0
18592,32.211200818963235,0
18593,31.9862883827504,0
18594,31.37759658967685,0
18595,30.759399049844077,0
18596,29.60112459809112,0
18597,31.51762299281992,0
18598,27.932162858434864,0
18599,29.13248525487039,0
18600,27.179045613738307,0
18601,27.594936014789813,0
18602,25.81003138849376,0
18603,26.327974625451176,0
18604,26.463662633339744,0
18605,25.01635417775972,0
18606,24.42029265889911,0
18607,24.10575885344966,0
18608,24.579145474512153,0
18609,22.38862013431579,0
18610,23.231687790432552,0
18611,24.234472522053686,0
18612,23.734931615766396,0
18613,23.607331848102916,0
18614,22.81962657544224,0
18615,22.41547140245138,0
18616,25.241306079298653,0
18617,23.957834252827002,0
18618,24.466307767075204,0
18619,25.732769989221197,0
18620,25.689394294100868,0
18621,25.35657911025314,0
18622,27.649720004377805,0
18623,26.84404411589682,0
18624,27.99356359044307,0
18625,28.460527472408195,0
18626,28.39422071236098,0
18627,30.49365110989954,0
18628,29.148654583197146,0
18629,32.03129658735785,0
18630,31.81996230419525,0
18631,31.27146777450918,0
18632,32.80973698983103,0
18633,31.14173378335721,0
18634,35.91778412304607,0
18635,32.86004361728454,0
18636,32.67540512214234,0
18637,32.1911792242674,0
18638,33.65506455283867,0
18639,32.344963837089736,0
18640,33.53610212222681,0
18641,32.70209690123301,0
18642,31.68150117464807,0
18643,29.81963592655625,0
18644,29.744788968079305,0
18645,29.07317338889403,0
18646,30.818748795404964,0
18647,28.796296678414663,0
18648,28.690287700234904,0
18649,28.00196674737543,0
18650,25.417359438680904,0
18651,24.56767553945186,0
18652,24.892260504004888,0
18653,22.254486076513366,0
18654,24.39030869109383,0
18655,23.801583910660646,0
18656,23.282420421683767,0
18657,24.528093973463537,0
18658,23.879675415229375,0
18659,22.828422506182655,0
18660,22.604806654231478,0
18661,23.233330552541858,0
18662,22.996788619073126,0
18663,23.90299215661648,0
18664,25.178570547838557,0
18665,23.909225161494096,0
18666,25.74462817182909,0
18667,25.700480295043135,0
18668,25.468646783658333,0
18669,25.8823251255136,0
18670,25.838977471527343,0
18671,27.878380718026524,0
18672,27.410540197692825,0
18673,28.605613570190517,0
18674,30.817703968283055,0
18675,31.230247124356524,0
18676,30.300229393786296,0
18677,30.444781598132913,0
18678,32.74251989173073,0
18679,31.67666318434632,0
18680,32.908643599518996,0
18681,30.72259315425522,0
18682,34.80376013137667,0
18683,31.612701925923172,0
18684,33.77732789018862,0
18685,34.36797511441374,0
18686,32.640904959733135,0
18687,33.62307414977233,0
18688,33.27967854324404,0
18689,32.32825989059375,0
18690,31.05979654080966,0
18691,31.065971480698856,0
18692,28.96674468706726,0
18693,30.58597840333309,0
18694,30.393216447312355,0
18695,30.43955205412158,0
18696,28.691092507858837,0
18697,27.43086044622981,0
18698,27.44910999107312,0
18699,25.54994992663316,0
18700,23.84715185025578,0
18701,24.723961821068436,0
18702,24.537167496065226,0
18703,24.324687909958246,0
18704,24.930692141706277,0
18705,24.19939255645278,0
18706,24.177561546827526,0
18707,24.225612671195584,0
18708,21.03231965227438,0
18709,24.474699268710417,0
18710,25.00611840553711,0
18711,23.436226909262796,0
18712,23.486235563434953,0
18713,24.572878928951965,0
18714,24.454628593235455,0
18715,24.40894989542483,0
18716,25.897538265282325,0
18717,25.1244481044242,0
18718,28.093058969340735,0
18719,26.604354107385124,0
18720,27.181449169136357,0
18721,28.248234028661997,0
18722,30.993270497854553,0
18723,28.70283833754761,0
18724,30.84095317931688,0
18725,30.258792621624245,0
18726,30.136756107044164,0
18727,33.49359681677346,0
18728,32.54519846955969,0
18729,33.89632146215815,0
18730,33.99316792546615,0
18731,32.42519212610378,0
18732,32.51685771665621,0
18733,32.900448767234586,0
18734,32.671417882965436,0
18735,33.116209082441806,0
18736,33.872604585006286,0
18737,31.199684058407993,0
18738,31.021457105792127,0
18739,32.30842902059779,0
18740,31.98913507692792,0
18741,29.57745998190101,0
18742,29.64945695703239,0
18743,28.391185619371,0
18744,29.641715162865776,0
18745,27.952917806475753,0
18746,26.941647308016798,0
18747,27.032691276038943,0
18748,26.366138690531287,0
18749,24.9705458569247,0
18750,25.237306592986222,0
18751,24.523975471348223,0
18752,23.971450834767264,0
18753,23.452471584412926,0
18754,24.15015802871021,0
18755,24.54633677849344,0
18756,21.792093958147564,0
18757,23.324782232061533,0
18758,21.89658124470756,0
18759,22.886130012145316,0
18760,22.867666818784944,0
18761,22.891018509580057,0
18762,24.8490227191402,0
18763,24.877384536924357,0
18764,25.22025378108217,0
18765,25.874783122362608,0
18766,25.926475180516395,0
18767,27.088518107693844,0
18768,27.314204122583206,0
18769,28.468584037336665,0
18770,28.7685593364832,0
18771,30.009639344740613,0
18772,30.71946052268034,0
18773,30.898482831301195,0
18774,32.796672366240905,0
18775,32.24942966057284,0
18776,32.10335960899192,0
18777,33.19881311951577,0
18778,30.323081527624883,0
18779,31.763964027732975,0
18780,32.71338049990237,0
18781,32.58453820995901,0
18782,32.078632748120306,0
18783,32.145175420669425,0
18784,32.7644156301252,0
18785,31.38607343627645,0
18786,32.051984205602544,0
18787,31.81513066523113,0
18788,30.443273815917753,0
18789,30.762294156444895,0
18790,28.6211065557347,0
18791,29.694337128132727,0
18792,28.907014151684695,0
18793,27.606567135728838,0
18794,27.08097834247176,0
18795,24.26948426240215,0
18796,24.439095616324813,0
18797,24.111577721503618,0
18798,24.441349087065937,0
18799,24.44439767907363,0
18800,23.433364019281207,0
18801,24.020546994108027,0
18802,23.75035026537601,0
18803,20.29771937590001,0
18804,23.26633494507191,0
18805,22.86497183188347,0
18806,22.270220161232288,0
18807,23.070331749217868,0
18808,24.26884982576958,0
18809,24.71123656739787,0
18810,24.301153697196835,0
18811,24.583405097382602,0
18812,25.98306498568463,0
18813,25.314477383004117,0
18814,28.291580606122523,0
18815,26.86784306484835,0
18816,27.96173248025352,0
18817,27.024518158757537,0
18818,29.27484288554793,0
18819,30.18262691149012,0
18820,28.88407891749072,0
18821,30.565282830243458,0
18822,32.209913878519025,0
18823,33.232645548846804,0
18824,33.02790405908321,0
18825,32.85890301709823,0
18826,32.855155515735596,0
18827,33.7730020557238,0
18828,33.20511504198439,0
18829,32.45677028869253,0
18830,30.958092408811297,0
18831,31.681340629067293,0
18832,32.45241893794599,0
18833,32.54603058389021,0
18834,31.091378031635724,0
18835,30.948319377093014,0
18836,30.599619126032422,0
18837,29.669569630467247,0
18838,28.233620942691847,0
18839,28.282195182562692,0
18840,28.51518889444815,0
18841,28.2271217546663,0
18842,26.186409237652594,0
18843,23.790684077288834,0
18844,24.092208612457707,0
18845,22.896862257156933,0
18846,22.806441382038226,0
18847,24.373101025809458,0
18848,23.13393918508569,0
18849,24.698779425200783,0
18850,22.12352803409629,0
18851,23.076376371720404,0
18852,23.14650218275638,0
18853,23.358971943160995,0
18854,21.38735985278436,0
18855,23.000246142275532,0
18856,24.602768706955793,0
18857,22.208614099912893,0
18858,26.882069453244267,0
18859,25.012401832183922,0
18860,25.829617065152178,0
18861,27.381905084783213,0
18862,26.782681655600733,0
18863,28.33709708260598,0
18864,25.694480056204824,0
18865,28.436300303058264,0
18866,28.00981390400473,0
18867,30.751671375474935,0
18868,30.318395277211287,0
18869,30.357765227301396,0
18870,32.31820833918212,0
18871,29.835196368104665,0
18872,33.427906055975114,0
18873,31.778852113059607,0
18874,32.155316220844526,0
18875,30.54126033281053,0
18876,34.09654653131582,0
18877,34.12276440958615,0
18878,32.59320777156515,0
18879,32.13377271345035,0
18880,32.463422282916994,0
18881,33.76705374685443,0
18882,30.900441821807984,0
18883,30.5042637076572,0
18884,27.978091753465396,0
18885,27.790228395716483,0
18886,28.981661306026684,0
18887,28.079711337015585,0
18888,28.853351182905232,0
18889,26.779010511428154,0
18890,27.16115944232016,0
18891,26.57773987737172,0
18892,27.40407593095081,0
18893,24.50694272094311,0
18894,24.828008635259746,0
18895,25.09884132649811,0
18896,22.16628539347022,0
18897,23.80596781521844,0
18898,21.90851164831276,0
18899,22.475627772175166,0
18900,21.62466224659773,0
18901,22.689214425849773,0
18902,23.39057184046335,0
18903,24.94874329153373,0
18904,23.457827170160005,0
18905,24.08289135702321,0
18906,23.726864573461686,0
18907,24.84526929769539,0
18908,27.568574512668945,0
18909,25.939649366293324,0
18910,26.641683421623796,0
18911,26.45909197412895,0
18912,28.566849146132466,0
18913,29.46942278947906,0
18914,30.451056374820084,0
18915,29.433600819792975,0
18916,29.825433718703135,0
18917,32.312827390870936,0
18918,31.50969599076692,0
18919,31.939609436467588,0
18920,33.052428238765174,0
18921,32.84338657171067,0
18922,31.698741078461282,0
18923,33.87960644451417,0
18924,33.21909091980571,0
18925,30.89977749850505,0
18926,32.10939111380024,0
18927,32.19215765050885,0
18928,30.698858737771445,0
18929,31.32391294649759,0
18930,31.502765106088138,0
18931,31.37193025757617,0
18932,30.559970076492355,0
18933,28.46254039905072,0
18934,31.953677310666635,0
18935,29.31226878962625,0
18936,28.505522999169013,0
18937,27.87828912434239,0
18938,26.184216825337995,0
18939,24.678953910645365,0
18940,25.3013571496916,0
18941,25.1572595062498,0
18942,24.613039253774314,0
18943,24.593659388860754,0
18944,24.760333212672673,0
18945,21.75801499722395,0
18946,21.98514352402731,0
18947,21.830401559286518,0
18948,22.857124618704244,0
18949,22.62392694562982,0
18950,23.238697343678698,0
18951,22.901239964750676,0
18952,24.093544990550832,0
18953,23.656062745567436,0
18954,25.00031652469604,0
18955,23.881061572957048,0
18956,25.34537023734188,0
18957,25.145770755735775,0
18958,27.257636567841843,0
18959,27.583529237867047,0
18960,27.70654441857151,0
18961,28.358326454471907,0
18962,29.31364757884354,0
18963,30.178226716736905,0
18964,29.075846741543355,0
18965,28.56586911702069,0
18966,31.4790466971945,0
18967,32.67610970709176,0
18968,32.598443758466026,0
18969,31.768499551367814,0
18970,33.962025957091726,0
18971,31.752669727536226,0
18972,31.46149890572692,0
18973,32.01521094778065,0
18974,33.371817415240955,0
18975,33.57805920927536,0
18976,31.863291882808547,0
18977,30.873252204527297,0
18978,30.975490881183052,0
18979,31.591331371007485,0
18980,30.86586098626128,0
18981,30.34952023518669,0
18982,30.208075379497245,0
18983,30.114450695470143,0
18984,28.085622776487696,0
18985,27.267915811794424,0
18986,25.75981534035202,0
18987,25.611786324409437,0
18988,23.571498996816068,0
18989,24.99153590984795,0
18990,22.686231964024852,0
18991,22.79982700344027,0
18992,24.37848904903894,0
18993,23.542018335318907,0
18994,22.820142245042426,0
18995,23.224708245218004,0
18996,23.782970908005986,0
18997,22.37119996775268,0
18998,21.610139865618994,0
18999,26.510875436252263,0
19000,24.869852749027565,0
19001,24.264938655709383,0
19002,23.37715629417312,0
19003,25.917177482118372,0
19004,24.845702629447256,0
19005,24.96695519470957,0
19006,26.620815664593113,0
19007,26.964287572681616,0
19008,27.76940019727453,0
19009,28.969131006293185,0
19010,30.087823954362253,0
19011,29.463702734884116,0
19012,29.551725213361642,0
19013,31.418726329366557,0
19014,32.936975914445576,0
19015,32.57190110290724,0
19016,32.86101974947019,0
19017,30.19507616586209,0
19018,33.669152266684506,0
19019,33.727642428167634,0
19020,31.11515051331426,0
19021,33.16531850825661,0
19022,34.94848275834502,0
19023,33.42245642792417,0
19024,31.104030546338826,0
19025,33.090693973344855,0
19026,30.922163611842247,0
19027,30.029542352150997,0
19028,30.51637391785734,0
19029,28.681022224336722,0
19030,28.318913148541206,0
19031,30.86813565003312,0
19032,25.915439285085075,0
19033,28.587780788137167,0
19034,28.105966496025168,0
19035,25.712361636898606,0
19036,26.201950969730404,0
19037,24.896715449237952,0
19038,24.327253717463996,0
19039,24.04388213721794,0
19040,25.24884921061778,0
19041,24.795756564973917,0
19042,23.13608479225505,0
19043,22.34124073168998,0
19044,22.255113212033226,0
19045,22.353357261100534,0
19046,24.706449494531057,0
19047,23.777938690549856,0
19048,25.291206941989188,0
19049,24.676939282585938,0
19050,25.74408834863715,0
19051,23.32846074980402,0
19052,26.68011040378076,0
19053,24.614211132992036,0
19054,27.593518064600126,0
19055,28.614025336778077,0
19056,26.872699390692127,0
19057,29.354630264581612,0
19058,29.185890877484145,0
19059,29.993739156056208,0
19060,31.893279848576785,0
19061,30.737347629637874,0
19062,30.262168223538634,0
19063,33.29644026354161,0
19064,33.21357343522468,0
19065,32.86140220022806,0
19066,30.876303058633393,0
19067,32.16667014352295,0
19068,33.457659991114724,0
19069,31.221880740165645,0
19070,34.482425283734564,0
19071,33.14216262531676,0
19072,31.475284477094224,0
19073,30.802241823094207,0
19074,31.356060419731396,0
19075,32.09190684972777,0
19076,28.212323622148762,0
19077,29.47996778386239,0
19078,29.199069066557506,0
19079,29.384756485301065,0
19080,27.228011326450254,0
19081,28.291667657130315,0
19082,26.68779281706802,0
19083,25.331523699649356,0
19084,27.177389817166148,0
19085,24.78816380447705,0
19086,23.78893096290461,0
19087,24.021898514542087,0
19088,24.29099346831922,0
19089,23.519584678581616,0
19090,23.63474491962606,0
19091,23.831901213849438,0
19092,22.45232727024891,0
19093,21.205546463374926,0
19094,23.118295299623302,0
19095,21.70076596746208,0
19096,23.792235852218745,0
19097,23.834531284542138,0
19098,22.94431040524208,0
19099,25.033219675659154,0
19100,26.30670710229846,0
19101,27.11246247212137,0
19102,28.577499582847032,0
19103,26.262930333043776,0
19104,28.829224024421396,0
19105,28.886554754033206,0
19106,29.006558986968876,0
19107,30.718508826860745,0
19108,29.97556957693562,0
19109,32.20117396739615,0
19110,29.82418084847003,0
19111,32.02537605817351,0
19112,31.130245379005707,0
19113,32.56335418248082,0
19114,32.34292114431505,0
19115,33.154998809873696,0
19116,31.27701062614121,0
19117,33.66928692263563,0
19118,31.024259046177516,0
19119,33.32822998888572,0
19120,32.99164779663727,0
19121,32.00348518611278,0
19122,33.63131537508268,0
19123,30.487505012368253,0
19124,32.033309937948324,0
19125,30.075263366537055,0
19126,28.663787218906474,0
19127,30.034765054862827,0
19128,27.430283820140986,0
19129,27.13524099048438,0
19130,26.4772911769265,0
19131,26.29439120792505,0
19132,25.197328766233312,0
19133,24.45128312128706,0
19134,24.617911836511464,0
19135,23.760167810861503,0
19136,22.98882915670813,0
19137,22.64112254078338,0
19138,24.02844685221285,0
19139,23.402362442677862,0
19140,22.45369578345851,0
19141,23.796357159476432,0
19142,23.244369276338464,0
19143,24.547556221183875,0
19144,22.99073345203167,0
19145,24.45843684459473,0
19146,24.031243153593326,0
19147,24.25161539974409,0
19148,23.395287262718636,0
19149,25.60375864342678,0
19150,27.17372210421155,0
19151,26.59739442474247,0
19152,27.88641001602708,0
19153,29.78726730780624,0
19154,27.88504394489877,0
19155,30.5618824475173,0
19156,28.513694550782624,0
19157,31.75196203730511,0
19158,32.0773274292528,0
19159,33.716853234580825,0
19160,32.07198785051921,0
19161,32.93243346751329,0
19162,31.018007297732616,0
19163,33.88032322300355,0
19164,31.90775463802343,0
19165,30.463176842327478,0
19166,32.975432954090444,0
19167,33.364598134920264,0
19168,31.114027985106837,0
19169,31.682632835812726,0
19170,31.39238214903242,0
19171,31.94337508809376,0
19172,31.04383690153626,0
19173,29.301771135808853,0
19174,29.98549275203736,0
19175,29.26292239096421,0
19176,29.38002371185251,0
19177,28.17915153879681,0
19178,27.550303869637613,0
19179,25.58653204060563,0
19180,25.194568462787434,0
19181,26.37564946016708,0
19182,23.68348643192405,0
19183,23.99713622059931,0
19184,24.818413689221217,0
19185,22.59787947156113,0
19186,23.66962502184798,0
19187,23.03484799136555,0
19188,25.486891089608633,0
19189,25.126136171420015,0
19190,24.236689045321608,0
19191,22.636033853702937,0
19192,24.79865472650206,0
19193,22.67269207289636,0
19194,25.367091356907522,0
19195,24.4969185706731,0
19196,23.93895496077721,0
19197,26.528243196134827,0
19198,26.983077631063864,0
19199,28.43983400297271,0
19200,28.445370644000253,0
19201,29.402186147052912,0
19202,28.92400019889601,0
19203,28.636757900040212,0
19204,30.134538272142844,0
19205,30.716004863896266,0
19206,31.41720405541804,0
19207,33.511985304389086,0
19208,31.895411014772055,0
19209,32.80004722124836,0
19210,32.618208287165515,0
19211,33.6060786440748,0
19212,31.704137116100007,0
19213,33.08687014257167,0
19214,33.90093521080053,0
19215,33.20294695017657,0
19216,33.20313928546493,0
19217,31.851409166257525,0
19218,31.012620966449525,0
19219,29.801560125761245,0
19220,31.69882566093782,0
19221,27.765202671269197,0
19222,29.625524673377868,0
19223,27.90124117155681,0
19224,29.10468927144342,0
19225,27.457423455595478,0
19226,26.8162556909911,0
19227,24.889517763861324,0
19228,27.24896711521615,0
19229,25.87733708040488,0
19230,26.93267207458986,0
19231,25.515574983398917,0
19232,23.52037676963468,0
19233,24.637724718066004,0
19234,23.522281846254216,0
19235,23.627364706462533,0
19236,22.823742765119285,0
19237,22.74059714473652,0
19238,24.2288820503276,0
19239,24.698320384855165,0
19240,22.25144042394697,0
19241,24.017171558126776,0
19242,23.267788026485853,0
19243,24.93418359030635,0
19244,25.7771218517181,0
19245,25.052331721988953,0
19246,28.46392347385608,0
19247,28.871397346502903,0
19248,28.34167836541561,0
19249,28.54766820111549,0
19250,30.06217863502852,0
19251,29.876862198508743,0
19252,29.941206488706595,0
19253,30.546829274186884,0
19254,32.99399559307569,0
19255,31.894346925256475,0
19256,31.87296246905135,0
19257,32.075334227465845,0
19258,33.67831613990694,0
19259,33.27094278930772,0
19260,33.94822716251221,0
19261,33.61147201823763,0
19262,33.77688487278588,0
19263,32.61731495677456,0
19264,30.153837591863617,0
19265,32.80986181351577,0
19266,31.00770993422458,0
19267,30.54001685400846,0
19268,29.79321489876617,0
19269,30.746022433268987,0
19270,28.77845330935163,0
19271,28.39644760043912,0
19272,25.84493835915207,0
19273,26.938413753791743,0
19274,27.660108295858223,0
19275,25.89033050097629,0
19276,25.893551654699575,0
19277,25.888028119857953,0
19278,25.732633181925983,0
19279,24.01236171726374,0
19280,24.89351288468842,0
19281,23.589120116506532,0
19282,22.954547118928353,0
19283,23.987044038176563,0
19284,21.241538744861646,0
19285,23.740559601355116,0
19286,23.92939003491157,0
19287,22.396940096204307,0
19288,24.786169302386703,0
19289,24.131262130521023,0
19290,24.596905607691,0
19291,23.305767561007034,0
19292,25.715622522309467,0
19293,26.27903504039422,0
19294,26.064207415289687,0
19295,27.038191751679328,0
19296,28.3870202829955,0
19297,28.031040816398963,0
19298,29.528362603435692,0
19299,30.56081286702164,0
19300,30.69798831754837,0
19301,30.899661604207616,0
19302,31.363565442554684,0
19303,29.939940651703203,0
19304,31.439765475346984,0
19305,33.393602711322,0
19306,32.818139113483895,0
19307,32.07169482075272,0
19308,33.18990724483147,0
19309,34.025634486835735,0
19310,32.897265125155386,0
19311,31.796661388797222,0
19312,31.899909229247783,0
19313,30.921947984555814,0
19314,32.693370405495465,0
19315,31.900294843856724,0
19316,29.9555448277602,0
19317,30.448341997410925,0
19318,28.339593912718477,0
19319,28.724215368793004,0
19320,25.93700864555276,0
19321,26.903048991476858,0
19322,28.462702196563363,0
19323,27.329409693686856,0
19324,25.304088564360004,0
19325,25.3985225838876,0
19326,23.575550199734806,0
19327,24.365071774390504,0
19328,23.708292116984474,0
19329,23.64059643497101,0
19330,23.085697858449244,0
19331,21.635937062447674,0
19332,22.090057892438068,0
19333,22.792307340175945,0
19334,24.13408822952604,0
19335,20.881017331368653,0
19336,22.63243560407999,0
19337,23.11352159558494,0
19338,24.22564209311599,0
19339,25.015853540489275,0
19340,23.342440285985,0
19341,26.969134237653424,0
19342,28.027260548307854,0
19343,28.89513256397031,0
19344,29.49136151369426,0
19345,30.493362199179806,0
19346,28.80940453184822,0
19347,30.1470220700966,0
19348,30.249995381236364,0
19349,31.065210709323896,0
19350,32.428779047313455,0
19351,32.08333811277574,0
19352,33.924749265176764,0
19353,34.64531266754333,0
19354,30.31919242536084,0
19355,34.057202820717634,0
19356,32.90864287063229,0
19357,34.96824982210117,0
19358,33.91297851276455,0
19359,32.109128069037006,0
19360,31.15806073419666,0
19361,32.62487824454386,0
19362,32.09860506558857,0
19363,32.54704361508622,0
19364,31.09581843629603,0
19365,29.074032452166474,0
19366,29.445878288906812,0
19367,30.05897993176613,0
19368,27.674472765241006,0
19369,26.53680837953219,0
19370,28.31773292385416,0
19371,25.655975881717445,0
19372,26.069858263946745,0
19373,25.275692515250118,0
19374,26.8556330689828,0
19375,25.97296111346365,0
19376,25.76991523983811,0
19377,22.291175412321433,0
19378,23.200296633735842,0
19379,19.805677777022066,0
19380,21.758490949314893,0
19381,22.006952781977386,0
19382,23.529349282593277,0
19383,22.691149450397248,0
19384,21.82510598416165,0
19385,25.417460151656154,0
19386,24.517785536493765,0
19387,24.5723865462929,0
19388,24.15360609550506,0
19389,26.21487932405162,0
19390,26.642361466101814,0
19391,28.286366448464783,0
19392,26.651256217347207,0
19393,28.451437463513386,0
19394,28.748757286990603,0
19395,28.601326446660348,0
19396,30.437132777188204,0
19397,30.763604036603688,0
19398,29.87451143446856,0
19399,32.637316561907134,0
19400,32.21879241011836,0
19401,32.10614096838056,0
19402,31.775964348848095,0
19403,34.191994454185526,0
19404,32.86832100059698,0
19405,33.53050758312618,0
19406,33.681629100752346,0
19407,31.57242250579305,0
19408,32.86502063575445,0
19409,31.57349292390232,0
19410,31.227149942900965,0
19411,29.165132862114824,0
19412,30.635928131872674,0
19413,30.150343120204756,0
19414,28.580213809980293,0
19415,27.41891793072173,0
19416,26.792714555434742,0
19417,27.48561196565751,0
19418,27.108669468813055,0
19419,25.604413233093716,0
19420,24.341034940178325,0
19421,25.37516592235437,0
19422,24.820986303685242,0
19423,24.75726657137316,0
19424,23.90358375682304,0
19425,23.827213370027344,0
19426,23.59361994077464,0
19427,20.70743272382123,0
19428,21.54344845259801,0
19429,24.457589735000454,0
19430,23.491707397879427,0
19431,24.89348822945031,0
19432,24.39203839638086,0
19433,24.22136207929302,0
19434,24.256035150466804,0
19435,25.464839613329605,0
19436,26.75531203984949,0
19437,26.11932199298077,0
19438,27.16449361804887,0
19439,26.93194613559323,0
19440,27.715618515904787,0
19441,28.76082428855733,0
19442,29.847922172215508,0
19443,30.728086082208815,0
19444,31.039308400607815,0
19445,30.307440931785003,0
19446,31.537023553322665,0
19447,31.68083318517421,0
19448,33.097842548162824,0
19449,33.851710593047,0
19450,34.56104290942736,0
19451,33.31600399347039,0
19452,33.481485441416055,0
19453,33.067816700988004,0
19454,33.85225241496409,0
19455,31.924309231428886,0
19456,32.90120562815252,0
19457,31.677101982757605,0
19458,30.626779687399505,0
19459,32.39861858175669,0
19460,29.89954293431522,0
19461,29.540818812419293,0
19462,28.911727701208143,0
19463,29.233482787357975,0
19464,28.054287873973426,0
19465,27.862990642091166,0
19466,26.576498023248774,0
19467,27.212360278255776,0
19468,24.798436324184948,0
19469,25.945856222402387,0
19470,24.434291785939216,0
19471,25.25991426819425,0
19472,23.612075971052413,0
19473,21.816420674854875,0
19474,21.71648998313872,0
19475,22.89096108487755,0
19476,23.008562362191835,0
19477,22.535773808755525,0
19478,22.59452898291278,0
19479,23.432072766694905,0
19480,22.966806693185973,0
19481,22.57205880255868,0
19482,24.941332048498086,0
19483,24.330478865108493,0
19484,25.22124562458481,0
19485,23.705843981534404,0
19486,26.365385473074262,0
19487,27.461236663348878,0
19488,28.76797553818186,0
19489,29.00212939074612,0
19490,29.39263289987244,0
19491,31.020988132442138,0
19492,29.247606579353345,0
19493,32.38018053239028,0
19494,32.22326657341631,0
19495,31.13909913265411,0
19496,33.076655981199416,0
19497,33.32091321665178,0
19498,32.57282793727409,0
19499,31.232473395802344,0
19500,31.566211986801587,0
19501,32.36063647426443,0
19502,32.78359268726094,0
19503,32.349846936478926,0
19504,33.65064651918169,0
19505,31.00762074290154,0
19506,31.46342728771444,0
19507,29.605961001361838,0
19508,29.970879014237642,0
19509,30.132352565268402,0
19510,28.738106936133853,0
19511,29.90304871627413,0
19512,28.19884736452461,0
19513,28.499227389100533,0
19514,27.58865240927116,0
19515,26.46060806341924,0
19516,25.514726463392222,0
19517,25.216248601016108,0
19518,24.43969042688933,0
19519,22.92529626221534,0
19520,23.326131956262603,0
19521,23.403580596360236,0
19522,23.7652742703736,0
19523,23.411346905368326,0
19524,24.180836120289698,0
19525,21.826352243094874,0
19526,25.236653565277486,0
19527,22.686096204896167,0
19528,23.69823378557097,0
19529,23.69491385894872,0
19530,23.632067730631224,0
19531,24.000100302638604,0
19532,25.45538401483299,0
19533,27.031829784539497,0
19534,26.295004965611852,0
19535,25.847337337641417,0
19536,29.620188608439666,0
19537,29.36206165465339,0
19538,29.164844356950965,0
19539,31.594795362214484,0
19540,31.191400358207922,0
19541,31.396214220352437,0
19542,34.7289463861503,0
19543,31.306253818737474,0
19544,32.95688846348004,0
19545,32.8503385348777,0
19546,32.087447769735896,0
19547,31.57499789026001,0
19548,32.167097021277336,0
19549,33.187927844331874,0
19550,34.45213025487862,0
19551,31.906244087230448,0
19552,33.200141897441455,0
19553,31.75666965219392,0
19554,31.354111870445358,0
19555,30.394187322686943,0
19556,28.91278278995855,0
19557,28.864527313765024,0
19558,28.355935881538926,0
19559,25.80987119057967,0
19560,28.836868098512554,0
19561,27.376046100864905,0
19562,26.521838348535432,0
19563,27.920472664702036,0
19564,23.32197344568772,0
19565,25.073465551397643,0
19566,25.32261155905144,0
19567,24.227008977906184,0
19568,23.763307781335026,0
19569,23.219662456219645,0
19570,22.422216448059164,0
19571,21.027451859999918,0
19572,20.548343003754955,0
19573,24.246343372061308,0
19574,23.942873989093545,0
19575,22.0662467628711,0
19576,25.382014959229085,0
19577,24.223879945990568,0
19578,24.371184613893295,0
19579,24.901669862010294,0
19580,24.31252437409387,0
19581,26.558584452928375,0
19582,25.34526946295375,0
19583,26.710289276581797,0
19584,27.55440605249007,0
19585,27.84837640962519,0
19586,28.297195600086184,0
19587,29.77987901901364,0
19588,31.84690281887288,0
19589,30.521142650688407,0
19590,33.874725305962606,0
19591,30.51282593137128,0
19592,34.06610707931231,0
19593,32.715739513432055,0
19594,30.831971199556488,0
19595,33.21277410821703,0
19596,32.849625774780996,0
19597,33.27374552532074,0
19598,32.683913855409074,0
19599,32.06021967310085,0
19600,32.250554449505806,0
19601,32.53718154780196,0
19602,30.386842158729703,0
19603,31.011173248436673,0
19604,30.783066060343412,0
19605,28.71729173409868,0
19606,31.030190058673348,0
19607,29.211405107743683,0
19608,27.772868609768725,0
19609,24.97209220923722,0
19610,26.630890129361447,0
19611,28.7534735357819,0
19612,26.091929107722002,0
19613,24.393375004503294,0
19614,23.86916083198301,0
19615,22.905444679490756,0
19616,24.252811162456965,0
19617,23.959647384938354,0
19618,22.67178011107417,0
19619,22.398820613010564,0
19620,22.900677492874486,0
19621,22.154569152497956,0
19622,24.17261575135093,0
19623,24.81134399538606,0
19624,23.367886155065953,0
19625,25.945644801214996,0
19626,25.915532081629454,0
19627,25.257266636843305,0
19628,25.09025048811074,0
19629,27.480089438349825,0
19630,25.083952431972946,0
19631,27.378495600094855,0
19632,27.181847307438908,0
19633,28.113420199045397,0
19634,30.397872312711634,0
19635,28.514574220885955,0
19636,30.847009503709426,0
19637,32.591571629547474,0
19638,30.78755269743274,0
19639,30.988014524877563,0
19640,34.4751889661152,0
19641,30.71839330166293,0
19642,32.792772202983095,0
19643,33.18518707135476,0
19644,31.976711821667806,0
19645,33.24551437711887,0
19646,31.751012106843042,0
19647,32.059612880960934,0
19648,32.56564229090213,0
19649,31.86210648657623,0
19650,32.554431158450065,0
19651,32.20201537361825,0
19652,31.724019934396587,0
19653,27.607781207187223,0
19654,28.910392294096845,0
19655,28.223168964640166,0
19656,28.38523872793452,0
19657,26.25813760845629,0
19658,25.345272987817005,0
19659,27.1851513795754,0
19660,23.99307306347552,0
19661,24.545258432203003,0
19662,22.85717353130304,0
19663,24.88904148672277,0
19664,22.570999894159524,0
19665,23.44576992152974,0
19666,23.135993760460273,0
19667,24.573119146350255,0
19668,23.379503722098224,0
19669,22.034907189595963,0
19670,21.04915803914404,0
19671,23.503045970670573,0
19672,24.56811912570628,0
19673,26.61403854060483,0
19674,23.874644205415414,0
19675,23.90091260727107,0
19676,24.59827604003226,0
19677,27.891439225646923,0
19678,27.015506326309957,0
19679,26.762639812365325,0
19680,29.20847456555694,0
19681,29.31877341470127,0
19682,27.48731128171043,0
19683,27.566577654080422,0
19684,32.6404494118697,0
19685,31.266462104048262,0
19686,30.472337771865234,0
19687,31.41066511076635,0
19688,33.35081186120482,0
19689,31.7501434134915,0
19690,33.99622222560027,0
19691,33.112146343382776,0
19692,32.92547981579907,0
19693,32.7412177951366,0
19694,31.922623856247935,0
19695,30.406423835794804,0
19696,33.53235347365057,0
19697,31.47996822475308,0
19698,31.035824487378562,0
19699,30.234267069227435,0
19700,29.56457742513446,0
19701,29.260763791661606,0
19702,27.00806780007628,0
19703,28.305289707545498,0
19704,27.92363044393307,0
19705,26.119366098908575,0
19706,27.005436538156047,0
19707,26.03271879576748,0
19708,24.69887954463581,0
19709,24.156352575760007,0
19710,24.924010193249558,0
19711,23.49204431213552,0
19712,22.484656682430696,0
19713,24.102602613095037,0
19714,22.97479264190512,0
19715,22.979881174062903,0
19716,22.092238938139484,0
19717,23.00322233046602,0
19718,24.179986169612736,0
19719,23.499403486520343,0
19720,24.00883488455668,0
19721,24.126925592241797,0
19722,24.58366753768814,0
19723,22.739573219089948,0
19724,26.071575917785616,0
19725,27.00520827815837,0
19726,26.68642121481341,0
19727,28.057503285110304,0
19728,27.799992628102306,0
19729,29.718159916812873,0
19730,27.83419533352453,0
19731,30.358328873188917,0
19732,31.516888811662252,0
19733,32.14471012141503,0
19734,32.4346035731735,0
19735,32.568337288823315,0
19736,31.760287444952205,0
19737,31.778082075139224,0
19738,33.48119060808529,0
19739,32.492480910892226,0
19740,33.4389773689518,0
19741,31.826608428025082,0
19742,32.81149811698468,0
19743,31.371908321063803,0
19744,31.095022588108083,0
19745,32.16330855908102,0
19746,32.956536229906895,0
19747,31.20228483183211,0
19748,31.580812923345405,0
19749,30.726771942463415,0
19750,29.755229109621162,0
19751,28.371085820627084,0
19752,27.99422137290997,0
19753,28.36432935080472,0
19754,28.070027657923493,0
19755,26.347981422917083,0
19756,26.106383772884882,0
19757,26.61252745855656,0
19758,24.837703189920205,0
19759,23.35858109158728,0
19760,23.05867602427587,0
19761,22.252161687470096,0
19762,21.62530923963039,0
19763,22.6838557860846,0
19764,23.08049242963363,0
19765,23.32023134082799,0
19766,23.68368024911792,0
19767,23.37343978198608,0
19768,25.350986355001314,0
19769,23.17959048827317,0
19770,24.39592515814204,0
19771,26.77324369752516,0
19772,26.64846212188893,0
19773,25.824629737008127,0
19774,29.40683233344127,0
19775,28.476024016496545,0
19776,27.23639769567197,0
19777,28.252549379790082,0
19778,30.212854828337843,0
19779,28.81671420025365,0
19780,31.70586037765482,0
19781,31.916003890558738,0
19782,31.534842394072882,0
19783,34.301406948370975,0
19784,31.14531907112484,0
19785,31.734155935609223,0
19786,33.84287281086834,0
19787,32.09185110118975,0
19788,34.34837187743104,0
19789,32.18442697208619,0
19790,34.23023796103882,0
19791,33.59169950739852,0
19792,32.63592168078452,0
19793,31.33556392077198,0
19794,30.830492269682228,0
19795,31.016811903467968,0
19796,28.430182244213974,0
19797,29.504762756053328,0
19798,28.920074814184503,0
19799,28.466489272355137,0
19800,27.079618039581135,0
19801,28.41274430605341,0
19802,27.50748962686186,0
19803,25.659368481160747,0
19804,25.12110755526253,0
19805,23.11621675730965,0
19806,24.09953115830521,0
19807,23.88076017265119,0
19808,24.812427802486944,0
19809,24.698348639486966,0
19810,23.872570379629064,0
19811,23.083313503158283,0
19812,23.934416147540265,0
19813,24.190638804595604,0
19814,22.549210932622774,0
19815,22.66861777279285,0
19816,24.244361153016488,0
19817,24.33148813353953,0
19818,24.534373619546113,0
19819,24.879929248836746,0
19820,24.327017200330292,0
19821,26.077688816180125,0
19822,26.18867832086603,0
19823,27.028386329215195,0
19824,27.462687000860033,0
19825,30.33664652280049,0
19826,30.287585930709643,0
19827,31.343494344365265,0
19828,30.527159691160932,0
19829,32.7358051532684,0
19830,31.399552027156464,0
19831,31.835558389356088,0
19832,33.502387778261756,0
19833,33.279326566134976,0
19834,32.98631587619571,0
19835,33.52361176050638,0
19836,34.552616966351124,0
19837,34.26602410235506,0
19838,32.69177371026823,0
19839,32.92110408563995,0
19840,31.548618905054823,0
19841,31.327032805387322,0
19842,32.834658219676676,0
19843,33.34657476172981,0
19844,31.715211818709967,0
19845,29.4707250355349,0
19846,30.27006105155135,0
19847,28.492699301323366,0
19848,28.511489162167543,0
19849,28.04080322595588,0
19850,25.845386638132435,0
19851,26.16491127398848,0
19852,26.656248990710274,0
19853,23.902714521000465,0
19854,24.564232034272774,0
19855,25.707777754345276,0
19856,24.78652116704187,0
19857,22.343649773939934,0
19858,22.559214783770408,0
19859,22.546379832325563,0
19860,24.02305990378183,0
19861,21.25990018584288,0
19862,23.125551142412867,0
19863,24.213699565254682,0
19864,23.161719406252818,0
19865,24.52542588656392,0
19866,24.192725756166865,0
19867,23.291262067727782,0
19868,24.02101620452145,0
19869,25.750648711657576,0
19870,26.997830385778347,0
19871,27.66086461259373,0
19872,27.87594479373903,0
19873,28.714289941516903,0
19874,29.147465823154295,0
19875,28.458869913349826,0
19876,31.184737439116454,0
19877,31.276656005929382,0
19878,32.407259440498606,0
19879,32.922153611497606,0
19880,32.75320420782104,0
19881,33.898073985111274,0
19882,33.35977613286359,0
19883,33.89756901329556,0
19884,34.529126939177395,0
19885,31.507540125449736,0
19886,32.52230723439597,0
19887,32.65184870805739,0
19888,32.44792374274391,0
19889,30.47945166658791,0
19890,30.835541643766184,0
19891,29.921037669366868,0
19892,31.49586499669238,0
19893,31.02752230131218,0
19894,28.139071362626538,0
19895,27.940786135018577,0
19896,27.66321039035278,0
19897,27.50084327432087,0
19898,28.556222472724215,0
19899,26.41309498662667,0
19900,24.33382010957253,0
19901,25.515996475432466,0
19902,24.88534878681537,0
19903,25.75228353858463,0
19904,23.31721855292142,0
19905,21.375995549295677,0
19906,22.81828391375018,0
19907,21.3797152739765,0
19908,23.4189176560495,0
19909,21.32349375438246,0
19910,22.81970274692276,0
19911,22.70914973710341,0
19912,24.680696230946047,0
19913,24.28459472624909,0
19914,25.0855790250646,0
19915,25.92244879038008,0
19916,25.147311560149216,0
19917,25.4682477343599,0
19918,26.681746696753308,0
19919,28.227478123711865,0
19920,27.567607083003015,0
19921,29.537211182018797,0
19922,28.171468086529135,0
19923,29.47502868055464,0
19924,30.059959957963155,0
19925,29.713372427743234,0
19926,34.358167055759004,0
19927,33.9297460994553,0
19928,29.969014186253837,0
19929,33.24548093498907,0
19930,32.42432378301356,0
19931,32.987060018772745,0
19932,34.721416654271806,0
19933,31.786890631851637,0
19934,32.01300550234163,0
19935,35.01002895125654,0
19936,32.71052853199503,0
19937,29.862386045775207,0
19938,31.340249467883453,0
19939,31.531756687359156,0
19940,30.716792297137832,0
19941,29.60763006043759,0
19942,31.04626831306824,0
19943,30.379315925819768,0
19944,27.329498994544895,0
19945,27.38419291781284,0
19946,26.699026849610917,0
19947,25.914070167785322,0
19948,25.90042306859657,0
19949,24.919085851915323,0
19950,25.225289228408517,0
19951,23.328667782878384,0
19952,23.833805327506777,0
19953,24.158696417629102,0
19954,24.468022974452147,0
19955,23.242869770695712,0
19956,22.28652005526615,0
19957,23.102537684122158,0
19958,23.108212332083912,0
19959,22.93890937816148,0
19960,24.72910727440083,0
19961,23.03996820629123,0
19962,25.255345982437795,0
19963,26.213795024726153,0
19964,24.572988012598373,0
19965,23.57971392717018,0
19966,25.415893669234258,0
19967,27.735280688927972,0
19968,28.248173052040848,0
19969,29.454544578962576,0
19970,30.762889459683766,0
19971,30.001764091207352,0
19972,29.376982154877265,0
19973,32.83863123041504,0
19974,31.38336682946227,0
19975,30.8040846319604,0
19976,31.559589111662735,0
19977,29.41578644246435,0
19978,33.76425588849596,0
19979,31.564256898798156,0
19980,32.83570052608079,0
19981,33.440133551671614,0
19982,31.671571519840253,0
19983,32.55490651546458,0
19984,31.718734357442134,0
19985,32.394892010303316,0
19986,32.016492811593395,0
19987,29.426829699489005,0
19988,28.861231026192016,0
19989,30.576386433023174,0
19990,28.374795692207606,0
19991,29.531480756121972,0
19992,28.549219680495455,0
19993,29.67012343674021,0
19994,28.595589141805057,0
19995,27.870641137894978,0
19996,25.513028089047697,0
19997,23.711288121465024,0
19998,24.43517070548472,0
19999,24.834759471373758,0
