t,y,is_changepoint
0,20.345584192064788,0
1,21.474249104601416,0
2,21.62453230169599,0
3,20.61025993022109,0
4,23.40535586667312,0
5,23.490181717407612,0
6,22.99858067057245,0
7,24.54788480565253,0
8,24.694699415108268,0
9,24.91353015921196,0
10,24.85805137276114,0
11,25.5039372934815,0
12,24.26354591299833,0
13,24.794314358875997,0
14,24.347509818765364,0
15,25.21824387519106,0
16,24.369849126403853,0
17,23.67430995049109,0
18,22.753625443575896,0
19,22.786614904424734,0
20,22.508142180518345,0
21,21.63781425652608,0
22,22.588159039910813,0
23,21.659355276406057,0
24,17.288837521034033,0
25,17.45835579293207,0
26,18.531132682432236,0
27,17.664392426598198,0
28,17.71364299749861,0
29,17.173514785978963,0
30,18.582304849118316,0
31,14.921212535851545,0
32,15.292267973950809,0
33,17.423373944935896,0
34,15.817073864756507,0
35,15.705839065507211,0
36,14.485993628312537,0
37,13.394700522275294,0
38,15.337835612777399,0
39,15.489616425265114,0
40,14.442520926833232,0
41,15.350006636763258,0
42,16.392422414340036,0
43,16.011441231895617,0
44,17.40173003214778,0
45,18.18206586564401,0
46,18.74149101154288,0
47,18.84107738058543,0
48,20.59374807178582,0
49,21.543797915382587,0
50,21.61494353007917,0
51,21.09518693443514,0
52,23.23165228378544,0
53,22.54236712657655,0
54,24.414694524220725,0
55,22.89497928457873,0
56,25.24459422205097,0
57,24.59933420794095,0
58,23.580880241110926,0
59,24.643324834902202,0
60,25.054102278771545,0
61,25.230015646033504,0
62,23.847441006504365,0
63,23.51202461539124,0
64,24.529711551769275,0
65,23.500017084576374,0
66,23.77103951766296,0
67,23.803326667521983,0
68,20.85121263364905,0
69,22.16780527834307,0
70,22.518742193048336,0
71,20.35510411672978,0
72,19.189185416762434,0
73,20.099612866079344,0
74,18.959351290695544,0
75,18.98246590895211,0
76,17.154784289948722,0
77,15.474374581234187,0
78,16.354455329356014,0
79,15.587405145532594,0
80,16.44519680312538,0
81,15.574235185820722,0
82,13.53952163611956,0
83,13.847612613027747,0
84,15.883789036587256,0
85,15.722540710548795,0
86,14.530127502646168,0
87,15.379553540876282,0
88,16.11544653485399,0
89,16.501637634391102,0
90,17.340708290181613,0
91,17.212678482177957,0
92,17.405171661031495,0
93,17.8277347733867,0
94,19.761647575020646,0
95,17.096514763821208,0
96,19.861344674908658,0
97,20.685631065084312,0
98,19.86874626464241,0
99,22.246230774963497,0
100,21.84871898755661,0
101,23.906251941359347,0
102,23.409941821898407,0
103,24.635919942245625,0
104,25.548970624093418,0
105,25.00232724526991,0
106,23.953907988022497,0
107,23.44290567516441,0
108,26.753384117516372,0
109,24.84593211368153,0
110,24.141064183811018,0
111,24.76365475061726,0
112,24.13871568843955,0
113,24.818908965668864,0
114,23.569462088369846,0
115,23.057556728662018,0
116,21.785420278967035,0
117,22.382985260572948,0
118,20.260228503157624,0
119,21.31852040086423,0
120,21.52393751299014,0
121,17.82268300080059,0
122,16.239675543136084,0
123,18.703461593328882,0
124,20.047897815483132,0
125,15.955268006084506,0
126,15.213770335265274,0
127,16.622202232324295,0
128,14.829151391019504,0
129,14.874576853506833,0
130,14.822253401870881,0
131,15.574777779422746,0
132,14.594697638606881,0
133,15.320658533211107,0
134,14.993837609661082,0
135,14.535931233791963,0
136,15.350046723334588,0
137,15.082833633375909,0
138,16.470981079937005,0
139,15.832326627390755,0
140,16.407105630704756,0
141,19.543544653479792,0
142,18.652720554182064,0
143,19.293467013427694,0
144,20.511536419917615,0
145,20.231773958551386,0
146,21.06555985803443,0
147,22.338565897157366,0
148,22.782415842244394,0
149,21.884510418111173,0
150,24.3688765026024,0
151,23.376331758167122,0
152,23.274048068608003,0
153,23.71892259255738,0
154,24.439083787090016,0
155,26.584524561492117,0
156,23.824464095079218,0
157,25.11730019940339,0
158,22.691804773354768,0
159,24.61783072941124,0
160,25.229693436398197,0
161,23.730103379394727,0
162,22.906178982049404,0
163,23.275318209102146,0
164,23.200151751150667,0
165,22.57707473284287,0
166,23.26656907944239,0
167,20.861798433436523,0
168,19.40758990024707,0
169,19.2213898489131,0
170,18.63340622886758,0
171,18.19532022165268,0
172,17.469972186770573,0
173,17.1301587938526,0
174,14.793616033452164,0
175,16.862862254583877,0
176,15.09513371215678,0
177,14.207443640996537,0
178,15.808122028196095,0
179,16.36010170051703,0
180,15.493028149499443,0
181,15.203935006976465,0
182,14.238150563182703,0
183,18.252169675257065,0
184,16.550131601739306,0
185,14.893938628200841,0
186,15.68482817782751,0
187,17.04317210352831,0
188,15.945268868004014,0
189,18.255213245185068,0
190,18.246833218774643,0
191,20.573639639215948,0
192,20.962154663628244,0
193,17.941345523665486,0
194,21.3357978115399,0
195,20.29594966230175,0
196,23.609637999248516,0
197,23.21191301417141,0
198,24.083939358119736,0
199,22.90164197265288,0
200,26.1585572569177,0
201,26.639471029706876,0
202,23.76485808881913,0
203,25.33003942873537,0
204,24.326697571609813,0
205,24.933654370008323,0
206,23.56399215222078,0
207,26.486543177137058,0
208,23.360947507839523,0
209,23.67068288645868,0
210,24.037016837043254,0
211,22.39624646662748,0
212,22.260687570267702,0
213,21.34977731539848,0
214,21.160634470676325,0
215,19.482088325999964,0
216,19.562011924397705,0
217,19.140476114187518,0
218,18.372178770683277,0
219,18.14327279306834,0
220,17.20689778064327,0
221,17.70940426339578,0
222,16.141270168281434,0
223,15.89658370224794,0
224,15.00509164508196,0
225,14.854087497328333,0
226,13.905878077734947,0
227,15.561560614008915,0
228,13.857481982347508,0
229,14.29691929494262,0
230,15.529615520565866,0
231,15.783175703388096,0
232,15.269758230072735,0
233,14.013967488055025,0
234,16.88497938136283,0
235,17.215756313848452,0
236,16.08761878452822,0
237,18.856904920969033,0
238,18.004804974053958,0
239,18.22118092274643,0
240,20.095730710964233,0
241,20.474160529701038,0
242,21.496719226503753,0
243,20.307669103501016,0
244,24.312230116272367,0
245,22.44114853049987,0
246,21.995874597436313,0
247,24.585608890023327,0
248,23.97532288882101,0
249,24.944256148329327,0
250,24.490020700820303,0
251,24.897483946389134,0
252,25.245772843738635,0
253,24.210571422886158,0
254,25.508368727304894,0
255,24.149497563476896,0
256,23.460439874751728,0
257,24.043799123278674,0
258,23.980575184423788,0
259,22.814727803424983,0
260,21.63748021292044,0
261,22.533202728134096,0
262,19.53376643338982,0
263,19.621766825064736,0
264,20.039522890533373,0
265,17.98630964059468,0
266,18.73389903873658,0
267,18.031719720156083,0
268,18.398739788858176,0
269,16.041402503143125,0
270,15.838559570425623,0
271,16.366414983244834,0
272,13.212309390871997,0
273,18.480644636358154,0
274,14.471720138092888,0
275,14.31294064040539,0
276,15.861127510903714,0
277,15.002943851695266,0
278,13.390942249851065,0
279,16.00752971753617,0
280,16.525250815077015,0
281,15.583287025067872,0
282,16.182865735775216,0
283,17.442177452215784,0
284,16.59121975008556,0
285,18.52497140238146,0
286,18.905203284931883,0
287,18.67243642312383,0
288,18.607898126188147,0
289,20.42702513033915,0
290,20.418672967252434,0
291,22.9148273875056,0
292,22.644085368499898,0
293,23.825891667603493,0
294,23.670155841277207,0
295,24.229667818541206,0
296,23.547128101691808,0
297,25.287445089128582,0
298,26.614327405752366,0
299,24.64753675135151,0
300,24.40722547228585,0
301,24.799387604678703,0
302,24.348348847844225,0
303,23.917918363902896,0
304,24.46832066289037,0
305,23.67584916840608,0
306,24.974407499775403,0
307,23.044008787998717,0
308,22.823911977631433,0
309,22.865439029825268,0
310,20.99333937300806,0
311,22.089367501189205,0
312,19.367305787479914,0
313,18.53904133701362,0
314,18.339637755637163,0
315,17.971865446207413,0
316,16.09868179990096,0
317,16.92109807082754,0
318,14.796979503627846,0
319,17.425371699089332,0
320,15.58887602967011,0
321,14.738644612747596,0
322,14.262032750271093,0
323,14.658345218922753,0
324,14.776920531569573,0
325,13.998264727519583,0
326,14.250575774731821,0
327,15.193427332382033,0
328,15.149089233282147,0
329,16.972446402222133,0
330,17.602336468312767,0
331,16.97221405855628,0
332,17.97359957205454,0
333,16.75139446454943,0
334,19.34332248392003,0
335,19.316785569386447,0
336,20.48466831595083,0
337,22.252987092693896,0
338,19.01323746916824,0
339,22.174365340878865,0
340,21.400880936832145,0
341,23.636003836448058,0
342,22.222220468504258,0
343,23.471367134452183,0
344,24.532860774682558,0
345,25.23290704899181,0
346,24.90442322078191,0
347,24.164393367881242,0
348,24.446467782284593,0
349,25.841727198118434,0
350,24.82412951575881,0
351,22.93558326571538,0
352,25.173789727191895,0
353,24.38301518116965,0
354,24.40894945118467,0
355,22.707179678666943,0
356,23.328156518426617,0
357,20.852352241823795,0
358,21.86409503637806,0
359,20.162250651472213,0
360,20.674351704920138,0
361,20.353013155316173,0
362,17.969914622478885,0
363,18.035353358675806,0
364,17.53895462645601,0
365,18.145857672797014,0
366,17.175024185437046,0
367,14.813955754533353,0
368,16.12748124178638,0
369,16.125691546822708,0
370,17.29417676448241,0
371,13.363626596376758,0
372,14.463647700066009,0
373,16.376146881218283,0
374,13.815300569947972,0
375,14.181141753518832,0
376,16.186955176458103,0
377,17.051641959422597,0
378,15.795785606691712,0
379,17.496320027248448,0
380,17.61695526942996,0
381,19.605331872193247,0
382,18.704386334778643,0
383,20.337616350867776,0
384,19.096882140685725,0
385,20.467752111638248,0
386,21.197390771750783,0
387,23.052525109310693,0
388,23.079613039520428,0
389,22.292054013750025,0
390,24.217501669612655,0
391,24.737397977883788,0
392,24.218481296602736,0
393,24.36173534752463,0
394,24.635825886022776,0
395,23.262231900880167,0
396,25.188743008124618,0
397,25.191802236096336,0
398,23.96410060768635,0
399,25.361843912431503,0
400,22.95716008309856,0
401,23.41495388006324,0
402,23.060314836941195,0
403,25.031316977032546,0
404,20.900815936742127,0
405,22.47604741703173,0
406,22.236218503101565,0
407,21.030356525140103,0
408,21.181807944353416,0
409,18.344631351773327,0
410,16.425646172175227,0
411,18.853400727144813,0
412,16.30417183532892,0
413,16.629792978410457,0
414,15.285620096642512,0
415,17.08557515549337,0
416,16.535023215945227,0
417,14.660538675536577,0
418,16.073862713164317,0
419,15.164052952450666,0
420,14.860611169440253,0
421,15.10019235517331,0
422,14.967621508704699,0
423,15.995607601254523,0
424,15.980220551520889,0
425,15.68376615210999,0
426,17.470721839882824,0
427,16.34471724019259,0
428,17.78693364306743,0
429,18.508738209426863,0
430,20.18471183432391,0
431,18.841927675550778,0
432,21.743082446310396,0
433,20.828795912722693,0
434,21.100118314859994,0
435,21.240944410886822,0
436,23.086293419054503,0
437,23.092742389485977,0
438,22.431924640004958,0
439,22.838879525197537,0
440,23.77460781112167,0
441,23.943391658685254,0
442,25.919931523172547,0
443,26.33276260483923,0
444,25.868559623867508,0
445,25.31509319690012,0
446,24.401390923600733,0
447,24.673880873476698,0
448,25.21483402495075,0
449,26.09773893517949,0
450,24.448433111234543,0
451,22.763395000748872,0
452,22.538025075770896,0
453,21.430872260673603,0
454,20.511696649563223,0
455,20.468388958882308,0
456,20.195614692205144,0
457,21.183270625577315,0
458,18.75793724444081,0
459,19.443940913137986,0
460,19.26748908112472,0
461,17.035000725216126,0
462,18.072264981683507,0
463,16.74816870311272,0
464,15.25233768611819,0
465,15.645782362292449,0
466,15.193248686599587,0
467,14.810436663186001,0
468,14.801218767005066,0
469,15.186984996603933,0
470,15.604552009036873,0
471,14.49572046228484,0
472,15.66048531908161,0
473,14.51087827659883,0
474,16.725261593347444,0
475,17.57979233073777,0
476,17.663954838359786,0
477,18.37243599009329,0
478,19.29584787804704,0
479,18.68226819468274,0
480,19.760951140675363,0
481,21.163553004916018,0
482,22.295980960241742,0
483,22.308338563170686,0
484,25.052859422355198,0
485,22.952446572858722,0
486,24.535194335287592,0
487,25.233494379706233,0
488,24.196357172580406,0
489,23.79888478035368,0
490,23.647026203918145,0
491,25.119501306698226,0
492,26.11029195453883,0
493,25.228892705724473,0
494,25.002485206815095,0
495,24.240183779543717,0
496,24.891156751715776,0
497,21.830935650012453,0
498,23.76790715730749,0
499,23.07193345459659,0
500,21.129659753438265,0
501,24.0890150859693,0
502,19.906681993957985,0
503,19.575110464252614,0
504,18.799136892447173,0
505,20.457736840658473,0
506,17.81781991332823,0
507,18.755239251138768,0
508,18.087510152521233,0
509,17.21586326600456,0
510,15.156887187410359,0
511,15.421126920556038,0
512,17.3429879511119,0
513,14.089847938060952,0
514,14.338715908186218,0
515,14.880529170350567,0
516,15.808990072037371,0
517,15.294414883735818,0
518,15.912415027849983,0
519,14.313308104471561,0
520,16.614649574993813,0
521,16.602262115122656,0
522,14.869901538943603,0
523,18.496109062863656,0
524,19.792397860175264,0
525,17.318005481027804,0
526,18.76155759110408,0
527,20.744791622007288,0
528,18.51875977057282,0
529,18.66277064203048,0
530,19.997151103312678,0
531,21.346350375469328,0
532,21.921557788015082,0
533,23.65115431888619,0
534,23.804070277895804,0
535,22.72068943678713,0
536,24.89750698901104,0
537,26.49347900423764,0
538,26.026683410515613,0
539,25.94833175455259,0
540,25.02017792852137,0
541,25.940855701513602,0
542,23.863496311475775,0
543,25.37041229955949,0
544,24.242878599441042,0
545,25.09767239933565,0
546,24.00154445719062,0
547,21.95392735933125,0
548,22.627992953473488,0
549,23.13163863163726,0
550,20.164861340445807,0
551,20.093491082915644,0
552,19.231326991612292,0
553,17.85172309845399,0
554,19.667173049757082,0
555,19.39758014116055,0
556,18.30004320705704,0
557,17.19876317039367,0
558,16.412434709752837,0
559,16.272613599068492,0
560,14.93831706398673,0
561,16.274447937895232,0
562,16.21586319259305,0
563,15.975319227134856,0
564,14.469051782281205,0
565,15.121180035077746,0
566,15.004590049575299,0
567,17.169177125410904,0
568,15.84956918300038,0
569,14.151162404613412,0
570,16.862971744898335,0
571,18.838459104027343,0
572,18.185175716222542,0
573,18.966062548220755,0
574,18.741966041336312,0
575,17.375979552714526,0
576,18.18974224594705,0
577,19.40668318636438,0
578,21.167263188472837,0
579,22.223415658316743,0
580,23.18941415213952,0
581,22.703349102278896,0
582,24.492463164343803,0
583,23.68701794307655,0
584,23.625637503575128,0
585,25.47103937800132,0
586,23.915184148341165,0
587,22.228139376047952,0
588,23.940043241052102,0
589,25.051383852371952,0
590,21.749451372395683,0
591,24.262259616377875,0
592,23.998036660159194,0
593,22.5403107324869,0
594,22.05303044133492,0
595,22.581345196944355,0
596,21.952899830365197,0
597,23.173335671217142,0
598,21.66895827064544,0
599,19.071775515594695,0
600,19.145348530163254,0
601,20.052510566021752,0
602,20.601881543445327,0
603,18.47308233191878,0
604,17.81071254465953,0
605,18.81694531912843,0
606,16.441794650048255,0
607,15.724132340209087,0
608,14.25662419878616,0
609,14.867586255215867,0
610,17.34908361115281,0
611,13.621034300642236,0
612,15.01119170681325,0
613,13.634448265178632,0
614,15.29884661660642,0
615,16.268249540895674,0
616,15.426223661264613,0
617,16.763580568843285,0
618,17.18530991957607,0
619,17.4032176710633,0
620,19.216247999415955,0
621,18.86542039217263,0
622,18.400945208353058,0
623,18.666545490407625,0
624,19.154693652495602,0
625,21.128498398735243,0
626,20.97037341126243,0
627,24.642584200829756,0
628,24.342447605618126,0
629,22.829283145537268,0
630,23.206402651769753,0
631,25.65694325477257,0
632,22.4467672376172,0
633,24.167846603251327,0
634,25.78038608244072,0
635,24.045126735950085,0
636,24.523170026906513,0
637,24.60608314077437,0
638,25.490437627951916,0
639,24.756924547379565,0
640,24.732214429210327,0
641,24.562050426639498,0
642,23.565472134109886,0
643,24.154373343292274,0
644,21.771041128894407,0
645,20.477295666198838,0
646,19.517223420700166,0
647,19.031621182137783,0
648,19.449484270452462,0
649,20.377415932156072,0
650,18.880071531859436,0
651,17.488036228639228,0
652,16.430144406984354,0
653,16.427307203625812,0
654,16.06079970867081,0
655,15.468133907644658,0
656,14.237328660335107,0
657,14.90479451632129,0
658,16.187507001933746,0
659,12.868166751535476,0
660,14.759391327555624,0
661,12.921427338298427,0
662,15.353418479132555,0
663,14.633112946535237,0
664,13.584185312985154,0
665,16.133935488477235,0
666,18.28187144761965,0
667,17.06508438830852,0
668,18.661791483782384,0
669,18.015078436005634,0
670,16.54831394632524,0
671,19.837852529523712,0
672,19.58172069318777,0
673,19.19054603342738,0
674,22.078931899435677,0
675,22.200274727279318,0
676,21.97459035928182,0
677,23.911876570445656,0
678,22.663461938139683,0
679,24.610199040196267,0
680,23.3896665496789,0
681,25.153352424262497,0
682,23.728881186895997,0
683,26.446412509890163,0
684,25.254307500015905,0
685,26.390099422862168,0
686,24.007183153925492,0
687,24.1432952895889,0
688,25.16979181743701,0
689,21.223049553146897,0
690,22.468743051285475,0
691,24.076984097325308,0
692,22.96510932389439,0
693,22.892186504243316,0
694,20.984334338427853,0
695,21.2166303427034,0
696,19.269155729783247,0
697,17.975408671277325,0
698,17.0111098007708,0
699,17.534873267144132,0
700,16.951058577575548,0
701,16.326815457359654,0
702,12.915661123069336,0
703,14.03462969850732,0
704,15.137240491884372,0
705,15.667618965041125,0
706,14.591578243507614,0
707,14.16587849278025,0
708,12.691526666848363,0
709,17.064274732106878,0
710,14.069259589087718,0
711,17.06399897514265,0
712,17.230558898071347,0
713,16.307162364444764,0
714,15.891856689004555,0
715,17.088408386138703,0
716,16.34695802596065,0
717,18.347312964872497,0
718,18.708856922336963,0
719,19.879337306848,0
720,20.9504368486438,0
721,22.38546944851307,0
722,20.90577939099587,0
723,22.95680557958474,0
724,21.708330419371062,0
725,22.149242197522327,0
726,22.917477470613367,0
727,22.98480104566653,0
728,25.31039133725684,0
729,25.542638801018132,0
730,26.101940878484733,0
731,24.931923977604928,0
732,25.274381596087277,0
733,24.37879730826899,0
734,23.678667883595583,0
735,25.066415813087996,0
736,24.59850013023876,0
737,22.859753436398435,0
738,24.120866372579357,0
739,21.302079802443878,0
740,22.32100151587551,0
741,21.28310332470989,0
742,20.76481900928982,0
743,19.569173205875114,0
744,20.95249409146193,0
745,19.91331725094888,0
746,19.889325041298566,0
747,18.21708018681977,0
748,16.20194634580408,0
749,16.577191337011584,0
750,15.272948288693753,0
751,16.480028463523773,0
752,16.868578910126065,0
753,15.696692729023152,0
754,14.557849954695019,0
755,14.659448570647537,0
756,15.190450002666646,0
757,13.58241829958046,0
758,15.304973011814207,0
759,15.564100214967938,0
760,15.10963010542563,0
761,15.599198031498426,0
762,16.618310737152175,0
763,16.117904007700222,0
764,16.659537206003346,0
765,18.846553702582526,0
766,18.90927549402555,0
767,21.006032639714956,0
768,18.992022001071486,0
769,18.85166511244468,0
770,22.212874109680506,0
771,22.847561580616713,0
772,21.73781667393177,0
773,21.55095013214704,0
774,23.463343314735006,0
775,22.18886131224642,0
776,23.96116237226341,0
777,22.408485462544636,0
778,24.561683367876974,0
779,22.80587403667307,0
780,24.73116039856271,0
781,26.441735567379723,0
782,24.528933905679555,0
783,25.354636244421396,0
784,23.653050274163746,0
785,23.038283662349762,0
786,22.0004555319007,0
787,24.04611560789721,0
788,22.40302026941905,0
789,23.495735429604355,0
790,20.07427671531084,0
791,20.387538560197793,0
792,20.036186788054653,0
793,20.715540737501108,0
794,20.482839425747848,0
795,17.39198948062471,0
796,16.3197160881504,0
797,15.17234737676101,0
798,17.753189262791786,0
799,15.89723906765705,0
800,14.972396067074087,0
801,15.279162330807885,0
802,12.561462395945474,0
803,13.266142667446763,0
804,15.88380228687271,0
805,15.386808246982909,0
806,15.268450361646968,0
807,14.326915427019244,0
808,16.20521802994993,0
809,17.759138624077774,0
810,15.187197858098102,0
811,16.918029726338673,0
812,17.011816271636356,0
813,18.394194672964005,0
814,18.6664795609926,0
815,19.146749083748386,0
816,19.06418465324262,0
817,20.58304570691311,0
818,20.6258040660581,0
819,21.713020582724024,0
820,22.382486222657736,0
821,23.64410266469496,0
822,22.899216574373515,0
823,23.589346498018774,0
824,25.348093920693284,0
825,24.34707046693674,0
826,24.51366491094317,0
827,25.767494454276708,0
828,25.218526184908278,0
829,24.994466930749986,0
830,24.99582461661285,0
831,23.32637735668369,0
832,24.738330667912788,0
833,25.240564668659765,0
834,24.065450350341038,0
835,21.43763008421836,0
836,22.735260297660318,0
837,20.960692243399865,0
838,21.02075560015034,0
839,20.736540681191357,0
840,18.762969477280393,0
841,20.63947447906777,0
842,18.594243115850475,0
843,18.836989228115097,0
844,18.093479858640865,0
845,18.259549526265577,0
846,17.616234468347415,0
847,14.520073108258945,0
848,15.67468388404231,0
849,13.208196820801167,0
850,14.68659388690646,0
851,15.721198379224777,0
852,15.878296652800596,0
853,16.296601651345398,0
854,14.758593218904979,0
855,15.666566418561434,0
856,15.733546611909736,0
857,17.26692011031976,0
858,18.019766084754416,0
859,16.564659556276837,0
860,21.251634967266327,0
861,18.050542103995088,0
862,18.307016341193087,0
863,19.915209075646917,0
864,20.727192385057815,0
865,21.168245215862413,0
866,20.614418592001766,0
867,23.357218133342826,0
868,22.525823863894747,0
869,24.554277311725674,0
870,24.90209576744684,0
871,22.667911472122306,0
872,23.325813891991316,0
873,23.595164524746025,0
874,25.05670669203668,0
875,24.98933842936984,0
876,25.24757523953399,0
877,24.124513497486223,0
878,25.23677649736075,0
879,26.004502272324714,0
880,22.976532304276436,0
881,23.752971457808616,0
882,23.766539660436038,0
883,22.89675656646328,0
884,22.285872555241124,0
885,23.665681146370716,0
886,22.561162730297454,0
887,21.486025904426366,0
888,19.222800436608544,0
889,21.57297575887165,0
890,19.051807437209817,0
891,17.4936068953339,0
892,17.147622718531156,0
893,16.451864235798727,0
894,18.57100273802866,0
895,16.224420274220567,0
896,15.719192664020575,0
897,13.21399017812533,0
898,15.894181120831924,0
899,13.971279736045755,0
900,13.857043366253604,0
901,15.642333391094947,0
902,14.293962351368192,0
903,16.203437287949473,0
904,16.778766069026293,0
905,14.230838378052908,0
906,16.315356059198983,0
907,15.369374886045218,0
908,17.42506601718518,0
909,18.985780816680794,0
910,17.32907740858214,0
911,21.13652884963864,0
912,19.675358861120575,0
913,19.45506316106065,0
914,21.154777873531735,0
915,22.69019188955029,0
916,21.107066703972,0
917,23.029541183895294,0
918,22.14572140965996,0
919,25.154312872980647,0
920,24.467999911754855,0
921,24.176712808243032,0
922,25.8471156058264,0
923,23.650613047271218,0
924,24.588313206394254,0
925,26.784742873877157,0
926,24.68656275098128,0
927,25.956958593413884,0
928,24.50586296924366,0
929,23.24714173977147,0
930,23.26931253481868,0
931,23.10074118661,0
932,22.069986284357082,0
933,21.068715432065243,0
934,20.491703547415533,0
935,19.148163024336554,0
936,20.089103269938896,0
937,19.719449883804604,0
938,19.43320467653619,0
939,16.258996592443594,0
940,18.28386772152944,0
941,16.917086782197952,0
942,15.013850142200006,0
943,16.109068410991952,0
944,16.462467792240894,0
945,15.881023068626094,0
946,15.873698106186996,0
947,15.966110128237498,0
948,15.873957254859949,0
949,14.985325644281861,0
950,13.066140260060104,0
951,14.599370765020417,0
952,16.00446911945971,0
953,15.542360477169396,0
954,17.128848302376195,0
955,17.733010959939772,0
956,17.52735561132912,0
957,19.94576994054265,0
958,17.710371832935923,0
959,20.25842737149352,0
960,19.50741399654664,0
961,19.852164646989138,0
962,21.862910495437568,0
963,21.27780339247345,0
964,23.33928898171611,0
965,21.857513457825387,0
966,23.551117839988606,0
967,23.103836779152612,0
968,24.07564895930598,0
969,24.22798632090641,0
970,23.681659750341986,0
971,25.593503973170847,0
972,23.735756458799194,0
973,23.958134739913127,0
974,25.702380300107617,0
975,25.57413801356423,0
976,24.97957229426299,0
977,24.288807292431844,0
978,25.795806439540044,0
979,21.816401732581824,0
980,21.73901181866015,0
981,20.902139707799016,0
982,22.17555405796136,0
983,20.92364090802442,0
984,21.09398593267173,0
985,20.303131371152976,0
986,18.464279816707634,0
987,17.25118616969726,0
988,16.49155003469486,0
989,19.15186656658291,0
990,17.416289441074998,0
991,16.610765307734205,0
992,15.315542539057578,0
993,15.167204166681952,0
994,14.811278732791433,0
995,14.703990864573017,0
996,12.581500631398487,0
997,14.966576276499659,0
998,14.773237201820518,0
999,15.655558660710671,0
1000,15.864712544247322,0
1001,16.871951291869326,0
1002,16.436816813634678,0
1003,17.738624647233223,0
1004,14.924556978511339,0
1005,16.970905753600164,0
1006,20.417347571549964,0
1007,18.113850141181732,0
1008,19.706695230974795,0
1009,21.345234496194884,0
1010,20.39737562410056,0
1011,22.62179165701615,0
1012,21.057743554013427,0
1013,21.116300961310642,0
1014,22.19208160465221,0
1015,22.298899287458546,0
1016,24.29826764412844,0
1017,24.287458329621852,0
1018,25.143906722889643,0
1019,23.90732983678261,0
1020,27.52875737143231,0
1021,24.84760347854152,0
1022,24.76971174274158,0
1023,25.061057798501757,0
1024,24.072527265250958,0
1025,23.321245917497073,0
1026,23.60733244927808,0
1027,23.94858472513052,0
1028,23.151759052089034,0
1029,22.8414975156961,0
1030,20.716314527288468,0
1031,19.864329249350767,0
1032,21.991167073001368,0
1033,19.095479273697862,0
1034,19.17159852044033,0
1035,18.81250467705018,0
1036,18.9085023519691,0
1037,15.592964621471472,0
1038,15.972396864828102,0
1039,15.587939993528586,0
1040,15.356792293498598,0
1041,12.956367222168854,0
1042,15.06277477365784,0
1043,12.137602426255473,0
1044,15.28709339789821,0
1045,15.569623408401318,0
1046,15.757793208626744,0
1047,14.165520673598119,0
1048,16.614920799433687,0
1049,15.159326029394204,0
1050,15.227638941553808,0
1051,15.966363881676248,0
1052,16.64296173850571,0
1053,18.25009227651901,0
1054,19.521915478542333,0
1055,17.237312993428343,0
1056,19.45072296233752,0
1057,21.54660261239252,0
1058,21.490290168276598,0
1059,22.41519045129237,0
1060,20.99532903041651,0
1061,23.992544558180718,0
1062,21.966589731434485,0
1063,24.15683816548536,0
1064,25.69138440981015,0
1065,26.498748052403382,0
1066,25.34116568149165,0
1067,25.83819350882734,0
1068,24.393668365828244,0
1069,24.475780174633147,0
1070,25.9990525028329,0
1071,24.621004045028922,0
1072,24.202813195061214,0
1073,22.556208601269116,0
1074,23.686124883827475,0
1075,23.689670552126223,0
1076,21.705830524759637,0
1077,21.406337339376783,0
1078,22.87455182153355,0
1079,20.83089711024915,0
1080,19.711406354415008,0
1081,18.210386249560393,0
1082,18.08632574320632,0
1083,17.836586587133123,0
1084,18.869127851213776,0
1085,16.345698156774187,0
1086,18.258801861533335,0
1087,15.104545481592965,0
1088,15.312286176251742,0
1089,16.22414598535447,0
1090,14.930175937419596,0
1091,14.21251365073035,0
1092,14.868156588518326,0
1093,15.491488186559879,0
1094,13.45463665370561,0
1095,15.132065991694853,0
1096,15.560536356626185,0
1097,15.629485538618114,0
1098,17.199822160446217,0
1099,16.3876406854405,0
1100,17.135485151413658,0
1101,18.12422542553709,0
1102,19.434753868802755,0
1103,19.12620642125209,0
1104,21.51659727090169,0
1105,19.744912661076487,0
1106,22.58060957784667,0
1107,21.055595610714786,0
1108,22.336933518024143,0
1109,23.407853330411072,0
1110,25.59037376719249,0
1111,24.862592848109234,0
1112,23.924264169365234,0
1113,25.918516778148152,0
1114,24.615924226551638,0
1115,24.165778450569405,0
1116,25.44868469178668,0
1117,25.051695154902358,0
1118,25.78329549870859,0
1119,24.06965929840913,0
1120,24.71163051658312,0
1121,24.601316034290935,0
1122,23.81357946548339,0
1123,23.01482361295231,0
1124,21.802381625909053,0
1125,22.81716895318087,0
1126,21.431319725825055,0
1127,21.148934933609112,0
1128,19.649221759139525,0
1129,19.36038072964185,0
1130,17.66867678278275,0
1131,18.172108133310402,0
1132,18.26521032365434,0
1133,17.049186141036238,0
1134,17.3238589045855,0
1135,16.346143780666562,0
1136,17.033729611097097,0
1137,15.190552705290788,0
1138,13.531740642001761,0
1139,15.47526392221652,0
1140,14.834810512122438,0
1141,14.06848231084829,0
1142,15.821636226477398,0
1143,15.644931476698227,0
1144,16.115211583012396,0
1145,15.700857347757111,0
1146,16.661513258315008,0
1147,17.210531899111828,0
1148,19.274655106541722,0
1149,17.40262307371578,0
1150,18.69541057492993,0
1151,19.711228851169338,0
1152,18.275213073904574,0
1153,19.049662593672057,0
1154,23.459913596340428,0
1155,20.146298208163813,0
1156,23.074929144655183,0
1157,22.19558173897898,0
1158,22.772373803181576,0
1159,21.98424179718382,0
1160,23.429388446596842,0
1161,25.403776278060068,0
1162,23.440886290528837,0
1163,25.552651187210827,0
1164,25.313297749348585,0
1165,26.97552660622145,0
1166,24.355095548187627,0
1167,25.882811701759234,0
1168,25.218995973163686,0
1169,23.68009828413786,0
1170,21.872577916996622,0
1171,24.553247524630148,0
1172,21.13561109415648,0
1173,21.44000120920266,0
1174,22.177271765512774,0
1175,21.768586529893646,0
1176,19.15455330384195,0
1177,19.315367353001577,0
1178,18.447326332418086,0
1179,19.26814141375693,0
1180,20.004633374180916,0
1181,15.126306029436446,0
1182,17.3808890040516,0
1183,13.175057921637144,0
1184,15.683939353242481,0
1185,14.27181781349439,0
1186,17.162189658664715,0
1187,15.209144221432005,0
1188,14.263228252044213,0
1189,14.543462838422116,0
1190,14.595075116512417,0
1191,15.568913946006235,0
1192,15.511724510698087,0
1193,16.689118872525345,0
1194,18.004727175991867,0
1195,17.657604901863913,0
1196,16.273996952295835,0
1197,16.462776031688513,0
1198,17.950485248831654,0
1199,20.40058430320946,0
1200,19.664951846334656,0
1201,19.98505814202356,0
1202,21.432377783318532,0
1203,20.497891212233966,0
1204,21.360672278330664,0
1205,23.554132570253053,0
1206,23.232380413024508,0
1207,23.513530459365665,0
1208,24.647762044238647,0
1209,24.034526459375645,0
1210,24.143338084882647,0
1211,24.497414144335373,0
1212,25.6026205891116,0
1213,25.017044242590256,0
1214,23.635031546769028,0
1215,24.316340748027265,0
1216,24.978350945373542,0
1217,25.837518644613084,0
1218,22.393179913810812,0
1219,23.382342439092138,0
1220,22.241251723184636,0
1221,22.738936598637675,0
1222,21.743650202828757,0
1223,22.124807868841142,0
1224,20.51945090227466,0
1225,18.802255726670865,0
1226,18.167311596308114,0
1227,18.492132947891665,0
1228,17.89494318942456,0
1229,19.354130122541864,0
1230,18.1407988137329,0
1231,14.859654946168792,0
1232,16.020097776851372,0
1233,14.049613476074976,0
1234,13.514693972835362,0
1235,15.786321694573651,0
1236,15.551747533045157,0
1237,14.004207898793933,0
1238,16.814057606653183,0
1239,14.403032407943268,0
1240,14.502144599931142,0
1241,16.685851519963784,0
1242,16.68540463978285,0
1243,16.79568485398751,0
1244,17.432934167098995,0
1245,18.310383629433055,0
1246,18.56632478873856,0
1247,19.174864170618722,0
1248,18.10404331133345,0
1249,19.31066959509065,0
1250,21.90504479583531,0
1251,21.20911627137872,0
1252,23.045193259111688,0
1253,24.279271044289267,0
1254,23.180583079484325,0
1255,24.2497364827992,0
1256,26.406603465700844,0
1257,25.314333304869958,0
1258,26.671502962196673,0
1259,26.49063136078313,0
1260,25.753360349521135,0
1261,24.8453305454453,0
1262,23.987635598209813,0
1263,23.507699673034093,0
1264,24.816455953603484,0
1265,24.434950078130985,0
1266,23.360911697900036,0
1267,23.8922735261303,0
1268,21.895462885656816,0
1269,23.02363622993671,0
1270,21.33410229029878,0
1271,20.616304385319726,0
1272,19.99972670302055,0
1273,19.24877776211521,0
1274,21.19416906281623,0
1275,16.4750630090269,0
1276,17.67722254378186,0
1277,18.20029904429549,0
1278,17.181979146639804,0
1279,15.731151326836557,0
1280,17.409994005294635,0
1281,14.312109479677925,0
1282,13.864074738836411,0
1283,15.610846256063367,0
1284,13.545530198766974,0
1285,12.66482594016433,0
1286,16.05325750628266,0
1287,16.14195265006401,0
1288,16.40215984402121,0
1289,15.54576215385965,0
1290,16.647412221756568,0
1291,15.990866276713922,0
1292,19.234351206612647,0
1293,18.87760708967901,0
1294,19.448160846857643,0
1295,17.397384297993018,0
1296,20.807302043989818,0
1297,22.14660298308157,0
1298,22.51035731115995,0
1299,22.702547497621946,0
1300,22.49904283097023,0
1301,22.701974297788592,0
1302,24.137175591551564,0
1303,24.349536057253502,0
1304,24.566501549308025,0
1305,24.31017291576741,0
1306,26.51088565937078,0
1307,23.78938101467305,0
1308,24.977367544187917,0
1309,24.377043434079766,0
1310,25.861672179536214,0
1311,26.049879169850726,0
1312,25.574215859732536,0
1313,24.722173883214662,0
1314,22.132931929452706,0
1315,25.12503985259,0
1316,23.016696089574705,0
1317,21.80495391682854,0
1318,21.31559582162735,0
1319,20.313111827448658,0
1320,20.423880572723935,0
1321,19.657536847010448,0
1322,18.345804728820635,0
1323,15.516691401399127,0
1324,17.46487866495206,0
1325,17.43302881119591,0
1326,16.990633938959682,0
1327,15.879768297768118,0
1328,16.12318775054119,0
1329,16.40892127788057,0
1330,14.700120585990804,0
1331,16.509054738549597,0
1332,13.044841698179075,0
1333,13.78172715941188,0
1334,14.265225918179214,0
1335,12.936135627967992,0
1336,14.67011036004506,0
1337,17.28160527418018,0
1338,17.70599515931983,0
1339,17.053551317682604,0
1340,19.22100196673787,0
1341,18.326073058120787,0
1342,18.20809281787107,0
1343,19.5889998082825,0
1344,19.86285338963606,0
1345,21.3885644216001,0
1346,19.791044585759213,0
1347,22.912832105156706,0
1348,22.040473268811404,0
1349,23.899130161553806,0
1350,21.99449370408642,0
1351,23.54750804600387,0
1352,24.408190239272407,0
1353,25.520850291507553,0
1354,23.612098062273457,0
1355,26.624668562777813,0
1356,25.482663475003516,0
1357,24.43144888846595,0
1358,26.046931165633424,0
1359,24.722108685579116,0
1360,25.48842399963341,0
1361,26.28991451020292,0
1362,24.30406228359137,0
1363,22.51712768147361,0
1364,22.074292564609,0
1365,22.495971508203922,0
1366,21.58200064260635,0
1367,19.819600997547376,0
1368,19.33189048437411,0
1369,20.013151068181863,0
1370,21.05260314534874,0
1371,15.456215456866632,0
1372,18.223916137822727,0
1373,16.74514567193482,0
1374,17.24383080780742,0
1375,16.900954676609146,0
1376,15.722711066116386,0
1377,14.364628790421385,0
1378,13.773318975051705,0
1379,13.168597004537782,0
1380,16.222345600234917,0
1381,14.83307332737394,0
1382,14.630095901196084,0
1383,15.102882926617209,0
1384,14.33040526268122,0
1385,16.33784787806488,0
1386,17.783167590110967,0
1387,18.094653485727278,0
1388,15.93420092877233,0
1389,19.450094721983444,0
1390,17.94166787976102,0
1391,17.434416773656956,0
1392,18.770527764589243,0
1393,19.686116849855225,0
1394,21.287147385172606,0
1395,20.881441688839132,0
1396,20.989754539220023,0
1397,22.77931310991216,0
1398,25.4594378487263,0
1399,23.26441581906758,0
1400,24.794380534371882,0
1401,24.699344493785865,0
1402,27.48769684563993,0
1403,23.058966147209567,0
1404,26.095381647214978,0
1405,23.675839311068938,0
1406,24.237213877425237,0
1407,24.52271600916301,0
1408,27.516213220720275,0
1409,23.20376139117289,0
1410,21.64664979268443,0
1411,24.341170745384954,0
1412,21.660763891669895,0
1413,21.670466808134737,0
1414,21.270053402568443,0
1415,20.749619746681226,0
1416,19.82986137164302,0
1417,19.615125474873828,0
1418,19.093264376723152,0
1419,18.94050565639248,0
1420,17.072766864100434,0
1421,16.20746271160145,0
1422,15.400915815400255,0
1423,16.62594219871305,0
1424,15.623574835881705,0
1425,15.933806908871455,0
1426,15.708567110370526,0
1427,16.728652626485548,0
1428,15.207505095567036,0
1429,15.795147009821003,0
1430,13.967781042259872,0
1431,14.300300661253605,0
1432,15.358135235273448,0
1433,14.816515622729305,0
1434,17.154059311858344,0
1435,15.623140066682131,0
1436,17.56838301873567,0
1437,15.628487216674921,0
1438,17.60112505108204,0
1439,19.00833370263067,0
1440,19.74096031313481,0
1441,18.86098521773404,0
1442,21.402764304605007,0
1443,22.88828119052869,0
1444,23.14824040523746,0
1445,22.385224080605692,0
1446,22.948237067764214,0
1447,22.780466419756674,0
1448,24.959915013534115,0
1449,26.06105650030842,0
1450,24.303673655944806,0
1451,23.259406239921272,0
1452,25.200004242604898,0
1453,25.664993730975596,0
1454,22.107505281720236,0
1455,24.757753702188637,0
1456,26.49451399860306,0
1457,24.787414310885882,0
1458,24.085992706855297,0
1459,23.445928422368656,0
1460,23.561898821294626,0
1461,20.972249908018583,0
1462,20.44875742307567,0
1463,21.060200269994294,0
1464,19.31467065550965,0
1465,19.606071459114535,0
1466,16.79334229085712,0
1467,18.844537501889274,0
1468,18.34697141219978,0
1469,16.9998707570537,0
1470,16.62888903521538,0
1471,17.653884384247075,0
1472,14.586778353195868,0
1473,14.467445681158331,0
1474,14.076564574639193,0
1475,14.618045521875409,0
1476,13.988850078991629,0
1477,15.079824170319865,0
1478,14.519634062555571,0
1479,13.9314532177882,0
1480,14.11969524490302,0
1481,17.244890405425206,0
1482,16.395587276113776,0
1483,16.7288550306218,0
1484,17.526569585403,0
1485,18.004220722330405,0
1486,19.46201771006965,0
1487,19.909628067095024,0
1488,19.410292253646055,0
1489,19.829103903886928,0
1490,20.20737443695148,0
1491,20.662285865613725,0
1492,23.902145640070355,0
1493,22.127267910379214,0
1494,21.51648811239103,0
1495,23.123282239598606,0
1496,23.54176532461055,0
1497,24.949249276716223,0
1498,23.943646545659963,0
1499,25.49197737390571,0
1500,25.388526974601554,0
1501,26.224053824904,0
1502,26.996622210518883,0
1503,27.468301787687377,0
1504,25.680961661804968,0
1505,22.80706638017963,0
1506,23.131334512931183,0
1507,23.29145328805487,0
1508,24.568127503996372,0
1509,22.590037494422674,0
1510,22.49746763011556,0
1511,20.47867907948846,0
1512,20.59028449631065,0
1513,20.065561294870076,0
1514,18.249596279024388,0
1515,18.863910801828826,0
1516,18.5708105937263,0
1517,16.797827120200598,0
1518,17.482612628186086,0
1519,17.68118800886401,0
1520,15.736172919554596,0
1521,15.380924515220316,0
1522,14.860753573528234,0
1523,14.42346623610498,0
1524,15.156151146645671,0
1525,14.630948841303782,0
1526,14.858390210154344,0
1527,14.607111063283208,0
1528,14.133824881120132,0
1529,15.095989206817578,0
1530,16.793463524024325,0
1531,15.773054481029572,0
1532,16.852026106429275,0
1533,19.728742965124532,0
1534,19.832420538964644,0
1535,18.653952986535053,0
1536,20.60337942677527,0
1537,20.002345016593093,0
1538,22.921684392109967,0
1539,21.327723466487914,0
1540,22.581716700360925,0
1541,24.428615761293283,0
1542,22.7076571464464,0
1543,25.271300909094723,0
1544,23.51267567935075,0
1545,24.8575934074268,0
1546,24.534014438599712,0
1547,24.868719270265483,0
1548,25.160090300028862,0
1549,24.882879914810555,0
1550,23.812295722321746,0
1551,25.48597748596497,0
1552,25.05066634787103,0
1553,25.256603225689293,0
1554,24.920482062762083,0
1555,21.699839318768447,0
1556,23.7855112865486,0
1557,23.211151835606092,0
1558,20.761852031955,0
1559,21.690035566970195,0
1560,21.46823117159554,0
1561,18.80853353539443,0
1562,17.327145425263854,0
1563,17.72704631196457,0
1564,20.29270706441235,0
1565,17.192453307756796,0
1566,15.25025664232287,0
1567,15.780286026136793,0
1568,14.675820766481182,0
1569,14.981321741626887,0
1570,15.265514987111498,0
1571,12.4811786881891,0
1572,15.360400781479385,0
1573,16.457445330162383,0
1574,14.973002063208135,0
1575,14.997907414538577,0
1576,16.76346342699255,0
1577,14.766594672484342,0
1578,15.218575912958695,0
1579,15.565656792259782,0
1580,17.342622043134263,0
1581,18.48060981579182,0
1582,18.615331830427483,0
1583,19.897145262197807,0
1584,20.83074719996245,0
1585,21.14921622837165,0
1586,20.48544141897138,0
1587,21.645329472689042,0
1588,23.748247195210375,0
1589,21.997120551819947,0
1590,23.282110201446685,0
1591,23.54949288779134,0
1592,24.15003835996122,0
1593,23.543729170824477,0
1594,23.480295628858013,0
1595,27.513188286618554,0
1596,25.94590108508767,0
1597,24.244607071891682,0
1598,24.77066415500389,0
1599,25.296106177849772,0
1600,23.986466040040483,0
1601,24.58329026740941,0
1602,22.920249212622625,0
1603,22.68527799522388,0
1604,22.415231244158726,0
1605,21.455921651068344,0
1606,18.84127273488839,0
1607,20.673783045130158,0
1608,20.26162201572838,0
1609,19.823565507394875,0
1610,17.71191976618906,0
1611,18.43083020377059,0
1612,17.71570058689032,0
1613,15.187374983549885,0
1614,14.262530788607954,0
1615,16.509703883179803,0
1616,14.715687644908908,0
1617,16.382808665286763,0
1618,17.310742164885557,0
1619,14.460048787164887,0
1620,14.31060524358936,0
1621,15.031079568046684,0
1622,15.84511754544002,0
1623,14.244803123833705,0
1624,16.91534464368627,0
1625,17.02445487615675,0
1626,17.125572572408906,0
1627,16.416351874732666,0
1628,18.416302095844102,0
1629,18.943795698205,0
1630,17.504933876202436,0
1631,21.4375533382415,0
1632,19.699472667268584,0
1633,21.021816935315943,0
1634,20.769939788873142,0
1635,22.298313933361584,0
1636,23.660082417592125,0
1637,22.236438487053938,0
1638,21.880108038303582,0
1639,23.51678121482116,0
1640,23.0240810059945,0
1641,23.86082493531516,0
1642,24.70314612621473,0
1643,24.893066904215786,0
1644,26.290728963025217,0
1645,23.94242595572046,0
1646,25.18233753497293,0
1647,24.111830209670185,0
1648,25.69518405410017,0
1649,26.494465197123688,0
1650,23.838973641767925,0
1651,24.71799819649379,0
1652,21.969794408560936,0
1653,20.314010653033417,0
1654,20.02369670951317,0
1655,19.073541023633446,0
1656,19.04525067789943,0
1657,19.10715033468652,0
1658,19.856008219715264,0
1659,18.786441950470838,0
1660,17.96376384091945,0
1661,16.53245678512252,0
1662,15.742553773845968,0
1663,16.06649795419003,0
1664,15.80753971138278,0
1665,15.636813546810789,0
1666,15.541918992733084,0
1667,14.925161740991687,0
1668,13.075343704467796,0
1669,13.927536662026913,0
1670,14.344756531382313,0
1671,17.077335042741925,0
1672,15.242600509304884,0
1673,16.708267428268222,0
1674,17.928704570642104,0
1675,17.289556505958643,0
1676,17.10720843535542,0
1677,17.793361829788314,0
1678,17.683512088600015,0
1679,19.6539079330756,0
1680,21.12806979854724,0
1681,21.222442372536182,0
1682,22.06541239297495,0
1683,22.631098113195524,0
1684,24.50402306612574,0
1685,22.40999404112962,0
1686,23.69305775843993,0
1687,24.672242738732756,0
1688,25.577393334990422,0
1689,22.19175522965188,0
1690,24.307287530928807,0
1691,24.74873063543023,0
1692,23.97057968451365,0
1693,25.804358635675307,0
1694,25.04861864772625,0
1695,24.222948029915592,0
1696,22.69600652326251,0
1697,22.64299437745952,0
1698,22.55019919498015,0
1699,23.498619177415684,0
1700,21.280739095907382,0
1701,19.84398929929275,0
1702,19.84157770686216,0
1703,20.060668731945302,0
1704,21.673275586658594,0
1705,21.849299507859136,0
1706,18.22452590376369,0
1707,19.0304412150763,0
1708,18.901210984866424,0
1709,18.240734847461056,0
1710,16.347680416001225,0
1711,14.7311539977754,0
1712,15.181568622278844,0
1713,13.518619967420008,0
1714,15.409006555559337,0
1715,15.820269686200367,0
1716,13.107009528859308,0
1717,14.990956469234703,0
1718,15.462726554098086,0
1719,16.62992322574884,0
1720,17.04849609724144,0
1721,16.834507239801056,0
1722,15.777732027001184,0
1723,16.58784519349005,0
1724,18.7042926924642,0
1725,17.48067629190209,0
1726,18.663656861823327,0
1727,20.908179575280275,0
1728,20.127881538821057,0
1729,19.27811564134336,0
1730,20.998505487951054,0
1731,22.55273912662043,0
1732,22.30966907821578,0
1733,24.205119220134286,0
1734,24.817543464446725,0
1735,23.31594875785315,0
1736,23.826468314220083,0
1737,24.515091066798416,0
1738,23.627865167191022,0
1739,25.335042620197658,0
1740,24.819772876753532,0
1741,25.742427810379212,0
1742,24.22952570618065,0
1743,23.739630983010525,0
1744,26.16791051741124,0
1745,23.087440571265926,0
1746,22.949911175059466,0
1747,22.311319547614005,0
1748,22.19537625940761,0
1749,20.997370888125364,0
1750,21.249109003857836,0
1751,19.947754607008722,0
1752,19.583124886835673,0
1753,19.71018702846735,0
1754,19.407485597281905,0
1755,18.553552583386438,0
1756,16.763933534716745,0
1757,17.35335725670889,0
1758,16.344003201451272,0
1759,15.926908008817461,0
1760,13.947503762637853,0
1761,16.051919551561657,0
1762,15.030765478634503,0
1763,16.749043139159113,0
1764,15.64010191966028,0
1765,13.92625832912926,0
1766,13.798177299509035,0
1767,16.53158078768367,0
1768,14.795001742781546,0
1769,16.717724506000064,0
1770,16.163695210382638,0
1771,19.060027589541885,0
1772,17.580193431818405,0
1773,19.602356036093383,0
1774,20.040051945561324,0
1775,18.88631280111569,0
1776,19.67394837062503,0
1777,22.14214301250864,0
1778,21.301173402999122,0
1779,21.05273794597469,0
1780,23.7136573526519,0
1781,25.628653650502326,0
1782,23.512034518345942,0
1783,25.38517915587709,0
1784,24.190272095268657,0
1785,26.000549205445758,0
1786,24.61815996826698,0
1787,26.320853920417377,0
1788,25.577864193530164,0
1789,24.81036874166658,0
1790,25.105500144720704,0
1791,24.118682170971724,0
1792,23.247537373054247,0
1793,22.956127828729663,0
1794,23.526923308630998,0
1795,22.036497958624338,0
1796,22.993463852910086,0
1797,22.500667947668713,0
1798,21.82284246437272,0
1799,20.215686210500703,0
1800,20.118351671543337,0
1801,19.384927423126292,0
1802,20.093258863472144,0
1803,17.34472179643218,0
1804,17.18133446562844,0
1805,16.789257858868492,0
1806,16.388943294697793,0
1807,15.35156240182255,0
1808,15.109290130787922,0
1809,16.465719692175135,0
1810,14.601105401940572,0
1811,16.03000576352398,0
1812,17.10588900586599,0
1813,16.392024682678134,0
1814,13.432426187903783,0
1815,16.225273495779536,0
1816,16.219455697294336,0
1817,16.648858644584482,0
1818,14.908415349340277,0
1819,17.786411884511082,0
1820,16.480879278928143,0
1821,19.45113988575258,0
1822,19.847335482402706,0
1823,21.965969987615278,0
1824,19.6807647124731,0
1825,19.193853901133238,0
1826,22.40837933465132,0
1827,22.852544161737516,0
1828,22.181389677946786,0
1829,24.468708078040116,0
1830,24.288247447705235,0
1831,22.741515415380128,0
1832,24.041225785158186,0
1833,24.235698020166833,0
1834,24.782165712614933,0
1835,25.211401152738095,0
1836,24.366015488231604,0
1837,24.821405328523962,0
1838,25.480973441302538,0
1839,24.60701039245199,0
1840,24.120893781779,0
1841,23.72300315440528,0
1842,23.49604809926194,0
1843,21.188685951784723,0
1844,22.72104096384499,0
1845,20.945221449913525,0
1846,21.460703788976357,0
1847,19.240703617489544,0
1848,20.98272641999092,0
1849,19.64478587133803,0
1850,17.41496574820015,0
1851,18.384305782050824,0
1852,16.80074854011473,0
1853,18.818324939198757,0
1854,17.016372828508736,0
1855,15.29746290919649,0
1856,15.95636219195245,0
1857,15.40988299968628,0
1858,16.430997806357215,0
1859,15.462936006159705,0
1860,15.57760074948125,0
1861,13.988630560937008,0
1862,16.027953510024535,0
1863,17.540462542450737,0
1864,16.373265735500485,0
1865,16.060270461117938,0
1866,16.695191137561558,0
1867,16.07017745678988,0
1868,17.753352711556822,0
1869,17.05557084532615,0
1870,18.81768264278789,0
1871,19.027056587804044,0
1872,19.23713439039374,0
1873,21.30130010332597,0
1874,19.872751518680147,0
1875,21.94163372057129,0
1876,21.243502587619556,0
1877,24.94308475233532,0
1878,25.579862734644184,0
1879,24.88259171812496,0
1880,26.296867279865143,0
1881,25.281882389095053,0
1882,25.441174404454273,0
1883,24.600702389527637,0
1884,24.173093516058582,0
1885,25.153446395185785,0
1886,24.36231101203038,0
1887,24.249445668337305,0
1888,25.127007986514155,0
1889,23.906695692605407,0
1890,22.041915262375877,0
1891,22.89399323578398,0
1892,21.802832786124085,0
1893,21.68463552511336,0
1894,20.261828136846763,0
1895,21.918082003532522,0
1896,21.967985293742657,0
1897,18.300643239261884,0
1898,19.41922600294617,0
1899,18.7491100724602,0
1900,16.489901342157275,0
1901,17.12149435709512,0
1902,17.939589312171112,0
1903,16.943809801734513,0
1904,17.35220780352178,0
1905,14.272626005450824,0
1906,14.485463034626083,0
1907,15.394983918883494,0
1908,15.414349810550306,0
1909,15.126237149412821,0
1910,14.841550617130778,0
1911,15.027252271552051,0
1912,15.118377692064323,0
1913,16.539522452056705,0
1914,13.759148644800792,0
1915,18.609529374700728,0
1916,17.024951314009108,0
1917,16.707989886497543,0
1918,19.301318383150193,0
1919,17.992147302803385,0
1920,20.435231127591077,0
1921,20.29901993589508,0
1922,21.93193835098235,0
1923,22.748903305567822,0
1924,23.839806666221126,0
1925,22.592508716904593,0
1926,23.287461770006335,0
1927,23.996630206733574,0
1928,22.95668607647186,0
1929,25.253024576233162,0
1930,24.998337460518453,0
1931,23.655901797394588,0
1932,26.24916107058255,0
1933,26.361390941264364,0
1934,23.55035339571649,0
1935,25.228927746042217,0
1936,25.61779543561814,0
1937,24.84325842788608,0
1938,22.590541779337013,0
1939,21.681915044195872,0
1940,22.419329743013282,0
1941,21.45152112290856,0
1942,21.31980128391623,0
1943,20.582852489410005,0
1944,20.56000599764626,0
1945,18.818800701408712,0
1946,18.57556523832961,0
1947,21.08564640267424,0
1948,17.4005685769606,0
1949,17.722466345754988,0
1950,16.782026311035548,0
1951,16.279721383524503,0
1952,14.785737975781066,0
1953,15.934890187477516,0
1954,15.145478745139656,0
1955,15.88644776067325,0
1956,17.076913827784722,0
1957,15.252641300584825,0
1958,15.956674330900958,0
1959,14.38162765072096,0
1960,15.81095827780117,0
1961,17.608615899498528,0
1962,16.42818781090884,0
1963,16.34257701347766,0
1964,17.729604321619576,0
1965,17.924898230360387,0
1966,18.48813990793742,0
1967,18.99738244836073,0
1968,22.009165869130964,0
1969,19.804012771236597,0
1970,20.903453982159494,0
1971,21.365176797429882,0
1972,23.7621115000848,0
1973,22.786833010356734,0
1974,24.861659855676784,0
1975,24.154986708489176,0
1976,24.328381530592512,0
1977,23.180185054966664,0
1978,26.062460523208657,0
1979,25.51955847359956,0
1980,25.426338123688186,0
1981,24.861047945013436,0
1982,24.434160437380566,0
1983,23.372509945503655,0
1984,25.297057198376045,0
1985,24.25688643744096,0
1986,23.197591721915163,0
1987,22.43462892366117,0
1988,22.63723364422901,0
1989,21.843755571533162,0
1990,22.95820513268779,0
1991,21.447813844933968,0
1992,19.425272531716505,0
1993,18.26317433837506,0
1994,18.49144754965313,0
1995,17.196537215421174,0
1996,17.597742068066715,0
1997,17.38224948257981,0
1998,17.123101649109504,0
1999,16.47232693657553,0
2000,15.503003271229716,0
2001,16.005296490082607,0
2002,14.306122629050083,0
2003,14.989951714728322,0
2004,15.838616447505062,0
2005,15.357480883378411,0
2006,13.926445783773683,0
2007,14.253284924113341,0
2008,14.083212217416781,0
2009,17.86629248958747,0
2010,14.944256576524044,0
2011,16.848160822294563,0
2012,19.367245813304677,0
2013,19.19489667414486,0
2014,20.054717813388507,0
2015,18.88041672036313,0
2016,20.771455236915475,0
2017,23.730814208338657,0
2018,21.290667007971738,0
2019,22.360223773565803,0
2020,22.218403973558964,0
2021,23.064599497996525,0
2022,23.94355936861652,0
2023,25.3881423449087,0
2024,23.464652280797047,0
2025,23.22600941926104,0
2026,24.8907256211273,0
2027,25.198254065634774,0
2028,26.447223837643122,0
2029,25.71099136419633,0
2030,24.241522086844704,0
2031,25.222555511198514,0
2032,25.482769358762614,0
2033,24.28952860882548,0
2034,23.232276345196578,0
2035,23.75700670581558,0
2036,22.181512316292693,0
2037,20.082387777670682,0
2038,22.660874658014016,0
2039,19.39827643984615,0
2040,19.700085391190466,0
2041,19.06553695622111,0
2042,18.404223822954485,0
2043,17.834779333027175,0
2044,16.092029223743566,0
2045,17.513570240481258,0
2046,16.522790813857185,0
2047,16.102776238055593,0
2048,16.77138130898693,0
2049,16.509291883144012,0
2050,16.537895360388212,0
2051,16.921610256478388,0
2052,15.48127392264689,0
2053,13.532559421460912,0
2054,15.411100426424015,0
2055,15.42141549274978,0
2056,15.766738605096922,0
2057,15.460747236149192,0
2058,15.60349189328131,0
2059,17.78051917908608,0
2060,18.497853493146025,0
2061,16.996695287710793,0
2062,19.27340781316774,0
2063,19.206278480654507,0
2064,19.64009304936834,0
2065,21.364726757328043,0
2066,21.27048505092019,0
2067,21.386521641697975,0
2068,22.582660973312283,0
2069,21.07345640974969,0
2070,22.968754002199873,0
2071,23.55173987073827,0
2072,22.95575302517959,0
2073,24.81905149179064,0
2074,25.119909723219102,0
2075,24.374857000941226,0
2076,24.848258009995618,0
2077,25.64771612144727,0
2078,25.90580596148495,0
2079,23.874793600967728,0
2080,24.683703359618725,0
2081,25.01753278908363,0
2082,23.517930282934085,0
2083,22.28370956021834,0
2084,21.74369342996936,0
2085,21.600541096614524,0
2086,20.269423627652213,0
2087,22.67269803090633,0
2088,19.43640574319635,0
2089,19.731088346688164,0
2090,18.893873307204128,0
2091,18.727580321967515,0
2092,17.117882342916293,0
2093,15.659712433041502,0
2094,18.10418373455935,0
2095,15.955713996263441,0
2096,15.78687112494697,0
2097,15.58096256799863,0
2098,16.432050326736586,0
2099,15.811843566820395,0
2100,16.17406431357827,0
2101,15.865608541550461,0
2102,15.32421756905002,0
2103,15.635871131383244,0
2104,14.928107837123004,0
2105,14.096076649393913,0
2106,16.226697961450302,0
2107,15.884861027420627,0
2108,20.08863953254141,0
2109,19.647004523517303,0
2110,19.878090445232218,0
2111,18.79818747508579,0
2112,22.06031726806072,0
2113,18.94999774257162,0
2114,20.087205482008713,0
2115,21.134094159226883,0
2116,21.543547035560128,0
2117,23.177879024739017,0
2118,23.730941038602964,0
2119,25.878313165294976,0
2120,25.329066275575002,0
2121,25.841843269891132,0
2122,25.249657413094944,0
2123,24.81156546916532,0
2124,24.31517780722447,0
2125,23.44966815564077,0
2126,23.961487336362723,0
2127,24.240120338013416,0
2128,25.094529379572943,0
2129,22.28190063084736,0
2130,22.170820987057873,0
2131,23.26487190889009,0
2132,21.452615669312426,0
2133,22.250369376491605,0
2134,20.88392060796696,0
2135,19.90234557102193,0
2136,18.668430333303224,0
2137,19.25489122650282,0
2138,17.978663697613687,0
2139,17.4750480706253,0
2140,16.864096536910758,0
2141,17.143871553330367,0
2142,16.61369574046233,0
2143,14.32031209890567,0
2144,15.509383154331676,0
2145,15.779335182019592,0
2146,16.209832646725918,0
2147,15.826052649693917,0
2148,15.209543805057015,0
2149,13.900326154282297,0
2150,14.400431086927588,0
2151,16.295151192159565,0
2152,14.967706790833558,0
2153,17.059497912771892,0
2154,17.738433596777938,0
2155,15.89401686697636,0
2156,17.940614660868366,0
2157,17.974509689627812,0
2158,20.73360842102863,0
2159,20.18541499774133,0
2160,19.48954060330089,0
2161,21.059939426116713,0
2162,20.376411487873145,0
2163,21.7619346383713,0
2164,22.7049894176198,0
2165,23.19317846553276,0
2166,23.843302435237337,0
2167,23.05982637239132,0
2168,22.476847255630037,0
2169,24.25648287625462,0
2170,23.937271952938186,0
2171,24.257040172127102,0
2172,27.137336020048615,0
2173,26.120112292799554,0
2174,24.655177973074174,0
2175,23.185962193184913,0
2176,23.03193123310037,0
2177,24.3279627767631,0
2178,24.60488272213533,0
2179,22.75529221374777,0
2180,22.635099668431103,0
2181,22.168222893997356,0
2182,22.360288416829512,0
2183,18.77215961127654,0
2184,20.15595228417817,0
2185,19.75289997856925,0
2186,19.655996871911274,0
2187,18.482720831212603,0
2188,16.39930310724501,0
2189,16.375639280221097,0
2190,14.940283500667938,0
2191,16.226435774881942,0
2192,15.86223301544841,0
2193,15.892433957006054,0
2194,14.200498881655463,0
2195,13.902545010693615,0
2196,16.525598556845246,0
2197,15.224957793801527,0
2198,16.91637429002551,0
2199,15.8200464859767,0
2200,14.20816582618915,0
2201,16.838650081158328,0
2202,17.699596424195196,0
2203,16.50546941903129,0
2204,15.575341350455837,0
2205,18.751824213338505,0
2206,18.56555220259588,0
2207,19.62496204391651,0
2208,17.313488070461375,0
2209,21.1097560237982,0
2210,18.543579418714142,0
2211,21.046010826820247,0
2212,23.38590141392997,0
2213,21.219329992117114,0
2214,21.67173119879641,0
2215,23.516987708103727,0
2216,25.976787097590666,0
2217,26.23504993564279,0
2218,24.221346606712444,0
2219,25.95674703459387,0
2220,25.57891613174461,0
2221,25.21820595945284,0
2222,25.18401737487013,0
2223,23.89328883422833,0
2224,25.130171078055042,0
2225,25.026734843810164,0
2226,26.23544493807065,0
2227,23.959003257134302,0
2228,20.045280265877103,0
2229,20.706315364517675,0
2230,21.624199895816044,0
2231,20.717700081992675,0
2232,18.135590511613056,0
2233,19.203402397468338,0
2234,18.343188822077128,0
2235,18.032304129277026,0
2236,17.372734457261195,0
2237,17.87190744781747,0
2238,17.923969967931946,0
2239,16.71187099825321,0
2240,14.55457620980767,0
2241,14.512425374991027,0
2242,14.503425914529924,0
2243,14.981830661403734,0
2244,14.568785117767918,0
2245,14.688370647149105,0
2246,14.243508999642414,0
2247,16.325523614446737,0
2248,16.517054659873466,0
2249,16.983634868929144,0
2250,16.380104312130563,0
2251,17.407071296443593,0
2252,16.584995455242446,0
2253,17.070910009244976,0
2254,18.158314830929353,0
2255,19.928553387162587,0
2256,19.8475909723047,0
2257,19.50717223474779,0
2258,21.38407083761582,0
2259,22.333269851596146,0
2260,22.66032857624639,0
2261,22.374767067583445,0
2262,23.597617042222524,0
2263,23.542871798540897,0
2264,24.00233640026729,0
2265,24.527704678553775,0
2266,25.581000729805588,0
2267,26.780513153370315,0
2268,26.556744156348,0
2269,25.583967545974108,0
2270,24.42804499735836,0
2271,24.3093707574646,0
2272,24.063109100111788,0
2273,25.117807516848735,0
2274,20.77021454181153,0
2275,23.301608902581552,0
2276,20.507510570163983,0
2277,21.909546981983215,0
2278,22.618640198964172,0
2279,19.74168995113018,0
2280,17.717132239868107,0
2281,20.64448972681204,0
2282,20.21172717249907,0
2283,18.585159895743704,0
2284,18.75526829342646,0
2285,16.153703074729844,0
2286,17.637081085862977,0
2287,17.73385749832952,0
2288,16.31005191193566,0
2289,15.661666522391117,0
2290,16.453659207406442,0
2291,16.17472324089136,0
2292,14.251172611086693,0
2293,16.402802341769185,0
2294,15.914990551769916,0
2295,15.539297129006021,0
2296,16.97359187359718,0
2297,16.958685794769117,0
2298,17.21040060925432,0
2299,16.448344657205475,0
2300,18.33347461996679,0
2301,16.978068425872568,0
2302,18.579455651715808,0
2303,17.654107761913874,0
2304,18.295608100394386,0
2305,21.09568706442426,0
2306,21.21208852595354,0
2307,21.998171563070883,0
2308,23.091949976748804,0
2309,23.393790832840992,0
2310,22.64914955443065,0
2311,24.04019848421679,0
2312,24.263056810996357,0
2313,24.099427253755497,0
2314,24.705080691684735,0
2315,24.59180828277277,0
2316,24.35089116235779,0
2317,24.62296373837206,0
2318,25.064611404041592,0
2319,26.6826229984118,0
2320,23.51314457092358,0
2321,24.488684060885106,0
2322,22.07420515225737,0
2323,24.633831967545877,0
2324,22.16662467166315,0
2325,22.05229282029426,0
2326,22.571514407965807,0
2327,21.640308104040393,0
2328,18.508140619410543,0
2329,19.90256190877659,0
2330,18.478512497412257,0
2331,18.70570638672007,0
2332,17.652384387701847,0
2333,17.692232128242885,0
2334,16.75642173257775,0
2335,15.893378966918167,0
2336,16.84685196995366,0
2337,13.836555757594947,0
2338,14.73731079014484,0
2339,14.08717668177364,0
2340,14.85612845751285,0
2341,14.612832962734986,0
2342,15.022322873200919,0
2343,14.89016413909081,0
2344,15.200274973875032,0
2345,14.38918168860941,0
2346,16.426796594599853,0
2347,17.264497764479934,0
2348,16.903647180274614,0
2349,17.42964527648343,0
2350,18.06132830524406,0
2351,21.026409942414947,0
2352,20.188017802551126,0
2353,21.040370601147835,0
2354,20.99368950694061,0
2355,21.41347208506483,0
2356,21.621420460213674,0
2357,24.58593493568018,0
2358,21.83510368334102,0
2359,24.266736982554445,0
2360,24.306085450294027,0
2361,24.363775366566,0
2362,23.263221603330546,0
2363,23.72219887614343,0
2364,25.981664722527523,0
2365,24.263491321160334,0
2366,25.70872696101456,0
2367,25.289126358002264,0
2368,24.90951070503394,0
2369,24.728258190104334,0
2370,22.32526732353398,0
2371,22.56974743021558,0
2372,23.17860078982972,0
2373,20.651054881191573,0
2374,22.958695502511024,0
2375,20.09299254032575,0
2376,19.935688662430845,0
2377,18.32224308102108,0
2378,19.07171356622996,0
2379,17.352775840162057,0
2380,17.25749765766339,0
2381,15.817469568820067,0
2382,17.656222820020936,0
2383,14.400606508344346,0
2384,16.12099215148111,0
2385,15.617672492860178,0
2386,15.608170008682613,0
2387,14.022123372138823,0
2388,16.033740779680656,0
2389,16.00716283078369,0
2390,15.329952319314796,0
2391,15.693264085642186,0
2392,15.512513740216223,0
2393,16.676283756330303,0
2394,15.64326694747913,0
2395,17.51104912609313,0
2396,17.906326447242286,0
2397,16.676554407272782,0
2398,16.081854295236155,0
2399,19.2301391084371,0
2400,19.838439949448954,0
2401,21.870681850949406,0
2402,21.351692031819482,0
2403,21.41561954644274,0
2404,21.140201570130102,0
2405,22.95554346273755,0
2406,22.951696024352824,0
2407,22.86404702505682,0
2408,24.209710333264894,0
2409,25.676384895040645,0
2410,24.922391701170504,0
2411,23.908161652969696,0
2412,25.327272992288314,0
2413,23.85915660675106,0
2414,23.251951508769707,0
2415,25.113652049488522,0
2416,23.77977606636659,0
2417,25.08033763925136,0
2418,23.84655646218288,0
2419,22.23738690073435,0
2420,22.719305286049426,0
2421,23.20893215596493,0
2422,21.10538164587008,0
2423,19.59150023993009,0
2424,19.338542267163508,0
2425,18.534308040583362,0
2426,17.524916859711176,0
2427,16.794098150368466,0
2428,17.922379649794543,0
2429,18.065648714972042,0
2430,16.102582545160974,0
2431,16.81981557076354,0
2432,16.57806989086656,0
2433,17.06456333009315,0
2434,14.984022776160137,0
2435,14.693359320806074,0
2436,15.42124610851915,0
2437,15.140352510524048,0
2438,15.472407938845189,0
2439,16.67716079344674,0
2440,15.24060202041981,0
2441,16.249771396086583,0
2442,15.483226779843399,0
2443,16.796756194835172,0
2444,16.82669079538192,0
2445,17.32904038492501,0
2446,18.486190066124347,0
2447,18.9008157849147,0
2448,20.371576308658053,0
2449,21.456466490380773,0
2450,19.801732776002567,0
2451,22.916775721585385,0
2452,20.273642944651968,0
2453,23.29125959707177,0
2454,24.24582788314086,0
2455,23.31605367620784,0
2456,24.101027350691318,0
2457,23.83762567333065,0
2458,25.72438008424409,0
2459,21.785056715168068,0
2460,24.028794063847016,0
2461,23.020231680365953,0
2462,25.01802573707963,0
2463,25.91861621793958,0
2464,25.521704290313036,0
2465,24.634917729044577,0
2466,23.78376029012709,0
2467,22.277745445266913,0
2468,23.718412918304203,0
2469,22.53673129044268,0
2470,20.44978946884187,0
2471,19.37306628639644,0
2472,19.37132408588006,0
2473,20.429182044712306,0
2474,19.956765106314563,0
2475,19.702378351827743,0
2476,16.72457748826715,0
2477,16.59633635607664,0
2478,17.847170220593824,0
2479,16.253288453485872,0
2480,16.434094177576625,0
2481,14.05965504169231,0
2482,14.800978861079019,0
2483,15.026986710722621,0
2484,14.646083829396007,0
2485,14.629045023485915,0
2486,13.538030827212621,0
2487,17.011706507492697,0
2488,15.818858279354181,0
2489,14.579927507428946,0
2490,17.545219696298833,0
2491,17.0286268481032,0
2492,18.22382205802669,0
2493,17.902420692706404,0
2494,17.93293942890502,0
2495,18.6000189659894,0
2496,20.35603129076545,0
2497,21.44082257961483,0
2498,21.798218709115098,0
2499,22.574223870242342,0
2500,23.71991585824158,0
2501,23.34943549392464,0
2502,24.559647338087775,0
2503,25.09624282030925,0
2504,24.646750555150085,0
2505,24.569393152461874,0
2506,24.42273760069661,0
2507,23.783691863575374,0
2508,23.47382759186054,0
2509,26.302822247701005,0
2510,24.850590561744724,0
2511,24.10621963127361,0
2512,25.944428255177243,0
2513,24.976118573195738,0
2514,23.634586096593743,0
2515,24.090270993243408,0
2516,22.35215818146378,0
2517,22.317039078475723,0
2518,23.16123152833907,0
2519,21.759177940098894,0
2520,19.775662662733037,0
2521,20.0919045761137,0
2522,19.940148142382238,0
2523,18.023345599497286,0
2524,17.1387009240804,0
2525,18.890624445106674,0
2526,16.230169701516598,0
2527,14.77850055281652,0
2528,15.881999316644137,0
2529,17.743277127772842,0
2530,15.880411328610085,0
2531,16.086793030009463,0
2532,12.924482203329683,0
2533,14.589099204736225,0
2534,16.48221248042713,0
2535,15.087889757335708,0
2536,17.10168768235693,0
2537,16.628859601367814,0
2538,16.983382466017655,0
2539,18.761793449119537,0
2540,17.12355853281741,0
2541,17.74734997643423,0
2542,18.943290423632853,0
2543,19.698598489883782,0
2544,18.435605646520003,0
2545,22.015886748924103,0
2546,21.656925820806872,0
2547,21.882142416338706,0
2548,23.256347919076582,0
2549,22.783232744717683,0
2550,24.879120565386202,0
2551,24.16818501402173,0
2552,25.188079469808336,0
2553,23.869846673943655,0
2554,24.688072714457103,0
2555,25.46477147516065,0
2556,24.189280997581587,0
2557,24.43108064207747,0
2558,24.90983731134151,0
2559,25.863480737781856,0
2560,25.22198015335215,0
2561,25.000941711264446,0
2562,23.96838555179709,0
2563,24.07439425141762,0
2564,24.168701688925943,0
2565,22.209058055727205,0
2566,21.856312403666962,0
2567,21.362706999916625,0
2568,18.12397603708583,0
2569,19.372536183951105,0
2570,19.247569811629315,0
2571,18.96336876818472,0
2572,17.300966797063644,0
2573,18.05245308421506,0
2574,15.944566982610906,0
2575,15.975988376012566,0
2576,17.470573389831074,0
2577,14.146803918461327,0
2578,15.205930425313662,0
2579,15.007453005981743,0
2580,15.01981001654947,0
2581,14.617412993772282,0
2582,15.925812866998045,0
2583,14.41479698329584,0
2584,14.451139202156753,0
2585,16.612925671008405,0
2586,15.370295497785985,0
2587,17.42598771125649,0
2588,17.61475391517766,0
2589,17.492657493274493,0
2590,18.450761998983545,0
2591,19.3359834218495,0
2592,20.534032175493117,0
2593,20.104057663672247,0
2594,21.165075548834317,0
2595,20.560574155841255,0
2596,22.301895220901947,0
2597,21.200489120488992,0
2598,23.560670214540494,0
2599,23.580067268356775,0
2600,26.487319341876127,0
2601,25.966625470449284,0
2602,24.740694527676947,0
2603,25.96348533518802,0
2604,25.339970113855617,0
2605,23.864686913227654,0
2606,22.458952634158685,0
2607,25.77687763964013,0
2608,24.766860946583815,0
2609,22.05841869118035,0
2610,24.215774089646825,0
2611,23.998779560320397,0
2612,21.857672955792,0
2613,22.742128486437874,0
2614,19.613074264608066,0
2615,20.47064183745049,0
2616,20.070977167267223,0
2617,20.16393384181923,0
2618,19.138071591911256,0
2619,18.34199009275396,0
2620,18.087819143538415,0
2621,16.334195352024665,0
2622,17.973295862072597,0
2623,15.72329501333296,0
2624,16.493241352118226,0
2625,15.405952368065618,0
2626,14.95293013543922,0
2627,15.656286013560281,0
2628,15.47386492249714,0
2629,16.412918882676507,0
2630,16.27128521731889,0
2631,14.840356991445548,0
2632,16.197881552969516,0
2633,16.16246781762858,0
2634,15.696150390774955,0
2635,15.88304058426913,0
2636,17.781257572417612,0
2637,17.578187206948414,0
2638,17.345699728125556,0
2639,19.278473399670176,0
2640,20.246406628126454,0
2641,20.777093796945966,0
2642,20.11436422624159,0
2643,21.358010667816867,0
2644,23.891988214208055,0
2645,22.297403387496804,0
2646,23.231462903869264,0
2647,26.293044169579744,0
2648,24.699761423454138,0
2649,24.138115899064186,0
2650,22.905561391880493,0
2651,25.284633685685645,0
2652,23.629074256379756,0
2653,24.948800969917595,0
2654,23.97906346817357,0
2655,22.961156839002403,0
2656,25.996414944731033,0
2657,23.8734007356426,0
2658,24.46641178738164,0
2659,23.793683294680548,0
2660,21.779885902236916,0
2661,22.011751593247492,0
2662,20.94593186869902,0
2663,21.624842141528816,0
2664,20.437961821575488,0
2665,18.999863205938933,0
2666,20.370763943150255,0
2667,18.611247053667967,0
2668,17.967372616333066,0
2669,16.178646342656975,0
2670,16.8767178631516,0
2671,14.573284663224962,0
2672,16.136302304733537,0
2673,14.449524586792887,0
2674,15.357642729859366,0
2675,14.769031042366278,0
2676,15.23181086176797,0
2677,15.403277312757195,0
2678,15.115125777752917,0
2679,15.32634015067914,0
2680,14.183071098100317,0
2681,14.135316382800788,0
2682,17.726055157771796,0
2683,17.530176548570267,0
2684,16.020850589922,0
2685,19.995786717719017,0
2686,17.991509028755573,0
2687,19.858331603446654,0
2688,20.425230909987913,0
2689,20.76118697834466,0
2690,21.902565136121336,0
2691,20.539496558338644,0
2692,22.46385937649002,0
2693,22.789752442726773,0
2694,23.62309712831494,0
2695,23.69258966941428,0
2696,23.688063753498927,0
2697,23.888232499190053,0
2698,25.714304725314896,0
2699,24.109222704519173,0
2700,25.362460304257294,0
2701,25.307105879012315,0
2702,24.731729642089284,0
2703,25.04276791835056,0
2704,24.87221458911387,0
2705,23.43461134846973,0
2706,23.871699271396693,0
2707,24.94936033743276,0
2708,21.429090743357612,0
2709,21.611008226220864,0
2710,20.527165596775895,0
2711,22.63764228168507,0
2712,18.597212522233598,0
2713,19.354452680778344,0
2714,19.635044075417202,0
2715,17.21838331815604,0
2716,17.363987723415892,0
2717,16.244223995157544,0
2718,15.124036629204122,0
2719,15.962191824242906,0
2720,16.163068051267892,0
2721,14.98218600356782,0
2722,15.33348940619395,0
2723,15.725073375141923,0
2724,16.192387543294053,0
2725,13.80821482691331,0
2726,15.78162504759255,0
2727,14.759349257254838,0
2728,13.785783459321063,0
2729,15.255251668455125,0
2730,17.104386729146174,0
2731,17.262452132918224,0
2732,16.403416636356084,0
2733,19.690785236462183,0
2734,19.107857510527495,0
2735,19.278224528193242,0
2736,19.45804072697064,0
2737,21.06911923660131,0
2738,20.906337839645754,0
2739,23.045787999824384,0
2740,22.81260774825565,0
2741,23.65744359046862,0
2742,23.229742342818902,0
2743,22.491782430758946,0
2744,24.856115680913682,0
2745,23.612214687764546,0
2746,24.723433030920447,0
2747,24.943055299139296,0
2748,24.220925052794033,0
2749,25.84385251278372,0
2750,23.405143735516575,0
2751,26.105957155391973,0
2752,23.741135357340973,0
2753,24.927072013829843,0
2754,24.823955493664194,0
2755,22.184450965399417,0
2756,21.76679242021503,0
2757,22.849704499091125,0
2758,21.479957390972697,0
2759,20.734665381257706,0
2760,18.17806886842003,0
2761,17.7118278805803,0
2762,19.24068124845259,0
2763,19.514817430478523,0
2764,16.794232396397632,0
2765,16.095213926474145,0
2766,16.672670498577826,0
2767,16.495115715753453,0
2768,16.22950993270439,0
2769,14.942622139670892,0
2770,13.235445371266529,0
2771,16.49305614212035,0
2772,14.506193952132502,0
2773,16.29224207156765,0
2774,13.191534935936833,0
2775,15.74968032859836,0
2776,15.172969403885766,0
2777,14.95458504135338,0
2778,17.429264375040976,0
2779,18.23951019378724,0
2780,16.9176199882759,0
2781,18.729369580099384,0
2782,17.638379185864792,0
2783,18.733166159562888,0
2784,19.75638383424038,0
2785,20.307621603144867,0
2786,21.928370561219705,0
2787,20.71508971819495,0
2788,23.461578134854868,0
2789,24.00364570130826,0
2790,23.319407124779943,0
2791,22.791155191166425,0
2792,21.96967796400082,0
2793,24.556832850504172,0
2794,24.118817611302564,0
2795,25.058887967893362,0
2796,23.95270480601294,0
2797,24.95986973805455,0
2798,24.768570219479685,0
2799,24.630557017308025,0
2800,24.613404611147594,0
2801,24.256210817879733,0
2802,24.49744666767796,0
2803,22.26756110716482,0
2804,23.214030327606757,0
2805,22.072911451626194,0
2806,20.8807513251014,0
2807,19.666793571069036,0
2808,21.44555719104548,0
2809,19.585657104482834,0
2810,18.19602673376516,0
2811,18.160377734046865,0
2812,17.506755783106726,0
2813,16.44074055042229,0
2814,15.101770055302893,0
2815,16.187160351739816,0
2816,15.511221776856166,0
2817,15.104270162158715,0
2818,16.147499022079856,0
2819,13.74737285946683,0
2820,14.059214119478943,0
2821,15.204910661328308,0
2822,15.998044191995206,0
2823,15.988741339019679,0
2824,16.39273367389146,0
2825,13.861958996245848,0
2826,16.95901449898625,0
2827,17.372447374449727,0
2828,18.179523885154786,0
2829,17.41108415559031,0
2830,19.214428301404347,0
2831,20.34321037874762,0
2832,21.592165480200393,0
2833,20.908767997866782,0
2834,19.985991324395357,0
2835,21.974105730415385,0
2836,23.143786254920588,0
2837,23.558143118106706,0
2838,25.43474838505971,0
2839,23.77604825172265,0
2840,23.331953930974745,0
2841,23.998787950527948,0
2842,25.486889945835568,0
2843,24.17370390032343,0
2844,23.97897943976498,0
2845,24.139590306068406,0
2846,26.03296462717162,0
2847,24.86348371656161,0
2848,24.00702820435799,0
2849,24.81547844328056,0
2850,24.22419024873249,0
2851,22.090654913981673,0
2852,23.33122502329497,0
2853,22.164431135783328,0
2854,19.26740127974226,0
2855,19.491354750416654,0
2856,20.26892981712562,0
2857,19.839134605370447,0
2858,18.434001099829356,0
2859,17.11234576122594,0
2860,17.757691769480545,0
2861,15.161005191083529,0
2862,17.027662742442523,0
2863,15.897803692614842,0
2864,15.657078187642053,0
2865,14.751500022810111,0
2866,16.00504576180968,0
2867,12.755962537903937,0
2868,14.158784571195376,0
2869,15.631271819440908,0
2870,14.492497974346318,0
2871,16.843186558825757,0
2872,16.108642011212357,0
2873,15.298412382503743,0
2874,17.58139964305087,0
2875,16.889126733819374,0
2876,18.100887006043695,0
2877,17.505135206470708,0
2878,18.14171259022546,0
2879,20.079575854668228,0
2880,20.131635487009046,0
2881,19.938988603707916,0
2882,20.460236603229628,0
2883,22.59127031322228,0
2884,24.276562664867722,0
2885,22.254465321399664,0
2886,24.24712848180257,0
2887,21.135999214691942,0
2888,23.00259897968794,0
2889,25.330454079592517,0
2890,26.44300713318525,0
2891,25.063976339150386,0
2892,25.58450919901635,0
2893,25.259740350078648,0
2894,25.87273810623285,0
2895,23.59644699515733,0
2896,25.006205070166068,0
2897,23.58634160442719,0
2898,23.24933373972513,0
2899,23.087997370329983,0
2900,22.346213784514923,0
2901,21.20413025600142,0
2902,21.091251506233558,0
2903,19.76791833516745,0
2904,21.512781865402346,0
2905,20.088667495353402,0
2906,18.34792744311621,0
2907,19.70807176589674,0
2908,18.821025898402002,0
2909,17.4891934554349,0
2910,15.987824990524917,0
2911,16.339590169899235,0
2912,16.286871344794672,0
2913,16.805404375046347,0
2914,15.044487831040804,0
2915,14.535451804661086,0
2916,17.317179477177646,0
2917,16.466032920737792,0
2918,15.531810934432622,0
2919,14.52409044497471,0
2920,16.203884961382787,0
2921,17.19064852174695,0
2922,17.263049878846857,0
2923,17.82317971925321,0
2924,17.595446860542193,0
2925,19.26336786842348,0
2926,18.161934950280678,0
2927,18.96468960167151,0
2928,19.55750562651763,0
2929,20.066290358578538,0
2930,23.272648209920412,0
2931,20.28913176452242,0
2932,22.7839584468596,0
2933,22.118788962886722,0
2934,22.35428403190965,0
2935,24.11427602930716,0
2936,22.827816982711727,0
2937,24.575905763474836,0
2938,27.145614790453443,0
2939,24.891834660928076,0
2940,25.497145279470093,0
2941,24.159564039419173,0
2942,25.34993616820613,0
2943,23.184461783859177,0
2944,24.559801307051156,0
2945,23.87958611275747,0
2946,25.72210003541874,0
2947,22.990838847853652,0
2948,22.170693300435076,0
2949,21.386307985939858,0
2950,20.13085953243047,0
2951,21.440172208504347,0
2952,21.461632088775033,0
2953,19.00011746231388,0
2954,19.431944285940773,0
2955,17.754565529414926,0
2956,17.91854735330026,0
2957,17.430543764523733,0
2958,15.059442311885297,0
2959,15.282795232854816,0
2960,16.616288274971453,0
2961,13.50126343484433,0
2962,15.192164152447635,0
2963,14.71487866401354,0
2964,14.089994139235214,0
2965,15.10539320652031,0
2966,15.489282760424235,0
2967,15.92928886393631,0
2968,13.06253468429033,0
2969,17.71693893290076,0
2970,16.00020917892255,0
2971,18.005268691003543,0
2972,17.38915266348582,0
2973,17.517079660575497,0
2974,18.65121578797995,0
2975,22.518415631245645,0
2976,21.570183680128867,0
2977,20.314969539702176,0
2978,21.528669049108466,0
2979,23.04101457151124,0
2980,23.08696013156179,0
2981,23.13494969286692,0
2982,23.354602233852304,0
2983,22.898599441035756,0
2984,25.086119410442773,0
2985,25.725959246522763,0
2986,27.06338864458517,0
2987,24.41706817139604,0
2988,25.65503321792114,0
2989,24.92973925239412,0
2990,26.089595680723903,0
2991,24.52529666695654,0
2992,23.687171811486884,0
2993,22.28224642770922,0
2994,24.254033639548144,0
2995,23.2083429073336,0
2996,23.627193392393714,0
2997,21.367087172651644,0
2998,23.8903143438202,0
2999,19.948813982636857,0
3000,20.516886602435235,0
3001,19.76613996720064,0
3002,19.813277457060078,0
3003,17.925210945444583,0
3004,16.58705746250678,0
3005,15.971890709184871,0
3006,17.28160842252148,0
3007,16.140693162711607,0
3008,16.016061921375613,0
3009,14.567887291702014,0
3010,15.311568322244563,0
3011,15.26186473325963,0
3012,15.616665516483817,0
3013,13.581161693834927,0
3014,14.403173469000466,0
3015,17.10980544636845,0
3016,15.276921659429773,0
3017,15.949307339487977,0
3018,16.0660817232801,0
3019,15.459472198660421,0
3020,16.424279848952285,0
3021,18.45728634437421,0
3022,18.033821512251734,0
3023,21.37450405180497,0
3024,18.50181722329895,0
3025,18.71027802131506,0
3026,20.902127828490077,0
3027,20.703866853303033,0
3028,23.880663002368138,0
3029,22.617583849118027,0
3030,24.051888877904197,0
3031,22.548216065539815,0
3032,24.990827855103188,0
3033,25.252980705173204,0
3034,26.06300465375631,0
3035,25.170316121589465,0
3036,25.50953831974529,0
3037,25.11670247997399,0
3038,25.746248507967803,0
3039,24.198635695614517,0
3040,24.86633558224712,0
3041,23.38889261999535,0
3042,24.233092009214456,0
3043,22.757521317833106,0
3044,21.840840663533992,0
3045,21.225242108020296,0
3046,22.75535498914428,0
3047,19.08468269535278,0
3048,18.507200488212543,0
3049,19.97427303969432,0
3050,17.69969423306018,0
3051,17.610132230629215,0
3052,16.996183384004105,0
3053,19.225513355614865,0
3054,15.78116314399458,0
3055,15.30088468897963,0
3056,15.27054990605734,0
3057,15.602521960690957,0
3058,15.661734027059632,0
3059,13.562754444885899,0
3060,15.438529620693354,0
3061,16.988971555584094,0
3062,13.376356369017389,0
3063,15.950269617321187,0
3064,16.433264808464987,0
3065,16.182046759906935,0
3066,16.262917189610743,0
3067,14.595344112401916,0
3068,18.694304627061587,0
3069,17.756582598015704,0
3070,18.494116190627896,0
3071,20.56923071861054,0
3072,17.653954641210465,0
3073,20.5788185160666,0
3074,21.884539402189716,0
3075,22.62786298194973,0
3076,23.1037013532916,0
3077,25.07810539589059,0
3078,23.814291958602173,0
3079,24.980721185751708,0
3080,25.098302090311662,0
3081,23.134750181352004,0
3082,24.05839428817174,0
3083,27.037787325472053,0
3084,24.726009702052668,0
3085,24.889034769610497,0
3086,23.51115578771161,0
3087,24.275131186071974,0
3088,23.015799803709452,0
3089,23.356791247418123,0
3090,24.088232548509275,0
3091,22.211823413271826,0
3092,21.884428675539954,0
3093,23.25058297794331,0
3094,21.763699198413782,0
3095,21.16793052412162,0
3096,20.99376948537175,0
3097,18.795462848909526,0
3098,18.314719034883183,0
3099,16.027250632167416,0
3100,18.232708037149575,0
3101,16.748286699235464,0
3102,16.45939732598833,0
3103,14.942456675940546,0
3104,16.28897081147001,0
3105,16.00639670978157,0
3106,15.351208082586204,0
3107,13.453002515282508,0
3108,14.156842482545837,0
3109,15.007656195382411,0
3110,14.332646432151902,0
3111,15.76607088712538,0
3112,16.67532349161032,0
3113,15.277339964782245,0
3114,16.28274358130956,0
3115,16.270552375223307,0
3116,18.530874318913877,0
3117,18.98313576100914,0
3118,21.367509796195513,0
3119,19.354486282572918,0
3120,19.065983203409996,0
3121,21.06225325080079,0
3122,21.061703365343735,0
3123,22.104648451732228,0
3124,23.744040129636485,0
3125,22.759235470763514,0
3126,24.25882697169865,0
3127,21.850769437875563,0
3128,25.389331978312864,0
3129,24.755157085814353,0
3130,24.59211539222677,0
3131,24.459271139742015,0
3132,26.41933661668591,0
3133,24.454008897767075,0
3134,26.101448705924025,0
3135,24.116749698318426,0
3136,24.38127181550112,0
3137,24.327787289134534,0
3138,25.56662642842737,0
3139,23.300384365415997,0
3140,22.744701482946738,0
3141,21.855259418459365,0
3142,21.002133418076887,0
3143,20.056325937083564,0
3144,21.819024013905935,0
3145,20.828396417672856,0
3146,18.030120952453434,0
3147,18.259593169601306,0
3148,16.33584158112823,0
3149,17.910521776851567,0
3150,17.16510427415097,0
3151,16.15983216411081,0
3152,14.87701698571908,0
3153,16.161095509411496,0
3154,15.802250118569395,0
3155,14.878562933669025,0
3156,15.752490545650094,0
3157,13.71391587457505,0
3158,14.586825268346823,0
3159,14.444326214547216,0
3160,15.798622061780234,0
3161,17.715758913680844,0
3162,16.527422821102046,0
3163,18.107535562840564,0
3164,17.482462051480557,0
3165,17.693941307564007,0
3166,19.732141591147904,0
3167,19.90269607478626,0
3168,21.43129096265987,0
3169,21.63856203849554,0
3170,20.492918966322566,0
3171,19.376636599060166,0
3172,22.647682031760866,0
3173,21.877259709856585,0
3174,22.13572759144878,0
3175,22.49497872915665,0
3176,23.697635186805194,0
3177,24.4278471174304,0
3178,24.843001350037753,0
3179,27.00958627519783,0
3180,23.795171450999614,0
3181,24.953920382427636,0
3182,23.59248494863531,0
3183,23.630822855053736,0
3184,24.403227226201224,0
3185,24.39147753243196,0
3186,22.256012560307713,0
3187,24.193494429503417,0
3188,21.575374035813294,0
3189,22.87702568939371,0
3190,21.24702583431557,0
3191,21.563637297601936,0
3192,20.571409055580773,0
3193,19.06544401245224,0
3194,19.18841318466294,0
3195,16.748211476268065,0
3196,16.20385377855856,0
3197,16.603948085694178,0
3198,17.84067162297698,0
3199,15.289798213913093,0
3200,15.074623805893722,0
3201,17.048752967161615,0
3202,15.216785691038103,0
3203,15.046515915071431,0
3204,13.95289304162424,0
3205,15.10624645738152,0
3206,15.76647820227401,0
3207,15.327356760527799,0
3208,16.436930800566707,0
3209,16.364587026652014,0
3210,17.517204097865438,0
3211,17.785266755755977,0
3212,17.36903073353239,0
3213,18.958532175689776,0
3214,20.513305772628087,0
3215,19.65353736947101,0
3216,18.781713074333762,0
3217,20.845897079301253,0
3218,21.096880689125253,0
3219,24.50654662398315,0
3220,23.25599528228128,0
3221,21.93752552064015,0
3222,23.3469197408081,0
3223,25.42741341272658,0
3224,23.16653863071717,0
3225,24.12475608520393,0
3226,24.827150633379155,0
3227,24.804261967740487,0
3228,24.40138376339705,0
3229,25.081842502805188,0
3230,23.41126377234847,0
3231,24.03221612937368,0
3232,23.72208588054939,0
3233,23.655206175057394,0
3234,23.2251157112869,0
3235,23.028415912736673,0
3236,22.13826654252004,0
3237,21.480911515300846,0
3238,21.63932433000057,0
3239,21.53578683815137,0
3240,20.944479366457443,0
3241,18.17715887542528,0
3242,18.934489332073788,0
3243,18.81439744152117,0
3244,17.213822283902715,0
3245,17.403565680091162,0
3246,16.224444693300722,0
3247,16.389484770953647,0
3248,14.126265631782534,0
3249,15.820607934383522,0
3250,14.66676821982768,0
3251,14.285683606596951,0
3252,14.678482953665162,0
3253,16.006398743777606,0
3254,16.090662818694188,0
3255,15.606052333286293,0
3256,16.51058253772891,0
3257,15.602660013804014,0
3258,15.195883517115666,0
3259,15.066559193964585,0
3260,17.44411409012519,0
3261,17.915075270744783,0
3262,18.71670129860366,0
3263,19.389329515823054,0
3264,21.192406003088088,0
3265,19.706515583873376,0
3266,20.493976024467706,0
3267,23.803500648706155,0
3268,23.242150863383365,0
3269,22.71528611181528,0
3270,21.470325594835177,0
3271,23.08857015533035,0
3272,23.941778433117616,0
3273,24.506366237650077,0
3274,24.989782760103328,0
3275,24.699696522869008,0
3276,26.1158334389648,0
3277,23.73953987565328,0
3278,24.51401476425293,0
3279,23.90783711973862,0
3280,25.070862387974657,0
3281,24.11006428205289,0
3282,24.29026446643848,0
3283,23.086937863633782,0
3284,26.217640457215264,0
3285,22.599891122598216,0
3286,20.507285173899493,0
3287,20.61294873024023,0
3288,19.564708660478765,0
3289,20.071434112356066,0
3290,19.643443219950676,0
3291,18.437447946577024,0
3292,17.289603886485406,0
3293,16.2591010946974,0
3294,18.040705319549517,0
3295,17.123938919729085,0
3296,12.715676252799962,0
3297,15.424288169750332,0
3298,14.308304959865438,0
3299,14.645245502381329,0
3300,16.67246488927474,0
3301,13.889809543654739,0
3302,14.110995239371325,0
3303,17.81729953191665,0
3304,15.178643464241192,0
3305,15.783355037169164,0
3306,17.595607001078736,0
3307,16.435833883403436,0
3308,17.526891938381386,0
3309,18.324671828986073,0
3310,20.108163291474295,0
3311,17.726233958130656,0
3312,19.161906070128417,0
3313,20.520811463376923,0
3314,22.202089117763357,0
3315,21.269331321627416,0
3316,22.961364850083523,0
3317,22.529619326475444,0
3318,23.140544761801948,0
3319,25.240837016671115,0
3320,24.09424093361281,0
3321,27.580998761782908,0
3322,25.188903770682824,0
3323,26.083074136179544,0
3324,25.742040150245558,0
3325,23.401229710422303,0
3326,23.289409224105498,0
3327,25.106573351474403,0
3328,23.22433125784268,0
3329,23.419079263562818,0
3330,23.19901478470692,0
3331,22.12685835379299,0
3332,23.68326782618517,0
3333,22.692468054298626,0
3334,21.46887367718009,0
3335,21.21384872112646,0
3336,19.093174090953255,0
3337,20.221791857528977,0
3338,17.85526964887606,0
3339,19.64754739854323,0
3340,16.832122141436844,0
3341,16.401382101229963,0
3342,17.629179169483308,0
3343,16.682488788813167,0
3344,14.715020361490707,0
3345,15.984399113482182,0
3346,15.169749069765654,0
3347,15.061139370767066,0
3348,15.620074599426232,0
3349,15.660604209722596,0
3350,16.190942850099024,0
3351,15.86513159823605,0
3352,15.999009035538544,0
3353,15.934640413492092,0
3354,17.96388729786856,0
3355,16.179710740366883,0
3356,19.41508729200605,0
3357,20.272877676672664,0
3358,20.87882511613835,0
3359,19.213958981948327,0
3360,22.11006284931253,0
3361,21.806981010186753,0
3362,22.372815461244375,0
3363,25.214134693949852,0
3364,22.705548584026438,0
3365,23.624956240354088,0
3366,22.28665278500768,0
3367,21.75360478766499,0
3368,24.628674355943424,0
3369,25.059244901464396,0
3370,25.545982913868023,0
3371,25.272219678122227,0
3372,23.018600436480295,0
3373,25.342951695186656,0
3374,25.963345256227512,0
3375,26.202904941976854,0
3376,23.391314907748605,0
3377,23.084215042421793,0
3378,22.84961527687917,0
3379,22.412139204095613,0
3380,20.88564384254252,0
3381,21.23465944405547,0
3382,22.88404136266854,0
3383,19.596693072253093,0
3384,18.13211951392429,0
3385,19.07278252774385,0
3386,18.200773400828606,0
3387,18.767379747445865,0
3388,16.756474036767962,0
3389,16.774383748466114,0
3390,15.622711862299726,0
3391,15.057522726401094,0
3392,16.038283801395544,0
3393,15.500832343717569,0
3394,15.113814343732583,0
3395,15.55842244084313,0
3396,14.169807982695827,0
3397,15.058966972051502,0
3398,15.371656641425236,0
3399,16.560823618993222,0
3400,13.770516138188434,0
3401,15.676178447493847,0
3402,16.909215402660976,0
3403,16.37253061266604,0
3404,17.586113591515755,0
3405,18.76845864763044,0
3406,19.18079597656867,0
3407,17.61374915171376,0
3408,18.785795671880624,0
3409,17.818775065358516,0
3410,21.942373035097056,0
3411,22.118861264299202,0
3412,23.84298164181334,0
3413,23.08972116938469,0
3414,22.38312406778021,0
3415,25.035427537881837,0
3416,23.00091355625478,0
3417,24.610121203723264,0
3418,24.615468334343173,0
3419,25.729582834196652,0
3420,25.906432735942058,0
3421,24.525945669846752,0
3422,24.08841961754195,0
3423,24.563222225782777,0
3424,23.744019004780185,0
3425,24.9143358828333,0
3426,23.908656555390245,0
3427,24.437199365001653,0
3428,25.113317221784854,0
3429,21.03909204109824,0
3430,20.68468434589398,0
3431,21.12772567449206,0
3432,20.39824109368166,0
3433,18.99481871365854,0
3434,16.97779166316848,0
3435,20.634990034362588,0
3436,17.579462828219395,0
3437,15.777014320259203,0
3438,14.04743582414423,0
3439,17.436205909646123,0
3440,15.996137193730101,0
3441,15.379081986615471,0
3442,14.12078526244916,0
3443,14.933027126403443,0
3444,14.602726419104279,0
3445,12.524779032602947,0
3446,17.85593314798631,0
3447,15.81670783297504,0
3448,15.318437625075038,0
3449,15.0537022048734,0
3450,15.84857493593434,0
3451,19.389524733617026,0
3452,17.890325935802846,0
3453,16.735142770334715,0
3454,19.595106519066757,0
3455,19.84103319089988,0
3456,20.522643255523757,0
3457,20.511614198213838,0
3458,21.115011022483543,0
3459,22.120856301481496,0
3460,22.279418146276164,0
3461,21.612409534717315,0
3462,22.51663520856987,0
3463,23.96585672272688,0
3464,22.70691646215337,0
3465,24.47345025444043,0
3466,24.498562428369645,0
3467,25.686211154802617,0
3468,25.152530455149744,0
3469,24.646016199847374,0
3470,24.52033471811855,0
3471,25.044163874287303,0
3472,25.265833928619067,0
3473,22.873433598077423,0
3474,21.978361178663256,0
3475,22.28057821861253,0
3476,20.158521492327445,0
3477,21.10967680611241,0
3478,22.12324710704063,0
3479,21.631245360609718,0
3480,21.539273085434615,0
3481,19.40353235938103,0
3482,18.85230118886544,0
3483,17.47897084062118,0
3484,16.96167906471114,0
3485,17.23573693463142,0
3486,17.372642972227908,0
3487,16.454650782315404,0
3488,13.611379233016612,0
3489,15.868188714999937,0
3490,15.160922696240446,0
3491,14.432347177550103,0
3492,15.128746972768829,0
3493,15.935343906856975,0
3494,15.29812242967709,0
3495,14.634388263621336,0
3496,19.037048656996443,0
3497,15.379219074198085,0
3498,16.91618329225093,0
3499,18.21064677866224,0
3500,16.613024821232592,0
3501,18.623800629594033,0
3502,17.831300165527146,0
3503,19.061059846389973,0
3504,19.215723287742197,0
3505,22.41053884793351,0
3506,19.88662802910305,0
3507,22.415116635173927,0
3508,22.51726808762664,0
3509,21.024486480705512,0
3510,25.265498445377517,0
3511,23.37320284319848,0
3512,24.046539926136607,0
3513,24.818508531515526,0
3514,23.89481042425801,0
3515,24.155101845881894,0
3516,24.942431823619593,0
3517,24.04963601491439,0
3518,24.908333783475108,0
3519,25.87695611892683,0
3520,23.286314193593554,0
3521,22.3487721096301,0
3522,23.381207515537234,0
3523,23.427623987220084,0
3524,23.154613073757634,0
3525,20.786900091290175,0
3526,18.897839537945714,0
3527,21.51720656174045,0
3528,20.696581297537204,0
3529,20.849743144515255,0
3530,17.71181542971381,0
3531,18.632258798588968,0
3532,18.493125384288962,0
3533,15.082817216348394,0
3534,17.50621059055619,0
3535,17.45151041296757,0
3536,16.232290339811925,0
3537,15.90136725798315,0
3538,15.894953370631576,0
3539,14.758619402740846,0
3540,13.530468908574589,0
3541,14.090080764396001,0
3542,14.968832259331482,0
3543,14.5043564421936,0
3544,16.678499198317205,0
3545,15.5995724558967,0
3546,16.328219104114453,0
3547,15.153497093016957,0
3548,17.875309716527948,0
3549,17.355525992350245,0
3550,20.199738014646417,0
3551,17.59350769089988,0
3552,20.3026301990827,0
3553,20.222061945967397,0
3554,20.906679887911444,0
3555,23.59986121875545,0
3556,23.4396557536321,0
3557,22.165574367636456,0
3558,24.912931645560842,0
3559,23.289048948985666,0
3560,25.106215004114624,0
3561,22.853390195047634,0
3562,24.48279026728321,0
3563,24.64319187413751,0
3564,24.646700027918083,0
3565,23.33882759717531,0
3566,22.904373720661443,0
3567,24.579681797881126,0
3568,24.916237249195017,0
3569,23.9784367167364,0
3570,23.17129494466881,0
3571,21.51075793728712,0
3572,22.207860961027304,0
3573,21.333100911256963,0
3574,20.55124657601052,0
3575,20.809015334909862,0
3576,20.151849522649304,0
3577,19.72836994014205,0
3578,18.42771280306292,0
3579,17.230430797961624,0
3580,17.280753285879236,0
3581,16.623155241341845,0
3582,14.798051669132121,0
3583,15.66165255693155,0
3584,13.983295448940634,0
3585,13.381372482674987,0
3586,14.322212839723164,0
3587,14.374699824430898,0
3588,15.672789995691438,0
3589,14.708512920882882,0
3590,15.675858350047678,0
3591,16.80050190335118,0
3592,15.76541722652897,0
3593,16.388674739592776,0
3594,15.747714733005013,0
3595,17.75318150168242,0
3596,17.533471030339328,0
3597,18.12692529775499,0
3598,17.55222130733843,0
3599,18.385589771333628,0
3600,19.30103305741697,0
3601,20.73114458753265,0
3602,22.359773844454345,0
3603,20.37238089091452,0
3604,22.108124948466585,0
3605,22.707739935271174,0
3606,25.787391013235077,0
3607,23.739759549181862,0
3608,23.76556831273677,0
3609,25.337385383494983,0
3610,23.691884217729395,0
3611,25.470578245544033,0
3612,23.295929174051068,0
3613,26.9525882197351,0
3614,24.75531620133546,0
3615,24.162258374929763,0
3616,22.98608700545662,0
3617,23.78605872046417,0
3618,23.589213357502526,0
3619,22.283624970899137,0
3620,23.663418374819027,0
3621,21.555655443094327,0
3622,21.35910951969923,0
3623,20.90888671789869,0
3624,21.332830699772217,0
3625,18.937689206956644,0
3626,18.749210335407856,0
3627,18.354214923452343,0
3628,18.08794587058734,0
3629,15.095579754445357,0
3630,17.590695818764072,0
3631,15.887596548019125,0
3632,14.924582242223645,0
3633,15.327799321077576,0
3634,13.226068095934803,0
3635,14.25367202959053,0
3636,15.167190424584629,0
3637,16.382134131879965,0
3638,15.068495998737308,0
3639,15.757857854462602,0
3640,15.357272860066825,0
3641,16.877350687169436,0
3642,16.047505870503294,0
3643,17.399917635441263,0
3644,17.148308686926384,0
3645,17.10210498550546,0
3646,17.69620801688957,0
3647,18.686284345289685,0
3648,21.145086612318416,0
3649,23.83112322931128,0
3650,21.07850866501453,0
3651,21.161521418226233,0
3652,23.019157501486397,0
3653,23.520302567911923,0
3654,22.993043546924657,0
3655,25.877443948296143,0
3656,25.196413636604795,0
3657,25.55485793781177,0
3658,24.886992722727875,0
3659,25.081560503570174,0
3660,25.96908938732768,0
3661,23.558942725998193,0
3662,24.01933007011883,0
3663,24.7048656466093,0
3664,22.86196995303532,0
3665,25.609473133580718,0
3666,22.910420561502637,0
3667,22.612958397336666,0
3668,22.82373920501488,0
3669,23.42216600516307,0
3670,21.25091999059827,0
3671,19.884173394819705,0
3672,19.065848868056136,0
3673,19.579975657024413,0
3674,18.125834347131114,0
3675,20.461372189320898,0
3676,18.759163006227876,0
3677,13.787192352157373,0
3678,15.534693345308503,0
3679,16.38647905808337,0
3680,17.98469485315212,0
3681,13.361200010257091,0
3682,14.727410271428514,0
3683,16.2479567071797,0
3684,14.306491647549334,0
3685,15.114174856028477,0
3686,14.669882304137824,0
3687,16.052161993825045,0
3688,14.570649345333116,0
3689,16.056208722402623,0
3690,15.009341170216318,0
3691,17.93329194482342,0
3692,18.105279610799045,0
3693,18.05015344531782,0
3694,18.7428898450675,0
3695,19.374741694784394,0
3696,19.63066467724009,0
3697,20.80964082040583,0
3698,21.660967670317767,0
3699,21.844615308631877,0
3700,21.90545120948805,0
3701,22.637249334099312,0
3702,23.077013021422726,0
3703,24.42093968229907,0
3704,24.484623046575514,0
3705,26.592379991132606,0
3706,24.656391409550572,0
3707,25.032664867908935,0
3708,24.370766534214923,0
3709,25.05842264622348,0
3710,24.38495649036009,0
3711,23.760253453006253,0
3712,24.491683634880577,0
3713,25.558051838878832,0
3714,22.67015250548821,0
3715,22.39244526412947,0
3716,22.460341927508463,0
3717,22.166793814766923,0
3718,22.59411979598265,0
3719,20.004166688155667,0
3720,19.859197579842135,0
3721,18.548853342077283,0
3722,17.82573238652379,0
3723,17.607086197312242,0
3724,16.376058738445433,0
3725,17.392958146606283,0
3726,17.504644964002853,0
3727,15.502871825533576,0
3728,14.951514838246537,0
3729,16.68660803993462,0
3730,14.93678404659337,0
3731,16.50818603267945,0
3732,12.084152823255746,0
3733,14.854921479838449,0
3734,14.129572592252929,0
3735,14.823157484390453,0
3736,16.452022225667257,0
3737,17.08995844359705,0
3738,16.265567265573907,0
3739,17.867103363622505,0
3740,16.35386741661997,0
3741,18.331801149520444,0
3742,18.524958439919192,0
3743,17.620048301516665,0
3744,20.87565710888498,0
3745,19.954043724915337,0
3746,21.700572576436315,0
3747,21.122073539535005,0
3748,22.64960590639971,0
3749,23.63203631037706,0
3750,23.50796438979239,0
3751,23.46508305583745,0
3752,24.911459936269075,0
3753,24.807826964582883,0
3754,24.386895534689966,0
3755,24.979068002649118,0
3756,24.89711372441114,0
3757,24.596053113660016,0
3758,25.71131490482312,0
3759,26.338292052674856,0
3760,23.800580717279296,0
3761,23.830335597015196,0
3762,22.57814965198315,0
3763,21.69563499703137,0
3764,23.617107128951677,0
3765,21.225954485449655,0
3766,21.61731417255749,0
3767,19.281839892637983,0
3768,19.345362108234156,0
3769,19.804451866660237,0
3770,19.164436305151735,0
3771,18.304677657246117,0
3772,17.89213864204644,0
3773,17.15727633616378,0
3774,17.451060375568694,0
3775,17.71534897739391,0
3776,16.21734618016846,0
3777,15.252737906808724,0
3778,14.126778816183208,0
3779,14.540376683521684,0
3780,14.659786898349301,0
3781,16.46578154417894,0
3782,13.606336182512136,0
3783,14.567291905275395,0
3784,14.622209077245785,0
3785,16.881269027781173,0
3786,15.750677233037418,0
3787,15.101680699017203,0
3788,15.425577224269352,0
3789,18.372438845373345,0
3790,17.049601517448192,0
3791,20.42155693629154,0
3792,21.035865971577685,0
3793,19.490503432278565,0
3794,20.924686593620226,0
3795,21.903110159838583,0
3796,20.973377229268735,0
3797,21.7745546496903,0
3798,22.865006255084435,0
3799,23.891014670400665,0
3800,24.56418533905938,0
3801,22.700505466708357,0
3802,25.026951731345218,0
3803,24.798760886815153,0
3804,24.69093710000225,0
3805,24.451722001288662,0
3806,25.81205435060878,0
3807,26.13580407274521,0
3808,23.826516092941215,0
3809,23.750002775266722,0
3810,21.901666181521744,0
3811,22.594118099187106,0
3812,23.140552343514848,0
3813,21.76585396889514,0
3814,21.605111498703756,0
3815,20.49854420758508,0
3816,20.056261073719163,0
3817,19.9737715198891,0
3818,19.433763332486233,0
3819,16.10544293423359,0
3820,17.252959871670413,0
3821,14.019786041742355,0
3822,16.453701079208773,0
3823,15.465442737048829,0
3824,15.056902690826915,0
3825,16.921332302466784,0
3826,15.511867408997828,0
3827,16.159173735512237,0
3828,15.614066830964383,0
3829,16.717254885904797,0
3830,14.916271258070617,0
3831,15.11950625817005,0
3832,15.571654117574619,0
3833,18.47553559665974,0
3834,16.023819023185396,0
3835,16.978854931281305,0
3836,18.871006417436917,0
3837,19.006933531462575,0
3838,18.208009483697186,0
3839,21.089776639680355,0
3840,20.479476673815537,0
3841,22.098903505121356,0
3842,21.899308354731044,0
3843,22.691059945277722,0
3844,21.75748617644077,0
3845,24.462075322134066,0
3846,22.8345652976162,0
3847,24.04364312182819,0
3848,25.41736656590958,0
3849,24.27999513104978,0
3850,24.9490275850872,0
3851,24.96551576512669,0
3852,25.15673801497157,0
3853,25.547545453504906,0
3854,23.331518161929253,0
3855,24.09524402099579,0
3856,26.395578570461772,0
3857,22.013094708535714,0
3858,22.898615830115403,0
3859,23.842267288646905,0
3860,20.658976440951182,0
3861,21.051644217063227,0
3862,20.490536416497886,0
3863,22.219918864581373,0
3864,19.131299256249928,0
3865,19.97942345850413,0
3866,18.07603165225834,0
3867,18.0970341526445,0
3868,16.367108709941277,0
3869,15.484985918030537,0
3870,15.99599844287076,0
3871,14.657057421784417,0
3872,15.493424915566152,0
3873,15.498879857527614,0
3874,15.579150317548855,0
3875,16.569892423302136,0
3876,16.41830604424988,0
3877,13.93859134416991,0
3878,14.42040405089038,0
3879,17.069798796695206,0
3880,15.614568475592783,0
3881,15.646708914842112,0
3882,17.534704418897157,0
3883,16.33066074806805,0
3884,18.43271604525515,0
3885,17.783760834158397,0
3886,19.999725740137606,0
3887,19.20107139615368,0
3888,20.81887724303553,0
3889,21.710658093026804,0
3890,22.908993222736008,0
3891,21.11600446891351,0
3892,22.115482616265183,0
3893,21.625935626120633,0
3894,21.81172563895504,0
3895,23.468781405718318,0
3896,24.488847312643184,0
3897,25.87171520072727,0
3898,24.412703033150184,0
3899,26.867215028174492,0
3900,25.181092422368778,0
3901,25.83716558268592,0
3902,24.572264182036996,0
3903,23.360136870478627,0
3904,25.912396250996935,0
3905,23.67447644621046,0
3906,24.645454748761377,0
3907,22.671623139979342,0
3908,23.0840407965466,0
3909,21.75095294831933,0
3910,20.94406469068621,0
3911,20.499736986134184,0
3912,20.6780801700318,0
3913,18.134620281220418,0
3914,17.727055430587132,0
3915,19.064806181097474,0
3916,16.75941841733633,0
3917,17.133271714565886,0
3918,15.108567036258442,0
3919,15.809237139411932,0
3920,16.76021033764636,0
3921,15.455648677146895,0
3922,15.368829218915913,0
3923,14.638762076792007,0
3924,15.087483263377289,0
3925,13.247712539349978,0
3926,13.522043369303404,0
3927,15.77582815018178,0
3928,13.887271506745298,0
3929,17.323819934423582,0
3930,17.29585475459619,0
3931,15.734593140838543,0
3932,15.297675659616456,0
3933,15.643881249932326,0
3934,18.994577522763812,0
3935,19.231619460378027,0
3936,21.326455654218325,0
3937,21.10236382815424,0
3938,22.83100988336439,0
3939,22.767656732691517,0
3940,21.530787732284885,0
3941,22.834888636896178,0
3942,22.666020313370165,0
3943,23.626142876804003,0
3944,23.788187671504357,0
3945,24.360406169348867,0
3946,26.161310824966147,0
3947,24.377001338604654,0
3948,23.77639432743762,0
3949,24.296866821198368,0
3950,24.323540553606247,0
3951,24.00849606992674,0
3952,24.133150824030253,0
3953,23.509037890171438,0
3954,24.623243350014366,0
3955,23.93173644362676,0
3956,21.712938131781634,0
3957,22.8755641279407,0
3958,22.673446298651722,0
3959,20.637026087776132,0
3960,19.13689096874559,0
3961,19.765582969032987,0
3962,18.609631049019367,0
3963,18.40789862501599,0
3964,16.42347505361382,0
3965,19.039878564376696,0
3966,16.25472382057879,0
3967,16.551977250433055,0
3968,15.063968126947115,0
3969,15.527455243382475,0
3970,12.86917466227373,0
3971,13.734579750752117,0
3972,12.522131185190531,0
3973,16.027961863556325,0
3974,13.779454095939771,0
3975,13.821154770273708,0
3976,16.798979058424948,0
3977,15.544589794781396,0
3978,16.301844539074654,0
3979,18.036251924829983,0
3980,17.998118899673333,0
3981,18.40817840309843,0
3982,19.370907178583625,0
3983,17.40931810360271,0
3984,21.305630420453326,0
3985,21.994962971026283,0
3986,23.157378257754633,0
3987,19.831370944754504,0
3988,21.6649026840733,0
3989,22.497411762979183,0
3990,25.259989969244444,0
3991,24.551665550399285,0
3992,26.125071150885013,0
3993,25.092439836689174,0
3994,24.21058879731041,0
3995,23.680513511371778,0
3996,24.452674592404655,0
3997,26.38111250720842,0
3998,24.001881381932172,0
3999,22.86332169308022,0
4000,24.63714569888366,0
4001,25.3649600826186,0
4002,25.998937989125185,0
4003,24.321998008923714,0
4004,23.497441179848487,0
4005,20.152566537017023,0
4006,20.943027111015432,0
4007,20.300836205696392,0
4008,20.16237367680436,0
4009,18.441448755963986,0
4010,19.52467523600781,0
4011,19.36577779890036,0
4012,17.633699565342805,0
4013,16.688257584472613,0
4014,16.676935915773893,0
4015,16.43546862971806,0
4016,16.485371270314577,0
4017,14.538390576232999,0
4018,16.638115003156212,0
4019,15.096322311135745,0
4020,14.843500680109784,0
4021,15.752072818161515,0
4022,14.486605022542468,0
4023,16.274712092920108,0
4024,17.8352467738238,0
4025,16.484807858074692,0
4026,16.684693285902554,0
4027,16.49147509332333,0
4028,19.00952189718841,0
4029,19.233606888551435,0
4030,17.20037493471762,0
4031,20.33308189395308,0
4032,19.33791068926132,0
4033,19.478758111947535,0
4034,21.223961644712578,0
4035,21.250864871309147,0
4036,23.664564192072906,0
4037,21.779893113969408,0
4038,22.242973907527826,0
4039,23.015575535587107,0
4040,24.187025875087375,0
4041,25.208211681835405,0
4042,23.735493180365673,0
4043,24.227799514616898,0
4044,23.423938697056784,0
4045,24.7535387594225,0
4046,23.79920737091781,0
4047,26.78629508991246,0
4048,26.25169740913873,0
4049,23.026404566893774,0
4050,23.665457382072308,0
4051,23.455876826449213,0
4052,21.9447163931246,0
4053,21.512519331787384,0
4054,21.92494233179517,0
4055,20.371188531592924,0
4056,19.688365350250788,0
4057,19.306447627491806,0
4058,19.931382065064753,0
4059,17.814793951724205,0
4060,17.877088418727727,0
4061,17.184450275188592,0
4062,17.16915789589573,0
4063,15.828413654225685,0
4064,15.167361136188433,0
4065,14.68181369822292,0
4066,15.398025227065055,0
4067,15.172326351185918,0
4068,14.7330453562473,0
4069,15.255193884876306,0
4070,17.526604155027734,0
4071,16.159830687628958,0
4072,13.825204105897743,0
4073,17.32672211052814,0
4074,16.599250612062402,0
4075,15.9307905196646,0
4076,18.835663534749447,0
4077,17.99889140838607,0
4078,19.71500264097034,0
4079,18.72553646231747,0
4080,21.048946195653336,0
4081,20.36247049757931,0
4082,22.243298976015986,0
4083,22.724564568701656,0
4084,21.339842061983873,0
4085,23.403553404997183,0
4086,23.997842823634286,0
4087,23.898917748620192,0
4088,22.54031718956622,0
4089,24.891878071992046,0
4090,24.501197004852482,0
4091,26.14424840723954,0
4092,23.926843446943007,0
4093,25.931063658443442,0
4094,24.957490389368452,0
4095,27.153428165231258,0
4096,23.31334251611246,0
4097,24.913668624042856,0
4098,22.99164573012771,0
4099,22.08573015806628,0
4100,23.56679768358414,0
4101,22.50750512180515,0
4102,22.333625352070946,0
4103,19.034079598470584,0
4104,18.79250811989688,0
4105,19.927686151571965,0
4106,17.850618876904463,0
4107,19.399674719636238,0
4108,19.16182257530457,0
4109,16.82346300878347,0
4110,16.49396097471729,0
4111,16.05870482925015,0
4112,15.37690695298155,0
4113,15.34275210659659,0
4114,14.937317294179996,0
4115,15.470782194981012,0
4116,14.66649071899654,0
4117,14.521525292815198,0
4118,14.870327856910729,0
4119,14.76833697404651,0
4120,15.589254690463964,0
4121,16.57244673220449,0
4122,18.520630591371223,0
4123,15.327445371750315,0
4124,16.12198395062459,0
4125,18.018195833115787,0
4126,18.737476681830618,0
4127,19.302468831067163,0
4128,21.87223039476419,0
4129,18.82687781079737,0
4130,21.13901755773606,0
4131,20.64085045128309,0
4132,22.19749423088909,0
4133,23.558539201954176,0
4134,22.091957758326895,0
4135,24.990550336577808,0
4136,23.484045704302954,0
4137,23.571265794664185,0
4138,23.183803637627193,0
4139,24.25748206746872,0
4140,24.25796046385076,0
4141,25.785699142179553,0
4142,23.26764683054708,0
4143,24.832468525622126,0
4144,25.17142551317711,0
4145,23.714806762628257,0
4146,24.303967687875186,0
4147,22.35075691982354,0
4148,22.91418290216337,0
4149,21.5795969560219,0
4150,23.45298780996074,0
4151,20.36873122360719,0
4152,19.7007238962178,0
4153,19.75120689001637,0
4154,18.177020721368187,0
4155,17.890555345901653,0
4156,17.838417746139804,0
4157,17.831423432190004,0
4158,15.868611087080241,0
4159,16.093948777552548,0
4160,15.4988654890035,0
4161,16.07828826412961,0
4162,15.991856620765725,0
4163,15.44674094501835,0
4164,15.266302765180034,0
4165,16.834908843557287,0
4166,14.298570908810433,0
4167,17.018237538885206,0
4168,16.20855188082488,0
4169,14.50070813675762,0
4170,16.594575777525773,0
4171,15.54239950856549,0
4172,17.377456229076742,0
4173,16.058312571499048,0
4174,19.436139752938587,0
4175,18.559038791331464,0
4176,21.652813194918938,0
4177,19.92990318383331,0
4178,21.350292906316984,0
4179,20.5575903478148,0
4180,22.373390826018422,0
4181,23.089730842105812,0
4182,24.04439366452537,0
4183,26.4405391964026,0
4184,25.98122122281494,0
4185,25.407436628517075,0
4186,24.50948767730786,0
4187,24.680269098025114,0
4188,24.701109664010012,0
4189,24.114052788604194,0
4190,25.51328978137133,0
4191,24.577733448853568,0
4192,24.874203593964634,0
4193,23.73758472889158,0
4194,23.92892011172841,0
4195,24.82550560769882,0
4196,22.877181673247904,0
4197,22.86836028428056,0
4198,20.477477912802282,0
4199,20.53875907096508,0
4200,19.657618283098383,0
4201,19.889127234839624,0
4202,19.04515835309205,0
4203,17.45933846460107,0
4204,17.900637793721113,0
4205,17.134183419200642,0
4206,14.956190254328444,0
4207,16.064282590943115,0
4208,16.922007493501006,0
4209,14.559816245200949,0
4210,16.333437723964458,0
4211,15.814391558428367,0
4212,15.248865398115784,0
4213,15.568041819585144,0
4214,14.448723662334096,0
4215,16.171743728928377,0
4216,14.335207509830958,0
4217,14.998889708084931,0
4218,17.093454552683077,0
4219,15.944836544264506,0
4220,19.60167397542343,0
4221,18.519277199930187,0
4222,19.708930726313287,0
4223,20.415825795527383,0
4224,19.707362825112572,0
4225,20.779866443642334,0
4226,21.871903937295144,0
4227,22.02401919658284,0
4228,24.181832585426708,0
4229,24.18537119766858,0
4230,23.863924875547475,0
4231,25.344234418244977,0
4232,24.513194559216654,0
4233,25.508975284784597,0
4234,25.10416839388912,0
4235,24.80120631507526,0
4236,24.171538779862995,0
4237,24.347424724854893,0
4238,24.986682197050254,0
4239,25.150607683437617,0
4240,22.29776208319239,0
4241,23.652432674432724,0
4242,24.20974139397723,0
4243,22.974220221404504,0
4244,21.483025222857574,0
4245,20.984536965924278,0
4246,23.059339589660244,0
4247,19.1383786930679,0
4248,19.744514961395158,0
4249,20.2491244341133,0
4250,16.782881310883567,0
4251,18.832072729983096,0
4252,16.015890982159675,0
4253,18.03431962868801,0
4254,19.198089091464684,0
4255,14.84968694235317,0
4256,15.669520451408044,0
4257,15.815024759275571,0
4258,14.667036283898211,0
4259,15.655900667752018,0
4260,14.3539230586617,0
4261,14.543444250676046,0
4262,14.419696707665146,0
4263,15.394315840345808,0
4264,16.209036780275504,0
4265,17.07039105131161,0
4266,16.41984585082343,0
4267,15.948225575202455,0
4268,17.079120739809614,0
4269,17.632951651085254,0
4270,18.375620651209033,0
4271,19.99079165480304,0
4272,19.919526721789804,0
4273,20.803817548947244,0
4274,21.401672375144695,0
4275,21.878329287615173,0
4276,22.081193506164563,0
4277,23.825766963278767,0
4278,23.49723753587162,0
4279,23.903959846568323,0
4280,23.25702294530907,0
4281,23.961253911994127,0
4282,24.274303733585167,0
4283,25.567263567439678,0
4284,23.28614170853828,0
4285,25.724483001604195,0
4286,24.987178636407684,0
4287,23.940603038981674,0
4288,23.508824868481287,0
4289,24.504608442679363,0
4290,23.778652422154376,0
4291,21.090262762344683,0
4292,21.837130016827217,0
4293,21.02385071546249,0
4294,21.248907488770346,0
4295,20.042845337772256,0
4296,20.485015113211695,0
4297,18.851749413828,0
4298,18.45591841145922,0
4299,19.35298157309013,0
4300,17.285469339410117,0
4301,16.483751978807238,0
4302,16.526443912712224,0
4303,14.759523491800447,0
4304,14.096748140040704,0
4305,15.371789941216797,0
4306,14.600003538887552,0
4307,13.63131432248094,0
4308,15.939071158761504,0
4309,15.739075307681295,0
4310,15.403916663953078,0
4311,14.855800615764448,0
4312,15.47742158982539,0
4313,15.463925034425332,0
4314,17.32783935106657,0
4315,15.522561768873514,0
4316,17.77375852009919,0
4317,18.105937248458293,0
4318,17.57612468971822,0
4319,19.966790888869724,0
4320,19.66099334907556,0
4321,22.52228396968116,0
4322,22.468495626202674,0
4323,21.858537865141418,0
4324,22.124546080339858,0
4325,22.362566214553517,0
4326,22.815309636196357,0
4327,24.282652703704358,0
4328,22.89760166826991,0
4329,25.591005049107068,0
4330,25.528388512384524,0
4331,24.823691025079516,0
4332,25.750082815538654,0
4333,27.25509954290412,0
4334,25.126743205971167,0
4335,26.338842555371684,0
4336,24.036911847084923,0
4337,23.36082748732857,0
4338,24.537246349264024,0
4339,21.12835380752505,0
4340,23.45961175587968,0
4341,21.91259824064612,0
4342,20.81379726236094,0
4343,20.738551996521654,0
4344,20.11134429912087,0
4345,20.59496127459973,0
4346,19.547707933929622,0
4347,18.28749695699023,0
4348,17.279454258696976,0
4349,16.011645097466708,0
4350,16.663567922317323,0
4351,13.458084140014032,0
4352,16.63579550012355,0
4353,15.37950639768767,0
4354,13.508478964579938,0
4355,15.607670746781956,0
4356,14.11109913137622,0
4357,14.576741452081835,0
4358,13.384271744262165,0
4359,14.631679607727683,0
4360,15.82934185247842,0
4361,15.948762781115432,0
4362,16.753411000544002,0
4363,16.224847488488948,0
4364,18.060827085132715,0
4365,16.602911631085338,0
4366,18.13262921765086,0
4367,16.692437956358138,0
4368,19.68593248025393,0
4369,20.097513486901533,0
4370,21.090666133066232,0
4371,22.473722911982374,0
4372,23.800482197359834,0
4373,21.854488942091884,0
4374,23.282307396918583,0
4375,21.994998260976267,0
4376,26.14433574878875,0
4377,25.905810789450733,0
4378,25.2817597338126,0
4379,26.156923599781905,0
4380,25.847491966593612,0
4381,24.312374066152703,0
4382,25.540630801415805,0
4383,25.78609739706223,0
4384,25.130413230938284,0
4385,23.87686022693147,0
4386,23.146833100246926,0
4387,25.416202708766637,0
4388,22.770756080580384,0
4389,22.45955511193576,0
4390,19.89160657014279,0
4391,21.335449313315788,0
4392,20.246959369262314,0
4393,18.48558186607873,0
4394,19.99542471078389,0
4395,18.083889840935115,0
4396,18.148196649436375,0
4397,17.416780813418406,0
4398,15.765268149313924,0
4399,16.322629275259494,0
4400,17.054070234286698,0
4401,14.274915796916186,0
4402,14.133575832436952,0
4403,14.131074578620328,0
4404,15.740399345438385,0
4405,14.580343599302847,0
4406,15.464293453129041,0
4407,16.522408003783024,0
4408,14.543793789053536,0
4409,17.505995123564727,0
4410,16.49266854771214,0
4411,16.780085810679775,0
4412,19.028648948186298,0
4413,18.542706272385278,0
4414,17.389517081244342,0
4415,19.286999018882938,0
4416,19.22731476404546,0
4417,20.917119592579517,0
4418,20.822581997804942,0
4419,21.572877909641594,0
4420,23.457413950140147,0
4421,21.34894509633556,0
4422,23.815077995354144,0
4423,23.73153871084761,0
4424,24.6519079657225,0
4425,22.246477508835667,0
4426,23.873681053434876,0
4427,24.54797233084715,0
4428,26.650960003187464,0
4429,23.699630447255696,0
4430,23.70389381113733,0
4431,24.42627125554511,0
4432,24.646194531814814,0
4433,23.352129388088233,0
4434,23.619853450850492,0
4435,21.406480828466957,0
4436,24.187810185144297,0
4437,21.5731002534953,0
4438,21.420388426011822,0
4439,23.35344849609573,0
4440,19.43629590877176,0
4441,18.105235730103118,0
4442,17.71544742768815,0
4443,19.756426125066604,0
4444,17.30956005342446,0
4445,16.172210022759423,0
4446,16.427392510978173,0
4447,15.984434230393976,0
4448,16.6761240672854,0
4449,16.100873368010316,0
4450,15.547595382876299,0
4451,15.525813443129707,0
4452,14.194198973917615,0
4453,13.783771000172637,0
4454,15.576728427350897,0
4455,15.907620218708129,0
4456,15.841984703613013,0
4457,16.321845284846805,0
4458,17.097936338074046,0
4459,15.817127247489864,0
4460,17.162306194347703,0
4461,17.222039748766605,0
4462,16.847670564931644,0
4463,19.88159141030906,0
4464,19.77409411678379,0
4465,21.062051929517757,0
4466,21.927439080431366,0
4467,21.011346039037676,0
4468,24.00909366856518,0
4469,23.348823229622557,0
4470,24.54632970055982,0
4471,25.66239846217662,0
4472,23.8553038285357,0
4473,24.004743102016427,0
4474,25.010489987091606,0
4475,26.068646876416228,0
4476,26.14315525154073,0
4477,22.98845692424696,0
4478,26.266604974685613,0
4479,24.174474347229125,0
4480,24.821246364030053,0
4481,22.643056756235122,0
4482,22.653346587605448,0
4483,23.410131784744422,0
4484,20.71567617919387,0
4485,22.72131668583802,0
4486,20.755361619259418,0
4487,20.929474201488294,0
4488,20.148204856347835,0
4489,18.793266424471852,0
4490,20.019324404145138,0
4491,20.42789757890496,0
4492,18.130756240052158,0
4493,15.240530801912849,0
4494,16.586371751545784,0
4495,15.807493610411807,0
4496,16.5802946542784,0
4497,15.441976592684693,0
4498,17.31361204122113,0
4499,15.73595291947646,0
4500,15.598410990108516,0
4501,14.699772460077838,0
4502,14.280952739834516,0
4503,15.295745688590147,0
4504,15.872852183925023,0
4505,16.512456018682954,0
4506,16.665655670352372,0
4507,16.676286259279653,0
4508,17.549511820931972,0
4509,17.62396376625167,0
4510,17.71629610328088,0
4511,18.47986689722063,0
4512,20.49291806098227,0
4513,21.378225865386113,0
4514,21.077471402445397,0
4515,21.77681320466119,0
4516,23.04627262700236,0
4517,22.907428469749625,0
4518,26.67733038723687,0
4519,24.095328075409462,0
4520,23.810709340904474,0
4521,22.808594654768427,0
4522,25.039791161631513,0
4523,25.982235752407075,0
4524,24.94367027490467,0
4525,26.198399990608447,0
4526,24.236591780609857,0
4527,24.518288131028594,0
4528,24.14475510948873,0
4529,23.215439116152503,0
4530,22.052893822186753,0
4531,22.091015508428367,0
4532,20.59820231973544,0
4533,22.672507537117596,0
4534,21.122660441594462,0
4535,20.548917218195697,0
4536,19.425693121061745,0
4537,20.29911206390903,0
4538,17.859630046191416,0
4539,19.771300863515762,0
4540,18.585003238665326,0
4541,16.25707881457369,0
4542,16.263910366772123,0
4543,16.66236731377842,0
4544,16.921290994056466,0
4545,14.588338047639876,0
4546,14.671373569689166,0
4547,17.54774210505704,0
4548,15.91957445233686,0
4549,15.939274229522834,0
4550,17.103995852345754,0
4551,15.826460536465861,0
4552,15.213625220593462,0
4553,14.30432443213879,0
4554,17.326270985534396,0
4555,15.822829321764402,0
4556,18.17076047994414,0
4557,16.111752264349516,0
4558,18.2315525488302,0
4559,19.329403813234542,0
4560,18.74847845505362,0
4561,20.105829572527632,0
4562,20.462302402942086,0
4563,22.043213542672937,0
4564,21.24094463957524,0
4565,22.78175050027406,0
4566,24.909676097799935,0
4567,25.367596469373108,0
4568,26.220527776656663,0
4569,25.034597179782505,0
4570,24.422523093460715,0
4571,25.285876479844426,0
4572,25.710358986597466,0
4573,25.237135026073513,0
4574,26.279883420404182,0
4575,23.961830870796774,0
4576,24.122984820058075,0
4577,22.446991412653976,0
4578,23.11457570859242,0
4579,24.283793766423766,0
4580,22.552461682516864,0
4581,22.661466142338003,0
4582,21.721724860965253,0
4583,21.616939552667215,0
4584,19.16464089694524,0
4585,19.882263493505974,0
4586,19.385608575744754,0
4587,19.244112901330055,0
4588,18.894451962139364,0
4589,16.459202619333123,0
4590,15.033016531567457,0
4591,15.391261531744918,0
4592,16.99345330104221,0
4593,14.387397930432146,0
4594,13.793992217308027,0
4595,13.731774023651575,0
4596,13.699657042462286,0
4597,15.76347389127386,0
4598,14.402904419574504,0
4599,14.75606293023401,0
4600,16.81289112965449,0
4601,16.96914206752023,0
4602,17.345895328015576,0
4603,16.190841430823983,0
4604,15.796509886357839,0
4605,18.43861431751079,0
4606,20.46131588558778,0
4607,18.991267091983218,0
4608,19.728165747343063,0
4609,17.404432305988696,0
4610,23.026495967209474,0
4611,21.71420452353948,0
4612,20.758866436712044,0
4613,22.984650226375216,0
4614,22.93999591311569,0
4615,24.5947116281051,0
4616,26.48337435591974,0
4617,23.81421912075172,0
4618,24.985213906455428,0
4619,24.572469958269224,0
4620,24.33562011118948,0
4621,25.417416611046058,0
4622,26.377090965046307,0
4623,25.059382815439314,0
4624,23.903475617701677,0
4625,24.485197636964713,0
4626,23.772194737062424,0
4627,23.858952682875668,0
4628,21.94840335237209,0
4629,22.05123653888857,0
4630,22.94149900915661,0
4631,20.671685036306094,0
4632,20.977075134259913,0
4633,19.336954567466844,0
4634,18.776589711788525,0
4635,17.344037141011277,0
4636,20.34975556486873,0
4637,18.15421980115524,0
4638,17.645128770804472,0
4639,17.19094337243618,0
4640,14.649967527893438,0
4641,14.62221514070528,0
4642,14.989049206805976,0
4643,13.361513379651198,0
4644,14.09641074946608,0
4645,15.872672994639618,0
4646,13.035285750702354,0
4647,14.480207575259943,0
4648,15.565752201866939,0
4649,15.935850086036924,0
4650,16.42810375695732,0
4651,16.188922684599262,0
4652,18.406338224648593,0
4653,15.718725921316718,0
4654,19.118713829422873,0
4655,17.82981565155376,0
4656,19.26982231901967,0
4657,20.5752392764972,0
4658,22.900254224886393,0
4659,20.997713896471474,0
4660,21.047395201173593,0
4661,24.01618836468302,0
4662,23.44854323602454,0
4663,23.976285452125847,0
4664,24.888787251907097,0
4665,25.620750240377866,0
4666,24.986522961946104,0
4667,22.84119924601485,0
4668,24.79112112233639,0
4669,24.975772866608605,0
4670,23.667247123103152,0
4671,23.59137855950951,0
4672,24.966385469477327,0
4673,24.20975552887056,0
4674,22.626269536116848,0
4675,23.60544146902233,0
4676,22.632735756230527,0
4677,20.616728565999754,0
4678,21.017090382572537,0
4679,19.334174517372393,0
4680,19.13218804509039,0
4681,19.646889083186778,0
4682,17.476730238822654,0
4683,16.83536638465543,0
4684,17.875529213752866,0
4685,15.94373818793137,0
4686,16.188591313705523,0
4687,15.778592998712552,0
4688,15.50578015794945,0
4689,15.760168563888529,0
4690,14.734576942321654,0
4691,14.264084537632352,0
4692,14.53510633407181,0
4693,16.20769345405764,0
4694,16.102722347483713,0
4695,15.325685053914011,0
4696,16.9022155997474,0
4697,16.743968019656823,0
4698,15.388847901701517,0
4699,18.47152338981455,0
4700,20.30723042229706,0
4701,18.450568554512046,0
4702,17.082180723191218,0
4703,20.851540466795093,0
4704,20.611107870052493,0
4705,20.545333142707626,0
4706,19.255930009615238,0
4707,21.809433510276126,0
4708,22.198970376802706,0
4709,22.7270529850596,0
4710,23.113068571045247,0
4711,24.93073780450439,0
4712,23.9080807758536,0
4713,25.05209223216,0
4714,22.918814444135354,0
4715,23.966629715213923,0
4716,24.993112395794167,0
4717,24.063998749364178,0
4718,24.868710443244943,0
4719,24.570740789692017,0
4720,24.521202037583407,0
4721,23.63766769247363,0
4722,24.177368307852365,0
4723,21.681175990540197,0
4724,22.101894594567387,0
4725,23.44552362788352,0
4726,20.879013023344744,0
4727,22.193592376432544,0
4728,20.353461621666707,0
4729,19.11184366823395,0
4730,18.79972318224982,0
4731,19.69267150065018,0
4732,17.188798854918076,0
4733,15.84552309835468,0
4734,16.970742610663894,0
4735,16.758170993621558,0
4736,16.532268776588516,0
4737,13.857582489561464,0
4738,15.574404316810202,0
4739,15.115334333182052,0
4740,14.755912355665716,0
4741,14.572722121341855,0
4742,15.64260154125531,0
4743,15.31547053269373,0
4744,15.625793456297163,0
4745,18.038440009427674,0
4746,16.523568250074042,0
4747,15.79703630361641,0
4748,16.577862273757933,0
4749,17.323635537836235,0
4750,17.089762496383,0
4751,20.434054884823038,0
4752,21.861029517067454,0
4753,20.019098436242217,0
4754,22.200923852026055,0
4755,21.15885648115254,0
4756,21.81008901208053,0
4757,21.28641552995019,0
4758,23.472245807944915,0
4759,25.19743536209507,0
4760,25.59093766257342,0
4761,25.144290843960494,0
4762,24.5573514348699,0
4763,26.16008920631435,0
4764,26.739352589871913,0
4765,24.18699562490118,0
4766,25.094557598460636,0
4767,24.565799930069577,0
4768,23.684152556480935,0
4769,22.787786503134114,0
4770,22.700714284448647,0
4771,23.15369311938425,0
4772,22.754874109969684,0
4773,22.052986353969565,0
4774,22.57549144446462,0
4775,19.962283845814326,0
4776,18.739249159096538,0
4777,18.16625743165238,0
4778,19.1013374884168,0
4779,17.546991413602953,0
4780,15.850186877749866,0
4781,17.881334137424883,0
4782,17.8648033223359,0
4783,16.214110738570675,0
4784,16.31339823256698,0
4785,13.983898293727254,0
4786,13.756369040101916,0
4787,15.205324203293358,0
4788,15.209675468746651,0
4789,14.850034797014025,0
4790,14.881345168562744,0
4791,14.752053463035256,0
4792,17.112601725999227,0
4793,15.17661707657836,0
4794,16.33122225025208,0
4795,17.99532828699164,0
4796,16.47977836227671,0
4797,18.230812168556703,0
4798,18.591446802204214,0
4799,19.965144091878734,0
4800,17.554791763525404,0
4801,20.35606360407439,0
4802,20.508615659196447,0
4803,23.0047788715936,0
4804,22.44428049560537,0
4805,22.480942529219895,0
4806,24.42169077715929,0
4807,24.60667147781371,0
4808,25.346926215770754,0
4809,25.70298437780387,0
4810,25.59931704347993,0
4811,24.384996853837617,0
4812,25.298348704308122,0
4813,25.25389714827857,0
4814,25.190949957447085,0
4815,24.957748581620756,0
4816,24.42291642187328,0
4817,23.548266205285053,0
4818,23.463821380087634,0
4819,22.062433758965767,0
4820,21.602252600447784,0
4821,22.637182121961175,0
4822,20.974660578455406,0
4823,20.744940963875397,0
4824,19.46159634630195,0
4825,17.714973377416552,0
4826,18.30498539882421,0
4827,19.701704046721208,0
4828,17.396138594736616,0
4829,16.274240458041543,0
4830,17.15730587716713,0
4831,15.548770126865566,0
4832,15.056417304900142,0
4833,13.816532484782865,0
4834,13.453424494119567,0
4835,15.457976382868981,0
4836,15.136941441557509,0
4837,15.079841938291667,0
4838,15.861563475942056,0
4839,14.920390624034216,0
4840,15.687766089784455,0
4841,15.164113851451248,0
4842,15.601697797400982,0
4843,16.205802858318126,0
4844,18.465754388217768,0
4845,18.791695683550046,0
4846,17.696978224784022,0
4847,19.026630793444248,0
4848,20.11817744841948,0
4849,19.844774653249594,0
4850,21.967345064244093,0
4851,21.12509111447344,0
4852,22.161839916221005,0
4853,22.705833101123932,0
4854,21.68588449080183,0
4855,22.21181117220077,0
4856,23.463470962895922,0
4857,25.800632724181842,0
4858,25.406512533475127,0
4859,25.404208463297312,0
4860,24.37002941047428,0
4861,24.484824442308884,0
4862,24.86942321200146,0
4863,24.88358581474695,0
4864,22.803781011103954,0
4865,23.25018164974703,0
4866,22.76159421921046,0
4867,24.349142352771928,0
4868,21.948665817782135,0
4869,21.08888090563046,0
4870,22.10214692989338,0
4871,20.204179119059063,0
4872,20.923283400554197,0
4873,18.37331268377174,0
4874,20.581323823619787,0
4875,17.99596787988794,0
4876,17.630285204881908,0
4877,16.708822938868163,0
4878,16.40858252082114,0
4879,16.044378631937764,0
4880,15.331071330063368,0
4881,16.612627590320074,0
4882,12.907342886637402,0
4883,13.82100530074587,0
4884,14.617021735427553,0
4885,14.901381539880623,0
4886,16.602105086026718,0
4887,15.924168861888846,0
4888,15.660671929827116,0
4889,15.2216804857183,0
4890,18.420116271098806,0
4891,17.818624301647016,0
4892,20.043615662238537,0
4893,16.588729931807382,0
4894,20.422689562861187,0
4895,19.242116414655666,0
4896,19.14130476820029,0
4897,20.776160752139113,0
4898,21.408550804375533,0
4899,21.59585251327365,0
4900,21.045889735509633,0
4901,22.690831313747303,0
4902,22.248344925052102,0
4903,24.052378456242725,0
4904,22.96471833945144,0
4905,24.83445866536827,0
4906,24.41332187238643,0
4907,25.908021334476718,0
4908,24.207752429523076,0
4909,23.595386875955462,0
4910,23.41548406837225,0
4911,24.875066230649754,0
4912,28.261904899299775,0
4913,22.574547161468004,0
4914,22.896474314383404,0
4915,24.57077319850026,0
4916,23.13763694825111,0
4917,23.16656493102984,0
4918,21.580647545372425,0
4919,21.115147093738265,0
4920,20.027235546794977,0
4921,18.2077068162008,0
4922,18.889678326430392,0
4923,17.081941781514875,0
4924,18.09523881176673,0
4925,14.193264117536074,0
4926,14.34502772759916,0
4927,15.837448091220981,0
4928,15.7062423895472,0
4929,17.165512438108337,0
4930,14.282495030368723,0
4931,15.600338611575365,0
4932,13.116370071048035,0
4933,17.33778952737295,0
4934,12.476081111424405,0
4935,16.801925095858053,0
4936,15.204902977994267,0
4937,14.108790916606143,0
4938,15.784155032569997,0
4939,17.720978539669996,0
4940,17.231333989167236,0
4941,17.113493862893705,0
4942,18.749695681403868,0
4943,19.204163607023485,0
4944,20.776946190949555,0
4945,21.196041719976193,0
4946,20.677872742815865,0
4947,20.993799346556848,0
4948,22.395572895493352,0
4949,22.738946926268696,0
4950,23.6496566076233,0
4951,22.788099634646166,0
4952,24.304145278911548,0
4953,23.646613597718556,0
4954,25.242301449598944,0
4955,25.073850166449432,0
4956,24.600721346418077,0
4957,23.22587868118235,0
4958,25.80567824975533,0
4959,23.615454392094048,0
4960,23.701371174338355,0
4961,23.730802068549977,0
4962,23.795547991205183,0
4963,22.348589330200575,0
4964,21.828107962681653,0
4965,20.336766609784142,0
4966,22.192925132610345,0
4967,20.013830057506418,0
4968,19.385575453963177,0
4969,17.11898648590787,0
4970,17.971881007876327,0
4971,18.824122905419337,0
4972,18.416663994073716,0
4973,15.776485242466316,0
4974,16.383518103171617,0
4975,16.52539171189805,0
4976,14.10541573809108,0
4977,14.864871333733076,0
4978,15.743234721771234,0
4979,16.007724715370486,0
4980,13.41856001768222,0
4981,13.804199449226413,0
4982,16.20091888656528,0
4983,14.843577861205462,0
4984,15.897251260092558,0
4985,14.736117251512905,0
4986,17.499342655167467,0
4987,17.213077398263916,0
4988,18.78237251861732,0
4989,17.008818225173616,0
4990,18.024077598782803,0
4991,17.99039627733218,0
4992,18.62414877936574,0
4993,19.17364862670181,0
4994,21.30633944489247,0
4995,20.818396988810438,0
4996,22.287238249258543,0
4997,22.15176793834154,0
4998,23.687496490579747,0
4999,24.590815583034708,0
5000,24.9296036734564,0
5001,25.285064716736425,0
5002,24.483649718870257,0
5003,25.461657770580743,0
5004,24.536083340276523,0
5005,23.94099274916482,0
5006,23.386645991373157,0
5007,24.375154799403585,0
5008,24.40691099862197,0
5009,25.416805720770995,0
5010,22.871318774386737,0
5011,24.336616474362486,0
5012,20.76010394828169,0
5013,21.648782831947138,0
5014,23.47353029795351,0
5015,20.151553316798367,0
5016,18.93728944602844,0
5017,18.166626696827315,0
5018,20.78685092025145,0
5019,19.18649572235225,0
5020,16.79621795981986,0
5021,16.3529630778563,0
5022,13.82882194891527,0
5023,15.708560345970758,0
5024,17.086638103151937,0
5025,13.304335067145164,0
5026,16.117666175517257,0
5027,15.537081397434969,0
5028,16.456010779989885,0
5029,14.38304086171249,0
5030,15.320411630291405,0
5031,16.630212736020084,0
5032,16.055355488411767,0
5033,16.64213482725101,0
5034,16.047834851896397,0
5035,16.675357960084156,0
5036,16.818537190339605,0
5037,18.10978110875844,0
5038,18.647538052375445,0
5039,19.000052300656776,0
5040,17.763375236734486,0
5041,19.139654396315116,0
5042,21.1332736199279,0
5043,22.995599037091907,0
5044,21.51919600227112,0
5045,22.421648298121408,0
5046,23.40084554235568,0
5047,24.848927345481687,0
5048,25.912985888917213,0
5049,24.810690751000912,0
5050,24.747464864968855,0
5051,24.067779960852484,0
5052,25.303943810983316,0
5053,24.57579105756922,0
5054,24.895522665906643,0
5055,23.638429475919512,0
5056,25.332884799485676,0
5057,23.470420853907562,0
5058,21.902034068432975,0
5059,22.91814818424473,0
5060,21.296608659370428,0
5061,22.362794531387824,0
5062,22.53838597831322,0
5063,21.113778567159827,0
5064,19.759465763382966,0
5065,18.42857479837513,0
5066,18.135414422841286,0
5067,20.14254054229031,0
5068,18.486633929381476,0
5069,15.863379383363108,0
5070,15.44548637642549,0
5071,16.34101878341124,0
5072,15.704205032886467,0
5073,15.431168286885763,0
5074,15.734981879586034,0
5075,13.90900818741522,0
5076,14.145265225444037,0
5077,16.008540358697793,0
5078,15.448779276573324,0
5079,15.093696049425379,0
5080,15.538517716679825,0
5081,16.646028376592906,0
5082,16.736652597778352,0
5083,16.2532883414518,0
5084,16.30459658841574,0
5085,18.854446886597525,0
5086,17.461916627860962,0
5087,21.365436811567,0
5088,18.821370017459152,0
5089,20.009040865059436,0
5090,22.35574092307333,0
5091,23.337222309247768,0
5092,22.545858372203043,0
5093,20.354544107176963,0
5094,23.388973321924304,0
5095,21.8489727832679,0
5096,23.8030386280028,0
5097,25.445108560967412,0
5098,25.600533737783568,0
5099,25.06130613456134,0
5100,25.226811143237693,0
5101,25.5606133170086,0
5102,24.41494884224193,0
5103,24.225312293428427,0
5104,25.516901001388433,0
5105,24.432732493639087,0
5106,24.728154642453863,0
5107,23.430916554362277,0
5108,22.870104291450478,0
5109,22.72644458482133,0
5110,21.993899145247564,0
5111,22.35073914843637,0
5112,20.5810470175932,0
5113,18.862406747223208,0
5114,18.299005087262568,0
5115,17.12566715827794,0
5116,17.71499890200949,0
5117,16.23973196213453,0
5118,15.142432294988982,0
5119,16.66389779723049,0
5120,17.131886731833827,0
5121,13.767920458380287,0
5122,16.122308838876204,0
5123,15.242493065564588,0
5124,13.96000986748662,0
5125,14.337830112892657,0
5126,14.963296574945979,0
5127,17.658442954898,0
5128,15.892173859260714,0
5129,17.600348637725528,0
5130,15.84973833931447,0
5131,18.003154198050254,0
5132,18.295340490192576,0
5133,17.398734114638476,0
5134,18.113934955916513,0
5135,19.823323087699922,0
5136,18.40692387532662,0
5137,20.612558403405664,0
5138,19.98498741471472,0
5139,21.903610357566766,0
5140,22.912648112778793,0
5141,23.72265513114396,0
5142,23.921295845311658,0
5143,23.767532252400116,0
5144,23.781752561580152,0
5145,23.755662374631115,0
5146,24.21130223947984,0
5147,24.51840172517768,0
5148,24.470645432859584,0
5149,25.12172121780418,0
5150,24.137830579051947,0
5151,23.019309682570654,0
5152,24.98821259605018,0
5153,23.19829802688517,0
5154,21.85336172731175,0
5155,22.10501667623512,0
5156,22.139370014888346,0
5157,21.673824087910646,0
5158,21.484363363779316,0
5159,22.55076170657345,0
5160,18.667188579261435,0
5161,20.93461676237347,0
5162,18.855354046665113,0
5163,17.75025078773085,0
5164,15.238549806559192,0
5165,16.64863507856134,0
5166,17.09703128262859,0
5167,14.959139717226822,0
5168,14.121227436979234,0
5169,14.050967748501387,0
5170,15.317744647801906,0
5171,15.054896530840566,0
5172,16.57174101277566,0
5173,14.53435405861403,0
5174,15.94787368550863,0
5175,14.13131472250803,0
5176,15.418333125712739,0
5177,17.102569613862396,0
5178,16.14729671412908,0
5179,17.451242935076568,0
5180,16.19591762992888,0
5181,17.11596991100362,0
5182,18.130432091557697,0
5183,18.183324204855083,0
5184,19.504499839644165,0
5185,22.089592483561127,0
5186,21.032943128017088,0
5187,22.138157868330964,0
5188,24.0423845377997,0
5189,23.04373128576103,0
5190,23.364615876856064,0
5191,23.4582428748752,0
5192,25.42990293079486,0
5193,25.513723033540455,0
5194,26.869642587767107,0
5195,27.016034072780197,0
5196,23.492760067884813,0
5197,25.71641906182679,0
5198,26.942761163006203,0
5199,24.939070573759885,0
5200,24.498945726583873,0
5201,22.821377336314974,0
5202,24.688886988103704,0
5203,22.040902103999176,0
5204,22.68574593052922,0
5205,21.590102788141678,0
5206,21.770386539340006,0
5207,20.23213946389665,0
5208,19.5910254589002,0
5209,20.397571737179838,0
5210,18.68263945100683,0
5211,19.01497692028941,0
5212,16.847039907889734,0
5213,18.457652490918026,0
5214,17.006192265865035,0
5215,17.27734481228674,0
5216,16.464194480792646,0
5217,13.819747596293134,0
5218,12.60559293469539,0
5219,16.12006708927702,0
5220,14.530082642445478,0
5221,14.648250210585955,0
5222,14.342245134104692,0
5223,14.831649376377225,0
5224,15.979331830951718,0
5225,16.92815799619359,0
5226,16.17760700886461,0
5227,14.771075431712868,0
5228,18.100049902909717,0
5229,18.387214132276558,0
5230,18.09116987064196,0
5231,18.05041715085101,0
5232,18.659215063117625,0
5233,21.90721834685564,0
5234,20.67730473316777,0
5235,23.119958595572164,0
5236,22.25028453987327,0
5237,23.92282315848154,0
5238,22.60750334291971,0
5239,22.699560296082964,0
5240,24.12745588538721,0
5241,22.87790099731487,0
5242,23.484276016363637,0
5243,25.42424065552897,0
5244,26.565844007924262,0
5245,25.136253465377383,0
5246,23.172249870785336,0
5247,23.588705598199585,0
5248,24.506237705801503,0
5249,23.82295639664716,0
5250,25.93875075565022,0
5251,24.938460170423465,0
5252,22.201149037842818,0
5253,24.01866870082712,0
5254,20.340753524631698,0
5255,19.70166176362644,0
5256,21.43982167588946,0
5257,18.298729599548174,0
5258,18.145744329893898,0
5259,19.698280967866854,0
5260,17.088140600367115,0
5261,18.33078206941486,0
5262,17.184512723032018,0
5263,15.61613585413088,0
5264,16.3261993138566,0
5265,16.525006183528454,0
5266,16.013738105677735,0
5267,14.20601708207076,0
5268,15.961282555194197,0
5269,12.694992045783598,0
5270,14.861717147603104,0
5271,15.42951053375333,0
5272,16.618261860725312,0
5273,17.416163461464066,0
5274,15.102492941930329,0
5275,16.387665410550827,0
5276,17.36342801188984,0
5277,17.596084358690298,0
5278,19.06931926038278,0
5279,19.98452680262961,0
5280,20.67616734976183,0
5281,20.295174328418625,0
5282,24.502946007213485,0
5283,20.732925316544296,0
5284,22.28676769242212,0
5285,24.609190024821363,0
5286,24.36441509296489,0
5287,24.770770178842934,0
5288,25.61646462216639,0
5289,24.447084397654475,0
5290,24.95752792585467,0
5291,26.121101120872712,0
5292,26.66403525175949,0
5293,23.698627964923748,0
5294,24.342562268776707,0
5295,24.66922884397428,0
5296,25.288042390990384,0
5297,22.771141800401242,0
5298,24.535348245190388,0
5299,22.407597704788145,0
5300,23.310975482230482,0
5301,22.2259857235387,0
5302,22.8440862141151,0
5303,19.673594341703623,0
5304,20.63232372249516,0
5305,19.113920520067822,0
5306,18.055335941545124,0
5307,19.094778249508767,0
5308,16.579281815826825,0
5309,17.750582715163638,0
5310,15.47346466797572,0
5311,14.889809906467665,0
5312,16.41333087984293,0
5313,17.591151925467475,0
5314,15.682421250081974,0
5315,14.130384846027882,0
5316,15.373055563390826,0
5317,14.770718088740736,0
5318,14.53033794209478,0
5319,15.62334545653109,0
5320,16.236041653021626,0
5321,16.87540028181354,0
5322,15.455049193659208,0
5323,18.61874711386893,0
5324,17.22070502280452,0
5325,16.489811767259717,0
5326,17.86935400280015,0
5327,19.482367575364787,0
5328,19.149897116532262,0
5329,20.861742420222647,0
5330,20.388845218624866,0
5331,22.946015657847724,0
5332,22.67303438818331,0
5333,22.777068272409664,0
5334,24.51450573141263,0
5335,23.01054624767239,0
5336,24.159459661673424,0
5337,25.196130276045732,0
5338,25.19013962108624,0
5339,24.998094086723206,0
5340,25.861598470938176,0
5341,24.413998388510556,0
5342,24.79084397669258,0
5343,23.718362682165363,0
5344,24.241298514313087,0
5345,22.77371249569446,0
5346,22.33474472028076,0
5347,23.003835305598898,0
5348,21.444599440634377,0
5349,22.64912548702165,0
5350,22.239198003912364,0
5351,21.20589405361317,0
5352,20.727088948586175,0
5353,19.83485523952463,0
5354,17.16169371601423,0
5355,16.94880150352232,0
5356,17.800085854784474,0
5357,15.840559959802093,0
5358,15.751864719350856,0
5359,15.96535074209684,0
5360,15.951529054458414,0
5361,13.769914827892531,0
5362,15.166628135391973,0
5363,15.870898566143946,0
5364,15.348889979544312,0
5365,16.518378179207293,0
5366,14.674515651824887,0
5367,16.63275984135519,0
5368,17.81068710993025,0
5369,16.726908513761423,0
5370,17.439760179977874,0
5371,17.948592086505677,0
5372,15.298015456331443,0
5373,17.36296726356772,0
5374,19.77416223041883,0
5375,18.04883808216999,0
5376,20.276870677340717,0
5377,21.178176576929694,0
5378,22.539169527551355,0
5379,21.758302082956828,0
5380,23.34818528113315,0
5381,23.003107039644416,0
5382,25.0964513722931,0
5383,23.302732538618336,0
5384,23.769920465154303,0
5385,24.993033025823085,0
5386,26.478817248457823,0
5387,25.18735158713586,0
5388,24.94207909983005,0
5389,24.306096398568286,0
5390,25.852543701721764,0
5391,23.900385980058616,0
5392,24.053418594311655,0
5393,23.6553238308751,0
5394,24.62214230090142,0
5395,22.158574936641216,0
5396,21.628100725590112,0
5397,22.086288068019446,0
5398,21.30444712323988,0
5399,19.14059296155558,0
5400,19.081971141149037,0
5401,18.67324512754268,0
5402,18.713825527598594,0
5403,17.21225371703015,0
5404,19.440721018438936,0
5405,17.195379293382242,0
5406,17.642741557584465,0
5407,16.331277974673313,0
5408,15.881865935125576,0
5409,16.083766005060156,0
5410,14.795352830205902,0
5411,13.196865510381924,0
5412,15.40957546551539,0
5413,14.264659755503963,0
5414,16.45460470064545,0
5415,14.445293356742278,0
5416,15.793327280223549,0
5417,16.033417271387886,0
5418,15.867322489210318,0
5419,16.544882573902967,0
5420,17.2953313791388,0
5421,18.237434519116675,0
5422,18.935952205430326,0
5423,19.369228909517616,0
5424,19.961720267275656,0
5425,18.39931528439832,0
5426,22.650803618432526,0
5427,22.573305534976377,0
5428,21.21101751416123,0
5429,22.179576704953018,0
5430,21.374306657300817,0
5431,20.986676312049852,0
5432,23.839836135667458,0
5433,26.26579170479562,0
5434,24.96040892848806,0
5435,25.157689175504935,0
5436,25.057488952384592,0
5437,25.528438971716398,0
5438,24.773199397897518,0
5439,23.778326333508385,0
5440,23.72596828268927,0
5441,24.640964709769356,0
5442,23.127092362012906,0
5443,21.12176992850676,0
5444,23.041294837601804,0
5445,22.133655718172356,0
5446,22.627384629613505,0
5447,20.752376255941034,0
5448,20.00770739646055,0
5449,19.23368115968313,0
5450,17.907667224040463,0
5451,18.35540906208534,0
5452,16.977176128872486,0
5453,15.916624277112513,0
5454,16.35551278863711,0
5455,16.12279988987265,0
5456,16.027158401663222,0
5457,16.04778963474289,0
5458,17.35646648021994,0
5459,14.767411737798955,0
5460,16.34229040869601,0
5461,15.042309969704082,0
5462,15.290725489812896,0
5463,16.187467533045627,0
5464,14.810345715518666,0
5465,15.949943917257587,0
5466,17.14700818918848,0
5467,15.50389842995452,0
5468,16.55278930073777,0
5469,17.630273807175122,0
5470,18.66942793774278,0
5471,20.110291060885086,0
5472,18.707069609877593,0
5473,22.036049228916546,0
5474,21.988011713621344,0
5475,22.511160492603477,0
5476,20.522582022257026,0
5477,23.361401633111083,0
5478,22.745341229817036,0
5479,24.69029013351978,0
5480,24.226478771190187,0
5481,24.176933759120868,0
5482,23.89681014178576,0
5483,24.71047838447079,0
5484,25.659278251217533,0
5485,23.30700658324988,0
5486,24.0640629798226,0
5487,24.351392848103345,0
5488,24.116647869318648,0
5489,23.481687842090395,0
5490,23.714283642507898,0
5491,23.105930878324884,0
5492,20.3845785518381,0
5493,22.919479186059704,0
5494,19.856528194086213,0
5495,21.805696000160232,0
5496,20.75971119673622,0
5497,17.57044617773588,0
5498,18.798872739177234,0
5499,19.436459599743692,0
5500,18.876061557391274,0
5501,17.127137358568234,0
5502,15.679801080310812,0
5503,17.232160834446614,0
5504,14.156047911631108,0
5505,13.876419702670315,0
5506,15.936108917376789,0
5507,13.818305437838726,0
5508,15.543080062111917,0
5509,13.96179484964649,0
5510,14.529461098746035,0
5511,16.534556215492326,0
5512,15.586190014460245,0
5513,16.668159792746632,0
5514,16.26874335165786,0
5515,16.493531375679574,0
5516,16.80164394454696,0
5517,17.155779960268376,0
5518,19.099651130697605,0
5519,19.79332626798352,0
5520,21.66173150253036,0
5521,20.935391377140604,0
5522,21.029797977418667,0
5523,22.410599628621462,0
5524,23.940719398197693,0
5525,21.60029988043542,0
5526,25.201621116646372,0
5527,23.151307860462847,0
5528,23.522500467282526,0
5529,27.19109255337754,0
5530,25.92132261927632,0
5531,24.411269515614038,0
5532,25.85812051539936,0
5533,26.31637516512234,0
5534,25.51619802323781,0
5535,25.717657735390112,0
5536,24.690884770473406,0
5537,24.48627986405652,0
5538,22.39332925967344,0
5539,22.01485563086742,0
5540,22.69124133295886,0
5541,20.569528285253384,0
5542,21.965988724467795,0
5543,20.569348638358044,0
5544,21.182581621417718,0
5545,20.241312608446563,0
5546,18.295694230086454,0
5547,15.392977517241597,0
5548,16.05329116440366,0
5549,16.95678013524381,0
5550,18.51269886045417,0
5551,16.050575556160645,0
5552,16.254942390405475,0
5553,15.359100081950054,0
5554,12.506061676404512,0
5555,15.647578463960706,0
5556,14.749103757444333,0
5557,13.539318146851329,0
5558,15.86626849930243,0
5559,15.33129005358298,0
5560,18.62018209978303,0
5561,13.812258377699557,0
5562,15.661436170381396,0
5563,17.00585624109303,0
5564,17.116856775615375,0
5565,18.73777772725679,0
5566,19.596429178026852,0
5567,19.827935605653188,0
5568,20.066771202171328,0
5569,19.95888257467832,0
5570,21.47746415456502,0
5571,22.809102521311168,0
5572,22.62245903291374,0
5573,20.945928534057334,0
5574,25.223785895148332,0
5575,23.472896747001293,0
5576,25.213563956110526,0
5577,24.124217020255816,0
5578,25.914579572408233,0
5579,24.632412707890623,0
5580,26.496233228325224,0
5581,26.269220050139786,0
5582,24.188980594076725,0
5583,21.705071872911436,0
5584,24.68121447483664,0
5585,22.982575688638214,0
5586,24.522130020099034,0
5587,23.426105228417512,0
5588,22.131358561365115,0
5589,20.969251849018796,0
5590,20.448226728084443,0
5591,22.125780012773422,0
5592,20.969103634088754,0
5593,19.135766655663563,0
5594,19.034194894922603,0
5595,19.011500218009537,0
5596,17.32022650193201,0
5597,15.154074284868631,0
5598,18.13175700914272,0
5599,15.715817149881925,0
5600,15.062380514266652,0
5601,15.414245630623403,0
5602,14.220249111840186,0
5603,13.964519974484341,0
5604,15.230625343975104,0
5605,14.340681964856397,0
5606,15.606779427463303,0
5607,15.793724098285171,0
5608,17.659845217214013,0
5609,15.777119361661468,0
5610,16.567039915852046,0
5611,16.426123692672828,0
5612,18.707028505568275,0
5613,18.589342053175674,0
5614,19.10489695514938,0
5615,21.255612745151176,0
5616,20.306001992488813,0
5617,20.941158715245724,0
5618,19.99977627714681,0
5619,20.183648971598185,0
5620,22.004349934836732,0
5621,23.16322947102219,0
5622,22.46022926779932,0
5623,23.028824762377983,0
5624,25.107298609458805,0
5625,24.07144654087256,0
5626,24.26418623101877,0
5627,24.635761873527713,0
5628,23.925134503583447,0
5629,25.840856066977384,0
5630,26.28273376234724,0
5631,25.68214988903058,0
5632,25.892022195363175,0
5633,22.015374201473943,0
5634,24.465499797172892,0
5635,22.93545742873162,0
5636,23.904883240115197,0
5637,21.292824096660635,0
5638,22.137167656411314,0
5639,22.467261999860526,0
5640,20.650311486563332,0
5641,19.51999423332584,0
5642,18.58919027341579,0
5643,18.662340062025866,0
5644,17.362054080183796,0
5645,15.84337206670359,0
5646,17.144022516923645,0
5647,17.75744488570916,0
5648,16.12856490356093,0
5649,16.524614198572124,0
5650,16.459307756783936,0
5651,15.153627201201369,0
5652,15.003862285396801,0
5653,14.30594724126249,0
5654,15.474323710912124,0
5655,15.956798348244991,0
5656,14.804436869960623,0
5657,15.814942310084756,0
5658,17.593760005493987,0
5659,16.366814217596016,0
5660,18.315720044580107,0
5661,18.53338577119689,0
5662,18.47199947884672,0
5663,20.314958325966064,0
5664,20.692126057750173,0
5665,20.670235407902283,0
5666,21.468528433282003,0
5667,22.383087525796725,0
5668,23.07359548898595,0
5669,23.557606870043955,0
5670,24.32314668943135,0
5671,23.546054996612526,0
5672,25.879248653565867,0
5673,24.596297291365495,0
5674,24.730161649008764,0
5675,26.343105622393665,0
5676,26.07983768883424,0
5677,23.177840309367287,0
5678,24.90507242024439,0
5679,25.46570594180735,0
5680,24.953094483933974,0
5681,22.375731005082525,0
5682,22.910869482158525,0
5683,22.349168304953558,0
5684,23.2068160335443,0
5685,22.86089338470536,0
5686,21.735420847664447,0
5687,20.697885182592746,0
5688,19.26972963562939,0
5689,20.49889029892587,0
5690,16.583110738236726,0
5691,18.708972387859525,0
5692,18.181485976092024,0
5693,17.342256197680072,0
5694,16.537950156287952,0
5695,16.253616134006275,0
5696,16.41569948130235,0
5697,14.795002265850348,0
5698,15.979047767456,0
5699,15.121606073019032,0
5700,15.170917416312957,0
5701,12.456199154140066,0
5702,13.910589102967188,0
5703,15.226940546314776,0
5704,15.077743938122913,0
5705,17.0092237839228,0
5706,15.04026259187784,0
5707,18.22736238723234,0
5708,18.37073355776977,0
5709,18.36871222306197,0
5710,18.279547953880204,0
5711,18.243926585614215,0
5712,18.847461574083077,0
5713,19.99388524053273,0
5714,21.34074894017238,0
5715,22.640594314826735,0
5716,23.26771038189173,0
5717,24.180812304370086,0
5718,24.61887554806163,0
5719,23.33043176511597,0
5720,23.854871545758694,0
5721,25.749647415193184,0
5722,24.08265414593823,0
5723,26.036077759022994,0
5724,25.112244491440162,0
5725,23.640558987915846,0
5726,25.33483012099543,0
5727,24.905092298830287,0
5728,23.586040880643857,0
5729,21.635708252194313,0
5730,23.87699074540311,0
5731,23.548928855029075,0
5732,23.385918384969525,0
5733,22.398070562264135,0
5734,20.643768457496453,0
5735,19.047611776385256,0
5736,19.934257663520587,0
5737,20.37677115045512,0
5738,18.670890620462345,0
5739,16.93003650413013,0
5740,15.8879027035261,0
5741,14.388808919671597,0
5742,16.716925383591178,0
5743,16.54536703913084,0
5744,13.566854177940016,0
5745,14.830942377544142,0
5746,16.646937556649306,0
5747,12.973107355738126,0
5748,16.55150325724783,0
5749,16.265484553833478,0
5750,16.094028135643196,0
5751,15.943423807913623,0
5752,16.242318911084435,0
5753,16.73885250983787,0
5754,18.183282121822025,0
5755,15.918735077850284,0
5756,15.803614481542887,0
5757,16.17339425759669,0
5758,19.002892971736667,0
5759,20.440740842593662,0
5760,19.35049856577181,0
5761,21.14848975505199,0
5762,21.57908634313333,0
5763,23.150796197975353,0
5764,23.306645700989495,0
5765,23.536972252354012,0
5766,22.941261274659617,0
5767,23.657577950292445,0
5768,25.290684057168413,0
5769,24.85653868216368,0
5770,26.215008358843917,0
5771,24.39997768579503,0
5772,26.023690401095926,0
5773,24.84057403894135,0
5774,25.315500016381396,0
5775,22.969703678636318,0
5776,25.080937553161977,0
5777,23.13080205795629,0
5778,24.78404632654025,0
5779,23.967039385727954,0
5780,21.93504988021051,0
5781,23.452207255259303,0
5782,22.872713422135682,0
5783,22.463848084996375,0
5784,21.308096820982357,0
5785,19.068361819560458,0
5786,20.231452802208345,0
5787,16.931627244938344,0
5788,17.26618142107779,0
5789,17.381504982883072,0
5790,14.952058987304289,0
5791,17.321592059103263,0
5792,16.383200437259138,0
5793,15.34255850591678,0
5794,13.132239737359304,0
5795,14.46799113385698,0
5796,15.891189188867292,0
5797,15.779953521139532,0
5798,14.362502684395796,0
5799,14.176455018348712,0
5800,15.782777441043953,0
5801,14.960885640729682,0
5802,14.933087604390257,0
5803,18.480122370253277,0
5804,17.586328568062097,0
5805,18.531119347055416,0
5806,18.537465926820666,0
5807,20.378331514312727,0
5808,21.0403886107055,0
5809,20.570853678983447,0
5810,20.93846640214077,0
5811,21.586026034942044,0
5812,23.47074793893007,0
5813,23.252125329221883,0
5814,22.420973830313745,0
5815,25.3658790391324,0
5816,24.42950013148978,0
5817,25.18807231119476,0
5818,26.32296887547947,0
5819,25.53691082941615,0
5820,25.889683003898003,0
5821,24.94777622710562,0
5822,25.50053138407827,0
5823,25.592524027506485,0
5824,24.797636161910777,0
5825,23.95184046247916,0
5826,23.439017897205552,0
5827,22.848047011667756,0
5828,22.821110045458788,0
5829,21.507447601493162,0
5830,21.91893918011541,0
5831,20.267662746115704,0
5832,21.058367067981578,0
5833,19.53293228050183,0
5834,18.133387043809975,0
5835,18.58148938858298,0
5836,16.492412209489093,0
5837,19.99001734895966,0
5838,15.844857873366545,0
5839,15.960427808786143,0
5840,17.125177002374944,0
5841,14.89296190925531,0
5842,14.32512411893253,0
5843,14.13843845527719,0
5844,16.17726794234835,0
5845,13.98763515061037,0
5846,16.897884547877766,0
5847,16.05050884343455,0
5848,15.60430818148325,0
5849,17.2110566516843,0
5850,16.5188818232304,0
5851,16.734353721384355,0
5852,16.306927024168886,0
5853,16.721538077160577,0
5854,18.99562775860014,0
5855,17.393662224487688,0
5856,18.4959285085229,0
5857,19.170513428459813,0
5858,21.260339536824233,0
5859,20.566461535427884,0
5860,22.331749279343555,0
5861,25.548762967734408,0
5862,23.562118903769974,0
5863,25.700410072425065,0
5864,24.473378930314507,0
5865,23.518619595484576,0
5866,24.25663044644666,0
5867,24.285206191543036,0
5868,25.405842437639382,0
5869,25.60343462564814,0
5870,24.971475681866043,0
5871,24.191302836056035,0
5872,23.517210830770516,0
5873,23.520005388379847,0
5874,22.61496571432405,0
5875,22.217114145522167,0
5876,24.909860976401163,0
5877,22.751140773384535,0
5878,20.209784278425698,0
5879,20.619650721781095,0
5880,20.281648944055483,0
5881,19.254233619791584,0
5882,17.98027435233356,0
5883,18.38384950139498,0
5884,17.57469476186308,0
5885,17.379062178041167,0
5886,17.515314091599336,0
5887,15.430517871828592,0
5888,15.803240824462527,0
5889,14.846179272240699,0
5890,14.256215312808182,0
5891,14.448498201303293,0
5892,15.145872587637996,0
5893,14.422103581762979,0
5894,14.162038122221855,0
5895,14.59802892277277,0
5896,15.756627906756776,0
5897,17.38417821690067,0
5898,17.687640668480142,0
5899,15.345896002161767,0
5900,17.14582272801618,0
5901,18.614602541048882,0
5902,18.250624131716563,0
5903,19.152823681076537,0
5904,19.029741132599877,0
5905,20.76640289046507,0
5906,21.119753293387667,0
5907,21.01876635506504,0
5908,22.976043168801112,0
5909,24.026743055943168,0
5910,23.976097976942224,0
5911,22.8013798293753,0
5912,24.55975629184481,0
5913,25.355376771260477,0
5914,25.894638611391596,0
5915,26.1102698406069,0
5916,25.896061754222014,0
5917,24.74561936011863,0
5918,25.306019954839893,0
5919,25.278184071127683,0
5920,24.414448114199953,0
5921,24.26179960553962,0
5922,22.497529753501667,0
5923,23.314818517924717,0
5924,22.03671768462343,0
5925,21.739656720092977,0
5926,22.94945685261706,0
5927,20.84742055181799,0
5928,20.27963153646661,0
5929,18.702103771460326,0
5930,17.216844139209254,0
5931,16.86914183753842,0
5932,17.14270737056283,0
5933,16.703532069251413,0
5934,14.661928172794951,0
5935,15.343659544698047,0
5936,15.64182784266984,0
5937,14.546189242937736,0
5938,14.76787772334257,0
5939,15.126942961850466,0
5940,16.16927359410778,0
5941,15.343443641408228,0
5942,16.63602444650822,0
5943,13.991589569681418,0
5944,16.91072309861847,0
5945,15.829124753521912,0
5946,17.41169310846108,0
5947,18.885038697538118,0
5948,18.41099040997321,0
5949,18.47885344061588,0
5950,20.2528920529757,0
5951,18.850343131791227,0
5952,21.00335922404036,0
5953,21.014652920575035,0
5954,21.652313857983227,0
5955,21.300332035728292,0
5956,22.810459628666322,0
5957,23.38563054305711,0
5958,23.499908881631026,0
5959,24.27736248062861,0
5960,22.94735849665188,0
5961,25.52651858433856,0
5962,24.56679186152493,0
5963,25.18233797056496,0
5964,24.362303269637888,0
5965,24.59714291056058,0
5966,24.17952573917788,0
5967,25.838490064429763,0
5968,23.501958622722636,0
5969,23.214466729691893,0
5970,23.34659469322094,0
5971,21.82979558587259,0
5972,21.47788382105696,0
5973,22.101636262626318,0
5974,21.561650475754863,0
5975,21.37682299350278,0
5976,20.42114350934952,0
5977,18.47396378316433,0
5978,17.661937274248107,0
5979,19.08307973546446,0
5980,15.326750341349701,0
5981,17.08687187065654,0
5982,17.112499449302387,0
5983,17.166095567050398,0
5984,16.991733875011846,0
5985,16.419493621876924,0
5986,17.031992213722578,0
5987,13.243715367393017,0
5988,14.691061349345313,0
5989,15.361124092020937,0
5990,12.922496137665075,0
5991,14.61101258636738,0
5992,16.806227889656316,0
5993,15.362533414884075,0
5994,17.435885419005583,0
5995,17.570629007823623,0
5996,18.655912916409616,0
5997,18.89081997448985,0
5998,19.22944446505705,0
5999,20.011678830219658,0
6000,19.130673165328037,0
6001,22.300248429697074,0
6002,21.062640921658307,0
6003,21.114766933336917,0
6004,22.950633776387022,0
6005,21.672283047923177,0
6006,25.586846613953362,0
6007,26.31442134132953,0
6008,25.513855222451813,0
6009,23.716693277918857,0
6010,25.296925188498843,0
6011,25.255948703602915,0
6012,24.505574821383505,0
6013,24.697944950863242,0
6014,25.30667336054934,0
6015,24.164366923940108,0
6016,24.337391394365188,0
6017,24.053521337003474,0
6018,22.334975123157935,0
6019,22.770029767892115,0
6020,22.144101443922473,0
6021,23.579589705169077,0
6022,21.498693736922515,0
6023,21.13527624747628,0
6024,20.308777751283834,0
6025,19.416407345896822,0
6026,18.867194162760036,0
6027,18.052967607069146,0
6028,15.499287860812654,0
6029,17.071042645266832,0
6030,15.92704750504297,0
6031,15.817388570949475,0
6032,14.801622916460317,0
6033,14.554176440783317,0
6034,15.253905653813698,0
6035,14.662615046451503,0
6036,15.127876217058773,0
6037,15.34717752701005,0
6038,15.236668434668356,0
6039,15.566407078833818,0
6040,15.157659960125528,0
6041,15.891284012702474,0
6042,17.16298539885361,0
6043,16.856909000155103,0
6044,18.156625598032065,0
6045,18.224474604950096,0
6046,19.786458084448164,0
6047,18.462719962027645,0
6048,20.35174086446575,0
6049,21.561738470445476,0
6050,20.612925278106164,0
6051,22.138093305067546,0
6052,22.91577781408798,0
6053,22.998780881039327,0
6054,24.524582070055693,0
6055,24.382894836806443,0
6056,24.169562863303792,0
6057,25.518990409626035,0
6058,25.271145581116993,0
6059,27.811484734179636,0
6060,23.521850801859404,0
6061,25.184064943286643,0
6062,24.8489007411482,0
6063,24.676069739012085,0
6064,22.409306366540562,0
6065,24.110444164308685,0
6066,23.025444611281145,0
6067,23.79074104963643,0
6068,21.461151786607033,0
6069,23.630180270501025,0
6070,21.280728026593394,0
6071,20.19740963907573,0
6072,20.33226765524823,0
6073,17.93599220833572,0
6074,17.694554081363894,0
6075,18.673743311862413,0
6076,17.20046189760196,0
6077,17.039770195024865,0
6078,14.239447278034648,0
6079,14.674267149549165,0
6080,13.971295158460672,0
6081,16.98535190906256,0
6082,14.977895303966195,0
6083,16.268159853904002,0
6084,14.685844646490429,0
6085,16.022958676509173,0
6086,14.580106942808781,0
6087,14.863506678014879,0
6088,15.466076439742597,0
6089,16.051826830740108,0
6090,14.410240958246078,0
6091,16.868208622558797,0
6092,16.483473854225263,0
6093,17.328752028972584,0
6094,18.338568577871033,0
6095,18.862609036735677,0
6096,19.84485758722479,0
6097,21.626404580388563,0
6098,22.306234681711977,0
6099,23.552833993839663,0
6100,21.765459532458827,0
6101,22.855985664531392,0
6102,23.163306335031184,0
6103,23.45701670332083,0
6104,24.868537044153726,0
6105,25.295726049515185,0
6106,24.679263583959884,0
6107,25.06297510824027,0
6108,26.19249928962407,0
6109,24.79330731461244,0
6110,25.89500309586768,0
6111,24.620168917638228,0
6112,24.79381464316885,0
6113,25.798446939452052,0
6114,23.01848263586681,0
6115,23.421406393380614,0
6116,23.764667076888575,0
6117,22.08591885005929,0
6118,22.641923771027198,0
6119,23.216420985193555,0
6120,21.455259647985503,0
6121,19.351692360626608,0
6122,17.982811416856737,0
6123,18.363130975210694,0
6124,17.032392050963306,0
6125,16.27708529454047,0
6126,17.26004513997707,0
6127,16.758926577615668,0
6128,14.128567286244724,0
6129,14.949231988220108,0
6130,14.237791917193801,0
6131,15.769769368124388,0
6132,15.456567445301065,0
6133,16.055963064241126,0
6134,15.229348423024097,0
6135,15.981433781170805,0
6136,16.445591471889934,0
6137,16.072967319445123,0
6138,17.420253080865866,0
6139,15.267827049345343,0
6140,18.584678515047436,0
6141,16.84845629059316,0
6142,18.42751315372346,0
6143,19.6618983663372,0
6144,20.201787576913773,0
6145,19.360047753751232,0
6146,21.390211764648207,0
6147,19.802418830788696,0
6148,22.311568826030403,0
6149,22.618682777991452,0
6150,25.047181076952455,0
6151,23.697208494372177,0
6152,23.622172022102674,0
6153,23.939004203792184,0
6154,24.00679586449124,0
6155,24.95672302720869,0
6156,25.21623523282017,0
6157,26.557922138389443,0
6158,23.56704534467501,0
6159,25.195491914280367,0
6160,22.95127852832045,0
6161,23.67941548839643,0
6162,24.64172329003655,0
6163,24.242651693331645,0
6164,23.34301378438864,0
6165,21.359779216153726,0
6166,22.241256282743596,0
6167,22.151425603781803,0
6168,18.65187937302395,0
6169,18.818221606319987,0
6170,18.807730086692864,0
6171,18.348375714533248,0
6172,17.830780185084986,0
6173,16.775553142374065,0
6174,15.837048955085743,0
6175,16.572304159491477,0
6176,14.974022516234383,0
6177,15.238225177389516,0
6178,15.657538914057119,0
6179,15.513443753930044,0
6180,15.890169609273519,0
6181,15.980715500163866,0
6182,15.893477846465304,0
6183,16.91454991756185,0
6184,14.398958952189579,0
6185,16.286970668279295,0
6186,16.717853255541943,0
6187,16.78579751352089,0
6188,17.549000984897507,0
6189,18.508947346260058,0
6190,18.428157759839326,0
6191,21.41088061894576,0
6192,22.02835490864831,0
6193,20.252759592482434,0
6194,22.386200735732118,0
6195,22.817039946901033,0
6196,22.807674868451755,0
6197,22.937741024546046,0
6198,24.12022934885952,0
6199,24.201738726604088,0
6200,23.884205025010314,0
6201,25.565210953377154,0
6202,25.078625290859872,0
6203,26.13643696873461,0
6204,23.80383054839655,0
6205,24.26670462578779,0
6206,21.841276674534,0
6207,24.28120159666538,0
6208,23.265321233875127,0
6209,24.594174611656555,0
6210,24.583318656506197,0
6211,23.197537877325534,0
6212,23.442726875765118,0
6213,21.2772923407383,0
6214,20.128866234216424,0
6215,22.05571077232201,0
6216,21.026731532034706,0
6217,20.115995691590623,0
6218,18.422772284622933,0
6219,19.140658955008732,0
6220,18.150996967630626,0
6221,19.589066169452632,0
6222,13.89186920051299,0
6223,14.879260810711282,0
6224,16.555350212840285,0
6225,16.161588079085224,0
6226,15.537579087462971,0
6227,14.90962174468108,0
6228,14.397462637040611,0
6229,16.706750461533275,0
6230,16.336891478866804,0
6231,15.76408077245758,0
6232,16.126668598105777,0
6233,17.75549036533782,0
6234,15.528180989890487,0
6235,15.86796841349274,0
6236,17.432872809319395,0
6237,17.113624951100018,0
6238,19.61509106971462,0
6239,20.093162451592214,0
6240,20.76263232601635,0
6241,20.471407408542486,0
6242,20.757302672830697,0
6243,22.369431740292224,0
6244,20.484338579772555,0
6245,21.564450451102456,0
6246,22.5676479024557,0
6247,22.62701231758418,0
6248,24.370260020829324,0
6249,23.512842553648277,0
6250,25.510716525226755,0
6251,24.87663505785441,0
6252,23.387076992596995,0
6253,22.539587288616403,0
6254,26.68072841627708,0
6255,24.933849989833725,0
6256,24.762302566728916,0
6257,23.481648689032802,0
6258,22.571758766300025,0
6259,24.36771593726994,0
6260,21.332334014688378,0
6261,21.49743530244838,0
6262,21.288902202108332,0
6263,19.77475940796226,0
6264,19.45165573078862,0
6265,18.805496487322213,0
6266,18.204442482336887,0
6267,19.60550693488791,0
6268,17.538075590471152,0
6269,17.926052022499054,0
6270,15.581651619000805,0
6271,15.471147970622306,0
6272,15.029415332513453,0
6273,13.799461914914962,0
6274,15.161384915989391,0
6275,13.61186148975175,0
6276,13.816225869542544,0
6277,15.022704504564201,0
6278,15.44306314803816,0
6279,14.571645990506067,0
6280,15.79930173276783,0
6281,17.198939728904985,0
6282,17.88443766272735,0
6283,17.844837735289218,0
6284,17.178000805425732,0
6285,19.337746870781363,0
6286,18.411091519883527,0
6287,19.03288347501135,0
6288,20.946720871662293,0
6289,21.014129878906544,0
6290,21.784704040324197,0
6291,21.08096003106735,0
6292,22.227102089184918,0
6293,23.357262463297666,0
6294,24.056354759455346,0
6295,24.520621842719244,0
6296,22.5636802735003,0
6297,26.85044176575405,0
6298,25.629007677452577,0
6299,24.144373273726046,0
6300,26.179169817613754,0
6301,24.83939455463238,0
6302,24.459993864139786,0
6303,26.266087319865807,0
6304,23.237483643303225,0
6305,22.97812363584006,0
6306,22.689585200867192,0
6307,22.486049848849824,0
6308,25.748301688115973,0
6309,21.487084772284803,0
6310,20.314267435831628,0
6311,20.84498798840074,0
6312,20.769556917939685,0
6313,20.62616945605848,0
6314,17.875304494116463,0
6315,20.067394221316086,0
6316,17.71221869397775,0
6317,16.126689892895804,0
6318,15.723770659866517,0
6319,16.546070335598994,0
6320,15.717933119970038,0
6321,14.986742956553442,0
6322,15.355748886137944,0
6323,17.408663549794326,0
6324,16.478538614114072,0
6325,14.585799257861986,0
6326,14.496563072686754,0
6327,16.413737295782646,0
6328,14.644825786069443,0
6329,14.226855667755691,0
6330,15.528730422955922,0
6331,15.654054259075446,0
6332,16.03399778180422,0
6333,17.855775712102183,0
6334,17.91191455167137,0
6335,19.005789392399755,0
6336,20.355699848525962,0
6337,20.11859643809644,0
6338,19.833595476232112,0
6339,20.976784175831668,0
6340,23.344277240731742,0
6341,21.954652713125657,0
6342,22.39394874635535,0
6343,24.380321025828234,0
6344,23.386332934912915,0
6345,23.672595302862224,0
6346,25.07356668099987,0
6347,24.81561236936147,0
6348,24.435157886206117,0
6349,24.537124259465674,0
6350,25.90072846446215,0
6351,24.949297861915372,0
6352,23.630063141950373,0
6353,23.541269753544373,0
6354,25.12615487033518,0
6355,22.819086596598726,0
6356,22.854493514198246,0
6357,22.225778283269143,0
6358,20.794485750342528,0
6359,20.831338086574483,0
6360,19.062671559883686,0
6361,19.094911157371378,0
6362,19.880367070471927,0
6363,17.939261971047575,0
6364,19.052886101592012,0
6365,17.180311259397918,0
6366,17.001988355067724,0
6367,16.179876397280957,0
6368,14.810048812597813,0
6369,16.47470634320767,0
6370,16.609532552500724,0
6371,15.374105856321146,0
6372,15.034612678948578,0
6373,14.825851621450646,0
6374,15.695818667554118,0
6375,16.478651227828884,0
6376,16.602525279122332,0
6377,16.325860889814372,0
6378,16.51780331978753,0
6379,17.125076783565166,0
6380,17.373457715231858,0
6381,17.042621750358272,0
6382,20.75483265877879,0
6383,18.558166261888,0
6384,19.075008053990704,0
6385,22.101690202660624,0
6386,21.81423951146409,0
6387,22.47924086034769,0
6388,21.993686552872468,0
6389,23.052176663133658,0
6390,24.334640667704086,0
6391,26.7552601584967,0
6392,24.88907367529524,0
6393,24.779385258388267,0
6394,25.519944089134363,0
6395,25.02714962176425,0
6396,24.239768918743874,0
6397,23.192491152436034,0
6398,25.346297359781474,0
6399,23.182736896251548,0
6400,25.538496591964847,0
6401,23.444873340228746,0
6402,23.07191057745483,0
6403,21.841955956499405,0
6404,21.415604100224474,0
6405,21.23792623336701,0
6406,21.56941020292418,0
6407,20.13020989581311,0
6408,19.803655250845775,0
6409,18.76285036342139,0
6410,19.16921682233866,0
6411,18.431243235049376,0
6412,17.92121244818696,0
6413,15.885391897528823,0
6414,15.619719770784148,0
6415,14.67070002601585,0
6416,16.318581131484844,0
6417,12.687871056133737,0
6418,16.633544968384165,0
6419,14.680908138242698,0
6420,14.289467391015755,0
6421,15.163846499914099,0
6422,14.841704418487225,0
6423,14.959670600941196,0
6424,15.992735551638232,0
6425,16.562443209487775,0
6426,15.882978274919742,0
6427,18.500163859168286,0
6428,16.128551135141443,0
6429,18.88524613986981,0
6430,18.907228214255365,0
6431,18.266850994438308,0
6432,20.805272647210884,0
6433,21.91501957809307,0
6434,19.668447478356676,0
6435,22.45539610441437,0
6436,22.352838924769898,0
6437,23.220419714616153,0
6438,21.814700294150825,0
6439,24.53114785029598,0
6440,25.454259041285205,0
6441,24.853970056715173,0
6442,24.100934518001214,0
6443,24.566816173151743,0
6444,25.273739701829605,0
6445,24.710296453920524,0
6446,23.419897356134175,0
6447,23.390952720351113,0
6448,22.791413295493395,0
6449,23.954461294092226,0
6450,25.324794279528632,0
6451,24.321768806937747,0
6452,22.21932681515152,0
6453,21.66118047530626,0
6454,22.181760681898446,0
6455,21.286652520420912,0
6456,21.216315070378275,0
6457,19.742684830511305,0
6458,18.26967719522774,0
6459,18.635990934311966,0
6460,19.214086496528846,0
6461,17.191807732193652,0
6462,18.491168011962436,0
6463,15.128157863541883,0
6464,15.334327577601222,0
6465,15.58260678645795,0
6466,15.03742749983768,0
6467,15.93612173722286,0
6468,15.292960892839139,0
6469,15.67756795319006,0
6470,16.648224872581185,0
6471,14.168211913695123,0
6472,15.362589687206487,0
6473,18.0003213048058,0
6474,16.105402942155056,0
6475,15.865057971241843,0
6476,16.634662197724168,0
6477,16.906295669564035,0
6478,18.523441815813992,0
6479,19.575769419181473,0
6480,20.305027270176534,0
6481,21.378684817958092,0
6482,21.1101059122682,0
6483,22.696283255256265,0
6484,23.580799094469356,0
6485,21.617222724117827,0
6486,22.51361947473994,0
6487,24.40262520034682,0
6488,23.12520962700081,0
6489,25.663569454676356,0
6490,24.198379245637014,0
6491,24.294425178921554,0
6492,25.1058035687987,0
6493,27.252001265844232,0
6494,23.6696103114478,0
6495,24.539451367701286,0
6496,23.547975386256567,0
6497,24.500238143563827,0
6498,23.353638407540064,0
6499,22.943950031513552,0
6500,22.9227013039096,0
6501,21.63935584354632,0
6502,21.287092776286375,0
6503,21.132140053753094,0
6504,19.924721213697524,0
6505,19.053245727450555,0
6506,17.79114366435877,0
6507,18.467780885550898,0
6508,17.590996308987613,0
6509,16.776960676090013,0
6510,15.79484829624728,0
6511,15.509809330685297,0
6512,14.663167812037818,0
6513,17.105545299760976,0
6514,15.755242379798313,0
6515,17.008340440585357,0
6516,13.244235146695937,0
6517,13.415940031718534,0
6518,15.423304373417508,0
6519,15.157008915524507,0
6520,15.16547033415871,0
6521,15.386824509939714,0
6522,16.169204546287645,0
6523,14.344284180427348,0
6524,19.901848426271773,0
6525,17.717377496570847,0
6526,18.462346076584822,0
6527,20.257884668894715,0
6528,19.795210772813455,0
6529,20.95652188676293,0
6530,21.979339139637577,0
6531,22.666893844675368,0
6532,23.02196821399279,0
6533,24.135267917556675,0
6534,24.650508534693333,0
6535,24.114940367989576,0
6536,24.905630261418,0
6537,24.135458189484744,0
6538,25.67474154837262,0
6539,23.707236699027405,0
6540,23.657929240556665,0
6541,24.244570511246383,0
6542,25.38711208593424,0
6543,24.095891184616157,0
6544,24.06767000090845,0
6545,25.27882612053211,0
6546,25.238439854234258,0
6547,25.29243699622174,0
6548,23.6918239859245,0
6549,22.672143679972002,0
6550,21.915384373418032,0
6551,19.67959527481095,0
6552,20.256773323561898,0
6553,19.344706708948067,0
6554,19.86554140372312,0
6555,18.7332110708785,0
6556,16.679234593317954,0
6557,16.76783028813297,0
6558,17.109901204119893,0
6559,16.310987480759746,0
6560,15.158930277422632,0
6561,16.33130661842098,0
6562,13.389781654181443,0
6563,15.690726333176459,0
6564,14.223674237234993,0
6565,13.639241719056908,0
6566,14.895368250329104,0
6567,16.562864163846044,0
6568,14.145519316045023,0
6569,15.897570751774134,0
6570,16.494477774871456,0
6571,16.535207979230236,0
6572,17.111929503559303,0
6573,17.985314322993137,0
6574,18.92362806820577,0
6575,20.81437884913342,0
6576,17.28517902353835,0
6577,20.91752638771216,0
6578,22.189355840312725,0
6579,20.180756210935645,0
6580,23.136005339645475,0
6581,24.014888722945635,0
6582,23.141392641890295,0
6583,24.2256636192585,0
6584,23.74775010438924,0
6585,23.39018715947622,0
6586,24.293254730672473,0
6587,24.28029479845496,0
6588,25.934125447704975,0
6589,24.327528736854077,0
6590,25.49518163403177,0
6591,25.510312944184594,0
6592,25.520482664149053,0
6593,24.016276856549094,0
6594,24.049693708865934,0
6595,22.26720513092058,0
6596,21.495488644043867,0
6597,23.50750655593026,0
6598,22.367390792981418,0
6599,19.647831680705306,0
6600,19.14828012878557,0
6601,21.06121855399928,0
6602,19.013827757896543,0
6603,19.269543986089648,0
6604,19.001570287900197,0
6605,16.82263620014676,0
6606,17.391860844310614,0
6607,14.886899265891925,0
6608,15.648173566273215,0
6609,16.18927154964881,0
6610,16.564446508554113,0
6611,15.070983503646866,0
6612,15.550309749247146,0
6613,14.226631166292115,0
6614,16.103878657202465,0
6615,14.091032587631691,0
6616,15.333192433316771,0
6617,15.901469522271993,0
6618,15.550175646274125,0
6619,16.365021484813003,0
6620,17.19806871196445,0
6621,19.044482106891415,0
6622,19.34304001947701,0
6623,19.696936303047938,0
6624,20.369265519331023,0
6625,21.048897576470786,0
6626,20.355685584239954,0
6627,21.590050425672917,0
6628,22.284564472470347,0
6629,23.800108025231847,0
6630,23.85400825436073,0
6631,24.518487037687315,0
6632,23.171452457662678,0
6633,26.196617865502347,0
6634,24.1995700703139,0
6635,23.980409564066935,0
6636,25.0349080872415,0
6637,25.22452316385942,0
6638,24.630432650081836,0
6639,26.075943731699617,0
6640,23.7753513937695,0
6641,23.484110105279278,0
6642,22.207495077208783,0
6643,24.328687961234365,0
6644,22.130288195479142,0
6645,21.506833888807186,0
6646,19.47000730249049,0
6647,19.792247210520905,0
6648,19.452459387274384,0
6649,19.705803192126332,0
6650,19.593131573130332,0
6651,19.170678579058073,0
6652,16.73654710196611,0
6653,17.147361080093614,0
6654,17.956353350551808,0
6655,16.650618009944782,0
6656,16.485860106688545,0
6657,16.65964510893788,0
6658,15.726604721006302,0
6659,15.157950163784358,0
6660,17.536644121431998,0
6661,13.614919141193958,0
6662,15.441331718204733,0
6663,16.091346158838395,0
6664,15.841141515684695,0
6665,16.103407518010382,0
6666,16.141936239544748,0
6667,18.113187442937825,0
6668,15.784835062344989,0
6669,17.018066909503414,0
6670,17.374358184103496,0
6671,18.706367936944595,0
6672,19.501848608918255,0
6673,21.053712740358133,0
6674,22.321355085382148,0
6675,21.13162896835869,0
6676,22.580573563856493,0
6677,25.158041599674064,0
6678,24.359110310613374,0
6679,22.435376822075096,0
6680,25.120417757274648,0
6681,24.76018251904385,0
6682,24.93520394045053,0
6683,25.364373689236903,0
6684,25.88918299237537,0
6685,25.305466698145775,0
6686,25.88119427565164,0
6687,25.033391778809406,0
6688,25.278644350891962,0
6689,24.58655389276919,0
6690,22.731751654964686,0
6691,21.618621990827926,0
6692,24.431680155060548,0
6693,21.11153523848158,0
6694,20.26687937057894,0
6695,21.737991218988274,0
6696,21.162905993005154,0
6697,19.220308836819967,0
6698,20.04025950639589,0
6699,17.608913698965843,0
6700,17.171250321705145,0
6701,15.646627513852623,0
6702,18.55244411208017,0
6703,16.205135246936837,0
6704,16.446193701947724,0
6705,13.846705755572117,0
6706,15.721484973949385,0
6707,13.316456777820171,0
6708,14.397308309410485,0
6709,15.7858284123585,0
6710,16.67692471156983,0
6711,17.05767060489725,0
6712,15.713929805390865,0
6713,14.815332198097213,0
6714,16.924355363566114,0
6715,16.594663102949042,0
6716,18.31092526126295,0
6717,18.657779080869265,0
6718,20.540918480771552,0
6719,20.080099602489145,0
6720,19.95580865907578,0
6721,21.212458560532045,0
6722,21.09220278331292,0
6723,21.545398146937995,0
6724,22.012165191262845,0
6725,22.89622357454288,0
6726,23.008163615622625,0
6727,24.093168932802055,0
6728,22.92995485525732,0
6729,24.23216925619106,0
6730,25.493169107483364,0
6731,24.259287549419522,0
6732,24.054117286365464,0
6733,26.815558732266226,0
6734,24.379475399415405,0
6735,26.434399917743868,0
6736,24.32508792437855,0
6737,24.532635388552062,0
6738,24.4820311331083,0
6739,22.472123196760545,0
6740,21.78058329235985,0
6741,22.06312716187742,0
6742,21.298888666087556,0
6743,21.47175766586055,0
6744,19.591341498721967,0
6745,18.752475058788,0
6746,19.001818962640947,0
6747,17.40815591556654,0
6748,16.644036733809344,0
6749,17.30616707922061,0
6750,16.12412803326057,0
6751,14.759985060775996,0
6752,16.584899321431088,0
6753,15.203177215586713,0
6754,12.982834736220836,0
6755,14.324486718983211,0
6756,16.035800580327464,0
6757,15.085169205951138,0
6758,14.533511136597197,0
6759,15.632236799210549,0
6760,15.0348123938592,0
6761,15.711168661152636,0
6762,16.87275164675443,0
6763,16.03093479101105,0
6764,19.333559536180527,0
6765,15.523218602232507,0
6766,17.18325746672224,0
6767,20.263308184324192,0
6768,20.35975420447454,0
6769,22.55436154040657,0
6770,21.97517623963763,0
6771,23.073426522647104,0
6772,23.213012616181906,0
6773,22.89290028978736,0
6774,21.784493901950096,0
6775,23.722183277024094,0
6776,24.802573664855228,0
6777,24.91200746748163,0
6778,23.952562440380078,0
6779,25.947771308324434,0
6780,24.622677109398094,0
6781,24.011312693849916,0
6782,24.942614015962082,0
6783,24.59942676022868,0
6784,23.19752961372644,0
6785,23.042702623871577,0
6786,23.742907321841194,0
6787,24.842566990563135,0
6788,20.0642656936354,0
6789,19.550043827225956,0
6790,20.622734022097422,0
6791,20.250754193878304,0
6792,20.83438321896525,0
6793,17.763901783101364,0
6794,19.013749166191147,0
6795,18.4597268662057,0
6796,18.436745666506315,0
6797,16.376588485039733,0
6798,15.704683654071204,0
6799,15.840300460120854,0
6800,15.192272070529674,0
6801,14.923117550480256,0
6802,14.722763717141836,0
6803,15.812304344213047,0
6804,14.80450090103222,0
6805,14.905393396723442,0
6806,15.830185008888252,0
6807,15.173734307575174,0
6808,15.963314737833285,0
6809,14.63031819422864,0
6810,16.61763823864633,0
6811,17.068549146390666,0
6812,16.942159814459977,0
6813,17.614175981332522,0
6814,17.951010041422244,0
6815,20.579869196743104,0
6816,19.935727568436228,0
6817,20.02948050316075,0
6818,20.724364936380486,0
6819,21.032757400662312,0
6820,22.776811100182435,0
6821,23.246332103397933,0
6822,22.79095355354502,0
6823,23.298606832117382,0
6824,24.645318957102475,0
6825,23.53512942517885,0
6826,26.320737286938517,0
6827,25.13067920482926,0
6828,24.507246272172,0
6829,25.24426759447549,0
6830,23.07265881065808,0
6831,25.2033709409876,0
6832,23.77794647448469,0
6833,24.946230799758656,0
6834,24.443672522014147,0
6835,22.307042440292197,0
6836,23.984587240413642,0
6837,21.658380169290496,0
6838,21.055828952944818,0
6839,21.73636970180006,0
6840,20.989389637833014,0
6841,18.76988910678283,0
6842,18.925357199926534,0
6843,17.543775889553004,0
6844,16.62772011888402,0
6845,16.328683132604684,0
6846,16.88518562802503,0
6847,14.290946107557538,0
6848,15.935736845531473,0
6849,14.62368540974463,0
6850,14.924842679124422,0
6851,16.28273324166641,0
6852,15.459160718504588,0
6853,14.703346288796732,0
6854,16.94961538742652,0
6855,13.846394953101706,0
6856,15.736317192928741,0
6857,16.988769651160034,0
6858,15.180112414386903,0
6859,17.44307266147368,0
6860,17.27293391301546,0
6861,19.71663541083678,0
6862,19.585072495678645,0
6863,19.91297081292964,0
6864,18.536980562120362,0
6865,20.40145627604434,0
6866,22.947176545272477,0
6867,22.720620517697718,0
6868,21.816436403040445,0
6869,22.85240699533088,0
6870,21.786123278760503,0
6871,24.10090971193838,0
6872,23.35628239457565,0
6873,23.217555293478082,0
6874,23.855854700887594,0
6875,25.730076520581427,0
6876,23.48016331629318,0
6877,22.171789550155673,0
6878,26.94147928970557,0
6879,24.171859097970575,0
6880,23.879377988856625,0
6881,22.82267738230341,0
6882,24.679092348419413,0
6883,23.720287056266386,0
6884,23.246472665963136,0
6885,22.3825196209753,0
6886,22.188070561794742,0
6887,21.074534871503037,0
6888,19.82635466476039,0
6889,20.354199703383163,0
6890,18.943727662906092,0
6891,17.550830923076504,0
6892,17.850589986608842,0
6893,15.052337227538448,0
6894,16.609606403572304,0
6895,15.366950722530728,0
6896,14.187047556732999,0
6897,15.954454760400267,0
6898,17.140259574992474,0
6899,16.289677764817586,0
6900,15.606387873486032,0
6901,14.281210111797634,0
6902,13.775009468861903,0
6903,15.044511835051292,0
6904,14.994141934323123,0
6905,16.266617124249755,0
6906,18.181794262789502,0
6907,17.782100579293026,0
6908,17.864577163286047,0
6909,18.481447086644597,0
6910,17.198117155101485,0
6911,20.0729539972366,0
6912,20.196172185545695,0
6913,19.936260185990417,0
6914,21.234924106902533,0
6915,21.72483723704869,0
6916,23.11011670521968,0
6917,22.569721152273193,0
6918,24.669574170864323,0
6919,24.023500334157706,0
6920,23.86514855572671,0
6921,26.031215040249833,0
6922,24.68585667316106,0
6923,24.975077497763333,0
6924,23.969247928771505,0
6925,26.143322540350304,0
6926,24.818044446689672,0
6927,25.186954951800647,0
6928,24.068631164908822,0
6929,24.26182727235448,0
6930,22.283984108892575,0
6931,22.60848695362167,0
6932,21.25029662590421,0
6933,21.614047401283514,0
6934,22.043549044963584,0
6935,20.15950099883767,0
6936,19.934735369183564,0
6937,19.552844354666853,0
6938,20.372793522213268,0
6939,18.90591335164797,0
6940,15.891782967894917,0
6941,18.298020193184094,0
6942,14.799286326761543,0
6943,14.568010400878299,0
6944,15.88321790288867,0
6945,16.934057587146242,0
6946,14.37919367057962,0
6947,13.842626870772351,0
6948,14.67012036157414,0
6949,15.196305333514502,0
6950,16.508454578062157,0
6951,15.447121911567663,0
6952,15.27388364385465,0
6953,15.610700304911271,0
6954,16.586166148819544,0
6955,17.418777011429402,0
6956,16.500738750477804,0
6957,17.88305755125339,0
6958,19.42763621249651,0
6959,21.532413618567272,0
6960,20.45501787563954,0
6961,18.425769477293194,0
6962,20.69776492257247,0
6963,22.297459450779293,0
6964,22.13958650201545,0
6965,24.191761466110666,0
6966,23.25505442981583,0
6967,24.478333459802073,0
6968,24.792464643669934,0
6969,24.14457461999274,0
6970,24.289763584987675,0
6971,24.58027622059505,0
6972,23.893017233731616,0
6973,24.97824589203128,0
6974,24.12511674591895,0
6975,24.597333763296465,0
6976,23.245282819927876,0
6977,25.538547009117018,0
6978,24.03389502887856,0
6979,24.39276469854031,0
6980,21.84784203580992,0
6981,21.52580550772176,0
6982,21.757203283821273,0
6983,20.97731793324175,0
6984,20.29028229394683,0
6985,20.132337431911328,0
6986,19.184476617932248,0
6987,19.208114152672064,0
6988,16.960973984924113,0
6989,17.93599509256522,0
6990,12.958451896447311,0
6991,16.338904183168147,0
6992,15.403335487499723,0
6993,14.879619791501707,0
6994,15.13592020086919,0
6995,14.92813757174781,0
6996,15.362548412954446,0
6997,14.020704286682214,0
6998,14.557613735088424,0
6999,15.735703739589603,0
7000,15.139475039602976,0
7001,15.596445408382873,0
7002,16.965041673666054,0
7003,17.13946198882331,0
7004,16.93085189303203,0
7005,17.29300556209074,0
7006,19.220791787222687,0
7007,20.08359757023992,0
7008,20.598093207706857,0
7009,21.14825094516944,0
7010,20.99686648868567,0
7011,21.08968191427591,0
7012,22.412757872478785,0
7013,22.868492325470452,0
7014,22.894089771045124,0
7015,24.184994884016742,0
7016,27.16431831345866,0
7017,24.09664043435784,0
7018,24.46210052456928,0
7019,25.632740243177256,0
7020,24.257475021384188,0
7021,24.51588526572885,0
7022,24.3722675069025,0
7023,24.529105761037858,0
7024,25.11010967032336,0
7025,24.46116825863024,0
7026,22.097150246406592,0
7027,22.698180706552385,0
7028,21.48718395319819,0
7029,22.193984113818036,0
7030,20.777725305459953,0
7031,21.67741631870838,0
7032,21.87214598471243,0
7033,19.018231599359122,0
7034,18.861041334907874,0
7035,18.81134876249654,0
7036,16.792777773183772,0
7037,15.478445408505472,0
7038,16.900890212331664,0
7039,16.304509148783808,0
7040,13.782268334728574,0
7041,15.255701651170428,0
7042,14.621876174857022,0
7043,14.362524602998892,0
7044,14.97718432958727,0
7045,13.564572749882796,0
7046,13.742609436717533,0
7047,16.550821156014813,0
7048,16.23298714223846,0
7049,15.893560498933349,0
7050,16.51402246700342,0
7051,17.201114215196032,0
7052,17.479233725627427,0
7053,20.34261537696391,0
7054,18.084512368093563,0
7055,19.88828154333805,0
7056,18.822346715464796,0
7057,21.216368860438337,0
7058,22.973862647098606,0
7059,21.811732700768317,0
7060,21.698434195040388,0
7061,21.407955301789855,0
7062,24.592351403019915,0
7063,23.24592233433097,0
7064,24.50359555336043,0
7065,25.269287844521987,0
7066,23.863956865180146,0
7067,24.985263857144254,0
7068,26.29159894094645,0
7069,24.099702333792195,0
7070,24.514034118802744,0
7071,24.614986174105685,0
7072,22.711119719723516,0
7073,23.51344282433943,0
7074,24.389925238193364,0
7075,25.004899811867382,0
7076,21.554589589712673,0
7077,21.951239226023525,0
7078,21.625667071495663,0
7079,20.347202703197727,0
7080,19.382292141346884,0
7081,19.119310989769282,0
7082,18.252613016207583,0
7083,17.24994866456569,0
7084,17.247749869181035,0
7085,16.804804329098072,0
7086,14.21588469559,0
7087,16.14710591431965,0
7088,15.459614563145388,0
7089,15.428377342523923,0
7090,13.18962803988358,0
7091,16.968443085734307,0
7092,14.992139302631578,0
7093,13.434761572634326,0
7094,16.21274065659863,0
7095,15.986421397702284,0
7096,15.119511848501425,0
7097,17.230443770501285,0
7098,16.996089247005067,0
7099,15.956983376086589,0
7100,16.83252015781945,0
7101,18.4859055634616,0
7102,20.31343330663911,0
7103,18.90134976357658,0
7104,21.373268769855564,0
7105,20.812595408747203,0
7106,20.573110081481047,0
7107,23.215531973345804,0
7108,21.60547550004184,0
7109,22.84772822757305,0
7110,21.438512124061432,0
7111,23.63162788356007,0
7112,25.126389862039975,0
7113,23.370298138756173,0
7114,23.307573335026195,0
7115,26.488418488018382,0
7116,25.632642297453106,0
7117,24.218657484836495,0
7118,24.752780128113994,0
7119,26.516850699235853,0
7120,23.156132383461348,0
7121,24.93119255943378,0
7122,24.071923901490877,0
7123,23.400077754556495,0
7124,22.416627333134723,0
7125,22.685568377344573,0
7126,20.378957070672953,0
7127,20.74243700282561,0
7128,21.352860262979966,0
7129,19.185745436730294,0
7130,18.858501732293508,0
7131,18.97483829884613,0
7132,15.868197439058852,0
7133,14.876387599374267,0
7134,17.84490111710524,0
7135,16.35240813997571,0
7136,16.164558551574437,0
7137,14.950655452390519,0
7138,15.238746479095017,0
7139,15.83619611237191,0
7140,14.919738910764424,0
7141,14.490218051975305,0
7142,14.283720922426042,0
7143,13.880629221616276,0
7144,13.24554792824033,0
7145,15.621947600508495,0
7146,16.005505382703163,0
7147,19.399666276905513,0
7148,16.86875981029588,0
7149,16.943277287814286,0
7150,20.565626482295947,0
7151,18.60726388827318,0
7152,19.651872261964282,0
7153,21.625810306064775,0
7154,22.294191088415506,0
7155,22.92599945302223,0
7156,23.173742625441296,0
7157,22.122194990938254,0
7158,22.906604836541,0
7159,23.522069611309917,0
7160,24.97691641062531,0
7161,24.3901826190477,0
7162,25.936652770378867,0
7163,25.25035865518409,0
7164,25.377957478194055,0
7165,22.795651096617107,0
7166,25.040475707789774,0
7167,23.64064576136246,0
7168,25.271493318538862,0
7169,23.85531592820812,0
7170,24.322301406898706,0
7171,23.765972064995005,0
7172,22.008328497519678,0
7173,21.26638533485239,0
7174,22.42294111734415,0
7175,22.054593719994685,0
7176,19.274078575996818,0
7177,17.811421832508398,0
7178,19.638687605329956,0
7179,16.718127736375656,0
7180,17.525539509637426,0
7181,14.952758827027283,0
7182,17.61707687818147,0
7183,16.48658469604428,0
7184,15.344996848150364,0
7185,14.222333212868701,0
7186,12.452607583921655,0
7187,15.027179711591792,0
7188,15.744024959243305,0
7189,15.341946680166632,0
7190,13.932394083026121,0
7191,16.187647041698764,0
7192,16.084786978037915,0
7193,14.521033158029542,0
7194,14.83135262836848,0
7195,16.053908835389556,0
7196,18.799160993325806,0
7197,17.52747683607906,0
7198,20.53916361048914,0
7199,20.680715860887005,0
7200,18.39872432774667,0
7201,20.478664248946025,0
7202,24.703095212117375,0
7203,21.992399566047673,0
7204,23.300279367001856,0
7205,23.493648038160675,0
7206,23.34781667960139,0
7207,23.316228271267025,0
7208,24.699761419777186,0
7209,25.142827525212635,0
7210,25.52045627968451,0
7211,25.89701483759655,0
7212,23.980454412604864,0
7213,24.105951018648643,0
7214,25.681327423395125,0
7215,24.86237662959332,0
7216,22.48760665307344,0
7217,23.076608663444073,0
7218,25.995929258287106,0
7219,22.759976681017097,0
7220,22.297638694308773,0
7221,22.34554172057469,0
7222,21.847167429656885,0
7223,19.32824476847478,0
7224,19.36655689303509,0
7225,20.971958512348543,0
7226,17.794994029082314,0
7227,18.213512311415787,0
7228,19.012168655835954,0
7229,16.916856163823645,0
7230,16.453689899617856,0
7231,15.189897361021755,0
7232,14.966776620246678,0
7233,16.582965209808417,0
7234,15.819442440656525,0
7235,15.372647605349941,0
7236,14.569444228682627,0
7237,16.757413694784656,0
7238,17.013401933149616,0
7239,15.606185769151784,0
7240,14.891590281367261,0
7241,15.00224589345885,0
7242,18.81027906120785,0
7243,19.620518788979894,0
7244,16.908032159799355,0
7245,18.348514486768824,0
7246,16.73669027053736,0
7247,18.590970658050228,0
7248,21.98894061627982,0
7249,21.503031934254082,0
7250,22.19600909387534,0
7251,21.637774147742217,0
7252,21.513899482214423,0
7253,22.779652755363372,0
7254,24.72387664285015,0
7255,24.414722293984536,0
7256,25.041876402254942,0
7257,25.333253652851067,0
7258,24.137694240921874,0
7259,25.133099674351758,0
7260,24.13356494668877,0
7261,23.93689165134435,0
7262,25.37097967276492,0
7263,23.337107533028952,0
7264,25.89096665101646,0
7265,24.236158371430665,0
7266,22.221086373337318,0
7267,22.506345517753928,0
7268,21.446465596415727,0
7269,22.915746880706283,0
7270,21.91512797166765,0
7271,20.75363431991613,0
7272,21.724993638487092,0
7273,19.44391729525522,0
7274,18.505640845716254,0
7275,17.203599763902467,0
7276,16.334352642718965,0
7277,17.393830421918494,0
7278,17.336412658364367,0
7279,15.992523231156818,0
7280,16.0101595481316,0
7281,15.489606169635014,0
7282,16.942067005092127,0
7283,15.311897974227197,0
7284,16.22147034826733,0
7285,14.908653247487285,0
7286,14.356430765500216,0
7287,13.853180311753622,0
7288,14.60925375496541,0
7289,16.486545809676226,0
7290,15.483168141349696,0
7291,18.08410692220222,0
7292,17.127142227402732,0
7293,16.228851663828564,0
7294,18.89553609698023,0
7295,18.860540628864012,0
7296,21.901695051248694,0
7297,21.35681740381263,0
7298,20.28510231033234,0
7299,22.00936593733343,0
7300,21.069390899414046,0
7301,21.486455240575925,0
7302,23.460730736255428,0
7303,24.50085705057795,0
7304,23.829792426490535,0
7305,25.7778831206677,0
7306,22.99558749836471,0
7307,25.519829394834563,0
7308,25.248510606292108,0
7309,23.456438455091533,0
7310,25.265434211809985,0
7311,24.30785285403844,0
7312,25.523698067867905,0
7313,22.39219269373661,0
7314,24.211385626417535,0
7315,22.754875651181234,0
7316,24.036520472047123,0
7317,24.499861147409867,0
7318,20.913211330225355,0
7319,20.372345615237965,0
7320,19.90004302128017,0
7321,19.26376978490167,0
7322,19.714559503815266,0
7323,17.522278825895494,0
7324,16.73153581697098,0
7325,16.893596495367124,0
7326,16.451172725784474,0
7327,17.4772902009434,0
7328,15.116302409085398,0
7329,14.76619194743927,0
7330,15.74757209423037,0
7331,15.559096876813653,0
7332,13.967547769914397,0
7333,14.667045603237518,0
7334,13.777415163053933,0
7335,16.128210886869816,0
7336,14.814066695926465,0
7337,15.329597198610289,0
7338,16.02489277013367,0
7339,16.00482831308295,0
7340,17.518931090413798,0
7341,18.93716775993325,0
7342,18.957576967095903,0
7343,21.449306912426888,0
7344,20.10729601954768,0
7345,18.93168958773106,0
7346,21.22034916392726,0
7347,21.271129927629538,0
7348,23.409431602559195,0
7349,22.790040194503185,0
7350,23.853783257528974,0
7351,22.528321564160258,0
7352,23.578592594556337,0
7353,24.722323872231556,0
7354,24.451818494103684,0
7355,24.93611156269899,0
7356,26.596620387792846,0
7357,23.66896224200844,0
7358,23.57490301965599,0
7359,25.901982036593886,0
7360,24.515347817458373,0
7361,23.235473499161927,0
7362,23.889232465971283,0
7363,23.94379165997421,0
7364,21.736121416191,0
7365,22.81406010890302,0
7366,21.11797289497902,0
7367,22.038726398446798,0
7368,17.7745296043651,0
7369,21.20180970909907,0
7370,18.585829482648485,0
7371,19.250080615331434,0
7372,16.887178084796037,0
7373,17.4448290978886,0
7374,17.56516772423608,0
7375,16.121833955940247,0
7376,15.259969570731275,0
7377,14.647899738887592,0
7378,14.44633951032745,0
7379,15.835672709355897,0
7380,14.034600603153745,0
7381,15.748394616554906,0
7382,15.207298014149654,0
7383,15.147990182845486,0
7384,14.970935407907781,0
7385,15.561318111756732,0
7386,14.432155764148854,0
7387,17.573776485984332,0
7388,17.03360236697516,0
7389,19.31250940706319,0
7390,17.917848183222603,0
7391,18.52475101565904,0
7392,19.934284944431685,0
7393,20.245199978255986,0
7394,20.130261122166857,0
7395,19.860079483250715,0
7396,21.63764889743121,0
7397,22.400208964376272,0
7398,24.220228180503756,0
7399,24.698220979832378,0
7400,23.293297403027072,0
7401,25.383841859175895,0
7402,23.787641990748952,0
7403,24.254691501660563,0
7404,24.553493275131284,0
7405,24.050790715476374,0
7406,25.573022467995806,0
7407,26.162834837568656,0
7408,23.294561648467585,0
7409,24.34578764178057,0
7410,23.515113078828303,0
7411,23.523706133684605,0
7412,21.92088144914309,0
7413,23.164353518703212,0
7414,21.953878764826428,0
7415,21.194828364580477,0
7416,22.07100997912418,0
7417,18.652554592616976,0
7418,18.655382490155453,0
7419,18.799348913422513,0
7420,18.537142871114447,0
7421,17.04533751080954,0
7422,17.141697969366522,0
7423,17.511289553140774,0
7424,15.49666208572228,0
7425,15.138484991726706,0
7426,15.252988364138272,0
7427,12.58623296297772,0
7428,15.593787735217742,0
7429,15.601990925284813,0
7430,17.170022727529194,0
7431,14.00737744939366,0
7432,15.994542175737184,0
7433,16.469532087342184,0
7434,17.17737119618815,0
7435,15.76859965679469,0
7436,14.418708634890356,0
7437,18.140953088924295,0
7438,18.97554003062793,0
7439,19.618877864395643,0
7440,19.325781536557823,0
7441,19.82216246524132,0
7442,21.196006983030532,0
7443,20.97526726152516,0
7444,21.556155846416672,0
7445,23.318292449213377,0
7446,24.093014057588647,0
7447,22.863690828907455,0
7448,22.499457872617796,0
7449,23.597275284261936,0
7450,25.52005032717156,0
7451,24.641569353619435,0
7452,25.690991056641675,0
7453,25.57756283161133,0
7454,25.993520741151613,0
7455,24.271630024730886,0
7456,24.45268308732067,0
7457,24.83315365814415,0
7458,23.104045856286206,0
7459,22.068252158833708,0
7460,23.60273562702198,0
7461,23.429089212989453,0
7462,20.431972144547295,0
7463,21.185450893619567,0
7464,20.453513386036416,0
7465,19.57424321071868,0
7466,18.32392871227324,0
7467,17.252814232623273,0
7468,16.315558596237498,0
7469,17.933200000601204,0
7470,16.4640118804098,0
7471,16.613185526517604,0
7472,13.856513056960315,0
7473,16.370120801917093,0
7474,16.12948488900103,0
7475,15.33967006508561,0
7476,17.0704232756671,0
7477,15.258970536446014,0
7478,15.334412176597594,0
7479,14.438679833022178,0
7480,15.027884156268684,0
7481,16.50845493131817,0
7482,16.788096589592573,0
7483,18.12510101968224,0
7484,16.908862248445775,0
7485,18.58301640495837,0
7486,17.784222000268816,0
7487,19.166953767060907,0
7488,19.36573426181391,0
7489,18.419310357892527,0
7490,22.072719478504062,0
7491,20.99014223751692,0
7492,21.60407999356025,0
7493,23.180760589765978,0
7494,22.357910161894168,0
7495,23.00278959320691,0
7496,21.741062977555547,0
7497,24.57835466192085,0
7498,25.447594537642967,0
7499,24.48861961476043,0
7500,26.077675053666994,0
7501,26.40099261717875,0
7502,25.488141809181414,0
7503,24.28098577126062,0
7504,25.027991153833025,0
7505,24.67350677975564,0
7506,23.65193702588976,0
7507,24.14022548514931,0
7508,22.917632562523064,0
7509,20.68874211846763,0
7510,21.015447970250122,0
7511,20.72595339602324,0
7512,18.746375615199394,0
7513,17.882160517260978,0
7514,18.75467056553345,0
7515,18.544974283826598,0
7516,16.44836822733529,0
7517,17.433073169156348,0
7518,15.465444564713067,0
7519,14.772127704853547,0
7520,16.53490529090956,0
7521,15.494066782556505,0
7522,13.30933932504255,0
7523,13.369789043346657,0
7524,15.032318416277374,0
7525,14.11275976941791,0
7526,14.263803499782574,0
7527,13.934421875855472,0
7528,15.350574029263118,0
7529,18.2878781293625,0
7530,14.77729872392837,0
7531,18.561000031219905,0
7532,16.560085617191216,0
7533,16.823260452790596,0
7534,19.50342675244363,0
7535,19.044081743816434,0
7536,19.661472521232426,0
7537,21.718501193875575,0
7538,23.224655852405263,0
7539,22.23668882864753,0
7540,21.364404761269952,0
7541,21.891043513557126,0
7542,23.358737114220556,0
7543,24.90423036179772,0
7544,24.679018123451357,0
7545,24.830343533762882,0
7546,25.879263315103962,0
7547,22.672705120822474,0
7548,25.819583805832725,0
7549,24.960608367033572,0
7550,24.77314962336392,0
7551,24.973246400349492,0
7552,23.97055442800628,0
7553,22.82101948017586,0
7554,21.466190796955964,0
7555,23.319832986576454,0
7556,21.218889164315627,0
7557,21.761108935221394,0
7558,19.524878615392957,0
7559,20.554158711892796,0
7560,20.42306225827517,0
7561,18.910778927500374,0
7562,19.060255006663017,0
7563,17.294975592000014,0
7564,16.959567006276842,0
7565,17.100862030362133,0
7566,16.42567105084514,0
7567,16.46935325352968,0
7568,15.75939077266106,0
7569,16.331083978610483,0
7570,16.791289451038313,0
7571,15.66668568822988,0
7572,15.945921538327124,0
7573,15.396811173941167,0
7574,14.10959804631593,0
7575,16.230649645746205,0
7576,16.535536630872002,0
7577,14.92541729144032,0
7578,16.294307698112515,0
7579,15.407088881706153,0
7580,17.821492036125246,0
7581,19.580267063681386,0
7582,18.86306304844746,0
7583,18.643601912210745,0
7584,21.08913711298151,0
7585,21.181423693935027,0
7586,21.496339199887814,0
7587,22.74280988835255,0
7588,22.281130444620256,0
7589,24.13368011559945,0
7590,21.431451297435462,0
7591,24.497602216882314,0
7592,23.510066761742298,0
7593,24.992241964627404,0
7594,24.03963140529126,0
7595,23.323336146236084,0
7596,25.50736629139625,0
7597,23.602969692281324,0
7598,22.387007720653664,0
7599,24.37084448124514,0
7600,25.635076031806996,0
7601,25.729809488284978,0
7602,25.05899553885716,0
7603,21.122217780396024,0
7604,22.425460116882928,0
7605,20.907361879411056,0
7606,21.47153003262423,0
7607,18.717992939267216,0
7608,20.608321456763424,0
7609,19.519311280639,0
7610,19.969301646441494,0
7611,19.284312284173204,0
7612,17.57732528210576,0
7613,15.318106185465181,0
7614,17.018315231731748,0
7615,15.344434110313616,0
7616,15.691611906756782,0
7617,16.542377818484763,0
7618,13.212768195783855,0
7619,14.728825468688338,0
7620,13.97682482426353,0
7621,15.238499583492363,0
7622,15.593597746363535,0
7623,15.680917537821658,0
7624,16.05820489350641,0
7625,15.193307921833442,0
7626,15.837094778637107,0
7627,16.838451837666906,0
7628,17.665045958547136,0
7629,17.941875568259672,0
7630,17.734254696770336,0
7631,18.983694025890003,0
7632,20.136738539455333,0
7633,19.472746920394194,0
7634,20.32501544027728,0
7635,22.37493478738258,0
7636,24.75760225069775,0
7637,23.17358928598604,0
7638,22.387577340295344,0
7639,25.535987581374744,0
7640,24.849172222508713,0
7641,23.561536838736078,0
7642,25.093842412222077,0
7643,25.340402496805318,0
7644,26.01692662272922,0
7645,24.000045574688958,0
7646,25.86516596780025,0
7647,24.204655586181993,0
7648,24.591866995202,0
7649,22.719179883501045,0
7650,24.752043382846946,0
7651,23.24319127225023,0
7652,21.590929303245193,0
7653,22.324637929941726,0
7654,21.989897961613156,0
7655,21.585255522095377,0
7656,20.823029221616643,0
7657,17.43322454915575,0
7658,17.58476431538856,0
7659,17.97585770628447,0
7660,17.645133473549276,0
7661,15.671560949705878,0
7662,17.502431532828915,0
7663,16.458357445585026,0
7664,13.825300705282348,0
7665,14.102475912384183,0
7666,16.31223245960514,0
7667,13.158745983190101,0
7668,17.047694143391297,0
7669,16.64459834029354,0
7670,13.857624593327916,0
7671,15.732050177643986,0
7672,16.657197243148033,0
7673,14.569058026018876,0
7674,14.479989218093317,0
7675,18.40705499593443,0
7676,17.170419995870244,0
7677,16.285225564600097,0
7678,19.71536710339039,0
7679,20.341766290761214,0
7680,20.335471850711848,0
7681,20.46961281487968,0
7682,20.203014657527493,0
7683,20.1048474018438,0
7684,23.157820158244984,0
7685,23.42163887809397,0
7686,21.939878924058505,0
7687,22.906282063764994,0
7688,23.365910643130988,0
7689,24.010356667204263,0
7690,24.587377298906368,0
7691,26.28692912007709,0
7692,24.92409439720168,0
7693,25.929644137641066,0
7694,24.78412901683245,0
7695,25.47947284201807,0
7696,24.04956499384893,0
7697,24.770374342646473,0
7698,22.6516947369806,0
7699,21.16445882084787,0
7700,23.435425490922682,0
7701,20.47982428299477,0
7702,19.998652346370392,0
7703,22.03333134591717,0
7704,19.526847477616148,0
7705,19.295275975241033,0
7706,18.856183410069704,0
7707,18.47256264873682,0
7708,18.38567857534394,0
7709,16.562682696149217,0
7710,15.379286672566352,0
7711,16.896769660974932,0
7712,15.420858866672889,0
7713,14.736116417513696,0
7714,15.690290351293626,0
7715,15.635991071120552,0
7716,15.090148433668643,0
7717,12.796476991796343,0
7718,17.157505931647886,0
7719,15.202229269919279,0
7720,14.107358401763776,0
7721,16.47363090321821,0
7722,17.677177773608094,0
7723,18.026791567111886,0
7724,17.78604958285542,0
7725,18.458075390271972,0
7726,16.773955668453233,0
7727,16.466951889689568,0
7728,21.158211640575498,0
7729,20.771034344855085,0
7730,21.39833995615913,0
7731,20.214593292532737,0
7732,24.080759191451463,0
7733,22.288150064989765,0
7734,24.242092549475984,0
7735,22.402213948250406,0
7736,22.012697570117087,0
7737,24.714528396259695,0
7738,25.228562418197548,0
7739,23.672579367975562,0
7740,27.35588857484965,0
7741,24.292467618321368,0
7742,26.121544259342187,0
7743,25.651641334850332,0
7744,22.758286864466683,0
7745,24.34182315631625,0
7746,22.565334073979173,0
7747,23.158206545620946,0
7748,22.283866396388348,0
7749,22.829261392084504,0
7750,20.463126627581854,0
7751,21.134868700083643,0
7752,20.692249129087717,0
7753,20.416472336132035,0
7754,17.813381311679258,0
7755,18.73809518285574,0
7756,18.194736044240656,0
7757,17.98349780047276,0
7758,14.009737934036975,0
7759,14.009496778630917,0
7760,13.592625931961596,0
7761,14.741408337098015,0
7762,13.774592316087965,0
7763,14.495249002856553,0
7764,14.630462520110177,0
7765,16.004981416155132,0
7766,15.992392612264606,0
7767,14.756074233824194,0
7768,15.394220527574118,0
7769,14.131348148227147,0
7770,15.731419541257198,0
7771,16.63101437053091,0
7772,16.86357927898374,0
7773,19.955778087335826,0
7774,16.03123561425493,0
7775,18.620496458773395,0
7776,19.860270591759846,0
7777,21.392484942602962,0
7778,21.541317498476758,0
7779,20.065856193506885,0
7780,21.385220103902157,0
7781,23.417922305910267,0
7782,23.53452339394065,0
7783,24.976486837870514,0
7784,24.7937769085579,0
7785,24.289389905332694,0
7786,24.358850335211837,0
7787,25.564922820192933,0
7788,24.179555035429104,0
7789,24.568161049820326,0
7790,25.875366165212007,0
7791,24.07274980299228,0
7792,24.681975273823877,0
7793,21.24399176235103,0
7794,22.616090948519457,0
7795,22.936998514040585,0
7796,22.930225555448487,0
7797,21.64113739876878,0
7798,21.239201812946284,0
7799,19.68309389401266,0
7800,19.80856667727778,0
7801,20.015327507771165,0
7802,17.63623749623826,0
7803,16.57888970444812,0
7804,18.400222835319788,0
7805,18.684497812495888,0
7806,17.77650862451336,0
7807,15.262780135544023,0
7808,15.295588887983127,0
7809,14.852972935958887,0
7810,15.631073434546604,0
7811,15.752094573917107,0
7812,14.167554699195549,0
7813,15.575808952412771,0
7814,15.46670305384046,0
7815,16.77869849587602,0
7816,15.430225193226724,0
7817,16.288715795968322,0
7818,14.606502355750832,0
7819,16.440785074372737,0
7820,18.061248521922472,0
7821,16.726248267756546,0
7822,17.78898457460661,0
7823,19.21848642261022,0
7824,19.571969186787772,0
7825,19.634065885599057,0
7826,20.648612335225717,0
7827,22.37126402630188,0
7828,23.841894979829355,0
7829,23.894533144082818,0
7830,23.765601231998065,0
7831,25.263593430294236,0
7832,22.719163757709254,0
7833,25.697041551594587,0
7834,24.852570700675166,0
7835,24.797556440345854,0
7836,24.289814191657225,0
7837,24.880586884808974,0
7838,25.21537995212792,0
7839,23.890770725248938,0
7840,23.31646916453476,0
7841,24.332249970529023,0
7842,25.0144181685687,0
7843,24.135005802536387,0
7844,23.560465713105575,0
7845,21.18759279348397,0
7846,20.747359788254716,0
7847,20.20005222606715,0
7848,21.85122745898971,0
7849,18.833203205379693,0
7850,19.833119775844835,0
7851,18.85289177641376,0
7852,16.59493142128891,0
7853,17.361452779208232,0
7854,17.79538449942661,0
7855,16.68493821740487,0
7856,15.895745696474277,0
7857,16.45029852024658,0
7858,13.725429590753478,0
7859,14.501412863965161,0
7860,15.015578692489573,0
7861,15.745969363685377,0
7862,16.394212766139322,0
7863,14.736289530559855,0
7864,15.701094776612981,0
7865,17.234548346053973,0
7866,17.604280819478532,0
7867,16.312872888401728,0
7868,16.546885357857448,0
7869,17.698541499718598,0
7870,19.042679409697524,0
7871,16.900291191590295,0
7872,21.39132402838456,0
7873,20.41481795786634,0
7874,22.30280433506973,0
7875,23.370170180846902,0
7876,22.055017941657223,0
7877,21.538471022652192,0
7878,21.806122250952335,0
7879,25.596962117814602,0
7880,23.635653999972075,0
7881,24.545663894511122,0
7882,23.418382552453906,0
7883,24.3971277329657,0
7884,25.238420041394193,0
7885,25.441042694694126,0
7886,24.77138063561851,0
7887,23.553022766751862,0
7888,24.068498818195735,0
7889,23.64276729679537,0
7890,24.71153392398293,0
7891,22.40377720031585,0
7892,21.207936861203272,0
7893,22.281216796574245,0
7894,20.337129516980607,0
7895,21.925271671866806,0
7896,21.277689970438704,0
7897,18.9279802734288,0
7898,18.26708428170026,0
7899,18.70509217348226,0
7900,15.82475382490792,0
7901,17.963169561629144,0
7902,17.75538582500797,0
7903,16.23485224150155,0
7904,15.731654274821706,0
7905,14.707465556873446,0
7906,14.279013489139768,0
7907,15.400865547530085,0
7908,15.282779424612835,0
7909,14.431447151600278,0
7910,16.16011787884895,0
7911,14.98896558528524,0
7912,16.626470586230887,0
7913,15.018877805371446,0
7914,16.773658956569875,0
7915,17.564496908128728,0
7916,18.478756409388822,0
7917,17.770415128618442,0
7918,18.731166362496438,0
7919,19.45557319380702,0
7920,21.09807287770383,0
7921,19.750276394101284,0
7922,21.062719336517972,0
7923,20.111448001833182,0
7924,24.1328934517099,0
7925,23.22280450860483,0
7926,23.180735293119284,0
7927,23.83635270665895,0
7928,25.090157964836987,0
7929,24.282889312172504,0
7930,25.084906468937675,0
7931,23.497666548400645,0
7932,23.712766979292102,0
7933,26.112783599902038,0
7934,24.860742536560302,0
7935,22.981731685223703,0
7936,24.413749866289386,0
7937,24.726115583208987,0
7938,25.077983863413838,0
7939,22.239436445959765,0
7940,22.65559627108318,0
7941,21.077040837801032,0
7942,19.571681882846924,0
7943,19.630846810768816,0
7944,19.91919594492839,0
7945,18.78340211732449,0
7946,18.420158311608535,0
7947,17.54990308040936,0
7948,17.6774921222129,0
7949,19.174279395532892,0
7950,17.003081891332435,0
7951,17.018653063288046,0
7952,17.6227355530883,0
7953,13.959455591802705,0
7954,13.915963779607756,0
7955,14.199894854496648,0
7956,13.673224759810452,0
7957,16.103512138420804,0
7958,13.94850577610756,0
7959,14.6817356172482,0
7960,16.60697987237963,0
7961,15.16149598837356,0
7962,16.701277016826882,0
7963,17.762961263851917,0
7964,16.8167816561311,0
7965,19.261990896048513,0
7966,19.352409101434738,0
7967,19.761353818844206,0
7968,19.841824008747544,0
7969,19.670197568306264,0
7970,23.225946880254533,0
7971,21.33400479461591,0
7972,22.22875253748922,0
7973,22.918261722420183,0
7974,23.363755666032127,0
7975,24.53032722841107,0
7976,23.54558538196756,0
7977,24.582076277744132,0
7978,25.791144245337343,0
7979,23.87560757968674,0
7980,24.959915902797068,0
7981,23.6860241969902,0
7982,24.675440897127363,0
7983,24.845357458962177,0
7984,23.48139546113331,0
7985,25.8540198551287,0
7986,22.10279682365161,0
7987,24.206462837569784,0
7988,22.331420437110882,0
7989,22.221236224739062,0
7990,20.29691964962897,0
7991,21.249024168194623,0
7992,20.416257555141147,0
7993,17.69278409975593,0
7994,18.526225216000764,0
7995,17.84320318201173,0
7996,18.33754321286539,0
7997,15.716037188368567,0
7998,17.19411807362495,0
7999,16.35230263863525,0
8000,17.191003589070192,0
8001,14.036322626786832,0
8002,16.13337068737649,0
8003,12.332961782411822,0
8004,13.679834963769462,0
8005,14.704596388253785,0
8006,13.991903081829419,0
8007,16.113527388241625,0
8008,15.14375800423761,0
8009,16.09945790989189,0
8010,16.40098901689275,0
8011,17.636304083715864,0
8012,16.770011723398856,0
8013,19.094509351110354,0
8014,18.49482557150946,0
8015,19.765163153932544,0
8016,20.598580567679726,0
8017,21.15519141202716,0
8018,20.496990073300793,0
8019,21.344935567234085,0
8020,21.897631648926776,0
8021,23.273851625969918,0
8022,23.726851814676394,0
8023,21.78198404363517,0
8024,22.244771111146612,0
8025,25.37379704673594,0
8026,23.668563442737238,0
8027,25.392754507253414,0
8028,24.18788958019442,0
8029,25.330189963260718,0
8030,25.083274937608966,0
8031,23.544068865394188,0
8032,25.486461976176425,0
8033,25.13589203958722,0
8034,24.071296752659308,0
8035,21.210241702988448,0
8036,21.74353425476279,0
8037,22.385768453249874,0
8038,22.22388752116289,0
8039,19.813836779581447,0
8040,17.414369366944484,0
8041,18.306503895448234,0
8042,19.35655584151585,0
8043,17.261379498985928,0
8044,18.93063513514233,0
8045,16.618872748693562,0
8046,18.07509691192175,0
8047,14.871391752762053,0
8048,15.612231333864054,0
8049,16.126691537676106,0
8050,14.26599486506177,0
8051,18.48257409602847,0
8052,16.217142529979768,0
8053,14.608396717775847,0
8054,15.648814458791117,0
8055,15.030526833636182,0
8056,15.454428418772679,0
8057,17.34101165700418,0
8058,16.647027746281925,0
8059,18.63953579011578,0
8060,17.431915385159662,0
8061,18.963905350757496,0
8062,19.317066546267764,0
8063,20.52330944029438,0
8064,19.667771754386745,0
8065,21.099350047116417,0
8066,21.700301089171578,0
8067,20.44985270386311,0
8068,23.318479835150043,0
8069,23.34896204102029,0
8070,22.73616459503759,0
8071,24.66060792687563,0
8072,25.263072213975107,0
8073,24.192762884641958,0
8074,25.313724955985585,0
8075,26.35115227880057,0
8076,25.353146423035305,0
8077,25.019650723812948,0
8078,24.650161917050305,0
8079,23.672151429402664,0
8080,25.366735059152333,0
8081,23.82055431963555,0
8082,22.60508964981983,0
8083,20.128045177768875,0
8084,22.47372939817573,0
8085,21.234660728946196,0
8086,21.058034423040244,0
8087,20.641909257769747,0
8088,19.754177770364414,0
8089,19.747966214883053,0
8090,19.67341693407798,0
8091,17.63610622472144,0
8092,17.794269272173022,0
8093,16.398608107251906,0
8094,17.24364012835494,0
8095,15.788050253336898,0
8096,15.39621222592513,0
8097,15.668840839437733,0
8098,15.17327106048515,0
8099,14.431733445453087,0
8100,15.229505555973423,0
8101,15.724777971410473,0
8102,15.089162417950757,0
8103,14.799558740304795,0
8104,16.83206658079394,0
8105,16.09432427764151,0
8106,15.605483974959592,0
8107,16.027706896265652,0
8108,17.276845563480418,0
8109,19.21168234253757,0
8110,19.908673734503697,0
8111,20.033338456081427,0
8112,18.78764197693705,0
8113,20.268218393560787,0
8114,22.585567144233764,0
8115,22.726061326102343,0
8116,22.73557697302649,0
8117,23.843900399328867,0
8118,23.266727788574727,0
8119,24.327690132424152,0
8120,24.82068825060532,0
8121,23.82546574096808,0
8122,25.842531710676028,0
8123,24.60016111039307,0
8124,25.67399282958114,0
8125,23.995801648731508,0
8126,26.279265145028138,0
8127,26.8269417152584,0
8128,23.802173318493242,0
8129,24.678381740659614,0
8130,22.631028697882083,0
8131,24.9319199138005,0
8132,21.204803941925274,0
8133,21.60066568288555,0
8134,20.803052000135676,0
8135,22.371297316562814,0
8136,18.981699278250627,0
8137,19.71744812837276,0
8138,19.797432561073606,0
8139,18.39806539951117,0
8140,17.060561096972457,0
8141,17.265813156381373,0
8142,15.972327674398285,0
8143,16.691607083618653,0
8144,16.24604697234733,0
8145,15.612146957414348,0
8146,16.09865230217623,0
8147,14.620105957794273,0
8148,14.707652900113109,0
8149,15.289489078911771,0
8150,15.715552091691045,0
8151,14.936409513015649,0
8152,16.236242431087586,0
8153,16.643508836759068,0
8154,16.528448008419417,0
8155,16.806769832327454,0
8156,17.024050908785757,0
8157,19.379752253333432,0
8158,17.962829925469087,0
8159,20.950890183995387,0
8160,19.670011213180477,0
8161,19.176200953357686,0
8162,21.941897138763597,0
8163,22.05343543883323,0
8164,22.036017791250877,0
8165,22.89293147267217,0
8166,23.296273232868618,0
8167,24.62026853453569,0
8168,23.15912340407441,0
8169,23.595374126256008,0
8170,26.01435720528001,0
8171,25.469510506899166,0
8172,24.788732678826985,0
8173,26.430573224755012,0
8174,24.30975783349888,0
8175,26.670847940572312,0
8176,23.601911003371477,0
8177,24.24609213611053,0
8178,23.755900551462947,0
8179,24.50718845271723,0
8180,23.114833837738907,0
8181,22.409097401178077,0
8182,21.937127869124883,0
8183,21.61421693404749,0
8184,21.043574719401583,0
8185,18.7552320215779,0
8186,18.205295241004627,0
8187,18.334434786796926,0
8188,15.9345210676339,0
8189,15.285360260702795,0
8190,16.76243964539243,0
8191,16.42890267767774,0
8192,15.296806962809951,0
8193,14.59142937011561,0
8194,14.268864775910561,0
8195,15.216251500281711,0
8196,16.691684907146787,0
8197,14.665210935534766,0
8198,15.558174648150919,0
8199,15.266727097715288,0
8200,15.384713888741874,0
8201,16.78846924688118,0
8202,14.89601982176155,0
8203,16.379786741329116,0
8204,17.79596854222509,0
8205,18.166251243612926,0
8206,17.107053222601824,0
8207,21.037840113165004,0
8208,22.36707641567662,0
8209,20.024983477540204,0
8210,22.20336846997431,0
8211,22.362723411046485,0
8212,22.580855997469726,0
8213,21.704509910262427,0
8214,24.22089953928617,0
8215,24.301591942746082,0
8216,23.394595629638822,0
8217,25.578952526651367,0
8218,24.201009501770322,0
8219,26.045803306088157,0
8220,25.12626291466667,0
8221,24.520465695495222,0
8222,26.874722504756775,0
8223,26.024852468021088,0
8224,25.027293437672444,0
8225,23.067727470338113,0
8226,23.1524223569306,0
8227,23.60115022753427,0
8228,21.971906343287127,0
8229,21.265473316680986,0
8230,21.73001521164255,0
8231,20.94401888504714,0
8232,18.714944966197685,0
8233,20.170618724474735,0
8234,18.73911190685711,0
8235,20.130737131527667,0
8236,17.45827769108117,0
8237,16.82697645528448,0
8238,15.749733045261776,0
8239,16.654494900560152,0
8240,15.333446383155518,0
8241,15.49002570699041,0
8242,16.22768285120641,0
8243,16.427136106376402,0
8244,15.256763435363675,0
8245,14.777684055888223,0
8246,15.036893007329168,0
8247,14.358180186177128,0
8248,17.018537528633686,0
8249,16.660210301532832,0
8250,15.176545626015002,0
8251,15.772250874587348,0
8252,16.856747083545997,0
8253,19.661590749335115,0
8254,17.318552011097214,0
8255,19.250848990228224,0
8256,20.14608356885711,0
8257,19.583416178859185,0
8258,20.985977929269666,0
8259,23.413395961935052,0
8260,23.64613943272857,0
8261,21.609646123608854,0
8262,23.930876857816738,0
8263,23.953042000222343,0
8264,25.42201446935546,0
8265,23.40401418145272,0
8266,24.90265530148359,0
8267,25.633869023451943,0
8268,23.893196531269886,0
8269,24.900647681563417,0
8270,24.7596878183784,0
8271,25.0213795555908,0
8272,23.720759694873625,0
8273,26.543752472547247,0
8274,24.175953089774843,0
8275,21.98059211367104,0
8276,21.702298215834368,0
8277,20.815658980297865,0
8278,21.38393990290546,0
8279,20.701662035416074,0
8280,20.716334041422513,0
8281,19.649697931823088,0
8282,18.026236877302754,0
8283,17.633252074813978,0
8284,18.07657586631337,0
8285,17.69087259842082,0
8286,15.182466301716758,0
8287,15.528768955895433,0
8288,16.48337831530896,0
8289,14.75370005167021,0
8290,15.283252396230305,0
8291,14.188189165981804,0
8292,16.123147406876647,0
8293,14.731255776621628,0
8294,14.713316632887128,0
8295,15.840924313801642,0
8296,15.536538400853898,0
8297,16.3277738866246,0
8298,17.712158782130835,0
8299,16.978880812410406,0
8300,17.62235967721474,0
8301,19.628338410535072,0
8302,18.605310295050632,0
8303,19.198873162743237,0
8304,20.955245732900384,0
8305,19.48608859358612,0
8306,22.528241075197666,0
8307,21.814956613451674,0
8308,21.897499970441277,0
8309,22.6465812147776,0
8310,22.860231881871094,0
8311,24.709399039439887,0
8312,23.777029885478907,0
8313,22.591555096538595,0
8314,24.19872149693496,0
8315,25.64268112938543,0
8316,24.770982464019234,0
8317,24.323476888368493,0
8318,23.764525202600108,0
8319,25.750829210350574,0
8320,23.755554251845346,0
8321,24.54885713124852,0
8322,21.533478127818647,0
8323,22.743080671832406,0
8324,21.605427821293905,0
8325,21.622548768918627,0
8326,21.424816972728078,0
8327,20.209753026541758,0
8328,20.36423320880397,0
8329,20.44706061214321,0
8330,18.78990413617416,0
8331,16.918813930686657,0
8332,18.45488123253403,0
8333,16.250660508216026,0
8334,16.43448375798295,0
8335,17.082194262846556,0
8336,15.772472766823725,0
8337,15.216257878034313,0
8338,14.946697696890666,0
8339,13.814296451857764,0
8340,14.56823855380722,0
8341,13.805200601700149,0
8342,15.587421716157445,0
8343,14.906622972023056,0
8344,15.649386263320977,0
8345,17.062491589639848,0
8346,17.260045752875342,0
8347,17.247120968520495,0
8348,18.31934960776764,0
8349,18.787720089327937,0
8350,18.694649931674245,0
8351,19.97210903260768,0
8352,21.37034180003304,0
8353,20.386071318790716,0
8354,21.543268767099665,0
8355,20.33308372113376,0
8356,21.66013409369178,0
8357,23.150411495167848,0
8358,23.113666191905125,0
8359,24.19336301076979,0
8360,24.043336009348053,0
8361,24.43442379386334,0
8362,24.77271918883408,0
8363,24.337959382942657,0
8364,25.664180644292266,0
8365,24.23701321116117,0
8366,24.87218513203955,0
8367,25.870945686045275,0
8368,24.45286706694487,0
8369,23.35569157321912,0
8370,23.021270130123774,0
8371,23.604330227966354,0
8372,23.16398937269189,0
8373,21.219100404184307,0
8374,20.670489804176498,0
8375,22.629813192122377,0
8376,19.16313003093167,0
8377,20.84856754532111,0
8378,18.8947242796209,0
8379,17.451854945341175,0
8380,17.25595732492593,0
8381,16.601503332450918,0
8382,16.10884428933461,0
8383,16.404312151303145,0
8384,13.978925618908098,0
8385,16.42984714597989,0
8386,15.619595227096687,0
8387,14.241895473432976,0
8388,13.44195868640649,0
8389,16.71414292472497,0
8390,13.58060643384109,0
8391,15.679280075692427,0
8392,16.217725883299895,0
8393,14.829571823502805,0
8394,17.64954471083147,0
8395,15.409827436380661,0
8396,15.72651780452469,0
8397,16.822596692046282,0
8398,17.8632236665718,0
8399,20.72038035312084,0
8400,18.76949885576359,0
8401,22.524313403827048,0
8402,21.46310785956158,0
8403,22.902892927149544,0
8404,23.004083857757394,0
8405,22.279248473737905,0
8406,23.224193841806585,0
8407,24.41091892869325,0
8408,24.73785360944721,0
8409,26.596125310161213,0
8410,23.90395562147199,0
8411,23.597741440977625,0
8412,23.756619229906445,0
8413,23.616991663150827,0
8414,24.630958936092366,0
8415,24.9282131070345,0
8416,26.25994603957257,0
8417,24.058268927196607,0
8418,22.898542528945907,0
8419,23.164959600409873,0
8420,24.48519389523166,0
8421,21.385384537188333,0
8422,20.400964296200012,0
8423,21.121263062833144,0
8424,20.71040099673731,0
8425,20.066887622617692,0
8426,19.31685661136787,0
8427,19.080046346468524,0
8428,19.32492009565133,0
8429,18.80194484583658,0
8430,17.492722818437457,0
8431,16.41416060765227,0
8432,14.852128385362024,0
8433,14.750524167629932,0
8434,13.792048477240078,0
8435,14.464061676959364,0
8436,15.150054865147528,0
8437,15.874832839053338,0
8438,13.964365189788046,0
8439,16.739360072261313,0
8440,15.471206702694712,0
8441,14.15625491672829,0
8442,16.78672117762125,0
8443,16.012400479476458,0
8444,16.610764421559526,0
8445,18.00388049088887,0
8446,17.576713429388075,0
8447,19.385078867718008,0
8448,20.15567042057155,0
8449,21.75539987243719,0
8450,20.335976256591188,0
8451,20.679483655606493,0
8452,25.056050947630535,0
8453,22.405652636880095,0
8454,24.855844708146662,0
8455,23.814905811217574,0
8456,23.94643562432282,0
8457,26.75707870815422,0
8458,25.68096464183643,0
8459,24.513367484340453,0
8460,24.74915867822567,0
8461,25.687223789501665,0
8462,24.67458668811335,0
8463,25.161051319106527,0
8464,24.00399706723427,0
8465,23.822356262792855,0
8466,23.806335507620044,0
8467,22.872094202624748,0
8468,21.14315501445546,0
8469,22.02477277858718,0
8470,20.31321500348703,0
8471,20.26230770717178,0
8472,19.546502074207453,0
8473,18.287965861079275,0
8474,20.611325564480584,0
8475,16.57342389940385,0
8476,18.690547207208724,0
8477,15.704296986236796,0
8478,15.968208547738984,0
8479,16.91096270782305,0
8480,15.68546461679789,0
8481,15.581567428277504,0
8482,17.07239351162713,0
8483,15.700213156858172,0
8484,16.24876249548449,0
8485,15.246731675730397,0
8486,15.245317313983252,0
8487,15.421956787201404,0
8488,17.309297773741736,0
8489,12.888067266836124,0
8490,16.86842317092933,0
8491,17.46997626583985,0
8492,15.811194392623197,0
8493,18.318010148516766,0
8494,18.465049158036614,0
8495,18.3810755970506,0
8496,20.195952087705653,0
8497,19.512424419469113,0
8498,22.759560872734593,0
8499,20.617525067409623,0
8500,21.292271216197793,0
8501,22.588063252958285,0
8502,23.505689029274926,0
8503,24.602094570341638,0
8504,24.61969029579892,0
8505,24.67683221704816,0
8506,22.22180762133129,0
8507,24.49540532550549,0
8508,24.896456210714366,0
8509,25.88655412550878,0
8510,23.77491545830013,0
8511,24.993852476674757,0
8512,23.915807058457258,0
8513,23.14802452906634,0
8514,23.496047707696228,0
8515,22.806659973051147,0
8516,22.611639577277554,0
8517,21.824406631279135,0
8518,22.173978912332178,0
8519,21.44788945768289,0
8520,18.919234738658208,0
8521,20.850395549530038,0
8522,20.070941055329993,0
8523,18.940539405653787,0
8524,17.684105932120474,0
8525,18.88627472943302,0
8526,16.0972289976846,0
8527,16.28354905110209,0
8528,14.726149969171933,0
8529,15.582162894421048,0
8530,16.36132364561331,0
8531,14.633177683521307,0
8532,15.818039611488999,0
8533,14.107094259475694,0
8534,15.703649743927064,0
8535,17.0516746941153,0
8536,15.446041906653997,0
8537,15.962562445800193,0
8538,17.58948768745787,0
8539,17.998487253934936,0
8540,17.46839014335394,0
8541,18.346683287684336,0
8542,18.766665974092586,0
8543,20.32339288528474,0
8544,20.678464007317537,0
8545,20.96501970330791,0
8546,20.592714341709545,0
8547,20.44472075102413,0
8548,20.637515138343208,0
8549,23.487047541653947,0
8550,26.610110914550866,0
8551,24.60918936097068,0
8552,25.269531858942898,0
8553,24.586436906138125,0
8554,25.261731850681905,0
8555,23.944489442849726,0
8556,25.128764646080985,0
8557,23.800619477653218,0
8558,25.456380002503742,0
8559,23.40564606773056,0
8560,25.37690974216814,0
8561,23.996785242218323,0
8562,24.257076831797587,0
8563,23.499747314682445,0
8564,21.134338331807733,0
8565,20.684242075536137,0
8566,22.398827520801678,0
8567,21.118825288219327,0
8568,20.876645954041688,0
8569,21.487631141559472,0
8570,19.467939003431535,0
8571,19.77258260381987,0
8572,17.405840025694364,0
8573,16.376571889282516,0
8574,16.72597695811171,0
8575,16.221354506874704,0
8576,16.053321583924152,0
8577,16.248641178898865,0
8578,16.094019042344442,0
8579,16.40207362585555,0
8580,14.669973206412259,0
8581,14.458062280415694,0
8582,15.705803412285382,0
8583,16.27338844624526,0
8584,16.058579641279188,0
8585,16.390060594972116,0
8586,18.425309599758098,0
8587,17.534246894462967,0
8588,16.528802172267607,0
8589,17.652192194406627,0
8590,20.431481067865118,0
8591,20.269715281168743,0
8592,18.661844266744975,0
8593,19.825022475631865,0
8594,21.730457816449125,0
8595,21.626532643249128,0
8596,23.03688047717264,0
8597,22.019822221214195,0
8598,23.55768180466089,0
8599,24.31612050191123,0
8600,25.010533392550283,0
8601,24.770892142730357,0
8602,24.837847484220536,0
8603,24.928394270124954,0
8604,25.594489527961372,0
8605,25.689431052337522,0
8606,24.19416573679343,0
8607,23.910999585877452,0
8608,24.48997875875271,0
8609,22.928699288586316,0
8610,23.323802364043313,0
8611,25.454466763742573,0
8612,23.034943339819595,0
8613,21.481349200391584,0
8614,20.813628720993734,0
8615,20.005210269038862,0
8616,18.971977719394484,0
8617,19.09559756509356,0
8618,19.46291846442917,0
8619,19.055120897303148,0
8620,18.324258094006762,0
8621,15.00796395875947,0
8622,16.735605714599288,0
8623,15.282315057034102,0
8624,15.828693585963286,0
8625,15.304718844583368,0
8626,14.830427759056226,0
8627,13.803758404893602,0
8628,14.898921715624493,0
8629,15.01520788756381,0
8630,15.648038536895132,0
8631,15.429602423100231,0
8632,14.758448190879657,0
8633,17.52504609100663,0
8634,18.092097591598105,0
8635,16.64927147164403,0
8636,16.184007958084216,0
8637,20.40461734978916,0
8638,20.339860202880214,0
8639,20.111501362630698,0
8640,18.435081742334077,0
8641,22.378487043349313,0
8642,22.402640097237324,0
8643,21.29130187183604,0
8644,20.10844447828138,0
8645,24.505352596408304,0
8646,22.93190308186438,0
8647,24.11923154134991,0
8648,25.0338870402045,0
8649,25.774268406793762,0
8650,24.640031327117516,0
8651,25.65093374660957,0
8652,25.349201609577698,0
8653,24.83930099469701,0
8654,25.427968916792025,0
8655,24.44885917596738,0
8656,24.159699647577675,0
8657,23.851178759192617,0
8658,22.01609848949759,0
8659,22.42231023518957,0
8660,21.399106126836156,0
8661,22.626850748137617,0
8662,19.771272926134344,0
8663,22.593448201205195,0
8664,20.173593687662294,0
8665,19.323688012866892,0
8666,17.43223806163448,0
8667,17.586449264618388,0
8668,19.146611755228594,0
8669,17.018225836871007,0
8670,14.864239173892749,0
8671,16.892553515344844,0
8672,17.32198667532025,0
8673,14.909697081980655,0
8674,15.116115776787046,0
8675,16.593583344904403,0
8676,12.571320840716318,0
8677,16.27683754618242,0
8678,14.512177606949244,0
8679,15.796742525346133,0
8680,16.91386789444295,0
8681,16.863706362721814,0
8682,17.010678570874,0
8683,18.264988177193718,0
8684,16.855977485770005,0
8685,18.286258412518823,0
8686,17.963052266832577,0
8687,19.703386029959006,0
8688,19.524955912784087,0
8689,19.720106758798575,0
8690,20.364864482392786,0
8691,22.873829999185965,0
8692,20.73143062842564,0
8693,21.688845591136754,0
8694,21.646538983559775,0
8695,22.694816187321813,0
8696,22.41748611173705,0
8697,23.22997350831791,0
8698,23.563503360925207,0
8699,26.42978279236842,0
8700,24.992154318712807,0
8701,24.057296966317875,0
8702,22.82021072602561,0
8703,23.77079725417108,0
8704,25.608184840054314,0
8705,23.461037778637056,0
8706,24.29361829714378,0
8707,23.28039923359083,0
8708,22.45185099484881,0
8709,21.53621699101614,0
8710,21.035201273780427,0
8711,20.176434027661713,0
8712,19.187127549266854,0
8713,19.285936524513716,0
8714,19.626980372178867,0
8715,18.543880507999877,0
8716,15.856362743280028,0
8717,17.451630390744974,0
8718,16.757130523889842,0
8719,15.375832408735674,0
8720,16.4434035035045,0
8721,15.912541223311456,0
8722,16.9556610393443,0
8723,12.810589778317015,0
8724,15.660083241886763,0
8725,13.862970101303983,0
8726,15.222461388266861,0
8727,15.822247894451989,0
8728,17.071720336860523,0
8729,16.16185140992203,0
8730,15.58045073472726,0
8731,17.69162677725013,0
8732,17.939328860869253,0
8733,19.17651070950544,0
8734,15.935061400545951,0
8735,19.328517836909587,0
8736,16.92864609391706,0
8737,20.84201721576225,0
8738,21.181730323425207,0
8739,21.00329133329373,0
8740,22.84420493722877,0
8741,23.173198193208567,0
8742,24.539471523170413,0
8743,25.329967850820676,0
8744,24.371879722626502,0
8745,24.350352394688986,0
8746,23.998428366733293,0
8747,26.14413676697629,0
8748,24.86465870206877,0
8749,24.678148168382513,0
8750,25.40538131441138,0
8751,23.97019532270382,0
8752,24.047734594829983,0
8753,23.920222827593594,0
8754,24.46010475290139,0
8755,21.93747455590311,0
8756,21.26752969952847,0
8757,21.240498254581674,0
8758,20.5365800550598,0
8759,19.800868302530407,0
8760,20.688142154939843,0
8761,18.785354702383884,0
8762,20.467326194745656,0
8763,19.002890790448635,0
8764,17.47575329882757,0
8765,16.786127803799527,0
8766,17.102710493345626,0
8767,18.394232789996554,0
8768,16.065291340731413,0
8769,14.380351003884279,0
8770,15.169427643599288,0
8771,18.393196314536684,0
8772,14.032057044362173,0
8773,14.711177913630678,0
8774,15.184475879690247,0
8775,14.793287264551626,0
8776,16.9889203216877,0
8777,15.344789695008288,0
8778,16.32893987667978,0
8779,17.439608167701763,0
8780,18.041892576122727,0
8781,17.816984993854277,0
8782,18.82380822562284,0
8783,19.23408451158152,0
8784,16.530862272737423,0
8785,21.364549800983315,0
8786,21.4769919713994,0
8787,21.730336951156637,0
8788,23.382380160370698,0
8789,21.21128244330641,0
8790,24.77580560151274,0
8791,23.350500108069376,0
8792,23.334896345142894,0
8793,23.552427937666963,0
8794,25.177529200659453,0
8795,24.285242938048473,0
8796,25.706574851838823,0
8797,23.499967879400135,0
8798,26.015875976085837,0
8799,24.378842308416548,0
8800,26.14136913847072,0
8801,24.35981995802296,0
8802,23.082537921674398,0
8803,22.75804535125165,0
8804,20.56722652075969,0
8805,21.639034633331256,0
8806,19.99978266955844,0
8807,19.955992902114062,0
8808,22.1239111902625,0
8809,18.250836081090853,0
8810,19.25249716106684,0
8811,18.593294337265874,0
8812,17.172483077483495,0
8813,16.816616792762478,0
8814,15.762157369260123,0
8815,17.837103360480903,0
8816,16.21208705421658,0
8817,16.405071620148245,0
8818,13.353061616440094,0
8819,14.85302663213488,0
8820,13.856436020186056,0
8821,16.127872928205395,0
8822,14.850084537645687,0
8823,14.565994660165046,0
8824,15.733043082874731,0
8825,16.169336957891115,0
8826,16.34225071184711,0
8827,18.53899773405906,0
8828,18.46649086540191,0
8829,18.268202647723434,0
8830,19.29539913494063,0
8831,18.963350697880742,0
8832,18.55107617328651,0
8833,20.602128454985586,0
8834,18.866821286722168,0
8835,22.822530218054464,0
8836,22.03194907782441,0
8837,21.084225428147274,0
8838,23.629946510090175,0
8839,26.64146867343077,0
8840,23.61073914730982,0
8841,24.454796446745398,0
8842,25.291965478068896,0
8843,23.729355775780082,0
8844,26.530246043181037,0
8845,24.551683069373777,0
8846,25.15034149832257,0
8847,25.47170599935227,0
8848,24.19332362610083,0
8849,24.68453367088865,0
8850,21.933443583459063,0
8851,21.61314099114545,0
8852,22.690110760064186,0
8853,21.209422320799472,0
8854,20.651648359818022,0
8855,20.64936428145124,0
8856,20.619925177600713,0
8857,20.677849616705526,0
8858,20.65578808050551,0
8859,19.548358897148205,0
8860,18.48278419715889,0
8861,16.129159059899987,0
8862,15.593485787609442,0
8863,14.812539943742797,0
8864,15.279181578440348,0
8865,15.670181512371018,0
8866,17.261539640613037,0
8867,14.363143766182194,0
8868,15.709059424186608,0
8869,14.55458490913115,0
8870,15.16875913570669,0
8871,13.63859120056225,0
8872,18.196965004467984,0
8873,16.342693017005583,0
8874,16.51451632679014,0
8875,17.089693242149465,0
8876,16.120467992793678,0
8877,19.04381125677924,0
8878,19.169907898382554,0
8879,20.36199460882434,0
8880,21.74151377476454,0
8881,21.565875376218692,0
8882,20.909540206497063,0
8883,21.72215202269906,0
8884,21.147340193790942,0
8885,25.56800679846551,0
8886,22.2357445081049,0
8887,25.340532500955398,0
8888,23.542913714751794,0
8889,25.016534238529744,0
8890,24.938816333374163,0
8891,24.08445244526175,0
8892,26.072456042406806,0
8893,25.848544409030445,0
8894,25.098099064794283,0
8895,25.645785741587254,0
8896,26.26340416302617,0
8897,22.939564592343316,0
8898,23.159122368141656,0
8899,21.789493223590696,0
8900,21.8443329957217,0
8901,21.73141385352922,0
8902,21.127133282527137,0
8903,20.840321898650707,0
8904,21.78357293545732,0
8905,20.355611065793926,0
8906,18.418744129399258,0
8907,18.754282312425858,0
8908,17.023589298409018,0
8909,18.057764086348033,0
8910,16.12618789580266,0
8911,15.985541968655374,0
8912,14.334742456642772,0
8913,14.943545930297411,0
8914,17.278969002599364,0
8915,12.522992644618755,0
8916,14.956827904613728,0
8917,14.437722498078827,0
8918,14.660505429515327,0
8919,16.700929036273124,0
8920,14.918370242718431,0
8921,14.476531923725025,0
8922,16.262658044306566,0
8923,16.825502438549208,0
8924,18.163531614333053,0
8925,19.515960224780162,0
8926,19.44390191901368,0
8927,20.214819785283844,0
8928,19.329849046192567,0
8929,19.763945543335733,0
8930,21.57403185106649,0
8931,22.456590080667315,0
8932,23.33154137308767,0
8933,23.56195617558102,0
8934,22.95736988417191,0
8935,23.238650114022064,0
8936,25.54783403345267,0
8937,25.505745589532786,0
8938,22.913835690456395,0
8939,25.46946255356245,0
8940,25.425916072681535,0
8941,24.117444309136882,0
8942,23.542401539803173,0
8943,25.46795686611967,0
8944,24.76897732653278,0
8945,22.56718328860918,0
8946,23.456642046647016,0
8947,24.25023506739911,0
8948,22.049232277958517,0
8949,23.61565072581666,0
8950,19.887373134152227,0
8951,21.974493474595917,0
8952,19.761319105049424,0
8953,18.362883498288955,0
8954,18.377324686564197,0
8955,18.957995139476175,0
8956,16.171793695641554,0
8957,18.090765177873372,0
8958,17.157502098035526,0
8959,13.616101367143077,0
8960,15.95159213770527,0
8961,16.603190285896677,0
8962,14.413272286837909,0
8963,12.321868768737867,0
8964,15.823915650014865,0
8965,16.10382772340509,0
8966,16.727756962145005,0
8967,14.377545366914944,0
8968,14.559182852508314,0
8969,15.430558786266488,0
8970,17.745982908731715,0
8971,15.94744171427196,0
8972,17.54755908178422,0
8973,16.354848879297563,0
8974,20.20904646509099,0
8975,19.311357138732053,0
8976,20.105902851392525,0
8977,24.13239980216203,0
8978,22.34900058900881,0
8979,22.500217119058284,0
8980,22.50067419007624,0
8981,22.839019992783385,0
8982,21.965506551061917,0
8983,24.877076983194613,0
8984,24.091592487574022,0
8985,24.408791315405953,0
8986,23.18875977022693,0
8987,26.247141313439002,0
8988,25.15601921761819,0
8989,25.1378771534401,0
8990,24.32595438224604,0
8991,25.205416365064426,0
8992,25.25362770652604,0
8993,24.585869574397712,0
8994,22.433150770421406,0
8995,21.2293968097022,0
8996,22.37757634409981,0
8997,22.42134657700834,0
8998,18.701436054287917,0
8999,19.67901507519226,0
9000,19.439212966635004,0
9001,19.371937771542225,0
9002,19.845626523124032,0
9003,17.633439812670268,0
9004,18.419736260741306,0
9005,16.608414353566932,0
9006,17.450053077630486,0
9007,15.344630987932101,0
9008,15.641027168749238,0
9009,16.27227762252168,0
9010,15.143070039920753,0
9011,12.534686398084553,0
9012,14.640798642056657,0
9013,15.48765749011077,0
9014,15.174194838399343,0
9015,14.216766798066917,0
9016,15.096151796206373,0
9017,16.738295424527788,0
9018,17.34739087187408,0
9019,17.40390425851428,0
9020,16.736750864193517,0
9021,17.082222302239153,0
9022,20.878993688096777,0
9023,18.149372698484576,0
9024,21.194371289362774,0
9025,20.752224378315262,0
9026,21.852718181675137,0
9027,22.2675935773716,0
9028,22.19452786255311,0
9029,23.677380237603284,0
9030,22.52334609614015,0
9031,23.560228417983787,0
9032,24.494282012073242,0
9033,21.891962400471495,0
9034,26.189937934672873,0
9035,24.739237432887947,0
9036,24.659700934960252,0
9037,23.811087623487662,0
9038,24.563993632887144,0
9039,23.085114172334233,0
9040,23.166244821512247,0
9041,23.157086728995253,0
9042,23.455152367573945,0
9043,22.899375645132388,0
9044,21.699928651286545,0
9045,21.2930185960934,0
9046,21.812534338686383,0
9047,19.792944891234587,0
9048,21.465923333344037,0
9049,19.922046904832413,0
9050,17.94643441019481,0
9051,16.604877711763578,0
9052,17.525922002990686,0
9053,17.940384120577306,0
9054,16.508720779137118,0
9055,16.043864738673335,0
9056,14.052451169403795,0
9057,16.124718593507552,0
9058,13.949191848583292,0
9059,16.554376690085917,0
9060,14.964707083764047,0
9061,16.640107961224444,0
9062,15.784326121373105,0
9063,13.282688143603115,0
9064,15.499151938076508,0
9065,16.569124143951335,0
9066,17.85197237514908,0
9067,16.741646815715416,0
9068,17.949336672223918,0
9069,16.285715624807462,0
9070,18.835725795054874,0
9071,19.066388338311377,0
9072,20.56344167530393,0
9073,20.49479783722228,0
9074,20.99115119069587,0
9075,21.717299725561865,0
9076,23.08981632850811,0
9077,24.45256240609603,0
9078,24.411413336478375,0
9079,25.056509627689103,0
9080,23.256946219040294,0
9081,23.115341102739333,0
9082,23.660329121792977,0
9083,23.811203977224338,0
9084,25.500794075640446,0
9085,24.78016527944514,0
9086,24.490362770702948,0
9087,26.91267350004785,0
9088,24.009971114267923,0
9089,24.84991951239509,0
9090,23.559192934308157,0
9091,21.88895019301088,0
9092,20.736260981603778,0
9093,21.26409986629782,0
9094,21.692095185933052,0
9095,21.16794342967094,0
9096,21.279346143295573,0
9097,19.87266390412963,0
9098,20.604196211510615,0
9099,17.346741766646083,0
9100,16.771045347613423,0
9101,17.762151580553716,0
9102,16.307310850681258,0
9103,17.136573745942993,0
9104,17.3242389091427,0
9105,15.775285225915177,0
9106,14.829012245375289,0
9107,12.49871034126005,0
9108,14.747008598759175,0
9109,15.357464610396498,0
9110,13.802345021306971,0
9111,15.839691786614503,0
9112,15.946476945071002,0
9113,16.243556740021923,0
9114,17.44655318521013,0
9115,18.563376095525726,0
9116,16.463670981414076,0
9117,17.951052863566904,0
9118,19.062808616584796,0
9119,20.99086411689954,0
9120,20.117012711811437,0
9121,21.3478806500795,0
9122,21.45418763953788,0
9123,22.179963216890812,0
9124,22.798977539561065,0
9125,24.265538687141124,0
9126,24.136286749690612,0
9127,24.96732951767341,0
9128,24.50554878295286,0
9129,24.372224301092142,0
9130,24.807421123674594,0
9131,26.01418300658034,0
9132,25.14642045406887,0
9133,23.419963261824797,0
9134,25.33886723397534,0
9135,23.45293303733581,0
9136,22.054605313891184,0
9137,23.874431851068675,0
9138,25.289748523558437,0
9139,23.920470330247365,0
9140,23.125453502497397,0
9141,21.064344245943083,0
9142,20.164344670365402,0
9143,19.56945499559292,0
9144,19.572878864101618,0
9145,18.56196982489685,0
9146,18.775988894802463,0
9147,18.29660421753815,0
9148,16.546447995562254,0
9149,17.46496353882493,0
9150,14.19285796725429,0
9151,15.397110137921048,0
9152,15.073142138377099,0
9153,14.574068490862828,0
9154,14.91202513236248,0
9155,14.765290139840122,0
9156,15.223145418160465,0
9157,15.409682173421917,0
9158,13.356030509179401,0
9159,16.273468048190757,0
9160,16.08860558766388,0
9161,17.280552697678456,0
9162,17.92151866950816,0
9163,18.73627286122315,0
9164,18.82197182208105,0
9165,18.07654801899282,0
9166,20.21837592154154,0
9167,19.396571185313338,0
9168,19.654990104872248,0
9169,20.77328775065887,0
9170,23.190008982262306,0
9171,23.039207555667804,0
9172,22.709590650231725,0
9173,23.10900579056341,0
9174,22.679446965221818,0
9175,24.946408249317752,0
9176,20.66587741784389,0
9177,24.76522158772551,0
9178,24.51386847383371,0
9179,24.356101614665437,0
9180,25.91320280174454,0
9181,24.68467159740344,0
9182,26.39830570087155,0
9183,23.358494999990913,0
9184,26.529027974306267,0
9185,23.391230736128943,0
9186,24.295566162985825,0
9187,22.491378383632824,0
9188,21.923006675950365,0
9189,21.97298722882257,0
9190,22.071734655327933,0
9191,20.139798314671445,0
9192,19.281857233531607,0
9193,18.813837201464473,0
9194,17.36402424309617,0
9195,16.788971308427058,0
9196,17.682340547340218,0
9197,17.806219457346863,0
9198,17.275902577755414,0
9199,15.961540898760903,0
9200,15.855952398976497,0
9201,12.788244961494694,0
9202,14.299137521824566,0
9203,14.563795780253233,0
9204,15.40680179224491,0
9205,15.464990379427585,0
9206,15.037945976153916,0
9207,15.395975162903682,0
9208,17.884046438638745,0
9209,15.139556475017464,0
9210,16.522864910853304,0
9211,16.477096254633704,0
9212,16.8116164636349,0
9213,17.738314121307976,0
9214,18.837400794595204,0
9215,18.567959308488522,0
9216,21.88733971186325,0
9217,20.45714597094782,0
9218,21.100291150860436,0
9219,23.487372654795784,0
9220,24.05416306366234,0
9221,24.363557830375477,0
9222,24.694292647757234,0
9223,22.055490414650833,0
9224,23.77352232628541,0
9225,24.316599463165655,0
9226,24.042157111882922,0
9227,26.45614680082594,0
9228,25.95743035197434,0
9229,24.04658618157752,0
9230,23.38978157707811,0
9231,22.968822545629283,0
9232,23.008641969504126,0
9233,24.081776764244175,0
9234,24.12626823393359,0
9235,22.426308051378662,0
9236,23.99963347748707,0
9237,21.652781610566098,0
9238,21.669489414649853,0
9239,19.446425922835832,0
9240,19.66074830092012,0
9241,17.994715243887534,0
9242,18.696258790078886,0
9243,18.876145040696997,0
9244,17.263827377264246,0
9245,16.781508845505236,0
9246,17.63368948227455,0
9247,15.561898221227626,0
9248,16.771442432178794,0
9249,15.679450736846315,0
9250,14.478529813686901,0
9251,14.127027097881419,0
9252,15.18290131559275,0
9253,15.970228950099495,0
9254,14.938231639356465,0
9255,14.033873847320745,0
9256,15.10274577557217,0
9257,16.96607543932726,0
9258,16.770698537313752,0
9259,16.702552083018638,0
9260,17.409480291936575,0
9261,20.098668060743524,0
9262,15.989756018455104,0
9263,18.022948487767813,0
9264,21.087194348806552,0
9265,21.304034056116578,0
9266,21.700466602656853,0
9267,21.061714818606283,0
9268,23.41674121013661,0
9269,22.21841060752771,0
9270,22.92306438667461,0
9271,23.022092656574813,0
9272,24.875772798410658,0
9273,23.337543737319375,0
9274,25.369084260715127,0
9275,24.357887279851177,0
9276,25.648841553880892,0
9277,24.465764556053177,0
9278,26.47147579691203,0
9279,24.282313148054307,0
9280,24.179093247546422,0
9281,23.38144816139731,0
9282,22.91338369323728,0
9283,22.942094881799804,0
9284,22.620636211291234,0
9285,20.245658534354575,0
9286,20.514676829511345,0
9287,20.71428044177998,0
9288,19.170407661269397,0
9289,19.258074044564367,0
9290,19.50786209218944,0
9291,18.95877386154337,0
9292,18.714097187135213,0
9293,17.493988087885935,0
9294,17.844002244840787,0
9295,14.352130327073139,0
9296,14.992387193829236,0
9297,14.355325694018086,0
9298,14.529570940865863,0
9299,15.752528327035401,0
9300,14.872635940188394,0
9301,13.020340403691538,0
9302,17.04420281609421,0
9303,16.248382877263435,0
9304,15.703227071423607,0
9305,15.502919153241562,0
9306,15.460390845981124,0
9307,15.779589574685437,0
9308,16.257824273196988,0
9309,18.743716018187015,0
9310,17.0854600689755,0
9311,19.934480463948784,0
9312,21.23161504598136,0
9313,20.54232897057168,0
9314,22.484330903089706,0
9315,22.594568261430194,0
9316,22.475025806219556,0
9317,22.990199111915704,0
9318,25.260157853863927,0
9319,25.783343822838205,0
9320,23.034487678642016,0
9321,24.738300029919213,0
9322,23.198368940761874,0
9323,24.5470189125428,0
9324,26.27062913909495,0
9325,25.156465542397484,0
9326,24.094791320421997,0
9327,25.398374816826124,0
9328,25.04321725834503,0
9329,24.597784605620927,0
9330,24.522032316210872,0
9331,23.318997858973283,0
9332,22.761979132370794,0
9333,22.434183757543227,0
9334,21.958362895337572,0
9335,23.150825785241494,0
9336,18.897917697627808,0
9337,18.368975020060308,0
9338,17.73508210153129,0
9339,16.187788795575074,0
9340,16.442112611508733,0
9341,15.691390165029933,0
9342,17.16050145551869,0
9343,16.926623219725037,0
9344,14.15810572203343,0
9345,15.164047683916811,0
9346,13.701885277175887,0
9347,14.191392892064403,0
9348,15.099535472191823,0
9349,14.650637234392537,0
9350,14.807832463707939,0
9351,16.686332727072,0
9352,16.01414367889861,0
9353,15.140333455562939,0
9354,15.498195106671803,0
9355,15.306765349090776,0
9356,17.230489574584606,0
9357,19.315274491610438,0
9358,19.67373778835388,0
9359,18.949090638745897,0
9360,18.755900529025677,0
9361,19.971542306325652,0
9362,19.666033585039617,0
9363,19.198111213477162,0
9364,19.77132987139311,0
9365,23.034134600126997,0
9366,22.58675837521192,0
9367,22.215278167506433,0
9368,24.944566933209664,0
9369,25.21049281135117,0
9370,26.07562394610419,0
9371,24.85209534013461,0
9372,24.148091327658246,0
9373,25.544979584677545,0
9374,23.560164936191143,0
9375,24.085744108919155,0
9376,25.34812352975905,0
9377,22.66297534967388,0
9378,23.470041874915907,0
9379,22.50066586612853,0
9380,21.062053240046367,0
9381,23.51543489976585,0
9382,19.895831483460945,0
9383,19.776209402255365,0
9384,19.729797694422018,0
9385,20.28390334076132,0
9386,18.966485423039636,0
9387,17.161282579521632,0
9388,16.492970384468368,0
9389,17.55075824707181,0
9390,16.243755112565907,0
9391,15.72336576631578,0
9392,15.56724993842258,0
9393,15.551563909115119,0
9394,14.789897261419846,0
9395,16.199671894182547,0
9396,16.964091002166704,0
9397,14.053428832912504,0
9398,14.683408629841512,0
9399,16.07921376762329,0
9400,15.968816925009218,0
9401,15.45714642634211,0
9402,15.46687125586438,0
9403,16.201222777370507,0
9404,18.104070456517544,0
9405,18.894038630601834,0
9406,17.676905469601227,0
9407,19.54397692264686,0
9408,18.766083140017933,0
9409,21.797573363263687,0
9410,20.846118115576722,0
9411,21.274711144394708,0
9412,21.406278557640302,0
9413,23.535236482078332,0
9414,24.433747112156496,0
9415,22.498638644719783,0
9416,25.39557057769754,0
9417,23.730162512277822,0
9418,24.349868015710992,0
9419,24.11575266968039,0
9420,25.92623797650263,0
9421,26.83170138779041,0
9422,24.049661955047558,0
9423,25.581493351253037,0
9424,24.01129239627674,0
9425,25.65833814575707,0
9426,23.758212820147854,0
9427,22.456251026128317,0
9428,24.066726793312377,0
9429,22.077863422407297,0
9430,21.672731565839445,0
9431,21.583314492634432,0
9432,19.573292183971887,0
9433,19.70385466889745,0
9434,19.139478987082587,0
9435,18.46397495554271,0
9436,15.704704568562404,0
9437,16.905819501509193,0
9438,17.312977138947055,0
9439,16.850809447639204,0
9440,15.198332265293628,0
9441,15.461194094113191,0
9442,14.556347126777988,0
9443,14.420009114460235,0
9444,13.723620551566293,0
9445,15.152915545647842,0
9446,15.903459715652376,0
9447,15.543125169742066,0
9448,16.413549080083385,0
9449,16.193315093005143,0
9450,16.789457143204157,0
9451,17.036040636889826,0
9452,17.70325602075417,0
9453,16.976475537217937,0
9454,18.447351361384335,0
9455,18.280480681302883,0
9456,18.814554182500743,0
9457,22.567750794270296,0
9458,20.461717125363503,0
9459,20.826208717457177,0
9460,18.662137857281998,0
9461,22.88802742610163,0
9462,23.50161886006275,0
9463,21.80177022948978,0
9464,24.064982966547706,0
9465,25.1009442283054,0
9466,23.666223189548536,0
9467,25.84274421570201,0
9468,24.84031612362819,0
9469,25.396671378662628,0
9470,23.94668881731026,0
9471,24.673077405653544,0
9472,24.83462072922711,0
9473,24.71317602521376,0
9474,22.89396559070423,0
9475,22.47561572635748,0
9476,23.639099298763448,0
9477,21.287941870987805,0
9478,20.693935140148707,0
9479,20.56550242132493,0
9480,18.922563046089557,0
9481,20.40050189615414,0
9482,17.127471485927114,0
9483,17.310639004049055,0
9484,17.963402230694385,0
9485,16.86732480622386,0
9486,15.359944880811065,0
9487,16.662105848706062,0
9488,16.061538579848943,0
9489,15.47095367831346,0
9490,14.24161757734399,0
9491,15.344843525068885,0
9492,12.967273953457013,0
9493,15.870155776680686,0
9494,15.79493751615896,0
9495,13.529948401704482,0
9496,14.12601131057561,0
9497,15.028631108930881,0
9498,16.32065091859667,0
9499,18.48663259918322,0
9500,17.168996003430887,0
9501,19.289053994821245,0
9502,19.135493173915535,0
9503,19.209868915375534,0
9504,18.94069331767517,0
9505,21.572951205809613,0
9506,21.775371467919086,0
9507,20.470321742868922,0
9508,21.756240929931216,0
9509,24.227042015472414,0
9510,22.684156397626374,0
9511,24.881236598741033,0
9512,24.648328987218402,0
9513,24.99104400454904,0
9514,24.46316539154574,0
9515,24.98209064986171,0
9516,26.24771779565873,0
9517,25.625752354138612,0
9518,21.92474638095025,0
9519,23.715451219293463,0
9520,25.42104503428645,0
9521,22.59504566258404,0
9522,23.02325417738772,0
9523,22.193410983995342,0
9524,23.7102082020106,0
9525,20.84143415994897,0
9526,21.853770053307212,0
9527,21.17099591145813,0
9528,21.735201755339176,0
9529,19.896133750276977,0
9530,18.850428017318063,0
9531,18.422694442019772,0
9532,17.454493931668836,0
9533,16.84111611815056,0
9534,17.357299557799216,0
9535,14.047559052649275,0
9536,14.50050936583157,0
9537,15.775245964981035,0
9538,16.714130639432053,0
9539,15.116455489282885,0
9540,14.601271816819782,0
9541,14.712385451879683,0
9542,13.738631291997908,0
9543,15.666753679344428,0
9544,16.730769739948826,0
9545,16.763211592443,0
9546,16.97080544219305,0
9547,18.152013032782218,0
9548,17.322506156608306,0
9549,18.654477374208085,0
9550,18.822581663698454,0
9551,18.377797507422446,0
9552,19.716010379160227,0
9553,20.59173240126569,0
9554,22.79673720999396,0
9555,22.1996174795172,0
9556,22.657032946312377,0
9557,24.45033921801939,0
9558,22.026359715418558,0
9559,22.38554657424998,0
9560,24.302798278314445,0
9561,25.10978255251839,0
9562,25.123442460514628,0
9563,25.48175016295601,0
9564,25.360342716134152,0
9565,22.581200188957325,0
9566,24.728519061781427,0
9567,23.590655304866125,0
9568,25.174143282703646,0
9569,24.746311631265918,0
9570,22.46578596680204,0
9571,22.627989248340548,0
9572,21.430816583738313,0
9573,23.63080523453459,0
9574,21.71452586611194,0
9575,22.162609902664375,0
9576,21.079885745891257,0
9577,19.290215286805598,0
9578,18.96092732929109,0
9579,16.881964567422298,0
9580,17.467811573672588,0
9581,16.709238987862843,0
9582,15.591934590514313,0
9583,14.365626226210924,0
9584,16.136198487920115,0
9585,14.42990907586072,0
9586,11.806270655941287,0
9587,14.63860104843258,0
9588,16.04875307824823,0
9589,16.072913955708724,0
9590,15.502653087413952,0
9591,14.747901030006467,0
9592,15.621667912627348,0
9593,16.416455771519367,0
9594,15.51140561135427,0
9595,15.995794648023875,0
9596,16.70282320163191,0
9597,17.829594302438633,0
9598,18.441194437250466,0
9599,18.458670597646837,0
9600,20.276147829382637,0
9601,20.735146910834658,0
9602,22.05693848113777,0
9603,20.455147429166196,0
9604,23.820918091316347,0
9605,20.71375811348402,0
9606,23.564176454104842,0
9607,24.453843513844756,0
9608,25.253335418252068,0
9609,25.190641308599577,0
9610,26.811831970679695,0
9611,24.646081723471646,0
9612,23.39459963903153,0
9613,22.404804338372564,0
9614,24.34213853982109,0
9615,24.27098216613049,0
9616,22.808447673220385,0
9617,24.743755418722923,0
9618,24.487516318980468,0
9619,23.131907639384053,0
9620,22.568111305776043,0
9621,20.548884132595354,0
9622,21.710081775381585,0
9623,21.74965372368341,0
9624,19.549089761052766,0
9625,18.99346829953723,0
9626,17.579975687179065,0
9627,18.603401568609925,0
9628,16.529955463297828,0
9629,17.222737116016173,0
9630,15.302605892162447,0
9631,15.54891191449353,0
9632,16.000398498983547,0
9633,15.040491040819175,0
9634,15.163122325482446,0
9635,14.543904591010223,0
9636,13.557890528052148,0
9637,15.848763160147534,0
9638,13.213828867904882,0
9639,14.926949972649266,0
9640,16.25149531884135,0
9641,15.64746509261483,0
9642,16.725802436233675,0
9643,15.763935477040626,0
9644,17.966149980625268,0
9645,19.309798900545378,0
9646,18.851727354076328,0
9647,17.963526304849363,0
9648,19.183930944045894,0
9649,22.20911771543798,0
9650,21.952907501963033,0
9651,21.481524681051322,0
9652,21.946339581055582,0
9653,23.186236122640487,0
9654,23.521361788606306,0
9655,24.72847947426545,0
9656,24.648515941997964,0
9657,25.128941713741902,0
9658,26.437388376761362,0
9659,24.54178775766147,0
9660,23.583820519713996,0
9661,24.385887472591968,0
9662,25.9365065387546,0
9663,24.632874437557845,0
9664,23.95962212968586,0
9665,23.639997318200077,0
9666,21.533109890098853,0
9667,22.97624707397449,0
9668,21.3283684087208,0
9669,23.495633029457696,0
9670,20.298401201489813,0
9671,19.612181608709268,0
9672,19.373170460300713,0
9673,19.996433061716836,0
9674,17.526616767985782,0
9675,18.157577217295994,0
9676,16.444496007560105,0
9677,19.337135122981454,0
9678,17.308856820873505,0
9679,15.871848291285712,0
9680,15.3329374425635,0
9681,15.701444571472061,0
9682,13.662529224626152,0
9683,15.21399231541369,0
9684,16.5193196538777,0
9685,13.513854537648513,0
9686,13.825377977812265,0
9687,14.030276330102996,0
9688,15.882699804064915,0
9689,15.415628378734597,0
9690,16.58203737405094,0
9691,18.24232118300866,0
9692,17.866805605778506,0
9693,17.693951632236995,0
9694,19.838691333368836,0
9695,17.970296537429476,0
9696,19.435191022567935,0
9697,21.465004910467325,0
9698,21.23309526965613,0
9699,23.91564369098097,0
9700,20.902101183987593,0
9701,21.973055829024517,0
9702,23.51429216832384,0
9703,24.015163876495613,0
9704,25.27721252511655,0
9705,25.03166092253665,0
9706,25.55738912019006,0
9707,25.58999330621155,0
9708,23.866003616628834,0
9709,24.65327276968125,0
9710,24.314556537257094,0
9711,26.71018421545777,0
9712,24.441235084862093,0
9713,25.017336461702953,0
9714,23.342166573775366,0
9715,23.290789177889145,0
9716,23.06371894723545,0
9717,21.161610967338323,0
9718,20.655703514863788,0
9719,21.07499215925182,0
9720,20.461873398267585,0
9721,20.451336868523086,0
9722,18.17270765956352,0
9723,18.924217555328877,0
9724,18.52486315495614,0
9725,16.56922092417685,0
9726,15.695319416694078,0
9727,15.310966794219249,0
9728,16.049171274221592,0
9729,13.312397689444182,0
9730,16.580724418483893,0
9731,12.90588383876823,0
9732,14.122414642656935,0
9733,14.566376362561408,0
9734,15.102729633949966,0
9735,14.617737353007575,0
9736,14.204126043775473,0
9737,15.586235825530252,0
9738,18.088896385800453,0
9739,16.747714347478116,0
9740,18.458254412438908,0
9741,17.05257032817959,0
9742,19.18912551021001,0
9743,20.97250111115054,0
9744,20.197675572581925,0
9745,19.58713121404431,0
9746,22.413433266838297,0
9747,23.19114798453722,0
9748,23.58064042174968,0
9749,22.708148209968762,0
9750,23.391034438811914,0
9751,23.580966273969775,0
9752,23.802207023799667,0
9753,22.210002198415758,0
9754,25.424551253583623,0
9755,24.83172648099517,0
9756,23.331312297961258,0
9757,25.5727954759337,0
9758,23.13884031588531,0
9759,25.04583506772726,0
9760,25.012806713667448,0
9761,25.36097982211394,0
9762,21.96444481253253,0
9763,22.83116652977164,0
9764,22.899426427919487,0
9765,20.97191736672158,0
9766,22.036945039585273,0
9767,20.06308588133125,0
9768,21.098843063002857,0
9769,19.462663755813033,0
9770,19.68521839122775,0
9771,18.60955226644598,0
9772,16.842836282194106,0
9773,17.191836301323693,0
9774,16.934785622825004,0
9775,16.396168814465923,0
9776,16.65315398546347,0
9777,15.86521254106458,0
9778,16.158877427329386,0
9779,14.341645724775548,0
9780,16.343395235455056,0
9781,15.540870434090476,0
9782,14.763210447816611,0
9783,15.465578111266806,0
9784,14.71309432282731,0
9785,15.335438238136007,0
9786,17.338577913303375,0
9787,17.965934221428252,0
9788,17.24454666427969,0
9789,16.09761066799685,0
9790,17.696304210395237,0
9791,20.04196082942365,0
9792,20.4008725132276,0
9793,21.086293222477355,0
9794,20.136345232330786,0
9795,21.568451498946857,0
9796,22.799608590240283,0
9797,23.529224664407163,0
9798,23.089670262478638,0
9799,23.741729942875462,0
9800,24.662200344012305,0
9801,23.85810416042856,0
9802,23.82983690736367,0
9803,25.60444850331671,0
9804,25.074819837409834,0
9805,23.67531078207828,0
9806,26.010961184162582,0
9807,26.16041628449203,0
9808,24.88054872703959,0
9809,23.72620247660712,0
9810,23.673422632043728,0
9811,23.49112715997449,0
9812,22.008708060193925,0
9813,22.285168193176926,0
9814,20.446513445033716,0
9815,20.54614252179648,0
9816,18.63690015421673,0
9817,18.771213473191523,0
9818,18.320670535664075,0
9819,15.981435421954089,0
9820,17.524133097280224,0
9821,17.244908574607376,0
9822,17.135221944376518,0
9823,16.560821614575733,0
9824,15.670589502009513,0
9825,14.157352369210258,0
9826,16.355943914299075,0
9827,14.743592108461714,0
9828,13.150084257217786,0
9829,14.07236375641781,0
9830,14.93081853462834,0
9831,15.683429966616774,0
9832,15.743651957425554,0
9833,17.386909160394104,0
9834,14.905583435170405,0
9835,16.682130627014292,0
9836,16.068184891163835,0
9837,16.916666046186155,0
9838,19.66752193391015,0
9839,19.33221006754377,0
9840,21.77902984612478,0
9841,21.864764866997003,0
9842,22.16059104533616,0
9843,22.60631258825988,0
9844,21.70278012074155,0
9845,22.44628027706913,0
9846,23.241229683355847,0
9847,23.2848438040933,0
9848,24.190895629841584,0
9849,26.401461447808842,0
9850,25.190480059523985,0
9851,24.635749245595093,0
9852,24.507623588935484,0
9853,25.098907025302058,0
9854,26.169224604567553,0
9855,24.74646281079439,0
9856,23.96499920124712,0
9857,25.408775237135192,0
9858,23.204884557831555,0
9859,22.120263948146413,0
9860,21.898676205288726,0
9861,21.406923808888976,0
9862,20.41515399434461,0
9863,20.82867839297186,0
9864,21.648674868209156,0
9865,19.181300332240266,0
9866,17.001841802338916,0
9867,18.500157870323672,0
9868,18.137443649947084,0
9869,16.205870272193994,0
9870,15.584878953336071,0
9871,16.803114210662216,0
9872,17.779797235087898,0
9873,14.909664982788179,0
9874,17.183002026596824,0
9875,16.65320699240936,0
9876,15.423321246702832,0
9877,14.6816601447472,0
9878,13.31464510483147,0
9879,15.642685540022297,0
9880,14.681797991008278,0
9881,17.255702060348902,0
9882,16.100375206030467,0
9883,18.014632291899332,0
9884,16.867627793873535,0
9885,18.72642381401844,0
9886,18.293887067619192,0
9887,20.203747476976357,0
9888,18.749384857937866,0
9889,20.029231365632512,0
9890,20.495740859645085,0
9891,21.81339193058497,0
9892,24.76101542266721,0
9893,23.32673134540043,0
9894,23.192136768632217,0
9895,23.124251302509077,0
9896,26.691764470399946,0
9897,26.759583714872935,0
9898,24.844483126922057,0
9899,23.80254528795385,0
9900,23.05294510709754,0
9901,25.958838681806057,0
9902,26.23638325193571,0
9903,23.716727912695482,0
9904,24.313939862668644,0
9905,24.36777279129322,0
9906,24.19413876010736,0
9907,21.991058404560047,0
9908,21.95443910040893,0
9909,21.239176114622946,0
9910,19.880436849580985,0
9911,21.040103796143356,0
9912,19.393475996405776,0
9913,20.824814070094444,0
9914,19.120298421207217,0
9915,17.66763933818121,0
9916,17.338381081910857,0
9917,16.501307453588343,0
9918,19.087091938413415,0
9919,15.79973270993623,0
9920,14.776833123314203,0
9921,15.03004724601547,0
9922,14.624758165894159,0
9923,14.194309179618484,0
9924,15.630890382843033,0
9925,15.343240014135562,0
9926,15.37374290874548,0
9927,16.337024522855533,0
9928,16.715012320189896,0
9929,15.624454211873168,0
9930,17.62896788086753,0
9931,17.367657060013205,0
9932,17.40100440136619,0
9933,18.522300467390508,0
9934,18.75196466446928,0
9935,18.15305565637755,0
9936,19.80900087637923,0
9937,18.942152260214513,0
9938,21.827997082597754,0
9939,20.790106134902043,0
9940,22.613665223746825,0
9941,23.206269293280688,0
9942,22.56855734948533,0
9943,25.00806859499937,0
9944,23.782638991571247,0
9945,24.835913709208185,0
9946,24.032794024348423,0
9947,25.840002795867584,0
9948,26.566122780888566,0
9949,25.444277185868202,0
9950,25.409738218260813,0
9951,23.927202274709376,0
9952,24.66486270290702,0
9953,23.636374989854392,0
9954,25.02819734666678,0
9955,22.425264266130704,0
9956,23.095324372270454,0
9957,22.154639756124304,0
9958,22.768852389473768,0
9959,21.34152864036427,0
9960,18.076532002565045,0
9961,20.707749067636577,0
9962,17.761853289375164,0
9963,18.913192001398887,0
9964,15.819724248552616,0
9965,16.990637795394207,0
9966,17.04466320128507,0
9967,13.523031193413312,0
9968,14.14447673103664,0
9969,17.69634950233514,0
9970,14.90254992678698,0
9971,16.903145910126497,0
9972,15.200674803049825,0
9973,14.436156499428018,0
9974,14.728865874678384,0
9975,15.037157760112555,0
9976,15.536530410404929,0
9977,16.614968842168217,0
9978,16.469062174195642,0
9979,18.265339604164872,0
9980,17.503393971052965,0
9981,17.249069222827767,0
9982,19.184782481949423,0
9983,19.01840783468032,0
9984,21.0627219849022,0
9985,20.890823079686655,0
9986,20.73501858637715,0
9987,22.335685630362747,0
9988,21.80549560227876,0
9989,23.019177040969147,0
9990,22.39267285610589,0
9991,26.170056073944828,0
9992,24.036536172806347,0
9993,23.543179537054343,0
9994,22.56498942482361,0
9995,26.382111065385633,0
9996,26.601123137390154,0
9997,25.258476563974497,0
9998,24.058349268375924,0
9999,24.804881917799047,0
10000,31.748451442623143,1
10001,31.077448555607234,0
10002,32.02320987229865,0
10003,31.722176947276264,0
10004,29.665759089385517,0
10005,30.90355893927194,0
10006,28.791534957827555,0
10007,25.562990892718148,0
10008,26.64544683706036,0
10009,28.01676333732983,0
10010,26.878940530135335,0
10011,26.990903704991293,0
10012,26.02816334162729,0
10013,26.34266212294489,0
10014,23.446194430051115,0
10015,24.89585323259447,0
10016,25.69034209375656,0
10017,22.977569750532957,0
10018,21.90394390855948,0
10019,22.94911605545267,0
10020,23.469320549343347,0
10021,23.73023356140299,0
10022,23.735278739136685,0
10023,26.468632476888402,0
10024,22.81830170302768,0
10025,23.28959825427726,0
10026,25.187537209457073,0
10027,24.4148164021422,0
10028,25.049465389839835,0
10029,26.19865811364038,0
10030,28.32689240518175,0
10031,26.736346304931576,0
10032,26.60429433179481,0
10033,29.032797817474016,0
10034,29.76800352786555,0
10035,31.47220206527601,0
10036,30.491143005490116,0
10037,30.946572841495662,0
10038,31.23597555208125,0
10039,31.902783789861132,0
10040,31.436417663601915,0
10041,32.5837414364134,0
10042,31.580907241970813,0
10043,33.57164100745697,0
10044,32.91918941213811,0
10045,33.258513336035925,0
10046,32.16501565728265,0
10047,32.59851228226118,0
10048,31.754785691400098,0
10049,33.779190898615816,0
10050,32.09605310668375,0
10051,30.800071743629342,0
10052,31.034198429142688,0
10053,30.58249769953848,0
10054,29.4356989479206,0
10055,27.409466794308,0
10056,29.84310781302597,0
10057,27.294372724260572,0
10058,26.309064661389353,0
10059,25.645781568162384,0
10060,26.29278438907371,0
10061,24.622118969654284,0
10062,25.0114236695786,0
10063,24.297451155917695,0
10064,24.177666386475334,0
10065,24.40755664835987,0
10066,22.60439998894476,0
10067,21.364303012927113,0
10068,22.532274992327203,0
10069,23.223068003895925,0
10070,23.63218338302182,0
10071,23.826014223427695,0
10072,22.659892921147527,0
10073,23.597070163445387,0
10074,24.15159208096351,0
10075,23.346484528866714,0
10076,23.78081680563604,0
10077,27.40324227543347,0
10078,25.46574507018611,0
10079,27.216093491187387,0
10080,27.286270469806457,0
10081,28.53474923578465,0
10082,29.107294734894797,0
10083,29.155925905572943,0
10084,29.123001035830626,0
10085,30.769125145195773,0
10086,34.1746853788405,0
10087,32.579302679771665,0
10088,31.69961956305779,0
10089,33.370224913753574,0
10090,34.09698784515732,0
10091,32.062101070025356,0
10092,32.930602814879904,0
10093,33.49792172153353,0
10094,32.57223448021056,0
10095,32.17674202316618,0
10096,32.98631501489782,0
10097,31.807526977316353,0
10098,31.208589151117284,0
10099,30.678536552071265,0
10100,30.852257029311396,0
10101,30.776777776326703,0
10102,28.81686403322614,0
10103,29.901037929305776,0
10104,25.331261478319828,0
10105,27.404940601710994,0
10106,27.37292994621614,0
10107,27.935016763462997,0
10108,26.932630446780326,0
10109,23.16324732073394,0
10110,24.315223850196272,0
10111,24.118600363198677,0
10112,22.320698099465194,0
10113,22.054301067908643,0
10114,22.327812193077676,0
10115,22.393913930120853,0
10116,23.40320359018477,0
10117,23.170646962810945,0
10118,21.531828230845313,0
10119,22.52372913302024,0
10120,21.91094599260546,0
10121,25.330188193474036,0
10122,23.944164658647903,0
10123,24.59631923554273,0
10124,25.510992936375747,0
10125,25.542285012456265,0
10126,27.971291249247535,0
10127,27.757581737446085,0
10128,28.780277106485656,0
10129,28.379318119033353,0
10130,29.852345858891212,0
10131,29.19277547582287,0
10132,31.15676235169415,0
10133,31.18795159296131,0
10134,32.46487601496673,0
10135,31.343184008103005,0
10136,32.451772254218525,0
10137,30.17253494713217,0
10138,31.35948247768029,0
10139,32.982044674373064,0
10140,32.0037705947904,0
10141,32.8005514993669,0
10142,34.680593671149126,0
10143,31.784468656502675,0
10144,33.25280356219946,0
10145,31.162266704193218,0
10146,31.464134232971634,0
10147,31.463185246725807,0
10148,30.172065958935537,0
10149,29.337801747510717,0
10150,30.199293671110194,0
10151,29.94202202824179,0
10152,26.679532854762382,0
10153,26.781224771615097,0
10154,27.091828341497177,0
10155,27.54474450095973,0
10156,27.58854618155328,0
10157,24.75502858736186,0
10158,25.561436151842713,0
10159,25.319432611982617,0
10160,23.0679836768798,0
10161,23.362541195362876,0
10162,22.655338551104183,0
10163,23.747149869787634,0
10164,22.791212513109702,0
10165,23.59765994956366,0
10166,22.402122120259165,0
10167,22.277218710773667,0
10168,23.85788376827713,0
10169,23.90726799059049,0
10170,26.068241288507775,0
10171,25.561624048559068,0
10172,26.8931040122928,0
10173,26.926575344845276,0
10174,27.623718680895294,0
10175,25.187845045322845,0
10176,27.198493777442042,0
10177,27.84430530580946,0
10178,29.1894422537413,0
10179,30.13246889532238,0
10180,31.28421805864838,0
10181,31.220824738215434,0
10182,29.23271456858534,0
10183,33.61336040245217,0
10184,32.302534829522216,0
10185,32.92906203859746,0
10186,32.47785712754156,0
10187,33.91251993143232,0
10188,33.698805751803185,0
10189,31.75181745250421,0
10190,32.53135206067096,0
10191,33.302925580768516,0
10192,33.03433583334001,0
10193,33.249132898611876,0
10194,31.29746470538638,0
10195,31.375703206115915,0
10196,30.44908639829503,0
10197,30.134421594173688,0
10198,28.904410755885603,0
10199,29.72556057119803,0
10200,27.041455889151734,0
10201,27.567744276480106,0
10202,25.740499912874817,0
10203,26.70992466034721,0
10204,25.687081851046994,0
10205,27.566085744316045,0
10206,23.97025348427376,0
10207,26.16913863663986,0
10208,23.36233045811805,0
10209,24.208131827205833,0
10210,23.863648897318193,0
10211,21.931052852209334,0
10212,23.196316762143898,0
10213,24.138050521691817,0
10214,22.04272407639616,0
10215,24.747680056639055,0
10216,22.24077858128102,0
10217,24.53502285916491,0
10218,23.670800639150468,0
10219,24.19183202506048,0
10220,26.292891647316324,0
10221,27.019919346931747,0
10222,27.369572107321705,0
10223,27.03753996172599,0
10224,28.496532627279418,0
10225,28.506839864639367,0
10226,30.252268460525126,0
10227,28.09272763271525,0
10228,30.72673201924468,0
10229,32.25892318598967,0
10230,31.164212279208847,0
10231,31.499805293377626,0
10232,31.337661271878176,0
10233,32.69743306448606,0
10234,32.49555020980217,0
10235,33.743822048182786,0
10236,31.86337604451798,0
10237,33.26323874312919,0
10238,32.197886732772254,0
10239,31.150907954888496,0
10240,31.241672531857176,0
10241,30.14017803053515,0
10242,29.164290172770365,0
10243,30.28325840008259,0
10244,32.58985557667344,0
10245,29.093929858157836,0
10246,29.54403925992436,0
10247,28.18299978083231,0
10248,26.744529856873534,0
10249,27.641560814734564,0
10250,25.066941137497853,0
10251,27.12913711972337,0
10252,24.500124601247414,0
10253,26.629762435145302,0
10254,25.32658114326124,0
10255,24.274127787381357,0
10256,23.544846304211696,0
10257,23.079294613716847,0
10258,22.963013707034445,0
10259,23.356334193350747,0
10260,23.579700868162668,0
10261,23.252174046990408,0
10262,22.80497956590926,0
10263,23.680358953358876,0
10264,23.026381419300904,0
10265,25.14538103993502,0
10266,23.816360217278564,0
10267,25.797740808810286,0
10268,24.93233950505431,0
10269,26.621598055236404,0
10270,26.81743887408768,0
10271,27.68950271811419,0
10272,29.06875436586026,0
10273,28.383819680268026,0
10274,28.563593112846743,0
10275,29.876963863812264,0
10276,31.668689923189355,0
10277,33.199868099651965,0
10278,31.098789355574816,0
10279,30.01904264022107,0
10280,31.480167427079735,0
10281,33.6452200428633,0
10282,33.515280036155126,0
10283,34.500062034921996,0
10284,33.93946534763405,0
10285,34.884302853174646,0
10286,33.98203706398351,0
10287,33.31554249532491,0
10288,34.410713550300784,0
10289,32.464309418461774,0
10290,31.84788196065878,0
10291,32.240246424847825,0
10292,29.30114363806635,0
10293,29.41165309314048,0
10294,28.793202607636967,0
10295,29.06666391663433,0
10296,28.29413240841518,0
10297,25.862590209293234,0
10298,28.02394531454812,0
10299,26.743263686293258,0
10300,23.061317841179196,0
10301,25.51787404326725,0
10302,23.508420612304175,0
10303,22.809416929002925,0
10304,22.688323339950166,0
10305,25.39242270566251,0
10306,22.46703738377441,0
10307,23.81674629973777,0
10308,23.304782555213666,0
10309,25.514430370868073,0
10310,23.541666838852734,0
10311,22.83593351627117,0
10312,24.6676871219343,0
10313,25.669591620545084,0
10314,24.668944609462855,0
10315,26.012081105492715,0
10316,24.6070848384961,0
10317,24.829091829095397,0
10318,27.80859291872114,0
10319,27.357473746058847,0
10320,28.600638837589575,0
10321,28.12801297846797,0
10322,28.39439493301235,0
10323,29.496741405479863,0
10324,30.049684498955124,0
10325,30.752257845857237,0
10326,31.124358200434255,0
10327,31.248125522938512,0
10328,32.802779555107705,0
10329,31.70146951837293,0
10330,30.272281787409064,0
10331,33.04621530665837,0
10332,34.286561402513435,0
10333,33.895007201420555,0
10334,33.58464728467795,0
10335,32.13569917138203,0
10336,31.27645806047284,0
10337,30.426351225820618,0
10338,31.493470172760283,0
10339,30.891024680621793,0
10340,31.45117946464382,0
10341,31.378825139025583,0
10342,28.01550102550489,0
10343,28.30080003412232,0
10344,27.245427854301962,0
10345,27.71821695536169,0
10346,27.15674500716027,0
10347,25.91629113871901,0
10348,26.20626446546505,0
10349,24.228732839643214,0
10350,25.910024926681615,0
10351,24.974196446628785,0
10352,24.905453320871192,0
10353,24.578468059427937,0
10354,23.19643082065787,0
10355,20.789058309224334,0
10356,25.253181335615864,0
10357,21.74871327385792,0
10358,22.63030807172952,0
10359,24.9376553549699,0
10360,23.84077020356896,0
10361,24.19799863786855,0
10362,25.678601165151694,0
10363,23.050089220585882,0
10364,26.300703978182344,0
10365,24.38861128370913,0
10366,26.33660681534446,0
10367,28.793116665568025,0
10368,28.411144116294675,0
10369,29.003447622758262,0
10370,28.084408531208236,0
10371,30.13793507561482,0
10372,29.795238249067804,0
10373,30.383118862753378,0
10374,32.69692606207174,0
10375,31.87042738811652,0
10376,32.75672277210598,0
10377,32.194638463506635,0
10378,33.79574352940762,0
10379,31.32515992608953,0
10380,31.752492015612823,0
10381,32.71293159691981,0
10382,31.208395426920863,0
10383,32.82036311173917,0
10384,32.7703212540525,0
10385,31.757672757447942,0
10386,31.842583989698205,0
10387,31.101442230919396,0
10388,32.87873035097527,0
10389,30.505972942575802,0
10390,27.7018165824451,0
10391,29.38851279250237,0
10392,26.479441167269435,0
10393,28.6697851989208,0
10394,28.310610104946225,0
10395,24.522354504850014,0
10396,25.394253623058784,0
10397,24.32010629563093,0
10398,23.973790765531582,0
10399,23.241565643433898,0
10400,24.245025650809268,0
10401,23.63816794804194,0
10402,22.408062709466943,0
10403,20.59771441709692,0
10404,22.846624079706576,0
10405,22.27948826988375,0
10406,25.201377317228953,0
10407,23.24619520331246,0
10408,24.136216094153404,0
10409,23.253262383812412,0
10410,22.076549738035403,0
10411,24.733190927824296,0
10412,23.69100100298894,0
10413,27.24877206325036,0
10414,27.122416234201925,0
10415,29.10915105034898,0
10416,27.532501822511243,0
10417,28.448146423469733,0
10418,31.057030571668047,0
10419,30.4024617064796,0
10420,30.644706065494727,0
10421,31.240074141600235,0
10422,31.027216556590457,0
10423,31.001787682147253,0
10424,32.25038918067278,0
10425,32.032178950611225,0
10426,31.638793785834743,0
10427,32.27996206590291,0
10428,32.39165688954444,0
10429,31.49727371278151,0
10430,32.70598518105818,0
10431,33.379831073084326,0
10432,31.354521011587632,0
10433,32.209795955843276,0
10434,31.013327991448833,0
10435,30.217051573100765,0
10436,30.557551770322167,0
10437,28.279636277113426,0
10438,29.624310120699146,0
10439,28.102610187464116,0
10440,27.465391052086805,0
10441,27.355246422675187,0
10442,28.339042058081095,0
10443,25.849346403714,0
10444,26.018437717259747,0
10445,24.34091828181178,0
10446,23.34569125452777,0
10447,23.751456442029134,0
10448,24.38280794402174,0
10449,23.736781009639095,0
10450,22.916900882781007,0
10451,24.416811931174884,0
10452,22.997158337140025,0
10453,24.60346264401405,0
10454,22.394933194505477,0
10455,23.323616423603866,0
10456,23.333713370431074,0
10457,24.00250313744684,0
10458,24.831716587702527,0
10459,25.292792192237545,0
10460,24.70103328915744,0
10461,24.675694953112682,0
10462,26.01781071306836,0
10463,26.766398709650908,0
10464,27.838221059092835,0
10465,28.838190815710593,0
10466,28.938867686720794,0
10467,30.759994607642934,0
10468,30.047753829329263,0
10469,29.44296374482453,0
10470,32.81801218674143,0
10471,32.866277778478604,0
10472,31.979717134013516,0
10473,33.518491242874035,0
10474,30.007870535442628,0
10475,32.48532387667741,0
10476,31.166871176899722,0
10477,32.97776163174071,0
10478,32.55621370495314,0
10479,32.48021052651442,0
10480,32.21046399436249,0
10481,31.397960390168556,0
10482,31.25970805663131,0
10483,30.03829847059191,0
10484,30.550530377187,0
10485,29.89305496307548,0
10486,28.0706194316649,0
10487,30.381940346529326,0
10488,26.66607423537133,0
10489,26.74393745356329,0
10490,25.344033115572525,0
10491,23.766248791200734,0
10492,25.175274786972576,0
10493,26.08503961888229,0
10494,25.57464405869902,0
10495,23.621331158582763,0
10496,24.872819049064475,0
10497,23.68479972304982,0
10498,22.836299594672692,0
10499,21.53964103682643,0
10500,24.234906021105918,0
10501,24.62667110711411,0
10502,23.762833713823575,0
10503,22.855332705966692,0
10504,24.214853584214577,0
10505,24.295505792738666,0
10506,24.120018113626415,0
10507,24.785352747531245,0
10508,24.953179215905426,0
10509,26.914677387141946,0
10510,25.810942421603997,0
10511,25.318882086476602,0
10512,28.476874387309195,0
10513,28.75548078863853,0
10514,30.15352631433354,0
10515,29.428236531613955,0
10516,30.738332253141657,0
10517,32.19102365547105,0
10518,31.03095929507669,0
10519,30.883927041909583,0
10520,31.649071689439147,0
10521,33.7659502706138,0
10522,31.985298049698372,0
10523,32.94089575247234,0
10524,32.91072976578949,0
10525,33.53937134221539,0
10526,32.888466815427556,0
10527,33.27832357157642,0
10528,31.4163024321695,0
10529,33.67481886703115,0
10530,35.469088783463754,0
10531,31.27979759453307,0
10532,30.308157727489334,0
10533,28.445661355353206,0
10534,30.38753189562607,0
10535,27.684387532348932,0
10536,28.96894955667481,0
10537,28.962396634957642,0
10538,27.829533706534672,0
10539,27.73866923438127,0
10540,24.254238619724866,0
10541,23.277571366724292,0
10542,25.901077312622387,0
10543,24.189660346535543,0
10544,24.032617203614716,0
10545,22.5562986159457,0
10546,22.296031732009784,0
10547,22.021129295219055,0
10548,21.269605735611243,0
10549,23.805867709172073,0
10550,24.160424186798934,0
10551,23.857930968952868,0
10552,24.526501213311892,0
10553,23.6285447589386,0
10554,22.510069120547083,0
10555,24.090155620224444,0
10556,26.673883004374453,0
10557,27.064557034703064,0
10558,26.18548503689363,0
10559,27.35614528050754,0
10560,28.979000481771042,0
10561,28.698651663709917,0
10562,28.421985192218127,0
10563,29.23313856972465,0
10564,30.801676447979847,0
10565,30.42848088196574,0
10566,32.15477303002423,0
10567,31.666132383482545,0
10568,32.702726957033576,0
10569,32.05023577732475,0
10570,32.99904427631864,0
10571,33.417926587354735,0
10572,33.60998587448958,0
10573,33.731527987414914,0
10574,35.05496795880983,0
10575,33.1266476677016,0
10576,32.15938875534167,0
10577,32.23554223857552,0
10578,29.812233056242995,0
10579,30.670881476771054,0
10580,29.803771839206263,0
10581,30.936526296760725,0
10582,29.494698349463228,0
10583,30.053801028012305,0
10584,28.353027716233683,0
10585,26.741463529774386,0
10586,26.921690174090887,0
10587,25.31684875625,0
10588,25.891307771792707,0
10589,25.500851413902108,0
10590,24.272269379749357,0
10591,23.4751776516188,0
10592,22.652512387250383,0
10593,23.9314984183261,0
10594,22.086782780908308,0
10595,24.211115483630667,0
10596,24.149014113356714,0
10597,23.165597395674723,0
10598,23.756298922356667,0
10599,24.685269412056478,0
10600,24.218665467963973,0
10601,23.980511606483173,0
10602,23.991495825573573,0
10603,25.032669970785033,0
10604,25.744076164349636,0
10605,26.156113137464438,0
10606,27.27966028669802,0
10607,25.52034636390922,0
10608,26.835860763985732,0
10609,27.50567385407048,0
10610,29.409550382752293,0
10611,29.209592592328494,0
10612,29.957280479087643,0
10613,32.41126281426434,0
10614,33.596014800560674,0
10615,32.05950604892688,0
10616,31.599762361861867,0
10617,31.723283938963228,0
10618,32.94690178374212,0
10619,31.197443527106504,0
10620,33.34985086706528,0
10621,31.91471906680122,0
10622,34.41568216571956,0
10623,31.992118614953224,0
10624,32.12226866175574,0
10625,30.955382931246504,0
10626,32.44562680333791,0
10627,29.64201134628977,0
10628,30.53657957294864,0
10629,29.53267652013416,0
10630,29.2409442940478,0
10631,28.56190707525409,0
10632,27.930813734934905,0
10633,27.742011651170795,0
10634,26.81698133416067,0
10635,26.136149487407764,0
10636,24.864914159263044,0
10637,23.912782579417563,0
10638,23.528105542018046,0
10639,23.208365800127144,0
10640,21.781944001975674,0
10641,23.104672655923817,0
10642,22.681745167284525,0
10643,22.711356046576274,0
10644,23.376237296623415,0
10645,23.759049113869043,0
10646,22.530881648208744,0
10647,22.79541753910691,0
10648,23.017021622593287,0
10649,25.16410561689258,0
10650,24.187464688797643,0
10651,23.720532343580313,0
10652,24.804441765843425,0
10653,27.175370302195777,0
10654,27.185592500734675,0
10655,27.39694396946967,0
10656,28.22503027202235,0
10657,27.32920288066233,0
10658,28.609108465215318,0
10659,31.48443571434904,0
10660,29.68019896438308,0
10661,30.966668044025898,0
10662,32.314375687709926,0
10663,31.084097848031643,0
10664,32.73477738562519,0
10665,30.3999935109328,0
10666,32.34815389096313,0
10667,31.926609361804804,0
10668,31.88195857780792,0
10669,32.04183813493407,0
10670,32.283221220920964,0
10671,30.041690203841185,0
10672,33.038081162056486,0
10673,30.974004559555656,0
10674,33.06511789199885,0
10675,31.277590024380835,0
10676,30.702847728472037,0
10677,31.07361899791734,0
10678,28.932701779532323,0
10679,29.502122688962583,0
10680,26.662139344815923,0
10681,28.062689441783153,0
10682,25.72836624448461,0
10683,26.463443194237612,0
10684,26.3504865401799,0
10685,25.42464080194452,0
10686,23.77682102451634,0
10687,24.831679078683635,0
10688,22.707488026490875,0
10689,23.741989569895445,0
10690,23.10234468527328,0
10691,23.859590438525245,0
10692,24.047043699268144,0
10693,22.974482139942904,0
10694,22.2786386805697,0
10695,22.52705353739688,0
10696,23.164274538352537,0
10697,23.59802275947429,0
10698,24.143739698876047,0
10699,24.73723528666509,0
10700,24.722374727330266,0
10701,25.064711145957045,0
10702,24.591088026678538,0
10703,26.748895666315327,0
10704,29.329821202030843,0
10705,27.312687856213394,0
10706,29.030365974198823,0
10707,29.11458243531161,0
10708,28.931115288320544,0
10709,30.98361296072129,0
10710,31.266727499372596,0
10711,32.36233100374242,0
10712,33.92731394827804,0
10713,31.268565744559194,0
10714,36.17166383835878,0
10715,33.57306840288692,0
10716,33.37191958869326,0
10717,33.70098592194489,0
10718,33.024871057694796,0
10719,33.80883434015976,0
10720,31.387065381238447,0
10721,30.436008078419192,0
10722,30.362558093526577,0
10723,30.953476606995824,0
10724,30.605670935352975,0
10725,29.38613972882719,0
10726,30.607788863608008,0
10727,29.4120079806694,0
10728,28.64224500368238,0
10729,27.994855074407116,0
10730,27.04981342525128,0
10731,27.927860288883636,0
10732,24.40419639860644,0
10733,26.375918854542107,0
10734,25.525709815497866,0
10735,22.20439955702571,0
10736,23.366212434425904,0
10737,23.41182191069722,0
10738,24.456796836982893,0
10739,23.10760959446844,0
10740,23.067802284557477,0
10741,22.61346553617964,0
10742,23.01020813197925,0
10743,24.657219297437234,0
10744,23.330201331334692,0
10745,23.111952266385682,0
10746,24.1491231010292,0
10747,24.7275801824125,0
10748,23.872598183027243,0
10749,25.364331243324486,0
10750,26.734599925548544,0
10751,27.682975481520003,0
10752,27.873209026484904,0
10753,29.51121442928913,0
10754,28.327070251129896,0
10755,30.137120487009593,0
10756,30.619498863421388,0
10757,28.635569548263035,0
10758,32.35565802168114,0
10759,32.244219202723386,0
10760,32.50155521647667,0
10761,33.26409770129441,0
10762,31.53534609729936,0
10763,31.31820644927165,0
10764,31.452090771955323,0
10765,32.08673065312803,0
10766,33.97096644952802,0
10767,33.31282363293107,0
10768,32.265126643178974,0
10769,31.355443938557368,0
10770,32.20765501951765,0
10771,29.361624971630626,0
10772,31.571569353591304,0
10773,29.33650070071387,0
10774,29.732412459209495,0
10775,28.50040454969428,0
10776,26.81459721166385,0
10777,27.91294511967628,0
10778,28.835879340357387,0
10779,26.204464059097198,0
10780,25.316756344612187,0
10781,24.121186407060573,0
10782,24.313490824835746,0
10783,24.979406217679156,0
10784,21.927747451568038,0
10785,23.743140837736863,0
10786,21.89813530824179,0
10787,23.608662275307687,0
10788,24.13202046891675,0
10789,22.692394604730907,0
10790,21.72777479142043,0
10791,22.95517072185426,0
10792,24.504691834264168,0
10793,23.48972341236654,0
10794,23.959239136916782,0
10795,24.41368723632411,0
10796,26.482018183419168,0
10797,26.24412942130135,0
10798,26.86372353456392,0
10799,25.957029967069246,0
10800,29.527711699156278,0
10801,29.65096524412438,0
10802,28.027319745109967,0
10803,28.05399205662622,0
10804,30.4616982594394,0
10805,30.729271498700026,0
10806,32.19996148015722,0
10807,31.840546259754948,0
10808,33.82618114954526,0
10809,33.79798302421366,0
10810,32.79812297272974,0
10811,32.827717830416795,0
10812,34.32769729918299,0
10813,33.08144532495289,0
10814,32.865886437276565,0
10815,33.094016583465894,0
10816,32.84512847856269,0
10817,33.39543560978872,0
10818,29.848318729411876,0
10819,30.360643249313103,0
10820,29.64905361150175,0
10821,31.82025121144575,0
10822,29.89617703226182,0
10823,28.69081395479913,0
10824,29.014131413285433,0
10825,25.0294429987081,0
10826,26.418963901374177,0
10827,25.682630671235554,0
10828,23.636048889353287,0
10829,24.794703868917594,0
10830,23.46110908162675,0
10831,23.229589949162577,0
10832,24.442442270194476,0
10833,24.419839825502418,0
10834,23.306512580950205,0
10835,23.486659321898824,0
10836,22.24355324808655,0
10837,23.847703011206598,0
10838,23.65635816327606,0
10839,22.6619107674783,0
10840,22.357637185478254,0
10841,24.812688506729003,0
10842,23.96647789972898,0
10843,24.797038140917696,0
10844,26.419951254788437,0
10845,25.989398946134685,0
10846,28.486381563300764,0
10847,27.187023431993552,0
10848,25.25585793387756,0
10849,29.622877753298273,0
10850,29.025450141436487,0
10851,28.24075332878579,0
10852,30.525930098587352,0
10853,30.769997676861788,0
10854,31.187434998871847,0
10855,33.875044709793464,0
10856,30.774724538325408,0
10857,32.06519964572076,0
10858,31.700985574320214,0
10859,31.649550432355415,0
10860,33.193281773412224,0
10861,33.5991321399752,0
10862,33.6213011962376,0
10863,32.68106930733898,0
10864,30.561993404215894,0
10865,32.007613838360854,0
10866,31.671019765382997,0
10867,29.673399504859837,0
10868,30.44886009692501,0
10869,31.401257833526525,0
10870,30.3711736871529,0
10871,28.43785040506189,0
10872,27.668407926349552,0
10873,27.25607752168109,0
10874,26.310516331523353,0
10875,26.886902109444012,0
10876,24.085091189811532,0
10877,24.791924310350268,0
10878,24.580470828569343,0
10879,23.061485569558283,0
10880,24.73728092373337,0
10881,23.785448479236877,0
10882,24.259598094081632,0
10883,23.478312538971466,0
10884,22.180548929914192,0
10885,22.273901563613293,0
10886,24.284702254324586,0
10887,22.80368791864084,0
10888,24.874412061052936,0
10889,24.63029912640836,0
10890,24.175282441108596,0
10891,25.030809134576792,0
10892,26.328910899066702,0
10893,26.117444495072107,0
10894,26.21555256642343,0
10895,28.488382617643307,0
10896,28.326126292312363,0
10897,29.47484336246525,0
10898,29.098467060391442,0
10899,30.20377584572214,0
10900,29.870919031039953,0
10901,30.19627459716073,0
10902,30.924891249534223,0
10903,30.727871104277114,0
10904,32.73523921935145,0
10905,32.77537908361195,0
10906,34.132368537822664,0
10907,33.6676957426622,0
10908,31.874292884928355,0
10909,33.137203939494334,0
10910,33.3774156050823,0
10911,30.034142415627418,0
10912,31.96462096134028,0
10913,31.84195248495291,0
10914,31.190305867336516,0
10915,32.530044192642784,0
10916,30.138009158106893,0
10917,30.920335544820013,0
10918,28.357028930953284,0
10919,28.817491266678154,0
10920,27.855206042485968,0
10921,28.62446358237468,0
10922,26.201736617476165,0
10923,24.75884780036518,0
10924,27.344741605361495,0
10925,23.28114074323313,0
10926,24.77286147509581,0
10927,23.416828374406084,0
10928,23.652267460118082,0
10929,23.91368877294478,0
10930,20.987297056977557,0
10931,23.83505682647143,0
10932,22.859829067395914,0
10933,23.997650466873846,0
10934,22.951298235031107,0
10935,24.833591802378507,0
10936,24.022444253175767,0
10937,23.325524260485967,0
10938,24.938283054971784,0
10939,25.428437291621083,0
10940,25.351192366148553,0
10941,25.065179963887854,0
10942,25.651836915949165,0
10943,26.53627323207329,0
10944,27.29817642229487,0
10945,28.000155850200265,0
10946,28.279116538353534,0
10947,29.350031106794816,0
10948,29.66695192959283,0
10949,32.42962308513094,0
10950,30.572643405365593,0
10951,31.837263544877338,0
10952,31.08081521355482,0
10953,33.91231993655279,0
10954,32.67911814030467,0
10955,33.93757922190102,0
10956,31.82667984289308,0
10957,32.64067523555939,0
10958,31.584469833814364,0
10959,34.04622680188891,0
10960,34.53412572204326,0
10961,31.776315567522893,0
10962,32.174231193626476,0
10963,30.97262115731445,0
10964,32.03749223586626,0
10965,29.565850459162586,0
10966,29.631236922511928,0
10967,27.78255863731223,0
10968,27.724577571952082,0
10969,27.19397051527822,0
10970,27.626882369330048,0
10971,26.437290923490842,0
10972,24.98398054530559,0
10973,25.462706815290613,0
10974,24.798647181548837,0
10975,23.231735951959504,0
10976,23.290526148385556,0
10977,24.040575213012822,0
10978,22.77257902306946,0
10979,22.41779107684492,0
10980,24.29045222163058,0
10981,23.017196179682816,0
10982,23.106741425956653,0
10983,25.09836922837455,0
10984,23.069346310361187,0
10985,24.297427025369092,0
10986,23.190421934857124,0
10987,25.69674184630693,0
10988,24.338815701174834,0
10989,24.574934851942103,0
10990,26.79559534762575,0
10991,27.4855308017457,0
10992,29.826481287335902,0
10993,28.93372554281264,0
10994,28.91200870233169,0
10995,29.576176014608542,0
10996,30.033516496888044,0
10997,31.58365197003898,0
10998,30.972695989926603,0
10999,31.362324346092024,0
11000,31.967144390446162,0
11001,33.47656654838179,0
11002,32.39623601650053,0
11003,33.18420812760996,0
11004,31.049801391941937,0
11005,33.14766714041801,0
11006,33.52979652358468,0
11007,31.546716231264767,0
11008,30.711514103567914,0
11009,33.32728915078927,0
11010,32.165431794242174,0
11011,29.53483231318009,0
11012,30.267723458991362,0
11013,30.04648521291472,0
11014,30.39773029982431,0
11015,29.745183917769445,0
11016,28.85595907614089,0
11017,28.792588172021862,0
11018,26.440128914528437,0
11019,26.196511634525077,0
11020,25.018851215504874,0
11021,25.714949222921017,0
11022,26.776469189145068,0
11023,24.31209778854488,0
11024,23.170176770261385,0
11025,21.754866874849544,0
11026,24.360247095469582,0
11027,24.08417173276393,0
11028,24.443204880762313,0
11029,21.411442550873293,0
11030,23.665320964466257,0
11031,21.793226030619817,0
11032,21.471250812133338,0
11033,23.545983850236343,0
11034,23.89990297587856,0
11035,24.34682502258086,0
11036,25.262411402086382,0
11037,26.077683450980697,0
11038,28.168284332676112,0
11039,26.460893224321296,0
11040,26.7930351888325,0
11041,27.365142155277724,0
11042,29.0847209242333,0
11043,27.99639069766247,0
11044,31.1701693601737,0
11045,29.91118870067628,0
11046,30.72974793002117,0
11047,30.886090036295297,0
11048,32.27642900458793,0
11049,31.546439993517726,0
11050,32.48735359367079,0
11051,33.539550115976326,0
11052,34.075487918721876,0
11053,34.1451262837676,0
11054,32.19283106839673,0
11055,32.904334686956226,0
11056,31.050160636498116,0
11057,32.29761978090386,0
11058,31.47084702313103,0
11059,30.679579508491404,0
11060,31.407355025977143,0
11061,31.073832543178366,0
11062,27.806522491239292,0
11063,28.940042345638904,0
11064,27.553718479784344,0
11065,27.766572070724965,0
11066,26.258270362936056,0
11067,26.244112586907796,0
11068,27.101847497335857,0
11069,25.753031106293395,0
11070,23.071246717653523,0
11071,25.664741623603078,0
11072,21.75420467481232,0
11073,22.33343206618891,0
11074,22.48777147183198,0
11075,23.000358536497895,0
11076,23.478693193052464,0
11077,23.259536138904025,0
11078,23.222348806981294,0
11079,23.312296636510162,0
11080,23.243100466460895,0
11081,24.458660378975605,0
11082,23.64895279924825,0
11083,26.630497309713814,0
11084,24.18135406411891,0
11085,25.471107032205392,0
11086,28.388598096015713,0
11087,27.667233549874094,0
11088,27.00494496471979,0
11089,29.403880889690083,0
11090,30.078729244695285,0
11091,29.9881112359045,0
11092,30.498177081818646,0
11093,32.5439496460682,0
11094,30.56727019615872,0
11095,32.29913431915158,0
11096,32.375910063169485,0
11097,30.748291574202682,0
11098,32.784195809390965,0
11099,32.000040893244694,0
11100,33.47157589570108,0
11101,33.67769571052957,0
11102,34.5204737323272,0
11103,31.803532529625343,0
11104,33.664390332771305,0
11105,30.110925513467375,0
11106,30.282737125595457,0
11107,32.65844236889228,0
11108,30.07880474595977,0
11109,30.24948938069283,0
11110,28.685077699126218,0
11111,26.853271157793777,0
11112,28.930206093689357,0
11113,26.75183460692062,0
11114,27.698018558460326,0
11115,25.982768405806393,0
11116,26.336890271557635,0
11117,27.424758197119136,0
11118,24.74029970929074,0
11119,24.418062243552257,0
11120,22.28073666990925,0
11121,24.039279351222234,0
11122,21.747690655086323,0
11123,22.19612357330006,0
11124,22.360824304082303,0
11125,23.09689839456289,0
11126,21.879708173255203,0
11127,24.00327965041606,0
11128,22.259915774077662,0
11129,25.663757445088063,0
11130,24.641702964308095,0
11131,24.81844115292934,0
11132,25.547908715891523,0
11133,25.813092498108443,0
11134,26.84277160851689,0
11135,26.057324348798463,0
11136,28.263356132666022,0
11137,29.81156616548776,0
11138,26.631960706633194,0
11139,28.02896292047487,0
11140,32.28573674606997,0
11141,31.546698615577743,0
11142,30.500194908467403,0
11143,31.058073185148995,0
11144,31.49896280379901,0
11145,31.588351994352408,0
11146,33.560201550756055,0
11147,32.4099835400441,0
11148,31.86239768994848,0
11149,31.400751017879983,0
11150,32.674165301428495,0
11151,32.9502033516257,0
11152,34.068506474090974,0
11153,29.991217543579214,0
11154,31.66363768717495,0
11155,29.460609642083817,0
11156,31.759600025594207,0
11157,27.967777889424774,0
11158,29.484019619192953,0
11159,29.423546111727333,0
11160,27.61245629934921,0
11161,26.52253455376485,0
11162,27.03483567332542,0
11163,27.30568549349034,0
11164,26.257210835191355,0
11165,25.393020486623087,0
11166,26.502749970598366,0
11167,24.268138796173016,0
11168,23.94523926166346,0
11169,22.52745272257041,0
11170,22.996860678673485,0
11171,23.762861491732135,0
11172,22.209881454401035,0
11173,22.77629393628344,0
11174,23.564070136511226,0
11175,22.908116774649898,0
11176,21.719375665696457,0
11177,24.18467676313145,0
11178,25.32810107737055,0
11179,24.690312348668762,0
11180,25.89989623095064,0
11181,24.55036238911111,0
11182,27.6028193799251,0
11183,26.84739786523554,0
11184,27.981901155113494,0
11185,27.734354964482602,0
11186,30.910574737004076,0
11187,30.142287731082803,0
11188,32.697265440186364,0
11189,30.553195359701174,0
11190,31.969015834299512,0
11191,32.39449430937886,0
11192,30.602400879897367,0
11193,32.10513381735296,0
11194,32.40244973562315,0
11195,34.58608991942122,0
11196,33.32004288390046,0
11197,32.09068345392764,0
11198,33.22277835993883,0
11199,30.75628227932108,0
11200,32.54580723370248,0
11201,32.05842094741216,0
11202,32.929526682086326,0
11203,30.98940953813775,0
11204,28.79671475079019,0
11205,30.525216687019327,0
11206,31.50685508356751,0
11207,28.000063494871725,0
11208,28.089681037040997,0
11209,26.58699364684984,0
11210,26.824826037174674,0
11211,24.528772842133822,0
11212,26.703741610372372,0
11213,27.28445717435724,0
11214,23.479612363778642,0
11215,24.37329207471292,0
11216,23.12999495786782,0
11217,23.48579937523036,0
11218,24.282653349527774,0
11219,23.816289497715744,0
11220,24.602217549813624,0
11221,23.490001982620953,0
11222,23.470115203100985,0
11223,26.271735232855512,0
11224,24.87275931206678,0
11225,24.456316826613435,0
11226,24.067996620456228,0
11227,25.521613996240415,0
11228,26.726501827091298,0
11229,26.844391749813052,0
11230,26.746211993842092,0
11231,27.430318460725847,0
11232,28.11663868277868,0
11233,27.831823142474356,0
11234,28.34325949839385,0
11235,28.426402518739426,0
11236,29.981067513806774,0
11237,32.479346154431255,0
11238,31.674672677101547,0
11239,30.849951340523063,0
11240,31.520681044585107,0
11241,30.741450044818308,0
11242,33.01915624788845,0
11243,33.94349360740434,0
11244,32.02902113286958,0
11245,32.06555772317681,0
11246,32.61526690402986,0
11247,33.07143469626653,0
11248,32.69856655791173,0
11249,31.94868582492327,0
11250,32.15508609692112,0
11251,30.79716539942412,0
11252,30.744541148535212,0
11253,31.40039797060575,0
11254,28.861655647326845,0
11255,28.294851582840284,0
11256,28.988724527144292,0
11257,27.020508186374723,0
11258,26.718734147501973,0
11259,24.56183413118891,0
11260,24.88110272090516,0
11261,24.968960075442787,0
11262,24.789027193419365,0
11263,24.755746430754662,0
11264,24.514354121319496,0
11265,23.843261224470883,0
11266,23.33544389330778,0
11267,23.65204767589319,0
11268,23.62208222553833,0
11269,24.508586544070475,0
11270,23.105500271633467,0
11271,23.55561818693747,0
11272,25.27842496142966,0
11273,24.92577273773107,0
11274,23.39031087403721,0
11275,24.734425085835433,0
11276,25.473463145185065,0
11277,26.21669945760565,0
11278,25.575380422881874,0
11279,25.72077466388611,0
11280,28.833224030211696,0
11281,28.649444426587745,0
11282,29.51894740001895,0
11283,29.27317397059091,0
11284,31.523707592876924,0
11285,30.36846888558935,0
11286,33.53974025681385,0
11287,31.844021677707346,0
11288,34.20892451946786,0
11289,32.94599689066228,0
11290,33.0816806538514,0
11291,34.25002821137821,0
11292,32.921888242278385,0
11293,33.30714618566049,0
11294,33.675779354789064,0
11295,31.100881290682732,0
11296,32.570777724766934,0
11297,31.71039051711145,0
11298,32.377728703112915,0
11299,30.56007192472107,0
11300,31.29156214217547,0
11301,29.367903771916907,0
11302,28.399064139466237,0
11303,28.26557641801004,0
11304,29.613122741132216,0
11305,26.12833028349473,0
11306,25.89455024124425,0
11307,26.62117471013919,0
11308,24.170109632214803,0
11309,25.715721540451963,0
11310,23.90498608772849,0
11311,23.498963414887037,0
11312,22.103598380626977,0
11313,22.96336036687644,0
11314,24.200195054238513,0
11315,22.6703589927419,0
11316,23.27851844335625,0
11317,23.5205279161573,0
11318,23.997058966004925,0
11319,22.697931272704842,0
11320,24.315533384377606,0
11321,25.437194232798472,0
11322,24.59011242185272,0
11323,24.139741562285632,0
11324,25.47749461278302,0
11325,24.827510109180157,0
11326,27.20022862465742,0
11327,26.01934546548614,0
11328,27.600496177532733,0
11329,29.44248186518398,0
11330,28.157219827062914,0
11331,29.642416425661047,0
11332,31.380361440321433,0
11333,29.811664169996256,0
11334,31.104515996534033,0
11335,31.819045165422786,0
11336,30.969065015075657,0
11337,33.01986043943862,0
11338,33.74753976044865,0
11339,33.75450886389149,0
11340,32.211033802853734,0
11341,34.05779991992401,0
11342,33.53688631820317,0
11343,32.46511393783152,0
11344,32.8789236092289,0
11345,31.61744962950591,0
11346,31.68855941796671,0
11347,32.091853418073164,0
11348,30.839478454064917,0
11349,31.098090635917476,0
11350,28.926134171347723,0
11351,28.557589541936117,0
11352,27.136260990117876,0
11353,27.473418739929055,0
11354,27.091957293838067,0
11355,23.71512558875001,0
11356,24.160790284155716,0
11357,25.16031333861855,0
11358,24.21511496569939,0
11359,22.32608653969714,0
11360,23.270697827493443,0
11361,24.8342784998261,0
11362,23.475388879172456,0
11363,21.641217290292744,0
11364,22.804575587234176,0
11365,21.179154403227987,0
11366,22.94375450223109,0
11367,22.939832944533993,0
11368,24.41600952652184,0
11369,23.500861884206273,0
11370,23.555016705818932,0
11371,24.952175808577476,0
11372,27.481398595848006,0
11373,25.377404862524916,0
11374,27.324342297473496,0
11375,26.500666799551958,0
11376,27.065690945846878,0
11377,28.886324748485134,0
11378,28.88525501789401,0
11379,30.61347737648741,0
11380,31.068067899868797,0
11381,31.674204861306446,0
11382,31.50746208497313,0
11383,32.82675078057916,0
11384,32.321148891778606,0
11385,33.17072681559404,0
11386,31.172822085418115,0
11387,32.94887629643187,0
11388,33.14611093336992,0
11389,33.433890316489254,0
11390,32.80903242776252,0
11391,33.29395233720801,0
11392,31.77366465732591,0
11393,31.019696337339216,0
11394,31.68661968236393,0
11395,30.790539900805157,0
11396,30.553409192703064,0
11397,28.208070393092594,0
11398,27.934226825351317,0
11399,30.021322518345457,0
11400,28.69676584162023,0
11401,27.725076130737392,0
11402,28.168863793562426,0
11403,26.12306024117175,0
11404,26.635652622131364,0
11405,24.537713375149025,0
11406,26.61198561618739,0
11407,21.753756707003422,0
11408,23.63277216770969,0
11409,21.043968216886054,0
11410,23.3998125514161,0
11411,23.88153821214406,0
11412,23.437678113147456,0
11413,23.24088536749159,0
11414,23.244521421161956,0
11415,23.032722634962063,0
11416,23.152964643808765,0
11417,24.237749239866265,0
11418,24.669377886982737,0
11419,26.43892462582952,0
11420,25.85688239689112,0
11421,26.677872635984016,0
11422,27.06007170921102,0
11423,26.799230020824222,0
11424,27.183575550287703,0
11425,29.838684425650047,0
11426,28.200494522998536,0
11427,30.323157091062814,0
11428,31.31824682144821,0
11429,30.37092982613627,0
11430,33.34700488109284,0
11431,32.502289686746025,0
11432,32.28260125575929,0
11433,32.2828922769563,0
11434,34.307851066739,0
11435,31.6079104469018,0
11436,33.47067401280054,0
11437,32.660460597040924,0
11438,34.34722143193668,0
11439,32.81219607734893,0
11440,31.915818540697213,0
11441,33.13262191723292,0
11442,31.161493315303517,0
11443,32.35891921980872,0
11444,31.258526436816872,0
11445,30.245538815262684,0
11446,30.264497757094944,0
11447,28.29517539921131,0
11448,28.66120700896366,0
11449,26.87919799238746,0
11450,27.00990749858793,0
11451,24.851757326911105,0
11452,26.75125374882897,0
11453,23.02749950338464,0
11454,23.30797297297815,0
11455,24.433747668494686,0
11456,23.820143390572287,0
11457,24.235483911284856,0
11458,21.6750258221808,0
11459,22.52816794508202,0
11460,23.316506914877902,0
11461,22.763316198231006,0
11462,23.18132275071722,0
11463,23.82874634904665,0
11464,23.701262025406514,0
11465,23.076497736472557,0
11466,22.757179686856432,0
11467,24.384867660833034,0
11468,24.393299828506773,0
11469,24.360460744286826,0
11470,27.21290912459318,0
11471,28.276183566406317,0
11472,27.842593789403832,0
11473,30.013464040574398,0
11474,30.60035925751163,0
11475,30.40118557491224,0
11476,28.676277003197903,0
11477,30.812414180928197,0
11478,32.96669087506993,0
11479,31.473085357976547,0
11480,33.20001087904735,0
11481,33.26242292886133,0
11482,32.22627642578912,0
11483,32.43000257158631,0
11484,33.26468893972882,0
11485,31.601893176185847,0
11486,32.994733976039726,0
11487,32.68477315957538,0
11488,31.695320806809693,0
11489,31.445957237477547,0
11490,30.233230703175657,0
11491,29.294780346457834,0
11492,29.42006740772337,0
11493,32.19034730185666,0
11494,29.272892982195515,0
11495,28.674844237092895,0
11496,27.55208746051289,0
11497,27.709914470183538,0
11498,28.105976286765685,0
11499,25.56226483249383,0
11500,25.127314197400036,0
11501,25.492418027206234,0
11502,24.75424081973405,0
11503,24.6475327817095,0
11504,21.556425975524878,0
11505,22.645767915443322,0
11506,25.127241694054486,0
11507,22.33380093088194,0
11508,23.580628397101567,0
11509,24.30532517887693,0
11510,23.9182474712307,0
11511,24.087936621846946,0
11512,23.051270689588627,0
11513,21.799812717872513,0
11514,24.263064910757933,0
11515,25.61027421978563,0
11516,25.592738345396317,0
11517,26.406753147312386,0
11518,26.15395800579343,0
11519,26.726478402274154,0
11520,27.734965853390328,0
11521,29.172862363268088,0
11522,31.934549895898932,0
11523,29.99664912483458,0
11524,30.170173942136394,0
11525,31.20285822483307,0
11526,32.20318140659097,0
11527,32.385307589326544,0
11528,32.36824270456471,0
11529,31.95908050717332,0
11530,32.54580731507219,0
11531,33.87627338632837,0
11532,33.998095150389815,0
11533,31.920731737266763,0
11534,33.710171868587935,0
11535,31.615011788758235,0
11536,34.50781728287759,0
11537,32.46501582917264,0
11538,32.50713879800073,0
11539,31.03102436678208,0
11540,30.679297063852754,0
11541,31.435450891795764,0
11542,27.25163111948878,0
11543,28.298416228505957,0
11544,29.367857648796114,0
11545,26.92464036596285,0
11546,26.836193478058412,0
11547,25.196700060086105,0
11548,26.89819715798979,0
11549,23.133430320137204,0
11550,22.04702117841159,0
11551,24.203370112287093,0
11552,24.061136531548645,0
11553,22.77806355236294,0
11554,21.299949438997142,0
11555,23.270238830641325,0
11556,22.941235182103018,0
11557,22.97632629467888,0
11558,22.415181115832674,0
11559,22.666063955230257,0
11560,24.732169137383362,0
11561,24.933068567723467,0
11562,24.493468964803427,0
11563,25.095749528234755,0
11564,26.207742461007065,0
11565,27.7891040666547,0
11566,24.6551421036926,0
11567,28.43023450346642,0
11568,27.817541150877446,0
11569,27.68482436248993,0
11570,28.980479052813326,0
11571,30.20747183274882,0
11572,30.151356062443647,0
11573,31.049561395709464,0
11574,31.487348266421577,0
11575,31.058765100368376,0
11576,32.470835283351825,0
11577,32.55448839725374,0
11578,32.87347851706646,0
11579,33.47994893431612,0
11580,33.475043228712714,0
11581,32.89164225075773,0
11582,33.14443567073297,0
11583,33.29985361608288,0
11584,32.60720430234305,0
11585,33.24639081639025,0
11586,30.84194312116104,0
11587,30.132230231175395,0
11588,28.600783619342533,0
11589,30.590310041292895,0
11590,28.987383283383398,0
11591,28.30327338979987,0
11592,29.470270623060962,0
11593,28.24022926990649,0
11594,26.379731754641085,0
11595,25.836674371505207,0
11596,25.71156106552793,0
11597,26.116627744864125,0
11598,24.404670413397415,0
11599,24.181003318940725,0
11600,21.913843186261683,0
11601,23.856433294811563,0
11602,22.964499559275083,0
11603,21.959116878113036,0
11604,21.45271451458182,0
11605,23.689870995121176,0
11606,21.659455474352175,0
11607,25.62044982605148,0
11608,21.49555807754956,0
11609,23.499168925875136,0
11610,22.885817399795496,0
11611,24.45555309205338,0
11612,26.965105482064885,0
11613,25.14945123545946,0
11614,24.9448939372705,0
11615,27.739778064415905,0
11616,28.674292786865934,0
11617,28.786505728479355,0
11618,27.44495186135022,0
11619,30.334768634171205,0
11620,29.374907883485044,0
11621,30.897381020995958,0
11622,33.227102828101394,0
11623,30.790609471814314,0
11624,33.45276367039118,0
11625,33.02726411737688,0
11626,31.218584535722105,0
11627,34.88749069460048,0
11628,31.89733870418067,0
11629,32.796546880783055,0
11630,32.35109245152577,0
11631,33.49266353394719,0
11632,31.605941253334198,0
11633,30.79171350028383,0
11634,32.6990523326508,0
11635,30.569031488212044,0
11636,30.77146286743645,0
11637,30.291945541018816,0
11638,30.248727370379857,0
11639,28.36922647832607,0
11640,27.591013657787318,0
11641,27.21699043283855,0
11642,26.451261003727776,0
11643,26.61473094791487,0
11644,25.28936112234075,0
11645,23.905472774163673,0
11646,23.62614660614799,0
11647,24.065270702872194,0
11648,23.772224038774123,0
11649,22.838007308193298,0
11650,22.826749386311462,0
11651,23.15815322762697,0
11652,23.230460875118155,0
11653,22.455104084083956,0
11654,22.49040905233973,0
11655,24.506898646850093,0
11656,22.593640339881237,0
11657,23.93517036456228,0
11658,24.750909866019917,0
11659,24.32266445014391,0
11660,26.16436571931517,0
11661,25.000809433458596,0
11662,27.804938690294037,0
11663,28.056043575468035,0
11664,27.8834177834406,0
11665,29.08236666679731,0
11666,28.863104754765782,0
11667,30.612623602160493,0
11668,31.502371428331568,0
11669,30.332911329380067,0
11670,31.904375498581796,0
11671,31.79440331880221,0
11672,33.55419635421843,0
11673,31.873091369677596,0
11674,33.762173857100635,0
11675,33.11528860662168,0
11676,33.19830394192588,0
11677,32.43892499460088,0
11678,33.586289552492445,0
11679,34.08905184488525,0
11680,31.632153245291068,0
11681,32.98212245755458,0
11682,33.538998828439425,0
11683,28.92058250520372,0
11684,31.769216144982153,0
11685,30.154166096410652,0
11686,28.789902318620296,0
11687,27.349894198118204,0
11688,27.60790220137004,0
11689,27.27626298152395,0
11690,27.546314000674215,0
11691,24.669225933478955,0
11692,26.389515605877712,0
11693,24.188431651638613,0
11694,25.724609007229937,0
11695,23.950398218304787,0
11696,22.666193141087433,0
11697,23.339320573610188,0
11698,22.539063596202283,0
11699,24.119557949547755,0
11700,22.728153590206027,0
11701,22.429539496008218,0
11702,23.344757806356743,0
11703,25.16844187544253,0
11704,23.378492002958065,0
11705,23.60330869192183,0
11706,23.16604804931202,0
11707,25.888181753281724,0
11708,24.434503211572927,0
11709,25.45723572058144,0
11710,26.253041749409867,0
11711,27.61444333882411,0
11712,28.85096384291224,0
11713,27.410785210489216,0
11714,28.50252732058802,0
11715,30.431714958006545,0
11716,31.058255846096376,0
11717,31.500424425631948,0
11718,32.8761534527579,0
11719,33.79967258911246,0
11720,32.036491562708925,0
11721,31.32449837537718,0
11722,31.71009379786902,0
11723,32.42336143499241,0
11724,33.48329322340803,0
11725,31.731211402045684,0
11726,32.54246564608239,0
11727,32.794473670031834,0
11728,32.85533196790481,0
11729,33.60474462048342,0
11730,33.45375777090749,0
11731,28.621699563305466,0
11732,29.69048695712485,0
11733,30.95889817609961,0
11734,30.70912340084757,0
11735,28.66101420225662,0
11736,28.27804243290535,0
11737,27.635676775303974,0
11738,26.350869659169874,0
11739,27.05997717470348,0
11740,24.29499243621752,0
11741,23.965926100797514,0
11742,25.743069886023196,0
11743,24.1749502111247,0
11744,22.552457391529007,0
11745,21.55496064985752,0
11746,25.00024269895239,0
11747,23.611675897240104,0
11748,21.82954135181047,0
11749,22.201649515775948,0
11750,22.925930236493812,0
11751,24.273538480391927,0
11752,24.275612122342093,0
11753,22.3732108066708,0
11754,26.031531066939063,0
11755,25.812837378336948,0
11756,25.193961481457222,0
11757,24.509673158525818,0
11758,26.446395597812913,0
11759,28.06400138318658,0
11760,27.017049614789777,0
11761,29.45891493394002,0
11762,29.79055648576887,0
11763,29.43132583456386,0
11764,30.992623908693712,0
11765,32.303230477388325,0
11766,31.814288709817774,0
11767,31.154336160463767,0
11768,32.07983051573297,0
11769,31.988202579225945,0
11770,32.67870148981288,0
11771,34.37967219625259,0
11772,32.04867026414854,0
11773,35.19121763301693,0
11774,31.60386869721091,0
11775,35.62913917682739,0
11776,33.66132853353447,0
11777,31.980988919819417,0
11778,30.823160975082946,0
11779,31.487223946549154,0
11780,28.19296511835064,0
11781,28.872086619307048,0
11782,31.062053397118227,0
11783,28.496500373762547,0
11784,28.095981351669476,0
11785,24.91373414056577,0
11786,26.230392339295758,0
11787,24.431236342458142,0
11788,24.7042931282858,0
11789,24.16115433049809,0
11790,23.4269492415423,0
11791,25.603546697785827,0
11792,22.810088947338013,0
11793,23.533429320720956,0
11794,24.101192778507855,0
11795,24.388914733448072,0
11796,23.456097167139333,0
11797,21.490926937036726,0
11798,24.353304113193833,0
11799,23.5039230158301,0
11800,24.72353946332352,0
11801,24.635686806554773,0
11802,24.974513022856062,0
11803,24.984155991860963,0
11804,25.346663326825528,0
11805,24.49313192486288,0
11806,25.397273900908765,0
11807,27.500144345955626,0
11808,28.14709507162685,0
11809,28.903005513273882,0
11810,29.709587482844256,0
11811,29.79249565139282,0
11812,29.774512975228916,0
11813,29.9909502354288,0
11814,31.63758016461003,0
11815,31.388067181152294,0
11816,31.415087965303627,0
11817,32.24522231021443,0
11818,33.00822037894637,0
11819,31.875325989479514,0
11820,33.60839028516505,0
11821,34.8521587922747,0
11822,32.624777923441634,0
11823,33.66982411405177,0
11824,32.93804129542551,0
11825,31.241306962427366,0
11826,33.666091787241555,0
11827,31.011966601458113,0
11828,30.54160912635673,0
11829,29.95794371609269,0
11830,29.532272939740487,0
11831,29.131996188668257,0
11832,28.53588363849741,0
11833,27.32998796502561,0
11834,26.37380750774233,0
11835,27.471975783555433,0
11836,25.615965198213356,0
11837,23.72757506743232,0
11838,24.360263750309944,0
11839,24.546576975135736,0
11840,24.07273006256896,0
11841,22.961942035464737,0
11842,22.991746914369653,0
11843,21.906914308105158,0
11844,23.27594806067112,0
11845,23.680877716938966,0
11846,25.082566557275648,0
11847,22.613227049245385,0
11848,23.941220868895385,0
11849,24.1162825767244,0
11850,22.343849667527095,0
11851,26.285710184792716,0
11852,26.637079163691745,0
11853,26.58015782566005,0
11854,27.085075635387742,0
11855,27.16502102112702,0
11856,28.360529172569354,0
11857,28.881167854062518,0
11858,29.567805048134343,0
11859,29.001797366934863,0
11860,28.549971639881,0
11861,29.313744160135105,0
11862,32.48126173736244,0
11863,33.843890979607245,0
11864,33.456225913281756,0
11865,32.60413774670331,0
11866,31.58977259865814,0
11867,33.11082317100975,0
11868,32.28322675190603,0
11869,33.27676799562509,0
11870,32.92609289744149,0
11871,31.36167994509142,0
11872,33.10137850676299,0
11873,32.588420661532126,0
11874,32.480333409121336,0
11875,31.147114173763864,0
11876,30.032439496574497,0
11877,31.06943996116479,0
11878,29.351705424648568,0
11879,29.4352763667743,0
11880,27.946082408357025,0
11881,26.28153185280639,0
11882,26.30166231335156,0
11883,24.78678671044019,0
11884,24.583985777614856,0
11885,24.526307736577007,0
11886,23.847800101501033,0
11887,26.291535656054428,0
11888,22.744345518516933,0
11889,22.979362070528055,0
11890,23.57533049846607,0
11891,25.08550833382666,0
11892,23.065646874541397,0
11893,23.6203611847407,0
11894,22.94150339068717,0
11895,22.4696319889147,0
11896,23.037647103417243,0
11897,24.93897445114687,0
11898,24.357161450128643,0
11899,24.985422946981,0
11900,25.470681803979065,0
11901,27.341936796411225,0
11902,28.289500057753845,0
11903,27.39469483400009,0
11904,27.505663634214393,0
11905,28.26912013629687,0
11906,27.837106789676692,0
11907,29.625031081144677,0
11908,31.089473923399954,0
11909,31.60368474782353,0
11910,30.96020869954769,0
11911,31.950769828552286,0
11912,31.928230779401062,0
11913,32.66014197552906,0
11914,33.82779567148489,0
11915,33.22048476565834,0
11916,32.267046984490975,0
11917,32.55921452755765,0
11918,32.14540454981133,0
11919,32.73750857867859,0
11920,31.999616759465464,0
11921,30.641091844928837,0
11922,30.94355553771697,0
11923,31.735126787553668,0
11924,29.380438626414556,0
11925,28.89807837520649,0
11926,29.575062572428905,0
11927,30.67330449150284,0
11928,28.304969506836805,0
11929,26.510850889478085,0
11930,26.38506404117698,0
11931,26.562237310702944,0
11932,26.977081407080114,0
11933,26.458745442440232,0
11934,23.44504804314783,0
11935,23.536460467302195,0
11936,23.43206411978221,0
11937,23.383331511170685,0
11938,23.78810850507831,0
11939,23.3826981068866,0
11940,22.88850042651235,0
11941,24.533093707322084,0
11942,23.252945433204115,0
11943,21.937182976447303,0
11944,23.679758826349463,0
11945,23.56922920779856,0
11946,24.278270313963198,0
11947,26.79520520574689,0
11948,25.997722936959722,0
11949,24.796078412807923,0
11950,26.851781301577507,0
11951,27.810492788251697,0
11952,27.571270798868056,0
11953,29.514381308858354,0
11954,28.817106947549426,0
11955,30.598172630771124,0
11956,29.92922708350759,0
11957,30.24518224322951,0
11958,32.38362615516029,0
11959,30.493373148465693,0
11960,34.35402416425349,0
11961,32.47476997148318,0
11962,30.799826783119876,0
11963,31.741586968930495,0
11964,32.1091230737082,0
11965,30.755485020958066,0
11966,34.34152484374687,0
11967,35.257953820812844,0
11968,31.6349822551619,0
11969,32.45547525952778,0
11970,33.545481172286784,0
11971,30.596323146576367,0
11972,31.164393632628443,0
11973,30.888882224616488,0
11974,27.678531033386147,0
11975,28.959712615146618,0
11976,29.11419327736177,0
11977,27.47292473319175,0
11978,26.905123247914855,0
11979,27.31671384024299,0
11980,26.841480513075542,0
11981,24.897521196874674,0
11982,22.55412174550448,0
11983,23.714634488857165,0
11984,23.625056871056305,0
11985,23.415525187562896,0
11986,23.35858944394287,0
11987,22.355482050219194,0
11988,23.04082539347716,0
11989,21.608400278177413,0
11990,25.438631531371513,0
11991,23.04813555776347,0
11992,23.22593305926532,0
11993,25.40644009101674,0
11994,24.318087596717515,0
11995,25.161571896431518,0
11996,27.7031462774525,0
11997,25.19424682408011,0
11998,26.750054030155308,0
11999,27.693134833060853,0
12000,28.90233737553165,0
12001,27.91313045476893,0
12002,28.812760888252143,0
12003,28.218227949438138,0
12004,31.36795615622939,0
12005,30.680548661770995,0
12006,30.99946696443907,0
12007,32.262690778183305,0
12008,33.43975693727953,0
12009,31.868688635514165,0
12010,30.919543638911414,0
12011,31.978177636734934,0
12012,33.52684117864107,0
12013,33.17346313334395,0
12014,32.01422594093407,0
12015,32.938364627368216,0
12016,31.939702481561092,0
12017,31.984828793617417,0
12018,30.692270824739882,0
12019,29.661190940867684,0
12020,30.69321875160341,0
12021,30.36589741290983,0
12022,29.28216074534706,0
12023,27.03053857904786,0
12024,28.630388145255317,0
12025,28.33915857907508,0
12026,26.101838487562897,0
12027,25.943270698174082,0
12028,25.387933095498237,0
12029,24.598321209345276,0
12030,24.43463007766254,0
12031,24.966261293036943,0
12032,24.210100532438336,0
12033,21.578549443689933,0
12034,22.844471288557916,0
12035,22.82549650394842,0
12036,21.87167075905009,0
12037,20.51538229130052,0
12038,23.998130228889583,0
12039,23.74961905437252,0
12040,24.066638719198686,0
12041,23.72275936669806,0
12042,25.687013071218097,0
12043,26.621945798834417,0
12044,26.68284072858225,0
12045,26.77291220095838,0
12046,28.314189806970504,0
12047,27.54504522263869,0
12048,28.590726351216688,0
12049,27.42337076017997,0
12050,28.92976835013929,0
12051,30.930880030717404,0
12052,31.400907180685635,0
12053,31.696968805206094,0
12054,31.47915702459261,0
12055,30.284216217633535,0
12056,31.81304522908175,0
12057,33.462130404931465,0
12058,31.219876839134688,0
12059,33.28697153185386,0
12060,32.2377525137039,0
12061,32.41511256099494,0
12062,31.674738222291232,0
12063,33.929034051990406,0
12064,32.49109658811404,0
12065,31.938702697612843,0
12066,33.992074763420895,0
12067,30.342866668790176,0
12068,30.737865531658553,0
12069,30.624091922098057,0
12070,29.50696940896251,0
12071,28.791812887124102,0
12072,26.57651681295593,0
12073,26.65665840275763,0
12074,25.944294057224432,0
12075,24.97137163220624,0
12076,25.797171750045894,0
12077,23.466757730258422,0
12078,25.432882407716633,0
12079,24.954887986061458,0
12080,23.452314835740307,0
12081,23.438280176952713,0
12082,23.54817036304165,0
12083,21.924798395408118,0
12084,22.791447860127533,0
12085,24.163504388276046,0
12086,23.00501106136047,0
12087,24.804959216492943,0
12088,24.332945906699567,0
12089,23.731429027248144,0
12090,24.132952426116276,0
12091,25.8624187094714,0
12092,25.365675843026114,0
12093,26.964750964970552,0
12094,24.497473967518893,0
12095,26.89617530777538,0
12096,26.42688905463783,0
12097,29.060288938656118,0
12098,29.20331334118855,0
12099,31.11584602138963,0
12100,29.60619261159167,0
12101,32.42313816567335,0
12102,32.59232016800292,0
12103,31.27587600477613,0
12104,33.7667139913602,0
12105,33.66636955810421,0
12106,31.86301495790571,0
12107,33.30567626599496,0
12108,33.113987955719956,0
12109,33.33633323129625,0
12110,32.769090604097435,0
12111,33.71063870407433,0
12112,32.148947557875935,0
12113,32.34514542165586,0
12114,31.294824643842926,0
12115,30.483127273249092,0
12116,28.64588400267237,0
12117,30.30702930825755,0
12118,29.1855466763737,0
12119,28.882694866659477,0
12120,28.00930092596416,0
12121,26.664817539876765,0
12122,25.67733063450533,0
12123,26.0427716481338,0
12124,23.938414073568136,0
12125,24.127971625976667,0
12126,24.512370266719213,0
12127,23.81669328237109,0
12128,23.66587755056281,0
12129,22.07744391552453,0
12130,22.626919371429544,0
12131,21.932520995784873,0
12132,23.99455697313931,0
12133,22.98076734233054,0
12134,23.06694783258597,0
12135,24.013449265154424,0
12136,24.877874117479923,0
12137,22.86854169027733,0
12138,24.78022903974166,0
12139,23.991371843047727,0
12140,24.63759311496467,0
12141,25.620451875804186,0
12142,25.963875951976018,0
12143,28.08585735048761,0
12144,28.188832560831308,0
12145,27.493875594009975,0
12146,28.642656207282116,0
12147,29.340830503855194,0
12148,31.590501272842246,0
12149,32.28767991660185,0
12150,33.8130636285474,0
12151,30.31152020824154,0
12152,32.07226166411609,0
12153,34.59439198766758,0
12154,32.95313541626879,0
12155,33.36629311399896,0
12156,33.13779951195816,0
12157,32.72790355821168,0
12158,34.85831472941981,0
12159,31.490899042320766,0
12160,34.382216135140055,0
12161,31.85811730421521,0
12162,33.53764436642855,0
12163,30.395420183607392,0
12164,30.41347353366308,0
12165,28.611013816579263,0
12166,29.20609528296607,0
12167,29.19926790289917,0
12168,28.256600009097905,0
12169,27.602785969087797,0
12170,26.315414271726198,0
12171,26.735164350589862,0
12172,26.23221184313543,0
12173,27.568762718569772,0
12174,23.81976374455369,0
12175,25.11216853196468,0
12176,25.28734562254934,0
12177,25.030279698086773,0
12178,23.496425972559088,0
12179,23.200904137612728,0
12180,23.446880824569366,0
12181,23.87573038381962,0
12182,22.908215082404936,0
12183,23.63795687267417,0
12184,24.69060298079782,0
12185,25.113744289570423,0
12186,24.67839570861977,0
12187,24.10849747034382,0
12188,26.20048207500298,0
12189,25.88173422448437,0
12190,25.92573003205821,0
12191,27.799400114215167,0
12192,27.493071498627952,0
12193,27.854589622837295,0
12194,29.17107178790875,0
12195,28.08131700701451,0
12196,30.432906113241497,0
12197,31.488057637895352,0
12198,31.251790448104874,0
12199,31.686644728221676,0
12200,32.08066322292365,0
12201,33.70480074336653,0
12202,35.12747790379768,0
12203,32.00897006310539,0
12204,31.604094557671047,0
12205,33.97491319502075,0
12206,31.530504570529846,0
12207,31.73148203920373,0
12208,32.8929349746019,0
12209,31.83661080173539,0
12210,30.654896898872536,0
12211,31.816923396138804,0
12212,28.989322904195586,0
12213,31.35508693711954,0
12214,28.42008667841827,0
12215,28.84337853671341,0
12216,27.666507024160605,0
12217,28.66113291595986,0
12218,25.750809494087477,0
12219,25.27763891457118,0
12220,26.170838467346222,0
12221,26.46568281839651,0
12222,24.38682773548687,0
12223,24.281149502740853,0
12224,24.59791158330861,0
12225,23.332503114970336,0
12226,23.85748307425736,0
12227,21.488156699829425,0
12228,22.16293521536267,0
12229,23.699904805996194,0
12230,23.310003370309317,0
12231,22.44920304471715,0
12232,23.081178552425044,0
12233,25.15625428825732,0
12234,23.053269489257914,0
12235,24.20113594863852,0
12236,26.809068270028327,0
12237,26.745952288485938,0
12238,26.258588826361088,0
12239,27.114027730058137,0
12240,28.43076586635742,0
12241,27.087633466659817,0
12242,30.786773403236538,0
12243,28.85309788795854,0
12244,30.2724079938022,0
12245,31.63141977788389,0
12246,31.111654853035454,0
12247,33.4121507915478,0
12248,32.19202720353761,0
12249,32.61855642874125,0
12250,34.51631491855243,0
12251,32.26831642581612,0
12252,32.48742121297682,0
12253,33.997973389156584,0
12254,31.833905646383396,0
12255,32.56916420032289,0
12256,32.9415540474707,0
12257,32.19847831550817,0
12258,32.32154306544439,0
12259,31.02155241680159,0
12260,31.01967760364745,0
12261,28.775012482232146,0
12262,27.877382882377322,0
12263,30.76215193340814,0
12264,27.86017864609066,0
12265,29.03763461338493,0
12266,25.458360221087915,0
12267,25.937955070800037,0
12268,26.042910038478755,0
12269,27.14771569886111,0
12270,25.97280954367934,0
12271,23.330611130549862,0
12272,25.105900189062936,0
12273,24.152990670353592,0
12274,23.634306039490813,0
12275,24.99564045005221,0
12276,23.171946746748795,0
12277,22.98206659024343,0
12278,21.10319212517778,0
12279,24.00784574742522,0
12280,22.208562514306276,0
12281,24.992440226865327,0
12282,22.798197147894754,0
12283,24.374171016024132,0
12284,27.207727084717888,0
12285,25.89701118379863,0
12286,26.188101722344378,0
12287,28.14758434260329,0
12288,26.33561730137565,0
12289,29.55055181925391,0
12290,29.575098794969676,0
12291,30.679119989593286,0
12292,29.762332251808846,0
12293,30.63772689566345,0
12294,29.835535088833904,0
12295,33.84608858756109,0
12296,32.279466658186415,0
12297,31.22637336958826,0
12298,32.39341716271389,0
12299,31.443757929239244,0
12300,31.43836261886892,0
12301,32.572811378325824,0
12302,32.442958883340296,0
12303,31.927493920769518,0
12304,33.82474660534412,0
12305,31.169975729075812,0
12306,32.07882743311314,0
12307,30.24686168364808,0
12308,30.58996591955094,0
12309,27.952332345567196,0
12310,28.618749212845838,0
12311,27.310848450241764,0
12312,29.23059422992199,0
12313,27.077392352505022,0
12314,25.786806049550965,0
12315,27.15095584259163,0
12316,27.17434868637959,0
12317,24.87870306108536,0
12318,24.000088029495036,0
12319,24.49972248993132,0
12320,24.0373278977345,0
12321,22.34052833595583,0
12322,22.2053857786494,0
12323,26.148355424783073,0
12324,22.40516308377431,0
12325,23.617011086067635,0
12326,22.91159753477334,0
12327,21.989876677414415,0
12328,23.998901826652734,0
12329,23.527513113485526,0
12330,23.89917119770201,0
12331,26.4118878890049,0
12332,25.606841424624854,0
12333,26.20063323366231,0
12334,24.393257080450446,0
12335,27.669235575760084,0
12336,27.980137635322954,0
12337,27.920002195333513,0
12338,28.858998733579174,0
12339,30.42615208344571,0
12340,29.558473259597584,0
12341,30.972800666785183,0
12342,29.63152938392752,0
12343,31.206288537334785,0
12344,31.66339637493284,0
12345,32.51288876068219,0
12346,35.36537547667373,0
12347,36.195183292922486,0
12348,31.643429040874505,0
12349,34.41882663719594,0
12350,33.86069527351738,0
12351,34.020429305320654,0
12352,33.438670265675405,0
12353,31.947426685560906,0
12354,32.100749627777944,0
12355,32.089088328098846,0
12356,29.50692842744972,0
12357,29.8884400671199,0
12358,29.69195441106998,0
12359,30.49838780919672,0
12360,28.935073951533436,0
12361,26.39388711984974,0
12362,27.20562320194118,0
12363,26.058871581966272,0
12364,25.289914703457367,0
12365,24.981242290242122,0
12366,24.113502203612434,0
12367,24.742627204831468,0
12368,24.27729308044614,0
12369,23.502565790894348,0
12370,23.72998640877234,0
12371,22.10786933731858,0
12372,23.568179682212268,0
12373,23.604364617708427,0
12374,22.9767187860675,0
12375,23.698750417093052,0
12376,22.942059834793035,0
12377,24.306470404238105,0
12378,23.688158667906368,0
12379,26.880288476717222,0
12380,24.983538608356405,0
12381,26.750034325472413,0
12382,26.605718082718774,0
12383,28.34729433001803,0
12384,27.473523289399488,0
12385,28.781683734942963,0
12386,28.957375566432873,0
12387,29.91661751596671,0
12388,30.884461573236834,0
12389,33.45119361667072,0
12390,33.133862154167055,0
12391,31.0940530177145,0
12392,32.603774698787205,0
12393,33.807113161664326,0
12394,34.23105614190289,0
12395,33.81138580925945,0
12396,33.25848998775518,0
12397,33.22214610912561,0
12398,33.64797878877038,0
12399,32.31181945972997,0
12400,33.138522303498924,0
12401,32.7554485932195,0
12402,31.537658534128692,0
12403,29.69130210637175,0
12404,30.87433049553979,0
12405,29.489601949459416,0
12406,29.63453824180833,0
12407,28.41778418880265,0
12408,28.194257402360513,0
12409,27.116666000354716,0
12410,27.803698463611585,0
12411,25.238996913579253,0
12412,26.8950264283852,0
12413,25.2489751338604,0
12414,24.16760558079843,0
12415,25.213426310753903,0
12416,26.140990684363928,0
12417,22.446857828185863,0
12418,22.621360914650246,0
12419,23.26492378615245,0
12420,23.661949892466104,0
12421,23.40848056029643,0
12422,23.946536324271463,0
12423,23.051646037100067,0
12424,25.010185362841387,0
12425,24.258598464803484,0
12426,26.908120866479962,0
12427,24.44617704144306,0
12428,25.567784062657076,0
12429,26.397817098348998,0
12430,26.431609558598335,0
12431,28.381331477751573,0
12432,26.867647981335885,0
12433,28.09834587925531,0
12434,31.414559385483066,0
12435,29.83099470427004,0
12436,30.477390971758343,0
12437,32.49347690606476,0
12438,30.923282680203993,0
12439,30.298756271000112,0
12440,31.94575221317437,0
12441,31.496260264631378,0
12442,34.55991628751926,0
12443,33.38661980692035,0
12444,32.56019838302954,0
12445,33.95482817651901,0
12446,33.7960657798933,0
12447,31.315508840374804,0
12448,32.76361425232612,0
12449,31.15616037232647,0
12450,32.53323618743915,0
12451,32.35291392740935,0
12452,31.467787305772426,0
12453,30.226294969823922,0
12454,29.194466730906964,0
12455,30.15819460155151,0
12456,27.557140553347296,0
12457,29.647471522458552,0
12458,26.40566928509391,0
12459,26.004695221421898,0
12460,23.969964413434116,0
12461,26.01204539927741,0
12462,24.09459701883184,0
12463,23.902892857551468,0
12464,23.35684500892659,0
12465,24.01657199977372,0
12466,22.204212999438884,0
12467,21.917743742736125,0
12468,22.916235310388252,0
12469,23.167131170277774,0
12470,22.959698634342434,0
12471,22.84130654324129,0
12472,26.07613740560728,0
12473,23.343678108275046,0
12474,24.358875080719148,0
12475,25.298474085030474,0
12476,26.83856116108992,0
12477,26.430251811056756,0
12478,23.941058631048367,0
12479,28.840070531622732,0
12480,27.789770689285856,0
12481,28.49409072542238,0
12482,28.89235987136513,0
12483,29.544632753842777,0
12484,31.47486700921545,0
12485,31.538018287144602,0
12486,31.908613096574705,0
12487,31.765977567301658,0
12488,32.96988876745469,0
12489,33.30911088730901,0
12490,32.65029053237395,0
12491,31.976391552172434,0
12492,34.71251480955686,0
12493,33.95148958736193,0
12494,31.78997756101644,0
12495,32.91985613068739,0
12496,33.01061545298087,0
12497,33.059606902317974,0
12498,32.436256830666,0
12499,30.86859550719312,0
12500,30.975837336700945,0
12501,31.98526365238107,0
12502,29.509259782155517,0
12503,29.607350379580623,0
12504,29.193057334321587,0
12505,27.891192582912616,0
12506,26.216817688099308,0
12507,25.221727971030226,0
12508,25.938856854964218,0
12509,25.208176650547323,0
12510,24.4251945728674,0
12511,22.51226140656804,0
12512,22.569378513655835,0
12513,23.437958216595824,0
12514,24.79591042850643,0
12515,22.44493353093442,0
12516,22.760525610782835,0
12517,22.188547586363143,0
12518,25.000821360715772,0
12519,24.390841174868843,0
12520,22.521823215245533,0
12521,23.78365024880597,0
12522,23.614977287875956,0
12523,25.025606574405643,0
12524,25.353217787672936,0
12525,27.768316846439845,0
12526,25.649845228495543,0
12527,26.761582843845407,0
12528,27.77227436667311,0
12529,28.37471822227832,0
12530,29.51107219796513,0
12531,29.942228585054636,0
12532,31.228708696915135,0
12533,29.324873692199017,0
12534,31.38732881323397,0
12535,31.900676429295462,0
12536,34.398859604388264,0
12537,32.93856452083304,0
12538,31.578329399640758,0
12539,33.04540230374347,0
12540,32.09879760709807,0
12541,33.301767601237,0
12542,31.803620507344966,0
12543,33.27254777357934,0
12544,32.11114310652838,0
12545,30.821124170313894,0
12546,31.147915350784903,0
12547,32.72747871997119,0
12548,29.04028494621268,0
12549,29.631521556038734,0
12550,29.892770330942447,0
12551,29.549041276254094,0
12552,27.30833109197517,0
12553,27.93964765229063,0
12554,27.76635795763135,0
12555,25.682643772262118,0
12556,26.427328252122123,0
12557,23.663377474104475,0
12558,25.447121823300943,0
12559,24.48966461787319,0
12560,22.620558095513402,0
12561,21.755639091829806,0
12562,24.543123656756844,0
12563,22.389097989049663,0
12564,24.523704958933067,0
12565,23.73031648285506,0
12566,23.557241029566317,0
12567,23.70424643203776,0
12568,24.235135615773057,0
12569,24.041024723593893,0
12570,23.35722481162493,0
12571,25.140364772370287,0
12572,25.785109130212284,0
12573,25.959762902489587,0
12574,25.694685228459576,0
12575,26.380692682187178,0
12576,27.463060607314212,0
12577,28.547525279935016,0
12578,28.512939231629108,0
12579,31.195053341554924,0
12580,30.090440963958343,0
12581,31.392080414855126,0
12582,30.603839668765396,0
12583,32.271950089097466,0
12584,32.66003143559846,0
12585,32.78510236634916,0
12586,31.786066431124603,0
12587,33.626304578219205,0
12588,32.490461032952176,0
12589,33.65079755692801,0
12590,32.40415028346063,0
12591,32.39330515981766,0
12592,33.19906038251876,0
12593,32.00106861849657,0
12594,31.593885833550768,0
12595,30.052024432126082,0
12596,31.045648126182808,0
12597,30.329869969093753,0
12598,30.15850258691869,0
12599,29.324333930266086,0
12600,28.583293082713208,0
12601,28.141101125301738,0
12602,26.81510738461053,0
12603,25.383267338536335,0
12604,25.008333434206968,0
12605,24.647456041269642,0
12606,23.955421089738444,0
12607,23.14015333429845,0
12608,24.263265947022568,0
12609,21.338019834452574,0
12610,24.005871922379956,0
12611,22.59888572129008,0
12612,23.46864646641515,0
12613,22.752009596193464,0
12614,22.800999338858222,0
12615,21.245644148471676,0
12616,22.577067977870932,0
12617,23.767662319585877,0
12618,24.20776293019208,0
12619,25.30187829716188,0
12620,25.22518907880678,0
12621,27.010162237736843,0
12622,28.146218880317836,0
12623,26.666628011499615,0
12624,26.496193622375056,0
12625,28.011537148976174,0
12626,29.91907449621936,0
12627,31.03903053818971,0
12628,30.28796503652033,0
12629,31.575751937302424,0
12630,31.25035626732443,0
12631,29.493420007122594,0
12632,31.13998123826495,0
12633,32.22415673898564,0
12634,34.286159936694354,0
12635,31.85428392740416,0
12636,32.597379133467506,0
12637,32.82487646781679,0
12638,32.47656880640449,0
12639,32.59095716003077,0
12640,34.06716473340015,0
12641,30.552431498307318,0
12642,32.266080741383,0
12643,31.335448784241485,0
12644,30.396495506568048,0
12645,29.263125973977083,0
12646,28.685635694526166,0
12647,30.18440387780169,0
12648,29.365771774148467,0
12649,26.832420910534022,0
12650,26.055876557224742,0
12651,26.163521042863223,0
12652,25.919266549353523,0
12653,25.454405540194728,0
12654,23.951361581247898,0
12655,22.693399817094868,0
12656,22.116157978382113,0
12657,22.794921176202845,0
12658,24.387788372991626,0
12659,22.358555129692306,0
12660,23.25621299920721,0
12661,22.522011555037246,0
12662,23.161536011395704,0
12663,24.41109921800976,0
12664,24.31192149575323,0
12665,23.94809612213332,0
12666,24.74175027264828,0
12667,23.924358257706285,0
12668,23.969249335741516,0
12669,26.212570109461222,0
12670,25.77149772121996,0
12671,27.166824411439908,0
12672,27.530912528619627,0
12673,28.488955000774602,0
12674,30.90948528322832,0
12675,30.421643728234883,0
12676,32.46567555938941,0
12677,31.190470745282877,0
12678,31.47481927403677,0
12679,31.807370882309833,0
12680,34.57836985708091,0
12681,33.34021717456253,0
12682,34.39620592098532,0
12683,34.35870591066089,0
12684,33.439983461219406,0
12685,32.79537752329908,0
12686,31.98803773556246,0
12687,32.49850180308006,0
12688,33.44485573445905,0
12689,32.87089357000953,0
12690,31.00815311341539,0
12691,30.38558800432531,0
12692,30.746377877527774,0
12693,30.545224858968975,0
12694,30.55938111936534,0
12695,30.974081386200453,0
12696,26.769422508210507,0
12697,26.2001222141998,0
12698,25.691653329912107,0
12699,26.572171870797483,0
12700,26.451578845495273,0
12701,25.222010615713224,0
12702,24.608455446836505,0
12703,23.370066096505404,0
12704,23.363022032746358,0
12705,22.92417834993727,0
12706,23.679826050167627,0
12707,22.092487036322854,0
12708,23.373022303203676,0
12709,23.176736697238777,0
12710,22.16953254717344,0
12711,23.085117346775288,0
12712,24.98260331315918,0
12713,25.270141088517395,0
12714,25.090685692672473,0
12715,25.57364014586078,0
12716,23.49300950715238,0
12717,25.399001751481713,0
12718,28.133853288676846,0
12719,27.34815090929796,0
12720,28.98679492028318,0
12721,30.095752212612616,0
12722,26.91309678188621,0
12723,30.10868929252742,0
12724,31.41468928209842,0
12725,30.833509930322226,0
12726,32.741141017433144,0
12727,31.85577145416343,0
12728,32.308337488918994,0
12729,32.912552333270995,0
12730,33.73428473283861,0
12731,32.65615780097462,0
12732,33.50721132643933,0
12733,33.11102593607465,0
12734,32.716132113392405,0
12735,31.80739492018913,0
12736,31.981535659901187,0
12737,31.96390568508828,0
12738,29.95161657217011,0
12739,29.752978122283153,0
12740,30.41926858998243,0
12741,30.14194371913966,0
12742,30.082672569431423,0
12743,27.85811192841169,0
12744,27.55047782450102,0
12745,27.925411489229774,0
12746,27.134656472169695,0
12747,25.658239813173076,0
12748,27.267343528252773,0
12749,23.5447441325816,0
12750,24.29643245206754,0
12751,24.23732772113028,0
12752,22.93145708846654,0
12753,24.07568663077106,0
12754,24.610041757591116,0
12755,23.633356231594544,0
12756,23.088102275672192,0
12757,23.73906610663091,0
12758,22.84703827628616,0
12759,23.842061923555256,0
12760,24.428586123221358,0
12761,25.0673699765481,0
12762,22.670228504683806,0
12763,24.237964926209994,0
12764,25.96050965400049,0
12765,26.778305597742555,0
12766,26.76772045274262,0
12767,26.827092783690716,0
12768,27.866448773187184,0
12769,27.705278975935318,0
12770,28.2236216735856,0
12771,30.414257063976205,0
12772,29.85947888834152,0
12773,30.05889223975481,0
12774,33.523017576784106,0
12775,31.67649849809171,0
12776,31.485930584388683,0
12777,32.64927392448077,0
12778,35.89614985134677,0
12779,32.86999185876497,0
12780,34.046894809910576,0
12781,34.741211136271914,0
12782,33.699119240846684,0
12783,31.960660437174045,0
12784,32.15783337899956,0
12785,33.16194748027182,0
12786,33.09985342602591,0
12787,28.553311266764936,0
12788,31.644175267707805,0
12789,29.71106891937882,0
12790,29.706511274160533,0
12791,29.63951079542838,0
12792,27.588455267072526,0
12793,27.881906445999068,0
12794,29.158575867430937,0
12795,27.94661651150633,0
12796,24.241931511330005,0
12797,25.571488065573224,0
12798,22.910448122024167,0
12799,22.79067834926081,0
12800,24.457527716935427,0
12801,22.43311944432327,0
12802,22.705364446916548,0
12803,23.27070087331186,0
12804,23.685133734955354,0
12805,21.832804591341354,0
12806,22.313668262454602,0
12807,23.325125314290645,0
12808,22.35176096840955,0
12809,24.80325840922703,0
12810,25.33768744286138,0
12811,26.22770729122069,0
12812,24.70733076788939,0
12813,26.6411495363165,0
12814,25.316943047582093,0
12815,27.31439037076701,0
12816,27.125510438059912,0
12817,28.970174611356814,0
12818,28.994716207019323,0
12819,28.315605998085417,0
12820,31.57953544754328,0
12821,29.28050603209535,0
12822,33.005583628980915,0
12823,33.04855542362107,0
12824,33.2885629217816,0
12825,32.85031967143466,0
12826,33.508248583125784,0
12827,32.28949115786237,0
12828,32.15399664172186,0
12829,30.599339918842777,0
12830,33.31037649150682,0
12831,31.279008894445294,0
12832,31.75301021773693,0
12833,31.11460384867315,0
12834,32.34632407473633,0
12835,31.27769160107959,0
12836,28.471567370967858,0
12837,30.25597955660931,0
12838,29.958668980959697,0
12839,27.960612374118305,0
12840,26.788699432930684,0
12841,27.63290601038208,0
12842,25.601146602483315,0
12843,26.056093067237445,0
12844,25.902299379886273,0
12845,26.225899005805573,0
12846,22.33917322006323,0
12847,23.594713325040377,0
12848,22.097662969181698,0
12849,23.208136360512693,0
12850,21.985114695719567,0
12851,21.465209529166042,0
12852,22.326659724325847,0
12853,23.50264347363759,0
12854,22.217391108716498,0
12855,22.872507778448643,0
12856,23.285999351089924,0
12857,26.20203345561937,0
12858,25.518600542508324,0
12859,23.15331343641783,0
12860,25.069997799806426,0
12861,26.618620965282553,0
12862,27.69271814302148,0
12863,28.847817108363916,0
12864,29.144014297169132,0
12865,27.94432859979438,0
12866,28.922743995261563,0
12867,31.507784734777758,0
12868,29.601025373016675,0
12869,29.73729833710666,0
12870,31.54245464477341,0
12871,31.27272103128503,0
12872,31.838360371330026,0
12873,32.24399653254886,0
12874,33.37038452981805,0
12875,34.39495934030421,0
12876,32.34535856163557,0
12877,32.58148370477516,0
12878,32.32881110408081,0
12879,31.98831329121941,0
12880,32.889077896309324,0
12881,31.139160331733354,0
12882,33.20467601880288,0
12883,29.763380262547248,0
12884,31.387934253048783,0
12885,31.99512999994111,0
12886,30.107916172343494,0
12887,28.244756263481424,0
12888,27.151316723572396,0
12889,26.01644959121832,0
12890,26.305666916365926,0
12891,25.974116619182816,0
12892,24.775122464923886,0
12893,25.992028587404178,0
12894,23.97198580479791,0
12895,23.962765520234647,0
12896,23.195244310175607,0
12897,23.681583101927856,0
12898,23.258687157312924,0
12899,21.60632153656763,0
12900,21.598802592555323,0
12901,23.679775982063013,0
12902,23.67285574396849,0
12903,23.129721331997988,0
12904,21.82695662099689,0
12905,24.548362170740315,0
12906,25.17737912877719,0
12907,27.0003119133494,0
12908,25.30083663912882,0
12909,25.94517553981605,0
12910,27.96149175805733,0
12911,26.76108708809082,0
12912,28.797239903054745,0
12913,28.281551851253337,0
12914,29.73505180119596,0
12915,30.8445035204719,0
12916,29.699295124657553,0
12917,31.340593674533615,0
12918,32.13531463468119,0
12919,31.290643934662846,0
12920,32.93889299865355,0
12921,33.23445655745921,0
12922,32.389579434896525,0
12923,31.969266548140673,0
12924,33.65919544377746,0
12925,32.65418955629444,0
12926,33.00725655218847,0
12927,34.54579072435897,0
12928,31.95489363824461,0
12929,33.36488822976468,0
12930,32.53205271328132,0
12931,31.456103697006593,0
12932,29.402260533674635,0
12933,29.74704603779178,0
12934,29.45162592065843,0
12935,28.73694824463683,0
12936,27.83428963831403,0
12937,25.89420053069,0
12938,24.186440978472255,0
12939,25.457644639990534,0
12940,23.594561347617113,0
12941,23.855815153756183,0
12942,23.973104565584123,0
12943,24.498187834187632,0
12944,23.312222013177553,0
12945,22.608022717119677,0
12946,23.058417371191457,0
12947,20.987878490612943,0
12948,23.067922254317544,0
12949,22.261093433646426,0
12950,23.115030907580106,0
12951,23.3648721095658,0
12952,23.258968451828753,0
12953,25.77189907246341,0
12954,23.928693764634772,0
12955,25.105161995650406,0
12956,26.163433106581273,0
12957,26.26281914493319,0
12958,29.085319665703675,0
12959,26.83584360131873,0
12960,27.763305730632084,0
12961,28.40704390960105,0
12962,30.13926465963581,0
12963,29.055565014193192,0
12964,30.04693668419991,0
12965,30.58065401049841,0
12966,32.17329886629109,0
12967,32.451930203696335,0
12968,32.5977194872498,0
12969,33.29895584720387,0
12970,33.59328419978393,0
12971,32.63478440466209,0
12972,32.99618213289579,0
12973,33.489314458898676,0
12974,34.64212985666454,0
12975,31.847122072562012,0
12976,32.50069715646172,0
12977,31.351389214751958,0
12978,31.576567305549908,0
12979,31.420559385728236,0
12980,30.369183079160162,0
12981,32.23917737555761,0
12982,29.78358705353243,0
12983,26.387383561487415,0
12984,27.679077860265423,0
12985,26.50783460694564,0
12986,29.18812381231936,0
12987,25.564360937097398,0
12988,25.8709263456466,0
12989,24.353020835202102,0
12990,24.353459285456683,0
12991,23.69332994290327,0
12992,23.28871540033225,0
12993,22.470323605171544,0
12994,24.41812810988961,0
12995,23.500821212425056,0
12996,23.15496260767228,0
12997,24.059104211742316,0
12998,23.833648066952172,0
12999,23.218315654780927,0
13000,24.01006453179444,0
13001,24.430802314262788,0
13002,23.328931458595275,0
13003,23.669935571642686,0
13004,25.373148352819097,0
13005,25.069621692540217,0
13006,27.624140079941185,0
13007,27.904174806857323,0
13008,27.19143252357409,0
13009,29.178023668853186,0
13010,28.815424563467793,0
13011,31.073266820154455,0
13012,29.798954575727468,0
13013,29.923520083056207,0
13014,33.471847158480614,0
13015,30.17296660901346,0
13016,32.434281361345704,0
13017,31.505619234408325,0
13018,33.27024542748916,0
13019,32.79840631643775,0
13020,33.9120139791056,0
13021,33.80176375527831,0
13022,31.346015850403106,0
13023,31.95960011542232,0
13024,31.03886817008909,0
13025,29.729992765883136,0
13026,30.840492034012478,0
13027,30.108607419649413,0
13028,29.066518603296323,0
13029,31.238973045620305,0
13030,30.563469224430484,0
13031,28.23807896993975,0
13032,28.580954660780638,0
13033,29.12248522705605,0
13034,26.638363792380837,0
13035,25.549720294454808,0
13036,25.749058651103947,0
13037,24.929298939783845,0
13038,25.481674301211765,0
13039,24.089343814017738,0
13040,22.64345619517526,0
13041,22.760660543732268,0
13042,22.925502174447153,0
13043,21.957779789073708,0
13044,22.57334035998212,0
13045,20.898242350368783,0
13046,23.583126712249282,0
13047,24.143157727647147,0
13048,24.192323816461528,0
13049,22.39536272191244,0
13050,23.596642616387633,0
13051,25.18237262387735,0
13052,22.679081189718687,0
13053,26.105854560860788,0
13054,27.314959700196457,0
13055,28.00010718709344,0
13056,26.851899581347475,0
13057,29.716790933699528,0
13058,30.756581405621265,0
13059,30.144787229545308,0
13060,31.38645423623848,0
13061,32.12867843830935,0
13062,32.530103538344285,0
13063,30.733021785065574,0
13064,33.56872758393866,0
13065,32.262194268888756,0
13066,32.396180988541836,0
13067,31.867609458327568,0
13068,32.45524053552743,0
13069,32.06791253760939,0
13070,32.62788282605918,0
13071,33.4154856346323,0
13072,31.713832840981855,0
13073,30.698987389260825,0
13074,32.17880386487092,0
13075,33.25853736407985,0
13076,29.943955335630427,0
13077,28.48732346954629,0
13078,28.82158983923489,0
13079,29.287188422403645,0
13080,28.083064468807642,0
13081,26.56757313741461,0
13082,26.368800688450655,0
13083,25.873508518824952,0
13084,26.53939800420532,0
13085,23.88871937553415,0
13086,25.539238967029075,0
13087,23.4158563569895,0
13088,24.43138642494621,0
13089,23.942150200105633,0
13090,22.659189870165626,0
13091,23.019150949152618,0
13092,22.753097304140983,0
13093,23.14567772469881,0
13094,23.17051951198209,0
13095,24.036186544222712,0
13096,22.086945176024187,0
13097,23.376599920483955,0
13098,26.07294196085375,0
13099,24.039872339800286,0
13100,25.330954412338357,0
13101,24.206782262926517,0
13102,28.863226424736112,0
13103,28.37449745989209,0
13104,29.069611090965502,0
13105,29.420582954465445,0
13106,30.759801652919883,0
13107,30.783728780122022,0
13108,29.097044997673358,0
13109,30.02335636700694,0
13110,29.999872170087308,0
13111,31.003861681818474,0
13112,33.040221525659746,0
13113,32.21797471794485,0
13114,32.78905330991799,0
13115,32.887871925218846,0
13116,34.273804723951855,0
13117,33.442393630139776,0
13118,34.764482321030364,0
13119,33.721544755058446,0
13120,31.62616166899668,0
13121,30.967245072296226,0
13122,30.986629199469256,0
13123,31.28102949489269,0
13124,29.89397309060208,0
13125,28.663662052841218,0
13126,30.078289976819722,0
13127,28.47254718194545,0
13128,29.8084010954974,0
13129,27.028712751183594,0
13130,28.308294842049804,0
13131,25.471941281795903,0
13132,23.619388688257587,0
13133,24.325574771933915,0
13134,26.673706868190447,0
13135,25.057113088131825,0
13136,24.439384261908554,0
13137,23.52047778976934,0
13138,22.411744531792298,0
13139,24.755999782140194,0
13140,23.011723561179053,0
13141,23.210402993563353,0
13142,22.666439509516557,0
13143,23.278375372536086,0
13144,23.82233330299384,0
13145,24.65278212708941,0
13146,25.17812559705332,0
13147,25.073181564644383,0
13148,26.005915755209514,0
13149,24.634595724917634,0
13150,26.732906106319298,0
13151,26.60408481635572,0
13152,27.684097020216072,0
13153,30.307223011693893,0
13154,28.93392158481835,0
13155,29.157782761687724,0
13156,31.058802837817634,0
13157,29.929994549692626,0
13158,30.103090403402096,0
13159,32.37019182177855,0
13160,32.41293110522501,0
13161,31.83878920783181,0
13162,31.812852733761076,0
13163,31.77650924936323,0
13164,32.34183517851162,0
13165,35.51183410322254,0
13166,32.09685674387474,0
13167,31.671566798849238,0
13168,32.42754395626269,0
13169,33.185546024577306,0
13170,29.329329763673307,0
13171,30.061985967358833,0
13172,31.01051794099857,0
13173,29.30854900512403,0
13174,29.680992321451356,0
13175,28.1314408821992,0
13176,27.92845838232436,0
13177,26.35485399380542,0
13178,26.32454949703035,0
13179,26.193208711265495,0
13180,25.355461580307402,0
13181,26.687101940639444,0
13182,24.55600546999388,0
13183,23.17960003386442,0
13184,22.62406506185948,0
13185,21.967954271959712,0
13186,23.21026922285684,0
13187,23.430508921574,0
13188,23.604043990439123,0
13189,20.886354050804837,0
13190,21.396692936413558,0
13191,24.21002246006927,0
13192,26.34360469156023,0
13193,24.99451801784054,0
13194,25.27022065684774,0
13195,24.42665855702161,0
13196,24.980918776774836,0
13197,26.451898390021924,0
13198,25.86282795483041,0
13199,25.87643951396076,0
13200,28.211495277990924,0
13201,27.45062808290165,0
13202,28.16557731991195,0
13203,27.471249784913837,0
13204,30.9903552381748,0
13205,31.493642791371865,0
13206,31.53705339185192,0
13207,30.99723117786866,0
13208,31.529449846101446,0
13209,32.2671396821559,0
13210,32.90250030347175,0
13211,32.478899747634294,0
13212,32.369329526964314,0
13213,32.49708163160412,0
13214,31.752147367209986,0
13215,31.464937617647077,0
13216,32.43816222185538,0
13217,31.276265617656517,0
13218,31.53926446626127,0
13219,31.63985611234617,0
13220,29.617048223367497,0
13221,30.15440441045176,0
13222,29.56389234188414,0
13223,28.521547187813326,0
13224,29.792419185772438,0
13225,26.96656756566784,0
13226,28.38807219749376,0
13227,27.082669114669457,0
13228,25.502554368925914,0
13229,25.795040561613046,0
13230,24.35139301268724,0
13231,25.710114974611685,0
13232,24.23392355037984,0
13233,25.225199098241145,0
13234,22.447538279256356,0
13235,22.379097648539087,0
13236,25.629156431059084,0
13237,23.197570369072025,0
13238,22.724891164345017,0
13239,22.299572600669258,0
13240,24.03444044742622,0
13241,24.9504872972447,0
13242,25.59680029442031,0
13243,25.13369472358622,0
13244,24.663149554036647,0
13245,26.413413631627257,0
13246,26.36547368511172,0
13247,25.712029711446203,0
13248,28.614103649361972,0
13249,27.836372660314698,0
13250,28.635274349513526,0
13251,30.51323668740235,0
13252,30.325287692002174,0
13253,30.3371942827406,0
13254,30.051078539605996,0
13255,33.79165177727929,0
13256,30.730395304282386,0
13257,33.04576979343215,0
13258,32.79325914403715,0
13259,31.859225953255088,0
13260,32.77406494601109,0
13261,32.81431115397237,0
13262,33.27240596393932,0
13263,32.85283055977879,0
13264,33.65523089028429,0
13265,32.64184690697538,0
13266,30.5540219956596,0
13267,32.33809575554211,0
13268,30.731959830918647,0
13269,28.24504569709182,0
13270,30.77751719897864,0
13271,27.869013601411257,0
13272,27.696318682898788,0
13273,27.653701944043263,0
13274,27.48715753492899,0
13275,26.312126043886853,0
13276,27.185967100647595,0
13277,23.987629279524207,0
13278,24.052904191661412,0
13279,23.781393778776525,0
13280,25.483009541630153,0
13281,24.97351900700395,0
13282,21.917277831653585,0
13283,24.08477283406577,0
13284,22.84016792019032,0
13285,20.43066703074765,0
13286,24.019697462447894,0
13287,21.580353140586666,0
13288,21.635805717214335,0
13289,24.754595246193738,0
13290,25.117401398249104,0
13291,24.6166213102413,0
13292,24.373396738924985,0
13293,26.079134303103512,0
13294,25.84033294779362,0
13295,27.069222427059344,0
13296,27.455134416841876,0
13297,28.46647688278521,0
13298,28.094328439021158,0
13299,29.13684788385222,0
13300,31.005321680715127,0
13301,29.458577422913855,0
13302,32.0227373320496,0
13303,32.0547033290771,0
13304,31.288854275524464,0
13305,31.47729811231627,0
13306,31.832216827300755,0
13307,32.48991871652181,0
13308,32.15821812543262,0
13309,33.78235050897887,0
13310,31.87390189546327,0
13311,32.87965470600151,0
13312,31.713484739335534,0
13313,32.45186684281345,0
13314,32.16384372199427,0
13315,29.958840950254753,0
13316,29.95020439876717,0
13317,29.995735298849294,0
13318,30.154967613277233,0
13319,28.713179399301534,0
13320,28.62641154313723,0
13321,27.02169031686306,0
13322,26.40987268244304,0
13323,24.823829642960018,0
13324,23.513768533906408,0
13325,23.97255534006884,0
13326,25.02170634543832,0
13327,24.418282539628116,0
13328,23.191023115561396,0
13329,24.367056020103778,0
13330,23.63079512499993,0
13331,21.381858184967623,0
13332,23.76646131890988,0
13333,22.992241868616237,0
13334,22.75763971147957,0
13335,22.677156478948795,0
13336,23.91215335437325,0
13337,24.68653136149864,0
13338,23.798952149968333,0
13339,25.260702186493198,0
13340,24.01979571287915,0
13341,25.59656209209731,0
13342,27.463987941807634,0
13343,28.277215228993267,0
13344,27.46188045661023,0
13345,29.498676497023684,0
13346,28.91161215164144,0
13347,29.892290430088554,0
13348,29.821731885979528,0
13349,34.623724168107316,0
13350,31.361551531471196,0
13351,31.713660799332725,0
13352,31.78909554377539,0
13353,33.799721667732854,0
13354,34.824996505458266,0
13355,32.06010730281032,0
13356,33.17558665456642,0
13357,32.498323015258684,0
13358,33.104543414438695,0
13359,32.191972608362555,0
13360,34.14818021586941,0
13361,31.555403483321182,0
13362,32.522587543350376,0
13363,32.113517901138934,0
13364,30.107117574618055,0
13365,31.29939173235985,0
13366,29.298885260443942,0
13367,28.155969968372776,0
13368,27.089814532722652,0
13369,27.709131300152034,0
13370,27.156445629983114,0
13371,24.939280203948478,0
13372,25.417251976229633,0
13373,23.519192158148904,0
13374,22.51602276082309,0
13375,25.42330726829653,0
13376,22.334769752917605,0
13377,22.018696109304482,0
13378,23.398526035734985,0
13379,22.233477119518373,0
13380,22.62765588653743,0
13381,22.584263113859667,0
13382,22.700711887388692,0
13383,24.122773226649898,0
13384,24.365175117790034,0
13385,24.509808905643645,0
13386,25.936205057494632,0
13387,24.03745506701579,0
13388,25.536770745598783,0
13389,27.64337458543032,0
13390,26.569451345793677,0
13391,29.09995399606773,0
13392,28.44649779918049,0
13393,27.23115565202281,0
13394,28.784746774242443,0
13395,30.265991515002646,0
13396,30.733651902240602,0
13397,31.313946467268018,0
13398,31.809840342817857,0
13399,30.769674953551576,0
13400,32.34672931093326,0
13401,33.010119693649536,0
13402,33.04151767547284,0
13403,34.22613597495826,0
13404,32.41996360604956,0
13405,34.84346026811435,0
13406,34.0301454339431,0
13407,33.467273237519535,0
13408,31.870612833986762,0
13409,32.39660841402762,0
13410,32.93505832271082,0
13411,31.974124684584943,0
13412,32.48623433810078,0
13413,28.215781031115593,0
13414,28.60695270760826,0
13415,26.292667266457727,0
13416,27.89288307200703,0
13417,27.79218368533547,0
13418,26.591943846773447,0
13419,27.160422821158456,0
13420,26.649334109223524,0
13421,23.381592201624066,0
13422,24.4565749625353,0
13423,24.072790518607075,0
13424,21.75394924055684,0
13425,24.261010557898555,0
13426,22.64652827279325,0
13427,21.138745828708494,0
13428,22.7445975755326,0
13429,23.422149527806567,0
13430,22.98280955897359,0
13431,23.659036057224746,0
13432,23.970711878215116,0
13433,23.065120286947675,0
13434,25.088380856229627,0
13435,23.49572320903842,0
13436,24.621078920082294,0
13437,24.587316517087217,0
13438,27.64714683470127,0
13439,29.97306808207175,0
13440,27.41390843372946,0
13441,29.8322164038239,0
13442,29.131424906360213,0
13443,29.19935685517216,0
13444,30.021837464719127,0
13445,30.349088768366748,0
13446,31.16127795925317,0
13447,31.045109037164135,0
13448,31.767055966780852,0
13449,32.13804464887676,0
13450,33.99440810629749,0
13451,33.67950874661338,0
13452,34.44177628213649,0
13453,35.521544575945384,0
13454,30.544498727690904,0
13455,29.918504614746922,0
13456,32.884132334608815,0
13457,32.3970028358696,0
13458,30.80838709394074,0
13459,30.91990566237133,0
13460,28.913552737758618,0
13461,29.774168846424157,0
13462,28.403364260879794,0
13463,31.29193028242009,0
13464,27.972603130404188,0
13465,27.98065758935565,0
13466,28.754011018415476,0
13467,26.34649324871161,0
13468,25.159245064358593,0
13469,25.044627142404472,0
13470,23.553744356964323,0
13471,25.339917531322467,0
13472,22.02513003441535,0
13473,22.235980734604663,0
13474,24.37747416765571,0
13475,21.90718245671308,0
13476,21.599629478071673,0
13477,22.619488944624383,0
13478,22.83792649263551,0
13479,23.81166059062266,0
13480,23.790745221442815,0
13481,24.452665899637772,0
13482,25.69357770279636,0
13483,23.840244295019744,0
13484,26.16371045644452,0
13485,27.941747123006415,0
13486,27.220783765968527,0
13487,27.915685310467936,0
13488,28.001975903228477,0
13489,28.45091456280288,0
13490,28.395481146855435,0
13491,28.662698422199696,0
13492,31.460625933753555,0
13493,31.18541831239862,0
13494,32.12845002377514,0
13495,31.289277843909368,0
13496,32.645902015206296,0
13497,33.301209161286046,0
13498,32.88466693156488,0
13499,33.556502943422075,0
13500,31.395163006838622,0
13501,33.127819579013455,0
13502,31.014601104993318,0
13503,32.146899743905045,0
13504,32.665934242138185,0
13505,33.06710231678449,0
13506,32.81893390335021,0
13507,30.86892670117226,0
13508,30.053473982485233,0
13509,30.259992964213158,0
13510,30.417453192417007,0
13511,29.39138903421531,0
13512,28.26136739186352,0
13513,27.048880729765166,0
13514,25.800467095286873,0
13515,25.4854990269559,0
13516,25.722101146370143,0
13517,25.488911156167024,0
13518,22.159338589481393,0
13519,24.33950349461474,0
13520,23.466396224617913,0
13521,24.08325617416686,0
13522,23.008166751619843,0
13523,24.052739459667652,0
13524,22.51600054583748,0
13525,22.350425795829846,0
13526,23.86367755221686,0
13527,23.093922833568552,0
13528,23.113844656742888,0
13529,21.7191820184257,0
13530,23.41836463858144,0
13531,27.237495861223838,0
13532,25.650509528714437,0
13533,26.150591441218406,0
13534,25.809777888601353,0
13535,27.36062187778191,0
13536,27.796874414874395,0
13537,29.31114905041343,0
13538,29.903065342023964,0
13539,29.013821802750282,0
13540,29.461198144914697,0
13541,30.41413632031097,0
13542,32.40674226532987,0
13543,31.31947233028601,0
13544,32.641227754056914,0
13545,33.66814394100081,0
13546,31.525111535147133,0
13547,31.396486969372383,0
13548,31.94722470857824,0
13549,32.268993184435445,0
13550,34.27296547360475,0
13551,31.797514782878395,0
13552,32.62000797558544,0
13553,32.523585088889554,0
13554,32.195631914568956,0
13555,29.76283270206534,0
13556,30.542308777009836,0
13557,28.925989094603352,0
13558,27.97426189382403,0
13559,27.22698889796583,0
13560,27.392304818937344,0
13561,27.00548340704486,0
13562,28.56270279259103,0
13563,27.520710840080753,0
13564,23.4607942209209,0
13565,24.554824691598853,0
13566,25.033609432366884,0
13567,25.02578419534265,0
13568,25.648908091264378,0
13569,23.466049041339517,0
13570,23.916105807024838,0
13571,23.478111202550114,0
13572,23.941697314260598,0
13573,22.169793462891583,0
13574,21.749901264526123,0
13575,24.99182453514851,0
13576,22.41571012103135,0
13577,24.137674402392598,0
13578,23.57847165821089,0
13579,25.099948554002676,0
13580,24.97580736528974,0
13581,27.19289526416454,0
13582,25.95294060079108,0
13583,26.774478900783034,0
13584,27.752370693622716,0
13585,27.716296539340316,0
13586,28.491556847260703,0
13587,30.1733942482293,0
13588,31.079834619634454,0
13589,32.71386229640803,0
13590,30.643892900400147,0
13591,33.18025272600774,0
13592,32.85058579847611,0
13593,33.42340583785554,0
13594,33.652368697786414,0
13595,33.450326327360614,0
13596,33.544413388453684,0
13597,34.64019129476161,0
13598,32.793066654673154,0
13599,32.737060456743464,0
13600,32.216002562305334,0
13601,32.75571098221112,0
13602,33.23411954232931,0
13603,29.293681520786784,0
13604,31.85910098528858,0
13605,30.601516994737672,0
13606,31.387497127570448,0
13607,28.699420188510253,0
13608,26.776275879826006,0
13609,28.4574057604088,0
13610,26.538507302201452,0
13611,26.54012928538276,0
13612,26.25009875777113,0
13613,26.711825935193247,0
13614,23.785284393459044,0
13615,21.70847487284176,0
13616,24.766416176957208,0
13617,22.90497910591911,0
13618,22.860654669537677,0
13619,23.019304278637737,0
13620,22.08601812266331,0
13621,23.325877105598238,0
13622,23.14079354234004,0
13623,23.685937950425117,0
13624,21.4874411215351,0
13625,22.789261728223707,0
13626,27.078633712609133,0
13627,23.46885841235748,0
13628,26.820127337907476,0
13629,27.122093037951167,0
13630,26.140250813947098,0
13631,27.350652542292657,0
13632,27.78536273382674,0
13633,26.66852768326847,0
13634,27.10462565799671,0
13635,30.745331117493716,0
13636,29.99389002527046,0
13637,30.181928843503066,0
13638,30.58596877849149,0
13639,32.57389371595692,0
13640,32.4382022054039,0
13641,32.64627598131196,0
13642,32.76024385744851,0
13643,32.81857450436906,0
13644,31.861834097781358,0
13645,33.173641012237645,0
13646,33.99554979562521,0
13647,31.922776369700248,0
13648,32.391546100841275,0
13649,31.772845977392816,0
13650,31.44182191981706,0
13651,31.630260676156375,0
13652,30.162625095097177,0
13653,28.51765930182826,0
13654,30.11250125262486,0
13655,27.285778877412856,0
13656,27.247878177475627,0
13657,27.05189668332325,0
13658,27.05718841716267,0
13659,25.69828643248063,0
13660,25.906997492873014,0
13661,25.564255015626934,0
13662,23.989690498957387,0
13663,23.152541378941287,0
13664,23.31491578566732,0
13665,22.556579746992583,0
13666,22.933472677969018,0
13667,25.193161099227577,0
13668,22.86064834529235,0
13669,22.011496363551178,0
13670,24.247816015988676,0
13671,23.992145049332006,0
13672,24.702905342188135,0
13673,22.645096358669292,0
13674,24.180234926238715,0
13675,24.533399277415874,0
13676,26.215612065873806,0
13677,24.583818440501265,0
13678,27.74224301967071,0
13679,26.490585311139878,0
13680,29.737215825109278,0
13681,28.305079895288614,0
13682,30.220905612794088,0
13683,30.430607973508597,0
13684,29.796941183422046,0
13685,29.8321710615263,0
13686,31.51256704561431,0
13687,31.957975260846432,0
13688,32.45396606453898,0
13689,31.559786240633244,0
13690,31.861139034265854,0
13691,31.28601593432091,0
13692,32.94602247275189,0
13693,34.05974897483122,0
13694,33.03345706959503,0
13695,31.610706013840737,0
13696,31.937432174953337,0
13697,32.37790365435473,0
13698,32.963677082963684,0
13699,29.765342749379727,0
13700,31.112831231734937,0
13701,29.744881157039785,0
13702,28.764962034752052,0
13703,29.549786658764035,0
13704,28.267277777298,0
13705,26.680337681565405,0
13706,25.95378369551581,0
13707,28.23728498233059,0
13708,24.67285219488837,0
13709,24.480997141109437,0
13710,26.9497434153446,0
13711,23.8236968251411,0
13712,24.092388946641886,0
13713,24.00027041598497,0
13714,23.591562173673573,0
13715,22.927549185062357,0
13716,25.077303991179683,0
13717,22.093916038045734,0
13718,21.13698012923117,0
13719,25.72434040458017,0
13720,23.022981663484774,0
13721,22.933369026595045,0
13722,25.626524890569073,0
13723,26.039017589720316,0
13724,26.07513865671377,0
13725,26.31496300366923,0
13726,25.947117400789057,0
13727,28.21689270294804,0
13728,28.392909238848464,0
13729,27.58461334425535,0
13730,28.93061682442008,0
13731,29.56641525416923,0
13732,29.95330346086063,0
13733,29.14992559474376,0
13734,29.659319808104733,0
13735,31.844816227629774,0
13736,32.63646286602433,0
13737,32.18346745711779,0
13738,33.855952192015486,0
13739,31.143099332887637,0
13740,32.75971954335287,0
13741,33.61496621326556,0
13742,32.55119605759526,0
13743,31.343121370496352,0
13744,33.1402512935468,0
13745,32.12550348126986,0
13746,31.27742622458247,0
13747,32.57712061875099,0
13748,28.889967767688727,0
13749,29.18655293258591,0
13750,28.93541356049003,0
13751,29.436021405022657,0
13752,27.171512314240886,0
13753,27.330495251327484,0
13754,24.92325958558958,0
13755,26.041483778241485,0
13756,24.652333178351363,0
13757,23.50936216868714,0
13758,24.347642789536163,0
13759,23.20762427825697,0
13760,23.16572976216561,0
13761,23.045771608008636,0
13762,23.350899717004744,0
13763,22.851722619512863,0
13764,21.994329236768863,0
13765,22.74112904365762,0
13766,21.627393891492282,0
13767,22.345408379412895,0
13768,23.036400994365312,0
13769,24.41175610925376,0
13770,25.863021723491105,0
13771,27.209221176078117,0
13772,25.291240378946114,0
13773,24.16697527115138,0
13774,26.124634061311376,0
13775,28.778488336481608,0
13776,28.79415605723287,0
13777,28.985202760175586,0
13778,29.295414996474733,0
13779,30.445444419408147,0
13780,28.99655158207093,0
13781,29.70393517007253,0
13782,31.653167668336604,0
13783,31.226109671317648,0
13784,31.806297124064912,0
13785,32.753035148742406,0
13786,31.84612443489682,0
13787,33.35596061618013,0
13788,32.745463556727415,0
13789,33.131417292547624,0
13790,33.37298612500369,0
13791,32.414301439142385,0
13792,32.49787250963692,0
13793,31.325449226389754,0
13794,30.26218030954474,0
13795,30.3064960651591,0
13796,30.788830975976637,0
13797,29.440280214542806,0
13798,29.594710633499076,0
13799,31.0012629335981,0
13800,27.68339556749999,0
13801,27.691540445395216,0
13802,26.444516982858747,0
13803,26.809670761980097,0
13804,25.463769883545872,0
13805,24.143979506555414,0
13806,24.448091894209014,0
13807,24.088051449645125,0
13808,23.525779878443036,0
13809,23.29955101803768,0
13810,23.002884058999406,0
13811,23.383117748141057,0
13812,22.34939307583439,0
13813,23.660064914181852,0
13814,23.384233453741317,0
13815,22.43840726522115,0
13816,22.558050500641883,0
13817,24.339646054803783,0
13818,24.48909895413948,0
13819,25.59241770966914,0
13820,25.357666593838527,0
13821,25.944925238186695,0
13822,25.13902398730022,0
13823,26.15122773492915,0
13824,28.322779527828438,0
13825,28.279093136924793,0
13826,29.05133991395253,0
13827,30.366714427086833,0
13828,29.417920248722027,0
13829,30.111044383864524,0
13830,30.173109653362083,0
13831,32.0455173871451,0
13832,32.12428746890095,0
13833,30.769405350260868,0
13834,35.04730508572515,0
13835,33.536979128681565,0
13836,33.95971861339629,0
13837,33.0805037422527,0
13838,33.86166251709578,0
13839,31.61700832730269,0
13840,30.962595535521633,0
13841,31.536121864998982,0
13842,30.756896022825423,0
13843,31.219550566056594,0
13844,31.266152226960187,0
13845,29.40029316162309,0
13846,29.207464851956157,0
13847,28.189747745334305,0
13848,27.89075025223486,0
13849,28.32485342312686,0
13850,27.241865235650742,0
13851,26.956158781588382,0
13852,27.762301180825943,0
13853,25.1116530441921,0
13854,24.791351918784827,0
13855,24.451646004310437,0
13856,23.25716695990258,0
13857,23.70123837597386,0
13858,21.79731254447053,0
13859,21.770804738912705,0
13860,22.991722723346815,0
13861,22.992963607466976,0
13862,23.005505772378577,0
13863,23.964031321136645,0
13864,24.18477312286315,0
13865,24.713311719680945,0
13866,24.440541133391207,0
13867,24.408197971037975,0
13868,25.485493295136155,0
13869,24.40530929537441,0
13870,26.05331115547962,0
13871,26.939536177558704,0
13872,26.63717964758641,0
13873,27.752886809820215,0
13874,28.491027549251744,0
13875,28.30949268879281,0
13876,30.74408223220248,0
13877,30.545194116783684,0
13878,32.560187992784215,0
13879,31.137243961843687,0
13880,33.44309668221661,0
13881,31.894287511080243,0
13882,32.6035961610697,0
13883,31.488974644041175,0
13884,31.02774419584547,0
13885,33.67591573358322,0
13886,32.30523775510456,0
13887,31.797811989278998,0
13888,32.592615702594266,0
13889,30.33183796827594,0
13890,31.904141438220016,0
13891,31.117785964428393,0
13892,30.593663896360635,0
13893,28.78783802602918,0
13894,27.81532531998742,0
13895,28.93078122939625,0
13896,28.82977775928916,0
13897,27.85204311386909,0
13898,27.492951475231774,0
13899,26.160761163330694,0
13900,24.866916530689746,0
13901,26.0255672778046,0
13902,24.95063280162195,0
13903,25.266241488550683,0
13904,22.966899412954252,0
13905,23.469182174477705,0
13906,24.08827545336714,0
13907,22.06943674227817,0
13908,23.582150973374883,0
13909,22.85679830662053,0
13910,21.795387792418374,0
13911,21.46001908667523,0
13912,24.173405676148434,0
13913,22.65579330112925,0
13914,25.301614836030158,0
13915,25.020584199577655,0
13916,25.033702546056926,0
13917,26.769310369930523,0
13918,27.18002979149759,0
13919,27.14598960247114,0
13920,27.10108402679893,0
13921,26.927214648944513,0
13922,29.423070179330924,0
13923,29.01031663108239,0
13924,29.089824611601177,0
13925,31.05385941395616,0
13926,30.408465042045684,0
13927,33.580215043387426,0
13928,29.867288431697407,0
13929,33.389234912722934,0
13930,32.10249283529593,0
13931,30.56697163013237,0
13932,33.8691473117878,0
13933,31.81079970658175,0
13934,35.30032044027497,0
13935,31.00166847287952,0
13936,31.723859195401467,0
13937,32.93414892620369,0
13938,30.699595710920054,0
13939,33.59057367565858,0
13940,30.839921061638464,0
13941,28.476313296244452,0
13942,29.28716383801481,0
13943,27.47907994959652,0
13944,29.117293601558988,0
13945,28.505827196365946,0
13946,27.28363862645217,0
13947,24.924632668890737,0
13948,25.404164406293745,0
13949,26.33311130051077,0
13950,23.73078384230916,0
13951,22.74522860137009,0
13952,22.575055548688898,0
13953,24.378908868571656,0
13954,24.32645690959587,0
13955,21.551221983625837,0
13956,21.830009100371015,0
13957,21.57388515889577,0
13958,23.81006777772319,0
13959,22.54716384409969,0
13960,24.25798189761986,0
13961,24.63594564708155,0
13962,24.195658663728953,0
13963,26.59072863532891,0
13964,24.812869038890366,0
13965,27.004743532340246,0
13966,26.057145255181236,0
13967,26.736498038830486,0
13968,27.195895246109632,0
13969,29.841198342058444,0
13970,30.06088151662167,0
13971,30.5553232593751,0
13972,30.968166687000156,0
13973,30.781729597871653,0
13974,32.70332702230194,0
13975,32.793038686760276,0
13976,32.48082110126865,0
13977,35.477070598674985,0
13978,33.045773453975215,0
13979,31.86636633712764,0
13980,32.32477870724422,0
13981,33.868383912822225,0
13982,34.22186733329893,0
13983,34.34907148252253,0
13984,33.47597900919101,0
13985,31.33963745581057,0
13986,31.564944018613577,0
13987,32.525719968806314,0
13988,30.30387244026637,0
13989,31.071939745121295,0
13990,30.87907966415522,0
13991,29.754082282336167,0
13992,29.524054636616704,0
13993,27.621854406980642,0
13994,27.59256586974228,0
13995,23.61011266592534,0
13996,26.5380765209206,0
13997,26.18434846047039,0
13998,24.266303037177654,0
13999,25.13811529328666,0
14000,25.06551311078209,0
14001,23.703869317347536,0
14002,23.563326902529298,0
14003,22.43924323466827,0
14004,22.89189314618307,0
14005,22.67595070352207,0
14006,22.968674394227172,0
14007,22.43355110455086,0
14008,24.66423081715936,0
14009,24.5469226377232,0
14010,23.688738553730076,0
14011,24.967971032025112,0
14012,25.846424363588042,0
14013,26.45332529004884,0
14014,26.19713478336426,0
14015,27.236425149748754,0
14016,28.351661798078833,0
14017,28.309701946587364,0
14018,28.48005979827499,0
14019,29.404879942546987,0
14020,31.231762098199752,0
14021,31.003386269569287,0
14022,31.752046417935034,0
14023,32.584460030574355,0
14024,32.24453324742953,0
14025,32.911028038519014,0
14026,31.925169903981452,0
14027,31.35767474515425,0
14028,34.02799304386551,0
14029,31.63169883183366,0
14030,31.769065132133033,0
14031,32.594834178157726,0
14032,33.050562941375745,0
14033,31.593129816520896,0
14034,31.27058022022733,0
14035,30.912615321729813,0
14036,29.509068583416298,0
14037,31.00153293353742,0
14038,30.950920535065006,0
14039,28.767875067880194,0
14040,27.84811778700108,0
14041,27.733555814697063,0
14042,26.851538459964377,0
14043,25.453183593479082,0
14044,25.38979642429093,0
14045,25.18317144219796,0
14046,25.06301070136598,0
14047,22.293684236822163,0
14048,23.027711638329276,0
14049,23.273021271527977,0
14050,22.49291558748532,0
14051,23.874556486523346,0
14052,23.255809392067686,0
14053,21.713086097841263,0
14054,24.114580041028876,0
14055,22.2483737897307,0
14056,23.76144307663394,0
14057,24.17483514906152,0
14058,25.005517315471035,0
14059,24.36313805359757,0
14060,24.87492849425844,0
14061,26.332573530995504,0
14062,25.854868618197738,0
14063,26.59045921615704,0
14064,28.504271311178382,0
14065,26.552625887320904,0
14066,30.36630538958682,0
14067,28.83387673990066,0
14068,31.3416380562997,0
14069,30.714429261912837,0
14070,30.984372211392238,0
14071,30.33045099503249,0
14072,33.080289247652175,0
14073,30.839734130977597,0
14074,31.812161564868102,0
14075,32.206421891487885,0
14076,30.591975281173934,0
14077,33.55665192594154,0
14078,33.83641675596431,0
14079,32.814318317216426,0
14080,31.648311024450905,0
14081,33.560657500582195,0
14082,31.60210974595066,0
14083,31.17580263697643,0
14084,30.7054032093856,0
14085,29.35381860997931,0
14086,29.32893086201164,0
14087,26.699690668676816,0
14088,28.029079487180873,0
14089,26.128699916943138,0
14090,27.77026185493884,0
14091,26.112108360718782,0
14092,25.930329539132693,0
14093,24.31836902199941,0
14094,25.23482184476485,0
14095,23.99751576586663,0
14096,23.447977170348054,0
14097,23.748110362117174,0
14098,22.3234398918836,0
14099,24.79798290215232,0
14100,21.713625581278734,0
14101,23.050618719046653,0
14102,23.78947523566618,0
14103,24.759446215840754,0
14104,22.42635292680639,0
14105,22.365955227884097,0
14106,23.83365413612321,0
14107,25.926300125121223,0
14108,25.070364622737127,0
14109,26.128251789570104,0
14110,26.39143102963067,0
14111,27.330756644801117,0
14112,27.58672696795225,0
14113,29.35757876512915,0
14114,28.493877615114044,0
14115,32.024483395641106,0
14116,29.375341194867122,0
14117,30.95917011956115,0
14118,31.66620637464139,0
14119,31.675850997328453,0
14120,31.583445643029616,0
14121,34.17729687017689,0
14122,31.669193230681586,0
14123,29.935271815881364,0
14124,34.26509635050082,0
14125,32.55510979509061,0
14126,33.610229164210644,0
14127,33.76383299733822,0
14128,33.50897284615951,0
14129,31.51206813702484,0
14130,30.156698588332638,0
14131,30.978167634522777,0
14132,31.467312790846044,0
14133,31.367150762164023,0
14134,27.19389166074521,0
14135,29.378552756680822,0
14136,29.87758254738273,0
14137,29.466518595214342,0
14138,28.769081533500934,0
14139,25.53617146812531,0
14140,24.46376358150867,0
14141,24.967108112752214,0
14142,24.801769313360047,0
14143,23.688546668510465,0
14144,23.212936586686464,0
14145,23.956412452637696,0
14146,23.074981580213322,0
14147,23.23965910111822,0
14148,24.538672470802357,0
14149,23.642643782728754,0
14150,22.184588370502905,0
14151,25.620263779961807,0
14152,23.951099288729623,0
14153,25.246814497652892,0
14154,23.951502933199436,0
14155,23.71151686781822,0
14156,26.612558069147322,0
14157,25.32374524506391,0
14158,26.413613113882125,0
14159,26.878581000982198,0
14160,28.696399965558843,0
14161,29.074878561416437,0
14162,28.68579236220235,0
14163,28.994586060451503,0
14164,29.64354179023727,0
14165,33.65851913436882,0
14166,32.3381086965418,0
14167,31.31060236984809,0
14168,32.38643277782715,0
14169,32.415971435847254,0
14170,32.72958775363176,0
14171,33.329046550687714,0
14172,32.7335146446357,0
14173,31.578030617316124,0
14174,32.93479693549173,0
14175,34.591445618779225,0
14176,33.32960940438275,0
14177,32.84666478304618,0
14178,31.8511701868294,0
14179,31.19532481204047,0
14180,30.53621045050918,0
14181,30.73321547630539,0
14182,29.75774397435294,0
14183,28.416144695732303,0
14184,27.64743667656389,0
14185,27.11295051595852,0
14186,26.617734850906892,0
14187,26.599591865191456,0
14188,24.6415695440069,0
14189,26.044050607114468,0
14190,25.832396292089243,0
14191,24.226381498636385,0
14192,25.618942616328898,0
14193,22.447323547320167,0
14194,20.88221229996909,0
14195,22.3686552116611,0
14196,22.87253869566996,0
14197,21.41236091037635,0
14198,24.428299200375537,0
14199,22.227066015110125,0
14200,21.19533614697516,0
14201,25.69484074289827,0
14202,23.387576322235837,0
14203,24.885697295946194,0
14204,25.92888280333991,0
14205,24.43396363382785,0
14206,26.39533719869604,0
14207,25.12977594718183,0
14208,27.755045830930307,0
14209,28.724471394927605,0
14210,28.64775721143505,0
14211,29.940250593040187,0
14212,29.26151277615069,0
14213,29.39910644116356,0
14214,31.87885456642909,0
14215,32.457108070104496,0
14216,32.3731725396187,0
14217,31.65594426679831,0
14218,31.844542511988674,0
14219,32.99169950473529,0
14220,32.957046522467806,0
14221,31.931730851985776,0
14222,31.212187893772064,0
14223,32.962723213323144,0
14224,33.627823025339374,0
14225,33.32493630048491,0
14226,31.312729161794987,0
14227,29.991350483127114,0
14228,30.248029293950392,0
14229,27.67362097773006,0
14230,29.035666592489772,0
14231,27.641434729258684,0
14232,27.160494122152368,0
14233,26.057422832697902,0
14234,27.634128203399758,0
14235,24.0947042615692,0
14236,25.331694428476805,0
14237,23.773757136963923,0
14238,23.50365741298618,0
14239,24.44189968877411,0
14240,23.676574205941705,0
14241,22.579179624574557,0
14242,23.861318845791665,0
14243,22.69147201712696,0
14244,23.10284873131519,0
14245,23.011030029723248,0
14246,22.57503133313718,0
14247,23.30984415478633,0
14248,23.443078849377933,0
14249,24.040017476636383,0
14250,23.698064818759317,0
14251,25.93954346570936,0
14252,26.126331996071603,0
14253,25.643475987807893,0
14254,27.595047287140122,0
14255,26.908146850621332,0
14256,27.155436628037506,0
14257,28.686741828648568,0
14258,29.045636108102492,0
14259,29.139116163101974,0
14260,30.512710440884653,0
14261,30.881343575203005,0
14262,30.42647412443424,0
14263,31.34488915035678,0
14264,34.14824468020101,0
14265,32.38734027832153,0
14266,32.944811066573706,0
14267,31.689887370057765,0
14268,34.04378581580513,0
14269,32.46113136370622,0
14270,31.933805313757325,0
14271,31.901804583502155,0
14272,33.07094231721819,0
14273,31.286456403787685,0
14274,29.963958454028088,0
14275,31.990438155676305,0
14276,30.0915132039308,0
14277,27.734466978922264,0
14278,29.730831034649235,0
14279,28.379799975813192,0
14280,27.355964122977003,0
14281,25.968848223621862,0
14282,27.27765297273202,0
14283,26.69528667351054,0
14284,24.884731974249068,0
14285,25.32082392326054,0
14286,25.61790567809077,0
14287,25.015900882099814,0
14288,24.023350997826817,0
14289,22.161878650075707,0
14290,23.268599206420586,0
14291,22.397066450163365,0
14292,23.756116347473913,0
14293,24.198821649009954,0
14294,23.01236973629649,0
14295,24.572849611140644,0
14296,25.697038387791064,0
14297,24.116485331384023,0
14298,24.70544699251142,0
14299,24.66800965853578,0
14300,26.514415450842442,0
14301,25.535147779031984,0
14302,25.267322232649235,0
14303,28.855856299790847,0
14304,27.353370633179278,0
14305,29.95655862164328,0
14306,29.69648901211073,0
14307,30.253626444520915,0
14308,32.10547329568864,0
14309,30.77805872372576,0
14310,32.8962690019483,0
14311,33.82496850970716,0
14312,31.390036564548684,0
14313,35.16441005793961,0
14314,33.35476896863443,0
14315,34.250379693413805,0
14316,31.692559708223072,0
14317,32.01956091827535,0
14318,33.28595398565036,0
14319,30.82060621520995,0
14320,31.544985533254007,0
14321,31.538581199478326,0
14322,34.783024225989024,0
14323,30.883734790472637,0
14324,29.672959783509555,0
14325,28.10040865521136,0
14326,28.634942395364327,0
14327,28.138319392767897,0
14328,26.232299212169586,0
14329,28.220763763530496,0
14330,27.521301656117025,0
14331,25.516787453883012,0
14332,25.423418791127055,0
14333,27.773219167857345,0
14334,23.153121648955853,0
14335,25.800844525293975,0
14336,23.220881223436706,0
14337,22.492264263049304,0
14338,21.20549770241631,0
14339,23.89227861799515,0
14340,21.982659067916373,0
14341,23.00253056110025,0
14342,23.131269089190656,0
14343,22.28868971243708,0
14344,22.79230211511288,0
14345,22.30542128841595,0
14346,26.533340193011984,0
14347,24.18200331550103,0
14348,26.034620609381623,0
14349,26.206444072305647,0
14350,27.008593546330403,0
14351,29.13868432979214,0
14352,26.718359634829582,0
14353,27.81535395761308,0
14354,28.08211353690959,0
14355,31.558043059299816,0
14356,29.388820361556878,0
14357,30.72648457768857,0
14358,33.008312059515454,0
14359,31.157627526812277,0
14360,32.41339156353531,0
14361,32.354829734691215,0
14362,31.00733257907213,0
14363,33.589364136995044,0
14364,33.10826190822107,0
14365,31.764982416551792,0
14366,32.71799755023042,0
14367,31.61926231346547,0
14368,33.225293460655685,0
14369,32.58989918410165,0
14370,30.65802423104929,0
14371,28.4728667136546,0
14372,30.676151686441717,0
14373,30.942827122791034,0
14374,29.567995750613594,0
14375,29.49702792740353,0
14376,28.071566113266798,0
14377,26.60687541641994,0
14378,26.098068059127595,0
14379,26.16350347077506,0
14380,26.66457411999631,0
14381,25.403827088970278,0
14382,24.66640265503947,0
14383,25.212172061807713,0
14384,23.72448897784735,0
14385,23.925351876638576,0
14386,24.605480241393952,0
14387,22.378027531416038,0
14388,22.281277006960575,0
14389,23.903653530390617,0
14390,22.679505380826164,0
14391,22.08287459460919,0
14392,23.55011876947165,0
14393,25.595699574976987,0
14394,23.361749799498227,0
14395,24.0001280969086,0
14396,25.763334936070816,0
14397,26.33500592206917,0
14398,26.30497279832787,0
14399,27.39477333321907,0
14400,27.016873053577257,0
14401,30.569321735831384,0
14402,29.552619325820494,0
14403,28.70996269635653,0
14404,32.387432430203845,0
14405,32.22328571248386,0
14406,31.567068080234456,0
14407,32.62506502575206,0
14408,33.28720619848912,0
14409,32.171012833348605,0
14410,32.80323094021591,0
14411,33.84124306625657,0
14412,32.151781068984334,0
14413,32.090055706523074,0
14414,31.816929530781437,0
14415,32.677228329093786,0
14416,31.451784728480547,0
14417,31.919927997795057,0
14418,31.475455647419157,0
14419,31.858566299459003,0
14420,28.21838277933543,0
14421,31.233900342276645,0
14422,30.965216929884086,0
14423,29.337848593905598,0
14424,25.955205771946435,0
14425,27.70549648721427,0
14426,26.793504556027074,0
14427,23.707613318871076,0
14428,24.477670823242303,0
14429,25.13711800791409,0
14430,21.749257328389163,0
14431,24.850925432867186,0
14432,23.316208433029715,0
14433,24.980114497759388,0
14434,23.50587410946804,0
14435,22.195280837507024,0
14436,23.55941864001365,0
14437,21.893910947107795,0
14438,22.065030022734422,0
14439,24.743902296963114,0
14440,24.16200921740717,0
14441,23.819976721852715,0
14442,24.00597001252235,0
14443,26.272250697691266,0
14444,24.581272994151213,0
14445,26.372730247105505,0
14446,27.05562839061212,0
14447,29.832016942415056,0
14448,27.56000130966002,0
14449,30.736115802474657,0
14450,30.869440931744563,0
14451,29.102144596338913,0
14452,30.11142381502333,0
14453,31.051295456537556,0
14454,31.191774746890903,0
14455,31.666315682034327,0
14456,32.7870965583817,0
14457,30.656162005085772,0
14458,31.223889614987083,0
14459,33.90194123385425,0
14460,34.87056540346818,0
14461,31.815509489459362,0
14462,32.417772288446606,0
14463,32.275644287134675,0
14464,31.183593066272454,0
14465,33.10234936826621,0
14466,33.72278443808597,0
14467,30.55719188099487,0
14468,30.762198819903865,0
14469,29.60191624392467,0
14470,29.492552181739157,0
14471,26.731143788926733,0
14472,29.599014426751253,0
14473,27.536861057407762,0
14474,27.06561985505866,0
14475,26.143036321937227,0
14476,27.386559654707398,0
14477,23.943208416049092,0
14478,23.322818361873253,0
14479,22.99021904261675,0
14480,24.399025692253346,0
14481,24.896121048217303,0
14482,24.73355688927843,0
14483,24.34482354087526,0
14484,20.85606848521877,0
14485,24.40819744871477,0
14486,24.35036125141512,0
14487,23.66530771535607,0
14488,22.813630347333927,0
14489,22.79039496115433,0
14490,24.9655656711676,0
14491,24.920359447358152,0
14492,24.030669149886545,0
14493,26.467082957375517,0
14494,27.71926559000115,0
14495,26.02534399386634,0
14496,27.61197256078069,0
14497,27.463573966447424,0
14498,29.684194835475168,0
14499,29.387546306609938,0
14500,30.37944717936142,0
14501,30.62230593364667,0
14502,32.175120784380404,0
14503,32.80438257912104,0
14504,33.48466312517056,0
14505,32.362585245200215,0
14506,32.80260212850878,0
14507,32.72987489662469,0
14508,32.81895482585044,0
14509,32.94979708608918,0
14510,31.432669858087518,0
14511,31.326586431079487,0
14512,32.50743531082899,0
14513,29.686110131096324,0
14514,30.51709650015568,0
14515,31.55709443161407,0
14516,30.57001597462582,0
14517,30.507958063799485,0
14518,28.744162203189227,0
14519,28.85519751960432,0
14520,27.11365857286386,0
14521,27.871253914680594,0
14522,27.111471729559735,0
14523,25.462839397588212,0
14524,24.03382652779719,0
14525,23.772490819070093,0
14526,24.641049619005024,0
14527,24.250552624745886,0
14528,23.449661514895418,0
14529,22.815728540914353,0
14530,22.605395779768227,0
14531,22.090225112497546,0
14532,21.137178678488755,0
14533,23.9730716684395,0
14534,23.736157040682954,0
14535,24.179755421880028,0
14536,22.63952194191682,0
14537,25.673432455661214,0
14538,24.52736338905964,0
14539,25.480232393676005,0
14540,24.60197414787458,0
14541,25.242315218726294,0
14542,26.99357491033469,0
14543,27.390942264016946,0
14544,27.619022289391907,0
14545,29.30728724274672,0
14546,27.883402911286424,0
14547,29.432901411863515,0
14548,31.473032846827014,0
14549,31.424372262288358,0
14550,32.619784421472374,0
14551,31.55996715652921,0
14552,32.94761968576955,0
14553,33.42958588941263,0
14554,32.07819735718029,0
14555,33.029514666187545,0
14556,33.871721815534535,0
14557,33.87445085029567,0
14558,33.669896538107565,0
14559,30.236060842742294,0
14560,32.56098010250315,0
14561,32.764335863812626,0
14562,30.036022631648386,0
14563,31.174925700815976,0
14564,31.035647706739834,0
14565,30.961760931342123,0
14566,29.123804950199396,0
14567,28.600642132934176,0
14568,28.702200850261107,0
14569,27.0462155647533,0
14570,27.62749665340969,0
14571,26.49794433827489,0
14572,25.86328948814001,0
14573,24.454459716605673,0
14574,24.560861893530603,0
14575,23.853515482481807,0
14576,24.800000203104325,0
14577,22.58749396472091,0
14578,21.957289981876567,0
14579,22.22974083173373,0
14580,24.35006256334155,0
14581,23.592643989015755,0
14582,23.800290760856292,0
14583,22.907546006420827,0
14584,24.465282081712388,0
14585,24.38346554936104,0
14586,23.053288322674398,0
14587,24.53997551695558,0
14588,25.818420382559825,0
14589,26.551226204205317,0
14590,25.71871591118975,0
14591,25.82380071335532,0
14592,28.305034085971364,0
14593,29.992362678607368,0
14594,28.932556927818744,0
14595,30.422340515931918,0
14596,31.836663536157726,0
14597,30.24701419526384,0
14598,31.279207074400656,0
14599,32.63748449323679,0
14600,32.79330509099903,0
14601,32.334106074627236,0
14602,32.93203728313442,0
14603,33.023468622687574,0
14604,31.258916164848923,0
14605,32.31925953570055,0
14606,34.46987946080601,0
14607,32.8746339713891,0
14608,31.670133847454636,0
14609,31.5226353804233,0
14610,32.30770896228175,0
14611,31.487283592184383,0
14612,30.41590609192877,0
14613,30.498607068838595,0
14614,29.056641306445627,0
14615,29.64609888434903,0
14616,28.84038837974996,0
14617,27.15326710348337,0
14618,28.197509511500996,0
14619,25.186729737123493,0
14620,26.40675081319516,0
14621,26.49825056048566,0
14622,24.02340670620107,0
14623,23.13479045087983,0
14624,22.253670004318938,0
14625,22.27007860064884,0
14626,22.67981967457905,0
14627,22.06013161908034,0
14628,22.356843526408632,0
14629,24.538869020457938,0
14630,22.345916363899207,0
14631,23.58837876997662,0
14632,24.593306549392437,0
14633,23.811486064929657,0
14634,23.916099789543814,0
14635,25.789979216578804,0
14636,26.76031692092724,0
14637,25.387263706051378,0
14638,25.85718720306733,0
14639,29.351412829956633,0
14640,28.175821697130665,0
14641,30.394173006077807,0
14642,28.809140925894095,0
14643,30.03983041342815,0
14644,29.550260976132737,0
14645,30.116072509671497,0
14646,31.28839839939124,0
14647,30.937828811398635,0
14648,33.43087339513905,0
14649,34.51831097175479,0
14650,32.807288784088016,0
14651,32.85484483016431,0
14652,33.53345997503549,0
14653,31.993716819109416,0
14654,32.13616817345774,0
14655,33.562248271510995,0
14656,31.23706097520821,0
14657,33.4797521088596,0
14658,31.885903443372367,0
14659,29.40737093150245,0
14660,32.14465376953171,0
14661,30.25847795444517,0
14662,27.966996763761834,0
14663,27.978544741632383,0
14664,27.367280092863993,0
14665,24.200690628105995,0
14666,28.3576289543695,0
14667,25.80195028339727,0
14668,26.790074598658904,0
14669,24.486805347916004,0
14670,24.262726284466208,0
14671,23.69052406628138,0
14672,23.762121628804845,0
14673,24.305051341546946,0
14674,22.51379543086217,0
14675,22.735733411850333,0
14676,21.097828240966226,0
14677,21.04259147413637,0
14678,24.359321177015424,0
14679,23.10111140206846,0
14680,21.853572823560977,0
14681,24.51623472386262,0
14682,24.833435920931844,0
14683,24.980071146262837,0
14684,24.830037119921887,0
14685,25.402454175736416,0
14686,26.36379815316035,0
14687,30.30775147028871,0
14688,27.344462020770642,0
14689,27.821217199526266,0
14690,30.105150459852286,0
14691,31.283871521200602,0
14692,30.861021742533303,0
14693,30.57234016361038,0
14694,31.340628315127773,0
14695,31.37303147460192,0
14696,31.499635529130558,0
14697,33.16422645017064,0
14698,33.89061768287737,0
14699,32.700240523485306,0
14700,33.76907640924366,0
14701,33.50629662768103,0
14702,32.70106703368301,0
14703,33.89944458274933,0
14704,33.34402608561511,0
14705,31.004606106332364,0
14706,32.481092075945305,0
14707,31.39183087460136,0
14708,31.131129868760887,0
14709,28.335868292171206,0
14710,28.002041234417142,0
14711,27.8973311519529,0
14712,28.84683420823217,0
14713,28.285834958925758,0
14714,25.234010612485,0
14715,26.966475638668246,0
14716,26.168356016005188,0
14717,24.838807387667035,0
14718,27.269866054204428,0
14719,22.773751643824436,0
14720,22.813223776188007,0
14721,22.969541110588047,0
14722,23.53927543434457,0
14723,21.28261067472332,0
14724,21.75546677900342,0
14725,23.30999574312008,0
14726,21.58664512304575,0
14727,23.0049627781776,0
14728,24.763697657113998,0
14729,22.597051393110004,0
14730,23.268998442604605,0
14731,25.420241572980615,0
14732,26.853213314395365,0
14733,27.299441717198675,0
14734,25.774806944675227,0
14735,28.734163110264966,0
14736,28.792585376860668,0
14737,28.047737887620606,0
14738,29.219149003913234,0
14739,30.17875289050069,0
14740,29.60652308951971,0
14741,31.62705563008398,0
14742,31.329594959634008,0
14743,32.62965779411319,0
14744,32.859279797291144,0
14745,32.52256298341726,0
14746,32.940204700281626,0
14747,34.34575134593977,0
14748,33.40648798117255,0
14749,32.7245764921341,0
14750,33.50379669882069,0
14751,31.87582690863185,0
14752,32.907505735725536,0
14753,33.275252943726215,0
14754,33.15062538751839,0
14755,31.000067599334955,0
14756,30.878125317383233,0
14757,30.730079918882133,0
14758,26.955653359284668,0
14759,26.749043169673577,0
14760,27.500082493205557,0
14761,27.09339303726251,0
14762,28.270844755286145,0
14763,27.980768102441896,0
14764,25.682396936408008,0
14765,25.03981102441225,0
14766,24.007752600601343,0
14767,24.2247773529837,0
14768,22.727011949138728,0
14769,23.243580929292207,0
14770,23.557962155690994,0
14771,22.07936809654014,0
14772,22.737346358190557,0
14773,22.499920607339792,0
14774,23.159283209647825,0
14775,23.70983224087802,0
14776,24.48648404762975,0
14777,24.69992999361039,0
14778,23.75417508951068,0
14779,25.146931192563446,0
14780,25.85337151827834,0
14781,26.477949994464044,0
14782,27.203310383473468,0
14783,26.92407678285997,0
14784,28.073480263902187,0
14785,26.893817872082554,0
14786,29.896438927138878,0
14787,30.38877141529138,0
14788,30.605570333591352,0
14789,32.088893689470495,0
14790,31.121702682291517,0
14791,31.877781899236297,0
14792,33.57799164833791,0
14793,33.80502935596033,0
14794,33.505543784051426,0
14795,32.73867110924544,0
14796,34.33801277630189,0
14797,33.77942430060162,0
14798,31.485761002043834,0
14799,30.399322353760297,0
14800,32.42920859192968,0
14801,33.982595576110974,0
14802,32.360543994584496,0
14803,28.533978313213566,0
14804,29.691215374688163,0
14805,29.603099631165776,0
14806,27.947945759581046,0
14807,30.286293737295825,0
14808,28.182657156517845,0
14809,27.435515582137107,0
14810,27.577319013888552,0
14811,26.3558022723135,0
14812,24.45362851396026,0
14813,24.580283271114272,0
14814,24.59997403595184,0
14815,24.3627383738818,0
14816,23.003302228808714,0
14817,24.700017903229533,0
14818,25.489119224031704,0
14819,23.11739926899347,0
14820,23.10119852719925,0
14821,23.174426953233475,0
14822,23.81986528042181,0
14823,23.724758089132358,0
14824,21.096110344420726,0
14825,26.29488860660654,0
14826,24.86271758790043,0
14827,21.98642646307881,0
14828,23.823419178026946,0
14829,24.248492463205224,0
14830,28.780964672780183,0
14831,26.55740072242871,0
14832,27.803623159682502,0
14833,29.187617564476383,0
14834,28.1411448675173,0
14835,30.016906655104595,0
14836,29.733529902658386,0
14837,31.100751317500773,0
14838,31.48555499825021,0
14839,33.065975105937895,0
14840,31.05248741211979,0
14841,33.604460608455035,0
14842,33.35918139981611,0
14843,33.84225869290869,0
14844,32.63285308142762,0
14845,32.39571086548026,0
14846,32.829848653697105,0
14847,32.195238478465754,0
14848,32.95625731203334,0
14849,30.788699040493164,0
14850,32.34075087125392,0
14851,31.323394693612173,0
14852,29.007670633161602,0
14853,30.7042654827272,0
14854,30.399216881132073,0
14855,28.67439094446454,0
14856,26.87637265439047,0
14857,25.896430063986266,0
14858,26.309030835200875,0
14859,26.269443195790217,0
14860,25.479163221953076,0
14861,24.826161100295263,0
14862,23.09039045905052,0
14863,23.4647350332843,0
14864,22.84070887636751,0
14865,22.29144146580832,0
14866,22.51498291444052,0
14867,25.519256072311915,0
14868,21.10993659184691,0
14869,23.11514055245568,0
14870,23.199059850424877,0
14871,22.053430945258857,0
14872,25.276015417170072,0
14873,23.623370735530557,0
14874,23.77070598736028,0
14875,24.490603568126502,0
14876,25.595381355791325,0
14877,25.91165494094073,0
14878,25.12641211934576,0
14879,28.219377218296003,0
14880,27.983940862118573,0
14881,30.014870723524023,0
14882,30.548037192663084,0
14883,29.18220346509677,0
14884,29.454763330950982,0
14885,32.068607196384875,0
14886,30.99471078189912,0
14887,31.126231742023997,0
14888,31.478005108690798,0
14889,32.02316195816771,0
14890,31.42720377399123,0
14891,32.0459502106334,0
14892,33.45981779566309,0
14893,34.269054876680954,0
14894,31.877068643998847,0
14895,33.34603974791354,0
14896,32.75627284004207,0
14897,31.688584400083275,0
14898,33.08427206688289,0
14899,32.6253375893871,0
14900,31.141351604437762,0
14901,28.52977101795042,0
14902,28.20568068454381,0
14903,30.02082795769974,0
14904,27.922903750298037,0
14905,27.800758142458303,0
14906,28.70929369454815,0
14907,27.131197332445158,0
14908,25.756238638145557,0
14909,26.244903431472938,0
14910,25.4735712211303,0
14911,24.08617476178329,0
14912,22.359363831085304,0
14913,25.125631018323737,0
14914,22.131383162460665,0
14915,22.944991049481512,0
14916,23.809138177271656,0
14917,24.117009359548106,0
14918,24.41770267981001,0
14919,22.740464677654433,0
14920,23.532038367230967,0
14921,24.021233027507844,0
14922,22.754219475704748,0
14923,23.996333025599753,0
14924,24.28762207821153,0
14925,25.36085909528264,0
14926,26.81518783666764,0
14927,26.88393328096851,0
14928,27.647376826395504,0
14929,27.607559977431915,0
14930,28.640690529043958,0
14931,29.009915430864943,0
14932,30.55771909312522,0
14933,31.97438630334465,0
14934,30.443217765642213,0
14935,31.229933587927494,0
14936,32.15225354909545,0
14937,31.77938208328771,0
14938,33.17259010393319,0
14939,34.45082666743991,0
14940,33.032047682651175,0
14941,33.97519590790817,0
14942,34.789129835668554,0
14943,34.05545307564019,0
14944,31.08945812952933,0
14945,32.18407276905484,0
14946,31.810242805684062,0
14947,30.850644918350273,0
14948,30.70281033869472,0
14949,29.573593674686233,0
14950,27.75648836564477,0
14951,26.999792611296527,0
14952,25.940253222152663,0
14953,27.831764881982924,0
14954,25.53274354156728,0
14955,26.987423203566475,0
14956,24.939779538516827,0
14957,25.257974012605317,0
14958,26.63288579898262,0
14959,22.751899074777207,0
14960,24.160303423648536,0
14961,23.193505183509934,0
14962,23.144632781216846,0
14963,22.995081736101053,0
14964,23.73001430959319,0
14965,23.140865164307,0
14966,23.924372355610465,0
14967,22.110746248416046,0
14968,24.877811015232552,0
14969,23.950868836447857,0
14970,23.264021536653168,0
14971,25.152467660034468,0
14972,26.59995902799736,0
14973,26.518257091692675,0
14974,26.99861081200465,0
14975,27.930237671179714,0
14976,28.946190997339922,0
14977,28.036295041781994,0
14978,29.95123716927423,0
14979,29.286183161330648,0
14980,31.691712394331766,0
14981,30.37653328700739,0
14982,32.96171538342912,0
14983,31.831102472078456,0
14984,32.061896872881036,0
14985,31.92873591000844,0
14986,31.217216047404268,0
14987,31.76561594092085,0
14988,34.38185733281325,0
14989,32.199951695319434,0
14990,33.04539900928773,0
14991,32.204886609367854,0
14992,31.20948945980021,0
14993,30.085406950904506,0
14994,31.66803102121405,0
14995,31.560300226957853,0
14996,29.34408051000771,0
14997,27.969844074016688,0
14998,31.632551456532628,0
14999,28.011708839702944,0
15000,26.899167924347008,0
15001,26.813637091758274,0
15002,26.872082496304703,0
15003,26.8912084028489,0
15004,27.466198195027193,0
15005,25.22579405587058,0
15006,23.466664991229745,0
15007,24.23827148388983,0
15008,24.948210135304006,0
15009,22.865752570102593,0
15010,24.058607588078264,0
15011,21.72922679399195,0
15012,23.51697069322923,0
15013,23.51169196211506,0
15014,24.656011198664462,0
15015,22.905629080768776,0
15016,23.92284717671145,0
15017,25.82046577974867,0
15018,25.583130555852723,0
15019,24.56198642586309,0
15020,24.86818064793779,0
15021,25.875227800859967,0
15022,26.52767333970399,0
15023,26.823345499166457,0
15024,28.996412673115845,0
15025,28.84561880927823,0
15026,31.12415267545305,0
15027,29.299677904529588,0
15028,31.544338886016632,0
15029,31.77758370171096,0
15030,31.884874471143398,0
15031,31.93559073750048,0
15032,33.67958860702823,0
15033,31.14649230361519,0
15034,31.531168742071294,0
15035,33.31532575042863,0
15036,36.14503985600897,0
15037,34.12688361701481,0
15038,31.84449031393944,0
15039,34.50507407904274,0
15040,33.07853261908184,0
15041,31.153667119121586,0
15042,30.019942441604893,0
15043,31.09881256389404,0
15044,30.159966565184394,0
15045,30.775438437067923,0
15046,28.202472410054973,0
15047,29.199310731544507,0
15048,29.093949445290534,0
15049,26.79581456447948,0
15050,25.62465092479699,0
15051,27.37041555376103,0
15052,24.80138867551188,0
15053,25.783881411352397,0
15054,26.491590328211508,0
15055,24.22953384378811,0
15056,24.53733995887952,0
15057,23.91780900700792,0
15058,23.324002884128806,0
15059,24.038036731918602,0
15060,24.909546451623815,0
15061,23.502452728575502,0
15062,24.18632269330093,0
15063,23.19191635956795,0
15064,23.83935396598339,0
15065,24.684308522703244,0
15066,24.762263112256775,0
15067,25.266970821821566,0
15068,24.717570467097612,0
15069,26.76015255082941,0
15070,27.304381269945882,0
15071,28.733576628413388,0
15072,27.438924754492287,0
15073,28.17295496430317,0
15074,29.833563073111684,0
15075,30.025873788190705,0
15076,30.673421577314855,0
15077,31.187628844255038,0
15078,30.56602238384492,0
15079,31.892111456005527,0
15080,31.50654730232613,0
15081,32.98680349374462,0
15082,32.10614511388491,0
15083,33.83875950008,0
15084,32.070693541769806,0
15085,33.88702577251313,0
15086,32.674093106964335,0
15087,32.77875932160959,0
15088,31.478792513966926,0
15089,31.504346905089296,0
15090,29.377438138888806,0
15091,31.313208035608465,0
15092,31.26572653265346,0
15093,29.658845598515903,0
15094,27.41847727884628,0
15095,27.934971031141067,0
15096,29.315495290935225,0
15097,28.14810829716837,0
15098,26.397127094934874,0
15099,24.561411679904833,0
15100,26.77241589162006,0
15101,25.689912979809066,0
15102,23.184876536750032,0
15103,24.258864542825457,0
15104,24.199904225701538,0
15105,24.37359187000661,0
15106,23.037775927039245,0
15107,23.00571576518882,0
15108,24.634237780112706,0
15109,23.97835593205164,0
15110,21.675983575352213,0
15111,23.141363303814828,0
15112,24.273212727805657,0
15113,23.561220440587583,0
15114,23.566424934472636,0
15115,24.446038211809114,0
15116,25.04064454988886,0
15117,25.82418462298887,0
15118,26.08973280351674,0
15119,25.3349157057686,0
15120,29.410284658940785,0
15121,28.658301799764065,0
15122,29.48923581199066,0
15123,29.494508816517325,0
15124,28.382821408777637,0
15125,30.806134068719647,0
15126,31.41248008433751,0
15127,32.301371870246896,0
15128,33.570757909096756,0
15129,32.41186232539529,0
15130,34.58289519426453,0
15131,32.23498707463694,0
15132,33.508129425456985,0
15133,30.63672729936187,0
15134,34.53892853203606,0
15135,32.66405618598997,0
15136,31.496169254216433,0
15137,31.7031579268264,0
15138,31.469511629315672,0
15139,33.44727586908504,0
15140,30.656724462778083,0
15141,29.511782629666744,0
15142,30.56128656280852,0
15143,28.321603627869074,0
15144,27.73597450222039,0
15145,28.218237520037523,0
15146,26.422214122223142,0
15147,26.123354189072348,0
15148,26.120605380506127,0
15149,24.18768740383046,0
15150,25.12841254743175,0
15151,24.40617605795549,0
15152,23.299874275209493,0
15153,23.153083221524675,0
15154,23.20602761447423,0
15155,21.957417542028434,0
15156,22.389492887013052,0
15157,23.40616055780638,0
15158,23.894801405313718,0
15159,22.521323180281428,0
15160,24.14702812850309,0
15161,23.858298766974528,0
15162,23.650498743384773,0
15163,25.307832305575623,0
15164,24.67429576357611,0
15165,28.310299131672032,0
15166,26.47392416709901,0
15167,27.45312738686042,0
15168,26.686420064817916,0
15169,28.301284124744203,0
15170,29.507917844614543,0
15171,31.555500554299623,0
15172,30.188985845229922,0
15173,32.32991935963028,0
15174,29.937178705909,0
15175,31.697932687628917,0
15176,32.72591512816607,0
15177,32.65549919987133,0
15178,32.69514548336186,0
15179,33.64261226301799,0
15180,31.079705035593946,0
15181,32.049610029049674,0
15182,34.89606905886972,0
15183,34.21627637156177,0
15184,33.03192763057898,0
15185,30.35705803720338,0
15186,32.31133350282417,0
15187,29.479224014203567,0
15188,31.214526683967662,0
15189,29.995508875699638,0
15190,28.37072072483396,0
15191,30.372962223206255,0
15192,28.394275597125386,0
15193,27.904477978418736,0
15194,26.80303907606612,0
15195,25.063240470713286,0
15196,24.59281218450449,0
15197,25.207037167676585,0
15198,25.141945876457783,0
15199,25.30109825790086,0
15200,24.664037697265332,0
15201,23.265793614806153,0
15202,21.52497102326289,0
15203,23.316889737515837,0
15204,22.568890330085793,0
15205,22.588678184124205,0
15206,23.763050319904373,0
15207,23.78126403745652,0
15208,24.911606267152795,0
15209,24.126660985610222,0
15210,25.22222328055776,0
15211,26.789107767550597,0
15212,27.175120811750695,0
15213,25.58612590292867,0
15214,26.52312930518764,0
15215,26.10213031953949,0
15216,27.763074478391427,0
15217,26.649694967001487,0
15218,27.415142814728167,0
15219,30.102702266741296,0
15220,31.287820472243357,0
15221,32.14196896981531,0
15222,31.24722462194802,0
15223,31.953039718769723,0
15224,33.149870496873014,0
15225,34.473289179450155,0
15226,31.61530544152593,0
15227,31.48295472513505,0
15228,32.56961127686204,0
15229,30.81598654230706,0
15230,32.62685646103283,0
15231,32.791239961186555,0
15232,31.947334643769565,0
15233,31.37390077040381,0
15234,30.968617241912963,0
15235,31.043582863002758,0
15236,30.87888706568024,0
15237,29.433457963267074,0
15238,29.127808921029732,0
15239,28.795600304511876,0
15240,28.969754721050993,0
15241,26.98976376615043,0
15242,26.62422470011119,0
15243,28.49570263972409,0
15244,24.87206995034608,0
15245,24.06645480790005,0
15246,24.756254738914656,0
15247,25.56363924293924,0
15248,23.258208584135588,0
15249,24.268162450941517,0
15250,23.130458493036123,0
15251,23.513864573421227,0
15252,21.02936365496424,0
15253,23.69934676819848,0
15254,25.01376355421249,0
15255,24.14729765572767,0
15256,23.212273871053316,0
15257,25.210931559887086,0
15258,23.854251418059974,0
15259,24.54854746672883,0
15260,25.932434552132438,0
15261,26.63551477208796,0
15262,26.614554428606272,0
15263,28.950808935818976,0
15264,28.384764519985847,0
15265,27.168511239734947,0
15266,31.01337627570671,0
15267,30.698707618583644,0
15268,29.911909486637757,0
15269,29.55052079146703,0
15270,32.02320617727334,0
15271,32.95318426954311,0
15272,33.87066879755915,0
15273,33.536089746207324,0
15274,32.019174391704105,0
15275,31.975864818857257,0
15276,33.49956961990883,0
15277,34.19866111655395,0
15278,32.71086356364539,0
15279,33.16805988113169,0
15280,34.31358918337247,0
15281,31.20129759725931,0
15282,31.440014010522187,0
15283,33.45567149714417,0
15284,30.95771481796571,0
15285,30.224309968018293,0
15286,29.071895639510213,0
15287,27.584220656046273,0
15288,26.49379575509142,0
15289,26.316113996812874,0
15290,27.072270155818106,0
15291,26.93727383350469,0
15292,24.783754409471154,0
15293,25.183711824947586,0
15294,24.602318640775735,0
15295,23.12976245949534,0
15296,23.270322764820374,0
15297,24.272229716789397,0
15298,23.053758778018427,0
15299,22.246783009099037,0
15300,23.625491735378002,0
15301,22.705715803798427,0
15302,22.652882388693058,0
15303,23.288726908324563,0
15304,23.966641817687723,0
15305,22.965978795509283,0
15306,25.856774601820753,0
15307,24.86830533890805,0
15308,24.78354994755643,0
15309,26.37680848887177,0
15310,28.819834870195706,0
15311,26.825236911485273,0
15312,28.570154025433773,0
15313,29.11997830499547,0
15314,28.497765139789713,0
15315,29.459882355048528,0
15316,30.402880875669872,0
15317,30.45709256359447,0
15318,30.951889779400183,0
15319,32.55441099027069,0
15320,33.37010625879839,0
15321,31.01754239258645,0
15322,32.5357699862275,0
15323,34.81522360823901,0
15324,32.49133394225361,0
15325,32.85061656774269,0
15326,32.42104254787745,0
15327,33.64763958923477,0
15328,33.43367422714903,0
15329,32.515991207575176,0
15330,32.498127035635235,0
15331,32.26744571422385,0
15332,30.967307951589635,0
15333,29.843074329395968,0
15334,28.345470088311103,0
15335,27.54303716610304,0
15336,26.605523708539934,0
15337,27.74008526973565,0
15338,26.28933208632492,0
15339,26.453022166416464,0
15340,25.85090313307981,0
15341,27.387274044596587,0
15342,24.267508448317695,0
15343,23.327573329444228,0
15344,24.076142382704536,0
15345,23.091956739343946,0
15346,23.33942710196049,0
15347,22.358808929965935,0
15348,24.462152799778963,0
15349,23.462079239806584,0
15350,23.465035214921134,0
15351,23.622968804435075,0
15352,23.24076272075364,0
15353,22.887609033283137,0
15354,23.557339274583725,0
15355,24.57470665228822,0
15356,26.589377456866643,0
15357,27.115214635623506,0
15358,25.271321595831562,0
15359,28.55681107230352,0
15360,30.094993345999132,0
15361,28.279009596173275,0
15362,29.694425516347817,0
15363,30.522975200384526,0
15364,31.15368910189783,0
15365,30.251357705408523,0
15366,31.304519021908963,0
15367,32.21167083257883,0
15368,31.877450518142314,0
15369,31.956213844896222,0
15370,33.12778048759029,0
15371,34.03522813127612,0
15372,30.42468548773228,0
15373,32.333500289335966,0
15374,32.67911779237506,0
15375,33.02994068379855,0
15376,31.769569160687272,0
15377,30.636220636703044,0
15378,32.21722575653598,0
15379,31.224134091956376,0
15380,30.527087119819917,0
15381,30.14483027159923,0
15382,29.02903604206231,0
15383,30.224569656784556,0
15384,28.318982783426836,0
15385,26.011828188101653,0
15386,27.48189417003782,0
15387,24.952701803617927,0
15388,25.433125576288298,0
15389,24.948223402175973,0
15390,22.938552139186875,0
15391,22.9375060456662,0
15392,24.595043182030857,0
15393,23.233090783035973,0
15394,24.669599409040302,0
15395,21.21278628253703,0
15396,23.811001681172613,0
15397,22.76857637286371,0
15398,23.88019821665576,0
15399,23.381684448398424,0
15400,22.64604313470658,0
15401,22.900510406972934,0
15402,25.549092743551462,0
15403,23.268186927061965,0
15404,24.001269920224303,0
15405,27.16972542540031,0
15406,28.013618056307003,0
15407,27.150192061412568,0
15408,26.48506203135999,0
15409,30.162815005210753,0
15410,27.895668317845907,0
15411,30.59998681785571,0
15412,31.845108348160288,0
15413,29.559589367942614,0
15414,30.27510527176806,0
15415,31.156180959423054,0
15416,31.74036628559365,0
15417,34.14947585049314,0
15418,32.37143968773632,0
15419,33.50807137039627,0
15420,34.935613049085475,0
15421,31.336993793518243,0
15422,31.40066614245021,0
15423,31.824007117428305,0
15424,31.687394091609224,0
15425,32.3496352342881,0
15426,30.535755986252422,0
15427,31.383421319858623,0
15428,31.04169919989031,0
15429,29.37138923026027,0
15430,29.20209801349097,0
15431,28.403059710302603,0
15432,26.61572443579039,0
15433,28.290180620106824,0
15434,28.136613685599585,0
15435,27.094700058618326,0
15436,24.956690952539706,0
15437,24.285879447473395,0
15438,24.51312166517543,0
15439,23.03783334940313,0
15440,23.418184134145967,0
15441,22.679570403724597,0
15442,23.17312005189281,0
15443,21.854568963585635,0
15444,23.732415465497752,0
15445,22.759755630588725,0
15446,22.17661669384188,0
15447,24.41371224277845,0
15448,23.431933092502753,0
15449,23.52882516573526,0
15450,23.754864555206684,0
15451,25.469129253539766,0
15452,24.322679085487596,0
15453,26.908936662935997,0
15454,27.890097581746346,0
15455,28.160461728167547,0
15456,27.901296473199412,0
15457,27.6141987717189,0
15458,29.85236307144391,0
15459,29.650703823289753,0
15460,29.369644099267074,0
15461,32.31762413993307,0
15462,30.95336273040793,0
15463,31.958345307681196,0
15464,32.43504046849185,0
15465,34.52609701649092,0
15466,32.680898780918525,0
15467,31.43791252770611,0
15468,32.37568601200217,0
15469,32.30115819029007,0
15470,30.88033635008781,0
15471,33.6208773637604,0
15472,34.778422201312026,0
15473,32.874670604378636,0
15474,30.776618336821016,0
15475,31.756594099249426,0
15476,29.260407158599534,0
15477,31.160015510582515,0
15478,28.51691496567784,0
15479,27.89918497160169,0
15480,28.615666984696833,0
15481,27.727022923809784,0
15482,27.349142489123807,0
15483,26.841897078671032,0
15484,26.721958222293697,0
15485,24.915805039611435,0
15486,23.381488369007347,0
15487,22.503825490185662,0
15488,23.947848143582483,0
15489,25.46776221387176,0
15490,24.179296523265315,0
15491,23.217845695257935,0
15492,23.87391601400763,0
15493,24.233785791444152,0
15494,22.333086699752556,0
15495,24.497643735565646,0
15496,24.267700757255696,0
15497,23.44743574209919,0
15498,23.899144356843674,0
15499,24.327340200955724,0
15500,26.064792458349547,0
15501,28.694841600133568,0
15502,25.419633685262372,0
15503,26.914014480240976,0
15504,26.49904414669403,0
15505,28.203218577581637,0
15506,27.776725407108895,0
15507,30.69455725243344,0
15508,30.502357752471116,0
15509,30.43750941113263,0
15510,31.331337002769008,0
15511,32.99790907962386,0
15512,32.7933623662208,0
15513,31.6532921309954,0
15514,32.6211887634217,0
15515,30.903530204097116,0
15516,32.568459644632014,0
15517,31.283486109560265,0
15518,32.009196676153216,0
15519,33.23835033479733,0
15520,31.753398352699094,0
15521,31.098952267756488,0
15522,31.42486038581017,0
15523,30.799375510335963,0
15524,30.2649237665023,0
15525,28.461394697717093,0
15526,30.450055347005527,0
15527,29.219349335571852,0
15528,28.181955920257657,0
15529,26.929264642990518,0
15530,25.263562765250708,0
15531,27.74914566576475,0
15532,25.77958749801459,0
15533,22.78221138042605,0
15534,24.79283963529079,0
15535,22.76175395785016,0
15536,23.90629263436078,0
15537,20.841432651583553,0
15538,22.599806809422027,0
15539,21.882274817434126,0
15540,23.5509603602354,0
15541,23.76778296574941,0
15542,22.65677702546004,0
15543,24.589783806776914,0
15544,24.200017136724234,0
15545,25.311781262494947,0
15546,23.160520845968012,0
15547,24.40834729261577,0
15548,23.68793591998966,0
15549,25.591302431994972,0
15550,27.173442175869834,0
15551,27.71891991326875,0
15552,28.996066880396384,0
15553,29.651877176818843,0
15554,28.667618657081583,0
15555,30.281505825285027,0
15556,30.872240814044318,0
15557,32.54955238240569,0
15558,31.181599197269062,0
15559,30.943475729930157,0
15560,31.97434704030171,0
15561,31.76273108021206,0
15562,32.86015703299064,0
15563,33.21323513277519,0
15564,35.48219085392682,0
15565,32.77218249325237,0
15566,33.13481775955599,0
15567,30.661080714693796,0
15568,33.056917648557494,0
15569,31.665094017928016,0
15570,30.902066189962785,0
15571,29.412288739155144,0
15572,30.855821822779227,0
15573,28.099860066713113,0
15574,29.214369502400285,0
15575,28.949854550626792,0
15576,27.24850544169398,0
15577,29.08692293239171,0
15578,26.94533996908338,0
15579,24.72873015639796,0
15580,27.090024061554356,0
15581,27.368162924763475,0
15582,22.95685127116683,0
15583,23.977212578310752,0
15584,24.067399034772407,0
15585,23.41884614550157,0
15586,24.207961786878172,0
15587,23.27850582003556,0
15588,23.314691327714424,0
15589,23.867219490840615,0
15590,21.83789583429047,0
15591,23.235637055782302,0
15592,21.39171040694724,0
15593,23.05072374778056,0
15594,23.38153289747455,0
15595,24.4582217742604,0
15596,26.139511827883876,0
15597,25.522890059220078,0
15598,27.134444288835216,0
15599,26.774893860200756,0
15600,25.860409955130514,0
15601,27.585684360866452,0
15602,28.48983939017859,0
15603,29.50001803478308,0
15604,31.20709259337206,0
15605,31.017177153016515,0
15606,31.804731304183207,0
15607,30.523208105489356,0
15608,33.11887881560535,0
15609,34.252019891194074,0
15610,32.61904262185279,0
15611,33.7394357463297,0
15612,32.96677514284966,0
15613,32.76322754816484,0
15614,32.70976517110602,0
15615,33.18419242819186,0
15616,31.16431985353158,0
15617,32.27529931293998,0
15618,30.942531266173695,0
15619,32.150336042069476,0
15620,29.86995620020731,0
15621,29.74147657765435,0
15622,28.29793461629438,0
15623,29.08643782113085,0
15624,29.25649043050401,0
15625,24.906671657964978,0
15626,27.033838804338814,0
15627,25.822586209171945,0
15628,25.536530951220648,0
15629,24.4874977449543,0
15630,23.6270946882934,0
15631,25.217607200239055,0
15632,23.67894637173791,0
15633,22.307412824947992,0
15634,22.379523672423918,0
15635,21.635462241470172,0
15636,23.939358963109488,0
15637,23.52140039080671,0
15638,21.291088633515777,0
15639,22.460710436224293,0
15640,23.513381954171848,0
15641,24.136378411226787,0
15642,24.250607880118178,0
15643,24.097164444143676,0
15644,25.5479680105946,0
15645,25.99940738391006,0
15646,25.947243518212936,0
15647,27.825140819633024,0
15648,27.033898543362273,0
15649,27.09325560874035,0
15650,28.317565991434336,0
15651,31.615645512913606,0
15652,29.823549239137293,0
15653,30.754365724810132,0
15654,30.523917566309667,0
15655,32.15320274708087,0
15656,31.022515247066366,0
15657,31.26281165706235,0
15658,31.934828259381447,0
15659,30.977237446169475,0
15660,31.548774152636017,0
15661,33.94313044316946,0
15662,33.189956068120914,0
15663,33.03890651227399,0
15664,31.794243939560086,0
15665,32.195604190085525,0
15666,29.98546271960268,0
15667,31.179361036405755,0
15668,30.574522668568928,0
15669,28.789052776849548,0
15670,28.58649178373059,0
15671,27.85748909331264,0
15672,29.287774122900046,0
15673,26.41212503172668,0
15674,25.54178105199184,0
15675,27.235937152205434,0
15676,26.136443349271314,0
15677,23.89208850243632,0
15678,25.17415195978667,0
15679,24.548941537405874,0
15680,24.591566126276796,0
15681,22.685717455020868,0
15682,23.476788494270938,0
15683,22.61570656523803,0
15684,24.714892400835314,0
15685,21.58400319721811,0
15686,22.115594172635646,0
15687,23.18203419871505,0
15688,22.945260605768755,0
15689,23.63589859885678,0
15690,25.446961922392504,0
15691,24.952243305463544,0
15692,25.74129795652219,0
15693,27.88646965438349,0
15694,25.529359024986267,0
15695,29.457771089779378,0
15696,26.82900330299114,0
15697,28.090832250335726,0
15698,29.859436241050002,0
15699,31.0060717698852,0
15700,30.523999997047564,0
15701,33.01884864384062,0
15702,28.564041165952307,0
15703,32.54248584022228,0
15704,33.32169463250448,0
15705,34.58454682765914,0
15706,33.919535908842654,0
15707,33.731308075663385,0
15708,34.410775387840935,0
15709,32.23888130139029,0
15710,31.95922596694063,0
15711,32.658368055254506,0
15712,32.06490936098783,0
15713,30.03443794142809,0
15714,31.45047212341366,0
15715,31.59209415708456,0
15716,31.508729723532273,0
15717,30.85473997305205,0
15718,29.136712935123636,0
15719,28.529628251076517,0
15720,27.180349046868006,0
15721,27.449879170058765,0
15722,24.461435661253375,0
15723,26.95665029660552,0
15724,25.060740430226403,0
15725,25.201438851737453,0
15726,24.82943896300823,0
15727,24.833050467991246,0
15728,23.964098647364548,0
15729,25.410602858374403,0
15730,22.17483189755093,0
15731,22.16310791540715,0
15732,22.719838535267503,0
15733,22.981500226924595,0
15734,22.879536692832364,0
15735,23.41610613461539,0
15736,22.721997152440476,0
15737,26.7421003581597,0
15738,25.36355374973747,0
15739,24.154225791760414,0
15740,25.287415745564683,0
15741,26.128000612665716,0
15742,25.705264889946147,0
15743,27.983368461051796,0
15744,26.319935595659775,0
15745,29.63042005718194,0
15746,29.235294474590393,0
15747,29.614104099396133,0
15748,31.74838842945193,0
15749,29.90298055061851,0
15750,32.584245379630794,0
15751,31.76179096667421,0
15752,33.22734530167979,0
15753,32.87272696162922,0
15754,33.2209776377553,0
15755,33.19840623156744,0
15756,34.21976861759834,0
15757,32.064011971123975,0
15758,32.574064344201545,0
15759,33.508239991770935,0
15760,32.81910436556154,0
15761,32.04293167219689,0
15762,30.924779791032076,0
15763,30.74046194922045,0
15764,28.973010502895576,0
15765,30.042703308551534,0
15766,30.24710198856083,0
15767,28.573731319351044,0
15768,28.417558112796073,0
15769,27.49207678388328,0
15770,27.15961149714866,0
15771,26.885115039850366,0
15772,24.19923017859491,0
15773,24.09842436024972,0
15774,25.105301788041228,0
15775,22.85186057297751,0
15776,24.594217075602998,0
15777,22.429761863533596,0
15778,23.799666587065627,0
15779,23.79159444692779,0
15780,22.33730689297152,0
15781,22.908912709994624,0
15782,21.203644183675635,0
15783,24.42653945396043,0
15784,23.023742559501585,0
15785,22.7011626624517,0
15786,25.76536156174136,0
15787,24.393743834058142,0
15788,26.3233641862299,0
15789,25.840600461005273,0
15790,26.643936265029964,0
15791,27.36011624228973,0
15792,25.692081901896053,0
15793,28.361863451644503,0
15794,30.074860725481933,0
15795,28.160244802304508,0
15796,30.561608256581632,0
15797,31.034348876890856,0
15798,30.117652708398996,0
15799,30.248214895302585,0
15800,32.789533740314894,0
15801,32.45989850959979,0
15802,33.97297413399651,0
15803,32.68800680316777,0
15804,32.93284252756193,0
15805,33.29036717581826,0
15806,33.75014721385438,0
15807,33.19028126853143,0
15808,34.104403759165194,0
15809,32.740582425223025,0
15810,32.760217675427775,0
15811,31.500786440897222,0
15812,30.106126907255454,0
15813,29.934565877278352,0
15814,30.283203673371197,0
15815,26.51306294810603,0
15816,29.527084529811198,0
15817,26.28051307750027,0
15818,26.747943369019143,0
15819,24.17373618855118,0
15820,25.90303731645833,0
15821,25.726487650424808,0
15822,24.44179675434269,0
15823,23.322054107657532,0
15824,23.61404250983709,0
15825,22.881643976454843,0
15826,22.89419875663929,0
15827,23.625428767410618,0
15828,23.245187994622164,0
15829,24.415842863096906,0
15830,23.29011416587274,0
15831,23.48922626890864,0
15832,22.91356773052035,0
15833,23.800034561981622,0
15834,24.850942234572926,0
15835,23.32690231845169,0
15836,26.598713665210937,0
15837,25.741572772385258,0
15838,27.8291947528748,0
15839,27.868813507149195,0
15840,29.187811065029322,0
15841,27.73708722628907,0
15842,30.076529371258083,0
15843,29.97391741413095,0
15844,28.420362714990105,0
15845,29.674444961752798,0
15846,31.843003348251056,0
15847,31.263289244182317,0
15848,32.21914355048337,0
15849,30.649266898343118,0
15850,34.00859421717457,0
15851,33.41157811792284,0
15852,33.91552418495756,0
15853,32.38972284985622,0
15854,32.76492995531756,0
15855,32.633313616552556,0
15856,33.102498761535955,0
15857,32.29738874957378,0
15858,30.653476817204186,0
15859,34.107568863401646,0
15860,31.590975373137056,0
15861,31.75053048840533,0
15862,29.487468543950836,0
15863,29.018148818443112,0
15864,27.0862459390368,0
15865,26.15559183573537,0
15866,26.640418175761145,0
15867,24.98114065027689,0
15868,26.955655584601086,0
15869,25.70374389710278,0
15870,24.59229821836803,0
15871,25.251534318892425,0
15872,23.56167985908207,0
15873,21.643690631270804,0
15874,24.18477639311121,0
15875,24.52561277118382,0
15876,22.935958483713275,0
15877,22.590010088423547,0
15878,22.117731516627213,0
15879,25.249773448216207,0
15880,22.648788753410663,0
15881,25.352072911046335,0
15882,23.029253333209496,0
15883,23.98564430913511,0
15884,25.078181596277684,0
15885,26.76502446454218,0
15886,27.767277614608446,0
15887,27.843406260192296,0
15888,26.776324399959794,0
15889,27.145275610055005,0
15890,29.824817889326212,0
15891,30.951708843173652,0
15892,30.116148644013077,0
15893,30.022663835194344,0
15894,31.732700565616586,0
15895,30.178249189791714,0
15896,30.947059488676537,0
15897,31.591948449811472,0
15898,31.078505041688608,0
15899,31.858329799772907,0
15900,33.29710593809588,0
15901,33.71494754416846,0
15902,33.00269950291188,0
15903,32.016647343318255,0
15904,32.55584441049413,0
15905,31.02444773591513,0
15906,31.53555865052279,0
15907,31.579770100892723,0
15908,31.709842219134167,0
15909,30.08635835470584,0
15910,28.463926215883973,0
15911,29.326775736336128,0
15912,28.13707766796286,0
15913,28.23029444513493,0
15914,26.30548640099014,0
15915,24.901017420460395,0
15916,25.050822303800114,0
15917,24.949797069550044,0
15918,24.41899090906348,0
15919,22.193048621307078,0
15920,24.93453606596598,0
15921,22.976504392572796,0
15922,22.629187263854423,0
15923,21.94525772316686,0
15924,22.19603947291299,0
15925,23.91811308927852,0
15926,25.540188006223673,0
15927,22.785262789668543,0
15928,24.916430371334254,0
15929,23.26823740352939,0
15930,24.98298247961862,0
15931,24.769674827043055,0
15932,27.26107948250714,0
15933,24.90880551461977,0
15934,24.731563481424296,0
15935,27.62382398291756,0
15936,28.99221626622387,0
15937,28.60905322313059,0
15938,28.375338713300696,0
15939,29.851163297276116,0
15940,31.121051075887884,0
15941,29.99161714311617,0
15942,31.9696796682724,0
15943,32.31704316776149,0
15944,34.04354157248092,0
15945,32.95036943952547,0
15946,34.26232676412284,0
15947,31.934738668042378,0
15948,33.26863258380226,0
15949,33.99869264673699,0
15950,33.162626305191985,0
15951,34.12199224287014,0
15952,34.40080722486126,0
15953,31.300455472039136,0
15954,32.66166779014818,0
15955,30.244742802920584,0
15956,30.573500156476566,0
15957,30.71506193708116,0
15958,30.26954498101505,0
15959,29.07496551368644,0
15960,28.461019821848137,0
15961,26.29131412134454,0
15962,26.10148736986455,0
15963,26.827182146454785,0
15964,25.713213062520293,0
15965,24.98768320611817,0
15966,23.032536083438476,0
15967,24.8388405990209,0
15968,22.271601100960755,0
15969,25.094960235845498,0
15970,25.27225912380345,0
15971,22.155774030296307,0
15972,22.835598673241194,0
15973,23.401052650888875,0
15974,21.65663719652076,0
15975,24.359533399208917,0
15976,21.60452142499553,0
15977,24.069702155789397,0
15978,24.00571270569743,0
15979,25.696365628368877,0
15980,24.56013082129148,0
15981,25.741874930987553,0
15982,28.946528953427332,0
15983,27.169836527380824,0
15984,28.549295447785326,0
15985,27.41224166695451,0
15986,28.799160817053867,0
15987,29.330125952275033,0
15988,30.019741543972064,0
15989,31.483680811412587,0
15990,31.5559964865069,0
15991,32.04410333535211,0
15992,33.45630154731069,0
15993,33.17287026375952,0
15994,33.039935681832475,0
15995,33.189945230171304,0
15996,34.264366057906344,0
15997,32.50896232187979,0
15998,32.060162877127226,0
15999,33.3538023603132,0
16000,33.38863979289533,0
16001,32.6762009589723,0
16002,31.99851292313958,0
16003,31.60581200227751,0
16004,31.95002206669634,0
16005,28.89620031893762,0
16006,28.562541294086884,0
16007,28.768843778417875,0
16008,28.532760896365417,0
16009,28.551768933349628,0
16010,26.7757839895588,0
16011,26.213031390154505,0
16012,25.394994114605897,0
16013,25.753171957778076,0
16014,25.335122423962158,0
16015,24.819646869068073,0
16016,24.7896311953929,0
16017,24.798092520524875,0
16018,23.023418251455613,0
16019,24.189520979203003,0
16020,21.05449240533628,0
16021,22.591313340005367,0
16022,23.56155227825002,0
16023,24.736327666494056,0
16024,23.94115883648415,0
16025,24.625921925638867,0
16026,24.13711375441495,0
16027,26.41876492525346,0
16028,24.875034298793995,0
16029,25.17920865913541,0
16030,25.979406584595207,0
16031,26.156894954571086,0
16032,29.095335769082794,0
16033,30.371173980215968,0
16034,30.269374089308222,0
16035,29.926177402726786,0
16036,29.662540730144926,0
16037,31.544245540083466,0
16038,32.20201631197536,0
16039,30.02538212085461,0
16040,33.33367177355865,0
16041,32.033806509128404,0
16042,32.33190110100214,0
16043,31.86999496409113,0
16044,34.307909671282545,0
16045,34.050414708780586,0
16046,32.61032361370703,0
16047,32.19952086898388,0
16048,34.143177628463434,0
16049,30.63522681712229,0
16050,31.30962220827347,0
16051,29.598424000734155,0
16052,31.499186819962848,0
16053,28.20704351076999,0
16054,29.730021767976083,0
16055,29.716711010840186,0
16056,25.969333968743868,0
16057,27.584393453396252,0
16058,27.139845630414424,0
16059,26.710605308265123,0
16060,25.557936890622837,0
16061,25.551380645246393,0
16062,23.60027367714564,0
16063,25.82952903486143,0
16064,23.896680323169914,0
16065,23.138856020360066,0
16066,22.810738480752327,0
16067,23.405800895994886,0
16068,22.98517381427386,0
16069,24.453815210622924,0
16070,22.583689545758347,0
16071,23.040369638182998,0
16072,24.58420130497032,0
16073,24.507108177689272,0
16074,25.38944983981305,0
16075,25.49051059955406,0
16076,24.84221149190436,0
16077,24.615727265096158,0
16078,27.496546505199685,0
16079,27.78075918690282,0
16080,28.962175029254702,0
16081,28.05159851953141,0
16082,30.090651191659024,0
16083,30.340934889700893,0
16084,30.193393321754623,0
16085,31.45849946433843,0
16086,29.9795401206688,0
16087,34.10417499631919,0
16088,31.292125097937777,0
16089,31.651619929121058,0
16090,34.41187324939271,0
16091,33.20157271822328,0
16092,34.05719814072098,0
16093,32.56013372447571,0
16094,32.30154367326951,0
16095,33.92672383943003,0
16096,32.348636216805076,0
16097,32.53220158718801,0
16098,31.70103439897386,0
16099,33.716644892823396,0
16100,31.321554712397088,0
16101,32.082846764458026,0
16102,30.410864829148068,0
16103,27.81486004937746,0
16104,28.65382971084515,0
16105,28.072787144925794,0
16106,28.64029631545513,0
16107,27.34591289696277,0
16108,26.199025477713217,0
16109,24.390650037179203,0
16110,24.682180930857893,0
16111,25.169399009615343,0
16112,23.393907198810876,0
16113,23.12533638349259,0
16114,22.374104207017407,0
16115,22.3029935748288,0
16116,23.056866088627753,0
16117,22.82429182440542,0
16118,23.253006767886113,0
16119,23.76284570201101,0
16120,23.18435138337466,0
16121,22.759613711762086,0
16122,24.23438548502334,0
16123,25.499884140692778,0
16124,24.797259094223186,0
16125,26.557971962442934,0
16126,25.07586273622922,0
16127,27.617539174270117,0
16128,26.927258179383788,0
16129,28.441899231953393,0
16130,29.114218706916233,0
16131,31.339437000567543,0
16132,29.77117157730565,0
16133,31.84788616780556,0
16134,31.756855917004863,0
16135,32.72462605089135,0
16136,32.13623907323589,0
16137,33.7685734048206,0
16138,31.434188224994834,0
16139,33.54544048978798,0
16140,33.395278934703256,0
16141,33.061451884970275,0
16142,34.05993662997234,0
16143,32.14151997230015,0
16144,33.49300279256114,0
16145,32.215951364059435,0
16146,30.61510203527746,0
16147,31.36591897211272,0
16148,31.611718196333157,0
16149,31.46959302425658,0
16150,30.68874873559752,0
16151,29.16467150810083,0
16152,27.45331121082445,0
16153,27.292687566670903,0
16154,25.079747481207004,0
16155,27.67668290710817,0
16156,27.082830304900348,0
16157,25.91367271096184,0
16158,24.26811091321898,0
16159,24.920439581712436,0
16160,22.36513583033052,0
16161,24.65559573186807,0
16162,23.326769258179706,0
16163,23.56843673489206,0
16164,21.79078998799244,0
16165,23.739231256231694,0
16166,21.5885217044106,0
16167,22.145997303548594,0
16168,24.584711302307188,0
16169,24.52887474175058,0
16170,22.894361626861954,0
16171,24.883317553226924,0
16172,24.421181369764216,0
16173,25.824431734012286,0
16174,27.040410347896568,0
16175,28.818967718351935,0
16176,27.46458646117589,0
16177,27.876789383306814,0
16178,29.87276822777255,0
16179,29.899358559897777,0
16180,31.205689557433285,0
16181,29.85783011364024,0
16182,31.507339606730078,0
16183,33.23882448170009,0
16184,31.680047871294992,0
16185,31.15307502311365,0
16186,33.802555643757856,0
16187,32.38787225161526,0
16188,33.96248485858335,0
16189,31.982927378821007,0
16190,32.14218619249597,0
16191,33.53444588347148,0
16192,31.926249137575123,0
16193,30.226245086124013,0
16194,29.780729993519397,0
16195,30.541182165259194,0
16196,29.415230781188566,0
16197,29.25032110887625,0
16198,29.613613354722332,0
16199,29.435083383792126,0
16200,28.77039302883056,0
16201,26.37409838813046,0
16202,26.27604470975562,0
16203,25.59719747535809,0
16204,24.863376683362315,0
16205,23.209599870972525,0
16206,24.067960723283484,0
16207,25.541049014721047,0
16208,22.472657747173233,0
16209,22.35128497770221,0
16210,23.166666949454616,0
16211,22.954050791691074,0
16212,21.388694317398425,0
16213,24.07935561763877,0
16214,24.255111806214803,0
16215,23.318054666250013,0
16216,24.746818933682736,0
16217,22.98863485666327,0
16218,25.06710741050678,0
16219,22.719812226826637,0
16220,24.98013759996312,0
16221,25.347299611317798,0
16222,25.606383687970325,0
16223,27.624154744984214,0
16224,27.980975033206967,0
16225,30.280078450826874,0
16226,29.821024460599467,0
16227,27.82566422558048,0
16228,30.14348014550035,0
16229,30.057176140459955,0
16230,31.269118661860436,0
16231,33.00470698318748,0
16232,32.66187151741455,0
16233,32.79215076807107,0
16234,33.21592082942811,0
16235,33.110508087713555,0
16236,33.333617132883504,0
16237,33.315533416267094,0
16238,32.174845279742826,0
16239,32.09863252845963,0
16240,31.364778279792233,0
16241,31.998129372664277,0
16242,31.345830788864816,0
16243,31.58871627414372,0
16244,31.052318303358952,0
16245,31.595643246571395,0
16246,29.362650059851653,0
16247,28.13450247747517,0
16248,25.327812991079853,0
16249,28.277976702866262,0
16250,25.88111025510884,0
16251,26.676865312179896,0
16252,26.553135066281094,0
16253,24.223580944458018,0
16254,25.34487759138051,0
16255,21.912436254827902,0
16256,24.444917612971576,0
16257,23.367539887506013,0
16258,22.097222348095514,0
16259,23.908958955315423,0
16260,23.846764622638556,0
16261,24.571167483123144,0
16262,22.400217035447206,0
16263,24.721794813719736,0
16264,21.867016717830317,0
16265,24.289406229035457,0
16266,24.507095888392186,0
16267,24.412595576004367,0
16268,26.2902396726029,0
16269,27.05277801149479,0
16270,25.41443648626039,0
16271,27.611341605571784,0
16272,27.415461969638617,0
16273,29.457507492362762,0
16274,28.891033510103213,0
16275,31.333792365651856,0
16276,29.304968582688854,0
16277,32.48857432334688,0
16278,33.03148174979556,0
16279,32.07655717727707,0
16280,32.546688875442676,0
16281,31.186761926545742,0
16282,33.36208963023301,0
16283,32.824464160379634,0
16284,32.47259384111339,0
16285,33.39212263541731,0
16286,33.757107997380174,0
16287,32.392116341838765,0
16288,32.98641564099502,0
16289,31.874179719273872,0
16290,32.79872358079517,0
16291,29.918887028852257,0
16292,30.573152099941506,0
16293,27.937923390622167,0
16294,29.86270158376676,0
16295,29.119035698425265,0
16296,29.514501735587192,0
16297,26.591145764789797,0
16298,26.223588272679084,0
16299,25.2164284108176,0
16300,26.785352499758154,0
16301,27.060381591585504,0
16302,23.796543107455207,0
16303,23.93910725109653,0
16304,23.447077677914393,0
16305,22.77555675505417,0
16306,24.012834253669542,0
16307,23.44447589594467,0
16308,23.148862035290712,0
16309,23.989376949775167,0
16310,24.00248971276979,0
16311,22.070419797764522,0
16312,24.951712251384556,0
16313,22.545881416608584,0
16314,25.47384946799204,0
16315,24.50166922590946,0
16316,26.25915273845502,0
16317,25.19348131802908,0
16318,27.422692088464796,0
16319,28.384508039058176,0
16320,29.30771318118947,0
16321,28.03908758788123,0
16322,29.35533362928017,0
16323,29.423826877000906,0
16324,30.75278133172281,0
16325,31.18123984915163,0
16326,30.236284676356256,0
16327,32.94279306049307,0
16328,33.07734435081049,0
16329,32.02846625679395,0
16330,32.675922815351605,0
16331,32.48639710452164,0
16332,31.905387112559172,0
16333,33.3644692630906,0
16334,32.832295577351346,0
16335,32.54909723145175,0
16336,33.39235326514801,0
16337,32.13495944755559,0
16338,32.45397577090816,0
16339,30.791830567099424,0
16340,31.86332353689022,0
16341,28.155478255833675,0
16342,28.60556504766482,0
16343,29.376509120028903,0
16344,28.274237434090793,0
16345,27.031704910575677,0
16346,26.378410782107444,0
16347,25.476720439641987,0
16348,26.217966603118168,0
16349,24.830949425450704,0
16350,23.417417372489865,0
16351,24.481994295793886,0
16352,24.46681928615522,0
16353,24.124791759909414,0
16354,24.13243627330479,0
16355,23.96293298011663,0
16356,23.060657328838506,0
16357,22.810924674067383,0
16358,24.471416205162335,0
16359,25.283249109505046,0
16360,23.54437049631559,0
16361,25.103194246447245,0
16362,25.176867907987454,0
16363,23.291296577142344,0
16364,24.420441182124186,0
16365,25.468869963079342,0
16366,25.934006082534413,0
16367,29.265804490370368,0
16368,27.656923530950678,0
16369,29.316955191444887,0
16370,29.658095305657703,0
16371,31.38623567623021,0
16372,29.467388737882448,0
16373,32.430586225274524,0
16374,30.796185701909405,0
16375,31.3737060708013,0
16376,32.670689240156115,0
16377,33.96703030046887,0
16378,32.55573529046212,0
16379,34.1379867756292,0
16380,33.328745816866,0
16381,32.42281992548469,0
16382,32.34041564089873,0
16383,32.43346568398198,0
16384,33.87523899337853,0
16385,29.947483528514923,0
16386,32.04162173458789,0
16387,30.50833217675732,0
16388,29.780730115922697,0
16389,29.81327594586929,0
16390,29.870486072408557,0
16391,26.748082889699536,0
16392,28.73799221872769,0
16393,27.906406862442196,0
16394,28.24292695515712,0
16395,24.401510948332014,0
16396,26.756590954489376,0
16397,24.287420884637108,0
16398,23.158026345108606,0
16399,24.692406704148127,0
16400,23.922291704002586,0
16401,21.60292520846053,0
16402,20.829288760874746,0
16403,21.56288886616492,0
16404,22.683483725312957,0
16405,24.276790565686035,0
16406,23.825953800773092,0
16407,23.056426638282737,0
16408,23.114436717043432,0
16409,24.30875764129407,0
16410,23.709961060355838,0
16411,24.555683818911664,0
16412,26.32162000197776,0
16413,25.40502803780006,0
16414,27.873169651003995,0
16415,27.19457748353695,0
16416,29.500885648513346,0
16417,29.318712427860575,0
16418,30.021295614205776,0
16419,29.68645322676784,0
16420,29.67485667599936,0
16421,30.275591266960088,0
16422,32.17463939348358,0
16423,32.162714933222134,0
16424,33.223664415994875,0
16425,33.10442965105857,0
16426,33.07552996706009,0
16427,32.24020062992179,0
16428,32.05571058654809,0
16429,32.897824591350165,0
16430,32.47808063178757,0
16431,33.23720467626453,0
16432,32.38043558158006,0
16433,31.61017452958791,0
16434,29.876897244588065,0
16435,30.149786463593,0
16436,32.675811400198455,0
16437,30.401950686741326,0
16438,29.36928330931614,0
16439,28.962496624383586,0
16440,27.57423931035998,0
16441,27.53516811951688,0
16442,25.374822289440548,0
16443,26.424325109456607,0
16444,26.74427371377693,0
16445,25.350433093603456,0
16446,23.057506217818684,0
16447,24.865286936846825,0
16448,24.08998572764351,0
16449,23.554090677016973,0
16450,23.497212300499125,0
16451,21.945481611560947,0
16452,24.278298034208436,0
16453,22.189050652522265,0
16454,23.671301829381207,0
16455,23.86681645176161,0
16456,22.589455873144466,0
16457,24.22068616652377,0
16458,23.033878632295306,0
16459,23.47702098395254,0
16460,25.122558223767616,0
16461,27.786875832106777,0
16462,27.32371252249812,0
16463,26.24412073432872,0
16464,28.308202038969608,0
16465,30.389609134359965,0
16466,28.10530181731995,0
16467,30.00304886544796,0
16468,30.14139954560402,0
16469,31.21492820980875,0
16470,31.79062318699987,0
16471,31.70000566218657,0
16472,32.221777284293516,0
16473,32.935148354937255,0
16474,33.56762880023053,0
16475,33.827720962777995,0
16476,33.30273235501172,0
16477,33.4912769457566,0
16478,34.32634295088135,0
16479,33.34686323213257,0
16480,31.795636414222482,0
16481,31.050730249071844,0
16482,31.29381793420239,0
16483,32.04708918702763,0
16484,31.109276606570592,0
16485,29.87613294717916,0
16486,29.1335407080947,0
16487,28.58295725767733,0
16488,27.266931139074504,0
16489,26.21876407585267,0
16490,26.167057458512097,0
16491,24.193893683113167,0
16492,25.002641800999157,0
16493,24.530637491311655,0
16494,24.536075628075682,0
16495,24.07260321236242,0
16496,24.225344217475193,0
16497,24.144647495110995,0
16498,22.318495570528015,0
16499,22.354756613755118,0
16500,23.011623736129735,0
16501,22.463642237891023,0
16502,23.872210651050267,0
16503,24.35051610378804,0
16504,22.436319127979058,0
16505,24.818013965370213,0
16506,23.061740005878853,0
16507,24.492839326982878,0
16508,25.932482238703,0
16509,27.17187127001216,0
16510,27.88769945305712,0
16511,25.980812458564884,0
16512,27.336937108531334,0
16513,29.45946289146315,0
16514,29.624208314801965,0
16515,30.514716018066242,0
16516,29.984898835828357,0
16517,32.41931065278114,0
16518,32.98516724719026,0
16519,31.969975644289196,0
16520,33.61065579383622,0
16521,32.6552735284625,0
16522,31.97714670316129,0
16523,33.02477273361442,0
16524,33.13907334730764,0
16525,33.614685907504516,0
16526,32.75418963161562,0
16527,32.29858402437604,0
16528,32.95419019931063,0
16529,31.586982544762588,0
16530,31.351098758144673,0
16531,30.649033548492675,0
16532,29.860807638924655,0
16533,29.910014304966502,0
16534,27.878611863547825,0
16535,28.295713281433546,0
16536,29.23336060683085,0
16537,26.948682261030896,0
16538,27.052761110266577,0
16539,24.86009572038963,0
16540,25.933583213676858,0
16541,25.862552914440002,0
16542,25.08156760882708,0
16543,22.495584918276407,0
16544,22.694582764441385,0
16545,23.837966012694437,0
16546,22.9793267182274,0
16547,23.724136710905643,0
16548,22.159361019033366,0
16549,24.096227391928526,0
16550,22.965507731760006,0
16551,21.856114947566645,0
16552,24.45293709697125,0
16553,22.441034505524783,0
16554,24.50366072280901,0
16555,23.517554793524255,0
16556,25.67404460401077,0
16557,25.615512777294906,0
16558,26.674244133420988,0
16559,29.658052513053548,0
16560,28.246695140439716,0
16561,28.014760862748457,0
16562,29.32629447770739,0
16563,28.641885598382515,0
16564,29.828706400353898,0
16565,31.40723806373463,0
16566,32.414781190960134,0
16567,31.248606612497834,0
16568,34.511940281028956,0
16569,32.06896003882479,0
16570,33.444379741999086,0
16571,32.80865720851968,0
16572,33.497949847217576,0
16573,32.89191866138269,0
16574,33.08020659051601,0
16575,33.07223946634476,0
16576,32.40228154940078,0
16577,32.25957393766778,0
16578,31.41373168627551,0
16579,30.88612564354889,0
16580,30.435150680227203,0
16581,30.13073781194971,0
16582,29.48456910366202,0
16583,29.256952984893665,0
16584,27.799607544206115,0
16585,29.381624549319532,0
16586,26.755235401383008,0
16587,25.92811699217318,0
16588,24.572323232259283,0
16589,24.100184940159835,0
16590,24.193104496679574,0
16591,25.83470531504348,0
16592,23.385181272269456,0
16593,23.121411610190766,0
16594,24.32121902719679,0
16595,23.135484716851536,0
16596,24.551226290295713,0
16597,21.657844407869543,0
16598,23.916807621637464,0
16599,24.104943851719018,0
16600,22.74531999104841,0
16601,24.373964735120207,0
16602,23.65872240080878,0
16603,25.423108342891272,0
16604,26.482817324297734,0
16605,25.693431875336977,0
16606,25.293397882585246,0
16607,24.807627566299118,0
16608,26.569047772541758,0
16609,28.380022691266397,0
16610,29.42744698560875,0
16611,28.25617259896572,0
16612,30.853601739504505,0
16613,33.72767207392968,0
16614,33.0490962392307,0
16615,34.30336941895236,0
16616,33.505506825601316,0
16617,34.582396525383786,0
16618,32.62659292889113,0
16619,34.18911829503453,0
16620,32.611412854139644,0
16621,31.212688529667403,0
16622,32.83642859236402,0
16623,32.35724966036643,0
16624,32.43397178412596,0
16625,32.34569117079443,0
16626,31.351453962984102,0
16627,31.107613862655317,0
16628,28.885706799821296,0
16629,29.525253163450948,0
16630,28.49846463102715,0
16631,28.300699038368172,0
16632,28.827491236589754,0
16633,26.21724117602581,0
16634,27.71462542038137,0
16635,27.037432720256852,0
16636,23.799115956272402,0
16637,24.72129626330374,0
16638,25.526077274142953,0
16639,24.086517388884356,0
16640,23.435724725888388,0
16641,22.59301185299405,0
16642,22.30371925300729,0
16643,23.635242590351886,0
16644,23.096150290325813,0
16645,23.302883031365802,0
16646,23.166443007541123,0
16647,22.44358344324978,0
16648,25.35212908456334,0
16649,23.508189361617493,0
16650,25.445201618770216,0
16651,24.836462825729438,0
16652,26.98281657234069,0
16653,26.211230996399106,0
16654,25.42972370517389,0
16655,27.44586415727528,0
16656,27.921375514787613,0
16657,30.05433553584044,0
16658,27.752330527662703,0
16659,28.584663402847987,0
16660,29.09897141498369,0
16661,32.011107896239864,0
16662,30.434281634889196,0
16663,32.56215288339073,0
16664,32.49497636970814,0
16665,30.633358484899784,0
16666,33.27529130478477,0
16667,33.669382176741486,0
16668,31.00797761248968,0
16669,31.682920899848266,0
16670,32.903202087849316,0
16671,32.28084169632391,0
16672,31.86475652031661,0
16673,31.844617837356715,0
16674,31.918321670981847,0
16675,29.80798990423229,0
16676,29.29890414215244,0
16677,31.02956525162313,0
16678,29.59332499833077,0
16679,27.156417711584872,0
16680,30.651609176989684,0
16681,27.981696351456044,0
16682,25.15988462082491,0
16683,24.65218516192717,0
16684,26.04369928170145,0
16685,26.32648718761437,0
16686,23.870856190330585,0
16687,23.72279927921582,0
16688,23.33396827472494,0
16689,21.25434849933628,0
16690,23.924880819119554,0
16691,23.928330465058586,0
16692,24.157689876963474,0
16693,22.543388254831548,0
16694,22.242768278873886,0
16695,23.703840208609854,0
16696,25.34698687907518,0
16697,24.005270542930035,0
16698,24.73070592116789,0
16699,25.095446713903037,0
16700,23.629198068571135,0
16701,26.688416291578932,0
16702,27.713632670252174,0
16703,26.495306664337374,0
16704,25.840535685122088,0
16705,28.28761328795345,0
16706,29.892468193278987,0
16707,30.421266896476723,0
16708,31.503674274199714,0
16709,29.947821359517327,0
16710,32.15651629065057,0
16711,31.458429178410938,0
16712,31.59501322633082,0
16713,31.131234985738903,0
16714,34.21192339481653,0
16715,32.41417064223526,0
16716,32.795658021921916,0
16717,31.275143885545813,0
16718,33.63759753550914,0
16719,32.82096554519807,0
16720,32.151170503218,0
16721,32.88522946247986,0
16722,31.031454691312558,0
16723,30.921658363962983,0
16724,29.767894071359162,0
16725,29.439110598846813,0
16726,29.713826877104967,0
16727,27.857188223205345,0
16728,30.483771658672758,0
16729,27.111515853302194,0
16730,24.970722576666567,0
16731,26.51668031655281,0
16732,24.889150960745212,0
16733,24.761851917408464,0
16734,24.92879210831977,0
16735,22.91083140532677,0
16736,24.118529848172603,0
16737,21.438556300813786,0
16738,25.102635903696296,0
16739,23.686637095479902,0
16740,23.143940887168945,0
16741,22.461875351462776,0
16742,22.357301765663255,0
16743,24.28942474669954,0
16744,23.28376566158366,0
16745,23.130984321595303,0
16746,23.48305742416329,0
16747,24.191265898476697,0
16748,25.08351661919429,0
16749,26.86168798904135,0
16750,26.660266019109045,0
16751,26.611718714183326,0
16752,27.625149100294806,0
16753,27.328174455576125,0
16754,27.960004760634625,0
16755,28.024026181439346,0
16756,29.73312107215627,0
16757,31.034631802553893,0
16758,31.63214474818705,0
16759,32.30317236206989,0
16760,33.29648320755624,0
16761,31.62397800546167,0
16762,33.568422172626,0
16763,34.646414301131976,0
16764,34.28888689280357,0
16765,33.35530453209033,0
16766,34.04166632437705,0
16767,34.25205912004433,0
16768,31.91599012993878,0
16769,31.952701207203653,0
16770,31.2957285024926,0
16771,29.27833358415473,0
16772,29.502660949345263,0
16773,30.77022545001407,0
16774,29.4358023136363,0
16775,28.53575799076204,0
16776,27.224988271157414,0
16777,26.423789034565427,0
16778,28.755757274621843,0
16779,26.238356211086113,0
16780,25.13902173963475,0
16781,25.76507104381993,0
16782,25.392845065809706,0
16783,22.995009550355874,0
16784,22.038750533010916,0
16785,23.275368432618237,0
16786,23.44728752219654,0
16787,23.531844105417512,0
16788,22.987119564665363,0
16789,22.016031656655862,0
16790,23.651194336749914,0
16791,23.597556239197996,0
16792,24.066005466131926,0
16793,23.205892013327887,0
16794,25.269535665057084,0
16795,24.18682267954229,0
16796,26.279317365450936,0
16797,25.84026056986934,0
16798,26.914624161566866,0
16799,26.74828440454831,0
16800,28.468893691384206,0
16801,29.649289137420276,0
16802,27.86775458996503,0
16803,30.333463771481682,0
16804,29.372008796434265,0
16805,31.487260028447107,0
16806,31.00952448028309,0
16807,30.855035992694226,0
16808,31.90170162833708,0
16809,32.61682982440648,0
16810,33.44285508630844,0
16811,31.671278169511364,0
16812,32.235625592469404,0
16813,34.589255107993075,0
16814,32.638603860671296,0
16815,33.25332846726358,0
16816,30.78081414271917,0
16817,33.787369360711274,0
16818,30.50488662764911,0
16819,30.34028648348093,0
16820,31.38988080140396,0
16821,31.2174110996326,0
16822,28.97518557467027,0
16823,29.505844258884235,0
16824,27.3550563986125,0
16825,27.68851710670794,0
16826,26.907315347292023,0
16827,25.520059476262276,0
16828,25.145476472738558,0
16829,25.007850925211876,0
16830,23.342348423050954,0
16831,22.764047875415876,0
16832,24.65590290722065,0
16833,24.558582157037794,0
16834,23.351823647212765,0
16835,23.242160626180667,0
16836,23.193567395442646,0
16837,23.55816272987357,0
16838,21.93961012952343,0
16839,22.6170126066411,0
16840,24.30620324822455,0
16841,23.969283189430076,0
16842,25.0289862724786,0
16843,26.49921436473531,0
16844,23.41025282385194,0
16845,25.453811988471042,0
16846,25.01541537932938,0
16847,27.317354102548197,0
16848,29.103939737302696,0
16849,28.256160517951116,0
16850,29.152688756257444,0
16851,30.384499004918503,0
16852,29.19605743397713,0
16853,31.796305046603536,0
16854,30.549967951540424,0
16855,30.250889032912085,0
16856,32.567574861454304,0
16857,34.3848236584845,0
16858,31.74015435559721,0
16859,33.317443974396326,0
16860,31.903704420665406,0
16861,34.316003168320336,0
16862,32.17238986605742,0
16863,33.3583746209359,0
16864,32.41598436410225,0
16865,31.909233101236076,0
16866,32.19962929442282,0
16867,30.844714522685884,0
16868,30.709505756999548,0
16869,28.793362611688604,0
16870,28.642554915262107,0
16871,27.947967287270963,0
16872,28.547325469257334,0
16873,24.806765265444568,0
16874,26.496925854063296,0
16875,24.188855069838347,0
16876,26.543377223616655,0
16877,24.493300210739573,0
16878,24.31757673682211,0
16879,24.242381862101773,0
16880,24.742410054585125,0
16881,22.802831148211553,0
16882,22.676263713831563,0
16883,22.725598541952618,0
16884,22.742581666459458,0
16885,23.35266183764682,0
16886,23.61728493580879,0
16887,23.397047100621954,0
16888,22.76804150517662,0
16889,24.23122792908278,0
16890,25.11279478550732,0
16891,24.114180594762963,0
16892,25.44259209650522,0
16893,25.633535978033404,0
16894,25.804336649395452,0
16895,27.124594775049577,0
16896,29.220294683578313,0
16897,28.69823759891887,0
16898,30.372440920778537,0
16899,28.35971945570933,0
16900,30.990034118183658,0
16901,30.8828184220878,0
16902,30.08441552889385,0
16903,30.284968596157174,0
16904,32.29561938934476,0
16905,31.764879315645274,0
16906,32.17624420233759,0
16907,34.12472723150659,0
16908,32.84402665994878,0
16909,31.286957481126016,0
16910,34.40878417008327,0
16911,34.24869790624047,0
16912,31.62821458692833,0
16913,31.5193682339582,0
16914,31.570365566465405,0
16915,31.10511999688685,0
16916,29.20474625318119,0
16917,31.82362840218823,0
16918,30.122757841884795,0
16919,29.167128739185465,0
16920,27.71180759004818,0
16921,26.936172896444088,0
16922,28.843049732791236,0
16923,26.76042904384488,0
16924,26.595790182806898,0
16925,23.72833117848422,0
16926,24.621319810454192,0
16927,22.900176571925613,0
16928,23.687443461317145,0
16929,24.254042015404092,0
16930,21.930238107328442,0
16931,22.846101803797225,0
16932,24.278317199526054,0
16933,23.53572032408141,0
16934,23.763099322844077,0
16935,22.470342699503558,0
16936,23.304339477351245,0
16937,24.916854571066498,0
16938,22.409680164060767,0
16939,25.29893568177859,0
16940,24.851731078132506,0
16941,25.690497758530984,0
16942,28.96811583457388,0
16943,27.918416870013715,0
16944,27.747521605562472,0
16945,29.680102145564184,0
16946,28.548453458462802,0
16947,30.258820920211473,0
16948,31.336761357863047,0
16949,29.915499791517515,0
16950,32.203871578851725,0
16951,30.723846849489572,0
16952,31.48476961670667,0
16953,33.904880564730504,0
16954,31.335950950607533,0
16955,33.5555707953807,0
16956,34.113598436001595,0
16957,34.817741054293435,0
16958,33.39571817166612,0
16959,34.071185566214254,0
16960,31.381061418681263,0
16961,32.844861682392626,0
16962,31.151333805471648,0
16963,31.69690642449054,0
16964,30.419251853405225,0
16965,30.175825635383465,0
16966,29.26142943510335,0
16967,27.427030886583353,0
16968,26.949418132546406,0
16969,26.61017399819646,0
16970,24.53863029054419,0
16971,23.835288168897936,0
16972,27.625836155625027,0
16973,23.03978171464476,0
16974,24.10075996621335,0
16975,24.152989253971217,0
16976,24.396143980649992,0
16977,24.506130966012964,0
16978,23.301181581714197,0
16979,22.234021440926146,0
16980,23.449712712904823,0
16981,24.808329702752335,0
16982,23.135492080360113,0
16983,24.18928979590119,0
16984,24.97731383513874,0
16985,23.176970257618784,0
16986,24.319974619958984,0
16987,25.415064085317884,0
16988,26.98034816061703,0
16989,25.84586354922207,0
16990,26.60034952054294,0
16991,26.152213388960476,0
16992,27.32682733887203,0
16993,29.262233208995006,0
16994,29.721485464925323,0
16995,28.65600839820289,0
16996,31.322341413894637,0
16997,31.255168872811677,0
16998,31.661371167343624,0
16999,32.10709079176738,0
17000,32.1289133820552,0
17001,32.340322070733734,0
17002,33.805513361395505,0
17003,33.995276974075054,0
17004,33.44561141652512,0
17005,33.273286167733225,0
17006,33.44873988984184,0
17007,31.593580542319916,0
17008,31.248066131338938,0
17009,31.96357203654996,0
17010,31.476068077127515,0
17011,29.19605797180676,0
17012,30.15007706179572,0
17013,29.9579700472464,0
17014,31.892027409166086,0
17015,27.40983012152112,0
17016,26.71322048389352,0
17017,27.76444096531566,0
17018,26.128485698107163,0
17019,27.27993622271577,0
17020,23.86175247166522,0
17021,25.274374247320484,0
17022,23.89043119082554,0
17023,22.819732100966668,0
17024,24.34576692101733,0
17025,24.163863836599223,0
17026,24.180813755823763,0
17027,23.78927077287717,0
17028,22.205090399417436,0
17029,22.96757869599847,0
17030,23.204366721087222,0
17031,24.14649173528454,0
17032,24.76524356952491,0
17033,24.728876696996863,0
17034,24.90584105829129,0
17035,22.945446938987264,0
17036,25.317798348102656,0
17037,26.815166754328033,0
17038,26.986981297194134,0
17039,27.240991290737544,0
17040,29.483058229015445,0
17041,29.29978247110416,0
17042,29.183646401803827,0
17043,31.9205633277033,0
17044,29.353500977144588,0
17045,31.431364804820657,0
17046,32.03107864002524,0
17047,29.64411361282298,0
17048,32.36077095102979,0
17049,32.139572142998084,0
17050,32.21603089677559,0
17051,33.82360744863733,0
17052,32.46502920150266,0
17053,32.97578179412138,0
17054,32.54658032964956,0
17055,30.888021605509078,0
17056,34.130013561038275,0
17057,32.04064689795663,0
17058,32.51403581258592,0
17059,31.911048396784842,0
17060,30.99014944382206,0
17061,32.261311966934954,0
17062,29.395877494146188,0
17063,28.771870188561106,0
17064,28.223504890206403,0
17065,26.17966996301585,0
17066,26.460444066142642,0
17067,26.445261526374168,0
17068,24.257269869070388,0
17069,25.75348109083634,0
17070,24.37784551602775,0
17071,22.995873203361647,0
17072,22.563738677984446,0
17073,24.05637698021598,0
17074,22.895074655604308,0
17075,24.628490392424606,0
17076,21.66214200571465,0
17077,22.394287191536044,0
17078,23.325351647732827,0
17079,22.88715481535047,0
17080,23.95244472286988,0
17081,24.175204840085105,0
17082,26.787238137252604,0
17083,26.373376631565844,0
17084,25.726717211771533,0
17085,25.94058988333878,0
17086,26.9506625682289,0
17087,26.8071086868538,0
17088,28.347943392052947,0
17089,28.337821919489905,0
17090,29.966273264866672,0
17091,29.535508616268945,0
17092,29.497509456345725,0
17093,31.74190351441397,0
17094,31.03536550891636,0
17095,32.51182340856807,0
17096,33.14238920069188,0
17097,32.78127935820202,0
17098,32.69436440399847,0
17099,32.32407239080302,0
17100,32.26516094764541,0
17101,33.447250836614806,0
17102,30.581368899851018,0
17103,32.38954826198947,0
17104,33.542644459993696,0
17105,33.001486925724585,0
17106,32.37587996689471,0
17107,32.81472948053742,0
17108,30.981464064241443,0
17109,30.283003495336132,0
17110,28.729481382951366,0
17111,29.80953465286422,0
17112,27.311984274224333,0
17113,27.66241839705475,0
17114,27.812402545703467,0
17115,26.77332865817478,0
17116,26.914300607882932,0
17117,24.882221087644393,0
17118,22.28854345551845,0
17119,23.670501739315238,0
17120,23.90186403041142,0
17121,23.416133071965508,0
17122,22.498942437183015,0
17123,22.711197001004354,0
17124,22.44190202121815,0
17125,23.938331387731434,0
17126,21.956900034236405,0
17127,22.534791642927022,0
17128,22.171630556668855,0
17129,23.472798547369,0
17130,23.999305974432914,0
17131,26.635341643374087,0
17132,25.213263470561145,0
17133,26.96704902314921,0
17134,28.059147794424483,0
17135,25.46193638938761,0
17136,26.831499835845825,0
17137,27.21001028757835,0
17138,29.573102729173325,0
17139,30.049224652763616,0
17140,28.690704048656784,0
17141,28.960751578765194,0
17142,31.883934967329594,0
17143,31.406893483416233,0
17144,31.267666360688146,0
17145,32.0167654044793,0
17146,32.67397943065051,0
17147,33.29875205718398,0
17148,35.48253830670592,0
17149,31.739599733581088,0
17150,32.69899088650991,0
17151,34.4092336883798,0
17152,33.17760867067067,0
17153,32.81818093298683,0
17154,30.721911697014615,0
17155,31.281257919175463,0
17156,29.381995384707167,0
17157,30.51966947329791,0
17158,28.895654634468887,0
17159,28.82741954012626,0
17160,27.82077076384384,0
17161,27.471711821210512,0
17162,27.98850920348551,0
17163,26.542540362690715,0
17164,26.386912535331007,0
17165,27.48201884480596,0
17166,24.70932202814595,0
17167,24.493452537774044,0
17168,23.377478046119393,0
17169,22.88273918920064,0
17170,20.767683708136666,0
17171,23.645777843870736,0
17172,23.71889258678588,0
17173,23.211860303465386,0
17174,23.31746240262734,0
17175,23.49572247278843,0
17176,22.518095655786574,0
17177,26.286898782678094,0
17178,24.02127641666065,0
17179,24.594633917875125,0
17180,24.69421502613407,0
17181,25.58502391374072,0
17182,28.033244809908705,0
17183,28.201789200177267,0
17184,26.737756199580698,0
17185,28.83236039937966,0
17186,29.5198553631339,0
17187,33.36604800400233,0
17188,28.942833887803463,0
17189,30.684723399729478,0
17190,31.822770161664966,0
17191,31.024268653466788,0
17192,32.09746134350967,0
17193,32.19562236094082,0
17194,33.69540622697155,0
17195,32.99668388376841,0
17196,34.00869630454019,0
17197,33.15497959637426,0
17198,32.93394578372654,0
17199,34.06727207549879,0
17200,31.534263398488033,0
17201,32.645444448622854,0
17202,31.705024797255774,0
17203,29.49843883141869,0
17204,30.83785862694916,0
17205,30.61901016831265,0
17206,29.278679853145224,0
17207,29.890953791108664,0
17208,26.451964480237148,0
17209,27.738869383213995,0
17210,27.047538483283095,0
17211,27.236604994519737,0
17212,24.795522489175852,0
17213,23.9723109474057,0
17214,24.425954066973688,0
17215,22.58960780419433,0
17216,23.736134306248022,0
17217,24.42931197498032,0
17218,24.26769706890903,0
17219,23.227781193467838,0
17220,21.9061339468284,0
17221,22.02019657697443,0
17222,24.274452808888835,0
17223,24.074145279090718,0
17224,23.40628084179862,0
17225,23.781019181257893,0
17226,23.26383183513539,0
17227,24.350735136612872,0
17228,24.38349193801637,0
17229,28.337025532496675,0
17230,26.203462801718302,0
17231,27.551807835024352,0
17232,25.875274469053505,0
17233,29.691112072185007,0
17234,28.88869488353585,0
17235,28.67353477087358,0
17236,29.844350390016036,0
17237,31.44882120077223,0
17238,32.06384625547769,0
17239,31.058551759232675,0
17240,31.531606432210975,0
17241,32.35370247056122,0
17242,32.22012736450163,0
17243,32.82234484441583,0
17244,33.02962399025889,0
17245,32.813386342341616,0
17246,29.84095283392451,0
17247,32.42526919831929,0
17248,32.54686705565332,0
17249,30.4154435202731,0
17250,31.055351198088548,0
17251,29.35463780613328,0
17252,29.859324353059908,0
17253,29.247549215051826,0
17254,31.058101819242264,0
17255,29.936090313962435,0
17256,27.59805576850466,0
17257,26.965548328587147,0
17258,26.439393144843578,0
17259,25.903556773743553,0
17260,27.672871555513055,0
17261,26.80358105586298,0
17262,22.23252709899288,0
17263,23.858968052112193,0
17264,21.65014612968421,0
17265,24.59454597120863,0
17266,22.10763925431292,0
17267,23.02240123132199,0
17268,21.909363051029004,0
17269,22.97739915055445,0
17270,23.226853128063723,0
17271,23.53022195530729,0
17272,23.965830025345298,0
17273,23.338646429758985,0
17274,23.920949537129545,0
17275,25.950875073530437,0
17276,25.216570966874862,0
17277,24.504095009240288,0
17278,26.984927080919032,0
17279,26.192123539670042,0
17280,27.36022328372478,0
17281,30.526982155434116,0
17282,30.78311437899443,0
17283,29.83082412295626,0
17284,29.668972401944718,0
17285,32.81068305317106,0
17286,28.836393132939243,0
17287,30.550732713520944,0
17288,31.765010842561306,0
17289,33.12816750584982,0
17290,30.464112607062518,0
17291,32.45551514028768,0
17292,32.48698609397531,0
17293,34.44264201260208,0
17294,31.577941245876747,0
17295,36.134671991145886,0
17296,34.060383178417034,0
17297,31.703917647054368,0
17298,31.903009285025004,0
17299,30.98156143090573,0
17300,30.834477060188423,0
17301,28.6342567922396,0
17302,30.301831759873906,0
17303,29.523373355176428,0
17304,28.277426598973747,0
17305,28.867091925483464,0
17306,25.560356303875945,0
17307,25.2487788171212,0
17308,26.836993342506293,0
17309,25.10457367199367,0
17310,23.378178653672578,0
17311,25.340289677482083,0
17312,22.677026492021657,0
17313,24.98080544699976,0
17314,24.056350603474254,0
17315,23.117272161700967,0
17316,24.07472926990311,0
17317,22.18749753291521,0
17318,22.59131200519336,0
17319,24.258760920692826,0
17320,23.216116598537432,0
17321,24.90538066371158,0
17322,25.11056818608947,0
17323,24.548473120922203,0
17324,23.250748366048157,0
17325,25.96810754591792,0
17326,27.773323103903515,0
17327,26.136171362184488,0
17328,28.850117255890506,0
17329,28.32831666867344,0
17330,28.233185407440395,0
17331,29.758947880713027,0
17332,28.755508973133953,0
17333,31.699292056755837,0
17334,33.63479835242475,0
17335,32.60443974340125,0
17336,32.33572513843451,0
17337,31.770641406181927,0
17338,32.409119880996506,0
17339,33.81440369333722,0
17340,33.57146723071389,0
17341,32.910153255377786,0
17342,33.6753264817278,0
17343,33.74139887660921,0
17344,31.082443673520185,0
17345,32.38094560226763,0
17346,30.067060552643895,0
17347,30.782588376631594,0
17348,31.08782976779525,0
17349,31.268083298187964,0
17350,29.08957420346959,0
17351,28.07859844205432,0
17352,27.540083623327753,0
17353,27.930422520507257,0
17354,26.53836343648117,0
17355,25.58954000316417,0
17356,26.365771826633587,0
17357,24.257939689209056,0
17358,26.1053824270041,0
17359,24.052343451719615,0
17360,21.94613673814563,0
17361,24.3798678390298,0
17362,23.754381851149617,0
17363,23.07036326747472,0
17364,23.192008492201577,0
17365,23.15330349299295,0
17366,21.706964127620513,0
17367,21.685367676693467,0
17368,23.52105348231114,0
17369,24.466605534501088,0
17370,23.195528947373738,0
17371,25.235318809026165,0
17372,25.400473338317536,0
17373,24.82784516963514,0
17374,25.68518796091937,0
17375,26.52464963503344,0
17376,26.56218461359213,0
17377,28.508036391355866,0
17378,27.940222158731277,0
17379,30.698934018101607,0
17380,30.217068153477832,0
17381,30.93549911326694,0
17382,33.428357278501494,0
17383,30.929017794557346,0
17384,32.87169176267673,0
17385,31.318812202835257,0
17386,32.46711182801608,0
17387,31.813970363474667,0
17388,32.23354751546685,0
17389,33.86571509260492,0
17390,32.113250427213224,0
17391,31.202605916927816,0
17392,31.797237259647908,0
17393,31.858029500554668,0
17394,31.596070295917823,0
17395,31.071689433125194,0
17396,28.007964366884632,0
17397,29.879626285057675,0
17398,31.82079986752581,0
17399,28.461341367742364,0
17400,27.66229231800757,0
17401,27.826268783878575,0
17402,24.523936984188335,0
17403,25.230676785061046,0
17404,26.52458936783644,0
17405,25.278270911904972,0
17406,23.641605186130025,0
17407,23.569853041821567,0
17408,22.72305567589066,0
17409,24.07972392618985,0
17410,24.235108832294284,0
17411,21.53828366672294,0
17412,23.94326847083894,0
17413,22.565197961550467,0
17414,23.79812608806597,0
17415,24.495358462070836,0
17416,23.686156986391374,0
17417,25.125650445883714,0
17418,24.320461974370552,0
17419,25.679782912336435,0
17420,24.992452962440908,0
17421,26.458829767749652,0
17422,27.104998083199945,0
17423,26.75573730213985,0
17424,26.965683713779708,0
17425,27.732873122091657,0
17426,30.300536524760194,0
17427,29.435358563353073,0
17428,30.56285535715607,0
17429,33.166154856692586,0
17430,29.98876563263038,0
17431,30.89600878453192,0
17432,31.92400280824902,0
17433,32.61650673372028,0
17434,32.4686133997429,0
17435,34.722652091708454,0
17436,32.31894289921887,0
17437,32.00968801113416,0
17438,33.1278417898632,0
17439,32.37574102704058,0
17440,32.097311687936944,0
17441,31.816828523876882,0
17442,31.203870316572676,0
17443,31.75500389940464,0
17444,28.928926894704183,0
17445,32.20457990821339,0
17446,30.37396354250882,0
17447,29.153219425805528,0
17448,29.330694171822355,0
17449,26.75218307033942,0
17450,26.72531732132207,0
17451,27.26959214352783,0
17452,25.748769065601323,0
17453,25.063162948884706,0
17454,25.24704215632108,0
17455,23.718047703387274,0
17456,22.49411698905864,0
17457,21.98817140908071,0
17458,23.06177357413586,0
17459,23.439891172826645,0
17460,21.642194909750664,0
17461,23.542375805224477,0
17462,24.14085155587455,0
17463,24.939156845704343,0
17464,23.434653063766262,0
17465,22.538892891304638,0
17466,23.86346630682677,0
17467,23.332969399854093,0
17468,24.44161770408096,0
17469,25.008974710566022,0
17470,28.237778717251693,0
17471,26.32065349370281,0
17472,28.06868497043933,0
17473,29.190990942010462,0
17474,28.291485087671155,0
17475,32.617557501796256,0
17476,29.923213278747035,0
17477,29.12932372752816,0
17478,31.235780553933957,0
17479,30.856699958325073,0
17480,32.056042288802786,0
17481,32.26964267374707,0
17482,33.657830624070115,0
17483,33.23284801259032,0
17484,35.50963420054464,0
17485,31.832149577455912,0
17486,34.47038521665829,0
17487,34.741974326947556,0
17488,32.145941564040506,0
17489,34.338167088270616,0
17490,32.437186473837016,0
17491,31.517458241960075,0
17492,32.48159126182251,0
17493,30.47056379315993,0
17494,28.859468305954387,0
17495,29.78331093037658,0
17496,27.954132560385766,0
17497,28.146662826214627,0
17498,27.53797398187515,0
17499,25.253336601104017,0
17500,25.764129697080087,0
17501,25.607612998798086,0
17502,23.52978244006187,0
17503,22.203834770168072,0
17504,22.984698628433037,0
17505,23.815906233872663,0
17506,23.83182233917507,0
17507,23.036676709083192,0
17508,23.598488440124605,0
17509,23.750875748759654,0
17510,22.493703336253073,0
17511,23.435290729238005,0
17512,23.27505271090756,0
17513,24.675235768995602,0
17514,25.61641861734951,0
17515,25.724557609388107,0
17516,24.979185830180825,0
17517,26.792667607457826,0
17518,27.50196234279071,0
17519,26.084833654607372,0
17520,28.072069963892936,0
17521,27.972920071530666,0
17522,29.681363885229942,0
17523,31.29522799555143,0
17524,29.765053553891622,0
17525,30.05282249280063,0
17526,29.92193737217249,0
17527,31.6304911387222,0
17528,32.37531724202477,0
17529,34.49480538794368,0
17530,31.526181151957086,0
17531,33.089149847040446,0
17532,33.69240035376032,0
17533,34.08545887814385,0
17534,31.98995493635994,0
17535,33.15436414001144,0
17536,30.785867139806484,0
17537,31.451606099685144,0
17538,32.10166990268653,0
17539,30.34388671336714,0
17540,30.2610323774215,0
17541,30.939313376472555,0
17542,28.40980616441568,0
17543,27.68622347235385,0
17544,27.109119265738443,0
17545,28.084291048637432,0
17546,27.272184304226123,0
17547,25.01716237342505,0
17548,24.920548161364795,0
17549,24.951660224367437,0
17550,25.006469133115377,0
17551,24.683436223882104,0
17552,23.62915454009454,0
17553,23.04320637398671,0
17554,22.145657815694538,0
17555,23.29980077839623,0
17556,24.035501576591226,0
17557,23.183277653691302,0
17558,22.83597387748135,0
17559,24.566112838584395,0
17560,24.064858755540683,0
17561,22.355605957383,0
17562,20.88341851387523,0
17563,24.130462756483148,0
17564,25.128274163797077,0
17565,26.946841981203402,0
17566,27.138596387894825,0
17567,26.76250371984344,0
17568,27.325948916026338,0
17569,29.008005157831665,0
17570,28.183756983732344,0
17571,29.76470992229926,0
17572,31.501742742862735,0
17573,30.903044755046178,0
17574,30.273845540584443,0
17575,30.890293810709018,0
17576,31.377631990578223,0
17577,32.2551151332714,0
17578,30.970863505225818,0
17579,32.77886793755942,0
17580,32.7482946904846,0
17581,34.539990771643126,0
17582,33.22318731616088,0
17583,30.747353380556596,0
17584,33.03170847728426,0
17585,32.47268456986619,0
17586,29.676677703663,0
17587,31.628678601545115,0
17588,30.41232109674314,0
17589,29.96148248529191,0
17590,27.8797380109773,0
17591,27.830225417693686,0
17592,29.166265929202563,0
17593,28.297981857456847,0
17594,27.37090077251501,0
17595,25.44300918497088,0
17596,26.707527108710902,0
17597,23.684493608072525,0
17598,23.633334784740292,0
17599,24.64917434042102,0
17600,22.47541408399612,0
17601,23.422018074013167,0
17602,21.66139445149103,0
17603,21.335089389734744,0
17604,23.618307290274018,0
17605,21.861792736452223,0
17606,22.010500528820714,0
17607,23.696859883445594,0
17608,23.52773315227552,0
17609,24.78172151997504,0
17610,25.114057889024778,0
17611,24.75730929634335,0
17612,24.730169930329595,0
17613,25.54292039577531,0
17614,26.405591332425303,0
17615,27.816257939761247,0
17616,27.57913512156207,0
17617,28.34107479577721,0
17618,29.846285672481663,0
17619,29.781917415475508,0
17620,30.04475282214478,0
17621,30.394593617886958,0
17622,33.662770535084434,0
17623,32.391477573401815,0
17624,30.815114005328766,0
17625,32.845918514497434,0
17626,33.007614792134135,0
17627,33.797213853296576,0
17628,32.87531131124115,0
17629,31.836976459915217,0
17630,31.520138505587692,0
17631,32.459900253875716,0
17632,31.7514796014957,0
17633,31.374054259737026,0
17634,32.17082404325174,0
17635,30.652048816734002,0
17636,30.824387916969336,0
17637,30.269185500423994,0
17638,29.82231258784681,0
17639,29.209319416196625,0
17640,29.35497253933393,0
17641,25.929099955851623,0
17642,25.454284104528526,0
17643,26.370008060073808,0
17644,26.120204423669335,0
17645,26.114745318674537,0
17646,23.866482906640556,0
17647,22.452178843938434,0
17648,23.315810611142624,0
17649,22.933083094390526,0
17650,22.617221028666403,0
17651,23.019080314412424,0
17652,22.556491429539644,0
17653,23.050456679759943,0
17654,22.725274868474223,0
17655,24.242136913549235,0
17656,25.689709934202828,0
17657,23.90581416177265,0
17658,24.255591893928695,0
17659,25.85875973271118,0
17660,24.265517146355705,0
17661,24.70509844390645,0
17662,28.33700228566952,0
17663,25.55731826241465,0
17664,26.528698179109654,0
17665,29.632464868613447,0
17666,30.55826304878226,0
17667,28.403276594570013,0
17668,30.20935056554983,0
17669,31.14177195203807,0
17670,29.839776352062323,0
17671,32.09800106985672,0
17672,31.895821647934184,0
17673,34.401324051607276,0
17674,31.671557421382186,0
17675,32.639313192079776,0
17676,32.863136138351415,0
17677,32.360625117346416,0
17678,32.777547811314754,0
17679,32.61963238033803,0
17680,31.845562480086997,0
17681,32.63408312412128,0
17682,31.12953470691865,0
17683,29.915500622709825,0
17684,29.39851423293851,0
17685,31.779415909199205,0
17686,30.56444158118018,0
17687,28.333440881353155,0
17688,27.99211764012551,0
17689,27.083390873417212,0
17690,26.991934314066565,0
17691,27.11903030078996,0
17692,24.632850420589275,0
17693,26.690668014841634,0
17694,24.066315259410946,0
17695,23.95929058621376,0
17696,23.099203854995277,0
17697,24.596042343567525,0
17698,22.466980988217752,0
17699,23.75862576992885,0
17700,24.31761251717566,0
17701,22.042131317337127,0
17702,22.249134066722384,0
17703,24.706113643055946,0
17704,23.71266844712495,0
17705,22.682728597277087,0
17706,25.703906249581284,0
17707,26.529235641704528,0
17708,26.02546333402608,0
17709,26.808332704313962,0
17710,28.42432263742504,0
17711,27.868521224621453,0
17712,27.018330095823124,0
17713,28.234308144421412,0
17714,30.476555561538433,0
17715,29.3440517836615,0
17716,29.637780853030158,0
17717,30.986050492448182,0
17718,32.1564302588866,0
17719,31.919221236298426,0
17720,32.43759816792413,0
17721,33.809460061794354,0
17722,31.894082784351532,0
17723,32.72503938450412,0
17724,32.444252895675284,0
17725,31.79978907645654,0
17726,32.41017678372093,0
17727,32.92571660499266,0
17728,32.99295505565837,0
17729,31.924850604088313,0
17730,31.42862353279998,0
17731,30.68558050373056,0
17732,31.261384993903164,0
17733,30.19500222543472,0
17734,30.030079036629207,0
17735,28.77797507146828,0
17736,28.341352433229385,0
17737,27.761790032055686,0
17738,25.949812606289928,0
17739,25.758984457478917,0
17740,26.626287392475163,0
17741,23.867895576626406,0
17742,23.29494296773094,0
17743,21.819749757781672,0
17744,21.753564485260235,0
17745,24.378239868421154,0
17746,22.29184084183479,0
17747,22.051152486820893,0
17748,21.655729978173245,0
17749,23.607517032692922,0
17750,23.73531644891516,0
17751,23.861200596725634,0
17752,22.18968141362581,0
17753,24.92007461989931,0
17754,24.312240845168173,0
17755,23.39951403200662,0
17756,27.271865066029456,0
17757,26.75206768842667,0
17758,26.532424348000895,0
17759,24.76103370193303,0
17760,27.37548060560888,0
17761,27.559856072861812,0
17762,31.269163635024555,0
17763,30.209646133045926,0
17764,30.827288341582726,0
17765,32.15623268357737,0
17766,32.24025197747497,0
17767,32.20799489912446,0
17768,32.58987828334964,0
17769,33.38151545299882,0
17770,33.094706591519376,0
17771,33.675178793989055,0
17772,33.349108481420714,0
17773,31.52623227468575,0
17774,34.04131228381176,0
17775,32.71439378978825,0
17776,31.687311662887684,0
17777,32.68418498642643,0
17778,31.81376165708935,0
17779,31.500538386541223,0
17780,30.247589065313267,0
17781,30.219458435912447,0
17782,29.369785490770987,0
17783,29.899127159180487,0
17784,28.141272089379854,0
17785,27.88816824656832,0
17786,26.448751659793032,0
17787,26.2998660152749,0
17788,24.07312888608777,0
17789,26.037650367488524,0
17790,25.238870022645308,0
17791,23.943619793371724,0
17792,23.044616185971673,0
17793,22.509030201852013,0
17794,23.66830008429009,0
17795,24.23414146197879,0
17796,21.269526262199395,0
17797,22.265708786276093,0
17798,23.150614962259496,0
17799,24.71249722422084,0
17800,23.087350789606337,0
17801,22.67999369178446,0
17802,24.398145041934526,0
17803,25.6996194250581,0
17804,25.987802277677893,0
17805,25.611638390309437,0
17806,26.085250309765968,0
17807,29.2340636179253,0
17808,27.33563632134102,0
17809,29.331273079436425,0
17810,30.556147325628153,0
17811,29.30883127940953,0
17812,31.421123970913893,0
17813,32.475674270081306,0
17814,31.895754048836025,0
17815,31.65432864367183,0
17816,33.57423552544686,0
17817,32.7537716112954,0
17818,31.26267010172204,0
17819,33.124774155341896,0
17820,32.788328887834034,0
17821,34.78924982280225,0
17822,34.60560258691943,0
17823,33.228431019294966,0
17824,33.79474378621281,0
17825,30.32730114029568,0
17826,32.4205254071701,0
17827,30.890560899750554,0
17828,31.12442217992448,0
17829,32.169056525411975,0
17830,29.664046560177955,0
17831,29.345419960469272,0
17832,26.635064724637072,0
17833,26.533979801044843,0
17834,27.16421854613876,0
17835,25.373800302859003,0
17836,26.125852902533545,0
17837,23.429588265432887,0
17838,25.45261757678226,0
17839,24.154907750127126,0
17840,23.968439795139712,0
17841,24.50603794177707,0
17842,24.33095974126395,0
17843,21.866411349967272,0
17844,23.71480200668496,0
17845,22.8815358162861,0
17846,24.011634552939302,0
17847,23.54519613054516,0
17848,24.39881012864347,0
17849,24.66140264018281,0
17850,26.083365847472372,0
17851,24.802487448949122,0
17852,23.704950294937433,0
17853,25.833845973399303,0
17854,25.034208903201502,0
17855,27.062983059170097,0
17856,25.93393121107384,0
17857,28.418899900446974,0
17858,29.698814086727918,0
17859,30.59497011317629,0
17860,29.954394026340562,0
17861,30.059370252128932,0
17862,31.285303181613042,0
17863,31.30718730475932,0
17864,30.364744202512306,0
17865,31.92921087391741,0
17866,32.95771534570583,0
17867,33.07763002608269,0
17868,33.72437187115256,0
17869,32.91518099065451,0
17870,32.77673896342856,0
17871,33.86451171018203,0
17872,31.67556340776234,0
17873,31.30893663460696,0
17874,31.74144347050016,0
17875,30.72242758428768,0
17876,31.404540953163544,0
17877,30.43294903897307,0
17878,28.79280107523542,0
17879,27.3577206888357,0
17880,26.428843607862817,0
17881,25.913077700991444,0
17882,27.243923815888845,0
17883,25.880323034003354,0
17884,24.09548678114754,0
17885,25.963581574286884,0
17886,25.080641470722348,0
17887,23.62588866647929,0
17888,25.882717433949335,0
17889,20.853255283797957,0
17890,23.988445180568267,0
17891,21.55445876956706,0
17892,23.8146980568294,0
17893,23.987153235461673,0
17894,23.07468840824387,0
17895,22.171869167853103,0
17896,24.261304008769038,0
17897,23.281811441822555,0
17898,25.833054852799037,0
17899,25.014583638109688,0
17900,25.98076363063506,0
17901,26.327556986400992,0
17902,28.70338956473926,0
17903,27.1902404975429,0
17904,27.3220819865062,0
17905,29.442558731898895,0
17906,26.696917898220597,0
17907,28.653019862422525,0
17908,32.5478929688,0
17909,31.69524431284419,0
17910,31.28660754056792,0
17911,33.756902491910516,0
17912,33.68433640906491,0
17913,32.505818732449754,0
17914,32.95457034827537,0
17915,34.95902505297695,0
17916,33.76592320532728,0
17917,32.95539801201389,0
17918,32.03369605924812,0
17919,32.892996323357565,0
17920,31.689672681619736,0
17921,32.866230022503444,0
17922,30.58620597875373,0
17923,30.3322411672936,0
17924,29.2962774663784,0
17925,30.394610404030985,0
17926,29.419440513092518,0
17927,29.08668146630166,0
17928,28.574041852967525,0
17929,27.786226406894563,0
17930,26.86219914352199,0
17931,24.69136360468497,0
17932,26.15262567758421,0
17933,25.25789640117679,0
17934,25.861113666408556,0
17935,23.590240515652415,0
17936,24.5922253563627,0
17937,22.133041085916748,0
17938,22.80613200085992,0
17939,23.444384414982395,0
17940,23.74622636635554,0
17941,24.952179266101034,0
17942,23.98224170841517,0
17943,22.60662915071503,0
17944,25.359418937337487,0
17945,24.313577379810848,0
17946,25.039335543613984,0
17947,25.28866250395425,0
17948,25.78317396059328,0
17949,24.971874201253517,0
17950,27.017540471152422,0
17951,27.91819527270575,0
17952,28.280149817192143,0
17953,28.44886212451861,0
17954,30.784847137435808,0
17955,28.686354431904423,0
17956,31.452355751169875,0
17957,33.16468381996523,0
17958,31.627391809049623,0
17959,32.84097068193615,0
17960,32.63066970613372,0
17961,33.62615441255399,0
17962,32.74723262072326,0
17963,32.24887566304538,0
17964,31.2693608577515,0
17965,32.26537992710941,0
17966,33.15557289924129,0
17967,32.84522922909892,0
17968,31.368196539557626,0
17969,31.761523326000063,0
17970,32.64262747628513,0
17971,33.06024082772345,0
17972,30.548427550316973,0
17973,27.686013254002308,0
17974,29.341012020315134,0
17975,29.69115935541293,0
17976,28.9485998065373,0
17977,27.368718831805847,0
17978,27.528585171845528,0
17979,26.109181832952796,0
17980,27.72934971259303,0
17981,23.348514863111486,0
17982,24.3547269211766,0
17983,23.28154848891367,0
17984,22.708152669792096,0
17985,22.556806272075324,0
17986,22.15943779379135,0
17987,19.605401344937633,0
17988,25.45373926659093,0
17989,21.227201653132326,0
17990,22.499290898926645,0
17991,22.336131344296813,0
17992,22.325099438263646,0
17993,23.926175336680394,0
17994,24.06762794957723,0
17995,25.87053504981824,0
17996,24.629516181925844,0
17997,26.128607019023562,0
17998,24.67845657073129,0
17999,27.583643343307752,0
18000,29.231246210649932,0
18001,28.862260309194937,0
18002,30.852244564151583,0
18003,29.63336958700797,0
18004,30.337104316912747,0
18005,30.561050634670956,0
18006,31.029974852667312,0
18007,31.477438120752396,0
18008,33.30530240021061,0
18009,34.33738051431878,0
18010,32.67021859575236,0
18011,32.41297477482967,0
18012,34.284377831453554,0
18013,34.092866415606885,0
18014,33.80813809553749,0
18015,32.40611624059456,0
18016,31.55225111002118,0
18017,32.89361238119746,0
18018,33.43349650446877,0
18019,30.999881570572633,0
18020,31.85972448914377,0
18021,31.27124568378038,0
18022,30.89977415519544,0
18023,28.745055928065003,0
18024,28.944330074587754,0
18025,28.58962141972726,0
18026,27.553765757098578,0
18027,27.242230291455297,0
18028,25.24236861781275,0
18029,24.39852901365644,0
18030,21.499904588561357,0
18031,24.78313523714756,0
18032,24.00192150487608,0
18033,24.421595818976982,0
18034,22.534059751926982,0
18035,23.764204617136905,0
18036,23.54594187048534,0
18037,22.757555243999917,0
18038,22.719879630790686,0
18039,22.07201548707573,0
18040,23.298121535878416,0
18041,23.603518226529058,0
18042,22.450380351547846,0
18043,23.316018846693876,0
18044,24.972261041895024,0
18045,27.903624759954507,0
18046,27.20576728569178,0
18047,25.686982063508466,0
18048,27.097602305322486,0
18049,29.33756204075942,0
18050,30.14107273649586,0
18051,29.785669650589035,0
18052,30.641683538560862,0
18053,30.291237125723246,0
18054,32.4841750963882,0
18055,33.48699532979789,0
18056,32.02172189764346,0
18057,32.644305760295985,0
18058,33.244130660958476,0
18059,33.82290028666565,0
18060,34.34177819844371,0
18061,34.04164748625427,0
18062,33.172430702704446,0
18063,31.398272260830826,0
18064,31.605117852282955,0
18065,31.338815774923603,0
18066,31.162317500596114,0
18067,31.683636605256726,0
18068,29.118073207443132,0
18069,29.21722420063864,0
18070,29.074591318947462,0
18071,30.805959652098014,0
18072,29.525739714480682,0
18073,27.52774411822039,0
18074,26.945670392442608,0
18075,26.459056639271857,0
18076,25.518918171928743,0
18077,24.568888414125286,0
18078,24.348800123219327,0
18079,24.20500688188177,0
18080,23.469570973639723,0
18081,24.25857490653584,0
18082,22.400277981227244,0
18083,23.376846524487444,0
18084,21.71011981928363,0
18085,23.317707480634557,0
18086,22.25866964914037,0
18087,23.552481143438065,0
18088,23.75565922447446,0
18089,24.773302713145423,0
18090,25.075956127843757,0
18091,25.176794711752013,0
18092,26.404150688712146,0
18093,25.445009212360805,0
18094,28.485258217429983,0
18095,26.35625604758691,0
18096,28.077957380196207,0
18097,28.76604322784196,0
18098,28.849691500763235,0
18099,30.771756451679618,0
18100,29.81327249383058,0
18101,30.75495123292236,0
18102,31.497950916480676,0
18103,31.373426458484918,0
18104,32.276389046397775,0
18105,32.480315969838045,0
18106,33.76507471669074,0
18107,33.42082139639823,0
18108,32.4987046334281,0
18109,33.059560046884236,0
18110,33.72084733309409,0
18111,31.218359283951976,0
18112,32.68101283362408,0
18113,32.865908525101105,0
18114,30.28433902186602,0
18115,29.454489751007255,0
18116,29.302566414335296,0
18117,29.12713141038291,0
18118,27.46170230319697,0
18119,28.98941630039969,0
18120,27.223803338962902,0
18121,26.418446728670485,0
18122,26.841647336548515,0
18123,26.28815693516451,0
18124,25.3370978240098,0
18125,24.96140174460695,0
18126,25.570053443395174,0
18127,25.336411285409714,0
18128,24.472075077527787,0
18129,24.9283533369508,0
18130,24.15462410245427,0
18131,23.6670354077261,0
18132,22.705733573387825,0
18133,23.847292184898727,0
18134,21.79473155838544,0
18135,23.640990704135202,0
18136,23.88771154136684,0
18137,23.448555675853186,0
18138,24.875837975382666,0
18139,25.27246929942029,0
18140,24.605473149679582,0
18141,25.49577974995238,0
18142,25.004175639315932,0
18143,27.28076485232927,0
18144,28.81391897530554,0
18145,27.814481455816622,0
18146,29.440447935557632,0
18147,29.229424918469537,0
18148,29.08130715805786,0
18149,31.80600425327884,0
18150,31.688886342430006,0
18151,30.50630305076173,0
18152,32.999872120681594,0
18153,32.52385052470598,0
18154,31.333482109841654,0
18155,34.98986332298227,0
18156,32.01104606604017,0
18157,33.92831341641461,0
18158,33.66404716502512,0
18159,33.584004053851544,0
18160,31.030951831353985,0
18161,32.783544404010065,0
18162,33.44729320619362,0
18163,30.229633356902546,0
18164,31.93995501445206,0
18165,30.87278739319169,0
18166,29.398748382553837,0
18167,28.126504560725134,0
18168,28.189427764545286,0
18169,29.071869611300894,0
18170,26.758882863654787,0
18171,26.752232672362307,0
18172,25.256414581476754,0
18173,23.27956662736304,0
18174,22.478477454557378,0
18175,26.059440358202405,0
18176,25.667689078794954,0
18177,24.42135408835255,0
18178,23.27423791886444,0
18179,22.665515952739362,0
18180,24.705513039366572,0
18181,23.352614358575956,0
18182,24.40261125564873,0
18183,24.34412301322233,0
18184,21.702865734564064,0
18185,22.63090961277177,0
18186,25.45173028824535,0
18187,25.30609912722362,0
18188,24.24705780656707,0
18189,27.16147303190221,0
18190,27.417988650892905,0
18191,27.157673358714085,0
18192,28.882767533697283,0
18193,28.830779263783285,0
18194,29.93815494874012,0
18195,30.87019275573661,0
18196,32.216644892397866,0
18197,31.31035239268254,0
18198,32.37675070559336,0
18199,32.33441798274799,0
18200,31.84897103544222,0
18201,31.24148779855008,0
18202,32.331663128259045,0
18203,33.208253399893216,0
18204,33.13459809355249,0
18205,31.87571732379113,0
18206,32.908013031827515,0
18207,33.201356793648806,0
18208,32.21338107503649,0
18209,33.475268479422354,0
18210,31.133387958314742,0
18211,33.231461551806476,0
18212,30.19143609049171,0
18213,32.54521520320312,0
18214,30.247333167679585,0
18215,29.49577038772557,0
18216,28.782851887842924,0
18217,28.555629353878267,0
18218,26.332093402269972,0
18219,25.66930008915523,0
18220,24.863167723577646,0
18221,25.46726975964239,0
18222,24.882826730921376,0
18223,25.36778386388854,0
18224,21.988722448962246,0
18225,23.59147103311039,0
18226,22.47011768250514,0
18227,25.27381417895491,0
18228,23.54110040952866,0
18229,21.3641774142727,0
18230,22.39743548839539,0
18231,21.121163214328718,0
18232,25.335140198588487,0
18233,24.103563480440005,0
18234,23.7221155686739,0
18235,25.550742515284735,0
18236,25.544078026878886,0
18237,26.13110107700483,0
18238,25.70774495639704,0
18239,27.12259049995735,0
18240,26.43693452078959,0
18241,29.321905119595677,0
18242,29.579323781665305,0
18243,29.304324152688107,0
18244,29.00479057762096,0
18245,31.285346289003435,0
18246,32.44386269556684,0
18247,32.90320658097349,0
18248,31.668524795022936,0
18249,31.367757940409877,0
18250,32.16595722981592,0
18251,32.308474165632674,0
18252,33.64131728796837,0
18253,33.1083390122359,0
18254,33.776471437258,0
18255,32.829773180104276,0
18256,32.273520349471596,0
18257,32.47924870880109,0
18258,31.977205828261003,0
18259,30.62511962234196,0
18260,30.73014470372697,0
18261,28.19279383704888,0
18262,29.151717550441166,0
18263,26.991552687591135,0
18264,28.55858127506547,0
18265,25.988632209653737,0
18266,27.07309402590908,0
18267,25.85656113938387,0
18268,25.48526923812095,0
18269,23.15800512586208,0
18270,23.67727758133083,0
18271,24.72933345436433,0
18272,23.00449077783376,0
18273,22.579218687219033,0
18274,22.256425344628713,0
18275,22.503434754927227,0
18276,23.952200228402518,0
18277,24.524435311965824,0
18278,22.853003795050114,0
18279,23.09861230421652,0
18280,23.83103057896187,0
18281,24.089784231195424,0
18282,23.33408557505625,0
18283,24.52903265321982,0
18284,25.617888496924756,0
18285,25.65227155586787,0
18286,27.142106299209804,0
18287,28.223544891937937,0
18288,26.926257317936408,0
18289,27.756220305670514,0
18290,29.13656848236683,0
18291,28.496020689606556,0
18292,31.919719634291823,0
18293,31.193858639571317,0
18294,31.905537032649427,0
18295,32.814985151667535,0
18296,30.210800665672863,0
18297,32.83477483185013,0
18298,31.65908435179964,0
18299,33.068689873314305,0
18300,32.90233875507183,0
18301,32.24884142490742,0
18302,32.88187145335905,0
18303,33.706307917542325,0
18304,33.56099771171382,0
18305,32.33370861796086,0
18306,30.19939570188856,0
18307,31.514723107134486,0
18308,29.80199808258337,0
18309,29.392075226603126,0
18310,29.843605689603134,0
18311,28.891630489968293,0
18312,28.434891560106866,0
18313,27.965972037483983,0
18314,26.658518109260726,0
18315,27.008648209140304,0
18316,25.353997344515058,0
18317,23.37472300021374,0
18318,25.241333410761445,0
18319,22.895277612695097,0
18320,23.418233236967087,0
18321,24.05540591957738,0
18322,24.779519419484878,0
18323,22.573530763970428,0
18324,22.139121277398754,0
18325,22.596690770594055,0
18326,24.765680228957255,0
18327,23.35556369951863,0
18328,23.61771246954829,0
18329,24.22601022623289,0
18330,24.771183184618184,0
18331,23.503468230317047,0
18332,25.467458209618325,0
18333,26.809670209056236,0
18334,26.326706833987107,0
18335,27.390234056593528,0
18336,27.9914893028536,0
18337,28.41858928854591,0
18338,28.274896201975313,0
18339,29.502997501226563,0
18340,29.950032785826078,0
18341,31.725003826836982,0
18342,33.21512908943973,0
18343,30.23720514965758,0
18344,32.024174676618486,0
18345,32.41949951132801,0
18346,31.950053900428554,0
18347,34.871496398464174,0
18348,32.75098677352516,0
18349,31.322952555785932,0
18350,32.093400724921544,0
18351,34.13643686776121,0
18352,31.368415862122095,0
18353,31.54903127307122,0
18354,30.567612486551624,0
18355,29.750892078733866,0
18356,30.947003786326636,0
18357,30.9636903696448,0
18358,27.937730160592928,0
18359,30.8124114236506,0
18360,28.2043944400812,0
18361,25.994911769138465,0
18362,27.237062108586144,0
18363,26.23276003709721,0
18364,25.347426793453916,0
18365,25.343063921043523,0
18366,24.313965493597724,0
18367,24.356266940374812,0
18368,24.25690661112358,0
18369,22.372427358484572,0
18370,25.021013020725256,0
18371,23.389942595060813,0
18372,22.255623556675207,0
18373,22.26676607161037,0
18374,23.77062506021578,0
18375,23.38795689317205,0
18376,23.303738863932633,0
18377,23.192336875152918,0
18378,24.340825997112486,0
18379,24.959350272650475,0
18380,25.791098596959543,0
18381,27.38546547852247,0
18382,26.117602591840388,0
18383,27.371968939111138,0
18384,27.49233866771936,0
18385,26.573791071565527,0
18386,28.522533001249656,0
18387,29.43133899172227,0
18388,31.65897930303369,0
18389,31.609979067712338,0
18390,29.63140817923841,0
18391,34.50871389794065,0
18392,33.644237947371245,0
18393,31.60880087701726,0
18394,32.45122399341176,0
18395,33.86460112629246,0
18396,33.19437909800382,0
18397,33.03789088402444,0
18398,32.69895861453553,0
18399,33.548195641701454,0
18400,32.43590655434413,0
18401,33.539518789967175,0
18402,31.204908240186462,0
18403,30.906148934234075,0
18404,31.748017381107495,0
18405,29.556434887409264,0
18406,28.90257877058086,0
18407,28.766690794893567,0
18408,27.32431549387006,0
18409,27.08703969209326,0
18410,26.717668218973504,0
18411,26.396830051603843,0
18412,24.01028094337476,0
18413,23.902506821713832,0
18414,24.874938594177923,0
18415,25.09444187028034,0
18416,23.800561827501724,0
18417,23.473067776164108,0
18418,22.992419815231994,0
18419,22.78717012940383,0
18420,23.796484615074306,0
18421,23.232111176798007,0
18422,23.01742447163258,0
18423,22.39864939490733,0
18424,23.927620222549052,0
18425,23.31604048957407,0
18426,25.6857460405105,0
18427,24.415991957767318,0
18428,23.570542282797575,0
18429,26.742801864567152,0
18430,26.715329963062153,0
18431,27.752226683468002,0
18432,28.100607145400733,0
18433,28.66223911215583,0
18434,30.2793455683184,0
18435,29.478722330334328,0
18436,29.708217378325962,0
18437,29.86553796402634,0
18438,32.04807496566065,0
18439,34.214669338028465,0
18440,32.0101290795577,0
18441,33.21956604390794,0
18442,35.518286770150965,0
18443,32.54039225723625,0
18444,31.7804674383962,0
18445,32.68526173634715,0
18446,32.70580551520153,0
18447,32.34012237301724,0
18448,32.400084136657235,0
18449,32.47335801722676,0
18450,31.502658985149115,0
18451,32.40611605098557,0
18452,31.343782927935855,0
18453,29.677866566327207,0
18454,29.77505645123335,0
18455,26.76588753459642,0
18456,28.73562904351375,0
18457,28.13873719701114,0
18458,28.149511816662354,0
18459,24.81456716780801,0
18460,25.728113020649918,0
18461,24.79340653397761,0
18462,23.28563214524211,0
18463,24.700383010944105,0
18464,23.176195673393938,0
18465,25.067213995999982,0
18466,23.457049268043278,0
18467,24.010449169863556,0
18468,23.367584492293535,0
18469,23.624759277438287,0
18470,22.392240182491093,0
18471,22.74308215420922,0
18472,23.881979763394117,0
18473,24.63940263517643,0
18474,23.68985520006087,0
18475,24.56427622328956,0
18476,24.847331260929863,0
18477,25.330409204814934,0
18478,26.53344987863359,0
18479,26.428836148930415,0
18480,27.347877601669243,0
18481,29.828624490241836,0
18482,30.08696029197627,0
18483,27.328684942383845,0
18484,31.372498551939685,0
18485,33.187984533798925,0
18486,31.844728064308978,0
18487,31.82145210872669,0
18488,32.001247173007116,0
18489,30.999228082612028,0
18490,33.11111674064909,0
18491,32.22056651871749,0
18492,32.339060293790844,0
18493,33.76889461393234,0
18494,32.47845118677553,0
18495,33.75301669041531,0
18496,33.25924288524467,0
18497,30.47158517888811,0
18498,32.39302000783523,0
18499,31.38972231163849,0
18500,29.573854897562995,0
18501,28.780485208395127,0
18502,29.937449470399166,0
18503,28.520305874081778,0
18504,26.96995052881485,0
18505,26.21122694764708,0
18506,25.88434205330017,0
18507,27.542910674672576,0
18508,25.988366065786078,0
18509,24.203692546754667,0
18510,25.013085440111826,0
18511,24.353840679111666,0
18512,23.84296162655456,0
18513,23.30041902172796,0
18514,23.276119649730973,0
18515,23.51165696526062,0
18516,20.8892716335816,0
18517,22.192943483985122,0
18518,22.201202786641364,0
18519,23.683601956573654,0
18520,23.689972478521348,0
18521,23.621102161496086,0
18522,25.244213549912274,0
18523,24.474887043382623,0
18524,24.916803754536318,0
18525,25.733256964291257,0
18526,26.60579127589457,0
18527,24.925766630563224,0
18528,29.854318894396222,0
18529,28.55776815669063,0
18530,29.205871456900862,0
18531,29.300441790615846,0
18532,31.033986322235123,0
18533,31.766176569464825,0
18534,31.300436296946252,0
18535,31.873803459946537,0
18536,33.41616983346011,0
18537,33.636411786532165,0
18538,33.43671211374281,0
18539,31.783974554842697,0
18540,32.64584723625484,0
18541,32.79431580079755,0
18542,30.301307497656502,0
18543,30.195531788297696,0
18544,30.095330427931604,0
18545,33.091989514951145,0
18546,31.926111186472124,0
18547,30.55072503822045,0
18548,30.16246454402941,0
18549,30.438475349617367,0
18550,30.64155306702747,0
18551,28.755271134839038,0
18552,26.65701510422226,0
18553,27.57471289428834,0
18554,27.238421227241506,0
18555,26.398438866795097,0
18556,23.923183107410946,0
18557,25.0549137440511,0
18558,23.70438518193935,0
18559,22.790633583948914,0
18560,22.546846734649804,0
18561,23.569050192780285,0
18562,23.453046991141242,0
18563,23.271567073989516,0
18564,23.101688548072637,0
18565,22.419597404214745,0
18566,21.51298121616178,0
18567,24.295678645964035,0
18568,24.39497329544538,0
18569,22.935711183658636,0
18570,25.444818949836968,0
18571,24.992828610910852,0
18572,25.71395273984994,0
18573,23.999140011543794,0
18574,26.060475786902483,0
18575,27.08859284198539,0
18576,27.39851835280131,0
18577,28.791449875443373,0
18578,30.321201442355324,0
18579,31.639479721081926,0
18580,31.84052464779029,0
18581,29.195121918231283,0
18582,32.46380787177449,0
18583,31.037959340317038,0
18584,31.373828351980297,0
18585,33.588638908892015,0
18586,32.42107468894588,0
18587,32.941318508594584,0
18588,31.604008519612712,0
18589,32.360861252036216,0
18590,32.6345529208025,0
18591,33.17678487481437,0
18592,33.110057102813464,0
18593,32.76667220373928,0
18594,29.16313911800081,0
18595,30.606469435541058,0
18596,29.950322465937305,0
18597,29.01419206161546,0
18598,29.34977263798931,0
18599,28.31108585067991,0
18600,26.986715935054747,0
18601,26.262216733728952,0
18602,26.52623274137484,0
18603,29.138814224943644,0
18604,26.76163802135748,0
18605,23.404907606670736,0
18606,24.238669629877478,0
18607,23.93137638497066,0
18608,23.341264995087077,0
18609,24.603769318078328,0
18610,22.42539214777478,0
18611,22.649474761249945,0
18612,23.63672250776623,0
18613,23.191040378397137,0
18614,23.492640925189974,0
18615,22.38977720608073,0
18616,23.079515908922637,0
18617,24.750105638449654,0
18618,24.587246033751235,0
18619,26.662550003426762,0
18620,23.574410743762357,0
18621,25.023821477439466,0
18622,27.44416445194868,0
18623,28.518982239856648,0
18624,28.635722480039945,0
18625,29.097288863927645,0
18626,28.683596803475616,0
18627,29.493530964526492,0
18628,29.345689047296755,0
18629,30.608878888831576,0
18630,30.112504019262303,0
18631,31.89805176772231,0
18632,31.65138198989062,0
18633,32.28257410800701,0
18634,32.03751566350895,0
18635,33.59209776249231,0
18636,33.24616960266767,0
18637,32.030794582511575,0
18638,33.37635612844659,0
18639,32.49161693096597,0
18640,31.542171087238135,0
18641,30.423974673341668,0
18642,32.64156827836489,0
18643,30.339742123271694,0
18644,31.372902048130907,0
18645,30.61630164237611,0
18646,28.781634278146893,0
18647,28.865953647429773,0
18648,27.189044387569837,0
18649,27.414386711145657,0
18650,26.082662648929553,0
18651,25.466852649378037,0
18652,26.74729956219604,0
18653,25.49165044016837,0
18654,24.206155680710552,0
18655,23.9724454330595,0
18656,24.577416105541396,0
18657,22.588162320058373,0
18658,23.259486656352262,0
18659,22.97015182497715,0
18660,21.78039940379219,0
18661,23.805729553990144,0
18662,22.65126580593864,0
18663,21.274841133959878,0
18664,23.903387828263057,0
18665,23.68520765598092,0
18666,22.43509302473477,0
18667,24.507063834377405,0
18668,26.68299566344814,0
18669,26.29882612241445,0
18670,25.66677217564493,0
18671,27.84369372735857,0
18672,28.039002459555896,0
18673,28.91364506872395,0
18674,29.666719373564046,0
18675,28.937602351928557,0
18676,29.76537311433836,0
18677,32.730753010035,0
18678,32.48228846349392,0
18679,33.03012517988242,0
18680,31.89156714529115,0
18681,32.3070564574857,0
18682,33.20041002079778,0
18683,33.80456021247984,0
18684,32.321872985096576,0
18685,34.59628975529896,0
18686,31.19356548969862,0
18687,32.68772163530833,0
18688,31.86569179268,0
18689,29.65306382030891,0
18690,31.63515260721652,0
18691,30.708261166859035,0
18692,29.21641050315824,0
18693,29.42081555807175,0
18694,29.629073989062537,0
18695,29.551829403851475,0
18696,27.271688289572914,0
18697,27.666748897125572,0
18698,25.307760052712233,0
18699,26.330807412963797,0
18700,24.83768289545752,0
18701,25.148873018521854,0
18702,25.92842119857983,0
18703,25.044714554462246,0
18704,22.203697374378898,0
18705,23.41279891679312,0
18706,22.126576640220428,0
18707,22.64097540462324,0
18708,23.92037934026207,0
18709,21.767607587195464,0
18710,24.326403005547114,0
18711,23.99279473139339,0
18712,22.725976272067978,0
18713,24.561246056966088,0
18714,24.066750173478244,0
18715,24.64686053822938,0
18716,25.164810698424255,0
18717,27.79251171692135,0
18718,27.128369749217207,0
18719,27.62960366962979,0
18720,28.847544563053628,0
18721,28.141892810479423,0
18722,30.283422456190493,0
18723,30.141988356515554,0
18724,29.74266587773803,0
18725,30.91058433095636,0
18726,31.912689662611516,0
18727,32.12279641470871,0
18728,33.73991047843088,0
18729,33.660406745641964,0
18730,33.33670858087332,0
18731,32.76554767788741,0
18732,33.57375287283732,0
18733,33.213140664095896,0
18734,32.98415151991642,0
18735,31.720856182173684,0
18736,31.4142576812837,0
18737,31.50797065184172,0
18738,30.101378230049217,0
18739,30.221957539311216,0
18740,30.00190418723151,0
18741,30.720300633776844,0
18742,29.102655603373687,0
18743,30.534698775460566,0
18744,30.026426548532676,0
18745,27.4800689156315,0
18746,27.253298334711673,0
18747,26.097595799628227,0
18748,25.642041177611695,0
18749,25.40090997559403,0
18750,25.110023158021612,0
18751,23.80948162806707,0
18752,22.904135279375883,0
18753,24.475492270601844,0
18754,22.035611226594654,0
18755,24.077772226059423,0
18756,25.26932559555326,0
18757,23.057111943565573,0
18758,23.3924914949094,0
18759,23.030739481772773,0
18760,22.35780220400254,0
18761,23.68929829064807,0
18762,23.000037937532497,0
18763,25.55472639860869,0
18764,25.12008154565099,0
18765,26.794139618640784,0
18766,26.277489541879454,0
18767,26.72984770041592,0
18768,28.717555578932206,0
18769,29.615753499384997,0
18770,28.489469059267606,0
18771,30.386925385653594,0
18772,32.304896438464596,0
18773,29.74194312265454,0
18774,31.899444376678368,0
18775,31.553901036293112,0
18776,32.53647324654092,0
18777,33.38462978933329,0
18778,32.74212487346172,0
18779,31.773679849218304,0
18780,33.703577278391194,0
18781,32.960419157538716,0
18782,34.49373199296723,0
18783,33.2055782216651,0
18784,32.321114503397055,0
18785,32.569953324341974,0
18786,32.503869861899055,0
18787,29.89317267621025,0
18788,29.867177810798893,0
18789,30.437692088402635,0
18790,29.78904886264732,0
18791,28.112501786771233,0
18792,28.201167411663747,0
18793,28.040689866357603,0
18794,26.85662222594746,0
18795,25.163859316885784,0
18796,23.018399078080705,0
18797,24.40116818887099,0
18798,24.325407611166845,0
18799,23.432508212496558,0
18800,24.071391690916023,0
18801,23.772612807622828,0
18802,21.85340104534404,0
18803,23.314238031889833,0
18804,23.650264271800964,0
18805,23.863007202829746,0
18806,23.329171287480417,0
18807,23.571207274959736,0
18808,23.108203339764426,0
18809,25.545408892712675,0
18810,25.088780102457296,0
18811,25.387024194157636,0
18812,26.004681028645656,0
18813,27.03825823205677,0
18814,26.256215727333036,0
18815,25.670723919338563,0
18816,27.014235224097774,0
18817,30.159899490006595,0
18818,28.80337059735798,0
18819,30.304612194311535,0
18820,30.863925370682157,0
18821,32.32684571383367,0
18822,31.514079842697225,0
18823,32.921181669457916,0
18824,33.48033247138364,0
18825,32.126042667155076,0
18826,32.566423775088204,0
18827,32.951398452338246,0
18828,32.44349206371141,0
18829,33.02367039307551,0
18830,32.69565618644259,0
18831,33.96246301077794,0
18832,32.77070556011456,0
18833,32.86482774165314,0
18834,32.87476221711161,0
18835,32.78596485886624,0
18836,29.98146462148029,0
18837,31.230332204063657,0
18838,30.836981224303468,0
18839,28.089279151532253,0
18840,26.449274257656327,0
18841,27.683532052890403,0
18842,24.27938208542532,0
18843,26.182824004483752,0
18844,25.15436122222379,0
18845,25.42778578051807,0
18846,23.602653050787556,0
18847,23.8819686956833,0
18848,23.407261872470116,0
18849,22.363092865151586,0
18850,23.66149660399042,0
18851,23.538620052378153,0
18852,23.88121156945353,0
18853,22.143129506779434,0
18854,23.227678658622033,0
18855,20.96592158313021,0
18856,23.016097820674435,0
18857,23.804574168497183,0
18858,25.206082202758445,0
18859,25.321242200600025,0
18860,27.676434176808584,0
18861,25.644146450809465,0
18862,26.272419706466955,0
18863,27.478222877795254,0
18864,29.522507504532012,0
18865,28.116623724500798,0
18866,29.50191330932676,0
18867,30.39168080438836,0
18868,30.501896980896834,0
18869,29.94642302652268,0
18870,31.579748106590127,0
18871,31.429979095889728,0
18872,31.126270713134435,0
18873,32.94567190829244,0
18874,33.11971839481331,0
18875,33.85953110281946,0
18876,32.28626592160933,0
18877,32.161801930377564,0
18878,33.6935243629806,0
18879,32.88286279555623,0
18880,31.666090689211327,0
18881,31.224268056260964,0
18882,32.03044333918163,0
18883,29.520923178020638,0
18884,31.165322221830877,0
18885,29.3716762281606,0
18886,28.543893835851613,0
18887,30.870598664182662,0
18888,29.696829657246827,0
18889,25.50547779109765,0
18890,25.373647377911436,0
18891,26.243917624137886,0
18892,26.31091581747624,0
18893,24.80110600357528,0
18894,23.672804953677556,0
18895,23.824880891247297,0
18896,23.693750956820377,0
18897,22.056998582928678,0
18898,21.742071491933732,0
18899,21.228529527016146,0
18900,24.11813775560323,0
18901,23.586902189283297,0
18902,23.691183490903448,0
18903,23.132568783335813,0
18904,24.7313196515571,0
18905,23.911116157907934,0
18906,25.301574515889122,0
18907,23.96694263734214,0
18908,25.97465670998835,0
18909,26.64876847900283,0
18910,27.162401048651642,0
18911,27.04717619156659,0
18912,27.185296018692235,0
18913,28.944799130635257,0
18914,29.68648121111973,0
18915,30.383843468936302,0
18916,30.324692069071997,0
18917,30.980612167718366,0
18918,30.35434431531404,0
18919,31.356428402564305,0
18920,34.22124939997277,0
18921,32.58251697191571,0
18922,32.70643525360856,0
18923,33.45210033216585,0
18924,33.6946634021085,0
18925,32.02268126938865,0
18926,33.234096450798525,0
18927,32.64095052844204,0
18928,32.451517785113424,0
18929,32.21537137283651,0
18930,29.59427780399023,0
18931,30.31042956230795,0
18932,30.645153162252413,0
18933,30.19974481239438,0
18934,31.09907262662857,0
18935,29.345601132277256,0
18936,30.100512632169714,0
18937,26.20565274110178,0
18938,27.600488865096892,0
18939,28.19209907036896,0
18940,26.58788400584518,0
18941,25.70281276772081,0
18942,24.76781551533253,0
18943,25.187310226007956,0
18944,23.52656839713217,0
18945,22.089209799562795,0
18946,22.056059478543236,0
18947,20.396022629109012,0
18948,22.70063716156404,0
18949,23.11465069201592,0
18950,20.894464390266066,0
18951,24.63624747822125,0
18952,23.662897133891196,0
18953,22.986608315081778,0
18954,23.426316370396343,0
18955,24.33976099488917,0
18956,26.38704356470118,0
18957,26.720986022410564,0
18958,26.720573470421193,0
18959,27.60949108507689,0
18960,27.473939488123122,0
18961,28.086410194918837,0
18962,29.74937936675565,0
18963,30.05102828212894,0
18964,30.806717542270178,0
18965,30.89120907267968,0
18966,32.610658574631984,0
18967,32.578026648343695,0
18968,32.202870502280604,0
18969,33.97163687056018,0
18970,31.651557935125428,0
18971,31.049533593080753,0
18972,30.73005115569869,0
18973,33.37210624092304,0
18974,33.08840929481013,0
18975,32.73804762590727,0
18976,34.31378775374629,0
18977,31.96498843896121,0
18978,30.421695719043505,0
18979,32.27091713506648,0
18980,29.27404734658816,0
18981,28.91837467667403,0
18982,31.87117268880745,0
18983,29.12291448560115,0
18984,27.863381275497677,0
18985,27.847397917248117,0
18986,25.8032633035683,0
18987,27.431505966284348,0
18988,24.524424305103356,0
18989,25.160809421136978,0
18990,22.598053100852066,0
18991,24.29155313095621,0
18992,24.34662539607032,0
18993,25.147603283081818,0
18994,24.251312547295445,0
18995,22.7659274954856,0
18996,22.990079224612696,0
18997,23.231550044716634,0
18998,22.781238056558497,0
18999,22.671922612915665,0
19000,23.636095131375345,0
19001,25.30257845147316,0
19002,23.067081442103465,0
19003,25.00822930094077,0
19004,26.83055881239884,0
19005,25.1733487742236,0
19006,24.631105723234835,0
19007,27.512878268134514,0
19008,26.158267707048626,0
19009,29.055857651051276,0
19010,28.908227395325095,0
19011,30.191767539119127,0
19012,29.173588502408982,0
19013,29.448920253746667,0
19014,33.145376069642374,0
19015,33.4644689527406,0
19016,32.91303902804672,0
19017,32.440268691039826,0
19018,32.430057350257414,0
19019,31.636109101575396,0
19020,32.788846047102076,0
19021,34.29944524117143,0
19022,32.417976549648166,0
19023,33.05986463547012,0
19024,32.924092696285186,0
19025,31.62279539268539,0
19026,30.69329223961173,0
19027,29.954641027752103,0
19028,31.231494157999947,0
19029,27.520062476051603,0
19030,30.00638703840688,0
19031,28.200350573158723,0
19032,27.163593713470036,0
19033,28.092631336723677,0
19034,25.561153419412694,0
19035,26.078423679256517,0
19036,26.889397056365585,0
19037,24.302226515902028,0
19038,22.935643323924666,0
19039,23.493048205975118,0
19040,24.133555585620936,0
19041,22.541836110770316,0
19042,23.991332169678852,0
19043,21.0908531347944,0
19044,23.602363660925594,0
19045,24.20281022973787,0
19046,21.970075298607135,0
19047,23.581732605297002,0
19048,22.43739728560095,0
19049,22.177608212003108,0
19050,25.554386627431953,0
19051,23.882506188289764,0
19052,23.79984310830233,0
19053,26.145632672401295,0
19054,26.632869050976833,0
19055,26.73045747380308,0
19056,28.338162384199865,0
19057,29.380773956731215,0
19058,28.95085804640861,0
19059,29.2758944598002,0
19060,30.846256551505945,0
19061,30.72711991830692,0
19062,28.776609869198012,0
19063,31.35894915496351,0
19064,32.043710978571376,0
19065,34.19288245999712,0
19066,31.086559634379615,0
19067,33.82408524323155,0
19068,31.514780002459975,0
19069,33.97708804742978,0
19070,31.982111016312867,0
19071,33.69113498248938,0
19072,34.53517164061069,0
19073,30.950512107437003,0
19074,30.688939378738937,0
19075,29.968567780647447,0
19076,30.780853920499066,0
19077,30.84037029145996,0
19078,29.32461776631701,0
19079,27.789354663337804,0
19080,27.015656286073657,0
19081,26.459875104738632,0
19082,26.13152758321995,0
19083,24.00452943201408,0
19084,26.29949862356332,0
19085,23.669841817073426,0
19086,24.266191070948476,0
19087,26.002118796618852,0
19088,23.71309452996131,0
19089,21.960106624978245,0
19090,23.984498113861562,0
19091,22.90389166780741,0
19092,21.67832752659746,0
19093,23.756077043011185,0
19094,23.47117290199727,0
19095,24.25483887169092,0
19096,24.878210086050373,0
19097,22.183474148622906,0
19098,24.856028416493363,0
19099,23.96729190164004,0
19100,26.614217499018913,0
19101,23.969808069679303,0
19102,26.91121638905517,0
19103,27.974884965459697,0
19104,29.452845366029166,0
19105,28.992993482135432,0
19106,30.966429252582348,0
19107,29.63177483400346,0
19108,29.655590914924254,0
19109,30.48837003501961,0
19110,30.87858001384985,0
19111,31.934712991709922,0
19112,30.930562709757464,0
19113,32.35739918505655,0
19114,33.0586044993205,0
19115,35.162670857899215,0
19116,31.61999274500863,0
19117,33.13646190431001,0
19118,33.53564838518811,0
19119,32.02500352074621,0
19120,33.229605796136475,0
19121,31.504252631796177,0
19122,31.1096681289328,0
19123,31.994368207304614,0
19124,30.909558456790894,0
19125,27.220861942359523,0
19126,28.404840431640185,0
19127,28.709537531075302,0
19128,25.819138730178924,0
19129,28.232297702394,0
19130,28.44390473671303,0
19131,27.431598481169736,0
19132,24.76010007618878,0
19133,23.822387287309677,0
19134,23.531056206945447,0
19135,22.87375442186436,0
19136,22.680360927750613,0
19137,23.432463038598954,0
19138,21.728259566223887,0
19139,22.99089320175479,0
19140,22.61890950916419,0
19141,22.864971987194107,0
19142,22.963338655576734,0
19143,23.17495827487235,0
19144,22.595384133959993,0
19145,23.50420233482324,0
19146,23.998913719212272,0
19147,25.252836905256824,0
19148,25.603542354929353,0
19149,26.604540270039326,0
19150,25.62157340717557,0
19151,27.070674550645286,0
19152,28.240751753487828,0
19153,28.231727042000596,0
19154,29.240677623103682,0
19155,31.089147619655407,0
19156,31.47291911680603,0
19157,30.35475148751372,0
19158,31.749298801763185,0
19159,31.005328643319775,0
19160,32.09392319076765,0
19161,30.796188253306408,0
19162,32.96771674513315,0
19163,32.3990013389759,0
19164,33.18750304589332,0
19165,34.04589347445736,0
19166,32.64440944007563,0
19167,32.96748323757862,0
19168,31.707568670124,0
19169,32.78989101353916,0
19170,31.445525720301074,0
19171,33.25795860795618,0
19172,32.086339110701154,0
19173,29.162563357905437,0
19174,30.31679989880889,0
19175,27.90774695227522,0
19176,28.614576997239148,0
19177,29.012176705262682,0
19178,26.59144521192622,0
19179,24.215957888820444,0
19180,25.135094901211243,0
19181,23.917621392106444,0
19182,23.812056104094733,0
19183,24.763850580695266,0
19184,25.18769865926096,0
19185,24.49896426631979,0
19186,22.735154925993303,0
19187,23.904481236314595,0
19188,21.03831365741089,0
19189,24.97781469431016,0
19190,23.559757324536932,0
19191,23.46555560662794,0
19192,23.6445054626748,0
19193,26.398941154865255,0
19194,24.92971651809074,0
19195,24.293860430789607,0
19196,25.308246046501356,0
19197,24.91807455317852,0
19198,27.42554978386158,0
19199,28.258976208183796,0
19200,27.040686548221398,0
19201,29.073431624937093,0
19202,29.29522050421547,0
19203,30.871177825358213,0
19204,31.40537778636579,0
19205,32.3899132583341,0
19206,31.68940754575788,0
19207,30.49179951739724,0
19208,31.616004438913862,0
19209,32.22931839608489,0
19210,31.99068951069887,0
19211,33.37966088378524,0
19212,32.53076536756465,0
19213,33.426135703825366,0
19214,32.253701902718575,0
19215,32.65615335686974,0
19216,33.210490992550724,0
19217,33.79562499019643,0
19218,32.30952437873315,0
19219,31.280909331776478,0
19220,29.8970011739644,0
19221,29.285790054603353,0
19222,30.265917277600465,0
19223,28.98020887564317,0
19224,28.95759386708086,0
19225,27.243178256753314,0
19226,26.640671935201105,0
19227,24.953423471802676,0
19228,24.941024658474838,0
19229,25.42935026717464,0
19230,26.559430003506414,0
19231,25.741514182946265,0
19232,23.376451240790797,0
19233,23.703918642182124,0
19234,22.20854477938219,0
19235,21.996728443945656,0
19236,20.983104278361054,0
19237,23.7110485934846,0
19238,23.14071717738135,0
19239,20.72063500154032,0
19240,23.29169048292361,0
19241,25.874555115281535,0
19242,24.84206188044316,0
19243,23.579584615445388,0
19244,25.991452848551628,0
19245,26.638758387273203,0
19246,25.893900925000516,0
19247,26.153700969972558,0
19248,27.71091726565878,0
19249,28.49270675206228,0
19250,29.98731103376098,0
19251,28.978851072623403,0
19252,30.117970247177183,0
19253,31.46436854580461,0
19254,32.749127583682046,0
19255,31.816432635085526,0
19256,32.6982298931488,0
19257,34.28382606442102,0
19258,33.5795266546352,0
19259,33.749655392129675,0
19260,31.900911622543877,0
19261,33.34004001386058,0
19262,31.905586992516493,0
19263,31.7460941096146,0
19264,33.360781673958826,0
19265,31.22843323898428,0
19266,31.77860504429386,0
19267,31.170841125232734,0
19268,29.614432312345407,0
19269,28.33561874253963,0
19270,26.875063946657136,0
19271,28.01971802332935,0
19272,28.118158741436112,0
19273,26.518287578405516,0
19274,27.381471376071858,0
19275,25.024870561944258,0
19276,27.86533807825884,0
19277,24.016318822530593,0
19278,24.961609656755634,0
19279,24.06236347847687,0
19280,23.415624457429775,0
19281,22.699809640897072,0
19282,21.082065865253842,0
19283,21.615593674645588,0
19284,22.123892623587576,0
19285,20.900560797067417,0
19286,23.707940057038588,0
19287,21.86890239600379,0
19288,23.759781528737147,0
19289,23.514373725408426,0
19290,23.294920686768048,0
19291,25.815721522973337,0
19292,26.955463578509956,0
19293,25.1748176443691,0
19294,27.113548098191895,0
19295,27.039489201068417,0
19296,27.883353566853966,0
19297,28.948651928208534,0
19298,27.086479988764896,0
19299,28.91493737855845,0
19300,29.47280975184399,0
19301,30.689326604444126,0
19302,31.99668097147147,0
19303,30.185256769843914,0
19304,33.028582736632146,0
19305,32.84002895538644,0
19306,32.95815544364537,0
19307,32.0292412958644,0
19308,33.25052751312595,0
19309,33.431462635276304,0
19310,33.0406101088474,0
19311,33.710578240028056,0
19312,33.24779187857436,0
19313,31.175463492395657,0
19314,31.536629492766806,0
19315,31.219248114472858,0
19316,30.633092098137144,0
19317,28.384194019948023,0
19318,27.929624500504893,0
19319,29.20716145109338,0
19320,28.676718653583595,0
19321,27.11365480926935,0
19322,24.76887445016011,0
19323,25.76924170774205,0
19324,24.203217904200127,0
19325,26.473057825785144,0
19326,24.58997139737489,0
19327,23.636267713782622,0
19328,26.175362756385486,0
19329,22.58914229887482,0
19330,23.348853249425563,0
19331,24.057663918633658,0
19332,23.990103813878584,0
19333,22.398601694253465,0
19334,22.575139863214364,0
19335,24.023127769884436,0
19336,23.33406482890024,0
19337,25.186008884236873,0
19338,24.83539573402685,0
19339,25.28472104667278,0
19340,25.26788105670642,0
19341,25.752910461069632,0
19342,27.067996656486407,0
19343,28.32504077579815,0
19344,28.527149938999315,0
19345,27.879999308104296,0
19346,29.18478445754808,0
19347,28.742604822259096,0
19348,29.420084375023063,0
19349,29.778429586877085,0
19350,32.1809057765094,0
19351,33.79304075404682,0
19352,33.369539913974144,0
19353,32.79449465583948,0
19354,31.558660625681927,0
19355,31.94389849616293,0
19356,34.08789654325026,0
19357,35.41179916761024,0
19358,33.66544733968806,0
19359,31.634549052711808,0
19360,32.616057598956885,0
19361,34.58842320900175,0
19362,31.80185812100094,0
19363,30.511409827293345,0
19364,30.44707827838058,0
19365,30.85038376177469,0
19366,29.040576846561123,0
19367,27.14016063493774,0
19368,27.511562070958387,0
19369,27.697124559874787,0
19370,26.12449982317157,0
19371,23.974235444975548,0
19372,25.79071203222621,0
19373,25.11266158214249,0
19374,22.67132773713125,0
19375,21.950923625406258,0
19376,24.76678526560529,0
19377,24.090981450029574,0
19378,23.578202488248625,0
19379,24.667515920701145,0
19380,23.32884890991808,0
19381,21.095753251532173,0
19382,23.85299247312193,0
19383,22.72478196672909,0
19384,24.535695079183885,0
19385,25.48767363958684,0
19386,24.17975991907017,0
19387,25.424806844808987,0
19388,26.814977670645156,0
19389,25.882034262175004,0
19390,25.75460380594727,0
19391,26.912220951087242,0
19392,27.07797258595068,0
19393,30.367329405524416,0
19394,30.06109757082836,0
19395,29.44736509955789,0
19396,31.217658968995874,0
19397,33.263363517547745,0
19398,31.682270255325708,0
19399,33.592478480072856,0
19400,30.588507732075183,0
19401,31.595726371161923,0
19402,32.3946612031115,0
19403,33.59780820664173,0
19404,32.74754807036431,0
19405,31.217139728082575,0
19406,32.48261303322899,0
19407,33.33188118576972,0
19408,32.98646872212914,0
19409,30.858847705336487,0
19410,30.884198329002647,0
19411,30.85888250413233,0
19412,30.506552503748793,0
19413,30.34411345573762,0
19414,29.87235614778206,0
19415,26.50504821428672,0
19416,28.520619045427207,0
19417,26.687935884965935,0
19418,26.997891835504028,0
19419,25.467680857782536,0
19420,27.170445150273196,0
19421,24.089976433326385,0
19422,23.721634087504814,0
19423,22.596308146945983,0
19424,22.656355084688855,0
19425,23.33741898486757,0
19426,24.55112592337753,0
19427,22.063533890677075,0
19428,23.415756671183612,0
19429,23.358740534091577,0
19430,25.527443266803026,0
19431,21.646742735575568,0
19432,24.838050527946315,0
19433,26.081996080384947,0
19434,24.99358078901481,0
19435,24.03394685655239,0
19436,27.330406181487405,0
19437,25.768012289705545,0
19438,25.662281359027855,0
19439,28.8376267270603,0
19440,27.410981024813395,0
19441,29.693064195620547,0
19442,29.78591844687335,0
19443,30.101677044361026,0
19444,30.70025828790657,0
19445,31.735836874956988,0
19446,29.619691542883462,0
19447,30.328904889684715,0
19448,32.0294694768311,0
19449,34.16741311667741,0
19450,33.16944703362367,0
19451,32.93214825573932,0
19452,33.247723037931976,0
19453,32.21897233924769,0
19454,32.9732496385105,0
19455,33.29270693256612,0
19456,33.065304116615415,0
19457,33.362833667790945,0
19458,30.803367366341767,0
19459,30.558676217008486,0
19460,31.154640665260995,0
19461,31.618257952239357,0
19462,28.708274421768014,0
19463,30.414534696077173,0
19464,27.56201712945035,0
19465,27.149588142457958,0
19466,27.978386984016186,0
19467,26.172936719394773,0
19468,25.641562115113842,0
19469,23.87756817248002,0
19470,24.380435004467742,0
19471,25.949591421251554,0
19472,23.463036931973264,0
19473,23.601991414732957,0
19474,21.64387643113796,0
19475,23.00443015277331,0
19476,22.895107552876937,0
19477,22.460441718734806,0
19478,23.066931907503623,0
19479,23.263970540832826,0
19480,23.846617733653574,0
19481,23.638849871334152,0
19482,24.050129794290353,0
19483,24.816550365908075,0
19484,24.582798752879793,0
19485,25.366312181370862,0
19486,26.821789658390447,0
19487,26.924638520675735,0
19488,28.51904826306459,0
19489,28.129416185284256,0
19490,30.502262919803737,0
19491,30.436004595152315,0
19492,32.27315348786776,0
19493,29.52416840261237,0
19494,29.506317188172304,0
19495,33.887123701718465,0
19496,31.594303941345586,0
19497,31.385805816327384,0
19498,33.794929227270266,0
19499,34.64813855224879,0
19500,35.65637855062098,0
19501,34.66631670464801,0
19502,32.05242007900254,0
19503,31.938705833198128,0
19504,32.62607237758609,0
19505,31.020486929110085,0
19506,32.004338044240434,0
19507,30.58855761607198,0
19508,31.15303059768734,0
19509,29.31456175379526,0
19510,27.103576449677377,0
19511,28.038805358465634,0
19512,27.026573149095963,0
19513,27.116456041425163,0
19514,26.89565682793509,0
19515,25.611867081245524,0
19516,25.659085999695517,0
19517,24.53704929438079,0
19518,25.248027526804,0
19519,22.54763045932943,0
19520,24.292162373713133,0
19521,23.705138350652664,0
19522,22.117176189165658,0
19523,24.37922003150461,0
19524,24.03621756125176,0
19525,23.71777618414202,0
19526,23.09995773777269,0
19527,23.54788842243466,0
19528,23.046023346508147,0
19529,24.06067849477402,0
19530,25.465132219867783,0
19531,23.911508759565837,0
19532,24.251798525223307,0
19533,26.490633184057327,0
19534,27.48333849028347,0
19535,27.147819312531713,0
19536,29.687606624118246,0
19537,30.660885480788107,0
19538,27.373825614293263,0
19539,29.124148537443183,0
19540,28.787558534659915,0
19541,32.291541400401925,0
19542,29.48363075743102,0
19543,32.02521131813092,0
19544,31.101232138465125,0
19545,30.82768326599862,0
19546,33.97701132207097,0
19547,32.98428413546678,0
19548,32.4180475472255,0
19549,32.445512730889874,0
19550,33.13184530729111,0
19551,34.05000201236942,0
19552,32.4497704933237,0
19553,32.60673438057089,0
19554,30.715111491464352,0
19555,30.919041487994757,0
19556,30.461323067573073,0
19557,28.28990498471406,0
19558,30.629706116466163,0
19559,28.062078874519973,0
19560,28.3305692837182,0
19561,27.366839322888815,0
19562,28.061176258611365,0
19563,24.893061853071316,0
19564,25.508563346839466,0
19565,25.151671501819823,0
19566,24.064088690272097,0
19567,25.028796837972653,0
19568,22.314777296426815,0
19569,23.884311503802326,0
19570,22.679121894072246,0
19571,23.242246024647795,0
19572,21.89340167430213,0
19573,23.70930199814355,0
19574,24.95966892917967,0
19575,23.21973465742308,0
19576,23.078259565669278,0
19577,22.784765115534814,0
19578,24.04791954787922,0
19579,25.513107628309513,0
19580,23.993794960798944,0
19581,25.25430055206959,0
19582,27.26193625460845,0
19583,28.79540670774752,0
19584,31.10746603982023,0
19585,29.23002824879783,0
19586,29.834510605626424,0
19587,31.203411285989162,0
19588,28.84471154186378,0
19589,31.754286402790854,0
19590,31.210342639919965,0
19591,31.365915842791736,0
19592,32.07894316491431,0
19593,32.11858305616769,0
19594,29.896139420105,0
19595,32.461170166945344,0
19596,34.00403693555224,0
19597,32.392781663422795,0
19598,33.60500638715992,0
19599,32.543269118915596,0
19600,32.42397035955169,0
19601,31.93288166701787,0
19602,31.47758701693583,0
19603,30.263878104252058,0
19604,30.174845589284477,0
19605,31.50418028029577,0
19606,26.978521795462793,0
19607,28.907141507971964,0
19608,29.216575271007095,0
19609,25.852339869276317,0
19610,27.96701101854546,0
19611,25.599792166970495,0
19612,25.366122798145533,0
19613,23.644663094339933,0
19614,26.13529676400149,0
19615,24.601286886250676,0
19616,24.882029258446362,0
19617,24.083088742651547,0
19618,23.46953341699998,0
19619,24.040023236752432,0
19620,22.15343884576114,0
19621,22.807764084582477,0
19622,23.807473453391264,0
19623,24.273082467904505,0
19624,23.635329864858477,0
19625,24.14529293826947,0
19626,23.538055556567905,0
19627,26.86768091471655,0
19628,25.65683700190572,0
19629,26.08881836439546,0
19630,27.929039567499647,0
19631,26.96873673633699,0
19632,28.735144212227603,0
19633,26.472611935731955,0
19634,29.62244111511583,0
19635,30.02678617288294,0
19636,30.727833508880476,0
19637,32.41030257126782,0
19638,32.516128276075406,0
19639,32.124460318842914,0
19640,32.52501622811187,0
19641,32.424306057974974,0
19642,32.58556110769081,0
19643,32.73258450063089,0
19644,33.019174855150155,0
19645,31.75907923830979,0
19646,33.29248071183767,0
19647,31.012177253511013,0
19648,32.8939164508926,0
19649,31.33914062180136,0
19650,30.39168882454337,0
19651,31.63117895825511,0
19652,31.088685497387413,0
19653,29.468274123687248,0
19654,29.660200223737476,0
19655,28.068583960324624,0
19656,29.25941885079634,0
19657,28.33232940216535,0
19658,26.6849346113553,0
19659,26.752056267713122,0
19660,26.016759230975346,0
19661,24.601319296596134,0
19662,24.218627121232625,0
19663,24.277408736011928,0
19664,24.986104650879142,0
19665,20.214509159629156,0
19666,22.29643510115829,0
19667,23.730236799362444,0
19668,23.06658529696331,0
19669,23.367811663490528,0
19670,22.639118891102715,0
19671,22.808800272357526,0
19672,24.18447131350771,0
19673,22.775110144774388,0
19674,24.41545347798583,0
19675,26.38228482083838,0
19676,23.718931316935016,0
19677,26.461198756972614,0
19678,25.594228742627486,0
19679,27.339416799123057,0
19680,27.024544657284487,0
19681,29.278277990250817,0
19682,29.383799909705715,0
19683,30.664707617650887,0
19684,30.954727780576555,0
19685,31.654484576149432,0
19686,31.698002428269078,0
19687,30.10940717747413,0
19688,31.325954566141434,0
19689,31.471409356035196,0
19690,33.33229964331215,0
19691,34.88256383458491,0
19692,31.067637778877028,0
19693,33.691493015654125,0
19694,32.38045256523761,0
19695,32.03935938101572,0
19696,31.792262418368782,0
19697,31.48396550847848,0
19698,32.49366473047871,0
19699,31.323303544451726,0
19700,30.429770174983616,0
19701,29.51389013430677,0
19702,27.737776770686168,0
19703,28.03588343985325,0
19704,27.036368375914094,0
19705,26.06891922791392,0
19706,26.732274035493877,0
19707,25.608119775776196,0
19708,25.89957611171664,0
19709,25.00414905181839,0
19710,24.931007518764464,0
19711,23.758385219854095,0
19712,24.097531281667138,0
19713,23.046250302695395,0
19714,21.34311955383858,0
19715,22.430952255377623,0
19716,23.582969270992677,0
19717,22.08686853863934,0
19718,24.70899977782465,0
19719,25.940217965968657,0
19720,23.159283305499574,0
19721,25.774877575371733,0
19722,23.473063916241852,0
19723,26.765331912203006,0
19724,26.23659976230838,0
19725,27.589951351354017,0
19726,28.532905563583345,0
19727,27.688797773265037,0
19728,29.191061935834792,0
19729,27.484699982470623,0
19730,28.880704349079657,0
19731,29.24697161061018,0
19732,30.035893540727095,0
19733,31.030628558156934,0
19734,31.522184433901405,0
19735,31.636335379914136,0
19736,32.91696067895116,0
19737,33.23297012499206,0
19738,33.00733242301344,0
19739,33.2485825062945,0
19740,33.38310819518846,0
19741,30.83707921824468,0
19742,31.818241256380897,0
19743,34.93673306986837,0
19744,30.407120963471293,0
19745,31.97997894026909,0
19746,29.9472014401539,0
19747,28.867949347141668,0
19748,30.807832105699593,0
19749,29.46152476469518,0
19750,28.210305637193674,0
19751,27.535153636277627,0
19752,27.39363193282917,0
19753,27.858675896007632,0
19754,27.11649354681555,0
19755,26.02923030631114,0
19756,28.092018316664177,0
19757,25.228533408327365,0
19758,24.753386322022774,0
19759,24.674651395962215,0
19760,21.417920352407677,0
19761,22.88074162664129,0
19762,22.347975865572355,0
19763,22.50723276222392,0
19764,21.81475063255035,0
19765,23.085316298905568,0
19766,23.10497440713367,0
19767,24.302503971269207,0
19768,22.422264395647755,0
19769,24.43866674782625,0
19770,23.017552115458564,0
19771,25.557383323857756,0
19772,25.689169500618547,0
19773,27.08308170262514,0
19774,27.422711629962144,0
19775,28.584410041769374,0
19776,29.238174448115867,0
19777,28.1397608180607,0
19778,28.34956966067501,0
19779,30.48331449361302,0
19780,30.396328100349344,0
19781,31.736734043852408,0
19782,31.86186868195956,0
19783,31.498452834765384,0
19784,32.06453030551332,0
19785,31.631655802758953,0
19786,32.70335359186333,0
19787,32.21216723139593,0
19788,33.0342396792586,0
19789,32.52919186261569,0
19790,34.26908888420347,0
19791,31.705618691107063,0
19792,30.229135282570184,0
19793,32.38092377104621,0
19794,30.637186225556803,0
19795,31.280299529599507,0
19796,31.60735132483072,0
19797,30.039142532224762,0
19798,28.146443541969973,0
19799,29.557311062596018,0
19800,27.89546297350829,0
19801,26.780532171620017,0
19802,27.222744569586794,0
19803,26.27253923407178,0
19804,26.347900692238618,0
19805,25.241561331937653,0
19806,25.214786725192308,0
19807,25.68261767309251,0
19808,22.22908617099723,0
19809,21.69732938643443,0
19810,23.63607006278934,0
19811,23.714250961911006,0
19812,22.890626751197182,0
19813,23.20198529243876,0
19814,23.77886996044691,0
19815,24.426640215743273,0
19816,22.626783995424685,0
19817,24.159971286460348,0
19818,24.24084745563461,0
19819,24.25186998499349,0
19820,24.398072221003954,0
19821,26.27570654117606,0
19822,25.443727154180653,0
19823,26.446744729567143,0
19824,28.045642854699594,0
19825,27.643877520144265,0
19826,29.237204125688585,0
19827,29.748833288700006,0
19828,30.977971580096355,0
19829,31.214051765945023,0
19830,31.90296818485182,0
19831,32.49648203651949,0
19832,33.97156265906488,0
19833,32.47750565276376,0
19834,30.44503804128879,0
19835,33.06691857687747,0
19836,32.36827881024622,0
19837,34.82918719789429,0
19838,33.54060391909101,0
19839,33.761640043458854,0
19840,32.377935516901566,0
19841,31.591437271291294,0
19842,31.41148694196868,0
19843,30.89657907597681,0
19844,28.713951837812896,0
19845,31.139909546190264,0
19846,28.320404130334214,0
19847,28.83197408717298,0
19848,26.4271063337883,0
19849,27.886462425888897,0
19850,26.912569406573716,0
19851,25.461571960949033,0
19852,25.320274772565316,0
19853,23.1392496915159,0
19854,24.44408243443278,0
19855,23.488745803936023,0
19856,26.648817705379095,0
19857,21.096554830818796,0
19858,23.216123503052252,0
19859,22.73764783581134,0
19860,23.43487087213447,0
19861,23.685212890362177,0
19862,24.795860428197045,0
19863,22.49918718957875,0
19864,24.79836197035068,0
19865,24.844441589324635,0
19866,25.009970439856215,0
19867,27.835951637456787,0
19868,26.034157102708253,0
19869,26.572961945095173,0
19870,26.533534897510933,0
19871,26.891265698828146,0
19872,26.95640061409378,0
19873,29.06673454409527,0
19874,29.441204429039047,0
19875,29.293315792878598,0
19876,30.092408177587682,0
19877,30.697614898148107,0
19878,31.841619653203146,0
19879,32.385720853236165,0
19880,31.97202307838607,0
19881,31.709550580045608,0
19882,32.87576460932147,0
19883,35.047649706755394,0
19884,32.565757163964044,0
19885,33.60704663372667,0
19886,33.2258833872801,0
19887,31.56576554661908,0
19888,32.15722746710965,0
19889,32.09718764569138,0
19890,33.17453396309749,0
19891,31.308850676792424,0
19892,30.74141823255165,0
19893,30.20533252911966,0
19894,29.849099828414765,0
19895,29.187915944617334,0
19896,27.33984173802062,0
19897,26.215092550369775,0
19898,26.75697871393401,0
19899,26.72391713961129,0
19900,25.189365112384078,0
19901,24.86383541190365,0
19902,24.435114538536553,0
19903,24.090122825198897,0
19904,25.42003717896688,0
19905,23.473901856369825,0
19906,25.48655360482377,0
19907,24.36732353542122,0
19908,21.70844215278446,0
19909,22.411738892675995,0
19910,22.77284321903926,0
19911,23.391495800271024,0
19912,22.90845980853925,0
19913,24.17990519152227,0
19914,24.711596446573363,0
19915,23.668819708788835,0
19916,26.035128750369623,0
19917,25.851404045971016,0
19918,25.85100066232519,0
19919,27.924900987655644,0
19920,26.847791105373215,0
19921,30.470272094705923,0
19922,28.947293796604992,0
19923,30.6425023831636,0
19924,32.25079886855565,0
19925,29.908171982043857,0
19926,31.23041457584505,0
19927,32.338940476823936,0
19928,32.47527159465448,0
19929,34.46240291284362,0
19930,32.863316584654186,0
19931,33.21175382558776,0
19932,32.56285206163168,0
19933,33.683311289619034,0
19934,31.661232706905412,0
19935,33.39985952689442,0
19936,32.530078295743216,0
19937,30.680515769386375,0
19938,31.141426401857434,0
19939,31.275304000111436,0
19940,30.749885632619705,0
19941,28.717529156029823,0
19942,26.94698916837705,0
19943,27.173271803607026,0
19944,29.414483717917797,0
19945,26.787995253612646,0
19946,24.63411260175408,0
19947,26.7002340256377,0
19948,25.2960723233283,0
19949,26.007631326628868,0
19950,24.273068178470517,0
19951,23.482370810013343,0
19952,24.254345756624932,0
19953,23.358261748021338,0
19954,21.12880181453956,0
19955,24.62277899255296,0
19956,22.90504586925879,0
19957,24.711943099100637,0
19958,22.276132056691242,0
19959,24.345877113379853,0
19960,24.503396610028272,0
19961,22.490384308064893,0
19962,25.238873386950534,0
19963,25.206824474904522,0
19964,23.37913924857868,0
19965,26.380567110276687,0
19966,27.85093011815538,0
19967,27.268859712281735,0
19968,27.333719482050473,0
19969,29.913555993046614,0
19970,29.870871962660626,0
19971,31.333921273829574,0
19972,31.134094219625837,0
19973,31.349568730596605,0
19974,31.163954644914586,0
19975,31.49169077103987,0
19976,32.39815869876097,0
19977,35.006700888265954,0
19978,32.811394747477756,0
19979,33.67018662905473,0
19980,32.10757764687853,0
19981,32.82019297495791,0
19982,33.2109587276209,0
19983,31.3268963632555,0
19984,31.80723777479505,0
19985,32.89762847561961,0
19986,33.88411290063072,0
19987,31.726033689212205,0
19988,30.287088319097233,0
19989,30.317679941030327,0
19990,27.766128256647022,0
19991,28.016140982749945,0
19992,26.90569207798428,0
19993,27.297480382949754,0
19994,26.996456401001893,0
19995,25.658120352223435,0
19996,24.81170141384234,0
19997,26.812870543807435,0
19998,26.1785357203616,0
19999,24.262072901762284,0
