t,y,is_changepoint
0,20.001230153357483,0
1,20.951376498608727,0
2,21.019957370150387,0
3,21.022825323068176,0
4,22.04532921482828,0
5,22.052160590047137,0
6,23.595677508530176,0
7,25.30698194701071,0
8,23.83792050037086,0
9,23.998922762736495,0
10,25.31947118163054,0
11,25.314111315029113,0
12,25.1054142489979,0
13,24.026756262160845,0
14,24.800377308982068,0
15,25.31470085701472,0
16,22.985912471637114,0
17,23.509150940415957,0
18,21.634311166131894,0
19,21.75426940525863,0
20,20.658264962208268,0
21,21.678326030750767,0
22,20.026648744068904,0
23,20.92389531992196,0
24,20.156751086624226,0
25,19.16043809426979,0
26,16.189145063666885,0
27,17.547889942327913,0
28,17.451499054598926,0
29,17.069501840959706,0
30,14.934330328561872,0
31,15.555480022509897,0
32,14.691353903021168,0
33,14.571765098017966,0
34,16.231269491940736,0
35,14.235241017799053,0
36,14.96747829505448,0
37,15.927165560514121,0
38,14.586770435811356,0
39,15.268900387859407,0
40,15.780337124327287,0
41,16.097015072798882,0
42,15.23941026764957,0
43,17.032333085333402,0
44,18.858823421741533,0
45,16.53943816004607,0
46,19.56528746250899,0
47,19.466723064596323,0
48,19.35852960589278,0
49,22.65304750744268,0
50,22.05635493759732,0
51,20.714128259720223,0
52,22.574516228771465,0
53,23.620496728713785,0
54,23.34675178058199,0
55,24.64967696865138,0
56,24.263609698772775,0
57,25.286645223390757,0
58,26.268151723101493,0
59,24.281562055863397,0
60,25.20313861038961,0
61,24.493916730330636,0
62,24.956897542671175,0
63,23.432203134706295,0
64,23.75082542241952,0
65,23.77057072865168,0
66,24.43429777803314,0
67,24.18902915249774,0
68,21.176472207515744,0
69,21.118774795838405,0
70,21.940998648086026,0
71,18.66021117692576,0
72,19.536830135047637,0
73,19.25008211322966,0
74,19.96291975177422,0
75,18.775986738745306,0
76,17.172786579777807,0
77,16.58761696085644,0
78,16.21427069354934,0
79,17.556762698999986,0
80,15.241848038504939,0
81,15.076921949078839,0
82,15.522959935839927,0
83,14.922005248044492,0
84,14.802715772034277,0
85,13.928708549979893,0
86,15.15884940051611,0
87,14.937021114469143,0
88,16.836000757268028,0
89,16.686321801244986,0
90,16.44032248105733,0
91,17.62457387822374,0
92,17.160130448286843,0
93,19.138709196601493,0
94,18.700505213815767,0
95,19.93075139308016,0
96,18.709106754676508,0
97,20.99931100997868,0
98,19.605891108146057,0
99,19.878088216885516,0
100,22.195523122288566,0
101,22.143879537445006,0
102,23.699586701644957,0
103,26.211523327942224,0
104,23.498403837510114,0
105,23.99545407611253,0
106,25.03503307751004,0
107,25.450237598281408,0
108,24.82359393409424,0
109,24.751293976615834,0
110,25.532092086565886,0
111,25.139305299590333,0
112,23.296451186848508,0
113,23.887585382840335,0
114,23.57082075459422,0
115,21.989322522994488,0
116,22.759839100674363,0
117,21.05546068464891,0
118,22.26616193342965,0
119,20.845376873705337,0
120,20.08930648576906,0
121,18.75634068604347,0
122,18.587294950609706,0
123,16.088836545267505,0
124,16.36859252947695,0
125,17.319032654145154,0
126,14.335899052245118,0
127,16.879841820024982,0
128,13.923776505703904,0
129,16.137340840107836,0
130,14.324873835675335,0
131,15.821766777473409,0
132,15.1309512075848,0
133,13.505940752839459,0
134,16.419519618113114,0
135,16.822309492966177,0
136,15.604068075077603,0
137,15.759317026371507,0
138,16.30459912809662,0
139,15.981040532177646,0
140,18.598586759756916,0
141,17.54369090644435,0
142,18.654714361795726,0
143,18.55407263569669,0
144,19.3739269002798,0
145,19.374905809449086,0
146,22.55116453922698,0
147,21.759329588619444,0
148,23.465921618728803,0
149,23.057131741956862,0
150,22.841130378229842,0
151,23.640081441453912,0
152,23.769895968419288,0
153,24.627356761741343,0
154,24.454362291768383,0
155,24.65730259092725,0
156,23.621425315864087,0
157,24.15037837924793,0
158,26.483686680245775,0
159,23.948164446304716,0
160,23.276033231298698,0
161,24.304093034031215,0
162,24.942806105489275,0
163,21.5897828425624,0
164,22.29147815174875,0
165,21.281364607890556,0
166,19.533075751185198,0
167,21.38755767035864,0
168,19.97655608144516,0
169,19.418810883192346,0
170,17.953593302041803,0
171,18.541367001171476,0
172,16.960702650512687,0
173,16.813289646459637,0
174,15.356205301885764,0
175,14.81713053833564,0
176,17.005404836377835,0
177,14.873497632905087,0
178,15.46205122491046,0
179,15.008985258363577,0
180,14.558854797237816,0
181,14.534814722793726,0
182,15.800453460000242,0
183,15.078734732909655,0
184,15.518429332906507,0
185,16.055454855738297,0
186,17.640974414319256,0
187,17.636703829589543,0
188,17.882600267727994,0
189,17.52301144482131,0
190,17.323936054480935,0
191,20.296898970635034,0
192,20.96644713422087,0
193,20.511922561976917,0
194,21.835979067116106,0
195,22.694860215710843,0
196,23.331184452664974,0
197,23.96519061829006,0
198,23.079916255271606,0
199,25.481739684120893,0
200,23.08353396063649,0
201,25.48112073955008,0
202,25.3235612104761,0
203,25.830843420393553,0
204,26.879008307096736,0
205,26.441669780247704,0
206,23.68445222425602,0
207,22.930726082288583,0
208,25.147016077975987,0
209,22.95175428558025,0
210,23.52312851728522,0
211,23.883534622048803,0
212,20.856202648814417,0
213,19.803436707515967,0
214,21.553394245849844,0
215,20.697016850713567,0
216,19.754196928618086,0
217,19.38590380266998,0
218,17.845389167120132,0
219,16.57308843090244,0
220,17.333345149119673,0
221,15.984484163907007,0
222,14.820984771656155,0
223,16.5389143699371,0
224,15.608474352655637,0
225,15.787130874076384,0
226,14.181075927128722,0
227,14.384716901294293,0
228,14.000956972779834,0
229,14.156133826072898,0
230,15.365778786304062,0
231,14.59762772110862,0
232,16.025939269898082,0
233,16.372989223962044,0
234,18.489627080947358,0
235,15.563403809089582,0
236,18.38790237783504,0
237,17.997094876286116,0
238,18.691875044356387,0
239,17.89750521699312,0
240,19.53980618727532,0
241,21.395828224544207,0
242,21.2116168534953,0
243,21.99447153223672,0
244,22.20928331939945,0
245,24.198376892029884,0
246,23.514061338889228,0
247,21.766351028974114,0
248,23.638054468447695,0
249,22.65060105547618,0
250,21.578190715948804,0
251,24.427108957096742,0
252,26.333559850102723,0
253,25.004344212999648,0
254,23.65708342404036,0
255,23.678697794354015,0
256,25.46074024917221,0
257,24.124393324854637,0
258,23.5835331474948,0
259,22.990345356205566,0
260,22.53840026155535,0
261,22.71882280876926,0
262,21.846662522868673,0
263,20.868335661124764,0
264,18.95713164240998,0
265,19.858477803809475,0
266,18.021657696494916,0
267,19.180428514075025,0
268,16.22894917827588,0
269,16.818571878680828,0
270,16.457107807775994,0
271,14.708587747899697,0
272,17.391844624934283,0
273,16.841009104703122,0
274,14.706787106945573,0
275,15.814496858695472,0
276,15.378676069670211,0
277,12.429216229785691,0
278,15.420768884832246,0
279,15.31925825761031,0
280,15.753090334552336,0
281,14.956358378716635,0
282,16.195119047846838,0
283,16.777934091574096,0
284,18.68809421721233,0
285,18.421009898565565,0
286,18.70034974428472,0
287,20.87633903681069,0
288,19.444752070236344,0
289,20.26320065622485,0
290,19.477340214173545,0
291,23.482523008109048,0
292,23.464332368194405,0
293,23.960655189555304,0
294,24.204432352379687,0
295,24.076915289119828,0
296,24.545615958104516,0
297,24.36739107228913,0
298,24.626028705722394,0
299,25.011527918582747,0
300,26.51182951156378,0
301,25.512912208677132,0
302,24.771169005686485,0
303,24.040005612113042,0
304,23.695128531510544,0
305,25.569471712628662,0
306,24.04222121015985,0
307,23.111357703354248,0
308,22.15381815784728,0
309,20.80436375012494,0
310,21.227233668042707,0
311,21.526288995570468,0
312,19.607462753162533,0
313,19.120126455899186,0
314,18.484870423048438,0
315,18.19617720617272,0
316,15.906989121254401,0
317,16.720794502991296,0
318,15.610070575913195,0
319,16.91781833110644,0
320,14.899274304512947,0
321,15.957649084744265,0
322,16.694808321281425,0
323,14.729179431849323,0
324,14.398423747876533,0
325,15.234207952257036,0
326,15.168341840945628,0
327,14.386985990103858,0
328,16.13079239679117,0
329,18.04874935201922,0
330,16.206354098801516,0
331,16.753316658891723,0
332,16.455067976430925,0
333,18.405671289861097,0
334,17.458928549779788,0
335,18.24043801454823,0
336,21.27966727184378,0
337,19.74717790170559,0
338,22.37545279484394,0
339,23.437775165608244,0
340,22.75932645747675,0
341,23.597198547894394,0
342,25.4877848496195,0
343,23.77003829939046,0
344,23.73712122198057,0
345,23.266166597773495,0
346,24.871336211791686,0
347,26.43636851778736,0
348,25.959595381400867,0
349,24.015133065451096,0
350,23.974253747612753,0
351,24.115226433215472,0
352,24.622395101417546,0
353,23.761455274352492,0
354,23.749987851375806,0
355,23.340546523089074,0
356,22.20122641332156,0
357,21.873243220222523,0
358,21.500687602728636,0
359,20.568661257567097,0
360,20.503520864994044,0
361,21.218244812227788,0
362,19.297877059258244,0
363,18.1423933845831,0
364,15.813881376638095,0
365,17.34414994097159,0
366,14.517787682300058,0
367,14.62419921238769,0
368,16.524512233546588,0
369,16.086837397580233,0
370,15.02043187020578,0
371,13.332764586978733,0
372,14.62865148310915,0
373,14.364037374914925,0
374,15.807211614684874,0
375,17.63833286987109,0
376,15.886803469032461,0
377,15.253922170511697,0
378,15.293914563764046,0
379,16.900098574188114,0
380,17.32320680648642,0
381,16.935063678647044,0
382,18.822260010179562,0
383,18.19645551758885,0
384,21.11210727172929,0
385,21.71528156688842,0
386,22.378846490809025,0
387,21.43936669121694,0
388,23.01452056331806,0
389,22.91173763982424,0
390,23.146721844530237,0
391,23.627621044314107,0
392,23.030411745888035,0
393,23.175533966661316,0
394,25.623943922321377,0
395,24.76598890294953,0
396,25.216424851127623,0
397,25.958934695323176,0
398,23.096496636429265,0
399,23.835267588740543,0
400,24.505461862387257,0
401,24.35886148812177,0
402,23.158459455531652,0
403,24.072986377741476,0
404,22.710394938829644,0
405,20.700035022997607,0
406,20.363331449521958,0
407,21.458102021594858,0
408,20.463831456456088,0
409,17.448307799893147,0
410,20.053617078349824,0
411,18.68460986926844,0
412,18.84334298769651,0
413,16.57249197388131,0
414,16.168759872734963,0
415,14.906776213792519,0
416,18.206802551209694,0
417,15.205148112036422,0
418,16.7579040606366,0
419,14.395483241743669,0
420,15.1638411923331,0
421,13.371423206560863,0
422,14.787503719787887,0
423,16.364357245843582,0
424,14.41812916550331,0
425,17.105460843478426,0
426,16.80170390991573,0
427,15.912241929972161,0
428,16.998402728574305,0
429,17.627517161469132,0
430,18.656385436544877,0
431,18.811225072956653,0
432,19.172712099195454,0
433,20.348043258585452,0
434,20.267205486903517,0
435,20.623890589182356,0
436,22.451823517492613,0
437,23.926681370598164,0
438,22.00616220081538,0
439,23.970274852920134,0
440,23.680170824120907,0
441,23.642252225421732,0
442,25.683066784159955,0
443,24.439054617778385,0
444,26.49830168306488,0
445,24.17738494272266,0
446,25.216131125071172,0
447,24.392114655999247,0
448,23.57610520979584,0
449,24.55444174403393,0
450,23.38055133285794,0
451,23.647017725757244,0
452,22.45270849278301,0
453,20.827600906523998,0
454,21.19202598232373,0
455,20.704586130616413,0
456,20.958462953881227,0
457,18.44110003156457,0
458,18.666574921220114,0
459,16.36470410794451,0
460,18.1514930603433,0
461,15.874709880315773,0
462,14.658106572983664,0
463,15.9740164642691,0
464,16.775557939740654,0
465,13.856155389231695,0
466,14.082335283166229,0
467,14.299500802077672,0
468,13.870503353657996,0
469,15.422203581465528,0
470,14.36300342351017,0
471,14.659087600983367,0
472,16.253178379760115,0
473,15.27771866757515,0
474,16.89724619184796,0
475,15.984807683074346,0
476,16.28786148578469,0
477,16.251133548983624,0
478,20.567107561399105,0
479,19.027110006768744,0
480,20.243933367948383,0
481,20.621581452119432,0
482,21.454056982519862,0
483,21.963103641199805,0
484,24.408217039202704,0
485,22.004880554086448,0
486,21.978071799834566,0
487,22.954807032971797,0
488,22.995418009163636,0
489,25.366359715038367,0
490,25.650007340983095,0
491,23.995908761718727,0
492,23.609564223537006,0
493,24.60242765372796,0
494,26.220753009321733,0
495,21.799828244758107,0
496,24.85675378793808,0
497,22.89101147400759,0
498,24.575901052474048,0
499,21.96588320416688,0
500,22.214584172784168,0
501,20.407138061185876,0
502,20.316837375014472,0
503,22.038470124146393,0
504,20.820578685890055,0
505,18.94570088674911,0
506,17.835732404283164,0
507,16.19277570166274,0
508,17.106343288098998,0
509,16.92528960237012,0
510,16.380411736232784,0
511,15.939441370567689,0
512,14.5480633538509,0
513,15.314328452077953,0
514,15.13169748901955,0
515,16.333337730934122,0
516,16.866733454352364,0
517,14.905786666213157,0
518,14.404064917378758,0
519,15.315620207681592,0
520,15.062251705823364,0
521,15.290799482797585,0
522,16.405815942145097,0
523,15.91288842380407,0
524,18.106106751155025,0
525,17.982667288990434,0
526,18.95591308134733,0
527,19.164429002929072,0
528,19.272745552747608,0
529,19.704671401351376,0
530,21.056819221188057,0
531,21.364656824397585,0
532,22.73390133320955,0
533,23.039375441845955,0
534,22.173227158010015,0
535,24.033888000884545,0
536,22.987266601781428,0
537,24.002920037037153,0
538,24.535275522227483,0
539,22.881951028957737,0
540,25.091507447859982,0
541,25.108207656583385,0
542,24.67160493802068,0
543,24.195080390084843,0
544,23.956523358814046,0
545,22.990227232845143,0
546,23.26583353620394,0
547,22.49119534152874,0
548,22.591685392687378,0
549,20.709281072280614,0
550,21.52968513452375,0
551,20.79584985457798,0
552,19.858437167821307,0
553,18.908164215813464,0
554,19.2582446669575,0
555,16.421981131380658,0
556,17.960453338145136,0
557,17.199230321146764,0
558,16.74784238660191,0
559,16.41654589097651,0
560,15.016228574484959,0
561,15.121142279142123,0
562,15.807429199771017,0
563,15.47341493721406,0
564,15.20671276544265,0
565,13.528455448011316,0
566,15.708257983437862,0
567,16.550073329436675,0
568,16.67954447412068,0
569,16.267111347312916,0
570,14.906787490463067,0
571,17.898737669184378,0
572,17.352745363280206,0
573,15.554063190107577,0
574,19.08311217759461,0
575,17.85519725582017,0
576,18.70355941980492,0
577,20.017672068726412,0
578,22.566686403395448,0
579,21.542571807647036,0
580,22.770991587736717,0
581,24.79177510879585,0
582,25.12956366858851,0
583,23.86341328562881,0
584,24.088605996861656,0
585,23.35852702846687,0
586,24.135171057263747,0
587,25.382582654481823,0
588,25.395730761809645,0
589,25.067462538043014,0
590,25.824430789009266,0
591,23.84702964952327,0
592,24.27405049873874,0
593,24.698009689950993,0
594,24.119679812160644,0
595,24.11475292077605,0
596,22.897020406765073,0
597,21.604014606228674,0
598,21.656287485775042,0
599,19.650035764716165,0
600,18.36054066845687,0
601,19.928040819796895,0
602,18.650764441666414,0
603,18.394992464591564,0
604,15.802315636158628,0
605,16.591078830230995,0
606,15.864608980335742,0
607,15.16902118380715,0
608,13.414857974615366,0
609,15.045728855306521,0
610,16.06767515672085,0
611,15.423773414994692,0
612,14.399053390334194,0
613,15.027899721480647,0
614,15.927170948792671,0
615,12.62018447478936,0
616,15.545336434271164,0
617,16.576433445725225,0
618,17.146594719301408,0
619,18.656923061966413,0
620,18.635045679096486,0
621,18.399145672920824,0
622,19.0078807806028,0
623,20.13431438689434,0
624,19.46067300525761,0
625,20.612442906157042,0
626,22.20033422859113,0
627,23.870862376720552,0
628,22.340732694268226,0
629,22.995406455713727,0
630,23.73401409972042,0
631,25.309970395464205,0
632,24.299813715333034,0
633,26.088756699027577,0
634,23.862971914016597,0
635,24.771188011132054,0
636,24.801834843314474,0
637,25.743730030965278,0
638,25.874889508423628,0
639,23.109953304438204,0
640,23.415009393110967,0
641,24.30361918023262,0
642,22.876840260046936,0
643,21.52137936939596,0
644,23.538479972023524,0
645,22.407387245979123,0
646,21.787272722373356,0
647,20.177185244654147,0
648,21.028938452167356,0
649,19.107409042472632,0
650,19.80234005231041,0
651,17.174917687231968,0
652,16.645864552316215,0
653,17.160856065554093,0
654,15.76213394827019,0
655,16.70868436391267,0
656,15.929960725206898,0
657,14.45763111958046,0
658,15.243236469499767,0
659,14.691498004943583,0
660,15.915832829177047,0
661,14.410222709952748,0
662,14.731197773081774,0
663,16.591839242819876,0
664,17.908466370320333,0
665,18.032241962771746,0
666,16.527689105727866,0
667,17.17504756202458,0
668,19.033458662282698,0
669,17.96214803192991,0
670,17.72955563734997,0
671,19.464244636336,0
672,20.451516780532113,0
673,19.823481343282012,0
674,19.64786408401341,0
675,20.47668764727139,0
676,23.165429284172326,0
677,22.285430628731717,0
678,23.394186813561603,0
679,24.17932538579401,0
680,24.94926789801691,0
681,24.284494863842944,0
682,25.32834483192592,0
683,24.067164014748208,0
684,24.638285974321988,0
685,23.932808719081184,0
686,25.96139634780726,0
687,24.592314434489435,0
688,23.59081953129191,0
689,23.614394903391076,0
690,23.313805425209452,0
691,23.744326936368644,0
692,20.90436382181478,0
693,20.87621132020009,0
694,20.91598797395508,0
695,23.184936793868086,0
696,20.955678892532067,0
697,19.235917359768777,0
698,19.417904356898262,0
699,20.144019007804893,0
700,17.26625607322466,0
701,16.589779510858808,0
702,17.67640963728917,0
703,16.527408796676806,0
704,16.341206136400384,0
705,14.872379938162993,0
706,17.094574000897403,0
707,16.752366494724615,0
708,15.56594778887275,0
709,15.727065531278186,0
710,13.14310999631161,0
711,16.01831213094076,0
712,15.47576439385248,0
713,16.467139004372054,0
714,17.14692550591333,0
715,16.614901086848164,0
716,15.809518199812919,0
717,18.454457403248743,0
718,17.96452112204698,0
719,19.0171749461754,0
720,19.395490155905822,0
721,20.311056705845036,0
722,18.984574268246583,0
723,23.130364289056974,0
724,22.75334610232644,0
725,24.155206407962453,0
726,25.515375735742676,0
727,23.98935982401894,0
728,22.527690763081605,0
729,23.72551081217682,0
730,23.622724650548633,0
731,24.45534966372405,0
732,25.079647978065978,0
733,22.95503703984582,0
734,25.172104624786886,0
735,23.109041009270562,0
736,24.627492281722237,0
737,23.857275556279177,0
738,23.221902666740174,0
739,22.970764089102293,0
740,21.96022198426835,0
741,21.300945718421236,0
742,19.611338834643725,0
743,20.623003646250986,0
744,21.845533710623354,0
745,21.32786410178436,0
746,20.027722371032333,0
747,18.79238443902615,0
748,16.82351987591997,0
749,18.39894364317266,0
750,16.408338539626328,0
751,15.964357788780768,0
752,15.378645849238547,0
753,15.472564236461857,0
754,14.735155966966612,0
755,14.958993523757853,0
756,13.91540089127274,0
757,14.669111988390423,0
758,17.450927338504474,0
759,15.31100830948162,0
760,15.431212416306055,0
761,16.56560757764886,0
762,17.17258791577067,0
763,15.842423995784337,0
764,17.292841217196727,0
765,19.004858679109304,0
766,18.975742403559444,0
767,19.469323082401544,0
768,21.55401766860871,0
769,19.974858201460545,0
770,21.37684112062026,0
771,21.393358496570354,0
772,23.990308229076238,0
773,21.091946745767025,0
774,22.865392210449006,0
775,23.437609735428254,0
776,24.993666642093753,0
777,25.225673138665947,0
778,26.22482339168407,0
779,23.383191464531727,0
780,25.75047500903048,0
781,24.66394444258074,0
782,24.164003894187168,0
783,25.158966195928976,0
784,23.40998743618656,0
785,21.889853406141857,0
786,23.165315417010095,0
787,21.54603629340173,0
788,21.8510841789294,0
789,22.284971925576546,0
790,21.606094971126808,0
791,22.23953041007885,0
792,19.800345253056516,0
793,17.81403744835187,0
794,17.949807917851746,0
795,17.167198613548354,0
796,16.28217484154174,0
797,17.39156004997187,0
798,15.819233756102033,0
799,14.055860481856854,0
800,16.366795784197006,0
801,15.269175768736869,0
802,15.527208146907215,0
803,15.148497237830929,0
804,15.631654734148375,0
805,15.080794440146482,0
806,16.406573352032854,0
807,15.805585127420805,0
808,16.0619406044662,0
809,16.44310021622634,0
810,15.007828351498514,0
811,16.791557103152662,0
812,17.240683510450502,0
813,18.294129559334987,0
814,17.347210610191144,0
815,20.981483815792647,0
816,20.10438866415647,0
817,19.441313420449546,0
818,19.585208261933754,0
819,21.632129868104787,0
820,22.4103245870735,0
821,22.32551505906914,0
822,23.627647733856662,0
823,23.325590934216585,0
824,24.88178527062848,0
825,23.894855844167548,0
826,24.79112890634042,0
827,25.936063480231187,0
828,27.57166888291029,0
829,23.949581114238445,0
830,24.365121361358252,0
831,23.779561964756507,0
832,25.114455340691467,0
833,22.8186673957386,0
834,23.05117686033967,0
835,23.014205861806154,0
836,21.52132146052024,0
837,20.956092119516295,0
838,20.818472337390748,0
839,18.552190720762958,0
840,18.554521782926635,0
841,18.934334951106585,0
842,18.85413541082946,0
843,17.900822852220934,0
844,15.726031305160626,0
845,16.4924065631964,0
846,17.262903734573474,0
847,16.58909881053512,0
848,15.591125119549979,0
849,14.493232462345386,0
850,15.801587239506874,0
851,14.463846711921004,0
852,13.830751597525982,0
853,14.240589457969152,0
854,16.618716160328823,0
855,15.60078237564526,0
856,16.829120034125484,0
857,15.553896985234438,0
858,17.402615433252397,0
859,16.354688811338328,0
860,17.342572630967137,0
861,20.572933098130164,0
862,19.473053406787017,0
863,18.846198663572007,0
864,19.91518096097326,0
865,20.9788543819859,0
866,22.50455281502853,0
867,21.42428407015527,0
868,20.758680915395452,0
869,22.764165331917308,0
870,23.55091936309647,0
871,24.076304670191405,0
872,25.646817155104824,0
873,24.936084740862373,0
874,25.642546103081322,0
875,23.856110612944242,0
876,25.867901488424547,0
877,27.05344413852534,0
878,25.60253842169552,0
879,24.872953382497172,0
880,24.48411520732992,0
881,25.753908940482187,0
882,22.608352422541916,0
883,22.932704787089587,0
884,22.960207592938232,0
885,22.657418269638644,0
886,20.856767319804263,0
887,20.95995235582745,0
888,19.722078518648882,0
889,19.467840171701077,0
890,18.573813234113533,0
891,16.94498916031901,0
892,17.478886414976547,0
893,17.833344377018264,0
894,15.497447802525652,0
895,15.792141549768989,0
896,16.334653045534978,0
897,14.310737230696404,0
898,15.353009206062818,0
899,13.982645874177509,0
900,16.134630500833776,0
901,17.3555970750108,0
902,17.192626152800425,0
903,15.161421659670415,0
904,16.410072109818426,0
905,16.15423102704394,0
906,16.566571990136566,0
907,18.503949915894207,0
908,16.18082042381578,0
909,19.141877435640684,0
910,18.65692877933163,0
911,20.755909659503875,0
912,20.18723336889938,0
913,19.979958966574106,0
914,21.57123560226397,0
915,22.649384256855072,0
916,22.535763674111156,0
917,23.531845421600185,0
918,23.013858730230755,0
919,21.83288280061107,0
920,25.230150602695556,0
921,25.31855739874072,0
922,24.97780751605966,0
923,25.025634869079372,0
924,26.036295769354737,0
925,24.50011758139249,0
926,24.123095066086833,0
927,24.430847793060483,0
928,25.519224207473723,0
929,22.57965379719172,0
930,24.727363898546766,0
931,22.404554290838096,0
932,21.399256500275964,0
933,23.173478997967802,0
934,21.19720513071649,0
935,19.352396596715327,0
936,19.64126694094361,0
937,20.2784214697868,0
938,19.89797896710924,0
939,17.659484156253477,0
940,17.906320759097298,0
941,17.670277487350887,0
942,15.819839600350896,0
943,16.388269373710287,0
944,15.637995066322251,0
945,14.844577926970496,0
946,14.678222933175725,0
947,15.109810174998161,0
948,15.029853486958633,0
949,14.477285739806604,0
950,14.744425760154492,0
951,16.4939395757839,0
952,15.883700116254763,0
953,16.918327665132132,0
954,17.666288326004675,0
955,17.545035114595898,0
956,19.770886313382398,0
957,17.26127880641064,0
958,19.514314367569693,0
959,19.029225065868605,0
960,21.855783263371183,0
961,22.35307108249268,0
962,19.339884043505812,0
963,20.944550919313542,0
964,23.164312910794333,0
965,23.83367435492809,0
966,24.272098122091986,0
967,23.89590137328278,0
968,24.78524784348567,0
969,25.272419098342738,0
970,24.751757861908015,0
971,25.984526275230678,0
972,22.740502750890954,0
973,25.591017826439046,0
974,23.795576519159635,0
975,25.57807547052582,0
976,24.101442594031013,0
977,23.077979430372164,0
978,23.909436062677027,0
979,22.13247364719787,0
980,21.587232102444624,0
981,20.34612280587236,0
982,21.26738747071447,0
983,21.14945448279105,0
984,21.02302598613132,0
985,19.205641177110788,0
986,19.753759982935076,0
987,18.104543813309366,0
988,17.406711519020437,0
989,17.52975580281428,0
990,17.522858870192984,0
991,15.691798844085273,0
992,15.426111359121872,0
993,15.219770932743737,0
994,15.253139995546498,0
995,14.142367483525796,0
996,16.028006060066286,0
997,14.642366061352623,0
998,15.632814325332506,0
999,14.555129765219627,0
1000,16.02867693388669,0
1001,16.42482631429416,0
1002,16.043784687269945,0
1003,18.97708228795346,0
1004,17.871039961241962,0
1005,19.863511761151884,0
1006,19.66504369838549,0
1007,18.685094231843664,0
1008,19.617813184342115,0
1009,21.08873302845752,0
1010,21.355267757351267,0
1011,21.96287830358432,0
1012,22.21379504562541,0
1013,21.235330789302587,0
1014,23.310101262512042,0
1015,21.748645237533427,0
1016,24.70194658770715,0
1017,23.893339875128696,0
1018,24.114212405273182,0
1019,24.737920511239068,0
1020,25.272672346295863,0
1021,23.525218129133094,0
1022,23.081027941891968,0
1023,23.553331791056603,0
1024,22.288399494723507,0
1025,22.99991709156691,0
1026,25.126416936455726,0
1027,21.98722122854656,0
1028,23.151405174900173,0
1029,20.541782353560414,0
1030,21.593215378085045,0
1031,20.33289714888764,0
1032,19.94018721446577,0
1033,19.916146633267306,0
1034,20.462144899803576,0
1035,18.281289188007808,0
1036,17.62435895139618,0
1037,15.98282513747403,0
1038,17.047805749399636,0
1039,15.787160967998577,0
1040,16.501880023986246,0
1041,15.33689588695859,0
1042,16.911226572364505,0
1043,13.059859189993494,0
1044,14.703400639844926,0
1045,15.924257331932202,0
1046,14.819678671469665,0
1047,14.588429268438102,0
1048,15.403992375338232,0
1049,14.653304550936511,0
1050,16.583419865756973,0
1051,19.39665469512957,0
1052,18.645031498226693,0
1053,16.977573731659263,0
1054,17.832563692159106,0
1055,18.942641229877168,0
1056,21.00441612773398,0
1057,19.831143951930994,0
1058,20.603863806565016,0
1059,22.798166595340323,0
1060,23.364652570475137,0
1061,22.669992484654163,0
1062,22.417770491559867,0
1063,22.417021878193502,0
1064,23.631136892012055,0
1065,22.388868760284886,0
1066,25.57944901335525,0
1067,24.327193607064494,0
1068,25.48129366424514,0
1069,26.825549194470398,0
1070,26.00262483857819,0
1071,23.468262824609468,0
1072,25.199376005398907,0
1073,25.124623728972626,0
1074,22.78917738783664,0
1075,22.09051022197158,0
1076,22.39030810266154,0
1077,20.311993812309336,0
1078,22.764830174814207,0
1079,18.247267168069797,0
1080,18.89319258425795,0
1081,19.077803874890563,0
1082,18.47881768315668,0
1083,18.252707011317256,0
1084,17.771448568674895,0
1085,16.742580840330987,0
1086,17.601352412837223,0
1087,13.893857128906632,0
1088,15.669708467160836,0
1089,14.666017925728152,0
1090,15.302884303698166,0
1091,15.263535531077235,0
1092,14.08817112350521,0
1093,14.401826696595453,0
1094,15.962957591806504,0
1095,15.729658606094508,0
1096,14.989624544475353,0
1097,18.073124257885723,0
1098,18.77364374256231,0
1099,15.49373037599602,0
1100,17.801794960300334,0
1101,20.595577273806956,0
1102,19.489803403672187,0
1103,19.568429181812345,0
1104,19.791943166640504,0
1105,20.111436675223494,0
1106,21.08158052289285,0
1107,21.36268774941731,0
1108,23.244908358558053,0
1109,22.645653492352082,0
1110,23.094382393922725,0
1111,22.76460601462706,0
1112,24.280537144541874,0
1113,23.725275989117428,0
1114,24.64887896271625,0
1115,25.99903985959059,0
1116,25.365924886311127,0
1117,25.461949601654492,0
1118,25.185720031203157,0
1119,24.67857339274794,0
1120,24.202798788250565,0
1121,23.6589604855545,0
1122,24.294650914765782,0
1123,21.95956733575542,0
1124,23.8407225862256,0
1125,21.947495224510302,0
1126,20.545394834935248,0
1127,20.163484882060242,0
1128,19.323009598812007,0
1129,19.50757553792774,0
1130,17.98806172999916,0
1131,19.228714036958337,0
1132,16.718361007385784,0
1133,14.683670924542232,0
1134,15.73346760134136,0
1135,14.024712125244234,0
1136,15.630004130505124,0
1137,16.4397603158149,0
1138,15.818130668820343,0
1139,13.705186188183708,0
1140,14.237744718432001,0
1141,16.821409228697636,0
1142,15.488882277288967,0
1143,15.384721030077648,0
1144,16.725935542271333,0
1145,18.48597442397396,0
1146,17.76103937164699,0
1147,17.09560810972698,0
1148,17.854688175984844,0
1149,18.70366262927268,0
1150,18.093206277977202,0
1151,18.28864956618225,0
1152,20.052449083489353,0
1153,19.70541973163713,0
1154,21.232632806477547,0
1155,22.009540201817572,0
1156,24.84103732188286,0
1157,22.192757150386985,0
1158,23.413744973961773,0
1159,23.80246381187163,0
1160,24.767437552297523,0
1161,25.66612199414001,0
1162,24.339145629818695,0
1163,24.13587227676401,0
1164,23.359289384068344,0
1165,24.031019810066212,0
1166,25.36606996602194,0
1167,24.665044704379632,0
1168,23.31469302401609,0
1169,23.593999224971288,0
1170,23.567006853723054,0
1171,23.54748607665257,0
1172,21.906605647161495,0
1173,21.66297710416758,0
1174,19.47566049217238,0
1175,19.501245158862417,0
1176,21.617715658178785,0
1177,17.159228366204957,0
1178,18.36810222185341,0
1179,18.305781067518822,0
1180,17.12565075467296,0
1181,16.14803533159098,0
1182,16.40338756168,0
1183,16.02826789704159,0
1184,15.587755576145934,0
1185,13.502890216291462,0
1186,15.022967240599264,0
1187,14.18766300283939,0
1188,14.45226412518646,0
1189,15.269750456472389,0
1190,15.811099619035208,0
1191,16.27737967168542,0
1192,15.173459924098907,0
1193,16.95723607526394,0
1194,17.63819362669117,0
1195,18.092830779502485,0
1196,18.889767938811364,0
1197,17.940900332255584,0
1198,18.531772859414097,0
1199,20.172419818294074,0
1200,18.63347568487197,0
1201,20.862060008368484,0
1202,20.763536233342734,0
1203,21.544628110963973,0
1204,20.75848555210138,0
1205,22.153262839240373,0
1206,23.515039976475617,0
1207,24.855219875549793,0
1208,25.32015360833019,0
1209,24.539071187560545,0
1210,24.64034077421635,0
1211,24.126545119852707,0
1212,25.40235649697614,0
1213,24.709646306361513,0
1214,25.43551367059434,0
1215,26.371084466682436,0
1216,24.29775206166042,0
1217,22.469412227282138,0
1218,22.674683462903914,0
1219,21.585659703706998,0
1220,21.302890310585013,0
1221,23.21868788531089,0
1222,21.520754798971176,0
1223,19.132456529524568,0
1224,20.65363216603017,0
1225,20.607743912978652,0
1226,18.34603021705154,0
1227,17.41059199903765,0
1228,17.16262228751502,0
1229,17.240799365210634,0
1230,17.104436244323676,0
1231,17.21545013658408,0
1232,16.88235118699098,0
1233,16.566006185670545,0
1234,16.532292300334763,0
1235,15.704163482931296,0
1236,13.469093395668015,0
1237,14.911811463617324,0
1238,15.484291381178036,0
1239,14.997476072435862,0
1240,16.58113383597978,0
1241,15.67301932635825,0
1242,15.538719064103589,0
1243,18.400491854395405,0
1244,18.166004309806297,0
1245,18.30583662237491,0
1246,19.632613865947235,0
1247,20.409903278235145,0
1248,20.341035810972592,0
1249,18.194969542206024,0
1250,20.618505774844824,0
1251,21.456838032247106,0
1252,21.515799104886852,0
1253,23.242484578963925,0
1254,24.727736038784098,0
1255,23.481861116249046,0
1256,23.19529434925128,0
1257,26.647432473466914,0
1258,24.378191525347802,0
1259,23.7242593821558,0
1260,25.237677249618457,0
1261,25.38290688845858,0
1262,24.12457904176469,0
1263,25.409851237144725,0
1264,23.84280758063554,0
1265,23.043815786065803,0
1266,23.7141247744576,0
1267,23.814576122168653,0
1268,21.866148508805264,0
1269,22.24404271783974,0
1270,21.20060358610731,0
1271,23.477064610836436,0
1272,19.291440318836923,0
1273,20.73154063943925,0
1274,18.65355848604862,0
1275,17.959820834502214,0
1276,18.2216651115365,0
1277,17.850183421496936,0
1278,17.731481735020676,0
1279,16.361885033678984,0
1280,15.069476591319873,0
1281,14.842956233259544,0
1282,15.680024059437994,0
1283,15.623675563738697,0
1284,16.398050940696493,0
1285,15.46120614854964,0
1286,16.2305391338124,0
1287,16.89737337222753,0
1288,15.834673525608864,0
1289,14.54767464695309,0
1290,15.285189007566643,0
1291,15.518389986765857,0
1292,19.09159038101409,0
1293,17.23917424334562,0
1294,19.937746339899714,0
1295,19.93310095046353,0
1296,21.71526912683898,0
1297,21.655724780588052,0
1298,21.191724964299176,0
1299,21.71338671143218,0
1300,22.58516771994604,0
1301,23.21906809694249,0
1302,23.004790234809263,0
1303,23.934138403867482,0
1304,25.939447080924566,0
1305,22.917259351730774,0
1306,25.088117270972205,0
1307,24.050271500888282,0
1308,25.18703708280488,0
1309,25.79708008207726,0
1310,24.772018950987665,0
1311,25.392384582404848,0
1312,22.740287617538083,0
1313,25.073755814121643,0
1314,22.932404663284597,0
1315,23.666215214836036,0
1316,22.682448095976525,0
1317,19.32785498270157,0
1318,20.538031104042407,0
1319,20.873139329035663,0
1320,21.553976081569246,0
1321,19.634637324803514,0
1322,18.963600654258077,0
1323,16.673898748545216,0
1324,18.931146696523523,0
1325,18.763269850144525,0
1326,16.493041137191334,0
1327,15.81347625032369,0
1328,14.050823265268123,0
1329,16.263923396400088,0
1330,17.872650194247093,0
1331,15.759888767917461,0
1332,16.263703518153196,0
1333,15.584862986839115,0
1334,14.185354981985876,0
1335,16.717274968463396,0
1336,14.435298081608128,0
1337,15.822568392880756,0
1338,16.743317839069775,0
1339,17.839102515733057,0
1340,17.91598566543086,0
1341,18.473417339008005,0
1342,17.94441670605856,0
1343,18.05799762493923,0
1344,20.061480668263176,0
1345,19.942436183857208,0
1346,19.986309597443363,0
1347,20.647470690323537,0
1348,22.00987152582681,0
1349,21.191228284869542,0
1350,22.18806520308843,0
1351,22.331629772386908,0
1352,24.512386482703853,0
1353,25.027381892074807,0
1354,26.836770094628143,0
1355,23.459694507636677,0
1356,24.320403041090337,0
1357,25.869835696191863,0
1358,24.612855326456387,0
1359,24.29239972384869,0
1360,26.03929672226173,0
1361,23.62836054193542,0
1362,22.379339036598786,0
1363,21.726867185176705,0
1364,22.835694322314083,0
1365,22.218658765231424,0
1366,19.922392855226416,0
1367,19.667234703374056,0
1368,20.5347126378157,0
1369,19.92463581142481,0
1370,18.06268269088345,0
1371,18.708799040026555,0
1372,18.071854587290563,0
1373,15.17311110623695,0
1374,16.152402343618522,0
1375,16.448358889664995,0
1376,15.09679727891385,0
1377,13.241670468475874,0
1378,14.887356147088576,0
1379,15.794868853072359,0
1380,16.580405585813132,0
1381,12.851993031876944,0
1382,17.783692214118908,0
1383,14.253466006414333,0
1384,16.626843851878924,0
1385,17.26743136907821,0
1386,17.447483394200972,0
1387,17.10581133451669,0
1388,16.338582337312126,0
1389,18.713141626160564,0
1390,17.990671597711845,0
1391,16.824674095462434,0
1392,22.82889863371613,0
1393,21.36073298306095,0
1394,23.112172353999185,0
1395,21.001794354330936,0
1396,23.96750282341185,0
1397,24.63367630319246,0
1398,25.0900834304339,0
1399,23.945560368244028,0
1400,23.12766497517954,0
1401,24.442084855692762,0
1402,22.626860017678755,0
1403,23.25521191746551,0
1404,25.09193878115027,0
1405,23.96582584110087,0
1406,24.665182275990624,0
1407,24.51039791115506,0
1408,26.260854067440633,0
1409,25.26439327120716,0
1410,23.49066132176994,0
1411,24.252706679213073,0
1412,21.720286855309656,0
1413,21.576520137730558,0
1414,22.204319535630095,0
1415,19.41097038352934,0
1416,19.721019271699685,0
1417,18.02652317881173,0
1418,18.82337718231538,0
1419,19.719098593763977,0
1420,16.747903110899124,0
1421,17.182072350870186,0
1422,15.56714419243081,0
1423,14.883684355303464,0
1424,14.434023460736073,0
1425,16.83535441885323,0
1426,17.532806339172247,0
1427,15.525819398436518,0
1428,14.283707030862661,0
1429,15.747667327474126,0
1430,14.836047342211653,0
1431,16.18200068498093,0
1432,15.960866619277247,0
1433,16.31293744939884,0
1434,17.07174215344248,0
1435,16.376699217979294,0
1436,17.095632176887097,0
1437,16.365337248120568,0
1438,18.264035333033927,0
1439,17.92503634883478,0
1440,19.855318800960095,0
1441,19.695000011714058,0
1442,21.39532964583385,0
1443,22.366656468241146,0
1444,21.07987742893498,0
1445,22.230528050797638,0
1446,22.59222200409737,0
1447,24.713260126534557,0
1448,26.03648904630898,0
1449,25.470934277926197,0
1450,24.480210203746203,0
1451,26.42223069650518,0
1452,23.48589226355873,0
1453,26.456582358997156,0
1454,24.17341492514351,0
1455,21.83910444740174,0
1456,26.980931758006978,0
1457,25.544789775779755,0
1458,22.503650178812734,0
1459,23.21281579263675,0
1460,22.285500547746768,0
1461,22.01563796512046,0
1462,19.81080878797143,0
1463,19.971136978433364,0
1464,20.46796128274764,0
1465,19.570065208855315,0
1466,19.905143284494137,0
1467,18.166333095601736,0
1468,19.849221685897945,0
1469,16.240461297787792,0
1470,16.723798486020826,0
1471,14.116915402610363,0
1472,14.416739852313327,0
1473,16.709128298374925,0
1474,14.227568101075988,0
1475,15.573450867132388,0
1476,14.938229142648602,0
1477,13.998226735443355,0
1478,14.822121594367498,0
1479,14.866368702796853,0
1480,15.182507112619819,0
1481,16.786841509471216,0
1482,17.1168106484839,0
1483,16.37876715832931,0
1484,16.592897196160763,0
1485,18.368920172692867,0
1486,18.605889362736686,0
1487,20.37565150134957,0
1488,22.655293570613317,0
1489,21.495555395524995,0
1490,21.25936495444837,0
1491,21.74137319094625,0
1492,21.643305879535845,0
1493,22.137134360661044,0
1494,22.532118395431603,0
1495,23.57143153005076,0
1496,23.9029835731614,0
1497,25.36312836911825,0
1498,24.430630116444885,0
1499,24.759774590432958,0
1500,23.781725974444186,0
1501,26.601799936066048,0
1502,25.336615541031914,0
1503,26.40827083178036,0
1504,25.127012810958224,0
1505,25.456402653369548,0
1506,23.287046380487748,0
1507,23.760967953000467,0
1508,25.205506369509514,0
1509,20.68988270021968,0
1510,22.47036418057699,0
1511,22.350575179512198,0
1512,20.421127577709406,0
1513,20.112581474616725,0
1514,19.98553924220053,0
1515,17.416287672209013,0
1516,17.91741172814393,0
1517,16.06818791933766,0
1518,15.773219052745837,0
1519,15.401670552932314,0
1520,15.52360470838559,0
1521,15.530377975927058,0
1522,15.633404035573275,0
1523,13.591867003315597,0
1524,17.026775421840544,0
1525,16.22630464988721,0
1526,15.913933637947423,0
1527,15.014071945836825,0
1528,15.578566314343544,0
1529,16.59439971917714,0
1530,16.88590608046253,0
1531,15.235130416879567,0
1532,18.259279264269956,0
1533,21.074830426577762,0
1534,16.812614824335355,0
1535,20.367046660533774,0
1536,20.378501975075917,0
1537,20.5382157413887,0
1538,22.701110965534784,0
1539,20.699820848745258,0
1540,22.66709499277855,0
1541,24.54576179697181,0
1542,23.333435361100157,0
1543,23.5375036684295,0
1544,24.448104241320134,0
1545,24.16264231455161,0
1546,26.418797861738913,0
1547,24.025376533197882,0
1548,25.896931270330573,0
1549,23.670540507302626,0
1550,25.517201534167196,0
1551,24.511598192981065,0
1552,21.674965047600374,0
1553,23.96062354810242,0
1554,22.438750164658543,0
1555,22.58702563244993,0
1556,24.081551798649272,0
1557,20.764836074784927,0
1558,20.204144799786008,0
1559,22.13351381797203,0
1560,20.11919692046829,0
1561,20.93209995649138,0
1562,19.0385121486032,0
1563,17.17951816656817,0
1564,17.431832628144697,0
1565,18.220321285403728,0
1566,17.43197131891847,0
1567,16.0341448306196,0
1568,15.720016651790269,0
1569,15.264901897328404,0
1570,14.575703697308322,0
1571,17.02865544250611,0
1572,15.00739317016488,0
1573,13.879866574338584,0
1574,14.679953319937349,0
1575,16.127422198207785,0
1576,16.329432412956017,0
1577,15.892234263870611,0
1578,15.777209137432475,0
1579,16.980774975896082,0
1580,15.779312449946909,0
1581,16.748139623133195,0
1582,19.527304368626883,0
1583,18.85460024408736,0
1584,20.38548393389271,0
1585,21.905223494171015,0
1586,21.962007718012483,0
1587,21.934606815143486,0
1588,24.68798186453066,0
1589,23.730305941456233,0
1590,23.171073561990642,0
1591,24.719463427913063,0
1592,24.749473512818973,0
1593,23.739411690275073,0
1594,24.904644335522804,0
1595,24.787600106477697,0
1596,22.97844765629656,0
1597,24.779972849598472,0
1598,24.53857378525547,0
1599,24.168758327531897,0
1600,22.639030220730533,0
1601,23.602116683205143,0
1602,23.49473181520824,0
1603,23.148602685752227,0
1604,21.332640399542818,0
1605,22.56364382091636,0
1606,20.04442386704932,0
1607,20.422589746005855,0
1608,21.341658720456785,0
1609,18.635611736890976,0
1610,18.180903096518623,0
1611,19.189935915512123,0
1612,17.10528650518262,0
1613,16.650936469810954,0
1614,16.691824779076928,0
1615,17.111652405038523,0
1616,13.405247070121353,0
1617,14.529431184909464,0
1618,14.135457427740723,0
1619,13.928362212047489,0
1620,14.12221652465529,0
1621,14.181227384225709,0
1622,15.479586919754881,0
1623,14.468474641971827,0
1624,15.795457259039251,0
1625,16.444653873415735,0
1626,15.716412913385316,0
1627,17.09006903036973,0
1628,19.177519115446156,0
1629,18.416636802386627,0
1630,18.052925350627472,0
1631,19.280848427820462,0
1632,19.062057967207725,0
1633,20.929767178461713,0
1634,22.176544364959877,0
1635,21.075472867073138,0
1636,22.28605616471966,0
1637,24.1811032860972,0
1638,23.02704819674007,0
1639,24.15886920446644,0
1640,23.283996218867372,0
1641,23.78261188531344,0
1642,24.306165941881154,0
1643,27.133544330083346,0
1644,24.59094985866348,0
1645,24.427265620799442,0
1646,24.266435602968226,0
1647,24.453795308498137,0
1648,24.986057137275143,0
1649,24.156257138459726,0
1650,25.59334858063314,0
1651,23.25760159177662,0
1652,23.94740414935654,0
1653,22.19012827785039,0
1654,21.89967672396012,0
1655,19.20903102138699,0
1656,19.87294055186099,0
1657,19.27842129827095,0
1658,18.46294776758991,0
1659,15.933704210983779,0
1660,18.380624461872728,0
1661,16.56904252527415,0
1662,16.026394771820975,0
1663,15.778061837503676,0
1664,15.441793792203368,0
1665,15.787700758232361,0
1666,13.89933861698938,0
1667,14.11173363621396,0
1668,15.290633295899399,0
1669,15.188358504451308,0
1670,14.793716059645888,0
1671,14.80668993180259,0
1672,14.835448277907897,0
1673,15.974878134648101,0
1674,17.64519856725866,0
1675,15.898142103577426,0
1676,19.023318046650147,0
1677,18.930564303554977,0
1678,18.25294103717734,0
1679,20.13044391436273,0
1680,18.534096583137977,0
1681,18.92105601593896,0
1682,20.00431296936139,0
1683,21.503670696511243,0
1684,22.1745900310502,0
1685,22.528664727900956,0
1686,23.634956596497528,0
1687,21.831612793737452,0
1688,24.825476425273713,0
1689,23.200097083664037,0
1690,24.16877852622002,0
1691,24.544373840576057,0
1692,23.843789363257518,0
1693,23.586224638231474,0
1694,23.823547466231016,0
1695,24.60747402041527,0
1696,24.920109197981642,0
1697,24.53100187916012,0
1698,22.54104286766233,0
1699,22.25222999683161,0
1700,21.579396835350135,0
1701,22.363229473921976,0
1702,19.256675044994083,0
1703,21.89097022168264,0
1704,19.515195124710328,0
1705,18.563844175099327,0
1706,19.045358570395045,0
1707,19.119201893280966,0
1708,17.842583256884843,0
1709,18.00893731227503,0
1710,16.59882491072103,0
1711,17.262871904251632,0
1712,16.915033019696555,0
1713,15.281123548111477,0
1714,16.609576756481626,0
1715,15.20750939444445,0
1716,15.086893220302027,0
1717,14.121302022683535,0
1718,14.881590862767471,0
1719,16.158185083287165,0
1720,14.357226071341364,0
1721,16.682857307869067,0
1722,16.813082045336607,0
1723,17.233754271206507,0
1724,15.293507804576043,0
1725,17.98333991853985,0
1726,19.35416478217827,0
1727,18.584414081981635,0
1728,20.09030669909774,0
1729,18.274557692032015,0
1730,21.96548826180107,0
1731,21.250984352149594,0
1732,23.37135694756676,0
1733,21.201020869111314,0
1734,24.227801294258338,0
1735,23.729827413803836,0
1736,25.137730816591073,0
1737,23.693687875444336,0
1738,24.21117210670213,0
1739,27.19967565169158,0
1740,24.17004784956277,0
1741,24.25119709946116,0
1742,24.553047094280267,0
1743,23.59683893673607,0
1744,25.520583805272548,0
1745,25.69178001566049,0
1746,22.83142783934936,0
1747,21.317774966030363,0
1748,23.67197730299079,0
1749,23.021807673617197,0
1750,22.115754417691328,0
1751,21.80914239584915,0
1752,19.132474734176153,0
1753,19.17887263022788,0
1754,17.321795170146903,0
1755,16.6684200085889,0
1756,18.481101307269544,0
1757,16.28427959251328,0
1758,18.7440376880874,0
1759,16.10741340852645,0
1760,15.029448165844055,0
1761,16.17848754114994,0
1762,16.971633226154037,0
1763,15.528906652556095,0
1764,13.78285482920635,0
1765,15.413778495016015,0
1766,16.545968929621367,0
1767,14.887361388417249,0
1768,14.89623102366651,0
1769,17.04968120990663,0
1770,16.604433834569246,0
1771,15.853650752273674,0
1772,17.120253398418377,0
1773,17.330920347208526,0
1774,19.002173439357904,0
1775,19.457053552393248,0
1776,21.150447043060215,0
1777,21.362296003081376,0
1778,19.730561231483126,0
1779,22.320407693280774,0
1780,23.396932319673347,0
1781,23.49968641207645,0
1782,24.5655935652122,0
1783,23.417189708785997,0
1784,23.379295191636352,0
1785,25.54946768779895,0
1786,23.764164459959613,0
1787,22.79768677409134,0
1788,26.025299944657018,0
1789,24.233039381200346,0
1790,24.523562930435673,0
1791,23.221418314326066,0
1792,23.00459943191712,0
1793,22.810177859480525,0
1794,23.174884054200962,0
1795,23.413806221199557,0
1796,20.2021887842426,0
1797,22.66559033644359,0
1798,20.11209706272397,0
1799,19.58631920314628,0
1800,20.67785538807506,0
1801,19.27273510638539,0
1802,17.169470988246864,0
1803,19.93117552540892,0
1804,16.6393783950592,0
1805,17.203508806903965,0
1806,16.664356442675174,0
1807,17.444560460406965,0
1808,15.214204145631935,0
1809,16.388692021826166,0
1810,14.428481346236566,0
1811,16.16490455163318,0
1812,14.237015370418161,0
1813,14.680566594516442,0
1814,17.066337416453678,0
1815,15.697573725561893,0
1816,15.779631953780425,0
1817,18.275282573555888,0
1818,16.82582276810077,0
1819,16.140055547227725,0
1820,18.23462799829446,0
1821,16.904901921166285,0
1822,19.834221313231296,0
1823,20.553346798719915,0
1824,19.427040821458654,0
1825,20.024729111816313,0
1826,21.47059948786358,0
1827,21.927572313604365,0
1828,21.522312383133627,0
1829,23.61189501136241,0
1830,21.493658209668837,0
1831,23.53390724319912,0
1832,23.926186054065205,0
1833,24.34613211103393,0
1834,25.13685303682105,0
1835,23.729201880449896,0
1836,25.588515083235816,0
1837,24.777070291547368,0
1838,24.17941301963174,0
1839,23.252571528060855,0
1840,23.147017747189533,0
1841,24.327091473485453,0
1842,22.57168479639063,0
1843,23.10800584289566,0
1844,23.561982954758225,0
1845,22.946059777171648,0
1846,22.8544921862755,0
1847,20.356337637582495,0
1848,18.91485092818123,0
1849,20.367894549287726,0
1850,19.015508624991952,0
1851,19.210533488251937,0
1852,17.51105607105409,0
1853,18.151838879419085,0
1854,17.31085351412166,0
1855,16.749654201961462,0
1856,16.173395858874354,0
1857,15.778301349972724,0
1858,15.403406675569352,0
1859,15.268681932659991,0
1860,15.990194595559704,0
1861,14.530796019219999,0
1862,16.906056004648466,0
1863,15.274359792084306,0
1864,16.655255176166655,0
1865,15.942992110754927,0
1866,16.21780009863692,0
1867,18.98843434068714,0
1868,17.19065521479848,0
1869,16.809366075498904,0
1870,17.991822615466674,0
1871,19.03014108539144,0
1872,22.155191852717692,0
1873,20.859386893306652,0
1874,22.22880862531186,0
1875,20.911817204945347,0
1876,22.852608289761026,0
1877,23.71528549343997,0
1878,25.337160861397123,0
1879,23.27049625313215,0
1880,24.93361648161601,0
1881,24.921981571009752,0
1882,23.807914420913324,0
1883,24.937768071282875,0
1884,24.73652509046361,0
1885,22.63185888092228,0
1886,25.42829825582759,0
1887,25.159641082300034,0
1888,23.891192224926186,0
1889,22.628204756841477,0
1890,25.015414773065444,0
1891,23.30980643243748,0
1892,23.51670129401157,0
1893,23.323738958527517,0
1894,20.77318844118962,0
1895,21.46478549374104,0
1896,19.758850986330028,0
1897,19.284820397399834,0
1898,18.6202891578488,0
1899,18.085263905719582,0
1900,18.613960199629382,0
1901,17.080020385985144,0
1902,16.310733346009172,0
1903,15.756696067027205,0
1904,16.011187130283062,0
1905,14.485734274135687,0
1906,14.667712438004674,0
1907,14.990495112023698,0
1908,14.434151687791633,0
1909,14.924299540194054,0
1910,14.559594005635622,0
1911,17.384560116472553,0
1912,16.99893372172561,0
1913,16.483185461608233,0
1914,16.410847575928376,0
1915,19.146957017755486,0
1916,17.822952908073628,0
1917,17.99973733030572,0
1918,19.009031151305766,0
1919,19.65331224531159,0
1920,21.410317706483536,0
1921,20.633666268616302,0
1922,23.39342004956985,0
1923,21.031395901823615,0
1924,23.19405021691875,0
1925,22.041980368395844,0
1926,25.35263486255666,0
1927,23.636201262562977,0
1928,24.27193774710977,0
1929,25.543634568858902,0
1930,26.084969815473567,0
1931,23.84534747028076,0
1932,24.653841008358473,0
1933,23.56230103406929,0
1934,24.966934282820908,0
1935,24.518025127415108,0
1936,23.981192996162623,0
1937,23.282305362555633,0
1938,23.149627442084938,0
1939,22.297411806313097,0
1940,23.028961842026163,0
1941,23.42936720903017,0
1942,19.363371116943586,0
1943,20.536663445028942,0
1944,19.58182822590586,0
1945,19.83973762740112,0
1946,17.75413775714374,0
1947,17.940147007481812,0
1948,16.460407817521634,0
1949,17.652890698429182,0
1950,16.563740724025536,0
1951,15.871758732980352,0
1952,16.040060910088194,0
1953,15.13411903281259,0
1954,13.616549885577838,0
1955,15.638506103064216,0
1956,15.28827017045747,0
1957,14.888696091586077,0
1958,16.155295799188192,0
1959,16.599097887235374,0
1960,14.577590346956264,0
1961,15.252157226558698,0
1962,18.011751189835113,0
1963,18.37504472154761,0
1964,16.76160687141394,0
1965,16.905872785937827,0
1966,18.0683372207515,0
1967,18.849252632082095,0
1968,18.41593416811312,0
1969,20.683798213849524,0
1970,20.013916315770974,0
1971,20.703027511783972,0
1972,23.416106422266044,0
1973,22.36061786956269,0
1974,23.46406272381827,0
1975,24.595863057131957,0
1976,25.143351091013425,0
1977,24.282377533763636,0
1978,24.873746610099886,0
1979,24.13181831747429,0
1980,26.74737969645902,0
1981,25.607174124632202,0
1982,23.726389351519348,0
1983,24.623455631412764,0
1984,25.043678706281696,0
1985,24.446177668024873,0
1986,25.364704023973175,0
1987,24.41612625822716,0
1988,21.960693542173487,0
1989,21.824236661363308,0
1990,20.012553832536387,0
1991,20.90208394398979,0
1992,20.151021059546547,0
1993,22.05085190151883,0
1994,18.803479878696898,0
1995,15.993330457523465,0
1996,16.82791351329555,0
1997,17.06854206648144,0
1998,15.208450801474516,0
1999,15.166025614492206,0
2000,15.304237172849723,0
2001,15.722413971909239,0
2002,15.005028857342374,0
2003,14.153543205684027,0
2004,15.787681234495123,0
2005,14.503138243606397,0
2006,14.671062025142838,0
2007,14.000950745492268,0
2008,14.883857239516011,0
2009,16.685004894428985,0
2010,14.846810935533432,0
2011,16.885019160322503,0
2012,18.217725023274824,0
2013,17.70947423104639,0
2014,18.945695292892335,0
2015,18.230575027516675,0
2016,21.310277902184765,0
2017,21.753681297202924,0
2018,21.529594308695984,0
2019,20.158338301909478,0
2020,21.45403766230278,0
2021,24.020510206974933,0
2022,25.248654996211343,0
2023,24.263382141441195,0
2024,25.577445952957845,0
2025,24.01163595913481,0
2026,24.640241974834424,0
2027,24.958372210432373,0
2028,25.423096753735,0
2029,23.42841471642415,0
2030,25.770295973983625,0
2031,25.94194430692326,0
2032,23.18139187008219,0
2033,22.61142703019635,0
2034,23.88609402055047,0
2035,22.38949523893115,0
2036,20.12917031740222,0
2037,22.72200067785077,0
2038,21.449689642413706,0
2039,20.17598396329261,0
2040,22.11344429271077,0
2041,19.486273290579273,0
2042,17.952474714182184,0
2043,18.187734650275,0
2044,16.459930732569312,0
2045,16.19448608091571,0
2046,16.85082889619238,0
2047,15.47903509233159,0
2048,15.218898907107647,0
2049,17.04954719828434,0
2050,16.03001965174107,0
2051,15.84560151323776,0
2052,15.528816702198219,0
2053,15.526977254855119,0
2054,16.626955767461794,0
2055,15.361056351468351,0
2056,17.5253871059776,0
2057,15.081831630581457,0
2058,16.209428406345864,0
2059,15.577596493580469,0
2060,17.156226980307153,0
2061,18.605025271128945,0
2062,20.15715166371245,0
2063,18.68404150070287,0
2064,20.005304473599008,0
2065,20.293420561265393,0
2066,20.555495284727666,0
2067,20.724037708277965,0
2068,22.5606611653018,0
2069,21.311742144608345,0
2070,23.646077056757267,0
2071,23.98771863694388,0
2072,23.67237671999821,0
2073,23.608494092646456,0
2074,23.44532184983632,0
2075,26.82855271784679,0
2076,23.658027935811173,0
2077,26.51492666641921,0
2078,25.429793891312876,0
2079,24.25537669427152,0
2080,23.17305017520054,0
2081,25.00926019831625,0
2082,25.265185102674806,0
2083,22.10978273623387,0
2084,22.20125479411952,0
2085,22.965040926619217,0
2086,21.629878585539625,0
2087,22.652591917256434,0
2088,19.429855550528796,0
2089,19.88966024726923,0
2090,17.454976804545826,0
2091,20.1824745686738,0
2092,16.769659187711795,0
2093,14.748225825661114,0
2094,16.338702072807646,0
2095,15.893802677430585,0
2096,17.58544449363958,0
2097,15.041782692059858,0
2098,15.157727124412544,0
2099,15.636214565043735,0
2100,16.586270683109483,0
2101,14.979546078718151,0
2102,16.20984876214251,0
2103,15.898686925504562,0
2104,15.373637646315805,0
2105,16.11078774053478,0
2106,16.493139972923977,0
2107,16.04016821923896,0
2108,18.713680754446102,0
2109,16.70096258550627,0
2110,19.877073697037986,0
2111,20.301788368024248,0
2112,19.906950741920227,0
2113,19.887186613626486,0
2114,21.067670139850556,0
2115,22.386191819820652,0
2116,23.243058439363836,0
2117,23.330726108583473,0
2118,24.527670242073512,0
2119,23.409332129428595,0
2120,24.564703417422205,0
2121,23.051051851686925,0
2122,25.593255790282743,0
2123,25.110400558820622,0
2124,24.584425822825274,0
2125,26.118766725588305,0
2126,25.52115528024182,0
2127,21.803003420812374,0
2128,24.370010267189624,0
2129,22.511742704728373,0
2130,24.602193780401162,0
2131,25.532881967948367,0
2132,21.9814664892847,0
2133,21.987996314327535,0
2134,21.043061651604017,0
2135,21.00344407332061,0
2136,20.644549015608767,0
2137,20.63456297544013,0
2138,17.71848343998981,0
2139,19.6582176499982,0
2140,16.568486143956285,0
2141,17.2332815543264,0
2142,17.623042733644034,0
2143,16.74643203694197,0
2144,14.731298040089495,0
2145,14.678678720619011,0
2146,14.70803996582347,0
2147,14.991606412005062,0
2148,16.146953248318738,0
2149,13.750964255629137,0
2150,15.637072373167415,0
2151,15.99057476961641,0
2152,16.228161703235422,0
2153,16.499539633001792,0
2154,17.982784215387074,0
2155,17.444001198322646,0
2156,18.356959244559874,0
2157,18.65012934310171,0
2158,20.49901760721563,0
2159,17.447564299336968,0
2160,21.282108577119264,0
2161,20.39160018684668,0
2162,21.013378365076242,0
2163,20.943940418598945,0
2164,20.63130453199323,0
2165,22.661912297485994,0
2166,22.848240596414843,0
2167,24.460940680916863,0
2168,22.857864545984707,0
2169,26.051010842100567,0
2170,25.101562974659686,0
2171,24.709321615338233,0
2172,24.290576650814106,0
2173,24.170017251416574,0
2174,23.69954196682473,0
2175,24.075036937649315,0
2176,24.336177433816683,0
2177,23.789403252012622,0
2178,22.121046032127893,0
2179,22.777978903999937,0
2180,21.606817084663057,0
2181,22.073299346887524,0
2182,23.158747100716834,0
2183,21.27765365521348,0
2184,19.686880061177916,0
2185,17.72248586542544,0
2186,17.29118046580864,0
2187,16.39985951269874,0
2188,18.22596846340083,0
2189,16.19112350491248,0
2190,16.527066353191675,0
2191,15.411219116001465,0
2192,15.761069522951265,0
2193,16.78227946833303,0
2194,14.485424936437319,0
2195,14.701820353902805,0
2196,14.193656088669748,0
2197,15.917350596650289,0
2198,14.144653678640406,0
2199,14.247619092934533,0
2200,14.282210015506173,0
2201,14.624759784353497,0
2202,16.93536043273866,0
2203,19.525317875111455,0
2204,16.504623683592854,0
2205,19.038128661480805,0
2206,18.957011816159877,0
2207,18.245346472647757,0
2208,19.723300449972886,0
2209,20.419714285429507,0
2210,20.603393333888867,0
2211,23.844024035538073,0
2212,20.59387943034281,0
2213,23.42484359323055,0
2214,23.867058386566455,0
2215,23.387150503241028,0
2216,24.479629884297598,0
2217,25.497002631252307,0
2218,24.982364266884964,0
2219,25.374549629409728,0
2220,25.692911933272132,0
2221,22.925168316452503,0
2222,26.308007256917016,0
2223,26.897701632664244,0
2224,25.310922072638537,0
2225,24.98043133418547,0
2226,22.12728692861608,0
2227,22.925378776530238,0
2228,21.687956187359287,0
2229,21.32622290148546,0
2230,22.26113213447909,0
2231,19.84873037385995,0
2232,19.869898707304955,0
2233,17.43878831751806,0
2234,18.54747277258196,0
2235,18.176599598060168,0
2236,16.795209791861353,0
2237,16.23630605551881,0
2238,18.35088898005087,0
2239,14.82348901263882,0
2240,14.619255938177426,0
2241,14.571591862142022,0
2242,16.369189891169547,0
2243,17.14431813695269,0
2244,15.332175851746024,0
2245,14.325457677190434,0
2246,14.742638507414473,0
2247,16.44541465492734,0
2248,14.758805102164908,0
2249,17.486179925766123,0
2250,17.881044278283262,0
2251,17.026400870096555,0
2252,18.146129969309275,0
2253,18.836328786006128,0
2254,20.26011489064697,0
2255,18.295917290229713,0
2256,21.181204650515795,0
2257,20.277402959461533,0
2258,20.526334241937157,0
2259,22.016089593686978,0
2260,22.285655713413156,0
2261,22.05631416666479,0
2262,21.93820347779762,0
2263,23.024671803554327,0
2264,25.782484244584918,0
2265,26.5819671660035,0
2266,25.479745577469455,0
2267,26.143149771780635,0
2268,24.483167034409593,0
2269,24.880072631787293,0
2270,25.11239386372539,0
2271,23.538108077650605,0
2272,23.340182852061794,0
2273,24.063944008161375,0
2274,23.215229979025082,0
2275,21.98025036550436,0
2276,22.886532129273025,0
2277,21.650137861349055,0
2278,22.3154491763722,0
2279,20.64744985928261,0
2280,19.699693540880407,0
2281,19.475042223580783,0
2282,18.533921320488464,0
2283,17.41853679048322,0
2284,17.09804391425147,0
2285,17.705611896943893,0
2286,17.110982810866147,0
2287,17.319461107907916,0
2288,13.976879037798174,0
2289,14.987511658520347,0
2290,14.755795523505457,0
2291,15.214548205438728,0
2292,14.547842742100128,0
2293,14.529592685468884,0
2294,15.95334579201146,0
2295,15.558689852779619,0
2296,14.503508958598209,0
2297,17.3677396196989,0
2298,17.461218144375742,0
2299,16.38223320812099,0
2300,18.331280415419215,0
2301,17.35141959822152,0
2302,19.831603184951057,0
2303,19.12953779881137,0
2304,19.19715760457727,0
2305,20.279526565283632,0
2306,20.528264855028933,0
2307,22.105556824484626,0
2308,22.675105233737895,0
2309,23.079610110321713,0
2310,22.978918460271114,0
2311,20.305684891249353,0
2312,24.42296263424484,0
2313,22.723163284619506,0
2314,25.073817483014313,0
2315,26.0880180465913,0
2316,25.273885638584723,0
2317,24.567787711918168,0
2318,24.649751527588265,0
2319,24.486335035642835,0
2320,23.780885392943805,0
2321,23.382977207897248,0
2322,22.611637941331193,0
2323,24.23196939170742,0
2324,22.484446726811804,0
2325,22.86968855751924,0
2326,21.04404418296784,0
2327,20.72479871116467,0
2328,19.8296173535166,0
2329,19.810205093926918,0
2330,19.532540427307882,0
2331,18.326287459471438,0
2332,16.826183834697975,0
2333,16.176239028006826,0
2334,18.123636631968033,0
2335,15.753195622996397,0
2336,15.378770830821095,0
2337,16.84560974534094,0
2338,16.258232023162734,0
2339,15.576613631061,0
2340,14.60060346458552,0
2341,17.395973285135156,0
2342,15.563344656164599,0
2343,15.92758781608174,0
2344,15.498766849412217,0
2345,14.618925855465966,0
2346,15.129704029043495,0
2347,17.363171046692845,0
2348,17.89182943012141,0
2349,17.84658451420287,0
2350,17.5342209816988,0
2351,17.905711176339498,0
2352,19.672149335675563,0
2353,19.19650302911773,0
2354,22.193010561460348,0
2355,23.066081943625278,0
2356,25.32903416309324,0
2357,23.92212459677778,0
2358,22.942684301068567,0
2359,23.09510171555098,0
2360,20.878398929995925,0
2361,24.024508524054482,0
2362,24.652655254172586,0
2363,25.925031563904056,0
2364,25.611600153187013,0
2365,25.545574047248824,0
2366,25.04325673466093,0
2367,25.280307692988945,0
2368,25.77772702038622,0
2369,22.901889812610325,0
2370,23.078233521203614,0
2371,21.655275580229176,0
2372,24.11866030990102,0
2373,23.210286285053623,0
2374,22.046379388993365,0
2375,19.454079541576625,0
2376,20.172944803495525,0
2377,19.112729679143264,0
2378,18.786731823075346,0
2379,17.898464708562557,0
2380,18.019952824776073,0
2381,16.56135298598115,0
2382,17.319036600157947,0
2383,16.274628156797153,0
2384,15.376796808855932,0
2385,15.268748970519225,0
2386,14.72978345762791,0
2387,15.856659740394788,0
2388,14.7285355150309,0
2389,15.337666090247115,0
2390,14.777966280080006,0
2391,13.8955004620293,0
2392,16.57597738645349,0
2393,14.97510678572874,0
2394,17.143627062480533,0
2395,17.37634563084693,0
2396,15.843966558985613,0
2397,17.141901272754627,0
2398,18.191804134229976,0
2399,18.52665099665869,0
2400,18.81792926411341,0
2401,21.392726640998873,0
2402,21.054589823916636,0
2403,22.2991077418123,0
2404,22.069491545983308,0
2405,23.34913572154791,0
2406,22.784383006256284,0
2407,23.940249926757996,0
2408,24.911972812637615,0
2409,24.664470477451513,0
2410,24.372518895842447,0
2411,23.8705578090857,0
2412,25.167632961993487,0
2413,25.30216981207461,0
2414,24.57126968159623,0
2415,23.850077331635276,0
2416,24.87271005253728,0
2417,26.44849714362594,0
2418,23.23307192667716,0
2419,23.38054658980472,0
2420,22.87739298283136,0
2421,19.346952298182917,0
2422,21.41795757089423,0
2423,19.946112258775916,0
2424,21.38468798385026,0
2425,19.0933832178079,0
2426,17.928368968413153,0
2427,17.86808350209684,0
2428,17.66656105809059,0
2429,16.396287284394706,0
2430,16.411803314724665,0
2431,14.679073467001157,0
2432,15.444619534168806,0
2433,16.15627521352999,0
2434,17.1395431442228,0
2435,15.749290560840773,0
2436,15.271933859891929,0
2437,16.226541551065395,0
2438,16.18947952851473,0
2439,17.044445039050384,0
2440,16.75252883492667,0
2441,15.91536971719226,0
2442,16.722913706701547,0
2443,17.135354109953877,0
2444,17.802139203504996,0
2445,18.286903927214667,0
2446,17.9234759766825,0
2447,17.243733150286324,0
2448,19.328321388130252,0
2449,18.626596472732395,0
2450,21.362054332894957,0
2451,21.917953549978787,0
2452,20.82442549643683,0
2453,23.73197531217144,0
2454,24.40239199064798,0
2455,24.06261849054938,0
2456,25.99779332076876,0
2457,26.4910632063422,0
2458,23.62363513513905,0
2459,25.993929450670112,0
2460,25.440847878713786,0
2461,25.37554408341577,0
2462,25.764076649091848,0
2463,23.9002298665981,0
2464,23.73775458569719,0
2465,23.140094589360768,0
2466,22.780631532570414,0
2467,22.94529541086454,0
2468,21.048175831775144,0
2469,20.8676897848358,0
2470,21.871623514573386,0
2471,20.581668245910485,0
2472,20.382954790898232,0
2473,17.45810855568558,0
2474,17.92205150832737,0
2475,17.53116018543477,0
2476,17.532534814757152,0
2477,16.369908683302405,0
2478,17.397680720573707,0
2479,15.974957182310462,0
2480,15.686887141675378,0
2481,15.394140510436108,0
2482,15.878356317988834,0
2483,14.571154980916983,0
2484,16.122393782273285,0
2485,15.502834295820255,0
2486,15.324407805102954,0
2487,15.422338824991451,0
2488,16.19017694896039,0
2489,17.048624836472918,0
2490,17.409993644452218,0
2491,17.332053012767137,0
2492,18.37671875493728,0
2493,18.20494102391797,0
2494,19.9583949738007,0
2495,19.32076253168989,0
2496,17.92486072527561,0
2497,21.99051352805256,0
2498,21.401946313538033,0
2499,20.74233871675997,0
2500,22.301776292767116,0
2501,22.15997356853313,0
2502,25.635743289232067,0
2503,24.46445164903957,0
2504,22.761415844278094,0
2505,25.165562208925238,0
2506,24.430889176624092,0
2507,26.87400764276919,0
2508,23.947303399912826,0
2509,22.710194803547733,0
2510,24.895498311173313,0
2511,24.271370313006724,0
2512,23.913541284023587,0
2513,21.825527540304886,0
2514,23.962343257130257,0
2515,24.71715229288639,0
2516,20.590950919094634,0
2517,23.08464084924823,0
2518,20.725378368758573,0
2519,23.001636233122642,0
2520,20.436007921048816,0
2521,19.159524667553985,0
2522,19.811286540375555,0
2523,18.612611288924324,0
2524,16.907544024017653,0
2525,17.666409798245382,0
2526,15.953770223722245,0
2527,14.244745331400196,0
2528,17.701465174325257,0
2529,15.031019236701848,0
2530,14.561356867887039,0
2531,15.381497756585912,0
2532,13.44036814214629,0
2533,13.689197044932012,0
2534,14.67072416848583,0
2535,14.860880530890668,0
2536,15.741762253563982,0
2537,17.15579101166983,0
2538,15.990439120932113,0
2539,17.448991327706267,0
2540,18.101545000903418,0
2541,17.002507456576716,0
2542,18.934360497400128,0
2543,18.404701659576588,0
2544,21.063898744547757,0
2545,21.1077208391726,0
2546,21.310599339873864,0
2547,20.573717508074235,0
2548,22.615990010285117,0
2549,22.276779631466866,0
2550,24.24149654638507,0
2551,23.847440199090663,0
2552,23.517782456034666,0
2553,25.544915560067604,0
2554,25.55116419915874,0
2555,24.363927227922286,0
2556,26.162027832678476,0
2557,24.658829631684736,0
2558,24.52047751704917,0
2559,24.743198710824746,0
2560,23.577493267029222,0
2561,23.525126799743735,0
2562,23.375054627247934,0
2563,24.574090154701494,0
2564,23.999649741960724,0
2565,21.654546961234963,0
2566,22.904532966041447,0
2567,20.609344211191384,0
2568,20.380580677811583,0
2569,20.23094687267359,0
2570,18.997952600687647,0
2571,20.501765042356606,0
2572,17.743346314237176,0
2573,15.758603609445666,0
2574,17.769937068581413,0
2575,15.621169805031828,0
2576,15.365584649729742,0
2577,12.388929453938172,0
2578,16.17135676820804,0
2579,15.861224839734076,0
2580,15.799019473368649,0
2581,16.021181589656997,0
2582,16.861371071671957,0
2583,15.334600488399412,0
2584,16.607489479247192,0
2585,15.289393486580822,0
2586,16.110664910403045,0
2587,18.01295300928581,0
2588,17.891123828865684,0
2589,16.75316764559641,0
2590,19.067234154034924,0
2591,19.164457598039412,0
2592,19.18133370885247,0
2593,21.08691801141438,0
2594,20.88958952802367,0
2595,20.342927473313253,0
2596,21.388844721328425,0
2597,24.812977221587378,0
2598,22.020604989805122,0
2599,24.189568888536588,0
2600,24.940182933230382,0
2601,25.25858670885672,0
2602,23.604157472806744,0
2603,24.635686137513733,0
2604,25.140846725128604,0
2605,25.757433567347885,0
2606,24.184668300231422,0
2607,23.455923157930876,0
2608,25.332701068082745,0
2609,25.07192034744599,0
2610,23.90560646198178,0
2611,22.435019988345864,0
2612,22.906761655422134,0
2613,22.022727865091415,0
2614,22.131723901704223,0
2615,19.40351799518942,0
2616,20.116260772138897,0
2617,19.188305190233656,0
2618,17.596221059840122,0
2619,18.30223108758315,0
2620,17.534917835879032,0
2621,16.545834187845347,0
2622,16.860494843953248,0
2623,14.614436287814298,0
2624,15.61623118790643,0
2625,15.812016503222612,0
2626,15.454388726680325,0
2627,16.11920347508891,0
2628,13.798887425817988,0
2629,13.53489526849816,0
2630,15.409438610612872,0
2631,15.835754864879556,0
2632,17.789696774254608,0
2633,16.649845774750794,0
2634,15.590517796698204,0
2635,17.762222589858006,0
2636,16.65436985225324,0
2637,16.600746892518163,0
2638,21.315005654199922,0
2639,19.67319441829732,0
2640,20.714950631806957,0
2641,21.216181213797842,0
2642,23.106171999601923,0
2643,22.19752367830049,0
2644,23.7176980326797,0
2645,22.016523295045577,0
2646,22.143372915384553,0
2647,25.39332371170363,0
2648,25.80498673733115,0
2649,25.130123477870026,0
2650,25.05569563516663,0
2651,25.123400901521876,0
2652,24.311838571565655,0
2653,26.495862206855467,0
2654,25.488509946277148,0
2655,25.12530310705867,0
2656,24.706252286393948,0
2657,25.01467952281323,0
2658,24.040539205796705,0
2659,23.789166914634784,0
2660,21.331069125125516,0
2661,22.42345016028919,0
2662,23.481296736571423,0
2663,20.134107955851388,0
2664,19.871171131592792,0
2665,20.2393127478099,0
2666,19.66320794009306,0
2667,18.71100993016682,0
2668,15.882399736849745,0
2669,17.457923129674295,0
2670,15.280791579207225,0
2671,15.208531380239124,0
2672,16.217926767316172,0
2673,15.084778213883599,0
2674,15.979993781602449,0
2675,18.19091434688183,0
2676,15.777180050383944,0
2677,15.765628346145435,0
2678,14.274643389597307,0
2679,14.737638064011705,0
2680,14.606211094526586,0
2681,15.500637462017592,0
2682,15.372714038137234,0
2683,16.29650283789026,0
2684,17.29127816468187,0
2685,17.086008970202432,0
2686,17.286807673524862,0
2687,17.98590551432219,0
2688,20.45392111239366,0
2689,20.712377492462316,0
2690,22.320035553827157,0
2691,22.95785638029252,0
2692,22.15936107804911,0
2693,23.713850719448057,0
2694,22.09501335937422,0
2695,26.24979023849434,0
2696,25.525531318110062,0
2697,24.40436426738182,0
2698,23.66642969734189,0
2699,25.337272884071016,0
2700,23.129926471516676,0
2701,24.177921870762724,0
2702,25.578386690449886,0
2703,24.694846662650537,0
2704,23.83916228807851,0
2705,24.917506280592963,0
2706,22.496899895038172,0
2707,23.328507760872444,0
2708,22.00211449866421,0
2709,21.066046705009093,0
2710,21.75749098546292,0
2711,19.659751526969686,0
2712,21.902006448745038,0
2713,18.762652193431986,0
2714,20.695724757462408,0
2715,16.992612048851292,0
2716,18.105951418329166,0
2717,15.7566171633146,0
2718,15.123348786186668,0
2719,16.192938641617566,0
2720,16.34743181128921,0
2721,14.10633938405277,0
2722,16.354517935761685,0
2723,14.245176678154548,0
2724,15.131222690064952,0
2725,15.422554552882188,0
2726,15.765052550016176,0
2727,13.582790137929656,0
2728,17.288435598860872,0
2729,16.595026400204734,0
2730,16.03887261320032,0
2731,15.932038952166288,0
2732,15.805928470716934,0
2733,16.725159622084078,0
2734,19.25084325355775,0
2735,19.006295753636373,0
2736,18.86848405023137,0
2737,20.12569599557943,0
2738,22.858207765999357,0
2739,21.582742261429868,0
2740,21.9155517545209,0
2741,24.394413213229832,0
2742,23.997425598256537,0
2743,24.01104753054223,0
2744,23.722345125483358,0
2745,23.06698688091085,0
2746,23.659086609956386,0
2747,24.476762704429017,0
2748,24.780374299597934,0
2749,25.313466590896496,0
2750,25.3813938587902,0
2751,24.842319222053433,0
2752,24.550535524065552,0
2753,22.95924200984789,0
2754,21.38077896275529,0
2755,22.522931319887732,0
2756,21.545850776846333,0
2757,21.260790209284245,0
2758,21.019541250359904,0
2759,19.40902388586936,0
2760,18.88948957827348,0
2761,19.247051974452038,0
2762,18.82167529713729,0
2763,17.43058456025955,0
2764,17.998285068764925,0
2765,16.73673814260358,0
2766,15.444553006519934,0
2767,16.07396396646918,0
2768,17.552286566063575,0
2769,14.705676137123312,0
2770,16.33651061689966,0
2771,16.420551585705542,0
2772,16.498161601110095,0
2773,14.22014767872963,0
2774,17.185744799925864,0
2775,15.496951795716422,0
2776,15.416084074368708,0
2777,15.8028853835411,0
2778,17.066039633830766,0
2779,17.00732038760318,0
2780,17.323103319287934,0
2781,19.370171754120687,0
2782,17.983142103382775,0
2783,18.30422510974474,0
2784,20.79310509931822,0
2785,21.35622834189455,0
2786,22.388072761049713,0
2787,20.841217402134244,0
2788,23.581391459072364,0
2789,23.52582846978783,0
2790,25.29810934147156,0
2791,22.718479040904544,0
2792,24.548367367442083,0
2793,24.341830243080413,0
2794,23.239863209318436,0
2795,24.242336368082388,0
2796,26.1270641511011,0
2797,24.48826362899222,0
2798,24.10703158679153,0
2799,25.487658054443717,0
2800,25.319003692588584,0
2801,24.953550654402676,0
2802,22.745840531224765,0
2803,22.985798392119435,0
2804,23.53065913974681,0
2805,21.257383032976865,0
2806,20.544764054523224,0
2807,21.480862938079856,0
2808,21.56234869414484,0
2809,18.195294295017643,0
2810,16.108336359236198,0
2811,16.636266390916997,0
2812,16.48754755154158,0
2813,16.818516156482318,0
2814,17.080315301589145,0
2815,15.88673211123419,0
2816,14.969533464890347,0
2817,15.533972023437927,0
2818,14.208499115365115,0
2819,14.995855351367187,0
2820,14.358431538066935,0
2821,17.723118880100916,0
2822,15.987157808646037,0
2823,14.54558791260754,0
2824,14.67293877168389,0
2825,15.595055085434584,0
2826,14.819590975068227,0
2827,16.22569839357823,0
2828,16.761772882916166,0
2829,18.97050852747997,0
2830,18.27930445830009,0
2831,18.556823257808194,0
2832,18.65953416163497,0
2833,19.475992411920306,0
2834,21.227739175515914,0
2835,21.698288058683804,0
2836,23.63425162768164,0
2837,22.41467653442325,0
2838,24.594718192473735,0
2839,24.223893013639525,0
2840,24.32549133170338,0
2841,22.611093400866096,0
2842,23.53957094645324,0
2843,25.69865316237829,0
2844,26.397819862345,0
2845,25.163673112042567,0
2846,25.59215644633354,0
2847,24.211675520635822,0
2848,23.958776091481187,0
2849,23.303804077693794,0
2850,24.510232675708767,0
2851,23.386604530117232,0
2852,22.265830683567412,0
2853,21.58502589710305,0
2854,21.85060081194104,0
2855,20.97574650554306,0
2856,19.167958034691086,0
2857,21.063354916348054,0
2858,18.96293369480612,0
2859,18.097061942448402,0
2860,18.977285673962392,0
2861,17.980209852573687,0
2862,16.37649923548765,0
2863,16.569218479739153,0
2864,14.599894654586853,0
2865,14.739759414141783,0
2866,12.910039421604234,0
2867,16.263142716946597,0
2868,13.101588543164684,0
2869,15.724050927077739,0
2870,14.339693978278358,0
2871,14.401630869625993,0
2872,15.474842105690508,0
2873,16.29964547829524,0
2874,17.076572573267526,0
2875,18.727824539950888,0
2876,17.85861405777163,0
2877,18.967778201237163,0
2878,18.107415764641033,0
2879,20.061090351455718,0
2880,20.153268753030215,0
2881,20.189446757164973,0
2882,21.19811590974548,0
2883,21.851362059501337,0
2884,22.691119252527205,0
2885,23.44519832396878,0
2886,23.026643535205885,0
2887,23.225993256916425,0
2888,25.07759860387477,0
2889,22.92284665252378,0
2890,24.21142248061813,0
2891,26.5098419029481,0
2892,22.292802308116478,0
2893,24.264172285123433,0
2894,25.517348520782356,0
2895,22.96907645814872,0
2896,26.9282691402796,0
2897,21.378363121390016,0
2898,24.972093357020682,0
2899,24.601148510861243,0
2900,23.416352365916293,0
2901,21.691831589692182,0
2902,21.651273428145082,0
2903,19.75538107090383,0
2904,20.809324659146842,0
2905,18.227504126778687,0
2906,18.432030840928228,0
2907,19.082832117843928,0
2908,16.38569709366722,0
2909,16.591924298595977,0
2910,16.628730919602447,0
2911,14.69144495867533,0
2912,16.834245478161133,0
2913,15.721376428065742,0
2914,13.654780894164142,0
2915,14.99580654906702,0
2916,14.224664828500906,0
2917,14.385217726587381,0
2918,15.247115665357505,0
2919,14.67091141634466,0
2920,16.634384601012297,0
2921,15.328574776299618,0
2922,17.44617594406468,0
2923,16.912433399030235,0
2924,18.355768688652507,0
2925,17.545248180191315,0
2926,18.200620827404215,0
2927,18.194903751252728,0
2928,20.57797882302981,0
2929,21.590426214630504,0
2930,23.41328378826453,0
2931,23.2039446799593,0
2932,22.74978067936888,0
2933,22.8328366238648,0
2934,23.924237412125503,0
2935,23.93902899097205,0
2936,25.793603518274374,0
2937,25.563341636465427,0
2938,23.99286799851267,0
2939,24.26959377268609,0
2940,26.367281903572604,0
2941,25.265304441637547,0
2942,24.59786995575416,0
2943,25.805733824692464,0
2944,23.942532901736527,0
2945,23.68699119096999,0
2946,23.074362364700274,0
2947,21.08213463846097,0
2948,23.364256990254233,0
2949,20.70433270379914,0
2950,20.72540250609117,0
2951,19.908759078365566,0
2952,20.72699060196747,0
2953,19.27878625599575,0
2954,18.72132132485186,0
2955,16.407123044276098,0
2956,17.41256295176531,0
2957,15.479859755075497,0
2958,16.771663089731433,0
2959,16.39995629204134,0
2960,15.652475498342712,0
2961,17.423746023299984,0
2962,15.698099782780265,0
2963,15.638599868164652,0
2964,15.142311353049344,0
2965,14.85001761659265,0
2966,16.13628912921087,0
2967,16.482051879118245,0
2968,14.368712619543608,0
2969,17.087722903326057,0
2970,16.978289295094445,0
2971,17.91689292766524,0
2972,17.96617878074657,0
2973,16.84231311520461,0
2974,17.53298832365492,0
2975,21.171959568044663,0
2976,20.2524238686469,0
2977,19.235375466941125,0
2978,21.642227225620612,0
2979,21.551293558551418,0
2980,20.656586044198285,0
2981,20.753618973333175,0
2982,21.93286721172971,0
2983,24.238559244084747,0
2984,24.282054800808737,0
2985,24.370238471931092,0
2986,25.114307285241313,0
2987,25.558354733682012,0
2988,22.897492560465004,0
2989,24.65607312472407,0
2990,24.001714481091092,0
2991,23.386202684767262,0
2992,23.782925740863096,0
2993,23.843894603662033,0
2994,23.269177449373153,0
2995,21.589139831608012,0
2996,22.0168504853574,0
2997,23.92925005374927,0
2998,20.23954038146641,0
2999,18.965537982602427,0
3000,20.275241569412273,0
3001,19.943997199714648,0
3002,19.169948876582467,0
3003,16.96686530232804,0
3004,18.498094925242178,0
3005,16.170860666450736,0
3006,15.329589639826693,0
3007,15.424755775363813,0
3008,15.561172474357097,0
3009,16.09469376550808,0
3010,15.794202694243074,0
3011,15.020276422072472,0
3012,15.932905555678973,0
3013,15.124265266529587,0
3014,16.06635477235515,0
3015,13.976733542634255,0
3016,14.095698988360612,0
3017,16.808953745160373,0
3018,15.074383647941188,0
3019,16.654673654481062,0
3020,17.401897247984273,0
3021,17.598631997519924,0
3022,18.2524153006386,0
3023,20.73999558407775,0
3024,17.47039849150033,0
3025,21.536504595823278,0
3026,23.589267568305967,0
3027,21.93700172239147,0
3028,22.481025204520435,0
3029,23.770177940666624,0
3030,25.36438844650087,0
3031,22.77871775233702,0
3032,24.417816352477377,0
3033,24.43318113768218,0
3034,25.389010408285127,0
3035,25.11641100329858,0
3036,25.65965311575088,0
3037,24.53559162494752,0
3038,24.87863128701392,0
3039,23.949055282149278,0
3040,23.665836515246102,0
3041,23.825226860783282,0
3042,23.39352400085346,0
3043,21.871323402807793,0
3044,24.070058379308872,0
3045,21.778333071605832,0
3046,19.910394462599122,0
3047,21.75416555372105,0
3048,19.251717179589154,0
3049,19.85565037364455,0
3050,18.68888779787742,0
3051,18.337199065223604,0
3052,17.671021086181415,0
3053,16.381025077754046,0
3054,16.50541238123953,0
3055,18.06632535226236,0
3056,13.432267136244626,0
3057,15.44655944412626,0
3058,15.605352341167102,0
3059,13.990504176329747,0
3060,13.629651954840046,0
3061,17.20169160546922,0
3062,14.798867134361844,0
3063,17.459597499046367,0
3064,16.205636291373906,0
3065,16.10937435890588,0
3066,16.94043660611556,0
3067,17.59119830041243,0
3068,18.679655223377203,0
3069,18.52239868367152,0
3070,18.850515401937464,0
3071,19.52365655583328,0
3072,21.3519133220789,0
3073,21.46959920325244,0
3074,20.292073672189968,0
3075,21.277788364566007,0
3076,22.830748824077133,0
3077,22.420885819743834,0
3078,23.15904688653481,0
3079,23.01084711973713,0
3080,24.068484159400434,0
3081,25.043025302711396,0
3082,25.824790747832907,0
3083,24.966455255162774,0
3084,27.0748500296109,0
3085,24.880810919480243,0
3086,28.023052287772508,0
3087,25.621049751656884,0
3088,24.82684945074466,0
3089,23.467733057398643,0
3090,20.711039885694788,0
3091,22.888675532394785,0
3092,22.67821829436283,0
3093,23.83587036678053,0
3094,19.91434567448773,0
3095,22.5585173244201,0
3096,19.74875559441243,0
3097,20.071425917405445,0
3098,16.16605835895801,0
3099,18.22561321968416,0
3100,17.15626794606896,0
3101,17.638622265111085,0
3102,16.555691381824037,0
3103,14.890993677131744,0
3104,16.616860618366957,0
3105,16.075231076745187,0
3106,15.767139064683967,0
3107,16.051691055258374,0
3108,16.100967441250983,0
3109,15.020964024225004,0
3110,13.81271339578608,0
3111,13.99564006529469,0
3112,17.019624215063264,0
3113,16.74368073770497,0
3114,16.56649544161003,0
3115,16.5215445997567,0
3116,17.531557097940276,0
3117,18.11137704823491,0
3118,18.36914606822964,0
3119,18.648344112045134,0
3120,22.164316852488028,0
3121,20.8811908994525,0
3122,20.688290617789853,0
3123,20.61135552593573,0
3124,21.774306330306878,0
3125,23.763533625827396,0
3126,24.293917624451034,0
3127,23.748413156317717,0
3128,24.38183771281974,0
3129,24.31434519240973,0
3130,23.7217928318093,0
3131,26.25891054635581,0
3132,25.372635310297735,0
3133,27.433579559898867,0
3134,24.07345884410407,0
3135,24.481864294193304,0
3136,25.21309723737635,0
3137,23.72167197388964,0
3138,22.14783887803667,0
3139,22.09493752314471,0
3140,22.600750065640778,0
3141,22.25678449073281,0
3142,21.199489898925375,0
3143,21.656116083962296,0
3144,20.992765542052897,0
3145,19.670148182779542,0
3146,18.73279667983914,0
3147,17.83369051256521,0
3148,18.051025131425842,0
3149,17.875818768767502,0
3150,16.525070908882338,0
3151,16.483231531967185,0
3152,15.3455597987918,0
3153,13.969052758157062,0
3154,14.169416519841532,0
3155,15.808541698530764,0
3156,15.447003015240709,0
3157,16.632989365169042,0
3158,15.226469297528649,0
3159,16.24537607532132,0
3160,16.992889911634755,0
3161,17.02768346330867,0
3162,15.855919147364306,0
3163,16.77162702719665,0
3164,17.629772739702275,0
3165,17.100714147877394,0
3166,19.18019328959167,0
3167,20.371357538542046,0
3168,19.51914509379504,0
3169,22.625185177702715,0
3170,21.003371276506957,0
3171,21.7104591860894,0
3172,22.26172115480187,0
3173,22.335531092130214,0
3174,23.95339206542333,0
3175,23.986792582051628,0
3176,25.991498875611438,0
3177,25.22670759212793,0
3178,25.367318621142577,0
3179,24.735686460799606,0
3180,23.58576728550562,0
3181,24.86772090820112,0
3182,23.97933719004816,0
3183,25.571240930471667,0
3184,24.29968413171077,0
3185,25.632509554523395,0
3186,24.27084421679102,0
3187,23.879343100691727,0
3188,22.73065714744434,0
3189,22.122089496238086,0
3190,21.94736809270774,0
3191,21.575299778014305,0
3192,19.289429737706207,0
3193,19.83964971620857,0
3194,21.326991997733483,0
3195,17.996892811278965,0
3196,17.24445658439611,0
3197,16.263722921553875,0
3198,15.01590186962422,0
3199,17.222119725685005,0
3200,15.730838399380369,0
3201,15.680229938085153,0
3202,17.01520513843907,0
3203,17.551964936647806,0
3204,14.111454080799783,0
3205,16.097334204073174,0
3206,15.794216303992645,0
3207,15.780194702758477,0
3208,16.149851707825466,0
3209,16.01169544822742,0
3210,18.055749231214413,0
3211,17.572841232675774,0
3212,17.847029780280067,0
3213,19.336007044369513,0
3214,19.604983805782346,0
3215,19.810162298556538,0
3216,20.329555080686635,0
3217,22.411084846674626,0
3218,21.80639780982019,0
3219,21.826393929481704,0
3220,21.645651446806863,0
3221,22.70260314145951,0
3222,22.48863307499172,0
3223,24.077224510505964,0
3224,24.589963821192516,0
3225,22.57148342061151,0
3226,24.850745451470114,0
3227,25.609133794049352,0
3228,25.169287778802644,0
3229,24.00527661905849,0
3230,26.10105444043139,0
3231,23.92566015870924,0
3232,23.104378769112447,0
3233,22.88859326918881,0
3234,23.52354529419467,0
3235,24.029192031634487,0
3236,23.66797761746918,0
3237,22.125482125309638,0
3238,20.10269201075908,0
3239,19.99794750573794,0
3240,19.10422814498143,0
3241,19.170837865985533,0
3242,16.933531420452105,0
3243,18.199332917046835,0
3244,18.146544399286967,0
3245,16.808526167263725,0
3246,16.925858720453565,0
3247,15.095786130689872,0
3248,14.216213570512355,0
3249,14.74458605687634,0
3250,16.32842952114377,0
3251,16.073680336819976,0
3252,14.544038159480412,0
3253,16.247402770696826,0
3254,14.846285578268425,0
3255,16.89327322428418,0
3256,16.153231673235585,0
3257,15.581976262502328,0
3258,17.260408346556357,0
3259,16.182110167710366,0
3260,16.5647500745803,0
3261,16.636027319645255,0
3262,18.964489483628636,0
3263,19.29420999312596,0
3264,19.922886739252405,0
3265,20.242778830130824,0
3266,22.731979904594922,0
3267,21.489811206398826,0
3268,21.77658755921246,0
3269,24.289919457778872,0
3270,24.956817672902172,0
3271,24.30562548463625,0
3272,22.590099218783376,0
3273,24.01968667230749,0
3274,25.44253228066432,0
3275,24.974947816073804,0
3276,26.554075578122223,0
3277,23.59030977757797,0
3278,25.508010106773085,0
3279,23.99236440288067,0
3280,25.653168437193322,0
3281,23.89164973871143,0
3282,24.566179705660076,0
3283,22.39627805895993,0
3284,21.090501188461364,0
3285,20.80303407586095,0
3286,20.687396183406918,0
3287,19.62781732106432,0
3288,21.200461334952177,0
3289,20.686279495101367,0
3290,18.978951253743716,0
3291,17.05238775301039,0
3292,17.381629246836894,0
3293,16.2702174439486,0
3294,17.918540555891415,0
3295,16.349176813252182,0
3296,16.159309521217544,0
3297,14.980919218720503,0
3298,13.159049263136367,0
3299,14.271641343364395,0
3300,13.883367821205814,0
3301,15.413030496599005,0
3302,15.266911144336635,0
3303,14.578975039335957,0
3304,15.281264083567525,0
3305,17.59971005073279,0
3306,15.505123034705319,0
3307,16.038238651327035,0
3308,17.27165771411277,0
3309,17.38744590904564,0
3310,18.277157418071454,0
3311,19.878817742863962,0
3312,21.73222414489872,0
3313,18.873137053814034,0
3314,21.275850874586478,0
3315,21.954855684790726,0
3316,22.41606789242753,0
3317,22.856696189869275,0
3318,23.195163450027465,0
3319,24.97095951787604,0
3320,23.864989390899765,0
3321,24.49208173023236,0
3322,24.829515465514255,0
3323,25.064719887590897,0
3324,24.82913622324708,0
3325,25.956470222968466,0
3326,24.820950334418534,0
3327,24.793458547825754,0
3328,24.278673865479853,0
3329,22.963742280019307,0
3330,22.705566669858733,0
3331,21.99380002598505,0
3332,22.692648579931575,0
3333,21.199923766992605,0
3334,20.23270733522087,0
3335,20.890736859140024,0
3336,20.525031721027474,0
3337,17.586559857232317,0
3338,20.395577599622595,0
3339,18.118863972366135,0
3340,17.394832651682197,0
3341,18.022968046581067,0
3342,16.534278481198886,0
3343,15.429374338716398,0
3344,17.86444734350365,0
3345,14.306206543713929,0
3346,15.072749994497496,0
3347,15.889970448415944,0
3348,13.930354518956896,0
3349,14.940747718842108,0
3350,15.556935778223805,0
3351,17.78224966975176,0
3352,14.777075800515526,0
3353,15.985571670211762,0
3354,17.123173224703667,0
3355,17.037238209366482,0
3356,16.297152713332558,0
3357,18.494711806890095,0
3358,18.813454719938917,0
3359,19.793000245445693,0
3360,21.131466121769858,0
3361,21.66582733376462,0
3362,21.701857601693824,0
3363,22.224003343399506,0
3364,21.401528284607604,0
3365,22.909492320869298,0
3366,23.755855503289588,0
3367,23.56575145111296,0
3368,24.427735742366487,0
3369,23.794077743901468,0
3370,26.363955531233593,0
3371,27.10930351391663,0
3372,24.61045383784467,0
3373,25.35758281876801,0
3374,24.595469849097327,0
3375,25.882258713497,0
3376,24.765123910174395,0
3377,24.044100209362732,0
3378,23.311870902723964,0
3379,23.169934492592176,0
3380,21.499629454795052,0
3381,22.58894965332023,0
3382,20.580100318895532,0
3383,21.187512840292026,0
3384,20.129635138318545,0
3385,20.442312165147552,0
3386,18.68891194679757,0
3387,19.109653824340782,0
3388,16.577647268221803,0
3389,17.56563757163514,0
3390,16.240369570728927,0
3391,16.22745120125907,0
3392,15.741622511603362,0
3393,16.316893459218306,0
3394,13.150758366949786,0
3395,15.36585743491026,0
3396,13.505501359187623,0
3397,16.249592527686033,0
3398,13.197627673993772,0
3399,14.376820553579641,0
3400,13.995993816371032,0
3401,17.672469397631517,0
3402,15.175467571278258,0
3403,17.070107359030402,0
3404,16.964207345964248,0
3405,16.286820433836592,0
3406,18.3686167794695,0
3407,20.010104289759113,0
3408,19.815731680789202,0
3409,21.593710954524788,0
3410,20.932170458759785,0
3411,21.920275622572692,0
3412,22.115201245980224,0
3413,23.387375453476942,0
3414,25.434445705884553,0
3415,24.329007291173866,0
3416,24.52456828300246,0
3417,24.00098300212111,0
3418,24.07414875088067,0
3419,26.421293608465504,0
3420,23.887761547870827,0
3421,24.04408245961643,0
3422,24.732177973100388,0
3423,24.193087230360597,0
3424,26.286316071407036,0
3425,21.600534774716948,0
3426,23.896896032060344,0
3427,23.756517598146598,0
3428,21.379506417688475,0
3429,21.26884003475257,0
3430,21.726705190515403,0
3431,22.28214406115315,0
3432,19.079486627215534,0
3433,17.768146778710225,0
3434,19.678374354388666,0
3435,19.610326096841824,0
3436,17.164968408644512,0
3437,14.742406079868216,0
3438,17.91633056320379,0
3439,15.834702909523061,0
3440,16.793771258253958,0
3441,15.33712047022194,0
3442,14.794724322323965,0
3443,14.59086300604119,0
3444,16.473445017931677,0
3445,16.47722697112948,0
3446,13.032521249775735,0
3447,14.444347356295216,0
3448,17.446951809115802,0
3449,15.665939844572948,0
3450,15.103992690429525,0
3451,16.960658592275685,0
3452,17.391633202788164,0
3453,17.989237802880872,0
3454,18.226341891351307,0
3455,19.03729204416021,0
3456,19.544092244448887,0
3457,20.98653760757873,0
3458,20.48135535806674,0
3459,21.623772863074908,0
3460,22.355926104440073,0
3461,24.349548051397626,0
3462,23.90894504002273,0
3463,23.857066421311433,0
3464,24.86631498957683,0
3465,25.025515949432474,0
3466,25.917463988035692,0
3467,25.463737519302025,0
3468,26.79391069555126,0
3469,26.301841353202153,0
3470,24.788627722288993,0
3471,24.204888020684294,0
3472,25.212682772347254,0
3473,24.48339573384554,0
3474,23.44096493999652,0
3475,21.566855613494422,0
3476,20.66762615765955,0
3477,22.261675712520912,0
3478,22.064937490974806,0
3479,21.456066443192373,0
3480,18.712828236536282,0
3481,20.38471288134289,0
3482,18.17174745891894,0
3483,18.47500435994856,0
3484,17.916691374668382,0
3485,16.15370641938682,0
3486,15.873141045083774,0
3487,13.960180555320216,0
3488,14.753132435331937,0
3489,13.578060278289858,0
3490,15.607728000022606,0
3491,15.10419260919259,0
3492,15.914052069072646,0
3493,15.399317924320266,0
3494,14.535613149938849,0
3495,15.726803403191825,0
3496,15.279447867327882,0
3497,16.642294989178644,0
3498,16.77983905985664,0
3499,15.967619626528668,0
3500,17.50219907966293,0
3501,18.141916884925315,0
3502,18.398193822231036,0
3503,20.242275614897487,0
3504,21.71305090070348,0
3505,20.28489724805026,0
3506,20.943396742445522,0
3507,19.665353983946357,0
3508,22.37108059316605,0
3509,22.60762444486907,0
3510,21.374354758384253,0
3511,24.255260370667244,0
3512,24.921140223707173,0
3513,23.885290925367283,0
3514,24.45701680218529,0
3515,23.990740494096908,0
3516,25.762542125144737,0
3517,23.439780315411625,0
3518,24.516367841007174,0
3519,26.57046983034372,0
3520,24.381714952933983,0
3521,24.434698553067157,0
3522,23.388879778990802,0
3523,21.86938127831018,0
3524,22.467328712780418,0
3525,22.31989083803519,0
3526,20.27145358571316,0
3527,20.994244877233633,0
3528,21.244910029004465,0
3529,20.417058439939748,0
3530,17.12315949451819,0
3531,17.111303249119874,0
3532,15.886320677783988,0
3533,18.027348061194523,0
3534,17.07479544484337,0
3535,16.73637385921456,0
3536,14.791522675500973,0
3537,14.213936377843098,0
3538,15.247278600522026,0
3539,15.143759348030002,0
3540,14.145746589003132,0
3541,15.184951578496692,0
3542,15.81493891927236,0
3543,15.60861811603347,0
3544,14.630493444395062,0
3545,13.9205711370305,0
3546,16.205586147010628,0
3547,17.120547765945897,0
3548,17.23991619978944,0
3549,17.65823270161933,0
3550,18.01445957809945,0
3551,20.063007050548507,0
3552,19.947625321789467,0
3553,20.775851536476402,0
3554,20.322571605725052,0
3555,21.292995488477327,0
3556,22.663797894647757,0
3557,22.038389308888746,0
3558,22.276234930454635,0
3559,23.637615699760822,0
3560,25.531097791455185,0
3561,24.81034944081727,0
3562,26.28922863967306,0
3563,24.825701653070148,0
3564,24.68993463914181,0
3565,23.56498692218043,0
3566,24.253404585083214,0
3567,26.0545813997218,0
3568,24.657677291423695,0
3569,24.699887803695866,0
3570,24.24063173808533,0
3571,23.034261705074627,0
3572,22.29519401343657,0
3573,22.03260073500737,0
3574,21.965397316079514,0
3575,21.110497174608064,0
3576,20.49197221176729,0
3577,19.501513214320077,0
3578,17.935970855796675,0
3579,17.824987417386353,0
3580,16.558546923807732,0
3581,17.960850720518025,0
3582,14.362422176495933,0
3583,15.815369383142894,0
3584,18.057084516316067,0
3585,15.03906778720587,0
3586,14.035586246748531,0
3587,15.024820783419516,0
3588,16.289376364145532,0
3589,14.882325275371535,0
3590,15.783719669252827,0
3591,15.48055532639017,0
3592,15.296999919176926,0
3593,19.18352116011498,0
3594,16.53561673170571,0
3595,16.419035115665604,0
3596,17.010016670225543,0
3597,18.467157336612523,0
3598,19.115122175074468,0
3599,20.119380651981245,0
3600,20.141144033017746,0
3601,19.221012791147153,0
3602,21.826017183476345,0
3603,21.60445382289677,0
3604,22.21389983633291,0
3605,21.560896696904717,0
3606,22.962009165186487,0
3607,23.239928487160466,0
3608,24.293663175868637,0
3609,23.165978616377696,0
3610,24.880285424062663,0
3611,25.08156029765169,0
3612,23.880232148296972,0
3613,24.332567940570925,0
3614,23.972075567904046,0
3615,25.52701215495434,0
3616,21.801863120082018,0
3617,23.62344182892879,0
3618,21.875007153690735,0
3619,22.612135547018894,0
3620,23.346740836403868,0
3621,21.282805882426803,0
3622,21.432483834336686,0
3623,19.807856150850192,0
3624,21.939482607244926,0
3625,20.26056536798549,0
3626,19.83309616097263,0
3627,16.758401402834053,0
3628,16.398921129241234,0
3629,18.035950402546458,0
3630,16.270097913272366,0
3631,15.775311247282191,0
3632,16.003656293380697,0
3633,14.125425319495168,0
3634,15.943237724833116,0
3635,15.061099655813363,0
3636,15.479240145556956,0
3637,14.372161675247648,0
3638,15.683600730433879,0
3639,14.675720707994548,0
3640,16.62425357798233,0
3641,17.162879485648222,0
3642,17.37635171233181,0
3643,17.47265652083614,0
3644,18.1338162546014,0
3645,15.38065544308792,0
3646,19.540788980253506,0
3647,19.07332917846572,0
3648,20.094944993115593,0
3649,20.368924818780933,0
3650,19.902958211911027,0
3651,21.374783794831167,0
3652,23.158534821822318,0
3653,24.46117673669246,0
3654,22.91261164642757,0
3655,23.062795216752498,0
3656,25.781889305430262,0
3657,23.73682836815147,0
3658,26.90326509250717,0
3659,25.007872949657386,0
3660,24.11659096510327,0
3661,25.94156191395065,0
3662,26.522977997729974,0
3663,23.184650067182606,0
3664,25.88908910750746,0
3665,23.6853615107529,0
3666,25.02186346886371,0
3667,22.6633427125651,0
3668,20.922806841531077,0
3669,22.41538427353062,0
3670,22.22067332389104,0
3671,22.74859381954583,0
3672,21.723597730029102,0
3673,20.04261109835846,0
3674,18.46819747586299,0
3675,17.565931207497673,0
3676,17.205127054458245,0
3677,16.125260628153796,0
3678,16.189914063462126,0
3679,13.48870587466773,0
3680,15.848741047037315,0
3681,15.351667238056029,0
3682,17.73624525741431,0
3683,15.801516683966403,0
3684,14.519779764434464,0
3685,15.607510084072295,0
3686,13.9446047512702,0
3687,14.777910430181905,0
3688,13.802278267912357,0
3689,17.469492821412583,0
3690,17.05780606427601,0
3691,15.780608577822251,0
3692,17.439512419341973,0
3693,19.03635103621209,0
3694,19.201013356034817,0
3695,19.72964607576044,0
3696,19.14215781559228,0
3697,20.015385857417954,0
3698,21.389247574362372,0
3699,22.833672674522614,0
3700,21.671133112731955,0
3701,21.922407111336476,0
3702,24.679563826340058,0
3703,23.03645436901481,0
3704,25.407288721941914,0
3705,24.86245252452585,0
3706,25.710676455125974,0
3707,26.701604500343223,0
3708,25.688663541539455,0
3709,25.733256200836664,0
3710,23.9117940065087,0
3711,23.92421198131623,0
3712,24.974073542230244,0
3713,25.501027526818078,0
3714,24.927635978480364,0
3715,25.360472588687834,0
3716,22.810890772637226,0
3717,22.11620091978285,0
3718,22.300297080007663,0
3719,20.671544667371414,0
3720,19.93753163717887,0
3721,18.30000413693731,0
3722,19.697124917568896,0
3723,17.014585066777546,0
3724,18.012260091808596,0
3725,15.537018612000281,0
3726,17.56080270713492,0
3727,15.00442547527625,0
3728,16.513355159981206,0
3729,13.79126686865941,0
3730,14.730554826450888,0
3731,16.221121096434945,0
3732,14.194654380386506,0
3733,15.109966704046343,0
3734,14.691939872333908,0
3735,13.071172040750687,0
3736,15.977932059945543,0
3737,16.465491798103557,0
3738,15.356693851483028,0
3739,17.52987915164586,0
3740,16.70430489597468,0
3741,17.08318596686742,0
3742,18.712758324569474,0
3743,18.66595409482094,0
3744,22.29243360491363,0
3745,19.097709329497853,0
3746,22.032535237743787,0
3747,22.90232446895385,0
3748,20.520728874875573,0
3749,21.31132301403328,0
3750,24.097924799110228,0
3751,23.48525493376731,0
3752,24.713689871450885,0
3753,25.758844731567294,0
3754,24.457480926109373,0
3755,23.89325861598936,0
3756,22.27055896870388,0
3757,25.161824007764718,0
3758,23.901013492026504,0
3759,24.932782953431868,0
3760,24.56174939290127,0
3761,22.58229890511039,0
3762,25.259409790671796,0
3763,24.127065440508794,0
3764,23.3482713805543,0
3765,20.72894424585699,0
3766,20.886664941946833,0
3767,20.10570143790909,0
3768,19.585239514777726,0
3769,18.223261302448222,0
3770,19.140551782316667,0
3771,18.315816364975518,0
3772,17.86537218452332,0
3773,16.450243076528693,0
3774,17.7554843542813,0
3775,16.220974764034242,0
3776,12.932052883538427,0
3777,14.74048852277558,0
3778,15.113368932541427,0
3779,16.008101574152484,0
3780,14.699281062532064,0
3781,14.792690123523382,0
3782,14.50755460673821,0
3783,16.04615566874043,0
3784,15.22228577741936,0
3785,15.429783057387331,0
3786,15.722310170815163,0
3787,17.51277432949431,0
3788,16.96702534040906,0
3789,16.41068539461267,0
3790,19.32856153166648,0
3791,18.646032864322247,0
3792,20.357002728785112,0
3793,21.02641611539197,0
3794,22.49770220089756,0
3795,22.95794758104257,0
3796,21.924970399140207,0
3797,22.877422559949178,0
3798,22.245127831645767,0
3799,25.644099358594026,0
3800,24.771754233714326,0
3801,26.013816384819584,0
3802,24.510632948278747,0
3803,22.908079879906268,0
3804,26.53171265739739,0
3805,25.0503419156399,0
3806,24.96281423499832,0
3807,24.674860827553545,0
3808,24.974801142400953,0
3809,24.499899985831895,0
3810,21.944997354766944,0
3811,24.130700600175967,0
3812,21.971046258308434,0
3813,21.446369115622,0
3814,23.02152396859985,0
3815,21.573189568981185,0
3816,19.661814447057143,0
3817,17.49097689815917,0
3818,18.867542045083937,0
3819,18.625238660030057,0
3820,17.41946449115401,0
3821,15.710153795499624,0
3822,15.673778128714737,0
3823,14.778012192544843,0
3824,15.885269513870995,0
3825,16.20001929065299,0
3826,16.195769846640466,0
3827,14.310547803415144,0
3828,15.235025283204555,0
3829,15.596845486928528,0
3830,14.659221730202187,0
3831,15.23209495249326,0
3832,17.79373936281531,0
3833,16.238356312023864,0
3834,17.347425018076333,0
3835,16.52135856920967,0
3836,17.541757441406116,0
3837,16.372253929176946,0
3838,18.680834956902682,0
3839,20.53964700492411,0
3840,22.098898578448576,0
3841,21.849271988846873,0
3842,21.980951174347314,0
3843,21.966381496377604,0
3844,21.90003087263854,0
3845,22.88353562188523,0
3846,24.14836993461177,0
3847,23.18162376914085,0
3848,25.263252032398455,0
3849,23.63528163781542,0
3850,23.050385224331965,0
3851,23.94512528301759,0
3852,23.334619367256064,0
3853,23.584888546382043,0
3854,25.9617625410864,0
3855,24.419245778644836,0
3856,24.548707286894015,0
3857,25.124880261879298,0
3858,24.794635587841817,0
3859,22.53921148277934,0
3860,23.828564642385203,0
3861,22.29801492057612,0
3862,21.297421803083996,0
3863,21.094729881545092,0
3864,18.57437338073425,0
3865,18.56126788414369,0
3866,18.597762328784285,0
3867,18.696290469441152,0
3868,17.127968950330537,0
3869,16.8288740969043,0
3870,17.433900688040474,0
3871,17.44493492212664,0
3872,16.437006028437498,0
3873,16.649024407899248,0
3874,14.766011029505721,0
3875,14.736340613638232,0
3876,15.318353640670956,0
3877,14.741703424451469,0
3878,14.663241245851609,0
3879,17.03274667112049,0
3880,15.468692056357897,0
3881,15.067219169840874,0
3882,16.951863646082813,0
3883,18.791987714999312,0
3884,17.580809143999105,0
3885,19.317955791137756,0
3886,18.26805709476188,0
3887,18.85605493894363,0
3888,19.310178946895835,0
3889,20.509220504024977,0
3890,23.130442229528853,0
3891,20.757921984540285,0
3892,24.13723883017586,0
3893,22.03535956158598,0
3894,23.301722472425077,0
3895,24.802558141908722,0
3896,24.9603928020535,0
3897,24.901427822918087,0
3898,23.18026308874615,0
3899,25.319458432011604,0
3900,23.977635297769307,0
3901,27.526133433515344,0
3902,24.616200596942654,0
3903,24.80811752905758,0
3904,23.18342562842685,0
3905,23.487886586478208,0
3906,22.24449174478612,0
3907,24.025339879336194,0
3908,22.238027568272358,0
3909,22.47607797108803,0
3910,20.609507993668654,0
3911,20.151488490020697,0
3912,21.2881806469642,0
3913,18.375675761168804,0
3914,16.904460755067753,0
3915,18.49282299813338,0
3916,16.358666790663918,0
3917,16.516726460153375,0
3918,17.376049476003697,0
3919,15.214636873730207,0
3920,16.5483230552603,0
3921,14.699376896658968,0
3922,16.661049679756665,0
3923,16.367878692302227,0
3924,14.528604589365907,0
3925,14.829547534681572,0
3926,14.338435337566313,0
3927,15.580604320119777,0
3928,16.819043473664347,0
3929,14.586476479857973,0
3930,17.381914538876952,0
3931,15.632256190481465,0
3932,16.640279393737924,0
3933,16.29887907728088,0
3934,20.810850331577193,0
3935,19.406070743394583,0
3936,20.244752665045365,0
3937,19.976515402755982,0
3938,22.36106189250641,0
3939,19.81024041065573,0
3940,22.526665430643195,0
3941,25.25053189084393,0
3942,23.15347989315656,0
3943,23.98391424552214,0
3944,25.002360012248264,0
3945,23.807946988135328,0
3946,24.852474294149715,0
3947,25.918219498456413,0
3948,25.19439153237697,0
3949,25.328211366310644,0
3950,24.48019472127157,0
3951,24.93499872151126,0
3952,24.38589267798841,0
3953,25.421831595815956,0
3954,24.259928415174905,0
3955,22.800125325173198,0
3956,20.053187530973183,0
3957,22.629139317111065,0
3958,22.049360905902105,0
3959,19.735722983014607,0
3960,18.00163157812257,0
3961,18.205561982886586,0
3962,19.632093535131933,0
3963,17.021801346032476,0
3964,17.040474852250195,0
3965,17.176586914273443,0
3966,17.68883407580312,0
3967,16.015076110621596,0
3968,15.569485654364122,0
3969,14.83175292486032,0
3970,16.801023657027972,0
3971,16.108726063902758,0
3972,14.90487659533553,0
3973,13.646196605827358,0
3974,14.380081354899426,0
3975,15.96008397659807,0
3976,14.94839531005735,0
3977,16.925506251374294,0
3978,16.825924628592887,0
3979,17.248844247103342,0
3980,18.153444776196284,0
3981,18.5851706859624,0
3982,17.85072723443993,0
3983,19.021539008782124,0
3984,22.3398160864532,0
3985,19.444774389321015,0
3986,20.819550265945598,0
3987,22.97911505415827,0
3988,22.34073946744711,0
3989,22.23168508659491,0
3990,22.212360121271306,0
3991,24.502794625619423,0
3992,25.350019485306433,0
3993,26.01929122732378,0
3994,24.883417641608652,0
3995,26.00221213074128,0
3996,23.967058966741973,0
3997,25.125245676671863,0
3998,24.152242148619397,0
3999,24.79323649715954,0
4000,25.080840699041914,0
4001,25.036492871486658,0
4002,22.54562769016407,0
4003,24.311294344130975,0
4004,22.025613766691663,0
4005,20.887684374093226,0
4006,21.123491002813452,0
4007,19.190078232097836,0
4008,20.004578196723813,0
4009,19.637073178184167,0
4010,18.505534690807764,0
4011,18.622747528735825,0
4012,17.185318944652938,0
4013,16.960243883522413,0
4014,15.023801925814285,0
4015,16.07590546592723,0
4016,14.818836573950405,0
4017,14.930823734660846,0
4018,15.076691807027693,0
4019,15.233753325683356,0
4020,13.353334370812183,0
4021,13.47934948523677,0
4022,14.868395816306345,0
4023,15.854988276059615,0
4024,16.030114398654007,0
4025,16.926013733776397,0
4026,17.765542558885013,0
4027,17.452626182801154,0
4028,17.480137730090703,0
4029,17.055125036366558,0
4030,17.759836994909637,0
4031,18.880198567325035,0
4032,20.26748660663943,0
4033,20.873366494290643,0
4034,21.29833898145053,0
4035,21.76069450387055,0
4036,23.130496254304173,0
4037,23.252139576150693,0
4038,23.833380707790756,0
4039,24.275203820520392,0
4040,23.78383406265305,0
4041,23.588560141640293,0
4042,25.32075692451965,0
4043,25.373951675961273,0
4044,24.779973939068732,0
4045,24.541483374020657,0
4046,27.108053181720493,0
4047,23.860188618707234,0
4048,24.112582918407668,0
4049,24.232276079558428,0
4050,22.38130332957946,0
4051,23.161043111716683,0
4052,24.29774912085792,0
4053,22.847285360279187,0
4054,21.926295561132328,0
4055,21.2450588900461,0
4056,20.11196421654669,0
4057,20.30576199846297,0
4058,18.55004300794906,0
4059,17.66377629147694,0
4060,17.602042674246437,0
4061,17.861889459026017,0
4062,16.7948916848192,0
4063,16.707772245605454,0
4064,13.645753765158757,0
4065,16.573659733018545,0
4066,17.510972592850937,0
4067,16.37767974369233,0
4068,14.682380064514849,0
4069,14.19433241077675,0
4070,15.447835101094643,0
4071,14.393626474954909,0
4072,16.39554452289329,0
4073,15.507822840166293,0
4074,17.425129772956947,0
4075,18.318328969863664,0
4076,15.467748085619691,0
4077,18.379360849021587,0
4078,18.007623566419056,0
4079,17.937589098681,0
4080,19.38265708447397,0
4081,20.433697081400922,0
4082,22.327782466719803,0
4083,20.39200989550684,0
4084,23.550812587157516,0
4085,25.061870056926228,0
4086,24.132974971849542,0
4087,24.512707951178687,0
4088,24.31670440186867,0
4089,23.44435742671112,0
4090,25.3644564587128,0
4091,25.341251791062486,0
4092,25.731592909703856,0
4093,27.526064655722806,0
4094,25.55741007147341,0
4095,25.045109342118675,0
4096,25.892058340292106,0
4097,22.62155064218608,0
4098,22.392831297999486,0
4099,22.668600651697925,0
4100,21.845070731627096,0
4101,22.607350523237333,0
4102,20.976654008602686,0
4103,22.39256480209384,0
4104,21.52044742001212,0
4105,20.117440085858828,0
4106,18.319912991331947,0
4107,18.70353339900903,0
4108,18.31105934374612,0
4109,15.88962120947016,0
4110,16.81324582601438,0
4111,16.73934708466487,0
4112,15.886336687326486,0
4113,16.9517124698988,0
4114,16.38453386968316,0
4115,14.217193317259495,0
4116,15.124482338767468,0
4117,14.207249684586316,0
4118,15.74992681591056,0
4119,14.51345413315231,0
4120,16.593184252584052,0
4121,16.421378413501266,0
4122,17.435300679945044,0
4123,16.811108238079,0
4124,16.043706803827327,0
4125,19.852418019964418,0
4126,18.53333626595755,0
4127,20.724059100716598,0
4128,20.43018233705969,0
4129,21.326543276455382,0
4130,23.123844339827365,0
4131,22.253652463650678,0
4132,23.900231307357522,0
4133,21.55948158998692,0
4134,24.406634055532365,0
4135,23.724879623268798,0
4136,24.196059657801225,0
4137,24.62811402549622,0
4138,25.176156248188672,0
4139,26.614384784673046,0
4140,23.14628688572237,0
4141,25.001264485160867,0
4142,24.113142051738134,0
4143,25.785211667249705,0
4144,23.907035264272277,0
4145,24.423536750112355,0
4146,23.138030131599578,0
4147,23.711865796356115,0
4148,23.51480332711019,0
4149,21.516017179986406,0
4150,21.343170743753358,0
4151,19.232270770770832,0
4152,20.30539978696196,0
4153,20.20363697355544,0
4154,18.150499747200303,0
4155,19.206945552090687,0
4156,15.426689650797144,0
4157,15.104857409088593,0
4158,15.076223703305795,0
4159,15.548438516533412,0
4160,15.68849152862058,0
4161,15.301737788140299,0
4162,15.103278920692869,0
4163,15.76635171422299,0
4164,14.527880156526422,0
4165,13.779200141211593,0
4166,13.926583779545695,0
4167,17.493267358481944,0
4168,13.317756715470562,0
4169,15.856904707666562,0
4170,17.92237302233857,0
4171,17.43955847820911,0
4172,16.670443794444818,0
4173,18.088768816132532,0
4174,19.56982356907566,0
4175,20.555517822642607,0
4176,19.100658781521187,0
4177,21.41308913115304,0
4178,21.54659580336589,0
4179,23.017821975703217,0
4180,23.890415392529867,0
4181,22.700501683376768,0
4182,22.08594120184877,0
4183,24.362603220072494,0
4184,26.106748456234435,0
4185,25.304979771386666,0
4186,25.059791961881338,0
4187,27.35826984128243,0
4188,23.95997411812165,0
4189,25.860214494819136,0
4190,24.259191470587574,0
4191,24.66903199556404,0
4192,24.419770626264146,0
4193,25.481403337666215,0
4194,22.59952010050479,0
4195,22.508719435922004,0
4196,20.907047977532173,0
4197,22.40061632554193,0
4198,20.835863415645296,0
4199,21.074598003763352,0
4200,18.926734214681023,0
4201,18.987985418757855,0
4202,19.744833829470423,0
4203,17.912263624077596,0
4204,18.125639126517356,0
4205,17.48451941260236,0
4206,16.111293409113358,0
4207,14.473487365339011,0
4208,16.655273024812033,0
4209,15.551309709758929,0
4210,16.153650958359677,0
4211,13.030087257802654,0
4212,13.345390685923325,0
4213,12.900048210286155,0
4214,14.29353320750536,0
4215,16.422552239447015,0
4216,16.235864967070725,0
4217,15.999079340507954,0
4218,16.595706389333596,0
4219,17.716981067587994,0
4220,17.19784962375837,0
4221,18.482651788472584,0
4222,18.845859347119838,0
4223,17.16032639736357,0
4224,19.61517117857019,0
4225,22.01138724492246,0
4226,20.898234616441982,0
4227,21.770327795476927,0
4228,21.89313384660647,0
4229,22.559174989568508,0
4230,24.659546095717296,0
4231,23.698680720568372,0
4232,23.308177934505082,0
4233,21.508034325735945,0
4234,24.25692568023315,0
4235,22.990407499156643,0
4236,23.176250506465742,0
4237,25.75240238349564,0
4238,25.53830469718612,0
4239,22.702184998628177,0
4240,25.181606490263885,0
4241,24.426125176710975,0
4242,22.751965168833493,0
4243,23.778188062639064,0
4244,20.8733573354185,0
4245,20.708987408969932,0
4246,19.85440658692126,0
4247,19.541127237688396,0
4248,20.8786888055087,0
4249,18.013739907832136,0
4250,17.554606638942076,0
4251,17.134884592872737,0
4252,17.695463728429843,0
4253,16.616498584844873,0
4254,17.326805559651564,0
4255,15.32187281361831,0
4256,14.380445281921299,0
4257,14.876459159675532,0
4258,15.2052262699642,0
4259,14.10866764615749,0
4260,15.27399125835265,0
4261,16.85412469200989,0
4262,14.582145282154267,0
4263,15.41689266599124,0
4264,17.013176722250865,0
4265,15.37542934083089,0
4266,15.606407569285961,0
4267,15.850621073737996,0
4268,17.885284167275994,0
4269,18.58739294279431,0
4270,18.54272207424427,0
4271,19.37395349941359,0
4272,21.257098072946963,0
4273,21.502279728536454,0
4274,19.873863471808278,0
4275,21.8839205498941,0
4276,22.584170115328035,0
4277,23.741760295701436,0
4278,23.289074381316922,0
4279,23.29736609622181,0
4280,23.847107884611358,0
4281,22.815549558604438,0
4282,24.77747511057137,0
4283,24.33319756939326,0
4284,25.438333870964318,0
4285,23.901972891870507,0
4286,24.363816412786466,0
4287,23.61015854946948,0
4288,23.232605942759673,0
4289,24.634080111612747,0
4290,23.037322682703948,0
4291,23.453962336796298,0
4292,21.345976130158515,0
4293,21.97492959368935,0
4294,19.56876369174454,0
4295,20.137294587701142,0
4296,19.4595025473956,0
4297,19.89131643003254,0
4298,18.846475570169027,0
4299,17.87156121697319,0
4300,18.29681061414641,0
4301,17.106176496220193,0
4302,16.9603834147975,0
4303,16.75726487850788,0
4304,15.560978180610403,0
4305,15.044301956411509,0
4306,15.45396412200591,0
4307,14.582561419778449,0
4308,15.343382870884634,0
4309,16.10552319944141,0
4310,15.979488885291152,0
4311,14.954812606933888,0
4312,14.341423575259105,0
4313,15.93228725373714,0
4314,16.293576079856983,0
4315,18.014966807885713,0
4316,17.071960402485107,0
4317,17.8318478038484,0
4318,19.393903003037178,0
4319,18.82435643039447,0
4320,19.794454711982155,0
4321,22.317044114273866,0
4322,22.734561258967553,0
4323,22.495090740324365,0
4324,22.721090331036514,0
4325,22.029582844855526,0
4326,24.045823015465253,0
4327,23.977567767360703,0
4328,24.503254167208915,0
4329,24.054738823944728,0
4330,24.770451028865246,0
4331,24.72611503467053,0
4332,25.267666545996203,0
4333,26.33514900399552,0
4334,25.14322228971681,0
4335,22.91726857899741,0
4336,23.31438145129705,0
4337,22.338607697197073,0
4338,22.696255227439245,0
4339,23.55412865728426,0
4340,22.85250816784652,0
4341,21.267899498816714,0
4342,21.512333541572247,0
4343,19.84944277098273,0
4344,18.534500453122785,0
4345,17.89615292961681,0
4346,17.800659646536765,0
4347,19.456198746682627,0
4348,16.113677484756565,0
4349,18.148576717211775,0
4350,17.741011524111656,0
4351,15.802761281624456,0
4352,15.571922780250453,0
4353,14.719582979586509,0
4354,15.09628179172951,0
4355,15.65002026441084,0
4356,14.959124209962317,0
4357,15.987639730347595,0
4358,16.304104213067898,0
4359,15.67276818452846,0
4360,15.94558098274668,0
4361,15.920909575997154,0
4362,16.758971941291215,0
4363,15.79288499948773,0
4364,17.853313210049226,0
4365,18.239967103338515,0
4366,17.793830947365667,0
4367,21.44334943003765,0
4368,18.97830965579481,0
4369,19.733648078750903,0
4370,21.519951208786704,0
4371,19.927954934622793,0
4372,21.65790067021636,0
4373,21.469888385877447,0
4374,22.51848415497485,0
4375,23.78166703642975,0
4376,24.596077630948265,0
4377,25.668091725990138,0
4378,25.581062385788982,0
4379,26.086305329607885,0
4380,25.533938345524763,0
4381,24.43625624736186,0
4382,25.88924107990805,0
4383,24.078356154943137,0
4384,23.663177462874756,0
4385,25.439404709010212,0
4386,24.268158056528215,0
4387,23.208565325200166,0
4388,23.196646706220385,0
4389,22.736366520603035,0
4390,19.87882612079037,0
4391,20.504199261992746,0
4392,18.767697169471464,0
4393,19.414516832302816,0
4394,17.980841850588593,0
4395,19.388468092855483,0
4396,17.962868278695524,0
4397,16.090206875763293,0
4398,16.390796966047215,0
4399,14.767867479693336,0
4400,15.65505931972092,0
4401,15.871729062649159,0
4402,15.377777455802837,0
4403,13.059335392704504,0
4404,14.609262414611067,0
4405,15.495162828676348,0
4406,15.420025855174734,0
4407,16.48265356447231,0
4408,14.329263202171791,0
4409,16.500125983070713,0
4410,15.757567031805843,0
4411,17.094547181363012,0
4412,17.848642540106024,0
4413,18.71623298831109,0
4414,18.072467730251738,0
4415,19.475221992301364,0
4416,18.775389525499346,0
4417,19.185649265101574,0
4418,21.791946110901023,0
4419,21.801815318629732,0
4420,20.82459860447187,0
4421,22.136688924462508,0
4422,23.49697502036116,0
4423,25.46358324719788,0
4424,25.316797832333524,0
4425,25.35942067432195,0
4426,22.987165790835185,0
4427,24.80202591617986,0
4428,25.41887385814677,0
4429,25.292780699179676,0
4430,25.18730437806116,0
4431,24.32809746862285,0
4432,26.029058174174818,0
4433,25.384276364672065,0
4434,23.383501054215394,0
4435,22.006090807509246,0
4436,24.494611144188198,0
4437,21.302646086262207,0
4438,22.43204834977367,0
4439,22.502857809558964,0
4440,18.998487063421607,0
4441,19.579378716611465,0
4442,18.299957729707383,0
4443,18.54284803483605,0
4444,17.7618323994804,0
4445,18.842750035403604,0
4446,16.995985063515196,0
4447,15.966014373573039,0
4448,16.736972531958184,0
4449,15.050209930828494,0
4450,14.746627004157826,0
4451,17.222283348715585,0
4452,14.120618317158675,0
4453,14.495382136394085,0
4454,15.155757030972246,0
4455,14.265283275294477,0
4456,13.502450847409825,0
4457,17.030079310894113,0
4458,15.621196905081852,0
4459,16.35640504921639,0
4460,17.06898131886821,0
4461,17.046441829171854,0
4462,17.57320745651731,0
4463,19.44938779120552,0
4464,22.338824966980468,0
4465,21.33020624183817,0
4466,21.98213827170059,0
4467,20.349231929524564,0
4468,22.417037138437767,0
4469,21.801691286216965,0
4470,24.24882668954582,0
4471,23.679866070012473,0
4472,24.3094340795843,0
4473,24.471996217436022,0
4474,24.18720065570567,0
4475,23.37695323489198,0
4476,25.52068998505859,0
4477,23.5153219877929,0
4478,23.590012846626948,0
4479,24.262815562751864,0
4480,23.56507990043746,0
4481,24.16950015013483,0
4482,24.4870102897482,0
4483,23.23368794959201,0
4484,22.63811676891652,0
4485,21.877745785591404,0
4486,22.093137542462905,0
4487,18.747806702365615,0
4488,20.30814296638617,0
4489,18.355544815150836,0
4490,17.413993209563152,0
4491,18.032414529803898,0
4492,17.05370210587623,0
4493,17.48046316845151,0
4494,17.506216571352276,0
4495,13.648575910061819,0
4496,15.538535480803157,0
4497,17.27995038905957,0
4498,15.978952726260813,0
4499,16.430165354621003,0
4500,15.04279482471349,0
4501,13.548491680781847,0
4502,13.986430381563283,0
4503,16.033331631042735,0
4504,16.569772824681515,0
4505,15.242748014297533,0
4506,16.13721361797286,0
4507,17.15878399483937,0
4508,15.690899256383492,0
4509,17.677641888670493,0
4510,20.265179652787744,0
4511,21.474066883154823,0
4512,19.832867040078078,0
4513,22.425311110200433,0
4514,20.710205608366767,0
4515,21.0443070746829,0
4516,20.20294111478734,0
4517,23.94194809608771,0
4518,23.102688844777383,0
4519,26.247826115157846,0
4520,24.603052961490707,0
4521,24.74938269310622,0
4522,22.9650039547994,0
4523,26.39902199745445,0
4524,24.578932237167727,0
4525,24.738033047195543,0
4526,22.565138831105024,0
4527,25.48777943887033,0
4528,25.261055620700315,0
4529,23.303193794913142,0
4530,23.570934552652588,0
4531,23.378976885890854,0
4532,23.40572795286224,0
4533,21.960842731258523,0
4534,22.95988491654187,0
4535,20.353363730409576,0
4536,19.336931820176883,0
4537,18.824006218775644,0
4538,16.11171317609437,0
4539,17.223326235965068,0
4540,18.450752561793205,0
4541,17.16502146879416,0
4542,15.589920876749558,0
4543,16.327425250052727,0
4544,13.595888403041963,0
4545,15.04059769298216,0
4546,15.640297288715075,0
4547,15.685882366081287,0
4548,14.170603419324452,0
4549,15.900993807546733,0
4550,16.985516728495202,0
4551,14.899383709158776,0
4552,16.356582730461767,0
4553,14.421518692557973,0
4554,14.448333284999514,0
4555,17.514989662307688,0
4556,17.48946692481026,0
4557,18.23303664650012,0
4558,18.069618243252947,0
4559,19.000572343753966,0
4560,20.758107213240837,0
4561,22.318331746723395,0
4562,21.0250064761891,0
4563,20.21018578498341,0
4564,23.722485679637206,0
4565,23.594558161873096,0
4566,24.165784964205756,0
4567,24.097197345161238,0
4568,26.60234925382164,0
4569,24.643487195103948,0
4570,25.292586111227667,0
4571,23.051957967718206,0
4572,24.369374974303636,0
4573,24.21880211190032,0
4574,24.748466386070717,0
4575,24.91643615743745,0
4576,23.529082147330893,0
4577,25.64728913846961,0
4578,22.41846204229275,0
4579,22.541873353355605,0
4580,22.687199828848495,0
4581,20.61062606624363,0
4582,21.813796122034873,0
4583,21.23458587645049,0
4584,19.65617345692392,0
4585,21.206253462830208,0
4586,18.736501556458137,0
4587,18.316635473257815,0
4588,16.488011327374544,0
4589,15.229587759827856,0
4590,15.781816730155601,0
4591,15.660304978080784,0
4592,15.162976838736402,0
4593,16.09861524338079,0
4594,12.73129131795556,0
4595,13.856931855283529,0
4596,13.121394090478455,0
4597,16.33413787617192,0
4598,14.553820331213997,0
4599,14.81431460767313,0
4600,14.516331714537491,0
4601,16.88224092167387,0
4602,16.001460140327126,0
4603,17.127418196785037,0
4604,15.413258422442578,0
4605,19.207930980721358,0
4606,19.05040120046373,0
4607,19.84919011610276,0
4608,21.18706124680546,0
4609,20.4090267916106,0
4610,21.076679421598257,0
4611,22.582052472497192,0
4612,22.877246310628983,0
4613,22.74887718484841,0
4614,23.529955626472773,0
4615,23.412294540411644,0
4616,24.996440358336564,0
4617,25.505023094843583,0
4618,24.785609038279954,0
4619,26.789553812527494,0
4620,23.410547249176705,0
4621,24.6746561992591,0
4622,26.494784104349364,0
4623,24.148476160693352,0
4624,22.67857896379673,0
4625,25.3162506222958,0
4626,24.033742162852093,0
4627,21.798955566472156,0
4628,23.228237679652576,0
4629,20.840397207129264,0
4630,19.902891589011162,0
4631,20.45216389755602,0
4632,19.470199386344706,0
4633,18.199291520454736,0
4634,18.291660817208903,0
4635,17.032036545811582,0
4636,17.51238476825873,0
4637,16.885408577472575,0
4638,17.16366480466881,0
4639,15.529853816840772,0
4640,14.28744398318009,0
4641,14.010522142374432,0
4642,14.876450809313686,0
4643,16.53522180817604,0
4644,15.803285930701895,0
4645,14.352600812138796,0
4646,16.067471134338128,0
4647,14.170554949828308,0
4648,16.638519004500772,0
4649,15.602115192041865,0
4650,17.187941830167386,0
4651,17.533244219213774,0
4652,17.174925351435025,0
4653,18.36810821503654,0
4654,17.589014817962752,0
4655,19.226383174300793,0
4656,21.039175197126873,0
4657,24.714237271751806,0
4658,21.95227271595504,0
4659,21.954902680397787,0
4660,21.43792380094785,0
4661,24.05932474423706,0
4662,21.827940739806472,0
4663,23.115313381664702,0
4664,24.642821940255075,0
4665,23.364141072410415,0
4666,26.327943312429436,0
4667,26.007031863026373,0
4668,24.383787716823637,0
4669,24.35400766276266,0
4670,23.4606439285586,0
4671,23.168381705390832,0
4672,24.727856444383377,0
4673,24.546054433315025,0
4674,23.841818761869053,0
4675,23.264234988792104,0
4676,21.89181842319245,0
4677,22.228697634613994,0
4678,19.771310956444534,0
4679,20.614754216907407,0
4680,21.432603237379876,0
4681,20.628549244726486,0
4682,18.19493472849547,0
4683,17.70523180514319,0
4684,18.836496058057556,0
4685,18.70388108126178,0
4686,14.916838405119506,0
4687,15.559271765192365,0
4688,15.85895620600701,0
4689,16.55757887874258,0
4690,14.283489802743293,0
4691,15.641634569528394,0
4692,14.652766559468354,0
4693,17.381529967529836,0
4694,15.556362111145502,0
4695,15.199811334325334,0
4696,15.288035291097028,0
4697,17.047552313873236,0
4698,17.10086829414194,0
4699,15.82375971923506,0
4700,17.67259876670059,0
4701,16.697157136808915,0
4702,17.90175715213345,0
4703,18.00239463718698,0
4704,18.623708835748157,0
4705,19.917962923425844,0
4706,20.264974592634292,0
4707,22.39838777819826,0
4708,23.254992457132367,0
4709,22.758924759431824,0
4710,22.36682922740809,0
4711,24.729355128669916,0
4712,22.2528110098719,0
4713,22.63520945459374,0
4714,25.515169221450467,0
4715,25.571203929125137,0
4716,25.93368931958778,0
4717,24.695731602419734,0
4718,23.518190793418086,0
4719,24.06311858164529,0
4720,24.854638061963207,0
4721,23.152206139366967,0
4722,22.78561868365404,0
4723,21.59848676431007,0
4724,21.28653701099099,0
4725,22.715341255925143,0
4726,21.705720162671067,0
4727,19.44143637111055,0
4728,18.870421233212546,0
4729,18.73807412467246,0
4730,19.21154842691876,0
4731,16.868387647483917,0
4732,17.285924109885617,0
4733,14.757390529231847,0
4734,15.157198412662197,0
4735,16.41106408492425,0
4736,16.526906773811987,0
4737,14.174634711320104,0
4738,14.348893363326368,0
4739,15.7994412203119,0
4740,14.563545574969012,0
4741,14.454519301600444,0
4742,15.647041351895394,0
4743,15.53297939852742,0
4744,16.74209031671994,0
4745,16.7864531248218,0
4746,15.841986577920316,0
4747,16.792727461607374,0
4748,17.39578272692095,0
4749,16.680938190454288,0
4750,17.684629077124672,0
4751,20.279519681346272,0
4752,18.362739444239946,0
4753,21.607935746344417,0
4754,21.537305515255337,0
4755,21.730732269308806,0
4756,22.997275748399552,0
4757,23.478975810881863,0
4758,24.706284946622016,0
4759,23.52207678939662,0
4760,24.058133087050887,0
4761,24.32997151890463,0
4762,26.676516951889965,0
4763,25.863987985718715,0
4764,24.03028752316786,0
4765,24.580541020370458,0
4766,24.079552566811365,0
4767,24.59140894638742,0
4768,24.503400252495375,0
4769,26.226593621331006,0
4770,21.662767622073346,0
4771,24.034888063304937,0
4772,22.897335618953075,0
4773,21.168462097050437,0
4774,21.103698228718443,0
4775,20.115253111599944,0
4776,20.010498347569087,0
4777,20.31790187536559,0
4778,17.14337126202355,0
4779,19.364896269250444,0
4780,17.086355786548513,0
4781,18.424859864836606,0
4782,16.83942424875578,0
4783,17.232293924851618,0
4784,16.199825358575772,0
4785,16.43184844952335,0
4786,15.189822243715941,0
4787,14.172062849688341,0
4788,15.6377446421243,0
4789,15.719450782175329,0
4790,17.23915350795821,0
4791,13.335525192235846,0
4792,15.436509414134534,0
4793,17.062563601363617,0
4794,15.172964593611686,0
4795,16.69335043058269,0
4796,19.588517774612626,0
4797,19.472656307069077,0
4798,17.790300639527107,0
4799,20.743630440776037,0
4800,21.153752639108877,0
4801,21.39888990743259,0
4802,21.64349762694952,0
4803,22.119969130273763,0
4804,21.596363317478534,0
4805,22.494515537720183,0
4806,24.238519113667028,0
4807,24.076764364968966,0
4808,26.1524254602818,0
4809,24.2544729401192,0
4810,22.39421985831294,0
4811,24.59232371670127,0
4812,25.248152168344006,0
4813,25.31080348919482,0
4814,24.868112938371553,0
4815,23.766366815557486,0
4816,25.798498436017088,0
4817,23.272941630200588,0
4818,24.219251406516797,0
4819,22.728035646050376,0
4820,21.273022025543963,0
4821,23.30139259010869,0
4822,18.75398527729215,0
4823,19.773088693018835,0
4824,20.406574232877524,0
4825,18.964115647430468,0
4826,19.431355877639522,0
4827,17.961201831667974,0
4828,17.021448708022337,0
4829,19.09461335803777,0
4830,16.220019425361507,0
4831,15.851164426853417,0
4832,14.56252016445347,0
4833,14.608914161149459,0
4834,15.797252982576019,0
4835,15.584367480292942,0
4836,14.979604926000897,0
4837,14.32024096269311,0
4838,15.835594157817429,0
4839,13.655098066986444,0
4840,15.307476029825386,0
4841,15.760566014479595,0
4842,15.59832013708902,0
4843,17.08989079514475,0
4844,16.813300370388475,0
4845,17.26477218360593,0
4846,20.491350397715358,0
4847,20.071993174193622,0
4848,21.183785598207134,0
4849,20.688484881758523,0
4850,22.244104254210622,0
4851,22.68037747769255,0
4852,23.69994719392004,0
4853,25.399706770400613,0
4854,23.296466520796507,0
4855,24.214153980335983,0
4856,24.267451979026173,0
4857,21.09266631341417,0
4858,23.42264138224334,0
4859,24.966468226843396,0
4860,25.62460249575988,0
4861,24.372839199244726,0
4862,25.957309442465384,0
4863,25.896033429818775,0
4864,23.910007724326604,0
4865,25.3846026142126,0
4866,25.28151220555939,0
4867,23.50280007810873,0
4868,21.513582320124907,0
4869,23.377514405800763,0
4870,21.126416551633362,0
4871,20.271595591414616,0
4872,20.11346388589693,0
4873,18.807167052008673,0
4874,19.776335292602873,0
4875,18.86230686249804,0
4876,18.717915814604016,0
4877,17.53655148656408,0
4878,15.669800356385817,0
4879,15.87360052005234,0
4880,16.545252647565782,0
4881,14.973660744489116,0
4882,18.090343849247937,0
4883,14.80047346518398,0
4884,14.41361064022816,0
4885,16.191678434773856,0
4886,15.91810861026358,0
4887,15.352676618836018,0
4888,15.439628781179545,0
4889,16.459736405778806,0
4890,17.29999894707204,0
4891,17.718906840653254,0
4892,17.198337625508024,0
4893,18.51849605662262,0
4894,19.549856599499304,0
4895,20.112339242283554,0
4896,16.91366357900477,0
4897,19.762367462687777,0
4898,20.51822976711639,0
4899,21.683091828106445,0
4900,22.679086448492946,0
4901,23.96524154203943,0
4902,24.153219177745363,0
4903,23.839814047602456,0
4904,24.35326932260704,0
4905,26.378517613045716,0
4906,24.216865267442735,0
4907,25.26171350258285,0
4908,26.565499136574807,0
4909,25.3031485076628,0
4910,22.786113335248682,0
4911,24.99432529870265,0
4912,23.942771784786352,0
4913,23.853665507696373,0
4914,24.58654749898407,0
4915,23.513341373593263,0
4916,22.23595849482344,0
4917,22.80542668088088,0
4918,21.729373455192242,0
4919,20.757771950377336,0
4920,20.301007966734304,0
4921,19.600483796678436,0
4922,18.36638060358288,0
4923,17.627482801997036,0
4924,17.525161381117243,0
4925,16.001948612561243,0
4926,15.205582473300812,0
4927,17.33414427250722,0
4928,15.430180369755758,0
4929,15.356600125283757,0
4930,15.035326847806079,0
4931,15.066181401854646,0
4932,15.022710950466651,0
4933,15.107900606510333,0
4934,14.365425098788961,0
4935,16.31262550884512,0
4936,14.977778229468813,0
4937,17.068138480831653,0
4938,14.545651662510576,0
4939,15.894667810136102,0
4940,18.492123796996598,0
4941,17.938432826579383,0
4942,18.034883791552463,0
4943,19.722542666622743,0
4944,18.95447437524074,0
4945,20.729502961962623,0
4946,19.078942224032485,0
4947,21.461056204651072,0
4948,21.85015490926656,0
4949,23.5834232475259,0
4950,24.411305199928524,0
4951,23.112219043659792,0
4952,25.939038255088118,0
4953,24.027364371953638,0
4954,22.773705388212075,0
4955,22.57751576432491,0
4956,26.538960866360366,0
4957,24.869687723510527,0
4958,24.182300696253527,0
4959,23.87149944410979,0
4960,23.2379105394974,0
4961,25.31900047283218,0
4962,23.451650856933043,0
4963,24.834015295256258,0
4964,22.300997316064752,0
4965,19.563124661652925,0
4966,22.13852916700745,0
4967,20.28443546826024,0
4968,19.76292232042973,0
4969,20.914642407257073,0
4970,18.44251682252618,0
4971,19.24857607698306,0
4972,17.495008320189026,0
4973,16.204211597930648,0
4974,16.971780869382307,0
4975,15.432550858768469,0
4976,16.8981679341631,0
4977,16.34048885097271,0
4978,15.233104774527925,0
4979,15.65267273573254,0
4980,15.564602217908162,0
4981,14.76715847700677,0
4982,16.065517306208864,0
4983,15.153310750959468,0
4984,16.286078653330755,0
4985,15.082887807108401,0
4986,16.566494425066956,0
4987,17.372285275089595,0
4988,16.711546431056373,0
4989,17.672255938020566,0
4990,18.174860283435496,0
4991,20.07801901040508,0
4992,19.283166816477138,0
4993,21.09436524277568,0
4994,22.82287026284672,0
4995,22.274552487094756,0
4996,20.893107377794855,0
4997,23.17481988339208,0
4998,24.58213370668164,0
4999,23.68670392325405,0
5000,25.44585902835735,0
5001,25.244280804980345,0
5002,25.257844319466212,0
5003,24.70333673419556,0
5004,24.49539214729993,0
5005,24.7092023595222,0
5006,24.90108562126653,0
5007,25.151307206615037,0
5008,24.759866315530683,0
5009,23.675432004156427,0
5010,23.610894908679825,0
5011,23.441928711638276,0
5012,20.885948954761705,0
5013,21.156384828441983,0
5014,20.506663009639958,0
5015,20.4605945271735,0
5016,19.736677838509056,0
5017,19.10206601127761,0
5018,17.846093525164417,0
5019,18.772590743375382,0
5020,17.79142539269365,0
5021,15.327341198882891,0
5022,16.491978604948542,0
5023,14.921376605151352,0
5024,17.386891600877153,0
5025,14.93993782331943,0
5026,14.791766955287489,0
5027,15.142077360559622,0
5028,14.81562229280972,0
5029,15.000264100446255,0
5030,16.733772932395276,0
5031,15.62290308183856,0
5032,16.52129128930811,0
5033,17.177089018578936,0
5034,15.5066064476004,0
5035,18.6623459903439,0
5036,18.2053302954968,0
5037,19.060990794117764,0
5038,17.859941114377747,0
5039,20.182268559274917,0
5040,20.431111851056006,0
5041,20.13332376364141,0
5042,23.594905698456888,0
5043,22.498294989195816,0
5044,22.278825312630698,0
5045,23.256146348716083,0
5046,24.46425218092258,0
5047,25.11563500440945,0
5048,24.93053624123851,0
5049,25.855521019720015,0
5050,26.318794236345575,0
5051,23.741605991503572,0
5052,24.533590504049037,0
5053,24.03706208997333,0
5054,24.94637406195618,0
5055,26.082237199112107,0
5056,25.002976736966822,0
5057,22.940869473927545,0
5058,23.261763125102814,0
5059,24.09228147368862,0
5060,21.98850391004003,0
5061,21.836711707588076,0
5062,21.618544219358302,0
5063,18.851131200355912,0
5064,20.799590528853585,0
5065,19.709684028538305,0
5066,19.294430526761623,0
5067,17.127923371434257,0
5068,16.752006767050172,0
5069,16.379359631113772,0
5070,16.735031044606096,0
5071,16.12358075335355,0
5072,15.817689483960004,0
5073,17.192319268871152,0
5074,16.495852611475183,0
5075,14.343754168244036,0
5076,14.366497646472995,0
5077,16.77850310756848,0
5078,14.873399388986146,0
5079,16.779441125200474,0
5080,17.288494916798754,0
5081,15.510884281667344,0
5082,16.21497954897834,0
5083,17.059024028212868,0
5084,16.656238625533458,0
5085,17.128719440259143,0
5086,18.324712009860946,0
5087,20.220066626792914,0
5088,19.572106985544337,0
5089,20.46630854338516,0
5090,20.8488546342504,0
5091,20.568579746196495,0
5092,24.004375809522223,0
5093,20.72157200420821,0
5094,22.90146067535466,0
5095,24.545492242790996,0
5096,22.954284267027372,0
5097,25.244142919296632,0
5098,26.10195654109242,0
5099,24.117474157616257,0
5100,25.228510950143644,0
5101,23.866570422003395,0
5102,25.356346438894285,0
5103,24.727405971884444,0
5104,24.56523711932017,0
5105,25.35246086863924,0
5106,24.026194460432148,0
5107,24.409226239909188,0
5108,23.153581896869756,0
5109,20.73319611711718,0
5110,21.574902386828093,0
5111,21.16151485985202,0
5112,18.573768979422162,0
5113,20.700255531555687,0
5114,18.79329718761257,0
5115,18.474017304868166,0
5116,16.622836676061745,0
5117,17.048105632025017,0
5118,16.78364349952554,0
5119,15.726292513279628,0
5120,15.76981557999921,0
5121,13.280288182821057,0
5122,16.551578139925365,0
5123,13.947743500366341,0
5124,12.836859121702672,0
5125,14.10142488936568,0
5126,14.354457287774348,0
5127,15.943195950817067,0
5128,14.774887567076448,0
5129,16.336223878489424,0
5130,15.523593552985064,0
5131,19.181781604936347,0
5132,18.06378027072425,0
5133,20.061170298450083,0
5134,17.70962057583316,0
5135,20.029212771462216,0
5136,19.06179534567384,0
5137,21.248951581978655,0
5138,21.989788913344913,0
5139,20.336410089934734,0
5140,21.38068405656111,0
5141,21.894457528832678,0
5142,22.04859801129224,0
5143,23.252187715531008,0
5144,23.386059250012522,0
5145,23.19006778109346,0
5146,24.942956842902532,0
5147,25.518050330009764,0
5148,23.700239150803316,0
5149,24.414837993427298,0
5150,24.851871145817174,0
5151,24.401592776327337,0
5152,23.643158809766174,0
5153,24.790464057372454,0
5154,24.395634727999514,0
5155,23.7363890461583,0
5156,22.30427470198949,0
5157,23.91221792854892,0
5158,23.046797671778105,0
5159,20.26265835322981,0
5160,19.89157479420744,0
5161,20.54730405286943,0
5162,17.917807958493572,0
5163,18.496303612942235,0
5164,17.557141030480636,0
5165,16.263713964212197,0
5166,16.243491213114257,0
5167,14.471997311342964,0
5168,15.137053241497338,0
5169,13.395280514641827,0
5170,17.46029377922616,0
5171,16.55812783434636,0
5172,16.23803480586707,0
5173,15.353913284013617,0
5174,16.177782195119285,0
5175,16.661360240419985,0
5176,16.694078275174135,0
5177,16.95953549335507,0
5178,15.559917411727534,0
5179,17.39212557636165,0
5180,16.97242568406177,0
5181,16.912687908601413,0
5182,17.570858671390354,0
5183,19.781180936499716,0
5184,21.058771109436016,0
5185,19.290278759259714,0
5186,23.044774324552087,0
5187,23.387540000050596,0
5188,22.12404344227874,0
5189,22.58505564509469,0
5190,23.46652976437195,0
5191,24.95182211246707,0
5192,23.950553872689046,0
5193,23.51622555115259,0
5194,25.17598295357804,0
5195,22.894467743034276,0
5196,25.14290037709157,0
5197,26.11802551866166,0
5198,25.1366628366466,0
5199,25.40091414293061,0
5200,24.824800011300216,0
5201,24.695402238866194,0
5202,23.681234894259326,0
5203,22.214678934558467,0
5204,22.275656568163523,0
5205,21.840155341221575,0
5206,22.55295654989832,0
5207,22.27877382650242,0
5208,20.420611910729463,0
5209,18.59461565197911,0
5210,17.97622267134619,0
5211,17.899078825702627,0
5212,18.888797496828968,0
5213,17.290766586193573,0
5214,16.409133000937512,0
5215,15.268220800853964,0
5216,16.552251991123455,0
5217,15.669973845094809,0
5218,15.119593076641069,0
5219,15.146199409655697,0
5220,16.686515990011646,0
5221,14.882398030206124,0
5222,16.85882967283764,0
5223,16.622887334197866,0
5224,15.722214237852038,0
5225,16.917107129081977,0
5226,16.34068710618893,0
5227,16.127816399871733,0
5228,17.232098100766354,0
5229,17.179346901887442,0
5230,19.21735349809567,0
5231,19.36209705595045,0
5232,20.567830135384167,0
5233,21.47931608984421,0
5234,18.173850421531046,0
5235,22.22491571467126,0
5236,20.698322737302174,0
5237,23.210438320162346,0
5238,22.658144659539257,0
5239,24.071004456390952,0
5240,25.695579746850527,0
5241,22.91159896922254,0
5242,25.020286058904695,0
5243,24.878798613098446,0
5244,23.107781991275285,0
5245,25.60520548560576,0
5246,24.863850753629112,0
5247,24.110659284204903,0
5248,23.608346601040992,0
5249,27.17931914905554,0
5250,23.141665549186925,0
5251,21.24348413144866,0
5252,21.569101622130635,0
5253,21.546803572708008,0
5254,20.909697908558627,0
5255,20.573777881714545,0
5256,18.953017315830035,0
5257,19.888909669482977,0
5258,18.22212938357495,0
5259,16.725857637323283,0
5260,16.68441378833556,0
5261,16.5715262165457,0
5262,17.313089922197808,0
5263,16.517757605475925,0
5264,15.331856579175806,0
5265,15.400299291534067,0
5266,15.385520108207606,0
5267,17.081501019973413,0
5268,14.382376126729335,0
5269,15.509844672120899,0
5270,15.896738794536489,0
5271,14.427547953531713,0
5272,15.859095575630331,0
5273,16.196666294799783,0
5274,15.99466309195956,0
5275,17.523775353367554,0
5276,18.528492561955918,0
5277,19.216810985050635,0
5278,18.514090518453667,0
5279,19.537246166508076,0
5280,22.35066052845148,0
5281,19.54899275422681,0
5282,21.515964785580454,0
5283,22.803391130545485,0
5284,22.650120905387954,0
5285,23.69977783958373,0
5286,23.708218295844578,0
5287,24.720423087477755,0
5288,25.61269011065217,0
5289,24.39798834245587,0
5290,25.027135803421547,0
5291,24.902001208168866,0
5292,24.596371959451805,0
5293,24.937591062451364,0
5294,23.69798300740802,0
5295,25.36391607315382,0
5296,26.032576724868573,0
5297,25.671278094437884,0
5298,24.811388018112805,0
5299,22.07968209553583,0
5300,24.019770754418566,0
5301,21.198006556038003,0
5302,21.24103569337058,0
5303,22.498801825569007,0
5304,18.928090651134433,0
5305,20.18867038369954,0
5306,18.98717455026172,0
5307,17.93449001439485,0
5308,16.623959048466464,0
5309,17.378696527998258,0
5310,16.000673977600073,0
5311,17.078489201855504,0
5312,16.89416254822314,0
5313,14.001295221648636,0
5314,14.665107911246787,0
5315,14.723696614040053,0
5316,13.818288172072778,0
5317,13.924871935094824,0
5318,15.259040081689955,0
5319,15.172546811700649,0
5320,14.018023855421143,0
5321,15.49510795681522,0
5322,16.98337096673202,0
5323,15.749943174217469,0
5324,16.576398492041925,0
5325,19.67425709835678,0
5326,20.023121038767687,0
5327,17.72633664523672,0
5328,18.649027657606936,0
5329,21.029883639696184,0
5330,20.10259552802375,0
5331,21.66063205532616,0
5332,22.048716422067926,0
5333,23.603963121785412,0
5334,21.00680258425023,0
5335,21.76426179725713,0
5336,23.103934919006917,0
5337,25.633275630939615,0
5338,24.67529730164251,0
5339,23.249004110637717,0
5340,25.492989401973293,0
5341,25.66490432266549,0
5342,24.583766548764387,0
5343,24.288845919323546,0
5344,24.76776408229186,0
5345,25.17623413744514,0
5346,23.687969748739608,0
5347,23.57690383254704,0
5348,22.451770265888587,0
5349,21.53213170135472,0
5350,20.378166785093107,0
5351,20.908934940940565,0
5352,19.69980397398726,0
5353,19.103733523887026,0
5354,19.635621906916537,0
5355,18.574584020213823,0
5356,18.37009882589552,0
5357,15.380543306031077,0
5358,17.02284752290644,0
5359,15.443365817572122,0
5360,14.861628989138518,0
5361,14.528452028802853,0
5362,16.3817668915318,0
5363,15.870639580966136,0
5364,14.2831001602127,0
5365,13.905202420732623,0
5366,15.184100565991969,0
5367,14.921030469146576,0
5368,17.3294350029033,0
5369,14.571952430547945,0
5370,14.634611917078717,0
5371,16.70043752657263,0
5372,17.51073747052289,0
5373,18.219200640038654,0
5374,19.459327554383734,0
5375,21.420704679515513,0
5376,19.657657300631246,0
5377,20.10826176299538,0
5378,19.534857337468495,0
5379,22.156822786236035,0
5380,23.353408485969098,0
5381,22.78336966552053,0
5382,24.716148940377987,0
5383,23.9970565978392,0
5384,25.844980139740414,0
5385,24.952531253089884,0
5386,23.772468472080078,0
5387,24.32040384895836,0
5388,23.466253823966504,0
5389,23.2201615180845,0
5390,25.0965440425251,0
5391,25.488995637052255,0
5392,26.284388852000653,0
5393,23.911592889857857,0
5394,23.298674740829657,0
5395,21.934770190155035,0
5396,23.487312541005284,0
5397,22.302593862938682,0
5398,20.69896452758158,0
5399,21.341161838715085,0
5400,20.561348890086855,0
5401,17.477417230109964,0
5402,19.44859866237955,0
5403,18.222692294213804,0
5404,17.108523638271258,0
5405,16.53911261009973,0
5406,18.212868396909325,0
5407,17.5691960161981,0
5408,17.495814910303597,0
5409,14.231936103577599,0
5410,14.515876094674887,0
5411,15.948260538327569,0
5412,13.791532469050109,0
5413,14.322572860587519,0
5414,13.36611371446138,0
5415,17.233694178238913,0
5416,16.732558234364042,0
5417,16.49174645592321,0
5418,16.683687547917998,0
5419,16.539061497182196,0
5420,17.102122451808384,0
5421,18.702269038060372,0
5422,17.99412655863824,0
5423,20.574764195194803,0
5424,19.507420904392013,0
5425,19.779146469093913,0
5426,22.592107271710834,0
5427,21.769438494821664,0
5428,23.054875026491334,0
5429,22.628869635442623,0
5430,21.285431246923576,0
5431,24.51396945500366,0
5432,22.983443643889643,0
5433,25.701627546022948,0
5434,23.278811188688717,0
5435,23.092356761618554,0
5436,25.307638965449243,0
5437,25.38249478596721,0
5438,24.936315810704084,0
5439,23.40581861122075,0
5440,25.218659018080007,0
5441,22.50207824435226,0
5442,23.071271047795,0
5443,22.255679416599385,0
5444,22.122324276415004,0
5445,22.766197503416596,0
5446,20.66001842832756,0
5447,21.217021498446307,0
5448,20.694146266265545,0
5449,17.63632939363407,0
5450,17.539324101619354,0
5451,17.70323057407902,0
5452,16.907878491597966,0
5453,17.263864380085106,0
5454,14.532805134759418,0
5455,16.753824463017356,0
5456,16.414446573405538,0
5457,15.212362745167747,0
5458,13.787312217369967,0
5459,15.048359210005273,0
5460,14.462509357403956,0
5461,15.609415314854262,0
5462,15.084950327891786,0
5463,16.108829257598753,0
5464,15.236550805369731,0
5465,17.475847802674416,0
5466,14.159705347987119,0
5467,15.940017458397662,0
5468,17.99081241581767,0
5469,16.575666907934483,0
5470,19.441836345668875,0
5471,18.130649395897713,0
5472,20.093197853011016,0
5473,19.737874823915647,0
5474,20.852889960842408,0
5475,22.08804097584481,0
5476,22.395265647973886,0
5477,22.662487281902056,0
5478,25.68864999150437,0
5479,23.975228472228295,0
5480,23.360166884281995,0
5481,25.546998695659923,0
5482,25.650290806274956,0
5483,26.180148463518023,0
5484,26.78725835509701,0
5485,24.01788804670282,0
5486,25.88915094116094,0
5487,25.758997076511896,0
5488,24.330491316119637,0
5489,24.21193031072634,0
5490,20.532751593624106,0
5491,22.469857654938014,0
5492,24.287963256051032,0
5493,20.126572274448158,0
5494,20.758401841073024,0
5495,20.94056694369123,0
5496,20.575563372292272,0
5497,20.978911379248697,0
5498,16.943081228493043,0
5499,18.129349207924104,0
5500,18.359671987776295,0
5501,15.642544186890003,0
5502,16.424776845752902,0
5503,17.91802934490503,0
5504,16.98637940982596,0
5505,15.920100648612879,0
5506,12.556290261596033,0
5507,14.912441290843997,0
5508,15.38642056579569,0
5509,14.734300946536457,0
5510,15.10493172537319,0
5511,18.464026019183546,0
5512,15.455404461793995,0
5513,15.063603201790674,0
5514,16.707333389015616,0
5515,16.64051945732977,0
5516,17.190251846701894,0
5517,17.999484355479527,0
5518,19.47994599425334,0
5519,19.58487463601122,0
5520,18.798556871458327,0
5521,20.51992612361076,0
5522,21.76854331781247,0
5523,21.4456917154379,0
5524,23.64894379928352,0
5525,23.820935306303703,0
5526,22.544765523727197,0
5527,24.286560679782017,0
5528,26.31390183994401,0
5529,26.179580450747483,0
5530,24.773357143627663,0
5531,25.854836039912943,0
5532,24.326136794102705,0
5533,23.50914702355561,0
5534,25.383948691761248,0
5535,24.865934932803913,0
5536,24.844277834023934,0
5537,23.942067530146087,0
5538,23.861505841631253,0
5539,22.530892534616747,0
5540,22.97325853109608,0
5541,22.746497798373866,0
5542,21.235685312469204,0
5543,21.4667767719233,0
5544,18.229057482377502,0
5545,18.56114550164734,0
5546,20.150418587666447,0
5547,19.848255921550887,0
5548,17.75059651506159,0
5549,16.852837985898226,0
5550,15.196501002899767,0
5551,16.39680926833507,0
5552,16.44831152182727,0
5553,13.898813260760658,0
5554,15.729269280940576,0
5555,15.53344233634481,0
5556,15.440864852220027,0
5557,13.915248946385242,0
5558,15.712214302825078,0
5559,13.882661341214986,0
5560,17.158468798036004,0
5561,16.168416760437214,0
5562,15.300814307259232,0
5563,18.301379061099468,0
5564,18.654010450932912,0
5565,17.43615138929623,0
5566,20.910008944021328,0
5567,18.343226473222032,0
5568,20.313419461196077,0
5569,21.83506860354387,0
5570,19.02342324887522,0
5571,22.914880146083345,0
5572,22.435281851427334,0
5573,23.02810737743852,0
5574,22.45867205842013,0
5575,24.29829084090017,0
5576,23.220342712066902,0
5577,23.650937325737683,0
5578,24.381891928047075,0
5579,23.729892960348025,0
5580,26.57273139765387,0
5581,23.628505912853814,0
5582,24.074858688677423,0
5583,24.303035449108275,0
5584,24.333697660973613,0
5585,24.75909809186225,0
5586,24.353836960577635,0
5587,22.74094839583777,0
5588,22.115921393133156,0
5589,21.94844828408526,0
5590,22.116128371625802,0
5591,21.350114307250163,0
5592,19.483633336365454,0
5593,17.2881666864943,0
5594,20.848957708417867,0
5595,19.038018466430202,0
5596,17.763314736577406,0
5597,17.29663534920066,0
5598,15.942873189113635,0
5599,15.032175422415087,0
5600,15.337392695539902,0
5601,15.158135765003491,0
5602,14.545122193674544,0
5603,13.585624270231971,0
5604,14.687425102303175,0
5605,15.619334528823114,0
5606,14.675477019415911,0
5607,15.402574843741768,0
5608,13.59914131574407,0
5609,15.825608407547858,0
5610,16.342507702350137,0
5611,15.730103573275718,0
5612,15.770465121980061,0
5613,18.498409982235824,0
5614,17.896252451893137,0
5615,19.835734279733973,0
5616,19.57979248760521,0
5617,21.27583838539769,0
5618,20.955299562106894,0
5619,20.406798441423838,0
5620,22.41353357993693,0
5621,22.715542866855053,0
5622,24.192905472805577,0
5623,23.51617632708012,0
5624,23.937056263194332,0
5625,25.47927606254919,0
5626,25.99593992532904,0
5627,25.716668332524186,0
5628,26.037790073386198,0
5629,25.411430642264104,0
5630,25.599983084802446,0
5631,25.49765255778172,0
5632,24.73388691020096,0
5633,24.02969953767998,0
5634,23.67768938242195,0
5635,25.448659762458863,0
5636,22.513678030026274,0
5637,21.67660899837714,0
5638,20.929835545211915,0
5639,20.619286324330204,0
5640,20.244208685322118,0
5641,18.21623826313811,0
5642,16.72533656108131,0
5643,18.381833070487613,0
5644,15.893946849456558,0
5645,17.21491155439569,0
5646,16.605086221353865,0
5647,17.186139998083895,0
5648,17.34006971154196,0
5649,15.748274398649633,0
5650,14.616426393582026,0
5651,13.867986511105752,0
5652,14.208233290997503,0
5653,15.08275311089504,0
5654,13.101014341697928,0
5655,15.455847576758158,0
5656,15.657816206835266,0
5657,16.677676835988315,0
5658,16.12984902252952,0
5659,17.05824075330054,0
5660,16.763868290835774,0
5661,17.62255290397757,0
5662,16.932670428299893,0
5663,19.471008871461628,0
5664,21.548741000825363,0
5665,20.815266353456746,0
5666,21.65993088860327,0
5667,20.931786739344684,0
5668,23.931294365645485,0
5669,22.276794490961386,0
5670,24.337307889897456,0
5671,24.074102008462546,0
5672,23.371015948086793,0
5673,25.646579154872512,0
5674,24.845008486820074,0
5675,25.135946335463164,0
5676,25.452140467655354,0
5677,24.93571747577851,0
5678,24.4509152750395,0
5679,25.085570594813692,0
5680,23.925369759861297,0
5681,24.032118179054567,0
5682,22.86784964256547,0
5683,21.553712086528108,0
5684,21.826826433339093,0
5685,21.41827532592573,0
5686,21.308902650670532,0
5687,21.837032260787986,0
5688,18.31052985261529,0
5689,19.475963490701115,0
5690,16.49397880474249,0
5691,17.040719463328546,0
5692,16.992933384968634,0
5693,14.703121152757218,0
5694,14.60674622866286,0
5695,16.187275914886357,0
5696,15.747632224584194,0
5697,15.266813703131218,0
5698,14.36664661682505,0
5699,17.19714602341871,0
5700,14.838753521928599,0
5701,14.180664827327481,0
5702,16.848769364705742,0
5703,15.994911910726634,0
5704,15.29893235620825,0
5705,17.225916375152178,0
5706,16.62113337958117,0
5707,17.59932991333732,0
5708,17.734804366192197,0
5709,17.058157494745647,0
5710,19.677109412365645,0
5711,19.507827176215777,0
5712,18.990607124625985,0
5713,19.88970904426939,0
5714,22.249443930151013,0
5715,21.544044322397408,0
5716,22.546429921383332,0
5717,23.69833530625663,0
5718,23.66386366765241,0
5719,22.44016034672483,0
5720,24.967535880694335,0
5721,25.557777827339507,0
5722,25.696272009710796,0
5723,26.574036402873187,0
5724,25.3642793204942,0
5725,25.734259398550158,0
5726,26.418927765124167,0
5727,24.32866979552381,0
5728,26.06650171926131,0
5729,25.701412985115706,0
5730,24.318623604850576,0
5731,24.883494760248876,0
5732,23.351939240146606,0
5733,21.032714184247535,0
5734,22.431484675052655,0
5735,20.979029450655528,0
5736,20.413479889693026,0
5737,19.501972393903337,0
5738,20.06550857671452,0
5739,18.638947622745512,0
5740,16.80419942806346,0
5741,17.44200679737512,0
5742,17.193734220763638,0
5743,15.307649023867196,0
5744,15.235605932189744,0
5745,14.9975430070727,0
5746,14.563036734563305,0
5747,15.391568173821131,0
5748,16.01774580671496,0
5749,16.935144734829795,0
5750,16.365057617242122,0
5751,16.402687618121703,0
5752,16.813072171092074,0
5753,17.368518158851135,0
5754,16.087755518472058,0
5755,17.649797151300994,0
5756,17.822235573400626,0
5757,17.95723595676506,0
5758,18.25095359496785,0
5759,18.842091143737576,0
5760,19.732009754560888,0
5761,19.417860483679704,0
5762,21.81580758492275,0
5763,21.89153225067244,0
5764,22.60602440218867,0
5765,23.382497334067274,0
5766,24.26045593968056,0
5767,23.375011134214656,0
5768,24.22385162532822,0
5769,23.010895086187382,0
5770,22.60977083549254,0
5771,23.016730898883647,0
5772,26.536820824240777,0
5773,23.130846240620524,0
5774,25.30182512941188,0
5775,26.09661768152617,0
5776,23.87235768317401,0
5777,25.59656532545011,0
5778,25.382809754997144,0
5779,23.98914561755765,0
5780,24.872605102031123,0
5781,22.536149922016843,0
5782,20.56561950297797,0
5783,21.176735027950322,0
5784,19.559283506368754,0
5785,18.04746031582207,0
5786,17.43356096461556,0
5787,20.402702105167872,0
5788,16.963851322949218,0
5789,16.93786210264065,0
5790,15.807490532679038,0
5791,16.178411942127322,0
5792,15.439554167152021,0
5793,14.979454303409725,0
5794,13.968617770696168,0
5795,13.640188559607854,0
5796,14.267004843366493,0
5797,15.347128842903883,0
5798,17.259101213511112,0
5799,16.4467565437087,0
5800,17.5066096768164,0
5801,16.53261106829577,0
5802,16.392117361568193,0
5803,15.646503105573688,0
5804,17.51813116301443,0
5805,15.958361946925491,0
5806,18.42240993281718,0
5807,20.99274724721491,0
5808,20.346729564961308,0
5809,21.799399061635295,0
5810,20.93095585841789,0
5811,20.55664997109251,0
5812,22.04089428058003,0
5813,22.667552116080277,0
5814,24.761979204683758,0
5815,25.96349877811052,0
5816,23.61138466178119,0
5817,24.28250707006075,0
5818,24.70671266479862,0
5819,24.631336092270114,0
5820,23.779448226591747,0
5821,25.073962210394768,0
5822,25.21584291120831,0
5823,25.029726536676904,0
5824,23.148503042646173,0
5825,23.878089204044382,0
5826,21.821108439961723,0
5827,23.983052771643177,0
5828,21.506424379648987,0
5829,21.66537733982969,0
5830,20.87186978682898,0
5831,20.096463326166134,0
5832,18.968527792760142,0
5833,17.607685097421747,0
5834,20.467067159117757,0
5835,18.37085892572381,0
5836,17.794451619872873,0
5837,19.084379212231653,0
5838,16.393367832310805,0
5839,16.61557458975395,0
5840,15.720818326748773,0
5841,16.59810127476413,0
5842,15.702657436574922,0
5843,15.387927155897696,0
5844,14.77564345538193,0
5845,15.353635898527122,0
5846,16.36547987544231,0
5847,13.335313956786546,0
5848,15.57249500797401,0
5849,15.647234459816536,0
5850,16.196158372919736,0
5851,15.012355747944682,0
5852,18.263553160326573,0
5853,17.273412728868486,0
5854,18.511370675827482,0
5855,18.87602850406686,0
5856,18.362561919118647,0
5857,20.23905171752963,0
5858,19.484894261305637,0
5859,21.00354260810474,0
5860,22.21755640170564,0
5861,23.07199169484301,0
5862,23.623716692881764,0
5863,23.862054992402594,0
5864,26.500805028355725,0
5865,25.087802686551658,0
5866,23.640995209118877,0
5867,24.378082119675344,0
5868,24.375685436249384,0
5869,24.812949915869616,0
5870,24.259381912914375,0
5871,23.797173257371835,0
5872,26.012415777136233,0
5873,24.043989029260594,0
5874,23.231661376506366,0
5875,22.82484600739877,0
5876,22.316528559018185,0
5877,23.339669030770846,0
5878,21.80601325377423,0
5879,21.809458613734403,0
5880,16.91565289991541,0
5881,19.707560900889753,0
5882,19.79930300331931,0
5883,20.094355699736102,0
5884,17.5639321397156,0
5885,15.273983350855902,0
5886,17.088192124306943,0
5887,15.469016526809051,0
5888,13.912973110519115,0
5889,14.796921920490497,0
5890,16.261637177154554,0
5891,16.280012769940573,0
5892,15.757060350934806,0
5893,14.030389739371842,0
5894,17.723253810499884,0
5895,14.247299186302659,0
5896,15.62847459563164,0
5897,14.624867027422745,0
5898,17.81846287314226,0
5899,17.4392108163911,0
5900,18.425518472856318,0
5901,18.214520348393243,0
5902,18.675621463087268,0
5903,19.560015378905952,0
5904,18.150159263479654,0
5905,21.68549898385807,0
5906,22.24653958607848,0
5907,21.56034193537099,0
5908,22.527132827140925,0
5909,23.38342072948926,0
5910,25.145948961277476,0
5911,24.439271808471762,0
5912,24.413569865251574,0
5913,24.151604347500708,0
5914,23.36777724063472,0
5915,24.402927989087615,0
5916,25.113738289643102,0
5917,24.747720585280838,0
5918,24.948269149545172,0
5919,25.40820872834964,0
5920,24.809299397967994,0
5921,24.286176874744253,0
5922,24.236261969082427,0
5923,23.274915052980084,0
5924,22.514171407850085,0
5925,22.428464405453653,0
5926,19.61194762436582,0
5927,21.951287924670932,0
5928,18.756997259340746,0
5929,20.230878821106973,0
5930,18.765671864438872,0
5931,19.241874666007746,0
5932,17.582846454521768,0
5933,16.059906280992756,0
5934,17.586179950384494,0
5935,16.266512769832534,0
5936,15.837386321571786,0
5937,15.51103244917517,0
5938,16.221277634169734,0
5939,15.910457162106239,0
5940,15.280510271814505,0
5941,13.542517829030036,0
5942,14.817244865653999,0
5943,15.5375698825872,0
5944,17.516442151857152,0
5945,16.46966158777681,0
5946,16.424711021400785,0
5947,18.204752775851432,0
5948,17.441457699335214,0
5949,18.1116758146006,0
5950,18.91632778548303,0
5951,17.903031706086423,0
5952,21.01122203790366,0
5953,21.132328960778235,0
5954,21.065616010924487,0
5955,20.825507347511085,0
5956,22.76810115529099,0
5957,24.498478587110128,0
5958,22.94913232876185,0
5959,22.96011291902884,0
5960,24.805369690716063,0
5961,23.078187499982683,0
5962,22.663979603527743,0
5963,24.568354574188163,0
5964,24.36582865322746,0
5965,24.73637528754459,0
5966,24.334568715120046,0
5967,25.00825917231015,0
5968,24.165857204867866,0
5969,23.424678843392893,0
5970,23.134845445504677,0
5971,23.732508975273518,0
5972,23.515956947552485,0
5973,22.875192145551562,0
5974,22.049004114095506,0
5975,17.41252486488799,0
5976,19.056140425037974,0
5977,19.091012582741833,0
5978,18.970139744926097,0
5979,16.52772476035014,0
5980,18.981012555258193,0
5981,17.3185645049123,0
5982,15.902450568836132,0
5983,16.256071013918046,0
5984,15.382905006639128,0
5985,14.680459203481549,0
5986,15.736163673908058,0
5987,14.648928745895939,0
5988,13.648372139595683,0
5989,14.467899890092292,0
5990,15.116120281436007,0
5991,14.36134893136182,0
5992,16.991819425235104,0
5993,15.004855489013801,0
5994,18.282945953259777,0
5995,17.912084501647286,0
5996,16.620186778384536,0
5997,18.27872292066663,0
5998,19.95018802166834,0
5999,19.21893815073374,0
6000,18.870008313969095,0
6001,20.82775365480412,0
6002,23.34772612825417,0
6003,20.487211523607456,0
6004,23.118946776975395,0
6005,23.11834534787706,0
6006,23.482822958338858,0
6007,23.642498596872137,0
6008,24.076682061765812,0
6009,25.723518218737865,0
6010,25.493097029131707,0
6011,24.02693979524695,0
6012,26.62619646838745,0
6013,23.727824001951333,0
6014,25.560545994926954,0
6015,24.87167530771977,0
6016,25.597448461379617,0
6017,24.392006083332735,0
6018,24.66109255826086,0
6019,23.08924582412312,0
6020,23.542919093504054,0
6021,22.32828617300193,0
6022,23.513756915120926,0
6023,20.027821176442252,0
6024,21.265368273629928,0
6025,19.883327250966673,0
6026,18.954054554964518,0
6027,17.592040740141808,0
6028,18.01944965217429,0
6029,15.55482594816609,0
6030,15.16841328953369,0
6031,16.817914838947367,0
6032,14.187894783595391,0
6033,16.890709781138348,0
6034,14.969374185434747,0
6035,15.36612119572051,0
6036,15.149187729989292,0
6037,15.537260905460903,0
6038,14.965628092061026,0
6039,15.087651143143392,0
6040,15.618595353352061,0
6041,17.157449134872458,0
6042,17.672856358690147,0
6043,18.30531021389975,0
6044,17.940700595199093,0
6045,17.96149530220148,0
6046,17.101785181199542,0
6047,20.06602704539632,0
6048,20.91638487453954,0
6049,20.3253298041801,0
6050,22.177099866074425,0
6051,23.278427701248678,0
6052,22.670597040084353,0
6053,24.176818525508697,0
6054,23.919536649337203,0
6055,22.308251491109722,0
6056,23.933972014693076,0
6057,24.28584150415564,0
6058,25.435593394038868,0
6059,24.170451869449067,0
6060,24.637805411247385,0
6061,24.071549900456002,0
6062,24.86771429578382,0
6063,24.765846533191926,0
6064,25.38150714989917,0
6065,24.840610873264918,0
6066,23.776897742547174,0
6067,23.36184954873033,0
6068,22.685676407202838,0
6069,22.10295884066449,0
6070,22.917733802024408,0
6071,18.24340774774569,0
6072,19.9013684032133,0
6073,19.73712330410164,0
6074,19.912799565975195,0
6075,17.06933960407567,0
6076,17.923910436596167,0
6077,17.895184916774642,0
6078,16.096159086697448,0
6079,14.201510071600001,0
6080,15.387138519668513,0
6081,14.25689279245735,0
6082,15.898425947057381,0
6083,14.269022822046823,0
6084,16.857674649802107,0
6085,15.261391917449261,0
6086,14.442102729313543,0
6087,14.953131707944378,0
6088,14.654829272017436,0
6089,16.499900227466537,0
6090,18.032783115545246,0
6091,16.817819591294608,0
6092,18.5019855909552,0
6093,17.221353408195665,0
6094,19.09109991398052,0
6095,21.728394300672402,0
6096,18.671505389888328,0
6097,21.962055193724925,0
6098,22.544884383638255,0
6099,20.110522828795318,0
6100,21.142700581080128,0
6101,22.144722818458465,0
6102,24.581304387237378,0
6103,23.61487345985016,0
6104,24.239638904201293,0
6105,25.403693486631486,0
6106,25.024337218136875,0
6107,25.25967247699408,0
6108,24.755359932460724,0
6109,26.15789299063696,0
6110,24.12814578066399,0
6111,26.37076150301893,0
6112,24.068300819340838,0
6113,23.24503489909724,0
6114,24.25803367545,0
6115,23.570519045568343,0
6116,20.595258169295107,0
6117,22.21001898317258,0
6118,20.01929227912541,0
6119,19.898115730221594,0
6120,20.861473373596223,0
6121,18.559445452995014,0
6122,19.13537298817634,0
6123,17.78072777233652,0
6124,19.50654118820907,0
6125,16.933294442633358,0
6126,15.362198140722947,0
6127,15.00089162181396,0
6128,14.835955207690118,0
6129,15.579237893426711,0
6130,15.238071971941295,0
6131,16.082198617807066,0
6132,15.236813527222271,0
6133,15.240531616216431,0
6134,15.562891159598475,0
6135,15.319229532277983,0
6136,16.029865515629258,0
6137,16.88360560562279,0
6138,17.31467815673544,0
6139,16.477550074903906,0
6140,15.798205729028307,0
6141,17.34406894172515,0
6142,19.05296926727256,0
6143,16.923611950029194,0
6144,19.58876152323525,0
6145,21.165708329894933,0
6146,20.793686230540935,0
6147,20.85830437897387,0
6148,24.316422386773787,0
6149,24.490781054205325,0
6150,23.338912174984824,0
6151,25.35065935340249,0
6152,25.68953414748126,0
6153,23.549987138937894,0
6154,27.56996528827031,0
6155,24.07980671929785,0
6156,24.79603822901095,0
6157,23.92037574609339,0
6158,24.96542315062709,0
6159,23.36221714229104,0
6160,24.380154382748678,0
6161,25.1058758375974,0
6162,23.805209674355265,0
6163,22.835166618939034,0
6164,24.100863811230916,0
6165,21.071819739034684,0
6166,22.316586385594736,0
6167,20.404383852510016,0
6168,20.269238082771682,0
6169,19.43174156309946,0
6170,18.88633249372339,0
6171,18.085260208962953,0
6172,16.769342408964533,0
6173,16.438488734051838,0
6174,16.956057117552813,0
6175,15.9747621132031,0
6176,14.55578143762463,0
6177,14.723465298205161,0
6178,14.525090673945428,0
6179,15.034425735129583,0
6180,15.22421646958357,0
6181,15.178817986808118,0
6182,14.560949983169671,0
6183,15.441853267120445,0
6184,14.344157447670336,0
6185,13.191797821245009,0
6186,16.450829804838666,0
6187,15.343106798293453,0
6188,16.59294910327513,0
6189,16.919530894390984,0
6190,19.372197141741797,0
6191,18.174219924252363,0
6192,20.311080475252183,0
6193,20.19791092376902,0
6194,20.09082931234399,0
6195,20.37057040658427,0
6196,22.992079519602733,0
6197,23.459196622142738,0
6198,24.337572487859855,0
6199,25.825074864716925,0
6200,24.62798168162707,0
6201,24.925605386695505,0
6202,24.730145196133666,0
6203,25.085819892435335,0
6204,24.671773015256434,0
6205,24.084023050545518,0
6206,26.84335094092427,0
6207,22.77670383038611,0
6208,24.602123952265284,0
6209,24.426658215339547,0
6210,23.70214860708092,0
6211,22.09758430554731,0
6212,22.32283467766582,0
6213,21.46551401862448,0
6214,20.231849481317344,0
6215,20.6173091204281,0
6216,19.60232634103577,0
6217,18.80401100538454,0
6218,19.39654100560128,0
6219,17.033907624271297,0
6220,17.9455165999574,0
6221,16.34996309725455,0
6222,16.8948009108512,0
6223,16.105051121841225,0
6224,15.912221630738442,0
6225,14.402367568871663,0
6226,14.395783744585726,0
6227,14.18644728052485,0
6228,15.171962213578613,0
6229,15.786615011316398,0
6230,16.245268113663414,0
6231,14.87678394944514,0
6232,15.750410734629636,0
6233,14.412979819635623,0
6234,14.244505386305711,0
6235,16.085126469902523,0
6236,16.828250974599896,0
6237,16.5285331736507,0
6238,16.922339328321634,0
6239,19.870673469672475,0
6240,19.18819185917414,0
6241,18.964450536892354,0
6242,23.59899064055411,0
6243,22.07236441364,0
6244,22.169128514375213,0
6245,23.705186081644293,0
6246,22.76209890232452,0
6247,25.53397963111626,0
6248,22.777581110339202,0
6249,23.297606191322867,0
6250,24.673357201110516,0
6251,24.173902918108393,0
6252,26.3853369867104,0
6253,23.336752242377177,0
6254,24.07765888115947,0
6255,24.832701662819474,0
6256,24.865994362331367,0
6257,24.940102179576357,0
6258,23.851055616250168,0
6259,25.21314873909827,0
6260,21.998848875695447,0
6261,22.058989442965263,0
6262,22.11764307794975,0
6263,20.3065606343152,0
6264,19.67601854637103,0
6265,18.85196512988521,0
6266,18.030591748030876,0
6267,16.92705115190631,0
6268,16.911975468730407,0
6269,15.376410337935608,0
6270,16.80629098209253,0
6271,14.408801639976339,0
6272,17.68909991357753,0
6273,17.035526694718648,0
6274,16.23175194623381,0
6275,14.791645920481026,0
6276,14.373727052633566,0
6277,16.220733911951942,0
6278,15.308205988983369,0
6279,15.895028920759946,0
6280,14.908910573338684,0
6281,17.05137557190498,0
6282,15.622959985523442,0
6283,17.01742679521656,0
6284,15.730235389347875,0
6285,17.387571788845516,0
6286,19.158350679284677,0
6287,18.851443557156358,0
6288,19.507269184613495,0
6289,21.390413830819043,0
6290,21.17270671640141,0
6291,23.101592894644796,0
6292,20.043301008262894,0
6293,23.560248470901552,0
6294,23.990557436098058,0
6295,22.37840574216113,0
6296,22.986468102016502,0
6297,25.443252573643637,0
6298,23.715649139410687,0
6299,24.272005584861382,0
6300,25.54431320648429,0
6301,24.57482535624725,0
6302,25.252739320984634,0
6303,23.702830766440595,0
6304,24.573724452276203,0
6305,24.99229070184789,0
6306,23.806818604737533,0
6307,20.805758289823487,0
6308,23.095877073494396,0
6309,21.918479555164204,0
6310,20.339080231086964,0
6311,21.986794410235884,0
6312,18.21054911419704,0
6313,21.16054809404014,0
6314,18.02251980972225,0
6315,19.600631154191568,0
6316,17.402219958975476,0
6317,15.577876009757437,0
6318,16.50544142877026,0
6319,16.309890259207023,0
6320,16.155530136894292,0
6321,16.383193378589763,0
6322,14.223079861553959,0
6323,15.478992687759192,0
6324,15.679563306530612,0
6325,14.718054113293462,0
6326,14.183792642587912,0
6327,14.374197025036292,0
6328,16.361858090224242,0
6329,16.774464878810623,0
6330,15.584426995496381,0
6331,15.568483130767161,0
6332,18.678812239865998,0
6333,16.485108925914428,0
6334,18.80972962257974,0
6335,18.490315627016052,0
6336,18.197252350075736,0
6337,20.720954347179493,0
6338,21.04935770996493,0
6339,23.290911047601806,0
6340,24.70604377705343,0
6341,22.800977274407895,0
6342,24.500692120007475,0
6343,24.951291022640927,0
6344,23.753527232379206,0
6345,23.7008523674111,0
6346,26.376801462901156,0
6347,24.537854255662296,0
6348,24.918563455013654,0
6349,24.61160842545596,0
6350,24.641117533810778,0
6351,23.962289566671945,0
6352,25.019210196624762,0
6353,25.160690467366855,0
6354,23.108126213729992,0
6355,21.614225487220672,0
6356,22.494347309911475,0
6357,20.377046607422187,0
6358,20.601588697320654,0
6359,21.821305605503518,0
6360,22.253849293173122,0
6361,19.66554826649808,0
6362,17.589769265851217,0
6363,18.80679730772794,0
6364,15.208340861532609,0
6365,16.208831674747728,0
6366,17.924356501427084,0
6367,16.718666164579627,0
6368,14.240128328084422,0
6369,13.669336776365952,0
6370,15.965317908391418,0
6371,14.939349836643897,0
6372,14.353277876344409,0
6373,15.397076153046077,0
6374,14.542950464776727,0
6375,13.412256805108736,0
6376,16.418379943520712,0
6377,15.332328863118992,0
6378,15.410218852771784,0
6379,15.57319643615714,0
6380,17.692671904440704,0
6381,17.22964483341821,0
6382,19.271001384487437,0
6383,19.025308842343343,0
6384,21.019333954620688,0
6385,20.21216520148104,0
6386,20.587569048927442,0
6387,19.89777998803681,0
6388,21.350874488574814,0
6389,23.70454799100549,0
6390,26.519755714023916,0
6391,22.665519578679607,0
6392,23.241906587934068,0
6393,24.899876832677204,0
6394,25.248869423699887,0
6395,24.227966165643938,0
6396,25.022768187643607,0
6397,23.30217701556829,0
6398,24.47782458923967,0
6399,25.460216188971884,0
6400,25.900763853930194,0
6401,23.74478740975174,0
6402,23.22241732828148,0
6403,23.438889237677124,0
6404,23.546378966663664,0
6405,22.343186054039954,0
6406,20.49221606157593,0
6407,20.95257261215893,0
6408,20.908142598965874,0
6409,18.583539344617837,0
6410,17.322125039497777,0
6411,18.53872740312193,0
6412,17.80998650060987,0
6413,17.863596863755248,0
6414,16.498667787195654,0
6415,15.338278122985773,0
6416,15.18141491360418,0
6417,14.303645745388753,0
6418,14.175250387012138,0
6419,14.431415541004792,0
6420,14.466266486792115,0
6421,16.098658537242823,0
6422,13.897733651219436,0
6423,15.281018201180151,0
6424,15.03210269424183,0
6425,17.461970565068484,0
6426,16.674123375593467,0
6427,16.534002495418736,0
6428,18.259890694820097,0
6429,18.10274992677546,0
6430,18.18262245574112,0
6431,20.824527988943153,0
6432,20.657669116304746,0
6433,22.32367978308985,0
6434,22.39600681598338,0
6435,22.63607407622461,0
6436,22.583461216164544,0
6437,21.91762116356773,0
6438,24.193613625821296,0
6439,23.991922123756872,0
6440,24.955260341027504,0
6441,24.56505302770004,0
6442,24.097943338470973,0
6443,23.911306152658746,0
6444,25.65011493840665,0
6445,26.19669787641445,0
6446,24.498717318712384,0
6447,25.026690970957077,0
6448,25.66127199009949,0
6449,23.09326388535917,0
6450,23.153571885124126,0
6451,21.887768728150238,0
6452,23.628512555247227,0
6453,22.13109710029192,0
6454,20.79254117172912,0
6455,18.964811630893745,0
6456,19.779107020249057,0
6457,20.29675381922394,0
6458,18.370505134803103,0
6459,17.623625340506724,0
6460,18.09554942203894,0
6461,15.690530659531902,0
6462,16.475699633363686,0
6463,16.58704718895605,0
6464,14.85551471436213,0
6465,14.517042133076885,0
6466,15.376812803331603,0
6467,14.904523193931654,0
6468,14.726427559242131,0
6469,15.209456583786057,0
6470,15.352384965834077,0
6471,14.422792174998552,0
6472,14.969478809151619,0
6473,16.44062663566932,0
6474,17.539851446732555,0
6475,18.262747632520224,0
6476,16.6218653084518,0
6477,19.135540805266015,0
6478,19.421840825132275,0
6479,19.280792190352873,0
6480,20.4482640385071,0
6481,21.440018553707237,0
6482,23.03227053592582,0
6483,20.831266431194326,0
6484,23.061341321767127,0
6485,22.870604217387235,0
6486,23.295927174344538,0
6487,25.07030832859328,0
6488,25.107869968179994,0
6489,23.579107888534445,0
6490,24.51535187753839,0
6491,25.14962452662411,0
6492,23.56640971682254,0
6493,25.780748516778647,0
6494,24.722809936274945,0
6495,24.748053819451375,0
6496,24.630464218697156,0
6497,25.7251785596892,0
6498,23.539856777203873,0
6499,22.658210680342087,0
6500,24.19124818254013,0
6501,21.38524913529121,0
6502,20.7430453591126,0
6503,19.24792588289155,0
6504,21.039420822087777,0
6505,19.585963257850544,0
6506,19.14184925813606,0
6507,18.22053527986312,0
6508,17.335881409307326,0
6509,16.148907462998746,0
6510,15.66184451220464,0
6511,16.430976622476514,0
6512,15.762801074786752,0
6513,16.96576710111507,0
6514,14.389062811866346,0
6515,14.531687427319566,0
6516,13.96122685443756,0
6517,16.377730680022573,0
6518,13.921998293605958,0
6519,16.11549208913818,0
6520,17.064290090548386,0
6521,15.866322306493593,0
6522,17.153480234811585,0
6523,14.82399394597819,0
6524,17.089850099921332,0
6525,16.41868231018806,0
6526,18.848386727032615,0
6527,19.32889446033593,0
6528,19.212267650331135,0
6529,21.55970613992614,0
6530,21.618652203657774,0
6531,21.36915153879455,0
6532,21.966318525192595,0
6533,21.563648679501384,0
6534,23.32560362658425,0
6535,26.035638662153357,0
6536,23.601236603980805,0
6537,25.00927468212568,0
6538,24.261343668028655,0
6539,25.7257628873415,0
6540,25.409129840326653,0
6541,24.70100957420027,0
6542,23.041360203563315,0
6543,24.08593522579476,0
6544,25.490924825331184,0
6545,23.700289777625255,0
6546,24.132017745299525,0
6547,22.543737540180764,0
6548,20.63017566472745,0
6549,22.309815611593827,0
6550,21.58549134218277,0
6551,20.055984241176738,0
6552,19.60892906550011,0
6553,19.609176299382728,0
6554,18.095580384938973,0
6555,18.404035895516788,0
6556,17.274412245762377,0
6557,14.60177781697005,0
6558,16.29778541230342,0
6559,15.419098265636556,0
6560,14.818695419405884,0
6561,15.754546815864204,0
6562,14.663808930839794,0
6563,15.552675471261148,0
6564,16.05725979543185,0
6565,15.160956678669814,0
6566,13.617112132841998,0
6567,14.634551955780179,0
6568,16.54932900545969,0
6569,15.754943995149278,0
6570,15.644394651276837,0
6571,16.84475218996176,0
6572,17.975288963858443,0
6573,18.3206844040936,0
6574,19.322350763453787,0
6575,18.51047885888958,0
6576,19.707031488156083,0
6577,20.382225021724565,0
6578,21.25133934815633,0
6579,19.820985909169927,0
6580,22.245467327997687,0
6581,21.697036997225222,0
6582,24.888937373745545,0
6583,25.48451853671843,0
6584,25.97133471957165,0
6585,25.399837183041114,0
6586,24.329735937706854,0
6587,25.885947086202215,0
6588,24.782173810207233,0
6589,25.542400025165037,0
6590,23.918493268023425,0
6591,24.019895325028426,0
6592,24.771011391597586,0
6593,25.700293253569793,0
6594,23.492479952589086,0
6595,25.25349583877407,0
6596,25.206180166152844,0
6597,20.62820816824944,0
6598,21.2494107077134,0
6599,19.694020691964635,0
6600,19.845128388217752,0
6601,18.802072925820553,0
6602,18.622588866215644,0
6603,19.023224880594277,0
6604,18.411593427808445,0
6605,17.19659239879055,0
6606,16.450847752978152,0
6607,16.134191088214077,0
6608,15.779336510246717,0
6609,15.931925560073484,0
6610,15.159794337365497,0
6611,15.524234488769647,0
6612,13.689956611432114,0
6613,15.811464553136785,0
6614,16.882679309302013,0
6615,15.546917461228405,0
6616,14.25730307983492,0
6617,17.35411537462812,0
6618,16.124172105643307,0
6619,13.98609924777166,0
6620,17.269759080134932,0
6621,18.67121687516208,0
6622,19.07155144357723,0
6623,20.56031297785258,0
6624,20.600205178951033,0
6625,20.762159691400353,0
6626,19.326265132204274,0
6627,20.79802704810495,0
6628,22.664036712209622,0
6629,23.70035860645503,0
6630,22.50621232464285,0
6631,23.348259654433022,0
6632,24.78194507981355,0
6633,22.717079551606663,0
6634,22.89093954835701,0
6635,24.716707330201697,0
6636,25.23658649075934,0
6637,24.470451679726633,0
6638,22.547224766871032,0
6639,24.629563329698865,0
6640,23.002927069066466,0
6641,24.60115153410284,0
6642,23.423005200571723,0
6643,23.29286870766713,0
6644,23.12216729876017,0
6645,21.37988569691979,0
6646,22.100354224545487,0
6647,21.870790702754704,0
6648,20.38025839400304,0
6649,20.651191238629373,0
6650,18.073463118333226,0
6651,18.981039178445837,0
6652,17.754288864934388,0
6653,15.967534705254904,0
6654,16.374910711249402,0
6655,15.496661215473136,0
6656,15.111272269527246,0
6657,15.454664137186962,0
6658,16.209741378084107,0
6659,14.7167604933479,0
6660,15.11187110582267,0
6661,13.577924694579945,0
6662,15.264540467688631,0
6663,16.511313623445233,0
6664,16.4603668544226,0
6665,16.49176574660124,0
6666,15.931725873754587,0
6667,15.979690326403793,0
6668,17.39574764443113,0
6669,16.75033968084828,0
6670,17.472815174423854,0
6671,20.269145269821575,0
6672,19.080351062475028,0
6673,22.419597424388222,0
6674,19.867826935498094,0
6675,22.327981815464625,0
6676,21.328456380482393,0
6677,23.205294068230792,0
6678,22.494105875449428,0
6679,23.99578261087838,0
6680,24.16403460370044,0
6681,24.16089379157587,0
6682,25.32515696737902,0
6683,26.440268815205165,0
6684,24.403021605450654,0
6685,25.821764470354875,0
6686,24.90196271894499,0
6687,24.578151064293433,0
6688,26.490567015624464,0
6689,21.805418577904042,0
6690,22.849766196436917,0
6691,21.239046161468632,0
6692,22.17797834940161,0
6693,21.67492214370307,0
6694,25.05727190202957,0
6695,20.984196799158752,0
6696,21.766839657593327,0
6697,20.62194922723439,0
6698,18.258041779314485,0
6699,18.549648514278523,0
6700,19.141783121380936,0
6701,17.116220993815862,0
6702,16.65976856880156,0
6703,16.519681502587733,0
6704,14.167951109704994,0
6705,14.564230989188813,0
6706,15.492091384393635,0
6707,15.57149561157096,0
6708,14.07792346515209,0
6709,14.710449466369644,0
6710,15.03657390407579,0
6711,15.218353734053373,0
6712,16.344548585729665,0
6713,16.12614775443335,0
6714,16.616222621399224,0
6715,15.54132217596791,0
6716,16.443063450451067,0
6717,18.3921934322154,0
6718,17.112328500128598,0
6719,19.60096557980809,0
6720,19.33096251529836,0
6721,19.83343038396995,0
6722,21.921835326556163,0
6723,21.22783085414493,0
6724,21.63416276726121,0
6725,22.358877441510998,0
6726,23.57702180054239,0
6727,26.676066903646372,0
6728,22.21176289478187,0
6729,24.583266471042784,0
6730,24.572845582984307,0
6731,25.88423673844345,0
6732,24.614558199544557,0
6733,22.486864688286182,0
6734,26.126507069780004,0
6735,23.517889844652665,0
6736,24.250751220686922,0
6737,22.58837108723441,0
6738,22.427708069170194,0
6739,22.52989183987838,0
6740,23.33002358038145,0
6741,22.728654238555464,0
6742,20.678159239665334,0
6743,21.128656293695034,0
6744,19.60720674856187,0
6745,19.435435303472875,0
6746,18.83589726488731,0
6747,18.678503243656955,0
6748,16.86448989759005,0
6749,16.800270998701194,0
6750,16.655811565309566,0
6751,16.09751505788053,0
6752,14.852190005806825,0
6753,17.065151602763706,0
6754,14.68608795297476,0
6755,15.76864889919202,0
6756,15.175692466717194,0
6757,16.22930806369071,0
6758,12.973223179630025,0
6759,17.390829951636032,0
6760,15.43036950115042,0
6761,14.781662084122932,0
6762,16.564603199896467,0
6763,19.170565768143742,0
6764,17.974028875753785,0
6765,16.834385563737676,0
6766,18.217191007288335,0
6767,20.645252366328556,0
6768,18.57598539333806,0
6769,20.4441805770025,0
6770,20.972121584162394,0
6771,24.037041757421104,0
6772,22.180302409376726,0
6773,24.31924361156953,0
6774,22.832431067061233,0
6775,23.138466414922704,0
6776,25.29781761291484,0
6777,25.20784812321061,0
6778,23.0823471576627,0
6779,25.562505942355305,0
6780,25.60827598987004,0
6781,24.31685339249824,0
6782,25.01770203023429,0
6783,24.855990134613275,0
6784,23.81624157392402,0
6785,23.35468501614057,0
6786,22.83768015918793,0
6787,22.742626133515902,0
6788,21.14811150331626,0
6789,21.839397019131134,0
6790,19.777510657243294,0
6791,20.694907509712863,0
6792,19.88371538469124,0
6793,18.286459586686505,0
6794,19.52004329828312,0
6795,19.977082155060813,0
6796,18.783125216510545,0
6797,15.566798376962325,0
6798,17.69601147897506,0
6799,16.217295247849712,0
6800,15.584364591080762,0
6801,14.756160122646966,0
6802,15.13030250916045,0
6803,16.387966445579526,0
6804,15.506851969606368,0
6805,14.598164436055587,0
6806,14.471801080100475,0
6807,14.933786596348307,0
6808,16.218251926602107,0
6809,17.851917874923398,0
6810,15.380859384977343,0
6811,16.9202350690347,0
6812,17.083809953437807,0
6813,17.305358585056712,0
6814,19.066719880435247,0
6815,19.86017618321932,0
6816,18.559644346419155,0
6817,19.59103589968799,0
6818,22.444867673829282,0
6819,22.193909787474393,0
6820,22.98319897492114,0
6821,22.51240544457134,0
6822,23.12416591398158,0
6823,24.387378144117335,0
6824,23.803017463938723,0
6825,23.484978293135704,0
6826,24.79561127959597,0
6827,25.820152292484167,0
6828,23.944337667541006,0
6829,25.970590641760726,0
6830,25.49085249422114,0
6831,23.72996750119486,0
6832,24.303182132384123,0
6833,23.89111134445818,0
6834,24.129116719212018,0
6835,23.66981408396061,0
6836,21.175418486524205,0
6837,20.544014127055863,0
6838,22.279519218682577,0
6839,20.730534358706635,0
6840,20.379083504573245,0
6841,19.643946135297927,0
6842,20.18853143634621,0
6843,16.857455786458566,0
6844,18.544691180766474,0
6845,16.11159031895719,0
6846,17.150780948726627,0
6847,17.326530337341495,0
6848,14.267074109429641,0
6849,15.745342123348491,0
6850,14.861864907821417,0
6851,14.721220256362201,0
6852,15.008134815324507,0
6853,13.968080807336555,0
6854,14.182931718408252,0
6855,15.9971133899146,0
6856,16.471884625854692,0
6857,15.437587682209054,0
6858,14.990918962169623,0
6859,19.21268668318547,0
6860,18.553057493647856,0
6861,18.408122544434242,0
6862,17.653466221401352,0
6863,18.737462762829168,0
6864,20.20570571422236,0
6865,19.669491591979902,0
6866,22.843841842323236,0
6867,22.014458914316354,0
6868,22.85402000882046,0
6869,21.99320186351045,0
6870,22.605142306610453,0
6871,23.154103324504923,0
6872,24.56886933555858,0
6873,24.323271937337132,0
6874,24.510362788791255,0
6875,25.234229538225005,0
6876,25.18818257881648,0
6877,26.38667852655284,0
6878,24.601408001330007,0
6879,23.58642855482477,0
6880,24.284533107600193,0
6881,25.37552559088376,0
6882,22.95584468634683,0
6883,23.057932819359145,0
6884,22.11366558660151,0
6885,22.278438998038343,0
6886,21.513297988142735,0
6887,19.820275488882732,0
6888,19.74154338377647,0
6889,20.240623644953036,0
6890,19.750447272664573,0
6891,18.961228786651905,0
6892,18.315550748549885,0
6893,16.59500536510706,0
6894,16.072969994881074,0
6895,16.91416078044917,0
6896,14.483281026572275,0
6897,15.290408331192298,0
6898,13.310874253322673,0
6899,14.636459472895151,0
6900,14.27249735537811,0
6901,13.824781623782714,0
6902,15.706939808545933,0
6903,14.624486267310385,0
6904,15.275729474609928,0
6905,15.746982088361662,0
6906,15.707942476677728,0
6907,18.32104976628541,0
6908,16.98171192214055,0
6909,18.247249276539698,0
6910,17.38968596644733,0
6911,18.849639404227702,0
6912,19.649458549329506,0
6913,20.31843047181329,0
6914,20.687475754533505,0
6915,22.02165534041919,0
6916,23.998680626767722,0
6917,22.88110159063237,0
6918,23.36639021227196,0
6919,23.551013576237768,0
6920,26.788786242443344,0
6921,26.171732682315422,0
6922,25.344493535242375,0
6923,25.616845395994932,0
6924,24.2707063300247,0
6925,24.77518086418247,0
6926,25.004472592361928,0
6927,24.704901258552106,0
6928,23.45759684932839,0
6929,23.1696914055938,0
6930,24.009942738602202,0
6931,23.318917225289972,0
6932,20.400172979442868,0
6933,21.972576905969763,0
6934,22.510352895047596,0
6935,19.9882324357389,0
6936,20.204443123666533,0
6937,17.88909327394761,0
6938,19.491600067430994,0
6939,16.961917788762637,0
6940,16.241160174340475,0
6941,16.61431595624849,0
6942,18.758402374275626,0
6943,15.403188196677785,0
6944,14.400996290712193,0
6945,15.802658898541676,0
6946,15.364402801234904,0
6947,16.63814994348014,0
6948,13.72535453303478,0
6949,13.44901407342575,0
6950,14.830562260542228,0
6951,15.721302016119193,0
6952,15.989635563919975,0
6953,17.066511728359476,0
6954,14.969239775612836,0
6955,16.116854242533275,0
6956,17.340578832201896,0
6957,18.879514429983388,0
6958,19.14231793792297,0
6959,18.90376488430626,0
6960,18.96874949100032,0
6961,21.48769529604852,0
6962,22.195013208353295,0
6963,24.54360047713269,0
6964,22.29565411027189,0
6965,24.605765630297082,0
6966,22.319753299053932,0
6967,23.403970095324656,0
6968,23.636538922549338,0
6969,24.13511474715813,0
6970,23.94112792968615,0
6971,24.394782888044592,0
6972,24.916805778978148,0
6973,24.486413202348416,0
6974,25.446828100876687,0
6975,24.50770727379845,0
6976,24.29892558484314,0
6977,25.381239318660644,0
6978,23.81466833544165,0
6979,23.16581307999666,0
6980,22.45163974330854,0
6981,21.94521209696026,0
6982,21.826409082872587,0
6983,19.83732858371806,0
6984,21.09240678242333,0
6985,20.857726574348245,0
6986,19.80681572372475,0
6987,17.57545089888534,0
6988,15.910087142198313,0
6989,16.498775629124513,0
6990,16.585768229402085,0
6991,16.815191854521114,0
6992,15.461854673907832,0
6993,15.05406801524967,0
6994,16.631121749105432,0
6995,14.357295164013893,0
6996,16.01474629523997,0
6997,15.900180530049674,0
6998,13.8383727434115,0
6999,15.624070215976658,0
7000,15.094846557360063,0
7001,15.074910576199688,0
7002,14.622675795240676,0
7003,15.392077254030571,0
7004,17.876933802870045,0
7005,17.67698972884387,0
7006,18.94431144599069,0
7007,18.276952811401152,0
7008,19.656807421093475,0
7009,20.357407026394135,0
7010,19.751574388695737,0
7011,20.255754105784014,0
7012,22.902216200787112,0
7013,23.159082070573962,0
7014,22.592436250402276,0
7015,23.83832499448241,0
7016,24.950054370279695,0
7017,26.384256049542135,0
7018,23.930864481178663,0
7019,25.53230124441719,0
7020,27.046104677082973,0
7021,24.99288242086594,0
7022,26.237979473874343,0
7023,22.056751814976472,0
7024,25.720569861150306,0
7025,23.92752386794653,0
7026,21.667639803174417,0
7027,23.778573967441634,0
7028,23.499226472275428,0
7029,23.06855859565171,0
7030,22.44038869936127,0
7031,20.594210066944097,0
7032,19.23772175336016,0
7033,18.866323439515565,0
7034,18.64263894553053,0
7035,18.455306629730384,0
7036,16.99907513238624,0
7037,16.974667186603558,0
7038,17.294902144680464,0
7039,16.322947590068104,0
7040,17.88991553188197,0
7041,17.466849133395172,0
7042,14.015438054682214,0
7043,14.456880157215467,0
7044,13.686784019366085,0
7045,13.871318088185852,0
7046,15.67679293535182,0
7047,14.3778517816046,0
7048,14.61334079649485,0
7049,15.73915111706444,0
7050,17.22094336026423,0
7051,16.578344790046415,0
7052,17.120156928418805,0
7053,18.958853588561837,0
7054,19.13989877536209,0
7055,19.76597563543859,0
7056,20.901510931145747,0
7057,19.629626273895436,0
7058,21.47639128390853,0
7059,21.26170918846145,0
7060,23.479050997228466,0
7061,23.815839513819373,0
7062,22.48049673534095,0
7063,25.251728011111048,0
7064,23.15302417937005,0
7065,25.73970502565971,0
7066,25.001879497546145,0
7067,24.07144495797745,0
7068,23.87145768613436,0
7069,24.628723846210534,0
7070,24.77666542907225,0
7071,23.891610132367898,0
7072,24.854294882904295,0
7073,22.560321025319926,0
7074,23.498969616851166,0
7075,23.015122537246175,0
7076,20.629951251477607,0
7077,22.188292997402222,0
7078,20.021937822307233,0
7079,18.16600691039384,0
7080,19.366458237746933,0
7081,19.092657270553666,0
7082,19.566073964296585,0
7083,17.57826050016563,0
7084,18.920375621672022,0
7085,18.342470251819133,0
7086,17.510562814775128,0
7087,17.306377521873767,0
7088,15.984983263626635,0
7089,14.80224212128139,0
7090,15.778831716503444,0
7091,15.966016488353903,0
7092,15.205286299836196,0
7093,14.771369895325055,0
7094,13.59553987962708,0
7095,16.016635144444948,0
7096,15.98641210723968,0
7097,14.720388833691944,0
7098,16.532438903816452,0
7099,17.638206206911686,0
7100,17.36224296555569,0
7101,18.82891015787699,0
7102,19.41953239801771,0
7103,17.86125139872174,0
7104,19.67278313129053,0
7105,21.100304129719216,0
7106,22.16781899773151,0
7107,23.273962522533036,0
7108,20.577871589084648,0
7109,22.948191646251964,0
7110,24.211364345353076,0
7111,25.14428423108021,0
7112,25.964881414850325,0
7113,23.666700240181576,0
7114,24.43155888812764,0
7115,23.8868596964346,0
7116,25.7771422611732,0
7117,23.62005588296144,0
7118,25.96793890330796,0
7119,25.513559214996736,0
7120,24.78093058456929,0
7121,21.79261139910426,0
7122,22.836174251066023,0
7123,23.753033206097623,0
7124,21.07024127397372,0
7125,21.64617696852631,0
7126,21.160513329807653,0
7127,21.50102876557202,0
7128,20.248555133801727,0
7129,19.58789068243083,0
7130,18.240388651605727,0
7131,18.06118775723962,0
7132,17.336626687866847,0
7133,17.644612026894585,0
7134,16.256436349038122,0
7135,17.02331705830862,0
7136,13.961474364262926,0
7137,16.53544725421498,0
7138,14.971167304045878,0
7139,16.126211678441564,0
7140,15.051375825182376,0
7141,15.855838889496834,0
7142,16.61498738183768,0
7143,14.801712967737352,0
7144,15.717404455780379,0
7145,15.83370961597577,0
7146,16.63860919708094,0
7147,15.32443168243403,0
7148,17.299055593176448,0
7149,17.80849243914402,0
7150,17.897158105750236,0
7151,19.12312380104203,0
7152,18.443874156463504,0
7153,22.00189234524724,0
7154,21.70355012509032,0
7155,23.742603300750346,0
7156,21.60412826999386,0
7157,21.85831748879032,0
7158,23.7817546576972,0
7159,22.286012228229104,0
7160,24.520546205077146,0
7161,23.891776550067178,0
7162,24.466057678254067,0
7163,25.174818617367936,0
7164,25.01172927545771,0
7165,26.763124478076133,0
7166,25.420200797041712,0
7167,23.309099339377106,0
7168,25.26438372212064,0
7169,22.60929562308457,0
7170,23.58653849704194,0
7171,21.776927612838175,0
7172,21.64718690366696,0
7173,23.17667194912747,0
7174,20.70860946911486,0
7175,19.98084159302575,0
7176,19.409070486511034,0
7177,19.002876634205293,0
7178,20.09418020804523,0
7179,16.885373332384134,0
7180,16.241711985758766,0
7181,17.491947832789897,0
7182,14.85135457374962,0
7183,15.634323013203515,0
7184,16.749981556434552,0
7185,15.343667849775885,0
7186,14.657730479298957,0
7187,14.302233359572961,0
7188,14.055005384281301,0
7189,14.41915764079,0
7190,15.264507088031197,0
7191,16.568459775228277,0
7192,16.582814817695848,0
7193,15.432563476553185,0
7194,15.69929983858087,0
7195,17.599967263443347,0
7196,15.662730967502217,0
7197,17.6086191673622,0
7198,18.339903281697037,0
7199,18.204418114499443,0
7200,18.97054140424038,0
7201,20.949027170775675,0
7202,19.611998400254997,0
7203,20.961313423095298,0
7204,21.809828019688673,0
7205,23.073538850077966,0
7206,22.12946091286748,0
7207,24.987079079876654,0
7208,23.972277577000472,0
7209,24.308057268384793,0
7210,24.416449287778246,0
7211,24.23622477374508,0
7212,23.974748053337308,0
7213,26.032546938525595,0
7214,24.971409011034453,0
7215,24.451430570672233,0
7216,25.252055479644174,0
7217,23.203530762314838,0
7218,24.094836317729897,0
7219,23.00300660165176,0
7220,21.558878528119333,0
7221,22.59862301804097,0
7222,19.754614019445782,0
7223,21.22900181338082,0
7224,19.061335791990786,0
7225,19.683374723364636,0
7226,19.99930627368909,0
7227,18.577719637752775,0
7228,16.8369903652589,0
7229,16.85767675331717,0
7230,16.031202779382657,0
7231,14.805762246071781,0
7232,14.50688291634086,0
7233,15.35016818163832,0
7234,15.625425047461437,0
7235,13.229903087201336,0
7236,14.85296909136539,0
7237,15.46486463570157,0
7238,15.200507792046933,0
7239,14.31480209635615,0
7240,16.609362677096076,0
7241,14.756126580881666,0
7242,17.021118110168178,0
7243,18.449898908432,0
7244,15.409548713174626,0
7245,18.25647397877288,0
7246,18.930339246736995,0
7247,19.485252552082542,0
7248,19.159837427541852,0
7249,20.259963058506244,0
7250,19.833900939273068,0
7251,21.95613564730603,0
7252,22.940287639732137,0
7253,22.301448389119006,0
7254,22.53699518012888,0
7255,23.41267743017491,0
7256,24.231907773307395,0
7257,24.588646770684946,0
7258,24.63650907132572,0
7259,24.933132646748373,0
7260,23.620908741469066,0
7261,22.184224356980103,0
7262,25.342668025631344,0
7263,25.92233915368588,0
7264,22.84574762521795,0
7265,23.219362179640115,0
7266,23.735997343606797,0
7267,23.885022365983662,0
7268,23.041541118817385,0
7269,23.072485327999534,0
7270,21.14576159721721,0
7271,20.96331637326738,0
7272,20.30789537227452,0
7273,18.827710850273803,0
7274,19.78856139958933,0
7275,18.60161861961429,0
7276,18.36294220574988,0
7277,16.4770356889439,0
7278,17.37788220770606,0
7279,14.903067155980233,0
7280,15.958347504373052,0
7281,12.721470472951365,0
7282,14.083422095265526,0
7283,15.666603648968538,0
7284,14.460354903495169,0
7285,15.114370610314241,0
7286,13.482979172492328,0
7287,16.797770080772523,0
7288,16.154821370573927,0
7289,15.908782047264564,0
7290,16.772407089104764,0
7291,17.17802370453658,0
7292,18.786422270236564,0
7293,18.197046868352754,0
7294,17.165783190019805,0
7295,18.997571190371723,0
7296,21.15681070154933,0
7297,21.110249215387366,0
7298,20.78274175625814,0
7299,22.410818685959093,0
7300,22.514303010854498,0
7301,23.540482813920153,0
7302,21.883562567690102,0
7303,22.988660683095993,0
7304,24.882227446628157,0
7305,24.3017265065377,0
7306,25.07389877928518,0
7307,26.773446952003262,0
7308,24.59546136238246,0
7309,25.093760606573344,0
7310,24.185081109821382,0
7311,23.90858866139048,0
7312,24.157339368723147,0
7313,22.44658082046488,0
7314,21.378379754159262,0
7315,24.27890411459995,0
7316,22.299091355591347,0
7317,22.91224728356847,0
7318,21.313954610640145,0
7319,20.69865756331334,0
7320,20.555815667798697,0
7321,19.949725254076895,0
7322,17.43033641637874,0
7323,19.167667098817503,0
7324,16.451954077518188,0
7325,17.05549600593414,0
7326,18.862595716616372,0
7327,16.01239631164918,0
7328,17.199602410704628,0
7329,14.941954582895525,0
7330,15.671315013045696,0
7331,14.993838734630353,0
7332,15.309188878105598,0
7333,14.108633781425723,0
7334,14.174596050479032,0
7335,15.609620097757439,0
7336,14.044479276153684,0
7337,15.110075638601048,0
7338,16.992690920182042,0
7339,16.256619903366968,0
7340,16.53359859951758,0
7341,16.905980012849387,0
7342,18.7511201224861,0
7343,18.89350289879339,0
7344,20.04791338427375,0
7345,20.3706048837419,0
7346,23.0030638371879,0
7347,21.38896498516404,0
7348,20.490337953300042,0
7349,23.059139355439406,0
7350,23.4396141123755,0
7351,24.021166308418017,0
7352,22.66529954600739,0
7353,25.625960104032202,0
7354,24.700967595693374,0
7355,24.81735362465026,0
7356,23.358102524500563,0
7357,25.32082238052444,0
7358,24.66781046560309,0
7359,25.838719828331243,0
7360,23.826972796826723,0
7361,22.664463555564076,0
7362,23.56282600649844,0
7363,22.055778473762665,0
7364,22.80679085843541,0
7365,20.76059382265619,0
7366,21.070464895143402,0
7367,20.33393625692367,0
7368,19.868803813026076,0
7369,18.748753259976393,0
7370,17.818609070398754,0
7371,17.930813774463104,0
7372,16.838009797310438,0
7373,17.006811874834085,0
7374,16.101950090816278,0
7375,13.750913329978633,0
7376,15.511769169507346,0
7377,16.63282252237855,0
7378,15.36713484853194,0
7379,15.5266664056171,0
7380,15.344593363845537,0
7381,14.489287331707729,0
7382,13.777846446057413,0
7383,16.06834089444447,0
7384,16.595093129014277,0
7385,16.48487975584371,0
7386,16.778126202199886,0
7387,17.241122453024353,0
7388,17.37522073736862,0
7389,18.25437806677702,0
7390,18.61982239121084,0
7391,19.56550765891983,0
7392,18.987621064897937,0
7393,19.945902511341675,0
7394,21.746608574116998,0
7395,21.48838983310759,0
7396,20.064504370497772,0
7397,23.06720702068589,0
7398,21.23002633122649,0
7399,25.71573090659876,0
7400,24.927977714193844,0
7401,25.171582838070336,0
7402,24.092883361640986,0
7403,23.773822646488515,0
7404,24.69982462088806,0
7405,24.881034501360915,0
7406,23.99226378285018,0
7407,24.677070294407788,0
7408,24.89715591094196,0
7409,24.449771401322042,0
7410,22.44179470328761,0
7411,20.868789265909964,0
7412,22.409901704728657,0
7413,21.18682299054841,0
7414,21.63076409112544,0
7415,22.137627290023985,0
7416,21.48411271905601,0
7417,19.531142104000143,0
7418,19.679431219911297,0
7419,19.573858744729463,0
7420,17.454229182737702,0
7421,17.127749792766274,0
7422,17.192810102663937,0
7423,15.910381983802393,0
7424,15.103263843417587,0
7425,14.574170320775137,0
7426,15.089669606182014,0
7427,14.3612178058021,0
7428,15.678163609497725,0
7429,14.638363795613905,0
7430,16.486857445454156,0
7431,16.455433265056424,0
7432,14.400477925762203,0
7433,16.984063829222155,0
7434,15.996855422843863,0
7435,18.185134532300165,0
7436,17.909587758992334,0
7437,17.962663252725214,0
7438,19.268694994500372,0
7439,18.7360557444036,0
7440,20.235956120992416,0
7441,20.9426526495023,0
7442,21.076636604425772,0
7443,22.2065346521428,0
7444,21.470587522975052,0
7445,23.500789291123436,0
7446,22.30573710851818,0
7447,24.48714243067006,0
7448,24.707230700369447,0
7449,25.222872621908913,0
7450,24.226814944207632,0
7451,27.779400530236263,0
7452,24.71460851516359,0
7453,25.03336699500735,0
7454,24.04362563304586,0
7455,25.91509550866531,0
7456,23.816375535604454,0
7457,24.847832169499867,0
7458,22.572695042965652,0
7459,23.27622222057789,0
7460,22.085162690183743,0
7461,22.737829440909188,0
7462,20.957177176002762,0
7463,19.772580526527207,0
7464,20.370897104970997,0
7465,18.155723108081972,0
7466,17.73943174036162,0
7467,18.75962660762012,0
7468,15.667086990521689,0
7469,17.622417459204694,0
7470,16.029988434199854,0
7471,15.111168547922611,0
7472,15.849095763788696,0
7473,15.928391920571503,0
7474,14.565240130100358,0
7475,14.825721254832722,0
7476,15.709592726900036,0
7477,15.708209586800223,0
7478,15.074441947220665,0
7479,14.604311494251476,0
7480,14.727883966250516,0
7481,15.423805509941236,0
7482,17.063413491226896,0
7483,17.45931148644116,0
7484,17.745145896410726,0
7485,19.361802647684165,0
7486,18.381336756026126,0
7487,18.94809798688218,0
7488,19.596572123571637,0
7489,22.421166062380408,0
7490,19.31171094612251,0
7491,22.151312477573327,0
7492,22.88568059619516,0
7493,23.067290851092995,0
7494,25.70726433393579,0
7495,25.039717598177003,0
7496,25.0258250892594,0
7497,23.73965825657234,0
7498,25.268955211327384,0
7499,24.57623726180705,0
7500,25.012636162652242,0
7501,25.118293999645598,0
7502,24.347515276136107,0
7503,25.1892787745733,0
7504,25.841435224382547,0
7505,24.918523786096962,0
7506,23.715298014339048,0
7507,21.199206353735182,0
7508,23.50154534531073,0
7509,22.907048915689856,0
7510,21.091119218380893,0
7511,20.18269037664206,0
7512,20.60073291389521,0
7513,18.56652319569606,0
7514,19.43776670388623,0
7515,17.05277204711043,0
7516,16.61672826601567,0
7517,16.955425527140353,0
7518,15.078582369227442,0
7519,16.02026085635449,0
7520,16.15614449927784,0
7521,14.129415472686004,0
7522,16.02803299664237,0
7523,14.502105317488295,0
7524,15.503553095710387,0
7525,15.231749830530035,0
7526,14.73016547655591,0
7527,14.877812378106611,0
7528,14.05566997510639,0
7529,15.36877492025877,0
7530,15.730408104309914,0
7531,18.489733060324735,0
7532,18.446829899364467,0
7533,16.79122232674019,0
7534,19.449354081913818,0
7535,19.54769928708471,0
7536,19.635080734383198,0
7537,21.07861254945128,0
7538,22.029140802108433,0
7539,21.372040193933724,0
7540,22.235451269766042,0
7541,23.192704098001595,0
7542,22.605701171381146,0
7543,24.133848746485082,0
7544,24.248509616791424,0
7545,23.976471673435046,0
7546,24.035654563066984,0
7547,25.238449706895036,0
7548,25.815817471527343,0
7549,25.262559287585482,0
7550,24.02391233942179,0
7551,25.316761203936977,0
7552,24.485509761586833,0
7553,24.517616018587947,0
7554,24.621598330709098,0
7555,22.19469061134011,0
7556,22.36565551336644,0
7557,21.350675126302885,0
7558,20.472512222014135,0
7559,22.525419299035356,0
7560,20.875752199374958,0
7561,17.691327853932435,0
7562,19.102073124118675,0
7563,17.563851023885157,0
7564,18.57152807570234,0
7565,17.032108414746084,0
7566,16.299131852622203,0
7567,16.164478068342355,0
7568,16.026795936841452,0
7569,15.406819723641261,0
7570,14.963198177624927,0
7571,14.911979833183736,0
7572,15.476295456818104,0
7573,13.986058145876562,0
7574,15.167084488902425,0
7575,15.267053418648707,0
7576,15.214299170797245,0
7577,16.720268073828,0
7578,15.257364060104239,0
7579,16.613560718124646,0
7580,16.702541184264508,0
7581,18.59488104539176,0
7582,18.267646296885697,0
7583,19.39202807096344,0
7584,20.3586515839505,0
7585,19.159588288372348,0
7586,21.715648340363554,0
7587,21.21383232458108,0
7588,22.261423756630055,0
7589,22.937988225735726,0
7590,24.290219533927157,0
7591,24.65564256659922,0
7592,25.978861159995745,0
7593,24.78415336850498,0
7594,24.38401726386862,0
7595,24.48729021880523,0
7596,25.610115863265445,0
7597,26.453800691803202,0
7598,25.147747516002724,0
7599,24.080800574491008,0
7600,24.58625359846291,0
7601,24.205505960354785,0
7602,23.56588099238408,0
7603,22.349942022279212,0
7604,20.129357320289856,0
7605,21.4120693106768,0
7606,22.277293040162572,0
7607,20.85105283079112,0
7608,17.937456054318975,0
7609,19.35201515076549,0
7610,16.980819301060325,0
7611,19.944720062433902,0
7612,17.677852252184564,0
7613,15.832418092577358,0
7614,17.209569700965524,0
7615,15.302606226077378,0
7616,16.194259565218257,0
7617,15.400816814477132,0
7618,14.068492400011653,0
7619,15.663788013272795,0
7620,13.749241995383372,0
7621,16.294593218509924,0
7622,15.22687789715185,0
7623,14.419766906617104,0
7624,13.976872505045852,0
7625,17.542496240579744,0
7626,17.819796651088513,0
7627,15.782279372316522,0
7628,19.037507461999777,0
7629,18.2426612335553,0
7630,18.499277604330064,0
7631,19.266164092720395,0
7632,19.749237213810922,0
7633,21.98903374066942,0
7634,21.43431931408484,0
7635,20.192779356723246,0
7636,24.454722249163606,0
7637,23.867333053283527,0
7638,22.518745935300835,0
7639,23.633934463383408,0
7640,23.485463902710215,0
7641,24.66291872609913,0
7642,25.197811204013348,0
7643,25.17962636927266,0
7644,24.441251982447888,0
7645,24.209880891559212,0
7646,25.620615770898034,0
7647,24.52550205722046,0
7648,26.43190731831088,0
7649,23.212974518991494,0
7650,24.271864119310635,0
7651,23.08946862071696,0
7652,21.790224623432067,0
7653,23.185678592819283,0
7654,21.409477024375853,0
7655,19.81789531015425,0
7656,19.70206488693672,0
7657,20.297589956079065,0
7658,17.561880432893858,0
7659,19.37431432922025,0
7660,18.13990932603669,0
7661,16.696072698538263,0
7662,17.73193569834341,0
7663,17.667262413600785,0
7664,16.229463281383204,0
7665,15.540034591263227,0
7666,16.89673918851269,0
7667,16.440557538470557,0
7668,14.133180118971039,0
7669,14.849373133701203,0
7670,14.969030631213496,0
7671,14.996274821163691,0
7672,14.26880639037076,0
7673,16.877530618898955,0
7674,16.542848659467793,0
7675,17.04868023971466,0
7676,18.81892562122934,0
7677,17.557229420963917,0
7678,18.652567663239907,0
7679,19.6040289527125,0
7680,19.594707252297457,0
7681,20.5485554554291,0
7682,22.012593020304305,0
7683,21.90531960659957,0
7684,23.748388099226997,0
7685,22.339514015137922,0
7686,23.72481990089422,0
7687,22.627775833080626,0
7688,24.219175249369567,0
7689,23.960109341308417,0
7690,26.108441021609316,0
7691,25.656245031089586,0
7692,25.47809330106433,0
7693,26.69055347565807,0
7694,26.185882041841406,0
7695,25.29450389411268,0
7696,23.681499711020564,0
7697,22.607298528100838,0
7698,23.50757522171966,0
7699,22.70935077703649,0
7700,21.89141583674078,0
7701,21.640134778310767,0
7702,19.737483364268105,0
7703,22.05577382488773,0
7704,18.926352993392065,0
7705,18.7147048034576,0
7706,19.242587422563027,0
7707,16.553109376660643,0
7708,18.36788237946586,0
7709,17.840068500778912,0
7710,16.169844730180298,0
7711,15.017018862427275,0
7712,15.223147461876813,0
7713,13.635360984580771,0
7714,16.479811594808226,0
7715,15.093941216873255,0
7716,14.305186899443864,0
7717,14.18618603802903,0
7718,15.711925199119866,0
7719,16.79983774423442,0
7720,14.467032520564722,0
7721,15.49039000551888,0
7722,14.803180353306605,0
7723,17.594729833052355,0
7724,17.647913507061862,0
7725,20.221690458847437,0
7726,18.59013843442439,0
7727,18.935426780163464,0
7728,19.329381222701464,0
7729,21.459481175835897,0
7730,19.75358910510682,0
7731,22.62341028728138,0
7732,22.733537783305692,0
7733,22.565463832989096,0
7734,22.681219845779047,0
7735,24.965171845542287,0
7736,26.092733976267677,0
7737,24.197211433321634,0
7738,25.33103007125419,0
7739,26.607926693656488,0
7740,24.41251776457721,0
7741,24.718532580327874,0
7742,23.673300534134967,0
7743,24.479306468309648,0
7744,24.25283164491282,0
7745,23.570014095810684,0
7746,22.834434780208955,0
7747,21.541888880156705,0
7748,21.223774114135388,0
7749,20.986207070576537,0
7750,21.902727933920403,0
7751,20.169294738160225,0
7752,19.19124347976859,0
7753,19.970646376158058,0
7754,19.240390834671807,0
7755,17.369834892271957,0
7756,16.904644203941363,0
7757,17.584020068835702,0
7758,16.811425786446385,0
7759,15.238616838974732,0
7760,15.898588516949705,0
7761,15.352637681223648,0
7762,16.23000211544898,0
7763,14.217235116768826,0
7764,15.840247050719741,0
7765,15.454129772126961,0
7766,14.209997224866813,0
7767,16.384503234954074,0
7768,16.535851691060778,0
7769,14.776758626333494,0
7770,18.353137908979903,0
7771,15.863449959377975,0
7772,16.62387541257963,0
7773,17.77897799336159,0
7774,19.440680446752072,0
7775,19.903451081808043,0
7776,19.90960765985327,0
7777,21.957029508637838,0
7778,21.680751035738684,0
7779,23.246530149669034,0
7780,25.193260559194286,0
7781,23.228744100542063,0
7782,21.072429826479922,0
7783,23.53370706276022,0
7784,23.299987909559796,0
7785,24.707635626441036,0
7786,24.923204307114716,0
7787,23.781250478791737,0
7788,23.89393422941908,0
7789,24.70403102115892,0
7790,24.64095327200066,0
7791,22.118018126856434,0
7792,25.26523808138207,0
7793,23.996554660111983,0
7794,23.525932574128223,0
7795,23.329418460826187,0
7796,21.514142289983198,0
7797,21.864446813550963,0
7798,22.294547632240143,0
7799,21.69109641122082,0
7800,20.44562183262651,0
7801,19.077870215872142,0
7802,17.91251882918967,0
7803,19.362154355381765,0
7804,18.00698765334378,0
7805,16.546885807203385,0
7806,14.362631789675818,0
7807,15.190433929029473,0
7808,13.799748022449727,0
7809,16.589409013143072,0
7810,15.35309228627634,0
7811,14.319317526295393,0
7812,14.730946570768612,0
7813,17.568566499754862,0
7814,16.353541960106366,0
7815,14.071887645063569,0
7816,15.542361996838016,0
7817,14.833387626916075,0
7818,14.782940474593161,0
7819,17.12608339995984,0
7820,19.858203466312744,0
7821,19.611831724416263,0
7822,18.748581081168428,0
7823,18.979397389934412,0
7824,20.19705800080772,0
7825,21.6652181395994,0
7826,19.862950424770514,0
7827,20.081673647556705,0
7828,24.34414114938422,0
7829,23.318546146723556,0
7830,25.11178427570515,0
7831,24.200059327106988,0
7832,25.781182386752995,0
7833,24.018596429662374,0
7834,25.318935794296436,0
7835,26.483705292156145,0
7836,26.00482749156611,0
7837,24.50417474847146,0
7838,25.710832796685676,0
7839,23.964238178814824,0
7840,22.924227458099864,0
7841,24.482974883030582,0
7842,24.916413398393704,0
7843,23.882436976147027,0
7844,21.257546539412633,0
7845,22.772036962456458,0
7846,21.965370785310952,0
7847,20.197949489191934,0
7848,17.541254736296608,0
7849,20.35184598462533,0
7850,19.583159191196998,0
7851,18.578788930902718,0
7852,15.785659396377152,0
7853,15.480556212004768,0
7854,17.46740849589001,0
7855,16.828990059832652,0
7856,16.15994654631242,0
7857,15.135834512835999,0
7858,15.561142785025755,0
7859,14.505150231748688,0
7860,14.68989880184536,0
7861,14.181904995190104,0
7862,15.426461439087445,0
7863,14.965156187396143,0
7864,16.615696886341222,0
7865,16.748814616752583,0
7866,15.657002578212532,0
7867,18.782470041502883,0
7868,16.383746888602055,0
7869,18.534387014675026,0
7870,19.78382638936538,0
7871,20.622597147739288,0
7872,17.803087018994095,0
7873,21.649432189877228,0
7874,22.509040546759135,0
7875,23.34665912777238,0
7876,20.28312848805605,0
7877,22.369388433886442,0
7878,23.43705089035019,0
7879,23.522149757649032,0
7880,25.66735885697423,0
7881,23.942261135638642,0
7882,26.055402852676586,0
7883,25.51736479364528,0
7884,23.548621086013704,0
7885,23.96711596465299,0
7886,24.361218112210352,0
7887,24.716006228740326,0
7888,25.322168675457554,0
7889,23.784402829937342,0
7890,24.44383882392169,0
7891,21.4707359606575,0
7892,19.45191699298878,0
7893,21.576462203963395,0
7894,21.752495400881426,0
7895,20.291468559533946,0
7896,18.990439530443744,0
7897,19.769688382618742,0
7898,20.638850509259374,0
7899,17.983177395053143,0
7900,16.77399111104855,0
7901,16.11075422846422,0
7902,18.430484907322864,0
7903,15.99291919237881,0
7904,16.282046392753823,0
7905,16.60060902368424,0
7906,16.247549056134133,0
7907,14.12082230680363,0
7908,15.956030345919558,0
7909,15.886612415140648,0
7910,15.65961044855509,0
7911,16.39021692749491,0
7912,15.108599839513376,0
7913,15.958901219113702,0
7914,15.939759764443144,0
7915,17.71450427327764,0
7916,16.846913112936214,0
7917,18.47991558393751,0
7918,17.611881944398522,0
7919,19.225370572481012,0
7920,19.638177237733096,0
7921,20.538407893898537,0
7922,21.42699844705003,0
7923,21.729548521506004,0
7924,22.280538142522722,0
7925,20.973546323546845,0
7926,24.640816510185697,0
7927,23.343503830442693,0
7928,24.085380938472856,0
7929,23.792060535499157,0
7930,25.8288364711981,0
7931,24.052916686442774,0
7932,25.50432342189613,0
7933,26.13553158642595,0
7934,26.475131922067437,0
7935,25.807607231143855,0
7936,24.949690816644697,0
7937,22.7696608606201,0
7938,24.82631137365173,0
7939,24.23251480371839,0
7940,23.339104251999014,0
7941,22.717792526428283,0
7942,21.373381420545165,0
7943,20.141377579006182,0
7944,21.08350870751047,0
7945,20.623368789333615,0
7946,17.67389169453542,0
7947,19.004740855905485,0
7948,17.75190424054935,0
7949,17.84805220029768,0
7950,16.746128807261588,0
7951,17.150389809079016,0
7952,16.701588113968697,0
7953,16.275248538296925,0
7954,13.806523757354668,0
7955,15.874985528408269,0
7956,15.06161813855091,0
7957,13.93336505932023,0
7958,15.887908540246494,0
7959,14.032185753019053,0
7960,16.5752568783455,0
7961,17.734333658907637,0
7962,15.979710400504219,0
7963,17.887476344930956,0
7964,17.96563594943846,0
7965,18.750906446590932,0
7966,17.37994461059248,0
7967,19.97173966596417,0
7968,20.15233140306901,0
7969,21.407267486029774,0
7970,21.323183171349335,0
7971,23.022802837759716,0
7972,22.79415599977639,0
7973,23.740721646994878,0
7974,24.917088801154243,0
7975,24.171420659248916,0
7976,25.34040825359734,0
7977,24.869971113139346,0
7978,25.372806196964596,0
7979,24.46178496245681,0
7980,25.794733750309288,0
7981,26.198865891882832,0
7982,24.776619984994074,0
7983,25.433285660963953,0
7984,24.782868576276655,0
7985,22.90332545549606,0
7986,23.914024943276676,0
7987,24.377313188299965,0
7988,22.050799800222705,0
7989,20.185186979248424,0
7990,21.527308046047608,0
7991,20.04960031424533,0
7992,21.90401508896214,0
7993,19.339309197127793,0
7994,18.733818142590668,0
7995,17.499708526523065,0
7996,17.77939124831518,0
7997,16.433955633373376,0
7998,15.609535638427614,0
7999,16.00564920591049,0
8000,14.906206419890857,0
8001,16.712127324559635,0
8002,14.057346580492347,0
8003,15.005119934885663,0
8004,14.357634185541682,0
8005,13.720714114243743,0
8006,16.839058166327717,0
8007,13.350195925342742,0
8008,17.133193718373843,0
8009,14.681620192952417,0
8010,16.58810825695936,0
8011,19.213140975265674,0
8012,15.446290979837368,0
8013,16.77483545571104,0
8014,20.02847468498839,0
8015,19.552427659018377,0
8016,19.499301703933178,0
8017,20.656472504757055,0
8018,20.38311396775497,0
8019,22.06869952234761,0
8020,24.00066553370987,0
8021,22.70395348662128,0
8022,23.707296644090167,0
8023,25.181894391683553,0
8024,26.314257380276448,0
8025,24.078299904786142,0
8026,25.159737188775186,0
8027,24.44093264557617,0
8028,24.403612167186807,0
8029,24.6003681740696,0
8030,24.245048567329825,0
8031,22.958433770822786,0
8032,22.415090261372452,0
8033,23.28606940986291,0
8034,23.700379701845403,0
8035,24.26940865597796,0
8036,22.015720141494484,0
8037,21.784862101398662,0
8038,21.976890627737124,0
8039,21.413247313515935,0
8040,19.92305253310252,0
8041,19.33057107266647,0
8042,20.57610512780225,0
8043,17.794286680008312,0
8044,17.055429589835015,0
8045,15.398714364737238,0
8046,16.924047077606286,0
8047,15.810336156440217,0
8048,17.57539184802187,0
8049,15.08800166487428,0
8050,16.00089735621038,0
8051,15.991872850487324,0
8052,16.648778309224873,0
8053,13.795150261527908,0
8054,16.738173559167155,0
8055,15.428942619295963,0
8056,15.603032000088813,0
8057,15.764807532383548,0
8058,16.113218009029335,0
8059,16.654682636376695,0
8060,15.251775806850661,0
8061,18.621160568786088,0
8062,18.802366997686665,0
8063,18.452299671696473,0
8064,19.97278835300785,0
8065,22.936002831295546,0
8066,21.701175278947975,0
8067,21.569252779036333,0
8068,24.207504598707665,0
8069,22.300718710245214,0
8070,23.42017915469903,0
8071,23.46099759708555,0
8072,24.133610627404686,0
8073,25.368827679501766,0
8074,25.431426588561177,0
8075,24.2776185881322,0
8076,24.90814460950419,0
8077,25.074697186348622,0
8078,24.464697209128126,0
8079,24.617692607531513,0
8080,23.659957378445025,0
8081,23.282889525826747,0
8082,23.612285990632582,0
8083,22.069769129164204,0
8084,22.9408770183936,0
8085,21.75733011767957,0
8086,20.428067594792733,0
8087,20.08765427409804,0
8088,19.566015337082444,0
8089,19.22333772170928,0
8090,18.848645702776473,0
8091,17.914940525649403,0
8092,16.685959284409698,0
8093,18.381599357526678,0
8094,17.376566717348048,0
8095,16.172110520245106,0
8096,16.62665665187454,0
8097,15.729610181549052,0
8098,14.949628665990716,0
8099,15.15642607421557,0
8100,17.62147547461443,0
8101,16.038163326942186,0
8102,16.2134174676096,0
8103,15.02757195129814,0
8104,16.283295938221052,0
8105,18.257236874049642,0
8106,16.909007611028148,0
8107,18.028413599288925,0
8108,18.751128840133845,0
8109,18.741301404675134,0
8110,20.265279709718747,0
8111,19.60048686316605,0
8112,20.512009250299887,0
8113,20.072933957077204,0
8114,23.88436358690896,0
8115,22.237916174852792,0
8116,22.63667775235094,0
8117,24.420349725045373,0
8118,23.09204818432717,0
8119,23.990549403250554,0
8120,23.600742700342945,0
8121,24.66944162656169,0
8122,24.48176397556862,0
8123,25.511443160479317,0
8124,24.90547359986678,0
8125,24.405568669092254,0
8126,24.57269130905399,0
8127,24.53213409822126,0
8128,23.862036471695227,0
8129,24.902394270114748,0
8130,24.214206912794076,0
8131,23.212292802296346,0
8132,21.37620110345235,0
8133,22.441480156997052,0
8134,20.084902282400346,0
8135,20.85931362691281,0
8136,20.07339624361035,0
8137,18.804454819622094,0
8138,17.930710247258677,0
8139,17.44156334876605,0
8140,19.512543888109754,0
8141,16.726553174628357,0
8142,16.291554444882,0
8143,16.98737102948787,0
8144,16.101993109160645,0
8145,16.42951162573671,0
8146,14.011975308010049,0
8147,14.017952332215264,0
8148,18.243279738345233,0
8149,15.029094786692541,0
8150,14.917511656177828,0
8151,15.562952633787411,0
8152,16.653785739650687,0
8153,14.91175602257736,0
8154,16.764636735756515,0
8155,16.955427582732245,0
8156,18.176289267257346,0
8157,18.280532681837396,0
8158,18.22007535359759,0
8159,18.538198212698425,0
8160,17.67711562105385,0
8161,21.623444484793914,0
8162,19.904118763948652,0
8163,21.550983912207247,0
8164,24.129054306291142,0
8165,22.667142462300887,0
8166,24.151348806144334,0
8167,23.789867656904782,0
8168,25.02967780938384,0
8169,24.673949054435397,0
8170,24.36564519835928,0
8171,26.284156105060404,0
8172,24.770171354505216,0
8173,23.694680387771918,0
8174,24.539385977263187,0
8175,25.16431492275929,0
8176,23.284644836262157,0
8177,24.749631603829286,0
8178,24.298341070360884,0
8179,25.11122094266228,0
8180,21.908991307053284,0
8181,22.57561304518648,0
8182,19.71431153854199,0
8183,20.27607324840369,0
8184,20.126715418070475,0
8185,19.76501011479394,0
8186,18.6788079131484,0
8187,18.025037407621657,0
8188,16.936649582488013,0
8189,16.553867685978023,0
8190,16.783925107801846,0
8191,16.59600094915086,0
8192,16.310420869525405,0
8193,16.362437111247555,0
8194,16.337457661960393,0
8195,13.337856178277661,0
8196,14.524328088262767,0
8197,14.91326058777375,0
8198,14.577807909489024,0
8199,16.411089629699653,0
8200,16.41406443394987,0
8201,15.955820768672664,0
8202,16.606234606393624,0
8203,18.194609640155768,0
8204,17.19221110625919,0
8205,17.81049142005447,0
8206,19.601127363010374,0
8207,19.823617596441085,0
8208,21.38728377238425,0
8209,21.032902459931528,0
8210,22.03784706569693,0
8211,21.41649005316686,0
8212,21.62487837152371,0
8213,23.060744611799592,0
8214,21.01765155063797,0
8215,24.38385843469379,0
8216,25.28650907057491,0
8217,24.71830920712148,0
8218,24.64406364554093,0
8219,26.025025614170385,0
8220,24.985247644045483,0
8221,25.9223549366118,0
8222,26.956246150953504,0
8223,25.33852946790437,0
8224,25.254876819333305,0
8225,24.465748537364757,0
8226,23.80225136733129,0
8227,23.33403778237081,0
8228,22.59099047019011,0
8229,22.977242106,0
8230,19.776216758219224,0
8231,20.423060702788323,0
8232,20.65526760465531,0
8233,18.566414909141784,0
8234,18.63163047949208,0
8235,17.448839918818944,0
8236,17.947916793876093,0
8237,17.809154576492404,0
8238,17.881242152616554,0
8239,16.540110077493576,0
8240,15.008999513092446,0
8241,15.647817258963293,0
8242,15.74126990779114,0
8243,16.41838253397944,0
8244,12.975824417781013,0
8245,15.424083721525417,0
8246,13.44992247451576,0
8247,16.090715860742026,0
8248,16.12169098798967,0
8249,16.53692600673585,0
8250,17.336967054316148,0
8251,17.35095355913754,0
8252,16.908588788240664,0
8253,18.44882463270293,0
8254,19.87932292801287,0
8255,19.262917985469926,0
8256,20.05325016979247,0
8257,19.52064381741752,0
8258,22.429056579526602,0
8259,21.457786196332293,0
8260,21.81712558066493,0
8261,22.643080268495208,0
8262,22.739397273217104,0
8263,23.75324456985305,0
8264,25.574912320373883,0
8265,25.403414512087142,0
8266,26.216752474369255,0
8267,26.403404068500922,0
8268,24.1712992911596,0
8269,25.44257653705698,0
8270,26.28762026587619,0
8271,26.83841046035799,0
8272,23.00557569407583,0
8273,22.632798642922058,0
8274,24.00883317202295,0
8275,22.749690408818097,0
8276,21.576933656586007,0
8277,22.302660747459903,0
8278,20.56726673277373,0
8279,18.51204791607104,0
8280,20.002742245648484,0
8281,19.49163537962932,0
8282,19.33878251276195,0
8283,19.00864578138681,0
8284,17.698350549644875,0
8285,16.754550955634958,0
8286,15.85234461652061,0
8287,14.484256282357897,0
8288,15.274876641266086,0
8289,16.355749779394213,0
8290,15.815266034983582,0
8291,17.02441254422861,0
8292,14.877385159738159,0
8293,13.362130333724094,0
8294,15.982190610870001,0
8295,16.3931145919673,0
8296,14.57658430415331,0
8297,14.514679876337656,0
8298,16.631632079521427,0
8299,17.656990691794036,0
8300,16.451922452909997,0
8301,17.78355162564758,0
8302,17.98565808333665,0
8303,18.239459377864662,0
8304,18.763523842487814,0
8305,20.806186175764196,0
8306,20.958258588611614,0
8307,21.292398411190142,0
8308,20.028873288369198,0
8309,24.731304564584537,0
8310,22.652900178836646,0
8311,23.854382925847943,0
8312,23.261866145784428,0
8313,24.998646087975487,0
8314,23.40622963634868,0
8315,25.063653943361658,0
8316,24.83681755048335,0
8317,25.850046459299108,0
8318,23.799168018100495,0
8319,24.015532758616093,0
8320,24.120811433408324,0
8321,25.98119926896815,0
8322,22.14330973675867,0
8323,23.335972795914525,0
8324,21.888629909600226,0
8325,22.22431500877674,0
8326,21.931290027840035,0
8327,20.80021044494603,0
8328,20.263426900056587,0
8329,19.62653262833757,0
8330,18.157240888906177,0
8331,17.892067339880985,0
8332,15.929756081534224,0
8333,16.628532151012045,0
8334,15.74158886300999,0
8335,15.80071922132793,0
8336,16.383155954218424,0
8337,15.755439351549771,0
8338,15.629434049084672,0
8339,16.10561826156821,0
8340,12.733457301805398,0
8341,15.462436683535177,0
8342,15.155985304827785,0
8343,15.295380423290498,0
8344,14.430854212973609,0
8345,16.565759071021,0
8346,17.56797987626844,0
8347,17.94466468421314,0
8348,17.4251488435541,0
8349,18.702967513345683,0
8350,19.592728506839844,0
8351,21.093910865403167,0
8352,21.177302664727055,0
8353,20.794308553859807,0
8354,21.390350115546696,0
8355,22.078630910134816,0
8356,22.722492854315917,0
8357,22.575445548193375,0
8358,24.277571673976922,0
8359,23.31157023041531,0
8360,23.57035701004064,0
8361,24.96295259057639,0
8362,24.286931946722106,0
8363,24.728657779084603,0
8364,23.022902517258363,0
8365,25.71978446269013,0
8366,24.82785998990794,0
8367,24.50182059044729,0
8368,24.775791696957114,0
8369,24.17115018464955,0
8370,22.871607114937863,0
8371,24.960737655996443,0
8372,22.07339986377693,0
8373,22.846421669402222,0
8374,23.043993021226278,0
8375,20.063760423284794,0
8376,20.092645358075313,0
8377,18.569624901933203,0
8378,19.71098103706044,0
8379,17.770111236626512,0
8380,16.453156480161923,0
8381,18.21542202491256,0
8382,17.343038244204056,0
8383,15.188061133892216,0
8384,16.801654704416073,0
8385,15.569642896111178,0
8386,17.763784835232876,0
8387,16.68199763894948,0
8388,14.472803144293907,0
8389,14.787934808112118,0
8390,14.335556315349326,0
8391,15.509776744315092,0
8392,15.716885833707627,0
8393,16.737408114924595,0
8394,16.548658113493676,0
8395,15.553953951072,0
8396,16.727170609525903,0
8397,19.43748361543774,0
8398,19.809334332677793,0
8399,19.194251500304606,0
8400,19.871298864877698,0
8401,20.492751649511977,0
8402,21.316471047010555,0
8403,20.312398037105158,0
8404,23.354837201665795,0
8405,22.41647368287928,0
8406,23.676325089023383,0
8407,21.554893472859014,0
8408,24.554052872149057,0
8409,25.897070424789913,0
8410,22.69640869117044,0
8411,26.407683238172556,0
8412,25.45128912862026,0
8413,24.257715265638605,0
8414,23.31627370286184,0
8415,25.72971635609546,0
8416,24.57944965823332,0
8417,24.53317648129227,0
8418,23.276466705110614,0
8419,22.28295509167423,0
8420,23.331296558615346,0
8421,21.001877398202794,0
8422,22.154830484351958,0
8423,19.056972653507007,0
8424,19.116352500930493,0
8425,17.960587244714834,0
8426,19.957139329205123,0
8427,16.41406555701614,0
8428,16.411618314067155,0
8429,17.587168180035974,0
8430,16.683352872568623,0
8431,18.128109974560093,0
8432,17.429403742365388,0
8433,15.970600408498806,0
8434,15.829812292946567,0
8435,13.29820440608796,0
8436,14.157224154015392,0
8437,14.728843665268199,0
8438,15.000484266308275,0
8439,14.065583292790233,0
8440,14.779444109111902,0
8441,15.223188905764875,0
8442,17.48028015203169,0
8443,17.3630862242667,0
8444,17.182384656092303,0
8445,17.822769512811124,0
8446,18.984288775357403,0
8447,18.67992285961672,0
8448,19.747800960825316,0
8449,19.005808776382025,0
8450,21.934414907616006,0
8451,22.832428726529464,0
8452,22.84617764854076,0
8453,23.500247799821643,0
8454,23.884541946165083,0
8455,25.91896928024462,0
8456,24.524486398523177,0
8457,23.353554115587944,0
8458,23.826102062000782,0
8459,25.637507806980175,0
8460,26.01983124709163,0
8461,25.6939305093784,0
8462,25.632562991387708,0
8463,24.797061447168268,0
8464,22.90436080611559,0
8465,23.2868456862336,0
8466,21.801431422428276,0
8467,22.671508615201063,0
8468,21.192849993049848,0
8469,22.003742988499365,0
8470,21.12883421072236,0
8471,18.783524133042846,0
8472,20.699078680675786,0
8473,20.073265755722144,0
8474,17.369909356899665,0
8475,18.221412171651284,0
8476,18.18359678962256,0
8477,16.67324201169951,0
8478,17.280810619334936,0
8479,16.209258568720806,0
8480,16.694095113421366,0
8481,15.553039366063317,0
8482,15.00573881766845,0
8483,15.526840003230507,0
8484,15.74523440785849,0
8485,15.274992920273052,0
8486,14.731250597290584,0
8487,14.613642018561505,0
8488,15.302396795463022,0
8489,15.473239910538505,0
8490,16.651726173849674,0
8491,17.10906227937494,0
8492,17.407450300877272,0
8493,18.0732557773569,0
8494,18.859779424892256,0
8495,20.8417416511903,0
8496,21.14585987287213,0
8497,20.085347206680588,0
8498,21.68724109644655,0
8499,21.584037893588167,0
8500,22.393016390615404,0
8501,22.795420687605887,0
8502,22.920103179667848,0
8503,22.6421745073556,0
8504,21.944827801140413,0
8505,24.79768137944205,0
8506,25.95359564969548,0
8507,24.06917824134153,0
8508,25.471779259458195,0
8509,24.569079620952696,0
8510,25.08255841219518,0
8511,23.825582120418158,0
8512,24.090137538108053,0
8513,23.843051418692,0
8514,21.225555510193608,0
8515,23.23391829597425,0
8516,22.349341570410967,0
8517,19.50230240257051,0
8518,21.901800371662958,0
8519,20.60107064343545,0
8520,20.177647955958328,0
8521,19.675950516090484,0
8522,18.283862320560107,0
8523,17.027880187962538,0
8524,17.04941320314634,0
8525,16.522539455964328,0
8526,18.586938927650987,0
8527,17.792302407287593,0
8528,15.176504092816263,0
8529,14.958408126013396,0
8530,15.45909278005906,0
8531,15.56567906078128,0
8532,14.30727137082513,0
8533,14.051003368096776,0
8534,17.01632095331011,0
8535,16.3778005388234,0
8536,14.141787636915248,0
8537,14.299589087346348,0
8538,15.639300316489424,0
8539,17.14343807803641,0
8540,18.004120593311203,0
8541,17.73028254103884,0
8542,17.114233826814452,0
8543,19.53292957704608,0
8544,20.556297594335753,0
8545,20.62395376288012,0
8546,20.785887102541786,0
8547,22.443010327428212,0
8548,22.416718705928055,0
8549,21.927741560557163,0
8550,23.598197480236056,0
8551,22.68110964325479,0
8552,25.23649770696717,0
8553,25.045354055086307,0
8554,23.83287289659662,0
8555,25.13361775345058,0
8556,26.185799816676784,0
8557,22.843606750054004,0
8558,24.66401142147137,0
8559,26.190633776855947,0
8560,22.790729827311324,0
8561,23.773974642971673,0
8562,22.118935238541667,0
8563,22.947941281993664,0
8564,20.131563514835225,0
8565,20.302523976294218,0
8566,20.740160268678736,0
8567,20.75707344906421,0
8568,20.338686308855856,0
8569,19.731782884719827,0
8570,19.796104198414262,0
8571,18.737452404079736,0
8572,18.190192457049015,0
8573,15.969930502191387,0
8574,16.281530359070707,0
8575,19.11325913773639,0
8576,17.85511068820554,0
8577,16.160649198553266,0
8578,15.863533866938385,0
8579,15.979520249461794,0
8580,14.575090233068698,0
8581,16.93017887087989,0
8582,14.77271654349205,0
8583,15.27035183404614,0
8584,17.77191682006534,0
8585,13.964541877022842,0
8586,16.789381653844565,0
8587,15.237309709797866,0
8588,16.829544504968016,0
8589,17.966709094737425,0
8590,18.330386185077934,0
8591,19.487915999421723,0
8592,19.216363796177454,0
8593,20.521128652915678,0
8594,20.098135531400246,0
8595,21.50265427721962,0
8596,21.106171302967404,0
8597,23.65897219791549,0
8598,22.232169458653107,0
8599,24.619141791162033,0
8600,23.89282161789532,0
8601,24.290797545691518,0
8602,25.96193336471118,0
8603,25.033976175914646,0
8604,23.103199168415404,0
8605,25.419717039180686,0
8606,21.93979270781308,0
8607,24.852742786705846,0
8608,23.904917001724115,0
8609,22.556238820826387,0
8610,23.583433409629468,0
8611,22.709676396916546,0
8612,24.450707083911844,0
8613,21.450515956055668,0
8614,23.183090807449446,0
8615,21.98948229658346,0
8616,19.36620701590615,0
8617,18.510382913354935,0
8618,19.982049979800315,0
8619,17.921994108712365,0
8620,17.628218031355527,0
8621,16.674268301605032,0
8622,15.23657778076793,0
8623,15.63432535705844,0
8624,14.68936238294826,0
8625,13.833822767887133,0
8626,14.849691026401773,0
8627,16.781865628895495,0
8628,16.573220461774255,0
8629,14.951503200237305,0
8630,15.275057879446967,0
8631,15.859477773077447,0
8632,16.989512615065383,0
8633,16.319429908507075,0
8634,15.960639270254218,0
8635,16.537757297706182,0
8636,18.5958179893689,0
8637,20.64314845167852,0
8638,18.05421827215836,0
8639,17.27945590675714,0
8640,20.775799668623332,0
8641,20.54680585527751,0
8642,21.4025700179278,0
8643,23.113826770386638,0
8644,22.537855496569428,0
8645,21.69502127785039,0
8646,21.553269043188475,0
8647,23.890177796039964,0
8648,23.148495496143042,0
8649,24.878689303320208,0
8650,23.532024793248365,0
8651,24.577196015348317,0
8652,23.50644836707245,0
8653,24.566879810536648,0
8654,24.35612101227366,0
8655,25.183150679123322,0
8656,25.639388947228483,0
8657,23.755067021065845,0
8658,22.6478087445035,0
8659,24.96457439112726,0
8660,22.833467651276106,0
8661,22.494655833831054,0
8662,21.872760740773774,0
8663,22.074832680361354,0
8664,20.978739067825757,0
8665,19.995669788304568,0
8666,19.443307310613758,0
8667,17.203312439480705,0
8668,16.86623428670336,0
8669,16.823199978418767,0
8670,16.530888982362757,0
8671,16.025336487711495,0
8672,15.951627616297868,0
8673,15.380862295704397,0
8674,14.71776144109891,0
8675,13.397297630512544,0
8676,15.807973466452333,0
8677,15.603087506981934,0
8678,14.267958616524417,0
8679,15.85123267633311,0
8680,16.03788732281739,0
8681,16.080035671312267,0
8682,14.60400065052764,0
8683,15.727325962687814,0
8684,16.874831576885672,0
8685,19.671759566506243,0
8686,17.823535640143632,0
8687,18.975689559148716,0
8688,18.86595733058249,0
8689,20.135652504400404,0
8690,21.6101831128673,0
8691,19.817973676180614,0
8692,19.64283183699286,0
8693,23.678922151868925,0
8694,23.54459973602038,0
8695,23.337102624410424,0
8696,25.271549261764143,0
8697,25.56268455434361,0
8698,22.71090219508839,0
8699,24.763822674968207,0
8700,26.08052731204296,0
8701,24.263422469461702,0
8702,24.4904893888333,0
8703,25.54571459179691,0
8704,24.036463208571966,0
8705,22.745382900665728,0
8706,22.82391048706791,0
8707,21.69364660306214,0
8708,23.02724741140398,0
8709,20.165118062250293,0
8710,22.2686628558034,0
8711,18.982842929459895,0
8712,20.018852157999643,0
8713,17.85593724974732,0
8714,18.36395130356993,0
8715,19.081676561146654,0
8716,18.595105846628023,0
8717,18.23359404706308,0
8718,16.34927864372388,0
8719,16.114147756795266,0
8720,15.875772414706542,0
8721,15.969698039530117,0
8722,14.74506749681641,0
8723,16.115947967438412,0
8724,15.29905313713753,0
8725,16.159784259137837,0
8726,15.621474062406126,0
8727,16.031883954991258,0
8728,14.913727644272107,0
8729,15.59092057924652,0
8730,15.146917595589564,0
8731,16.634192467529157,0
8732,17.297594061908864,0
8733,18.895825164753767,0
8734,17.420864727923682,0
8735,22.55473654071692,0
8736,19.85168242379196,0
8737,21.88416301325285,0
8738,22.30712730347301,0
8739,19.367091652201367,0
8740,22.211274901567226,0
8741,24.490589183103534,0
8742,21.084624388142387,0
8743,24.7089990095922,0
8744,23.38785956324345,0
8745,24.126294271459606,0
8746,25.02693915053411,0
8747,23.064528668972045,0
8748,25.16871893696687,0
8749,24.2840483412169,0
8750,24.053196864203603,0
8751,25.293737109312065,0
8752,27.810419595792915,0
8753,24.28250412379305,0
8754,24.061467071901685,0
8755,22.965518037626502,0
8756,21.749121051496985,0
8757,22.144182957673262,0
8758,22.78444367730279,0
8759,20.813851334005086,0
8760,20.862445506018926,0
8761,19.09206390091777,0
8762,21.197570726365303,0
8763,16.409128471127847,0
8764,18.05613827168972,0
8765,17.468648310415162,0
8766,16.701114720054964,0
8767,14.88680078436359,0
8768,14.501511381806921,0
8769,15.114641300433233,0
8770,15.23860896149035,0
8771,13.798425962136562,0
8772,13.902185744013437,0
8773,15.570963982026074,0
8774,16.17017185816082,0
8775,14.786614388835432,0
8776,14.938254374203039,0
8777,15.272693963484175,0
8778,18.909186824291066,0
8779,17.411905179272992,0
8780,17.399888224980714,0
8781,19.058398094773754,0
8782,20.967152664038107,0
8783,20.483577283250096,0
8784,18.536587315297794,0
8785,20.531467354278043,0
8786,20.85371329781275,0
8787,21.534064692983936,0
8788,21.245583323793326,0
8789,22.614954864238417,0
8790,22.413130584819772,0
8791,24.268952324464,0
8792,24.3374384954272,0
8793,23.165423465373646,0
8794,23.08178480651401,0
8795,24.438424056518016,0
8796,25.613574684393658,0
8797,25.41399144604171,0
8798,24.72425390583994,0
8799,21.269872662390217,0
8800,23.79534008652101,0
8801,23.185661734727244,0
8802,23.160156923760713,0
8803,21.781581764529328,0
8804,22.026582638701743,0
8805,21.207194305823972,0
8806,23.975619167341584,0
8807,21.31831627653275,0
8808,19.766486597600057,0
8809,19.259241195258404,0
8810,18.546778763813887,0
8811,18.23537562961828,0
8812,17.053808860471133,0
8813,16.898409227526823,0
8814,17.453711203283106,0
8815,16.82681952246408,0
8816,15.939579288174905,0
8817,16.676230069383376,0
8818,15.355216895930987,0
8819,14.01826205944293,0
8820,13.207250782674679,0
8821,14.304965119175062,0
8822,15.067227541217527,0
8823,15.739817275990248,0
8824,16.71012217006437,0
8825,15.4172665758167,0
8826,15.61645595312359,0
8827,17.68949782274604,0
8828,18.64063321060503,0
8829,17.567371189844366,0
8830,19.00425518037583,0
8831,20.686792346720722,0
8832,20.281534231280574,0
8833,20.557584794556732,0
8834,19.16925897826931,0
8835,23.20282013886082,0
8836,23.10574976504898,0
8837,23.129856637916387,0
8838,23.029092671249956,0
8839,22.67672501971597,0
8840,24.19008188677815,0
8841,24.47221161438015,0
8842,25.890084986834843,0
8843,23.7019755347049,0
8844,26.40532596624711,0
8845,24.95226098002986,0
8846,25.979709260476,0
8847,23.60670434980681,0
8848,24.63762538761275,0
8849,25.15036753645559,0
8850,23.610451960361416,0
8851,21.529802373163946,0
8852,22.128936960087625,0
8853,22.41007710696351,0
8854,19.851362011495464,0
8855,19.164495234279702,0
8856,20.19574707491939,0
8857,18.354534998807143,0
8858,19.34834499815406,0
8859,16.868103466002225,0
8860,15.619663289093246,0
8861,16.138063127268282,0
8862,17.920395058980738,0
8863,15.128070697335902,0
8864,15.624467201386718,0
8865,15.587950547770172,0
8866,14.178921589898321,0
8867,16.096925629819907,0
8868,15.138041660263422,0
8869,15.44972963171013,0
8870,13.445650893726635,0
8871,13.58802917063218,0
8872,12.870266031096111,0
8873,15.804255165990474,0
8874,16.195950189858078,0
8875,17.64210920822254,0
8876,18.94963671886891,0
8877,17.794285984180764,0
8878,18.398560173042767,0
8879,19.760517650403845,0
8880,21.49350300469035,0
8881,19.789974686449064,0
8882,21.883223879915935,0
8883,21.62845360737141,0
8884,22.127401341785706,0
8885,23.82256498535001,0
8886,22.70659339315264,0
8887,22.85957346806302,0
8888,24.959297075915337,0
8889,24.55719447620282,0
8890,24.528900311468263,0
8891,24.7869141381962,0
8892,25.460685477398485,0
8893,24.550155134462727,0
8894,25.559509728333047,0
8895,24.997615536033432,0
8896,25.7773335292639,0
8897,25.197733757188676,0
8898,24.357583744710155,0
8899,22.804925789658096,0
8900,22.582598287237882,0
8901,21.284257250645528,0
8902,24.112276715296773,0
8903,20.395337556410823,0
8904,20.521064719024803,0
8905,20.672436172261317,0
8906,17.307162018007574,0
8907,17.225384702038976,0
8908,17.07034502143688,0
8909,15.926591877616127,0
8910,15.161222186606606,0
8911,15.482204243822588,0
8912,16.929391048336726,0
8913,16.071723475292497,0
8914,15.172008863993375,0
8915,15.038075733340184,0
8916,13.305224892162137,0
8917,15.706924366486128,0
8918,15.564169983247732,0
8919,14.265529252928529,0
8920,15.844671126735566,0
8921,15.808452504053466,0
8922,15.914090695941438,0
8923,15.935122187343286,0
8924,16.792359437881224,0
8925,17.111830484726262,0
8926,19.135935148920147,0
8927,19.6813800905489,0
8928,20.291235790338533,0
8929,20.439042533220785,0
8930,20.85520023766293,0
8931,23.925471710469644,0
8932,20.606680793725143,0
8933,24.209949753529337,0
8934,23.85872263161552,0
8935,24.005461462045222,0
8936,23.790679257818507,0
8937,24.3702330417746,0
8938,23.613191540082674,0
8939,23.539400940280764,0
8940,24.858255840906068,0
8941,23.270985739962008,0
8942,25.63926341673637,0
8943,25.70466963547831,0
8944,20.85987217249136,0
8945,22.384312910370973,0
8946,23.77825209456008,0
8947,23.2265088843715,0
8948,22.58232743963029,0
8949,22.306393030478024,0
8950,22.011926084818437,0
8951,21.49008039209995,0
8952,21.76166343840114,0
8953,19.34607314319608,0
8954,19.54174598840712,0
8955,16.43598812618793,0
8956,17.341120198995945,0
8957,15.70937967201457,0
8958,17.830783240533414,0
8959,18.34151176570493,0
8960,16.184904610193527,0
8961,14.053703669443514,0
8962,15.031529067716846,0
8963,15.04615740473041,0
8964,15.172751406307496,0
8965,16.10638481800045,0
8966,16.099109611158582,0
8967,12.705911054448082,0
8968,17.011430725056282,0
8969,15.511938833700931,0
8970,15.880705278863015,0
8971,18.348371336612708,0
8972,17.208674264491616,0
8973,16.691775364640765,0
8974,17.356129332915447,0
8975,19.380990170037276,0
8976,20.883470141004224,0
8977,22.129763601727998,0
8978,21.099564344646843,0
8979,21.421341864441505,0
8980,24.099463437268927,0
8981,22.56274040338688,0
8982,24.970159328395813,0
8983,24.177942791495468,0
8984,24.544151116209626,0
8985,24.36093350111444,0
8986,25.10330270280625,0
8987,24.4697578991681,0
8988,24.297944735936632,0
8989,24.79902748044584,0
8990,24.15648737133431,0
8991,24.900658633806422,0
8992,24.392564835287118,0
8993,23.68174344330957,0
8994,23.313066930031002,0
8995,22.792476917845992,0
8996,24.216060852014287,0
8997,21.881395679803475,0
8998,20.677381095116257,0
8999,20.334010938341205,0
9000,20.639429783040175,0
9001,19.123910947196936,0
9002,18.53220273783977,0
9003,17.807301963563496,0
9004,17.6415163900344,0
9005,17.323563783496464,0
9006,16.88478116163744,0
9007,14.374653034113694,0
9008,14.579562194131498,0
9009,12.729727022549385,0
9010,15.947875195539854,0
9011,16.126903762035234,0
9012,16.275991453067828,0
9013,15.162521502741074,0
9014,16.29491129325849,0
9015,15.319586148410131,0
9016,15.525132441689085,0
9017,14.469214066508844,0
9018,15.658483328273686,0
9019,16.34064770215168,0
9020,18.39378330054264,0
9021,19.72024039958181,0
9022,18.21334491096045,0
9023,19.695586351736193,0
9024,20.25162716268762,0
9025,19.855411525245685,0
9026,19.549789856902883,0
9027,21.136650295341585,0
9028,21.03963459317469,0
9029,22.703659801240025,0
9030,23.36926293647684,0
9031,23.76107580115168,0
9032,24.137006257223266,0
9033,25.0770160158811,0
9034,23.873604819777622,0
9035,25.818778322710344,0
9036,23.304557277437496,0
9037,24.993620020898323,0
9038,25.191740431181728,0
9039,23.802562255771416,0
9040,22.711284876769902,0
9041,24.57768747359408,0
9042,22.836244626824087,0
9043,23.79748618427787,0
9044,23.240211977841415,0
9045,21.88051744671742,0
9046,21.26542377850788,0
9047,21.61102475313478,0
9048,20.348477297312435,0
9049,18.388724580990097,0
9050,18.84604269789887,0
9051,18.6118736842278,0
9052,17.674797811981822,0
9053,17.117811149058205,0
9054,16.290129865521195,0
9055,15.887746900129123,0
9056,14.710091575914435,0
9057,13.926886131081622,0
9058,16.264971386705135,0
9059,14.380966107717718,0
9060,15.19406348364539,0
9061,13.519898865640181,0
9062,15.300711110571147,0
9063,14.528907936044874,0
9064,18.598153865361226,0
9065,14.991518933216472,0
9066,15.47564830202874,0
9067,17.867289366983403,0
9068,18.604539364203553,0
9069,15.962080731805061,0
9070,18.931759240596055,0
9071,20.193841833835204,0
9072,18.754448620776508,0
9073,21.304878102805823,0
9074,20.741504007127062,0
9075,20.89234406426483,0
9076,22.12294376555323,0
9077,22.556423947398052,0
9078,22.124997044041525,0
9079,26.16322045690892,0
9080,23.849033590462476,0
9081,23.848646469502604,0
9082,25.65016343585868,0
9083,24.85654184569099,0
9084,26.297009619645408,0
9085,24.662991515296685,0
9086,25.150133670131165,0
9087,24.68320971178012,0
9088,24.466885178007463,0
9089,23.731028950028595,0
9090,23.40302186187758,0
9091,24.67997137218781,0
9092,21.79523441375472,0
9093,21.341874952059907,0
9094,20.923849145282087,0
9095,21.19016017663632,0
9096,20.369355405092524,0
9097,20.24687481389435,0
9098,17.346588334365133,0
9099,18.31503644861435,0
9100,17.296096640262522,0
9101,16.642992726836603,0
9102,16.598094346413074,0
9103,14.050540646460233,0
9104,15.911855924690075,0
9105,15.494997798007185,0
9106,13.72438601323886,0
9107,14.919468593924083,0
9108,16.507833572651002,0
9109,14.629032252243888,0
9110,15.729481704821294,0
9111,15.128083518952135,0
9112,14.83627990317856,0
9113,15.091624993091845,0
9114,16.04165221524261,0
9115,18.216214822905414,0
9116,18.280257937095538,0
9117,17.35801020450473,0
9118,19.666698750998236,0
9119,19.191951612669186,0
9120,19.286518633700965,0
9121,21.05040149466798,0
9122,20.362094651796465,0
9123,20.329627979828434,0
9124,23.753302432191653,0
9125,21.205842874034904,0
9126,24.043563494172314,0
9127,22.428781152727307,0
9128,24.272880444126137,0
9129,24.39530060896317,0
9130,24.366514568918078,0
9131,22.765773717544686,0
9132,24.864312089836833,0
9133,24.892823032795537,0
9134,23.913840448303453,0
9135,24.524711667538845,0
9136,25.284735909486162,0
9137,23.229172499872508,0
9138,23.762610505931967,0
9139,21.879832553194063,0
9140,22.850876076815652,0
9141,22.51879920144525,0
9142,23.71871187040091,0
9143,21.520900714080167,0
9144,20.40156175467176,0
9145,20.713077438921825,0
9146,17.698134028464374,0
9147,19.119466109131057,0
9148,16.93653730683757,0
9149,16.319600417951804,0
9150,17.520845912566916,0
9151,16.239494796446518,0
9152,16.953703890184116,0
9153,13.92683789361928,0
9154,15.415283371727286,0
9155,14.50066991394786,0
9156,14.710152506229754,0
9157,13.139348637897193,0
9158,16.071751259063877,0
9159,15.565487682851634,0
9160,14.676286455125416,0
9161,14.684748857103438,0
9162,15.586431685773736,0
9163,18.312123237483473,0
9164,17.380799834912153,0
9165,17.737893447938074,0
9166,19.171982360228778,0
9167,19.339953782512485,0
9168,20.209767940339795,0
9169,21.36636637706927,0
9170,21.602533336682985,0
9171,22.76067457349492,0
9172,21.310238643934493,0
9173,23.089772883827894,0
9174,23.171424568542633,0
9175,24.056885475301755,0
9176,24.27664047732873,0
9177,23.981323124461902,0
9178,24.47366808245145,0
9179,25.87543846838215,0
9180,24.44545181650227,0
9181,23.723616592449268,0
9182,25.40250078073345,0
9183,25.563752933077726,0
9184,24.055571809824787,0
9185,24.083012820999418,0
9186,22.70476916123491,0
9187,22.836910366160744,0
9188,23.578465515416767,0
9189,22.693099422465206,0
9190,21.433021198390925,0
9191,20.377025306057142,0
9192,18.396923201121478,0
9193,19.651439510311445,0
9194,19.150422748357965,0
9195,19.115956033093045,0
9196,19.471268332726744,0
9197,17.321944947788094,0
9198,17.39919452324694,0
9199,14.936888734599066,0
9200,16.848174145792136,0
9201,16.22881222577554,0
9202,16.503852675237454,0
9203,15.702775851474392,0
9204,15.442518980670863,0
9205,16.48971274591792,0
9206,14.520940740724132,0
9207,16.01164737588751,0
9208,16.730832583167267,0
9209,15.267278055825706,0
9210,15.340500146004262,0
9211,17.383211252864857,0
9212,17.62507968978925,0
9213,18.685604593670604,0
9214,19.340389898217104,0
9215,18.60456060006207,0
9216,20.336304998974576,0
9217,21.760504033617032,0
9218,20.955204175788772,0
9219,21.64368306443902,0
9220,21.408663525845746,0
9221,23.849956705736627,0
9222,25.44908125837434,0
9223,22.64144961975479,0
9224,25.08397149873219,0
9225,25.510948229552422,0
9226,24.295016097227908,0
9227,24.605999009819268,0
9228,23.993057251606594,0
9229,24.206156006968563,0
9230,25.00430473689383,0
9231,25.26885280906361,0
9232,24.457932977583955,0
9233,24.814843473440916,0
9234,23.749827768142623,0
9235,21.9193937517202,0
9236,23.93047603443792,0
9237,23.084044408577252,0
9238,20.61812095162865,0
9239,22.39710252558225,0
9240,20.47479488443239,0
9241,19.49413520861314,0
9242,20.59335672775411,0
9243,15.670242099996972,0
9244,15.954141816233944,0
9245,17.668585736126452,0
9246,16.245088180471882,0
9247,15.131173166908477,0
9248,17.16082198965927,0
9249,15.877214662305917,0
9250,13.948327707008366,0
9251,14.421642129905901,0
9252,15.847125450903906,0
9253,16.80686641160942,0
9254,13.241556206734279,0
9255,15.648795684916797,0
9256,15.322789106815225,0
9257,14.35537293831267,0
9258,16.32817218364582,0
9259,15.419515601301436,0
9260,17.003053916521036,0
9261,19.691289870042283,0
9262,19.234435150318543,0
9263,20.13708765622099,0
9264,20.612856151670545,0
9265,21.027083970169308,0
9266,22.2717211663146,0
9267,20.80639889567239,0
9268,22.179369273239264,0
9269,23.90654288399808,0
9270,22.85654994709973,0
9271,23.57139797780475,0
9272,25.539794328346392,0
9273,26.14871768596687,0
9274,24.272161866265485,0
9275,24.195395444102974,0
9276,25.60423003935781,0
9277,25.256618592152208,0
9278,24.208500037014897,0
9279,25.237498065347086,0
9280,24.90708078612474,0
9281,24.082754975398302,0
9282,26.44064530719106,0
9283,24.40788727345686,0
9284,23.333254646919368,0
9285,22.95082318120524,0
9286,24.22321114475867,0
9287,21.763084257417294,0
9288,19.33753239942849,0
9289,19.700348876032738,0
9290,18.817390740180965,0
9291,17.57236850165751,0
9292,17.794112422587403,0
9293,17.24199047324388,0
9294,16.450528894221886,0
9295,15.5988735577658,0
9296,16.52023634112097,0
9297,13.862744451622808,0
9298,16.016695635449572,0
9299,15.093589818190747,0
9300,15.309968349983192,0
9301,12.763094842427158,0
9302,16.854208834458298,0
9303,13.731127881559615,0
9304,14.86678955942127,0
9305,16.70444376227386,0
9306,15.914037754782889,0
9307,16.600000382788686,0
9308,15.358391413968421,0
9309,17.70218647299746,0
9310,18.955928577004578,0
9311,20.053990733182527,0
9312,19.762114049907733,0
9313,20.90993574611796,0
9314,21.765868717242867,0
9315,21.297193416702772,0
9316,21.808995376968802,0
9317,25.006139313598467,0
9318,22.7465861862161,0
9319,25.217118376221993,0
9320,24.44357151220711,0
9321,26.105259651413547,0
9322,24.248504720901465,0
9323,25.508262892006652,0
9324,25.368667780533492,0
9325,24.779500782541675,0
9326,25.178366552944958,0
9327,23.911703139142432,0
9328,24.296237511374017,0
9329,23.620514333683715,0
9330,24.326004119869786,0
9331,22.99970061200924,0
9332,21.180687659983885,0
9333,21.594172511625665,0
9334,21.242944168023683,0
9335,19.812802509877585,0
9336,21.349017919919227,0
9337,19.788930298044413,0
9338,19.57689782359853,0
9339,17.38279892858544,0
9340,17.15441181432817,0
9341,17.9896039788057,0
9342,15.10553226867623,0
9343,16.438679873143766,0
9344,15.802807609582183,0
9345,14.935421508434198,0
9346,15.304217106155397,0
9347,14.03285395336908,0
9348,15.265430379237348,0
9349,13.894530544228333,0
9350,13.963374676625184,0
9351,16.797897413504536,0
9352,15.026816525898965,0
9353,14.00401123146641,0
9354,17.465825516955697,0
9355,16.24339597405891,0
9356,14.087688472387239,0
9357,18.075419064911454,0
9358,19.6618194776687,0
9359,19.73821420542389,0
9360,21.734371738790436,0
9361,20.575122701759767,0
9362,21.927749260371193,0
9363,20.96940593660724,0
9364,22.706259241269404,0
9365,24.593980824662104,0
9366,24.076766969245003,0
9367,24.172587815922075,0
9368,22.433573551394957,0
9369,24.29507593972216,0
9370,23.609091873235,0
9371,25.767382213378646,0
9372,24.31987541853652,0
9373,25.359030635699444,0
9374,23.891066540683525,0
9375,26.52080046025734,0
9376,23.22323999130408,0
9377,24.148661569325363,0
9378,26.16829630027595,0
9379,23.301941401811426,0
9380,21.688008387479957,0
9381,22.56494003515024,0
9382,22.31693314699086,0
9383,21.556447393740424,0
9384,18.108250248849888,0
9385,19.607401118715057,0
9386,16.65867030124846,0
9387,20.002870094372764,0
9388,17.617652612029623,0
9389,16.549424148132008,0
9390,17.17477485824274,0
9391,16.56134049743513,0
9392,14.549416239432983,0
9393,17.029755876149302,0
9394,14.978758993737882,0
9395,13.356691988316022,0
9396,16.42883018094671,0
9397,16.60357899099644,0
9398,16.457013096848016,0
9399,15.970381093000485,0
9400,14.837832426629657,0
9401,17.00732596290357,0
9402,18.349379993539294,0
9403,17.809764321984474,0
9404,19.13062203633406,0
9405,17.36958603401267,0
9406,19.762720711389274,0
9407,20.323149835830357,0
9408,18.57652401348782,0
9409,19.09434891794468,0
9410,20.632393480246048,0
9411,22.044386303449958,0
9412,22.998838913988504,0
9413,22.871448902790405,0
9414,23.522045786298747,0
9415,23.906189033924452,0
9416,24.468475591098436,0
9417,25.249268485193323,0
9418,25.372418913393094,0
9419,24.95474070029596,0
9420,25.308573331780146,0
9421,24.562259461081926,0
9422,25.671120595559163,0
9423,24.171771565344645,0
9424,26.00921330717668,0
9425,23.995569575809174,0
9426,23.859969614941058,0
9427,22.342691664339004,0
9428,22.210712694002755,0
9429,22.129616836693273,0
9430,21.36583469447747,0
9431,20.089152952392865,0
9432,18.901165749863903,0
9433,19.440280771771228,0
9434,18.911744029466977,0
9435,18.68467141740445,0
9436,18.790573500905378,0
9437,16.69950873627083,0
9438,14.537888610042572,0
9439,15.944732259222395,0
9440,13.891040324417535,0
9441,14.157477669082958,0
9442,16.24699456158087,0
9443,15.659334243489402,0
9444,14.413927640386138,0
9445,14.465807973818082,0
9446,15.136025576770912,0
9447,13.690964183941972,0
9448,16.2014013272462,0
9449,15.740882380482716,0
9450,18.34779558952038,0
9451,15.957640726672569,0
9452,18.55211583815113,0
9453,17.464011394085013,0
9454,19.775334713364934,0
9455,18.4290163200261,0
9456,20.785195385820305,0
9457,20.270224414784856,0
9458,20.528987451803523,0
9459,21.819389792807044,0
9460,23.029328264274017,0
9461,23.501841767594613,0
9462,25.16197294299376,0
9463,24.840068866893297,0
9464,21.762596237545328,0
9465,24.276583177463962,0
9466,22.902419164723906,0
9467,24.63097701487572,0
9468,25.676946340115745,0
9469,23.682090867668077,0
9470,23.71035467688335,0
9471,24.8192304418932,0
9472,24.099309570768394,0
9473,25.599822852655766,0
9474,23.913075023787,0
9475,23.63052524790848,0
9476,24.299341654324753,0
9477,21.47087577857942,0
9478,21.34946601978109,0
9479,19.720924331471924,0
9480,20.31415227945352,0
9481,20.435673980911247,0
9482,20.126861796538375,0
9483,18.107864108623417,0
9484,16.849038921178032,0
9485,16.25046739998178,0
9486,15.132430178710708,0
9487,16.21245455421962,0
9488,17.083321493527944,0
9489,13.075571319668526,0
9490,13.059671375813956,0
9491,16.499562531756933,0
9492,13.45379000378649,0
9493,15.43241853487662,0
9494,13.97431807890741,0
9495,16.22107818214779,0
9496,16.51112392763103,0
9497,16.262665734817688,0
9498,17.349262351160917,0
9499,17.068062145072123,0
9500,18.12471663792641,0
9501,19.969489284636165,0
9502,19.86485697545661,0
9503,18.75338739676004,0
9504,19.261608107819523,0
9505,20.47817251932091,0
9506,21.129579643902048,0
9507,22.049338327450204,0
9508,21.961543294357632,0
9509,23.760522645176625,0
9510,23.638895375494776,0
9511,24.393839190026434,0
9512,24.403464154860966,0
9513,25.30026316813566,0
9514,23.701713264024995,0
9515,26.603544444673517,0
9516,25.41411189372496,0
9517,25.47478229661592,0
9518,25.509209989968834,0
9519,25.769599624497015,0
9520,25.13560249864031,0
9521,24.274064654394344,0
9522,23.42497825993492,0
9523,21.472043626576095,0
9524,22.785717523393984,0
9525,21.673285065989454,0
9526,21.05315116505892,0
9527,23.12817689698793,0
9528,18.214956901131494,0
9529,19.47670745476704,0
9530,19.991419722133546,0
9531,19.12128562619174,0
9532,18.813806522318266,0
9533,15.764003476836638,0
9534,15.579251274792234,0
9535,16.7277687801518,0
9536,15.450119052257127,0
9537,17.168188130193347,0
9538,15.475813416343755,0
9539,15.316371368661578,0
9540,15.518863432654886,0
9541,14.8498234296048,0
9542,15.368703539911214,0
9543,14.785805382840572,0
9544,15.712975223154341,0
9545,15.630747319144472,0
9546,16.80173296379025,0
9547,15.621423166261687,0
9548,16.09044061271551,0
9549,18.628374050526812,0
9550,19.01514533589407,0
9551,18.466834720733942,0
9552,19.856732893593886,0
9553,19.687814077277523,0
9554,23.41805779626533,0
9555,20.43529014414909,0
9556,24.297493532829346,0
9557,22.305816411033494,0
9558,24.041850796484933,0
9559,23.78983783983015,0
9560,24.035301812455085,0
9561,25.641328286340634,0
9562,25.73156242143049,0
9563,24.754536940143694,0
9564,24.177968475578982,0
9565,27.116638670015938,0
9566,26.320656519459746,0
9567,24.848115172016744,0
9568,24.120836169055945,0
9569,24.347725192780796,0
9570,23.705776019310562,0
9571,24.32813300593299,0
9572,21.623167944827145,0
9573,22.022830304808387,0
9574,20.598860875116475,0
9575,22.048078473649795,0
9576,21.89184689960256,0
9577,19.34500979092828,0
9578,19.33468269277401,0
9579,19.58201972074185,0
9580,17.290062781751264,0
9581,16.112307977148838,0
9582,17.594290644202665,0
9583,16.629537048157143,0
9584,15.552537619703962,0
9585,16.931440426138597,0
9586,15.496887358922041,0
9587,13.353021649412653,0
9588,15.436904838825136,0
9589,15.074131014175508,0
9590,17.141680313023407,0
9591,15.454924092888627,0
9592,15.55456406083892,0
9593,16.56115092211355,0
9594,16.800648250868637,0
9595,15.639502644333804,0
9596,17.711007570071356,0
9597,17.85035956682753,0
9598,20.20200379503799,0
9599,21.839064517249373,0
9600,18.974223525720088,0
9601,19.77884268451155,0
9602,20.543777651209272,0
9603,21.348659236013116,0
9604,21.90174786203789,0
9605,23.189997291153226,0
9606,24.716853974181603,0
9607,22.758140011739624,0
9608,22.884028261210645,0
9609,22.86952254294542,0
9610,26.027393932235196,0
9611,26.376891512396323,0
9612,23.55825436775765,0
9613,23.418949740551504,0
9614,25.052963553004354,0
9615,25.805410649128596,0
9616,25.43824178446957,0
9617,24.253744997272772,0
9618,24.311118843835544,0
9619,23.464683194977415,0
9620,22.039361183659015,0
9621,23.915907444783386,0
9622,21.3867988379969,0
9623,19.634402008323203,0
9624,19.626061422251205,0
9625,17.899362311482058,0
9626,18.816829111937096,0
9627,19.27741061257084,0
9628,16.328953900939766,0
9629,18.177957775303526,0
9630,18.652672452044452,0
9631,16.506256225614173,0
9632,14.606267712720442,0
9633,14.621780441892717,0
9634,14.930239947037723,0
9635,13.855145582188882,0
9636,13.844216188236107,0
9637,14.87767641096188,0
9638,15.084630324055636,0
9639,16.081170509520256,0
9640,14.564434459448975,0
9641,18.001027465147544,0
9642,17.621162446380886,0
9643,17.942044375804176,0
9644,16.943542871506796,0
9645,19.921725676800058,0
9646,18.457670967201057,0
9647,21.25886280547245,0
9648,21.16677531160866,0
9649,19.850337136572165,0
9650,20.934643384698763,0
9651,23.880472537680483,0
9652,23.597163511464014,0
9653,22.98351133710349,0
9654,23.834905319552583,0
9655,24.260662428874706,0
9656,23.651996878329015,0
9657,24.51432909697536,0
9658,24.264466608510027,0
9659,24.62351343522199,0
9660,25.562313694734783,0
9661,24.094231545705146,0
9662,25.65201445209599,0
9663,24.824657054426737,0
9664,25.18889493352923,0
9665,24.952417043414457,0
9666,24.878817808239326,0
9667,23.76822984684471,0
9668,23.30348088209102,0
9669,21.828475102103404,0
9670,21.959399410996486,0
9671,19.84593910411876,0
9672,19.848655407073814,0
9673,20.192808276565632,0
9674,18.7490182747672,0
9675,18.628456522348298,0
9676,16.536920678322826,0
9677,18.42159355310903,0
9678,15.981693357144266,0
9679,16.52467521721541,0
9680,15.742147049370725,0
9681,16.41023518297518,0
9682,14.882167761352502,0
9683,14.13574845471345,0
9684,13.193289077082248,0
9685,14.830662498295151,0
9686,14.068735089292622,0
9687,16.01142952218166,0
9688,17.20963898492551,0
9689,13.897841846338801,0
9690,15.266790418355926,0
9691,17.36085534624721,0
9692,18.83238207269222,0
9693,18.48786159250996,0
9694,19.125696125482083,0
9695,19.949450157968435,0
9696,20.67159841505005,0
9697,22.395784318607628,0
9698,22.003183743504156,0
9699,20.763676626429596,0
9700,22.120787784261463,0
9701,23.3490196283146,0
9702,22.816082601186487,0
9703,23.799627975027786,0
9704,23.897242050315537,0
9705,24.01056403417203,0
9706,25.62071809124085,0
9707,24.6610131796154,0
9708,23.997851070688526,0
9709,24.33341880280298,0
9710,24.961848766422438,0
9711,26.835147473673327,0
9712,24.684306609298435,0
9713,25.552109816260835,0
9714,24.12687475348847,0
9715,20.97894746237227,0
9716,22.97502237972706,0
9717,21.151515117154453,0
9718,20.027386011252542,0
9719,19.663790682416213,0
9720,21.892056942901345,0
9721,17.854347044618297,0
9722,18.176661143269197,0
9723,19.34544927017337,0
9724,18.26250838430173,0
9725,15.329359339131669,0
9726,16.446367699741373,0
9727,15.607589299004813,0
9728,15.566756642302062,0
9729,16.230424891648852,0
9730,14.683639642959095,0
9731,14.813825986253434,0
9732,16.561945609187212,0
9733,13.280512738948607,0
9734,14.88814934804009,0
9735,15.946045332964255,0
9736,14.50782003094691,0
9737,15.490714207316682,0
9738,15.233480921175442,0
9739,17.20492421914843,0
9740,16.964438966933027,0
9741,18.970867323534655,0
9742,19.825944663544504,0
9743,19.48568696282399,0
9744,19.70915082287826,0
9745,21.006383431090036,0
9746,21.443495419405618,0
9747,20.778704743641484,0
9748,23.670559023093045,0
9749,23.36230642280409,0
9750,24.42103218387326,0
9751,22.685666824004386,0
9752,25.304132885329967,0
9753,26.8326359955378,0
9754,25.54079425817787,0
9755,23.586305621611885,0
9756,25.127382556518132,0
9757,24.987814402740316,0
9758,25.13937054917649,0
9759,24.473629961416776,0
9760,24.919528933391472,0
9761,23.58767716442617,0
9762,23.856533491660166,0
9763,22.438647945006988,0
9764,22.68873690031612,0
9765,23.006011505905313,0
9766,20.887944464613483,0
9767,21.413839575055935,0
9768,19.193733984439262,0
9769,19.06039856823283,0
9770,18.55553443808932,0
9771,19.4319338757096,0
9772,16.81487376800594,0
9773,18.272824053054425,0
9774,15.07363083062155,0
9775,15.960998295388046,0
9776,16.67793437182002,0
9777,16.16918719451391,0
9778,14.238100383287955,0
9779,13.894658320621813,0
9780,15.972155821841971,0
9781,13.855419908650578,0
9782,15.841773236493053,0
9783,14.940469274306727,0
9784,15.744384363477906,0
9785,18.456821957532473,0
9786,18.11558816279905,0
9787,17.88986554462325,0
9788,16.194175058163538,0
9789,18.49470953075928,0
9790,18.84445084218083,0
9791,19.330509333918066,0
9792,21.435157452738824,0
9793,19.00011459229473,0
9794,21.69959246288086,0
9795,22.125014612064845,0
9796,21.824828183683866,0
9797,24.87267834993631,0
9798,22.33775124258849,0
9799,24.078033348201274,0
9800,24.493947409054794,0
9801,22.485930616833098,0
9802,23.465845608497474,0
9803,24.05907034989166,0
9804,25.87893906059047,0
9805,25.995630702653134,0
9806,25.512739235811736,0
9807,24.94406756289309,0
9808,22.187480234473245,0
9809,24.266586528207515,0
9810,23.096987032156573,0
9811,24.309739001327053,0
9812,23.942773734534466,0
9813,24.258144625440934,0
9814,22.092255717658997,0
9815,21.558199298121853,0
9816,19.036419800229197,0
9817,19.507644724326216,0
9818,17.535100655792117,0
9819,19.074197917483318,0
9820,16.37032687537446,0
9821,16.818300952773697,0
9822,15.712406559715458,0
9823,15.63691628843478,0
9824,16.211263801174205,0
9825,14.887466389443683,0
9826,15.47128701771953,0
9827,14.104053833795184,0
9828,16.492469940588855,0
9829,14.467169143198815,0
9830,16.273268444766014,0
9831,17.624141938499992,0
9832,13.276532575323579,0
9833,15.104178186236457,0
9834,16.33185642544159,0
9835,18.218770612485674,0
9836,17.08444949622108,0
9837,18.54683221324062,0
9838,18.040933739214342,0
9839,19.99355451175707,0
9840,18.843582456946095,0
9841,21.57653725133805,0
9842,18.332196963158182,0
9843,20.068232611613155,0
9844,24.421745175823876,0
9845,23.292924246312104,0
9846,22.699520343735237,0
9847,26.279460525676406,0
9848,25.47148028881469,0
9849,25.840157726519422,0
9850,24.473349857247904,0
9851,25.66229962890692,0
9852,25.588561845705264,0
9853,23.343247564539237,0
9854,25.505894908922215,0
9855,24.503772815926272,0
9856,25.71176789789917,0
9857,25.368589902362235,0
9858,22.95257693914966,0
9859,22.500319786195274,0
9860,22.766559898763447,0
9861,22.652115175444617,0
9862,20.946247595707792,0
9863,20.607058113553677,0
9864,20.69348809088834,0
9865,19.849250969923883,0
9866,19.962188008760638,0
9867,18.400266481245104,0
9868,16.665418186313495,0
9869,15.226431731550864,0
9870,17.36215134296936,0
9871,15.762386517702517,0
9872,15.38412609908081,0
9873,15.153982814281164,0
9874,13.633582971366561,0
9875,14.7124222857272,0
9876,12.409818933990245,0
9877,14.69998316494819,0
9878,14.323488197804144,0
9879,17.327684084667656,0
9880,16.19509481267235,0
9881,15.882568969280351,0
9882,16.698317109765476,0
9883,17.769946943904483,0
9884,16.793210180516375,0
9885,17.918473643762923,0
9886,18.40985152431635,0
9887,21.95838876382175,0
9888,20.14136869348889,0
9889,18.70524507417196,0
9890,22.17703574893058,0
9891,24.630352675048588,0
9892,21.58609681316989,0
9893,26.67673805314451,0
9894,23.537177976477047,0
9895,25.058846039142917,0
9896,23.817248668555653,0
9897,24.408126656336556,0
9898,23.63124228555607,0
9899,23.93761129817028,0
9900,22.864179008128396,0
9901,26.196902730294312,0
9902,23.714403141720272,0
9903,25.064373555464716,0
9904,24.733466736436483,0
9905,23.36358987265799,0
9906,23.648455436213986,0
9907,23.0100145985097,0
9908,22.053910800164157,0
9909,22.027570488525356,0
9910,21.409118898497265,0
9911,19.665691169532213,0
9912,18.728795453175373,0
9913,18.536155826328486,0
9914,18.89251714356094,0
9915,19.572066509734004,0
9916,19.075255899372127,0
9917,17.340913849730903,0
9918,17.501101889120385,0
9919,16.220845438333328,0
9920,16.868998294185744,0
9921,15.573007586445968,0
9922,15.635747262681706,0
9923,14.809645942479946,0
9924,15.05388391544899,0
9925,17.060067993020734,0
9926,13.993518331376865,0
9927,15.44286057264513,0
9928,15.118860203483047,0
9929,17.082886788955083,0
9930,18.396932423237143,0
9931,16.69287601755534,0
9932,14.69561199681161,0
9933,18.780123767986886,0
9934,19.400069616818932,0
9935,17.66483547689197,0
9936,19.80754857559703,0
9937,20.640618875704103,0
9938,18.960622271571832,0
9939,22.667954763003088,0
9940,23.01130257653984,0
9941,23.3473557372192,0
9942,22.494438313767176,0
9943,23.28585858941668,0
9944,23.730163312519057,0
9945,25.17015768497739,0
9946,23.866092788192134,0
9947,26.527366723903754,0
9948,25.4458380688321,0
9949,22.75477819870573,0
9950,26.62782836949253,0
9951,24.83687706998694,0
9952,23.8129269532155,0
9953,24.125471615414646,0
9954,21.694813015527497,0
9955,23.292860098446475,0
9956,20.001709519628733,0
9957,20.9035749178378,0
9958,22.750678136083962,0
9959,22.012992568220696,0
9960,19.69600830218995,0
9961,18.393892514128503,0
9962,19.724002071239973,0
9963,18.083845344914653,0
9964,17.76913226302564,0
9965,17.655772597355543,0
9966,15.394938101663197,0
9967,16.90562147700973,0
9968,13.519693133518725,0
9969,16.9484523743711,0
9970,13.58513369540973,0
9971,14.436393058492518,0
9972,14.350587288172287,0
9973,15.845977178994008,0
9974,15.991793112666924,0
9975,15.799236458075013,0
9976,16.27899455679353,0
9977,16.565005194578312,0
9978,16.43252292466971,0
9979,15.010377442650402,0
9980,15.142534576587147,0
9981,15.733341082904511,0
9982,18.698032950467603,0
9983,19.151798326900746,0
9984,19.896116349993495,0
9985,20.927595600835716,0
9986,21.089359367718348,0
9987,20.91223030044526,0
9988,20.973731550686676,0
9989,21.105166573570823,0
9990,24.842093991945216,0
9991,24.951552560838454,0
9992,22.956526044287056,0
9993,24.37134734951851,0
9994,25.326856578763007,0
9995,26.657528402641294,0
9996,24.40843984535503,0
9997,25.175905098232022,0
9998,26.073224981548737,0
9999,22.842009761250825,0
10000,31.60009198883468,1
10001,31.960707168493013,0
10002,30.817679120589037,0
10003,33.28433534602349,0
10004,31.440186071122692,0
10005,30.152401706403353,0
10006,28.32467931949685,0
10007,29.591184059541952,0
10008,28.693910268251962,0
10009,26.842112640596,0
10010,26.284468484319856,0
10011,24.591080973392046,0
10012,25.45098943080467,0
10013,25.892163637746766,0
10014,25.54113842778151,0
10015,24.670225914055596,0
10016,24.561915819237626,0
10017,22.79613656762237,0
10018,22.709623056787343,0
10019,24.33066765756407,0
10020,23.500832908431796,0
10021,22.24251127006065,0
10022,23.722917134801296,0
10023,24.276924826855666,0
10024,24.43735731172998,0
10025,24.17429616587658,0
10026,23.95412330615652,0
10027,25.401225790713433,0
10028,27.29711008526786,0
10029,26.267919020142806,0
10030,26.036374506591642,0
10031,27.728936027965652,0
10032,26.74105965856314,0
10033,28.91885698653433,0
10034,29.008676089433784,0
10035,30.939109546324215,0
10036,30.633982002094836,0
10037,32.164902819105954,0
10038,33.960255872592576,0
10039,31.765579322278867,0
10040,31.48549154167803,0
10041,33.12404610411674,0
10042,32.76336144438292,0
10043,33.13024294998802,0
10044,32.39717692582325,0
10045,33.56114234902944,0
10046,32.92649049579168,0
10047,30.39316576239954,0
10048,32.1079973206436,0
10049,32.33824376403453,0
10050,32.78636112251821,0
10051,30.466262704934977,0
10052,29.688286956157953,0
10053,31.133131333795493,0
10054,28.682697503554206,0
10055,28.784922680943918,0
10056,28.51475173975482,0
10057,28.13769875140862,0
10058,26.737136494237763,0
10059,24.95220357611635,0
10060,26.57390104227416,0
10061,24.526978263304354,0
10062,23.94486959605715,0
10063,26.141753540434568,0
10064,24.60550524764181,0
10065,22.300389120551124,0
10066,22.69142364402239,0
10067,22.808935333245685,0
10068,22.242594763496623,0
10069,21.071423680019475,0
10070,24.025154478425957,0
10071,24.20801148554695,0
10072,23.944182917311387,0
10073,23.6368240752015,0
10074,24.705379840940417,0
10075,25.6397245290476,0
10076,24.43788337118737,0
10077,25.76190112396437,0
10078,26.14548430140524,0
10079,28.090405154878166,0
10080,28.29138107764325,0
10081,27.324462098614276,0
10082,28.673487149374434,0
10083,31.766072756976353,0
10084,29.5120990075893,0
10085,31.21926555611038,0
10086,30.90116044130156,0
10087,33.27898455056817,0
10088,32.28195851091518,0
10089,32.1844602609495,0
10090,31.628678927167986,0
10091,32.72067942540881,0
10092,33.876455949690424,0
10093,33.67183022545458,0
10094,31.474881115909866,0
10095,34.25302681772921,0
10096,32.09123403261654,0
10097,30.89112343190756,0
10098,31.683777742436295,0
10099,30.41507468354366,0
10100,29.915764030510996,0
10101,29.273692915862693,0
10102,29.215201681745558,0
10103,28.148828347166504,0
10104,26.242895045360907,0
10105,27.90195386596552,0
10106,26.179372993365895,0
10107,27.338079130806975,0
10108,26.06726772905037,0
10109,25.60723718056082,0
10110,24.665208267046967,0
10111,25.386721255470945,0
10112,23.34318307970993,0
10113,22.364929075704982,0
10114,23.539179690436754,0
10115,20.24012340469948,0
10116,22.6299426587786,0
10117,23.276168204254088,0
10118,22.751056253083142,0
10119,24.6916307989539,0
10120,24.405701235734455,0
10121,24.160942108250172,0
10122,24.06100019348498,0
10123,26.098735849052346,0
10124,24.80834120414039,0
10125,25.666620537895223,0
10126,27.487664508158005,0
10127,27.97250915197301,0
10128,30.11250524773537,0
10129,28.438019547475385,0
10130,27.359516486217878,0
10131,30.603728613357163,0
10132,31.807791672704422,0
10133,30.881797851641682,0
10134,33.15412303772502,0
10135,33.81430984934535,0
10136,31.650085762798845,0
10137,32.13033604782762,0
10138,31.543491939349696,0
10139,33.525220776931626,0
10140,33.74938761235899,0
10141,33.589021529066535,0
10142,31.562357574595715,0
10143,31.83762708195885,0
10144,30.858400016454937,0
10145,30.308322502137493,0
10146,30.151002888096553,0
10147,29.416754168934883,0
10148,30.316900811985832,0
10149,30.355266577162737,0
10150,29.943762550953526,0
10151,28.635930779345703,0
10152,27.31101943103791,0
10153,27.34050510588379,0
10154,27.297337963625143,0
10155,25.784449053197058,0
10156,25.557704197030468,0
10157,24.643379696602107,0
10158,23.926536076698945,0
10159,24.070772367701945,0
10160,22.52121323332309,0
10161,24.46683102657392,0
10162,21.561493292892386,0
10163,23.51975656559187,0
10164,21.597596076704097,0
10165,24.60078534484018,0
10166,24.06721034263822,0
10167,22.54537049553712,0
10168,23.20757111399655,0
10169,22.871818968115477,0
10170,24.405127250995395,0
10171,25.3804317282396,0
10172,28.13264811141212,0
10173,24.679912076534134,0
10174,27.98410345255684,0
10175,26.748030290123513,0
10176,28.284033964713657,0
10177,29.55775370298068,0
10178,29.85367373752144,0
10179,30.348737484927693,0
10180,30.297339255677155,0
10181,31.03526856016491,0
10182,31.692823576781187,0
10183,33.20057156520364,0
10184,30.819467980141805,0
10185,32.11343955755994,0
10186,31.54685224066444,0
10187,31.96546305539324,0
10188,32.17893240714885,0
10189,34.086830389029146,0
10190,35.03560259392934,0
10191,34.01332925708359,0
10192,31.111293945025647,0
10193,32.043922582019924,0
10194,30.367746211477225,0
10195,31.501765105465324,0
10196,31.80723460411433,0
10197,30.5175909033094,0
10198,30.18940740473902,0
10199,28.50100634571497,0
10200,25.975001097918362,0
10201,25.3092969471028,0
10202,26.604347976537113,0
10203,26.677102468248908,0
10204,26.80585809670788,0
10205,24.59795775306577,0
10206,24.54089964273447,0
10207,24.29580719500296,0
10208,24.76224659803577,0
10209,23.308465414160484,0
10210,22.044958599254844,0
10211,24.154715864917335,0
10212,23.422242167852808,0
10213,23.43538723836189,0
10214,21.86325267001305,0
10215,23.372625690444234,0
10216,21.903279867848237,0
10217,21.971019027474647,0
10218,24.220434378356764,0
10219,24.50864749574384,0
10220,26.082847923580633,0
10221,27.567156374513782,0
10222,26.670153032751834,0
10223,29.183702663674374,0
10224,27.395605374852778,0
10225,29.435784514387795,0
10226,27.99181984811081,0
10227,30.04290919773334,0
10228,30.17476536643752,0
10229,30.828767804990093,0
10230,32.13985408870245,0
10231,30.030076213288815,0
10232,32.4485929904377,0
10233,31.784889396406875,0
10234,32.94947305258334,0
10235,33.360315419942076,0
10236,32.61853410690109,0
10237,32.5744468831771,0
10238,31.64573813725316,0
10239,33.18263575154205,0
10240,31.639159805978963,0
10241,32.422164248673226,0
10242,30.07162835167027,0
10243,32.4473859048316,0
10244,29.45121406055615,0
10245,31.1003928019635,0
10246,28.833745019177083,0
10247,29.21214424152217,0
10248,27.85225345096527,0
10249,28.043975158420697,0
10250,26.710241249372334,0
10251,27.38917025692733,0
10252,26.188919351801232,0
10253,25.65497490805972,0
10254,26.17709778677542,0
10255,23.317317707126655,0
10256,25.004774892675844,0
10257,23.453640269552107,0
10258,21.65287502810077,0
10259,23.532966696263244,0
10260,22.790420640349286,0
10261,24.773647068575112,0
10262,22.665954082553537,0
10263,23.430894404632454,0
10264,23.91009363834748,0
10265,22.078459107701462,0
10266,24.985448754217437,0
10267,23.93630537953686,0
10268,26.943597344786195,0
10269,27.79501547828354,0
10270,26.697099764402168,0
10271,25.72129443787103,0
10272,28.186150285292943,0
10273,28.833160512738253,0
10274,30.032856997493724,0
10275,29.60941502098195,0
10276,29.279032909247,0
10277,30.89789384820014,0
10278,30.58589302877793,0
10279,33.7839000470913,0
10280,31.60465705278064,0
10281,31.95043508154332,0
10282,32.781502484243475,0
10283,31.68515015369094,0
10284,32.54287633294472,0
10285,32.818404067301266,0
10286,32.32838228582255,0
10287,32.36155214429933,0
10288,33.60280626368969,0
10289,32.41128974180198,0
10290,30.163909629551277,0
10291,30.603279807728256,0
10292,31.265026922235386,0
10293,29.246234361742474,0
10294,29.377776387296706,0
10295,28.622946369407405,0
10296,28.54169876679036,0
10297,27.163670291577493,0
10298,26.561047337878684,0
10299,25.205964988208486,0
10300,25.868535098396467,0
10301,24.004803771143276,0
10302,26.241241268332292,0
10303,24.01251609537992,0
10304,23.440364274056027,0
10305,24.18838518559857,0
10306,23.083263253459823,0
10307,23.1333225475219,0
10308,22.946151640640764,0
10309,22.299382307449196,0
10310,22.225618197260438,0
10311,22.663897655353402,0
10312,24.82969641728671,0
10313,23.390109923713677,0
10314,24.048621908741925,0
10315,24.4959013923702,0
10316,26.214836385287523,0
10317,28.1161956385698,0
10318,25.758657584850923,0
10319,27.90926296114415,0
10320,28.122259285271973,0
10321,28.342249709573792,0
10322,29.811584305974876,0
10323,28.611733073341398,0
10324,31.35265221043784,0
10325,31.269773919308477,0
10326,30.51413330753482,0
10327,33.598923820487464,0
10328,33.20140611349216,0
10329,33.80962076468284,0
10330,31.339987706469174,0
10331,32.67927973419859,0
10332,32.464849377617746,0
10333,33.598425146422706,0
10334,34.21641336589963,0
10335,30.668850725353668,0
10336,32.35085946627153,0
10337,31.837794697678213,0
10338,32.55818660860728,0
10339,31.002201096568715,0
10340,29.198309657635022,0
10341,29.71445341780128,0
10342,28.233855206219086,0
10343,27.856857164106213,0
10344,28.043117242654056,0
10345,26.855427427790367,0
10346,26.991385664580356,0
10347,24.534267503634304,0
10348,27.873905038480217,0
10349,26.2460861552967,0
10350,25.198338993717584,0
10351,22.71047040845766,0
10352,21.462703913765175,0
10353,22.497604114023087,0
10354,22.93271991185728,0
10355,25.32455421976868,0
10356,24.3358486728387,0
10357,22.505485629320475,0
10358,24.405721937793555,0
10359,24.63196073868811,0
10360,23.685756888072934,0
10361,25.27742260810747,0
10362,24.801866204750862,0
10363,24.28637283195337,0
10364,24.298575622765327,0
10365,25.960836855972534,0
10366,27.72606567938444,0
10367,25.961535708280298,0
10368,26.352607558698384,0
10369,29.214797548658325,0
10370,26.515858994194275,0
10371,31.776913480699317,0
10372,30.0501009436828,0
10373,31.792824327777694,0
10374,33.43680167483405,0
10375,30.48317951379936,0
10376,31.25590378740982,0
10377,34.91196299760639,0
10378,32.53858157419587,0
10379,32.826522935689546,0
10380,33.232236949688556,0
10381,34.03768639330179,0
10382,34.184899895492904,0
10383,32.73170977067776,0
10384,31.987374061593215,0
10385,31.929470922569994,0
10386,31.845559839290114,0
10387,32.38286235526476,0
10388,30.638578230289482,0
10389,31.774532860467648,0
10390,28.416615791883938,0
10391,29.19651918821475,0
10392,29.79546923300195,0
10393,28.66414598790356,0
10394,27.045829164753453,0
10395,25.18393404332357,0
10396,24.771738358427374,0
10397,24.796113184508492,0
10398,24.782026072032306,0
10399,23.778430302535842,0
10400,22.181211922421717,0
10401,22.625976843423487,0
10402,23.699686471279264,0
10403,23.896668944201345,0
10404,21.56917316939619,0
10405,22.670442241954586,0
10406,21.45897562519975,0
10407,22.804082621926614,0
10408,27.29211109535376,0
10409,24.098248937662245,0
10410,24.111342443228118,0
10411,24.354266034383663,0
10412,24.26279448586376,0
10413,24.18617310173606,0
10414,26.662792410078964,0
10415,27.064830650264625,0
10416,29.510678237830376,0
10417,26.97954853059285,0
10418,29.7394497096677,0
10419,31.28500393226187,0
10420,28.498608348614027,0
10421,31.71645389752702,0
10422,29.888703568217643,0
10423,32.500823344967536,0
10424,33.83908064254028,0
10425,32.61550932371226,0
10426,33.12318305026916,0
10427,32.2479896522674,0
10428,33.29581588208765,0
10429,34.11495443340951,0
10430,32.642701893053676,0
10431,32.476902003725996,0
10432,32.72928786401164,0
10433,32.80845974440535,0
10434,29.8623814212486,0
10435,31.10523437527211,0
10436,29.79982853603471,0
10437,30.421439019267808,0
10438,30.35415977929068,0
10439,28.972012194810734,0
10440,29.321426173182303,0
10441,26.33445102541702,0
10442,26.288412335856314,0
10443,25.074968426026437,0
10444,25.561085923535835,0
10445,25.054904364808745,0
10446,24.26235032699862,0
10447,22.793986803933112,0
10448,23.592083665864386,0
10449,22.933906539966546,0
10450,23.789400726073293,0
10451,22.76753634604122,0
10452,24.1904984644408,0
10453,23.28017124803547,0
10454,21.270981700330978,0
10455,23.20424645205898,0
10456,22.208168236537304,0
10457,25.024762840047345,0
10458,25.9323234063242,0
10459,24.92978631749685,0
10460,25.95453761660424,0
10461,24.608542612411302,0
10462,24.4060217661399,0
10463,26.780411075545825,0
10464,27.739835593027767,0
10465,27.105337035616802,0
10466,29.388364159439284,0
10467,30.234646451737294,0
10468,31.15949678794456,0
10469,32.63067297093517,0
10470,32.36554844096748,0
10471,31.59348219116506,0
10472,32.439380682351334,0
10473,33.23599848016947,0
10474,31.761669696243697,0
10475,34.31718748822301,0
10476,33.924429067881206,0
10477,32.728042319442956,0
10478,32.1794502270133,0
10479,36.51496428715624,0
10480,33.19286103811521,0
10481,32.93135274015757,0
10482,33.378673831186674,0
10483,32.05087147322504,0
10484,30.718513291474842,0
10485,30.637059071830002,0
10486,28.363116270797253,0
10487,29.38870492272511,0
10488,26.428717698339735,0
10489,27.78532441432948,0
10490,27.28123908241981,0
10491,24.4955890633745,0
10492,27.470099589574726,0
10493,23.78477807404722,0
10494,25.541073094226704,0
10495,23.499267677433597,0
10496,23.9962928361674,0
10497,22.715091984481507,0
10498,25.730191054285427,0
10499,24.108311117095262,0
10500,24.863361680744518,0
10501,23.856056499020347,0
10502,23.895421107709318,0
10503,23.548271117485847,0
10504,23.439685381506276,0
10505,24.671076418409058,0
10506,24.644630273530588,0
10507,24.81760360030819,0
10508,24.107363618672792,0
10509,25.790299321671387,0
10510,27.34359813231043,0
10511,26.884158230564342,0
10512,28.375691108195213,0
10513,28.52695532462654,0
10514,28.257848431198774,0
10515,29.008393277557108,0
10516,29.76210146962423,0
10517,30.767816804715057,0
10518,31.289371305358674,0
10519,33.13508860451858,0
10520,31.24017340590644,0
10521,30.5469973223812,0
10522,33.555338676908164,0
10523,32.51339593154746,0
10524,32.901652585304376,0
10525,35.59469859047345,0
10526,34.35477366042714,0
10527,33.24836243856613,0
10528,33.325697144983046,0
10529,32.11520382627445,0
10530,32.54456755963315,0
10531,30.44423109851347,0
10532,29.796630023399103,0
10533,29.46171308563768,0
10534,30.941443384075278,0
10535,30.27694736268774,0
10536,27.406639233112866,0
10537,28.56705237221656,0
10538,26.571504177290006,0
10539,27.218013423884024,0
10540,25.204035153439346,0
10541,25.967254617802606,0
10542,24.381117487149766,0
10543,23.770069055048637,0
10544,23.67861704287806,0
10545,23.57493293106187,0
10546,22.60627483993507,0
10547,21.671736187254837,0
10548,24.77140577009996,0
10549,22.6725070920194,0
10550,21.33908531629975,0
10551,21.085852939378874,0
10552,20.826904410858916,0
10553,23.43859071188736,0
10554,25.89429261326231,0
10555,23.314773911346457,0
10556,25.20544650993624,0
10557,24.235459213136487,0
10558,27.874648696295903,0
10559,27.758833888818902,0
10560,28.368111587769647,0
10561,30.07683230401799,0
10562,31.021930465337423,0
10563,31.00953073589687,0
10564,29.94336985123204,0
10565,29.72032874191611,0
10566,30.50076415177418,0
10567,30.203886739813218,0
10568,34.22488994532734,0
10569,32.46268783449461,0
10570,33.00137007951851,0
10571,33.198519744898555,0
10572,35.11542229368991,0
10573,32.41826530727511,0
10574,34.085577252542144,0
10575,32.9719215257524,0
10576,32.214071726077485,0
10577,30.033889025940816,0
10578,32.52172914920275,0
10579,30.319377598378043,0
10580,30.068741503053225,0
10581,30.18686679392304,0
10582,29.43308041374006,0
10583,29.850539584826162,0
10584,27.35164738076857,0
10585,27.558247657064992,0
10586,27.034276972798963,0
10587,26.15543235777188,0
10588,26.242034909320218,0
10589,24.736831274423963,0
10590,25.747436622595046,0
10591,23.34520118317362,0
10592,22.231070314557737,0
10593,23.381156350470373,0
10594,24.428453392826526,0
10595,22.55457090203583,0
10596,22.39651421732234,0
10597,22.72930394531845,0
10598,23.382825207351953,0
10599,23.242616032330048,0
10600,24.032538336508704,0
10601,22.306828805842386,0
10602,26.05002514938526,0
10603,25.59866763366778,0
10604,24.656776736762595,0
10605,27.541825313022024,0
10606,27.212034679217762,0
10607,28.905166903967324,0
10608,26.831865096159973,0
10609,30.4032853844487,0
10610,29.384150802826774,0
10611,27.838196294972825,0
10612,31.317966370740216,0
10613,30.775962420509448,0
10614,30.535225926840283,0
10615,31.788182006899646,0
10616,30.373269722914387,0
10617,33.26346869379539,0
10618,32.64991761172361,0
10619,32.72189935884963,0
10620,34.49914440264685,0
10621,33.036145239538,0
10622,32.19174846174717,0
10623,31.683007069254433,0
10624,32.310046449398584,0
10625,33.10585473584729,0
10626,30.979406544529766,0
10627,30.01754689090511,0
10628,31.492825644725695,0
10629,30.017432156612866,0
10630,29.310608258669067,0
10631,30.842915347955863,0
10632,26.79262735403994,0
10633,27.595054503803805,0
10634,24.920096552072327,0
10635,25.81988072859881,0
10636,26.14761466080817,0
10637,26.157472199714014,0
10638,23.198271402992056,0
10639,24.935976907291504,0
10640,24.518649523324477,0
10641,23.295670439104715,0
10642,25.746851105677756,0
10643,23.085635447120158,0
10644,22.13503834779194,0
10645,23.523120044524592,0
10646,21.294998418114815,0
10647,25.029013756208393,0
10648,24.729279029679304,0
10649,23.663823616361977,0
10650,25.139075780279178,0
10651,25.55033478465673,0
10652,27.533961824336153,0
10653,25.494659120426228,0
10654,25.41872734201527,0
10655,25.294847275644017,0
10656,27.737777834661813,0
10657,27.079360114262386,0
10658,29.15715347666869,0
10659,30.377495386064034,0
10660,30.086493562879372,0
10661,30.112869069870772,0
10662,32.804603501925236,0
10663,31.802524844539324,0
10664,32.61104293127393,0
10665,33.64082481347508,0
10666,31.527742371193206,0
10667,32.049187612456564,0
10668,35.61339327969356,0
10669,32.835831176979816,0
10670,31.797726772738354,0
10671,32.39838646493928,0
10672,31.780786263155285,0
10673,30.742579321560182,0
10674,31.155707827164274,0
10675,31.064143393306875,0
10676,30.526841224550363,0
10677,30.508586330200135,0
10678,27.550569636656025,0
10679,27.15361925326057,0
10680,28.853562979588958,0
10681,26.932414519115646,0
10682,27.999383528143216,0
10683,26.44063536980668,0
10684,24.08955340193426,0
10685,25.549665166649337,0
10686,23.464041861545045,0
10687,24.341842258203915,0
10688,24.976242311477726,0
10689,25.59644243726227,0
10690,23.140144906241378,0
10691,23.802152653294584,0
10692,23.350322333635777,0
10693,23.89788610199808,0
10694,20.586698074800978,0
10695,23.02184948576781,0
10696,24.010276230369346,0
10697,24.557402583870726,0
10698,23.73055027590995,0
10699,25.846048190865417,0
10700,26.676459063431526,0
10701,26.1999490486266,0
10702,26.513769955088158,0
10703,27.022004780451862,0
10704,28.18425820460782,0
10705,29.90727244474117,0
10706,30.877225416995703,0
10707,29.471634104359598,0
10708,29.585505201505065,0
10709,30.27049124741718,0
10710,32.589198390491624,0
10711,32.23615215364478,0
10712,32.67871414512614,0
10713,33.15605340397897,0
10714,33.25762958129929,0
10715,32.87295030008137,0
10716,31.972794370035096,0
10717,32.36432684857817,0
10718,32.99624218431715,0
10719,33.06427201595442,0
10720,31.99227731493663,0
10721,31.58187516480363,0
10722,32.98149555190837,0
10723,30.606623847663602,0
10724,30.769649693804002,0
10725,29.62872765009729,0
10726,28.45451016990719,0
10727,27.13803082572579,0
10728,27.490789337953583,0
10729,26.547337673461996,0
10730,27.61713957840042,0
10731,24.950978259829984,0
10732,25.118823031770756,0
10733,25.668785661393485,0
10734,24.390688136799593,0
10735,24.58200417172849,0
10736,24.566977741644685,0
10737,21.722920623520924,0
10738,22.790280470328195,0
10739,22.101006069803823,0
10740,24.42218437013644,0
10741,22.96407943160517,0
10742,23.720230697263275,0
10743,25.159703004578983,0
10744,23.34762865442272,0
10745,24.15082783555603,0
10746,24.92345998234091,0
10747,24.724586886264998,0
10748,26.82401045900957,0
10749,26.96316704171746,0
10750,27.770690917696385,0
10751,27.438132516296296,0
10752,27.69122988320575,0
10753,28.331411311227324,0
10754,28.96291964961518,0
10755,28.27859240655994,0
10756,30.91096778464914,0
10757,31.913974831353993,0
10758,31.566045980744363,0
10759,31.502066136547413,0
10760,32.40843243604583,0
10761,32.88925662836523,0
10762,33.20336655347144,0
10763,34.828715013393165,0
10764,32.168616754726514,0
10765,33.36808458275945,0
10766,33.571946456491375,0
10767,32.73873621313021,0
10768,32.131123796648815,0
10769,30.96435792408918,0
10770,30.971241987286955,0
10771,31.801182077488573,0
10772,32.0158190906496,0
10773,29.285982266224202,0
10774,29.812398937194583,0
10775,29.219942638517708,0
10776,29.063009369801488,0
10777,27.63481260110762,0
10778,27.194281702998126,0
10779,27.033419163761568,0
10780,24.357569672483745,0
10781,25.042266186767943,0
10782,22.71338895586794,0
10783,22.072944484534833,0
10784,22.873868882897035,0
10785,21.85852979678427,0
10786,23.722034337045923,0
10787,24.08728318315294,0
10788,22.72867097497476,0
10789,22.94028986435672,0
10790,22.971450649098927,0
10791,23.15334448967984,0
10792,23.844089870506547,0
10793,24.425383925748424,0
10794,24.03409495029915,0
10795,24.19774344132936,0
10796,25.010601777180025,0
10797,26.933049415015084,0
10798,26.317732565899284,0
10799,28.84921572326521,0
10800,27.791976859429948,0
10801,30.069632792440583,0
10802,28.124961741771696,0
10803,29.248917188321435,0
10804,31.018151482235474,0
10805,31.572794543791,0
10806,31.41288216591974,0
10807,34.05972661614697,0
10808,32.43792385101188,0
10809,32.94617996826821,0
10810,32.2906710430169,0
10811,34.66172946946267,0
10812,33.89828375963411,0
10813,33.40802045728133,0
10814,31.215448543708963,0
10815,33.01988946426485,0
10816,31.89486645874035,0
10817,32.39678100566988,0
10818,32.489399807832434,0
10819,30.32422982943731,0
10820,30.752702466401164,0
10821,30.831533900412328,0
10822,29.491814943787134,0
10823,28.355656278711837,0
10824,26.968508351588504,0
10825,26.708468313126403,0
10826,25.46281039090513,0
10827,27.112968172886447,0
10828,25.638110255636104,0
10829,23.767848667715736,0
10830,24.492275530279233,0
10831,22.769524954494575,0
10832,20.401448816116257,0
10833,24.626983139945864,0
10834,24.379605818760226,0
10835,21.59415469567324,0
10836,22.311412321686838,0
10837,23.281862961336408,0
10838,22.817473327911866,0
10839,22.553703577036938,0
10840,23.186043766947076,0
10841,23.82333880179106,0
10842,23.941039011873958,0
10843,25.198746573354804,0
10844,25.2987395426833,0
10845,25.354121357642224,0
10846,26.76091799898267,0
10847,25.71147530635337,0
10848,29.479766387147702,0
10849,26.938726228758053,0
10850,29.240768224763492,0
10851,30.284084548203605,0
10852,30.945262159406745,0
10853,31.334835063326587,0
10854,32.83160547368278,0
10855,30.868731046163923,0
10856,32.29000427906467,0
10857,32.795321689609516,0
10858,32.36156770286593,0
10859,32.391299574060916,0
10860,34.31763388853391,0
10861,32.27203728444579,0
10862,32.37853823290946,0
10863,32.371010601154616,0
10864,32.14503038577759,0
10865,32.15643729212361,0
10866,31.355882475924965,0
10867,31.44455190138587,0
10868,30.66253039172949,0
10869,30.42040720001818,0
10870,30.69069559754106,0
10871,27.83457145119751,0
10872,29.676182550298275,0
10873,26.924409063055688,0
10874,27.396851528549508,0
10875,26.272576743700554,0
10876,25.22925686421488,0
10877,23.021248365657634,0
10878,26.099594390734953,0
10879,23.302116885392635,0
10880,22.907826468284455,0
10881,24.466024620289286,0
10882,23.27001935113591,0
10883,24.96521601307402,0
10884,24.703025811222194,0
10885,23.773903339748685,0
10886,23.445686916763233,0
10887,24.16499235405853,0
10888,22.380032696870522,0
10889,24.227847994403366,0
10890,24.634940695826316,0
10891,24.50954723444423,0
10892,25.776354547910497,0
10893,24.653851369084723,0
10894,27.62797393324826,0
10895,28.65308365568066,0
10896,26.732398174982492,0
10897,28.819916105291426,0
10898,30.856117885570082,0
10899,30.352859316438032,0
10900,29.495586881875102,0
10901,30.082525091231638,0
10902,32.40660506482733,0
10903,33.813553722824736,0
10904,31.27146575192385,0
10905,32.67819626041277,0
10906,32.07878123727589,0
10907,32.69533135086577,0
10908,33.32817305128248,0
10909,32.93685335324182,0
10910,32.16867232666272,0
10911,34.73216706854161,0
10912,32.19335067983154,0
10913,31.806681652938117,0
10914,32.6584295684691,0
10915,31.076309353072205,0
10916,30.319041969084314,0
10917,30.87630098692019,0
10918,28.286994777179377,0
10919,29.41568246986715,0
10920,29.04305793235159,0
10921,28.025007325869463,0
10922,26.548635394604005,0
10923,26.098618685482425,0
10924,23.81605768929038,0
10925,24.84675098395706,0
10926,24.771232576148897,0
10927,24.913293847790285,0
10928,23.83028623686144,0
10929,23.014278912964986,0
10930,22.35856941569987,0
10931,23.016885574316913,0
10932,23.15275045676896,0
10933,24.261272101513587,0
10934,23.198425648565834,0
10935,22.903772090163923,0
10936,23.582781439784984,0
10937,23.573816153397015,0
10938,24.250978938568963,0
10939,22.78949972433926,0
10940,23.941529022294105,0
10941,24.922809622570313,0
10942,27.18574529701298,0
10943,27.288684537263013,0
10944,28.164030223454102,0
10945,29.821620886884237,0
10946,28.280761077418116,0
10947,31.062776760801782,0
10948,30.898714944480798,0
10949,30.35550114256503,0
10950,33.026593839783004,0
10951,30.573757123685823,0
10952,31.233336492763634,0
10953,32.43133320375078,0
10954,33.248081815163744,0
10955,32.78562431899996,0
10956,30.906005398735243,0
10957,32.6797166425114,0
10958,32.76386759002005,0
10959,35.15236669813137,0
10960,33.70541237200123,0
10961,32.1056773359945,0
10962,30.474450974659558,0
10963,31.39892262433935,0
10964,29.36447151710666,0
10965,30.130816200657407,0
10966,29.67322203578487,0
10967,28.273512425673054,0
10968,28.263355121009493,0
10969,27.037986522532723,0
10970,26.158555833974596,0
10971,27.618885861683204,0
10972,26.090482960644124,0
10973,24.66929139633423,0
10974,23.723238747797367,0
10975,24.2246206944145,0
10976,24.245778082229126,0
10977,24.23759223292634,0
10978,24.64159519181818,0
10979,23.514369774951255,0
10980,21.910920803438316,0
10981,25.062568004851528,0
10982,24.33192390872878,0
10983,24.2169154633311,0
10984,25.005109082444292,0
10985,22.57903992492413,0
10986,24.111656610936887,0
10987,24.466585859275654,0
10988,26.68945452663229,0
10989,24.936841467021598,0
10990,26.402952270895796,0
10991,28.86039508540504,0
10992,28.653958732656296,0
10993,28.287605869384603,0
10994,31.16399112509768,0
10995,28.616467280056746,0
10996,30.96127999104975,0
10997,30.83348558340373,0
10998,32.053377776863535,0
10999,31.708668855345515,0
11000,31.5192485981283,0
11001,32.84336673036212,0
11002,31.544314364927594,0
11003,33.49421683541714,0
11004,32.69828512847592,0
11005,33.88008361448416,0
11006,32.40130107567485,0
11007,31.96948045049333,0
11008,32.73658231787804,0
11009,33.19657066628942,0
11010,29.505658015172024,0
11011,31.17376146133095,0
11012,31.129501947190533,0
11013,28.52438061480156,0
11014,28.437915291628325,0
11015,29.298432122678363,0
11016,27.19664712401579,0
11017,26.729877397781756,0
11018,28.41037718499295,0
11019,25.16850400844365,0
11020,24.660080427674465,0
11021,22.686404855423415,0
11022,23.396017777118377,0
11023,22.830754355970402,0
11024,25.371104055583437,0
11025,24.590628375332216,0
11026,21.93425111725794,0
11027,24.99103891772367,0
11028,23.76970093129948,0
11029,22.875186584071727,0
11030,23.977487735030728,0
11031,23.766209648458084,0
11032,22.925695439549905,0
11033,22.30902458179995,0
11034,23.577556766290993,0
11035,24.96039065959085,0
11036,25.157894964991414,0
11037,25.366653348028017,0
11038,27.675902628890636,0
11039,26.30692265375015,0
11040,28.887408977520863,0
11041,28.186108665448824,0
11042,29.410398707103514,0
11043,28.81731941634862,0
11044,30.500154382990722,0
11045,30.280674466402864,0
11046,29.823118230997643,0
11047,31.95565391609608,0
11048,32.287449986032435,0
11049,33.44455953942471,0
11050,33.11742632499489,0
11051,31.965320061306908,0
11052,32.40296075202064,0
11053,30.515612484615797,0
11054,31.732745153575525,0
11055,33.90578921875696,0
11056,33.83093011540453,0
11057,32.72575017400023,0
11058,31.84075674991279,0
11059,31.629957174632462,0
11060,30.986605645085596,0
11061,28.210156480329015,0
11062,28.44007575200303,0
11063,29.82794075674213,0
11064,29.170515251251288,0
11065,27.590703969404437,0
11066,26.406255439020768,0
11067,25.713150577643052,0
11068,24.96992674400618,0
11069,24.04831606048382,0
11070,22.569576334033872,0
11071,24.186174939705523,0
11072,23.229466930977637,0
11073,23.17500263376231,0
11074,24.868295543340462,0
11075,23.632755599489396,0
11076,22.312571956259188,0
11077,23.621443773666343,0
11078,21.69057813869484,0
11079,24.42454079381374,0
11080,23.93547007942069,0
11081,23.8473081736543,0
11082,25.03410832395916,0
11083,26.399628426332708,0
11084,25.046971021771352,0
11085,25.115937777781777,0
11086,28.8004786042863,0
11087,27.368010817292824,0
11088,29.48193796934383,0
11089,27.989810702330757,0
11090,29.673240815314283,0
11091,29.28460933354311,0
11092,31.13137842491321,0
11093,30.775354554259277,0
11094,30.877794279885332,0
11095,33.50603262760823,0
11096,32.6706882376304,0
11097,30.615992817838155,0
11098,32.60115158884749,0
11099,32.05372298507128,0
11100,31.798303501284916,0
11101,32.38366038544113,0
11102,32.36076338842461,0
11103,32.6561631393671,0
11104,31.548223436590217,0
11105,30.126310881600165,0
11106,31.00839886479031,0
11107,31.918507102762252,0
11108,29.150300777788047,0
11109,30.529583215720933,0
11110,29.751849490351077,0
11111,28.211419688428226,0
11112,28.30950775632418,0
11113,26.60733877276782,0
11114,26.311830363851037,0
11115,25.076239809093877,0
11116,25.963741954489066,0
11117,26.31789936100989,0
11118,23.79319222009538,0
11119,25.22291257626686,0
11120,21.553744584607635,0
11121,22.503759324282683,0
11122,22.16750009869877,0
11123,24.753685955578604,0
11124,22.414717941170494,0
11125,23.818502682967495,0
11126,21.13657329110545,0
11127,23.495530247494305,0
11128,24.23363269627311,0
11129,23.997656335041594,0
11130,21.75822818974101,0
11131,25.13313327831172,0
11132,26.307618454134147,0
11133,27.401507390888582,0
11134,27.10337646415723,0
11135,25.6680575246922,0
11136,27.792860081613174,0
11137,29.552796847666176,0
11138,28.480289384826424,0
11139,30.47671499663322,0
11140,30.024116356028717,0
11141,31.136473772587156,0
11142,32.29102729513718,0
11143,31.26146555447856,0
11144,35.18397579128438,0
11145,32.771258599822886,0
11146,33.17194008427198,0
11147,32.218822357292154,0
11148,33.06239639613737,0
11149,32.69025782952581,0
11150,31.374810452711728,0
11151,31.0922689121467,0
11152,32.616622525523034,0
11153,31.879409055202427,0
11154,28.910681994829382,0
11155,28.903006599858525,0
11156,30.192079589986466,0
11157,29.84488971703312,0
11158,29.901164514824615,0
11159,27.415180941633427,0
11160,28.591367581464013,0
11161,27.040061701670336,0
11162,26.199025626356445,0
11163,25.94504459905779,0
11164,26.485027246634186,0
11165,25.513471455517944,0
11166,25.353436069895803,0
11167,23.345745380554337,0
11168,23.385983812408643,0
11169,22.218233663129176,0
11170,22.61700188530075,0
11171,22.6463556824302,0
11172,22.534390905822967,0
11173,23.755792273458994,0
11174,23.59552663584065,0
11175,24.13976531314695,0
11176,23.79808847470529,0
11177,25.105793776876485,0
11178,24.578171632292563,0
11179,25.921745379010886,0
11180,26.002963569163875,0
11181,26.82177081790428,0
11182,26.638934969479013,0
11183,26.108693157792807,0
11184,26.555229674374125,0
11185,30.610012585934776,0
11186,29.68193512990956,0
11187,30.356874059978768,0
11188,30.333100541378712,0
11189,30.58527058029156,0
11190,34.407307753319266,0
11191,30.846859889825343,0
11192,32.26739148824623,0
11193,32.56805737686115,0
11194,31.698640483840464,0
11195,31.685489414307952,0
11196,32.29683506571775,0
11197,32.613431106991314,0
11198,32.34400974446717,0
11199,33.43263151586973,0
11200,31.151447865577783,0
11201,32.37148368163862,0
11202,33.00414401220899,0
11203,31.936767191557674,0
11204,29.36078824192345,0
11205,26.960069239176846,0
11206,30.13942496134642,0
11207,29.149361059577252,0
11208,27.41434174903452,0
11209,28.628037191540095,0
11210,26.301365940405507,0
11211,26.19453289925744,0
11212,24.46185526729502,0
11213,25.275281658111204,0
11214,24.034201051172516,0
11215,23.529733686546955,0
11216,24.74972959137229,0
11217,23.59503676351496,0
11218,21.67486548121036,0
11219,23.73429761750704,0
11220,23.836586074899074,0
11221,22.210592760179864,0
11222,22.777393717081626,0
11223,23.43441684506491,0
11224,23.42049353247369,0
11225,24.157123165785823,0
11226,25.11439104464463,0
11227,24.46441850779939,0
11228,27.580788062114117,0
11229,25.37470770562396,0
11230,26.16698197559649,0
11231,29.3162164420939,0
11232,30.38457984011877,0
11233,28.69023418663512,0
11234,29.10685297426437,0
11235,28.840505279817037,0
11236,31.642806366825955,0
11237,31.216962485492548,0
11238,30.689343926143394,0
11239,32.3726907501913,0
11240,33.70061629563119,0
11241,33.305148249920606,0
11242,35.037794588187936,0
11243,34.11684103753426,0
11244,33.44057838109197,0
11245,32.92444751476738,0
11246,33.37975321421601,0
11247,33.836738212766264,0
11248,33.188851926400226,0
11249,33.02159645111259,0
11250,31.758414964295287,0
11251,31.810247495957604,0
11252,31.715232155942058,0
11253,29.747989600038313,0
11254,27.997968807176484,0
11255,30.378841635980333,0
11256,28.58333124095351,0
11257,26.907745514318737,0
11258,26.94000414531943,0
11259,25.839543761632996,0
11260,23.794951817157195,0
11261,24.77260436612293,0
11262,23.040511074213125,0
11263,24.236009046647663,0
11264,23.560608000962176,0
11265,24.514195855503644,0
11266,23.05033092158654,0
11267,23.41681347447613,0
11268,22.701264973220415,0
11269,22.662957393740992,0
11270,21.77297303724805,0
11271,24.371046758831746,0
11272,23.840595098225496,0
11273,23.450409145952808,0
11274,24.672845883818454,0
11275,24.541590194588487,0
11276,24.775861736671086,0
11277,26.335954710334136,0
11278,27.920969787144678,0
11279,27.077881007765477,0
11280,26.575318494781563,0
11281,28.037966765473108,0
11282,31.091460052643786,0
11283,29.102272951048914,0
11284,31.687957864700653,0
11285,30.8048335963178,0
11286,32.275721227238925,0
11287,31.860594852682347,0
11288,30.752783209029104,0
11289,32.2075543597208,0
11290,34.94172606330351,0
11291,32.82551654974451,0
11292,33.56481799128399,0
11293,32.621007327396114,0
11294,32.69785467809298,0
11295,32.94178296728469,0
11296,32.80432474671509,0
11297,34.1865185613178,0
11298,31.520496151708464,0
11299,30.864348095399805,0
11300,29.838600883551,0
11301,28.6012785055699,0
11302,27.685474122967328,0
11303,29.316906247365008,0
11304,26.139746355263405,0
11305,28.754785069024017,0
11306,27.566188594619504,0
11307,25.793119768788088,0
11308,24.34766944856309,0
11309,24.986380303427193,0
11310,24.48850939309503,0
11311,25.162478735385957,0
11312,22.93044580961637,0
11313,23.005353230296322,0
11314,23.120209176357534,0
11315,22.768248953193137,0
11316,22.378554238294022,0
11317,21.33107044539835,0
11318,21.533749314273244,0
11319,22.70799684981821,0
11320,23.448347513246574,0
11321,25.035030786918508,0
11322,26.77679511007406,0
11323,26.673402585101247,0
11324,25.898406926207244,0
11325,27.968108796489275,0
11326,26.59319587557347,0
11327,26.824004111428785,0
11328,30.31657378828679,0
11329,27.589255541494566,0
11330,28.883305096126474,0
11331,29.654026087071223,0
11332,31.962960148541697,0
11333,30.453136948688236,0
11334,32.320356219793666,0
11335,31.563617019387905,0
11336,31.110868544563285,0
11337,32.859012510587576,0
11338,33.001709768003636,0
11339,31.805570765804937,0
11340,32.13882713015043,0
11341,32.16857988652228,0
11342,33.79718357604772,0
11343,33.08526112475014,0
11344,32.572824141728795,0
11345,32.461650189596206,0
11346,31.06410284828315,0
11347,31.52599866890498,0
11348,29.900181407774774,0
11349,28.586662942661512,0
11350,28.59643922730675,0
11351,28.868499972718876,0
11352,28.095347876772063,0
11353,28.410059743542135,0
11354,25.023391579448383,0
11355,25.872620021162785,0
11356,25.900368176656244,0
11357,23.999911115972385,0
11358,24.71959647265833,0
11359,23.63033910241916,0
11360,22.546581114354495,0
11361,24.50777675646505,0
11362,21.788188661055845,0
11363,24.049324724782753,0
11364,22.592850777130298,0
11365,22.10960868384241,0
11366,22.292829085373484,0
11367,22.650210061979436,0
11368,22.82959910257732,0
11369,24.309247807576064,0
11370,22.60396891327292,0
11371,26.20287025188905,0
11372,26.342002668022985,0
11373,27.48111377415891,0
11374,25.7309911930164,0
11375,25.03789822412182,0
11376,27.38391987075129,0
11377,28.492735794541492,0
11378,29.605091685320495,0
11379,29.403246385013162,0
11380,30.42423747357449,0
11381,31.201565107923983,0
11382,29.99574490646522,0
11383,33.78051937751259,0
11384,31.216758197276647,0
11385,32.891238118896844,0
11386,33.91687348458612,0
11387,32.1842246783934,0
11388,33.012761518828434,0
11389,34.59889491033027,0
11390,32.55811568697289,0
11391,33.67441361151228,0
11392,32.631573006479904,0
11393,32.205822872034894,0
11394,32.26384003642163,0
11395,30.823590618227755,0
11396,30.30171709070011,0
11397,30.886114686416708,0
11398,29.56709094316901,0
11399,29.16198442065424,0
11400,26.81680755033382,0
11401,27.376501925088462,0
11402,27.93067544740538,0
11403,26.99856648529095,0
11404,25.857075895644087,0
11405,24.45253097146211,0
11406,23.866115679499497,0
11407,24.48527505072794,0
11408,25.102050487756497,0
11409,23.43820819097966,0
11410,24.488667681206742,0
11411,22.758201640993768,0
11412,24.215129855310927,0
11413,22.05909339561408,0
11414,23.372265541025577,0
11415,22.32920422620973,0
11416,24.344543760300603,0
11417,24.620925933699898,0
11418,23.53106903244443,0
11419,24.227484336187914,0
11420,25.072882957088407,0
11421,24.614608536612366,0
11422,25.795927249675803,0
11423,26.49897725242459,0
11424,28.796652129638442,0
11425,30.050136221952638,0
11426,28.865714083595563,0
11427,29.64120061901907,0
11428,30.728806187360235,0
11429,30.537944544973,0
11430,31.272913651056015,0
11431,32.8184860682639,0
11432,32.575273408828124,0
11433,32.54973522920032,0
11434,32.273001593657234,0
11435,34.44201870077127,0
11436,32.40216039675922,0
11437,33.093542530785335,0
11438,31.813325155635706,0
11439,32.04072996460412,0
11440,32.43964497915811,0
11441,31.587708261872155,0
11442,32.08349938663617,0
11443,31.126857016193608,0
11444,29.133778697979537,0
11445,27.623149491583792,0
11446,30.303231989042644,0
11447,28.084537185990847,0
11448,29.492597116801907,0
11449,27.376337764697666,0
11450,25.95724946922147,0
11451,26.65849418621679,0
11452,25.24370711956805,0
11453,24.983153302146036,0
11454,23.550758023976908,0
11455,24.684936892275513,0
11456,24.778038916180567,0
11457,22.870093119078742,0
11458,24.965859042230544,0
11459,22.488632807789507,0
11460,23.26296834980007,0
11461,21.423058768354807,0
11462,21.263404879155306,0
11463,25.493501253933267,0
11464,25.106278004579266,0
11465,25.19350351756933,0
11466,22.782612886158063,0
11467,25.195607452760683,0
11468,25.93274277872952,0
11469,26.179381510077395,0
11470,27.016474023937004,0
11471,26.443121626980542,0
11472,27.853216004535295,0
11473,27.527494928934445,0
11474,28.958215268842867,0
11475,30.297462069855964,0
11476,29.73157186338029,0
11477,30.779792467547665,0
11478,31.11761519105865,0
11479,31.99408121449026,0
11480,33.261633612178976,0
11481,32.86750063410199,0
11482,33.23617396728215,0
11483,31.530776141735497,0
11484,32.64939586529877,0
11485,33.78569011156013,0
11486,31.98129415949056,0
11487,32.197887943335644,0
11488,31.373407183034036,0
11489,33.31010178038538,0
11490,31.094686147071254,0
11491,30.32621934782714,0
11492,31.127291276231812,0
11493,31.021878607398772,0
11494,29.79796628747621,0
11495,29.643244056738737,0
11496,28.2209384141053,0
11497,27.2284823372249,0
11498,26.27565710693784,0
11499,25.588457452481816,0
11500,24.91310876833143,0
11501,25.332658520541006,0
11502,24.36055218876301,0
11503,24.129085469489556,0
11504,24.28324127637838,0
11505,23.3349734283649,0
11506,21.811039753635477,0
11507,22.26076055292735,0
11508,21.89054407909196,0
11509,21.146540294849615,0
11510,23.28269705967617,0
11511,22.19105897924585,0
11512,22.396340276425022,0
11513,22.96496713496055,0
11514,25.343840517826003,0
11515,24.652888383826234,0
11516,26.505043203449084,0
11517,26.003738723015328,0
11518,26.277258920991155,0
11519,27.918485099637206,0
11520,28.60243690421963,0
11521,28.77387629230172,0
11522,28.264694894436296,0
11523,29.462959707859,0
11524,29.32565383616916,0
11525,30.791726961054305,0
11526,31.634368533730672,0
11527,33.453493305533584,0
11528,33.74660601184756,0
11529,33.30076307664247,0
11530,33.78786533541018,0
11531,33.19189178424977,0
11532,35.7735871824349,0
11533,34.487654140778474,0
11534,35.477393888012735,0
11535,33.004465817124746,0
11536,32.746461974385326,0
11537,33.022034442423916,0
11538,31.727550021316727,0
11539,31.35771584786977,0
11540,29.51658712820166,0
11541,30.85576653309054,0
11542,29.43226250217193,0
11543,29.46407651537329,0
11544,27.782044411439625,0
11545,25.574660005128145,0
11546,27.20911495282243,0
11547,27.253066998043742,0
11548,24.2226933819292,0
11549,23.987752891644575,0
11550,24.16513742769801,0
11551,23.787704241761688,0
11552,21.971842756553713,0
11553,25.137204321541205,0
11554,24.182013145331222,0
11555,22.42774098763527,0
11556,21.189612549187117,0
11557,23.40589780011774,0
11558,25.154486446867864,0
11559,24.209293949249965,0
11560,24.824587217624284,0
11561,23.092462622343273,0
11562,24.69734108412196,0
11563,23.45681507195001,0
11564,27.47865170237848,0
11565,26.656248897360204,0
11566,24.600913501660024,0
11567,25.499720285649612,0
11568,28.479520577907078,0
11569,28.790253487292706,0
11570,28.983130013044494,0
11571,30.52884818849528,0
11572,32.50711834364032,0
11573,31.40945275373638,0
11574,29.731316276430338,0
11575,31.807186193420353,0
11576,31.018332300818113,0
11577,31.81431347462985,0
11578,33.15376678493501,0
11579,32.78498084588406,0
11580,31.932935160851052,0
11581,32.927190061214496,0
11582,32.00970710932087,0
11583,33.144464267317964,0
11584,32.08257596003762,0
11585,32.35196813831844,0
11586,31.26201309292165,0
11587,31.78557115738614,0
11588,30.357143462890868,0
11589,29.893520646404568,0
11590,28.721406147013493,0
11591,28.786733320866574,0
11592,26.218386733131517,0
11593,30.005260576661453,0
11594,26.016263199023005,0
11595,26.17612406122324,0
11596,25.016185802210792,0
11597,24.458302975193188,0
11598,24.856390091616245,0
11599,23.511843813720063,0
11600,23.230846974925125,0
11601,21.991331401041556,0
11602,22.235195544830688,0
11603,21.86181471146272,0
11604,24.789524442678747,0
11605,21.6964003891854,0
11606,22.084417848869414,0
11607,23.56052500971819,0
11608,25.08465550058644,0
11609,22.3262966488451,0
11610,22.9022063978092,0
11611,25.06711950413821,0
11612,25.823093184756537,0
11613,24.65668220469369,0
11614,24.890144185056617,0
11615,26.371169978081575,0
11616,28.731657815716186,0
11617,28.593578015402322,0
11618,30.023041587632488,0
11619,29.78991371183561,0
11620,30.450165681866597,0
11621,31.64049364074426,0
11622,31.39955369788537,0
11623,32.184916116795755,0
11624,31.400511767964513,0
11625,32.00115765489079,0
11626,33.27963124180174,0
11627,32.69856871820395,0
11628,32.233567954561956,0
11629,33.59558583330223,0
11630,33.35676041973305,0
11631,32.59263273464981,0
11632,31.551484196929348,0
11633,32.84363440916425,0
11634,34.012246931215614,0
11635,30.201529920785113,0
11636,28.93821083313452,0
11637,29.113033179351575,0
11638,28.339934967395152,0
11639,27.36707078471748,0
11640,26.795933985941094,0
11641,28.17325979658971,0
11642,27.54334824580255,0
11643,27.54470742761108,0
11644,26.22397870766845,0
11645,24.456011642004835,0
11646,25.52607862654679,0
11647,23.39857009649803,0
11648,23.2991464910514,0
11649,22.184054216694935,0
11650,24.373052522508274,0
11651,24.028997204310638,0
11652,22.51201943826841,0
11653,22.707525878105713,0
11654,23.18075478254421,0
11655,23.55631847208915,0
11656,24.488945896056496,0
11657,24.07386101484258,0
11658,24.839005389042818,0
11659,23.430085837774577,0
11660,25.17214582786403,0
11661,24.26712618667494,0
11662,28.461508566649716,0
11663,28.715106714060123,0
11664,28.688141789430265,0
11665,29.735864028870594,0
11666,31.26996122562116,0
11667,30.824523924565646,0
11668,28.87979907153263,0
11669,30.808804910623167,0
11670,29.153031817407417,0
11671,31.12332655704472,0
11672,31.05689147800882,0
11673,32.581071966653326,0
11674,33.18879342675646,0
11675,31.99875094045293,0
11676,32.68598868126374,0
11677,33.20521257262881,0
11678,32.641019754040904,0
11679,32.40873069889393,0
11680,29.893958649960563,0
11681,31.492984128539188,0
11682,32.29454047332066,0
11683,31.268455525915392,0
11684,28.98382596378083,0
11685,29.606778677599298,0
11686,29.52584989586303,0
11687,27.64418720632354,0
11688,28.639509685934282,0
11689,26.511061051275934,0
11690,26.33973874665513,0
11691,25.942155887924994,0
11692,27.690652796137798,0
11693,24.59971085903416,0
11694,23.8574775831769,0
11695,24.71291828088338,0
11696,23.1626153838429,0
11697,23.53758014519046,0
11698,20.880572809083812,0
11699,23.304278498961985,0
11700,22.944036776581466,0
11701,21.715997271648572,0
11702,24.490348839511306,0
11703,23.10533422613988,0
11704,23.4371314940347,0
11705,22.682440284558485,0
11706,22.802145558694484,0
11707,24.35084719767574,0
11708,23.940127808374754,0
11709,26.539583736571796,0
11710,27.537423181018823,0
11711,26.675027859489273,0
11712,26.353302824409802,0
11713,28.220764337345337,0
11714,28.195749182712262,0
11715,30.04197535745437,0
11716,30.641381017520544,0
11717,30.579006668109002,0
11718,31.570084625654697,0
11719,32.96839797512455,0
11720,33.99457276996516,0
11721,32.05830704323957,0
11722,33.512377553228546,0
11723,32.679898211199514,0
11724,31.902924663582386,0
11725,34.1989539099265,0
11726,33.18207139062539,0
11727,32.719663012470384,0
11728,32.64425903272723,0
11729,31.763643723017463,0
11730,30.442024821123514,0
11731,32.778400294145754,0
11732,31.358617797289053,0
11733,30.13566753149611,0
11734,30.21838256510506,0
11735,29.897080439771358,0
11736,27.75909225031996,0
11737,27.893195937308157,0
11738,26.34034186208881,0
11739,26.689762713137114,0
11740,25.20441822026278,0
11741,27.348825189360955,0
11742,24.065953566161536,0
11743,24.50754149148586,0
11744,24.091559178134485,0
11745,23.004392001016498,0
11746,24.065112279655143,0
11747,22.91775997753977,0
11748,22.546583005346417,0
11749,23.002728042029858,0
11750,22.378042965116848,0
11751,24.53555279017601,0
11752,24.253389680887977,0
11753,24.973616184167597,0
11754,23.0720295319599,0
11755,25.185358964652604,0
11756,24.689614118809487,0
11757,26.131338542662366,0
11758,27.93821396358969,0
11759,27.56268205510299,0
11760,27.78280482147736,0
11761,29.731017656597402,0
11762,30.2632883448055,0
11763,31.72009268063935,0
11764,28.597867906953738,0
11765,31.329636661275547,0
11766,31.077592336310108,0
11767,31.050848389323832,0
11768,32.4038419403021,0
11769,31.41547302147181,0
11770,30.554746768065314,0
11771,32.013364919428334,0
11772,32.697352898514985,0
11773,34.78223262007223,0
11774,32.066845823465655,0
11775,31.40940455100256,0
11776,30.31131802598901,0
11777,31.57379213084404,0
11778,31.254090085925515,0
11779,31.150696310529252,0
11780,29.012665335917298,0
11781,29.109952711194552,0
11782,26.985422989212644,0
11783,28.77939567570808,0
11784,26.38941615849041,0
11785,24.55933278353659,0
11786,27.824865491487614,0
11787,26.550507546795984,0
11788,25.810065018484586,0
11789,25.265482527033246,0
11790,23.387970494889867,0
11791,25.065693831876526,0
11792,22.58061885013134,0
11793,25.25109712647805,0
11794,23.35527070031642,0
11795,21.157460366542043,0
11796,23.827997826691554,0
11797,24.975093784435458,0
11798,22.875082730938594,0
11799,24.406317198915804,0
11800,23.41731882296275,0
11801,23.364963824418847,0
11802,21.84227973989102,0
11803,26.152284422583456,0
11804,25.014661779905655,0
11805,26.426568650826752,0
11806,25.53218334552183,0
11807,26.39875672286632,0
11808,29.077829749394212,0
11809,28.226635852773313,0
11810,28.853396343703302,0
11811,28.613327900345425,0
11812,30.670825692862785,0
11813,31.783822351808105,0
11814,31.035962616357185,0
11815,31.740468261292484,0
11816,31.070256626420335,0
11817,33.98450703728733,0
11818,32.17251249689812,0
11819,32.76363256015439,0
11820,34.648251261528266,0
11821,32.692884425267025,0
11822,31.238167392661378,0
11823,31.654686477496437,0
11824,31.933967391744304,0
11825,33.71644690149381,0
11826,31.723707620319193,0
11827,30.782747127716796,0
11828,31.295884243003478,0
11829,31.186456205736025,0
11830,28.498862510738505,0
11831,30.05699042847059,0
11832,28.828067196629693,0
11833,27.76486328632367,0
11834,24.2982925851463,0
11835,26.251130873158967,0
11836,26.867966673149024,0
11837,24.649511713363843,0
11838,26.753813334821103,0
11839,24.07637323758968,0
11840,22.617603781427,0
11841,23.946824957887557,0
11842,23.436345230481837,0
11843,23.851138674635155,0
11844,22.747440069883083,0
11845,24.32456842343128,0
11846,22.582903899874005,0
11847,23.485222614967302,0
11848,22.387160696898796,0
11849,23.200852601663193,0
11850,24.64211118438754,0
11851,24.268109681972383,0
11852,25.02046725898016,0
11853,25.852178224680177,0
11854,26.93492539521095,0
11855,28.093947171358522,0
11856,28.748711164023984,0
11857,29.65950141173094,0
11858,29.475882912413397,0
11859,29.339068242181,0
11860,28.875795396918292,0
11861,30.66881712262471,0
11862,30.708186193841303,0
11863,30.1102268275823,0
11864,33.969933595042214,0
11865,30.7387922199863,0
11866,33.16561072184837,0
11867,33.49509533545034,0
11868,32.74020116474859,0
11869,35.54795572937725,0
11870,32.82778378869587,0
11871,31.82218550054929,0
11872,34.08758244620356,0
11873,31.13520584275444,0
11874,30.061349181037887,0
11875,30.004350878659135,0
11876,29.82797947339283,0
11877,29.93708874989512,0
11878,29.613140962222918,0
11879,27.090408607654762,0
11880,28.33182715314094,0
11881,29.5858196902479,0
11882,25.960139286796036,0
11883,25.930694256400326,0
11884,26.18222135373063,0
11885,26.154555907204667,0
11886,23.765353568141727,0
11887,23.035649685027273,0
11888,22.625045503861216,0
11889,24.46963930838989,0
11890,24.060619307863547,0
11891,20.825710382683994,0
11892,20.808330569214593,0
11893,21.76564201526999,0
11894,21.626566788050027,0
11895,23.773394712349432,0
11896,23.870376898620833,0
11897,25.99849893373174,0
11898,25.24792490671965,0
11899,25.05775697773211,0
11900,26.67530888588871,0
11901,25.15909524064522,0
11902,25.265489360055902,0
11903,27.358626970919104,0
11904,28.930822163789887,0
11905,26.987014922064184,0
11906,30.18016111789542,0
11907,30.763620099200182,0
11908,29.9694857479547,0
11909,31.19356418229137,0
11910,31.235487226040796,0
11911,32.02717640590678,0
11912,33.127920736100286,0
11913,31.781698388562095,0
11914,33.863563327424295,0
11915,33.818995384852094,0
11916,33.899386065468,0
11917,30.934756085621252,0
11918,30.91668198854737,0
11919,33.300236512211086,0
11920,31.712582344655594,0
11921,31.243167817046768,0
11922,30.73689918972022,0
11923,29.658359780664505,0
11924,30.18647453697835,0
11925,29.157206190027907,0
11926,28.605735222445762,0
11927,29.11659820549393,0
11928,26.77655796731635,0
11929,28.467448473105247,0
11930,24.424914240309253,0
11931,28.611854806414627,0
11932,24.095247192629785,0
11933,25.526137996293325,0
11934,25.36960513196099,0
11935,24.006563799686962,0
11936,24.403849098845726,0
11937,23.247847667135794,0
11938,21.356191358137462,0
11939,23.370607617815576,0
11940,24.140932482171777,0
11941,22.458953862986363,0
11942,21.42079181155528,0
11943,22.744953247864945,0
11944,23.977754257356082,0
11945,24.31757423795568,0
11946,25.566149801730578,0
11947,25.50095026486028,0
11948,25.99319660004483,0
11949,24.026094485736003,0
11950,28.95120396858886,0
11951,27.374681483216477,0
11952,28.85571336304213,0
11953,28.277395179425735,0
11954,29.117047291343653,0
11955,29.95180901528167,0
11956,32.08217582985741,0
11957,32.56666340518227,0
11958,32.1437122038632,0
11959,33.96816575447254,0
11960,31.906999760290926,0
11961,33.12689149667476,0
11962,32.345182543779835,0
11963,34.257896567951285,0
11964,33.01832953833425,0
11965,33.93604608120721,0
11966,34.56906709493131,0
11967,30.48836627757933,0
11968,34.5267651349956,0
11969,32.27527830428777,0
11970,31.193679198899428,0
11971,29.072502041670372,0
11972,30.17541936793335,0
11973,27.55043550410494,0
11974,29.36902820104802,0
11975,28.464077795058415,0
11976,29.847795029076146,0
11977,26.998996377887853,0
11978,27.787532338036417,0
11979,27.26442255997645,0
11980,27.595403793290576,0
11981,24.689901628536756,0
11982,25.229682662040574,0
11983,22.467066539439436,0
11984,22.523613285901014,0
11985,23.089186095320727,0
11986,23.13499741364348,0
11987,21.788357560762112,0
11988,22.56706014874537,0
11989,23.74940939813461,0
11990,22.69285085551825,0
11991,23.212179055598476,0
11992,22.748783291483104,0
11993,25.438798398621483,0
11994,26.277704979572086,0
11995,25.157341848815054,0
11996,25.374242474004493,0
11997,27.784242895951035,0
11998,27.188451359527654,0
11999,26.653473635365085,0
12000,26.61044150272493,0
12001,28.04142123127931,0
12002,31.536672190740045,0
12003,29.29847059446496,0
12004,33.455120989095605,0
12005,31.03523320482905,0
12006,31.307673095978075,0
12007,33.31722828507818,0
12008,32.07278212986423,0
12009,33.00221009662613,0
12010,31.75785535475299,0
12011,31.675614659316118,0
12012,32.238117438391725,0
12013,33.18061028519034,0
12014,32.143224985783974,0
12015,30.600770953907464,0
12016,32.814029839483986,0
12017,31.79341021429873,0
12018,31.244588710327747,0
12019,30.41080563999993,0
12020,28.18577950869152,0
12021,31.54001920368739,0
12022,28.797703233530516,0
12023,29.18993101591635,0
12024,29.425566506908797,0
12025,28.50274215460546,0
12026,26.910584947283454,0
12027,26.093184090929306,0
12028,25.811598504450636,0
12029,25.884348220863753,0
12030,25.056201364289883,0
12031,23.57218751993726,0
12032,24.129499732770295,0
12033,23.766084173314987,0
12034,23.881323721604915,0
12035,23.25115146977044,0
12036,24.40401565097517,0
12037,23.247588881107742,0
12038,24.080524695306732,0
12039,23.423708292176173,0
12040,23.078789888639854,0
12041,23.06070780345038,0
12042,24.299720065537898,0
12043,25.504615687580536,0
12044,26.799428038095353,0
12045,25.993167550507156,0
12046,26.171099470026935,0
12047,26.8245118559592,0
12048,29.322999207376984,0
12049,28.76019122875793,0
12050,28.77932089835485,0
12051,30.67169085694482,0
12052,29.143576263614058,0
12053,31.16231949298523,0
12054,31.490484483796717,0
12055,31.82798577006681,0
12056,31.145217865617717,0
12057,33.62552161928663,0
12058,34.55461316295778,0
12059,31.598073039200038,0
12060,33.122273323951674,0
12061,33.618128982363665,0
12062,35.144619535173284,0
12063,32.19161742889279,0
12064,31.356700182258717,0
12065,31.961563842878586,0
12066,33.60013919657106,0
12067,31.114542658461545,0
12068,30.770967318803788,0
12069,31.733243354470392,0
12070,27.10364878723727,0
12071,26.43036730163606,0
12072,28.930072889802805,0
12073,28.141409277533768,0
12074,25.283942760317444,0
12075,26.61711029007524,0
12076,25.54192318786838,0
12077,25.178679820352087,0
12078,23.639390008553878,0
12079,23.568286442644943,0
12080,22.770389293015036,0
12081,23.432705647058373,0
12082,22.933126002506974,0
12083,24.767851526310505,0
12084,23.64378567159246,0
12085,21.42880116858165,0
12086,23.596513307771062,0
12087,24.848992992699763,0
12088,23.958423058362506,0
12089,25.14681461028616,0
12090,24.429297831841335,0
12091,25.67859556651282,0
12092,24.541078800730784,0
12093,26.892901754955876,0
12094,25.292170782552724,0
12095,28.672319648963327,0
12096,26.44808266980405,0
12097,26.48349212551014,0
12098,29.837921009935325,0
12099,29.736364476547728,0
12100,30.616761782952242,0
12101,31.48222962107428,0
12102,31.507518415534857,0
12103,31.059204001911457,0
12104,32.546585777616066,0
12105,32.9756361142673,0
12106,33.33479346130323,0
12107,34.99420499584025,0
12108,32.24621736437997,0
12109,33.02600732955878,0
12110,33.403655716034514,0
12111,32.160910683153325,0
12112,31.10097624045008,0
12113,31.384773807223066,0
12114,32.627075223544175,0
12115,30.767429000557886,0
12116,31.12752525312821,0
12117,29.16026223990619,0
12118,29.751540767719053,0
12119,27.959644212200455,0
12120,27.135969147228273,0
12121,27.462550018197497,0
12122,26.75927634995528,0
12123,27.59789948229572,0
12124,23.83378810759507,0
12125,25.47814576386328,0
12126,26.11746193297287,0
12127,25.429933337110498,0
12128,23.2761146200258,0
12129,22.681563112711398,0
12130,22.662691811309134,0
12131,23.351266506778707,0
12132,23.19417231713594,0
12133,23.401243252103132,0
12134,23.784268603047966,0
12135,22.283100189316038,0
12136,22.512872226867664,0
12137,22.775085031885872,0
12138,23.087728458814766,0
12139,24.854361222572184,0
12140,25.819337634045393,0
12141,28.683788690285763,0
12142,27.252976177653146,0
12143,27.364835904219795,0
12144,29.455517450815698,0
12145,27.8993661313108,0
12146,29.64228710389043,0
12147,30.912154460938154,0
12148,31.306678165254915,0
12149,31.458026820051337,0
12150,31.17779621399273,0
12151,30.693173383108093,0
12152,32.172863818729105,0
12153,32.0086208158413,0
12154,33.536135431177,0
12155,32.81734994880316,0
12156,33.576001524263134,0
12157,31.306976898532653,0
12158,33.827466498847784,0
12159,31.745165435444456,0
12160,30.728136808667347,0
12161,30.555497356251635,0
12162,30.8914421438852,0
12163,32.19582812061726,0
12164,31.231360271987892,0
12165,28.710134010738184,0
12166,29.382785722902444,0
12167,28.544935516872485,0
12168,26.39246419399322,0
12169,26.33147348465141,0
12170,24.616984498917624,0
12171,25.19472807455493,0
12172,22.78287390914939,0
12173,24.14074192583558,0
12174,23.504791785878272,0
12175,23.216210279482297,0
12176,22.82588291010939,0
12177,24.565725981082192,0
12178,22.813360661589055,0
12179,23.289930242615846,0
12180,23.77345593411909,0
12181,23.965535658431186,0
12182,23.867299692515502,0
12183,22.813267530747826,0
12184,22.54561442469344,0
12185,23.235912522369386,0
12186,23.98032122530268,0
12187,24.961173216369122,0
12188,25.41201355011051,0
12189,27.20891948164888,0
12190,26.60022734157745,0
12191,29.18288726209901,0
12192,29.05452291263675,0
12193,28.159007679409278,0
12194,30.17502946957374,0
12195,26.970168712675477,0
12196,31.91006943088272,0
12197,31.46501004937842,0
12198,31.941914662157014,0
12199,30.243222837073283,0
12200,34.909708438618225,0
12201,32.35878016166102,0
12202,32.68281274828025,0
12203,34.10893115538847,0
12204,32.80140337941761,0
12205,32.08647736512429,0
12206,33.503190859828585,0
12207,31.581832120313894,0
12208,33.08978523531791,0
12209,32.10733616076992,0
12210,32.6882982829547,0
12211,29.804678648477697,0
12212,31.773819387815344,0
12213,30.21369982027366,0
12214,31.313215810751203,0
12215,27.986083719984286,0
12216,29.89915405990362,0
12217,28.06687738731013,0
12218,27.51275470183281,0
12219,25.342391542239636,0
12220,26.070734630391108,0
12221,25.641195496492898,0
12222,23.6144756705279,0
12223,22.849683706265363,0
12224,22.879077033548114,0
12225,24.876054456680265,0
12226,23.33037835200379,0
12227,24.000670407056013,0
12228,23.29540531639564,0
12229,23.161571943220174,0
12230,23.397355769293366,0
12231,22.96036128362168,0
12232,24.918360902271836,0
12233,24.210112084558236,0
12234,24.694265321292004,0
12235,23.540547589150933,0
12236,25.81574909567457,0
12237,25.3960056231847,0
12238,26.193385734600163,0
12239,28.407192790774,0
12240,26.883048633263105,0
12241,28.447955709053378,0
12242,29.93671019650216,0
12243,31.09092283095432,0
12244,29.9697454436661,0
12245,31.370177279861927,0
12246,31.827469541970792,0
12247,30.812308817448226,0
12248,30.1419802763139,0
12249,30.648322751865063,0
12250,33.4424732653089,0
12251,33.061544061798635,0
12252,31.62958718581408,0
12253,32.30255263877934,0
12254,32.420371769433544,0
12255,32.25295197745454,0
12256,32.298640210990996,0
12257,34.222082326863976,0
12258,30.735753836090133,0
12259,31.189542200650465,0
12260,29.712331560524255,0
12261,29.270245927613782,0
12262,28.393586070649583,0
12263,28.416322666358226,0
12264,27.434275502733122,0
12265,27.703561372586233,0
12266,26.92261532510232,0
12267,25.173154807220087,0
12268,27.45878085136283,0
12269,23.760392466448355,0
12270,24.826993983661705,0
12271,26.24842013330217,0
12272,22.940278448865584,0
12273,24.7345269396246,0
12274,24.620021143024957,0
12275,23.387938022841688,0
12276,21.110469224433892,0
12277,24.493152818264676,0
12278,23.263990214422005,0
12279,22.820890177209403,0
12280,24.97295745981481,0
12281,23.29188385193742,0
12282,25.551455048878054,0
12283,24.395117163049314,0
12284,26.04672167989702,0
12285,24.986008969676057,0
12286,26.30045855929777,0
12287,26.410947739222188,0
12288,27.271952356565723,0
12289,28.842582203722046,0
12290,29.118515832900375,0
12291,30.104696087867662,0
12292,31.809464191241165,0
12293,30.92581981379593,0
12294,29.634660141307407,0
12295,31.671616546989142,0
12296,32.411050298288224,0
12297,33.65887181326533,0
12298,33.88461585346909,0
12299,33.92698313693574,0
12300,32.766720048611994,0
12301,33.61549442776104,0
12302,31.355486122155927,0
12303,33.93878281180529,0
12304,32.77688338219372,0
12305,32.48455563660648,0
12306,31.147470711887596,0
12307,31.099984946288778,0
12308,29.816110724400588,0
12309,30.491199549590533,0
12310,27.936699796024854,0
12311,29.644090702584304,0
12312,28.554729692892256,0
12313,29.415032530180454,0
12314,26.665787601527924,0
12315,25.99097128782802,0
12316,25.69689803983242,0
12317,24.993138440104605,0
12318,24.35429175981359,0
12319,22.906235185916767,0
12320,22.540009907412365,0
12321,22.801357434692303,0
12322,22.87299271048008,0
12323,21.83027357829758,0
12324,21.813683988232608,0
12325,22.752336208503376,0
12326,23.927082887912288,0
12327,23.185175431108977,0
12328,24.362011339779134,0
12329,25.02572575188016,0
12330,25.24863616457483,0
12331,24.525549947452344,0
12332,25.08642794409664,0
12333,24.181990586911237,0
12334,26.007761720380852,0
12335,27.825116932212584,0
12336,26.889033161246974,0
12337,30.034848228793038,0
12338,30.758105659787738,0
12339,29.536419644194297,0
12340,31.441645387416774,0
12341,29.59609597432425,0
12342,30.464382511228955,0
12343,31.58634765966338,0
12344,32.33890935262772,0
12345,32.42942732444418,0
12346,31.948923187842485,0
12347,34.964839007557934,0
12348,33.29724438686792,0
12349,33.249661451766734,0
12350,33.52508040695404,0
12351,32.79856063951225,0
12352,32.093953970258674,0
12353,31.398305824535143,0
12354,29.863445371099335,0
12355,32.569645045880314,0
12356,29.559492177913825,0
12357,28.215042136423925,0
12358,28.469194705026926,0
12359,27.016727044063742,0
12360,30.0359754244333,0
12361,27.72017907919606,0
12362,28.144281051829743,0
12363,27.571387738540462,0
12364,26.080496051939008,0
12365,25.54096886585024,0
12366,23.726636622074928,0
12367,23.947242050650775,0
12368,23.053115559312275,0
12369,23.424156794040154,0
12370,22.456334978146767,0
12371,24.335907898983766,0
12372,23.78029307972504,0
12373,22.934141729408626,0
12374,21.464517161872642,0
12375,24.079568707842327,0
12376,24.572514336893562,0
12377,23.96352942488999,0
12378,23.17746878063752,0
12379,25.397681329406666,0
12380,26.572121482543366,0
12381,24.130069477262815,0
12382,27.283860352027414,0
12383,25.494678961897492,0
12384,28.080530429484412,0
12385,30.434793046043858,0
12386,29.387705792809367,0
12387,30.40332262522219,0
12388,30.17195310924597,0
12389,31.03694634970986,0
12390,33.93279197467627,0
12391,33.32732423153288,0
12392,32.00961167511549,0
12393,32.230861030068205,0
12394,32.848170179253614,0
12395,35.19490687811786,0
12396,33.21299521382208,0
12397,34.091777671312826,0
12398,32.45838728181729,0
12399,31.32184398934122,0
12400,33.6800428933569,0
12401,31.88894841948304,0
12402,30.736329241654907,0
12403,30.33777935693364,0
12404,29.81592304259353,0
12405,29.2949439860049,0
12406,27.724660783710217,0
12407,29.876615385534905,0
12408,28.389500676524033,0
12409,28.340842728294476,0
12410,26.355350515719277,0
12411,26.439938447347117,0
12412,25.670173670835347,0
12413,26.15243723537236,0
12414,25.294347157350874,0
12415,24.39837765620546,0
12416,23.008735149049944,0
12417,22.157467991870902,0
12418,22.35615113591142,0
12419,22.397600086770133,0
12420,22.451569247198695,0
12421,21.78428134711015,0
12422,24.86023579409628,0
12423,23.655123160303145,0
12424,21.61827220659401,0
12425,22.922158099848474,0
12426,23.1010520055554,0
12427,25.19884535520481,0
12428,26.58472683656075,0
12429,25.083510316242275,0
12430,27.335375471057496,0
12431,27.066439203288162,0
12432,29.16840359931421,0
12433,30.040677293584576,0
12434,29.610228631340433,0
12435,30.643227783510262,0
12436,30.496914638075182,0
12437,30.664265458004298,0
12438,30.35413914115017,0
12439,32.29890598512356,0
12440,32.2588150790609,0
12441,32.229554646005596,0
12442,32.75216634768549,0
12443,32.76900374289811,0
12444,31.94631141948016,0
12445,32.421335189113485,0
12446,33.98874950033891,0
12447,32.38291353547635,0
12448,33.74638471293677,0
12449,30.79650342543251,0
12450,30.161907450253455,0
12451,31.17300801939125,0
12452,31.286802126973207,0
12453,29.24799874480753,0
12454,29.927923677017713,0
12455,29.598881361280103,0
12456,29.087868222471716,0
12457,27.23487105395575,0
12458,26.65378376173381,0
12459,24.413652558962582,0
12460,25.523290910469434,0
12461,25.240627360364538,0
12462,25.895958405195326,0
12463,22.74524648174133,0
12464,22.812455081711608,0
12465,22.36627098923867,0
12466,24.080161457020345,0
12467,20.481357389204952,0
12468,21.90399178051539,0
12469,25.129843799842956,0
12470,23.835004721926165,0
12471,22.035403606523726,0
12472,23.609211466891225,0
12473,24.889763480514425,0
12474,25.0216682770164,0
12475,24.73221461691488,0
12476,24.69833957718423,0
12477,26.928502486521282,0
12478,26.699485859175645,0
12479,28.166348756381595,0
12480,28.40191066256535,0
12481,28.180696241156824,0
12482,30.751778858386796,0
12483,29.40918825048134,0
12484,30.935670459805017,0
12485,30.404355942608063,0
12486,31.302745748353708,0
12487,31.714394287979097,0
12488,31.661951968897576,0
12489,32.85973502487608,0
12490,34.15341703907534,0
12491,34.83561524861662,0
12492,34.45026710256821,0
12493,32.78322273291815,0
12494,34.301248286618474,0
12495,33.04258290984717,0
12496,34.14478859007339,0
12497,30.69544652189955,0
12498,33.032072683248764,0
12499,30.439730005100028,0
12500,31.668078947814514,0
12501,29.44320025760353,0
12502,30.21511643237407,0
12503,28.368682643913477,0
12504,26.10378546979911,0
12505,26.3710515868117,0
12506,26.462959820579467,0
12507,26.111005249445437,0
12508,23.241934943705285,0
12509,23.748081851814018,0
12510,23.727268749606278,0
12511,23.819952811518448,0
12512,23.892525706407383,0
12513,22.553189369453392,0
12514,21.641052197354263,0
12515,23.34777978081097,0
12516,22.665506031785455,0
12517,23.937916471789716,0
12518,22.640563267631304,0
12519,24.030794062666068,0
12520,22.772593935870475,0
12521,24.303502538797396,0
12522,24.55540072376403,0
12523,25.409415900726017,0
12524,24.559360350854366,0
12525,25.964095521866955,0
12526,25.8514622488616,0
12527,27.185750037461375,0
12528,28.626820997024147,0
12529,31.65896968192988,0
12530,29.329653896051138,0
12531,30.633777138388965,0
12532,30.614304860915496,0
12533,32.18645088160242,0
12534,32.00154272035716,0
12535,33.01956342463949,0
12536,32.68886181356418,0
12537,35.03635456650707,0
12538,34.21731343777484,0
12539,31.24515882617175,0
12540,33.30321709070946,0
12541,33.037600048631155,0
12542,30.612406898801883,0
12543,31.755163533133697,0
12544,31.869117077923867,0
12545,31.23025993105247,0
12546,31.66838997557621,0
12547,29.241872993615164,0
12548,31.253625460456753,0
12549,30.6954021631274,0
12550,29.652102582650826,0
12551,28.324487476382114,0
12552,28.0084466574055,0
12553,26.883643374044762,0
12554,27.861012181606355,0
12555,26.59887904348263,0
12556,27.507650598792566,0
12557,24.591204843174758,0
12558,25.926962489804744,0
12559,23.45884249383802,0
12560,23.503334939324006,0
12561,22.336934574621637,0
12562,23.70156514828456,0
12563,22.98823806453179,0
12564,23.62925669298496,0
12565,24.545345747096512,0
12566,23.119761167292342,0
12567,23.768068953146823,0
12568,24.578720040364786,0
12569,23.97992656775078,0
12570,23.920742473989144,0
12571,25.32107610186179,0
12572,26.01151131576041,0
12573,26.875980042932685,0
12574,27.54770125669524,0
12575,26.68273401767939,0
12576,28.452905491411965,0
12577,29.894707771164526,0
12578,28.834993343014165,0
12579,30.28428233024998,0
12580,29.88551901578568,0
12581,31.218247289940642,0
12582,33.284469145701365,0
12583,32.14734727589372,0
12584,31.368113912723462,0
12585,32.973000643334444,0
12586,33.05287819482288,0
12587,34.083503145503606,0
12588,31.630686819986288,0
12589,32.04551696178428,0
12590,32.758631554079564,0
12591,31.06867163372112,0
12592,33.476904770205934,0
12593,29.943350936837433,0
12594,30.710038734200868,0
12595,29.570007979542797,0
12596,29.849862295888,0
12597,30.724150014857564,0
12598,29.9055590202528,0
12599,29.58888774585551,0
12600,28.612490824180735,0
12601,25.31693554206255,0
12602,27.01579296063289,0
12603,24.24334595641588,0
12604,25.003021437400466,0
12605,24.570212033137206,0
12606,23.926796377000464,0
12607,24.533809345858327,0
12608,22.866199817495183,0
12609,25.124361266109787,0
12610,23.77776148606033,0
12611,24.234343021935373,0
12612,23.768165507685048,0
12613,23.945865987961817,0
12614,23.135791447571616,0
12615,25.357418768426324,0
12616,22.622711085873966,0
12617,24.50377944416867,0
12618,24.476594066627946,0
12619,24.74004384691719,0
12620,25.827091080714936,0
12621,25.34342881815711,0
12622,27.58518705571666,0
12623,28.14264470938085,0
12624,28.10617212674925,0
12625,29.40033093010473,0
12626,28.26132860817971,0
12627,28.109008694503636,0
12628,29.927029235780804,0
12629,30.814935486757477,0
12630,34.04204009253848,0
12631,31.746571826577938,0
12632,33.37303936823963,0
12633,33.47533710950599,0
12634,34.95260054234406,0
12635,33.08272357080769,0
12636,33.6637945743181,0
12637,32.77201192765459,0
12638,31.971996265930056,0
12639,31.62155723487657,0
12640,31.553586680829593,0
12641,33.40694056440382,0
12642,31.830501566130494,0
12643,30.89851893263594,0
12644,30.52663086942083,0
12645,29.357183654445954,0
12646,29.2694414293675,0
12647,28.62137565395714,0
12648,28.662003303354943,0
12649,28.269400151302566,0
12650,25.0768115388969,0
12651,26.328363332833014,0
12652,26.88674571079079,0
12653,23.94290628589214,0
12654,24.223173618698045,0
12655,24.211586099458167,0
12656,24.78186412205551,0
12657,23.987618805249575,0
12658,22.960576358369657,0
12659,23.553560230811676,0
12660,24.04804832384073,0
12661,23.44354403195076,0
12662,25.04139860325098,0
12663,23.814318408069166,0
12664,22.628470290792432,0
12665,23.25854291514515,0
12666,24.340456896815613,0
12667,24.759398094170226,0
12668,26.132615654659475,0
12669,26.451942850645988,0
12670,28.43394030893287,0
12671,28.17098865078723,0
12672,29.498476272055445,0
12673,27.900205010461846,0
12674,28.878093325861194,0
12675,30.610935925712095,0
12676,30.604524312644866,0
12677,31.684662299206554,0
12678,31.799142543164077,0
12679,31.358719619695798,0
12680,34.04874164917646,0
12681,33.77609069251737,0
12682,31.28786551404613,0
12683,32.354065537304834,0
12684,33.03737884492426,0
12685,33.65202759459797,0
12686,32.77250938830198,0
12687,31.271556502997896,0
12688,33.1770259322975,0
12689,31.77487436514564,0
12690,32.75503240286314,0
12691,31.362896760387535,0
12692,31.51855510185119,0
12693,30.766097901489676,0
12694,30.1946590609479,0
12695,28.161518176717358,0
12696,29.046763231906134,0
12697,27.569499888668386,0
12698,25.477303408683422,0
12699,25.71088713518032,0
12700,25.1817162822862,0
12701,25.444332787664102,0
12702,25.16896831575606,0
12703,22.938810628187394,0
12704,24.41475542160915,0
12705,23.33632814701016,0
12706,22.13582923507202,0
12707,23.896675400582236,0
12708,22.260923154375867,0
12709,21.872619150242954,0
12710,23.948156232616764,0
12711,24.301484441628862,0
12712,23.03359086066411,0
12713,25.111740859764502,0
12714,25.488700983398548,0
12715,24.46179696138316,0
12716,27.518741242139086,0
12717,26.052249113502366,0
12718,26.95518588303268,0
12719,24.98973368161733,0
12720,28.659743826600454,0
12721,28.059551557120905,0
12722,29.759387079909295,0
12723,28.23172204247913,0
12724,31.680420064164505,0
12725,32.52413018645772,0
12726,33.448108430149105,0
12727,29.045617858222716,0
12728,32.94410217975807,0
12729,32.99159956428687,0
12730,29.842197012714724,0
12731,32.25571430607159,0
12732,32.945420553068956,0
12733,34.40771857665146,0
12734,32.029263105778405,0
12735,32.85705913839123,0
12736,32.305781723365,0
12737,32.36516149855481,0
12738,31.172164181837914,0
12739,31.969519474233994,0
12740,31.50548478913307,0
12741,28.590477361164062,0
12742,30.449233174579977,0
12743,27.94332081692817,0
12744,27.76340118542422,0
12745,28.507928559204313,0
12746,26.8427627819076,0
12747,26.700051803245692,0
12748,26.32745855384964,0
12749,25.594655369325707,0
12750,23.96880765336081,0
12751,23.12539608463578,0
12752,24.39277138595598,0
12753,24.180629797239718,0
12754,23.57101407030197,0
12755,22.898826384918564,0
12756,23.900281251713476,0
12757,23.061986522228917,0
12758,21.850576925213744,0
12759,23.707920431298053,0
12760,24.220223541248433,0
12761,24.853498192310326,0
12762,23.622769167588086,0
12763,24.256322559600132,0
12764,25.881019471953046,0
12765,25.69149115313408,0
12766,26.690628014277003,0
12767,28.335551927618038,0
12768,28.445876576935895,0
12769,30.52662586394319,0
12770,29.639411752261637,0
12771,31.675098683046503,0
12772,31.61917488333367,0
12773,33.641343881058084,0
12774,31.613679350041966,0
12775,31.94497616255034,0
12776,33.696486229323824,0
12777,32.172760670686515,0
12778,32.435833457496145,0
12779,33.27293804965622,0
12780,33.44617527876149,0
12781,31.632946511357265,0
12782,33.15723113287746,0
12783,32.386031300662665,0
12784,32.380039188263616,0
12785,32.219793091660996,0
12786,31.42454574387733,0
12787,32.19164446224897,0
12788,31.066363702748667,0
12789,29.810246913666685,0
12790,29.45432214306136,0
12791,29.772408754979757,0
12792,28.868447794790914,0
12793,28.69553285383411,0
12794,26.658632270480602,0
12795,26.314454274134324,0
12796,27.592786835994467,0
12797,25.011892807676944,0
12798,26.2294329764711,0
12799,24.967495420356688,0
12800,23.339660737711018,0
12801,22.08767905974993,0
12802,23.89918092363282,0
12803,22.440631123912596,0
12804,22.394731379984513,0
12805,21.422707257381468,0
12806,24.449100333402953,0
12807,23.582796428042325,0
12808,23.79600497987402,0
12809,24.526572154097714,0
12810,24.807867952311597,0
12811,25.152932351232376,0
12812,26.11573501855097,0
12813,25.915780331465804,0
12814,24.245099902897355,0
12815,28.184041090227552,0
12816,28.525952722291514,0
12817,28.779669793444878,0
12818,30.975869439285773,0
12819,28.631488895051067,0
12820,27.729883845465285,0
12821,32.62594553049717,0
12822,32.05147307282659,0
12823,30.439671518450158,0
12824,32.029842879379174,0
12825,33.33894765882661,0
12826,31.729232189651334,0
12827,33.61284736903893,0
12828,35.207718725928984,0
12829,34.44196427462223,0
12830,32.90352514805111,0
12831,33.04473247787767,0
12832,31.49314118047466,0
12833,32.202599317005514,0
12834,31.31027110152224,0
12835,30.161338454943188,0
12836,29.271121232912268,0
12837,31.934684072375994,0
12838,29.484195353274405,0
12839,27.742126395487514,0
12840,27.686070445602244,0
12841,28.92831439788509,0
12842,28.419177907012276,0
12843,25.580450429082635,0
12844,25.79826430177164,0
12845,25.944887964585806,0
12846,24.224478707932395,0
12847,22.970145453406033,0
12848,22.805596265225176,0
12849,23.49497536247277,0
12850,22.507368091273474,0
12851,21.85993398166929,0
12852,22.869125529188224,0
12853,24.071099509454456,0
12854,23.951254575136293,0
12855,23.256545387002504,0
12856,25.666723622033764,0
12857,23.355865607701784,0
12858,24.492170323350873,0
12859,23.703051924226674,0
12860,26.374378333465987,0
12861,26.064409909812717,0
12862,25.137908929101403,0
12863,26.626950145282624,0
12864,29.884384499481186,0
12865,29.470494507788704,0
12866,29.504765943642546,0
12867,30.871764896802702,0
12868,29.014181612139314,0
12869,30.322445095152943,0
12870,30.318724255186595,0
12871,31.244480504416035,0
12872,32.04919213717237,0
12873,33.24333205975549,0
12874,33.927334635066906,0
12875,34.026799109591735,0
12876,35.76257919987858,0
12877,32.564720688632605,0
12878,32.907735088259656,0
12879,33.22086336602921,0
12880,31.604546680626765,0
12881,31.777706465111333,0
12882,32.03700381764208,0
12883,30.26300304229593,0
12884,31.062177509312203,0
12885,31.22433759739694,0
12886,28.281473679079074,0
12887,26.479417745254334,0
12888,28.17632613745043,0
12889,26.407412284493233,0
12890,26.970525720848553,0
12891,25.73295891470958,0
12892,25.89370443131032,0
12893,26.17109923656671,0
12894,25.366911327513087,0
12895,23.768569372663215,0
12896,22.59905228299125,0
12897,21.00397481316359,0
12898,21.100634227588436,0
12899,22.339752963339098,0
12900,23.180927360871422,0
12901,22.4542159705632,0
12902,22.65854469517316,0
12903,21.87200866503026,0
12904,22.106957636398477,0
12905,22.393639784936777,0
12906,25.150383350617574,0
12907,23.056544339123462,0
12908,26.234659441540142,0
12909,25.249419954955318,0
12910,27.29414560571448,0
12911,27.637265815111196,0
12912,28.797877839517813,0
12913,29.878213472275466,0
12914,28.55855391148981,0
12915,28.988370159356204,0
12916,30.100225471687242,0
12917,30.308809591968338,0
12918,32.220962998996725,0
12919,31.88027105335877,0
12920,32.35888920048814,0
12921,33.054385110613595,0
12922,32.37954831914428,0
12923,34.06589868059731,0
12924,31.188950833718433,0
12925,33.203759109042835,0
12926,33.3391087582931,0
12927,31.868425847474246,0
12928,31.652165357323412,0
12929,32.87463808512258,0
12930,31.227073405293446,0
12931,29.14134020108067,0
12932,29.165188145540643,0
12933,30.920726465668245,0
12934,28.423396036458886,0
12935,29.959817939157237,0
12936,29.365546136233466,0
12937,27.15064089060631,0
12938,27.24886468366653,0
12939,25.266467883785847,0
12940,25.100650957163097,0
12941,24.26230348055362,0
12942,25.050807414148668,0
12943,22.75716079264179,0
12944,23.538581730474288,0
12945,23.428989153207365,0
12946,23.683001326847307,0
12947,20.929469747693872,0
12948,21.21811591240008,0
12949,22.163927841780012,0
12950,22.943504281594063,0
12951,23.514246309209433,0
12952,23.85556683326877,0
12953,26.033110112097052,0
12954,25.108553271401263,0
12955,25.53313079680516,0
12956,25.00687521252358,0
12957,26.856991686549144,0
12958,27.38418166333012,0
12959,28.004717130925666,0
12960,27.877903590607602,0
12961,29.262271764360573,0
12962,30.79916695510869,0
12963,29.110504521464506,0
12964,28.341989761326033,0
12965,31.84701932294516,0
12966,32.252661501849495,0
12967,31.72489988043283,0
12968,31.876788877113395,0
12969,35.34635147483199,0
12970,32.35492456206133,0
12971,31.732744571525316,0
12972,32.512251832453344,0
12973,33.44189468696673,0
12974,32.20820244054055,0
12975,32.218541749139234,0
12976,32.618990059352846,0
12977,31.52566753933108,0
12978,31.646830018743508,0
12979,30.986689022441194,0
12980,29.428975300698628,0
12981,29.96886851641513,0
12982,28.124830412247896,0
12983,29.562322743401936,0
12984,27.05707023814399,0
12985,27.09388884222014,0
12986,24.883420993957817,0
12987,25.625675231040024,0
12988,24.24171719845252,0
12989,26.42060610170509,0
12990,24.32621265390986,0
12991,24.533182127195015,0
12992,21.91496073007481,0
12993,22.131436190544292,0
12994,22.982505360795425,0
12995,21.676479606635866,0
12996,24.11321639607285,0
12997,22.62255397249343,0
12998,23.298084609656694,0
12999,23.66012071304384,0
13000,23.49966466651536,0
13001,24.77910152158443,0
13002,23.775201072192342,0
13003,25.296417073807504,0
13004,26.66377477798103,0
13005,26.274598277160326,0
13006,26.80631316121111,0
13007,26.99491990682201,0
13008,28.033785151391346,0
13009,29.296908105528836,0
13010,29.027803547629826,0
13011,28.22639455853736,0
13012,30.637899341707186,0
13013,30.871663137326568,0
13014,31.974731719847505,0
13015,31.981670756025704,0
13016,33.859834661661296,0
13017,31.406860197223896,0
13018,31.84677909747537,0
13019,33.5761984520496,0
13020,31.959540805745245,0
13021,33.25311989838968,0
13022,32.78777979469085,0
13023,30.656784903088514,0
13024,32.96138733388859,0
13025,33.29067514394947,0
13026,31.712908401813653,0
13027,29.637872144582815,0
13028,31.248978106475285,0
13029,28.861324566062198,0
13030,29.147603331839047,0
13031,29.031754036149987,0
13032,27.205266467369743,0
13033,25.65441677352261,0
13034,26.537727352129597,0
13035,26.015383623932532,0
13036,24.631751606738945,0
13037,24.160152703774877,0
13038,25.162426960908046,0
13039,23.914555015694685,0
13040,23.178935691261163,0
13041,22.76533396031515,0
13042,23.30576439387986,0
13043,23.10390446664644,0
13044,22.79985764761462,0
13045,21.64921321560066,0
13046,22.775077672555312,0
13047,22.733790034859066,0
13048,23.703123654239647,0
13049,25.131698921885047,0
13050,25.361807674107993,0
13051,25.551489312650265,0
13052,25.5762810691468,0
13053,25.737465477353776,0
13054,27.000835442234912,0
13055,26.849402819443903,0
13056,27.633757449295363,0
13057,27.797937296646253,0
13058,29.207397823139768,0
13059,29.803963440969188,0
13060,32.262782172284226,0
13061,31.548840588322253,0
13062,31.133388416146115,0
13063,32.687808415122134,0
13064,31.83540097279827,0
13065,33.56931380519538,0
13066,33.55276129021023,0
13067,35.7403640070056,0
13068,31.911277149240668,0
13069,32.851241712016545,0
13070,32.68348221267796,0
13071,32.87338258172951,0
13072,32.98752601845357,0
13073,30.984738277737666,0
13074,30.796614214250013,0
13075,31.302997985180262,0
13076,31.405615876624783,0
13077,28.790228240357308,0
13078,27.754666441373868,0
13079,29.72782913616383,0
13080,28.782725867366906,0
13081,28.36612829791183,0
13082,25.729873133400368,0
13083,25.858558610437175,0
13084,25.68540772827474,0
13085,25.348759517480136,0
13086,24.314566441193765,0
13087,23.950647790344615,0
13088,24.61443451934839,0
13089,22.926135452232003,0
13090,22.606785728390864,0
13091,22.592510178593738,0
13092,22.47253060287641,0
13093,23.13520419405952,0
13094,22.93435167897596,0
13095,22.923022156508758,0
13096,25.0076755514925,0
13097,24.289944630512828,0
13098,24.105243953836492,0
13099,26.13984807007674,0
13100,24.935260799899655,0
13101,26.051052191510014,0
13102,26.581794224908887,0
13103,26.76054740309459,0
13104,27.596561336800413,0
13105,28.699233136857014,0
13106,27.88205530479133,0
13107,29.504986310653862,0
13108,30.705599471928462,0
13109,31.27441841695569,0
13110,31.787178391612976,0
13111,34.178422408690054,0
13112,32.93397295439641,0
13113,32.447626286000286,0
13114,32.67889674360246,0
13115,32.920470313048654,0
13116,33.382362276524084,0
13117,32.63865128748405,0
13118,34.237830184043915,0
13119,31.528399643867537,0
13120,32.89918705268827,0
13121,32.41263444472088,0
13122,30.40814779568287,0
13123,31.6090627800467,0
13124,30.995784854606274,0
13125,29.267474512320874,0
13126,31.46815439725836,0
13127,29.29544490915699,0
13128,27.650446678640513,0
13129,26.85587634091723,0
13130,25.96119782483937,0
13131,26.297223023920456,0
13132,25.52293113006686,0
13133,23.57516886357103,0
13134,23.437607212048437,0
13135,23.31642141696411,0
13136,23.250007441495068,0
13137,22.99972315113866,0
13138,22.498428040682107,0
13139,23.616332548624765,0
13140,23.866199953159853,0
13141,23.076846839495637,0
13142,21.04491232074107,0
13143,23.194355363490455,0
13144,24.16616201436966,0
13145,23.919395026080107,0
13146,24.6863006758867,0
13147,25.016422263786936,0
13148,24.043413161338258,0
13149,23.643023124471483,0
13150,27.258857713961493,0
13151,26.81351563334829,0
13152,28.356386768122352,0
13153,28.325543106257047,0
13154,29.094185019350125,0
13155,31.176628711951015,0
13156,29.323456890344808,0
13157,30.99567924717395,0
13158,30.458262233502804,0
13159,31.99608869376521,0
13160,32.74378698770381,0
13161,33.19958268762931,0
13162,32.933876486791696,0
13163,31.607586607279632,0
13164,33.19343785218802,0
13165,33.766452124093085,0
13166,33.735869033206235,0
13167,34.614581723450115,0
13168,32.82575880390188,0
13169,30.96078712734337,0
13170,31.003188584917904,0
13171,31.08601707865515,0
13172,31.45565766090229,0
13173,28.790016352134046,0
13174,30.122907837593694,0
13175,29.23265345903526,0
13176,27.13580100874929,0
13177,27.88610461639811,0
13178,25.942126581015593,0
13179,26.04419446083176,0
13180,25.173966603224557,0
13181,25.142333459963396,0
13182,23.306034385593804,0
13183,24.494176129174484,0
13184,21.57036502662616,0
13185,22.956453192394946,0
13186,22.595247469293422,0
13187,24.500487753119135,0
13188,23.471066103005523,0
13189,22.541962383080943,0
13190,22.283927577811916,0
13191,23.374811173464863,0
13192,23.034035985126255,0
13193,26.116094083693707,0
13194,21.792522132632392,0
13195,24.979779219730116,0
13196,23.129693005717655,0
13197,27.03308044756723,0
13198,25.905173881636042,0
13199,28.83147516958471,0
13200,27.444447679941174,0
13201,29.641599710878687,0
13202,29.448862754137718,0
13203,30.99746022755728,0
13204,30.483691430752703,0
13205,28.184191576138385,0
13206,30.810316090925713,0
13207,30.45003744674181,0
13208,33.19015149195632,0
13209,33.091689170170135,0
13210,32.79765176780174,0
13211,33.350658843374326,0
13212,33.14926748136338,0
13213,32.37715942121962,0
13214,34.64766976185635,0
13215,32.808932922907324,0
13216,32.10889351584827,0
13217,30.536838041650913,0
13218,30.908124580813663,0
13219,31.01752886686014,0
13220,30.293090750199994,0
13221,29.423309043880902,0
13222,29.208289049033905,0
13223,27.54824505730092,0
13224,27.970147212542994,0
13225,25.84096997853456,0
13226,25.851354374414584,0
13227,25.34779629967755,0
13228,26.28800043303002,0
13229,25.383086198541626,0
13230,24.49790299017542,0
13231,22.90339831250579,0
13232,23.253127055945125,0
13233,24.103382337849496,0
13234,24.322930681948623,0
13235,21.605594634444092,0
13236,22.55382983041915,0
13237,23.10812898548929,0
13238,23.46582245715308,0
13239,23.35192719486549,0
13240,24.26873371128299,0
13241,22.623477525296945,0
13242,25.90796280645851,0
13243,23.832938292739257,0
13244,25.52088386909949,0
13245,26.548271331602088,0
13246,27.78001885262816,0
13247,28.172951991210972,0
13248,28.79572025718512,0
13249,29.83468218069206,0
13250,29.117168247740757,0
13251,30.594719893799585,0
13252,31.934316236262216,0
13253,30.292400451878223,0
13254,30.173856810912202,0
13255,30.980739683109327,0
13256,33.64517366142422,0
13257,33.77285809402897,0
13258,32.46099926523725,0
13259,33.162311864252494,0
13260,33.42383068130102,0
13261,33.93001899705446,0
13262,31.01063153627955,0
13263,32.06109473916722,0
13264,32.05615525982407,0
13265,32.24525480826172,0
13266,31.582918976611847,0
13267,30.717402812845112,0
13268,30.752257131082093,0
13269,27.43925312397318,0
13270,32.20242186798377,0
13271,29.414062885329198,0
13272,28.82168619149385,0
13273,26.69813702619423,0
13274,27.080430162774018,0
13275,28.025337205644885,0
13276,27.214597114666798,0
13277,25.007579743011277,0
13278,23.26037785894034,0
13279,24.168294824253707,0
13280,23.363761427124896,0
13281,24.17511014932159,0
13282,21.9298677247743,0
13283,22.84428624605291,0
13284,23.23939170042661,0
13285,22.57834111466566,0
13286,24.16033735112899,0
13287,22.27721060011986,0
13288,22.471880904509618,0
13289,23.68049699106198,0
13290,25.240257292309792,0
13291,24.64901529464217,0
13292,24.91678578211273,0
13293,26.839418671529476,0
13294,26.903094932428306,0
13295,26.826478776540952,0
13296,28.10106430938823,0
13297,28.40696255135748,0
13298,29.859755575539946,0
13299,30.033125707371276,0
13300,29.718710650391554,0
13301,30.569465283432717,0
13302,31.121600733159767,0
13303,32.30451007982988,0
13304,32.672236024175085,0
13305,31.806508339909453,0
13306,32.63080925014334,0
13307,33.235180209295486,0
13308,34.03353305535761,0
13309,33.179313435923945,0
13310,34.679617216531874,0
13311,32.62623650456879,0
13312,33.01616888209488,0
13313,31.636676655181027,0
13314,30.565639700785553,0
13315,31.127885666084214,0
13316,30.944504959412775,0
13317,30.20544575574708,0
13318,29.415292639905868,0
13319,28.316481003581103,0
13320,27.197126171994118,0
13321,27.041431573776293,0
13322,27.13608158455284,0
13323,26.983147169749536,0
13324,22.331609304856322,0
13325,25.521522095867713,0
13326,25.48276268200566,0
13327,25.224667650317652,0
13328,24.01773686680053,0
13329,24.00372095542908,0
13330,22.72612145824478,0
13331,22.940011623690744,0
13332,23.48584927872727,0
13333,21.974552692417447,0
13334,22.394399614550874,0
13335,23.55086438051223,0
13336,22.373351661535864,0
13337,24.065081120540828,0
13338,23.024063689486702,0
13339,25.1243278891988,0
13340,25.508151943861527,0
13341,25.529103252589042,0
13342,25.784539650176793,0
13343,26.842814703418203,0
13344,25.834941489603032,0
13345,28.253569138652676,0
13346,29.388731576838058,0
13347,31.049359356258243,0
13348,29.993716342800354,0
13349,30.85732730937869,0
13350,32.84840944713075,0
13351,33.612336962422084,0
13352,31.843986199905988,0
13353,33.60474311198938,0
13354,33.93828234015405,0
13355,33.43294953740889,0
13356,32.03567738038005,0
13357,32.035722829423186,0
13358,33.364164490313186,0
13359,34.83717642678022,0
13360,32.13953062822031,0
13361,33.45145312714345,0
13362,33.33370113768698,0
13363,29.827422937221705,0
13364,29.9066278523868,0
13365,31.343039273518215,0
13366,30.211306072983383,0
13367,29.160264930861654,0
13368,27.970172040568816,0
13369,27.932883363690774,0
13370,26.081231783374744,0
13371,28.469236449991296,0
13372,24.37522344236177,0
13373,23.21327230192033,0
13374,24.588465333155522,0
13375,25.400336028344494,0
13376,23.178971546471683,0
13377,23.31024865321761,0
13378,22.17137241117119,0
13379,22.9528714221248,0
13380,22.005367123258598,0
13381,22.061483601780196,0
13382,21.7374959128952,0
13383,22.83545573511715,0
13384,25.438795605790634,0
13385,23.95825073852188,0
13386,24.630586006975555,0
13387,27.0829577331325,0
13388,24.872322908679223,0
13389,25.109332572437992,0
13390,27.188241239870365,0
13391,26.145519472061146,0
13392,28.300496636640208,0
13393,29.743996969845604,0
13394,28.2371768024109,0
13395,29.39370349312636,0
13396,32.112334922965104,0
13397,30.006500131884827,0
13398,30.861804990345977,0
13399,32.176094525723286,0
13400,32.00703413173416,0
13401,31.780973768417944,0
13402,34.347871238289535,0
13403,32.378907877976296,0
13404,33.29919875990622,0
13405,32.54263256210408,0
13406,32.58930348753173,0
13407,31.279505198525268,0
13408,33.20156499615729,0
13409,31.533975930522892,0
13410,32.74246661084904,0
13411,29.904532942986762,0
13412,30.015097099644915,0
13413,30.354010201377125,0
13414,29.380378754108612,0
13415,28.00160798665578,0
13416,27.849399615991462,0
13417,26.079829292708276,0
13418,26.739080384106316,0
13419,23.516938368895854,0
13420,25.646646764068333,0
13421,26.241525176650157,0
13422,25.304577293813857,0
13423,24.832719613096025,0
13424,23.24621384693689,0
13425,23.832655945742154,0
13426,22.763648646024645,0
13427,22.93588086484547,0
13428,22.88379431455698,0
13429,19.783232697688227,0
13430,24.040316003581435,0
13431,23.798958674955585,0
13432,24.460665204098714,0
13433,23.098551639184148,0
13434,25.11216669661355,0
13435,25.399828863367073,0
13436,23.33093226499336,0
13437,24.369678502644827,0
13438,26.73650720512153,0
13439,26.688504948257698,0
13440,27.964217846507882,0
13441,28.0170132276565,0
13442,30.714142321639837,0
13443,28.065007345594463,0
13444,29.168214764750253,0
13445,30.084100939413013,0
13446,30.201409946885928,0
13447,31.390190964361036,0
13448,32.28071722721152,0
13449,31.309078607832916,0
13450,33.16119555768235,0
13451,34.20173175641323,0
13452,34.034588065804684,0
13453,34.870226503478094,0
13454,33.903702434492864,0
13455,32.57171520488413,0
13456,34.027433040061915,0
13457,32.62928533203041,0
13458,33.324555805106755,0
13459,30.842129861748724,0
13460,28.46003536271013,0
13461,28.774407995781942,0
13462,29.451953955929277,0
13463,29.16701176057059,0
13464,27.788290651555045,0
13465,28.297679867621408,0
13466,25.585943358364354,0
13467,25.396914428158237,0
13468,26.439583915736723,0
13469,24.995243761243756,0
13470,24.546602124745423,0
13471,25.37882169723415,0
13472,24.715353109282173,0
13473,22.606219898680134,0
13474,23.355229758159698,0
13475,21.395254164142386,0
13476,22.980574412636415,0
13477,23.41199038571922,0
13478,21.493987824713276,0
13479,24.877295500144918,0
13480,25.588476892434496,0
13481,24.505174790030985,0
13482,25.349763805033646,0
13483,26.39730322912218,0
13484,25.329318542021817,0
13485,27.086127885047414,0
13486,27.073041963491136,0
13487,25.871202090717844,0
13488,27.12893074355338,0
13489,28.10551178788756,0
13490,30.323851590052215,0
13491,30.007829079164242,0
13492,31.449815799884984,0
13493,30.5892072696316,0
13494,30.30543490734514,0
13495,33.95488973651143,0
13496,34.95424853325796,0
13497,32.98926879064265,0
13498,32.63966184932259,0
13499,34.102285866409716,0
13500,31.934956313851995,0
13501,32.75780676104706,0
13502,31.449810655474597,0
13503,33.08586051767493,0
13504,32.57003991467897,0
13505,31.581261925173944,0
13506,30.91060512065664,0
13507,29.583261884856817,0
13508,29.705867419652932,0
13509,31.099990721227815,0
13510,28.956444856969778,0
13511,29.86757007329873,0
13512,27.16730356155798,0
13513,27.271142578131695,0
13514,26.265292813920645,0
13515,25.837729777609216,0
13516,26.243484059077517,0
13517,22.981124841761776,0
13518,25.17975276497837,0
13519,24.70414953050268,0
13520,23.67442020806734,0
13521,23.456308049942532,0
13522,22.95991941160681,0
13523,23.71145313173661,0
13524,23.058050561397582,0
13525,22.22925797541923,0
13526,23.318832389788543,0
13527,24.301149557157984,0
13528,24.028569004955678,0
13529,24.06398230631701,0
13530,24.66389433570344,0
13531,24.481938269317745,0
13532,25.059322784390208,0
13533,24.27720805141071,0
13534,26.531848634454736,0
13535,28.296660445546554,0
13536,27.627995950537237,0
13537,27.784463801203465,0
13538,30.158397615635185,0
13539,30.07351731658041,0
13540,30.638669967391813,0
13541,31.499032769548307,0
13542,32.208888942393884,0
13543,31.928185659243514,0
13544,31.5340790400235,0
13545,34.291926330638404,0
13546,32.8864795211233,0
13547,32.218966377369654,0
13548,33.18012459633169,0
13549,34.10292999487028,0
13550,31.474998471831686,0
13551,33.877581904550006,0
13552,32.20292810444238,0
13553,33.881280922412124,0
13554,32.17724122549528,0
13555,30.945784266149836,0
13556,31.704018115427605,0
13557,31.1351057218183,0
13558,28.961925560045543,0
13559,28.879321342996167,0
13560,27.510046488827452,0
13561,28.229093643236933,0
13562,25.36446679420152,0
13563,25.92145879732867,0
13564,23.46674349914531,0
13565,25.523745946316573,0
13566,22.338908241096053,0
13567,23.02612531311005,0
13568,23.92642749655398,0
13569,23.047725992210058,0
13570,22.75006612361986,0
13571,22.123546715896627,0
13572,22.55733170233754,0
13573,21.372763349587842,0
13574,23.482096949944935,0
13575,24.153289640766527,0
13576,24.401679338016095,0
13577,24.001959055039446,0
13578,25.635037865321767,0
13579,25.40195332272017,0
13580,26.417710435696236,0
13581,26.465587279216486,0
13582,26.741983655778917,0
13583,26.62720175607281,0
13584,25.494212520380056,0
13585,29.271123490649085,0
13586,29.18879551539294,0
13587,31.81180806492895,0
13588,28.614584637961688,0
13589,31.850265143846343,0
13590,30.635575093047763,0
13591,31.96783934967759,0
13592,31.491024940160646,0
13593,32.95645945143192,0
13594,32.80534179645014,0
13595,33.797293083939906,0
13596,33.14424890427988,0
13597,33.417532516687125,0
13598,34.049981693441815,0
13599,33.117869879108966,0
13600,32.207733028414836,0
13601,33.15212546487768,0
13602,31.433237478334064,0
13603,31.43781500655559,0
13604,30.199721685283883,0
13605,29.287892802999608,0
13606,26.4419102006891,0
13607,29.320106449258805,0
13608,26.90808511962084,0
13609,28.0527757197542,0
13610,28.42933521177175,0
13611,24.83854421151471,0
13612,26.34194846535626,0
13613,24.870594494742193,0
13614,24.903574431052586,0
13615,22.902522407032208,0
13616,23.705496785413033,0
13617,23.536501286727457,0
13618,24.5385122520819,0
13619,25.09002387461811,0
13620,23.30721246973461,0
13621,22.703880607049378,0
13622,25.289294385993898,0
13623,23.288488274682038,0
13624,23.625480689928303,0
13625,24.139199673194653,0
13626,24.916944418550603,0
13627,25.641477100980286,0
13628,24.963124034115747,0
13629,25.992248409837313,0
13630,28.504864680908536,0
13631,28.882625615368276,0
13632,28.435164304661793,0
13633,28.92479476517856,0
13634,29.087225616080882,0
13635,30.90128081130299,0
13636,30.022567956585743,0
13637,31.17494768801213,0
13638,31.11489673406991,0
13639,31.387265228521155,0
13640,32.38104652015702,0
13641,32.638244858899114,0
13642,32.29331051660965,0
13643,32.910318236473245,0
13644,33.07934952545337,0
13645,32.526085996152155,0
13646,32.222183750184755,0
13647,32.50382968126975,0
13648,33.01220165127697,0
13649,33.03458405683226,0
13650,31.72779981942984,0
13651,30.802819374439153,0
13652,30.48706734147785,0
13653,31.745880296519115,0
13654,30.179503530323874,0
13655,27.76434321008177,0
13656,27.96652088821431,0
13657,26.859949769540474,0
13658,26.375634693181482,0
13659,24.502108076804088,0
13660,25.542796082483846,0
13661,23.68218112643288,0
13662,23.921597231723844,0
13663,25.492241936360248,0
13664,24.63635683271093,0
13665,22.57134054491764,0
13666,22.204398334009213,0
13667,22.1929375719376,0
13668,21.224332741788103,0
13669,22.12705264006209,0
13670,22.930748628935238,0
13671,22.402013533702476,0
13672,24.406138508408965,0
13673,24.001731589882993,0
13674,23.976248968772808,0
13675,26.63818434305796,0
13676,26.191642708987047,0
13677,26.17099961666044,0
13678,28.482555814648105,0
13679,28.615681837026024,0
13680,27.346774427431587,0
13681,28.978549008308423,0
13682,28.895343212668433,0
13683,28.56398539362595,0
13684,32.325630769873946,0
13685,32.490897819165,0
13686,30.343514356447127,0
13687,32.45373726242677,0
13688,30.78433509525221,0
13689,33.66113562160686,0
13690,32.7974492103417,0
13691,32.69819601882604,0
13692,34.21782977448709,0
13693,32.984979633773406,0
13694,32.60098394158702,0
13695,33.509133028408215,0
13696,32.05935405948937,0
13697,32.818530366632025,0
13698,31.556171745184585,0
13699,31.851447537011406,0
13700,31.117929572352708,0
13701,30.68740318364258,0
13702,28.350886761092276,0
13703,30.470324055194585,0
13704,27.864416631706145,0
13705,29.05088759990897,0
13706,26.1543114416413,0
13707,25.844137706238932,0
13708,25.267633864051284,0
13709,26.08254546604988,0
13710,24.07494848443841,0
13711,24.4512038097333,0
13712,22.187651960081567,0
13713,22.940453781737926,0
13714,23.404353987951065,0
13715,22.958352153308223,0
13716,21.22246810155273,0
13717,23.542137962684336,0
13718,22.26302940600225,0
13719,25.26060692243684,0
13720,23.50598415259908,0
13721,26.221765080155382,0
13722,25.12172744312896,0
13723,25.4178996248964,0
13724,25.058229962986225,0
13725,25.99358300895081,0
13726,27.160660299528764,0
13727,25.494353314030114,0
13728,28.976490422586252,0
13729,27.545838167875814,0
13730,29.06489444272282,0
13731,27.301537352022923,0
13732,30.95673350815158,0
13733,31.781648141482165,0
13734,31.82753125325083,0
13735,32.296291820934364,0
13736,31.99101186959238,0
13737,32.78493887038336,0
13738,34.013325536479854,0
13739,32.565730301748964,0
13740,33.502991664239644,0
13741,33.67721666031413,0
13742,32.621947004980655,0
13743,32.86747316052658,0
13744,32.55964554286277,0
13745,31.507623017209657,0
13746,33.90192867358739,0
13747,30.644207887651678,0
13748,32.17075683612819,0
13749,30.964579332783657,0
13750,27.34762830169124,0
13751,28.913760016381534,0
13752,29.01483396688634,0
13753,28.15369923867943,0
13754,25.85068980893114,0
13755,26.35509851955872,0
13756,24.359018180883787,0
13757,23.96919847493414,0
13758,24.250739909509964,0
13759,24.233342700982806,0
13760,25.24106715454563,0
13761,23.744613384359347,0
13762,24.213697012728804,0
13763,21.89856810604752,0
13764,21.898014990959087,0
13765,22.58986698016524,0
13766,24.884784554049443,0
13767,22.10116402490488,0
13768,22.15370438923185,0
13769,23.97659349770786,0
13770,25.634133454236913,0
13771,23.39259513357812,0
13772,25.271144493177523,0
13773,24.786736376624354,0
13774,28.126896204940266,0
13775,28.034588541777435,0
13776,28.281529847946658,0
13777,28.62194864499899,0
13778,29.080985613326938,0
13779,30.062560390676282,0
13780,29.886213638665307,0
13781,30.201386084719108,0
13782,30.471134312740357,0
13783,31.993056884828246,0
13784,31.571611591144542,0
13785,33.48260510903315,0
13786,30.80167079023345,0
13787,33.52268919461509,0
13788,33.532240963597076,0
13789,34.152650491978704,0
13790,32.598031226105476,0
13791,31.17347324400442,0
13792,31.445293498165423,0
13793,33.080111961268834,0
13794,31.251691709529382,0
13795,30.655263357373254,0
13796,29.943797276221225,0
13797,29.86263287400373,0
13798,29.084593352723864,0
13799,27.14980533883451,0
13800,27.43066044087295,0
13801,28.33848398514121,0
13802,28.125966643956307,0
13803,25.979114902997736,0
13804,25.008730905899455,0
13805,26.286903115775708,0
13806,24.30318232862417,0
13807,22.898856282985648,0
13808,23.557976372408035,0
13809,24.067516437458384,0
13810,24.697355376241898,0
13811,22.57960545476623,0
13812,23.535354825096977,0
13813,22.73181871429805,0
13814,24.290505878673873,0
13815,23.64197833858793,0
13816,23.935024526849926,0
13817,23.086418815681487,0
13818,24.163542500138984,0
13819,24.650778867272376,0
13820,22.006278193827615,0
13821,26.929396591392706,0
13822,26.705599090080618,0
13823,27.154347447672276,0
13824,27.658033290750268,0
13825,28.686884597324116,0
13826,29.537945319994265,0
13827,28.650940863747962,0
13828,30.630321421427027,0
13829,31.163125185974355,0
13830,31.57129102722915,0
13831,30.529723688277492,0
13832,32.202817436438934,0
13833,31.3796895695311,0
13834,33.17746598113607,0
13835,34.24601915711826,0
13836,33.85551961496336,0
13837,32.63513419393073,0
13838,32.3115036056918,0
13839,32.076978150781116,0
13840,32.677862705045555,0
13841,31.32744329477628,0
13842,31.022818882488487,0
13843,28.612814463909302,0
13844,29.680812041283456,0
13845,29.158948137871306,0
13846,28.777331689736737,0
13847,29.84112319053874,0
13848,26.68755874160245,0
13849,26.061552999274802,0
13850,27.297151428296228,0
13851,25.13871925943813,0
13852,25.347527843176263,0
13853,25.131969675737878,0
13854,24.486281907728138,0
13855,23.284787777556097,0
13856,24.569665972938907,0
13857,24.84442185618316,0
13858,22.200406424050545,0
13859,22.784629094378236,0
13860,23.9202261572505,0
13861,22.84708156591965,0
13862,22.203354813526083,0
13863,22.968864160105028,0
13864,24.484684181031895,0
13865,23.071302851647154,0
13866,24.71742459701957,0
13867,25.333360200624888,0
13868,24.872165289861055,0
13869,26.641945491708203,0
13870,27.359957292926953,0
13871,28.323069626187028,0
13872,28.912270460332437,0
13873,27.209929884158356,0
13874,30.16946036035203,0
13875,30.48514399851849,0
13876,31.455568536789183,0
13877,30.22390642455304,0
13878,32.41991080433202,0
13879,32.33429758339311,0
13880,31.211084007540553,0
13881,33.8621293095096,0
13882,32.07873431171342,0
13883,31.978003128992476,0
13884,33.392405882582395,0
13885,32.37696413351845,0
13886,33.18715664968042,0
13887,32.38794720330173,0
13888,32.61176885707934,0
13889,32.76589186946164,0
13890,31.510590151170636,0
13891,31.894844093340637,0
13892,31.330341249128203,0
13893,29.108599572881374,0
13894,30.132286437837855,0
13895,29.260875838225168,0
13896,28.138847894263687,0
13897,28.44070160615289,0
13898,28.320979070701874,0
13899,26.832948426265283,0
13900,24.085545742476093,0
13901,25.39726770980119,0
13902,24.346646720481207,0
13903,23.7824819023757,0
13904,24.014785670452525,0
13905,23.074336974042367,0
13906,24.763809913374565,0
13907,23.32137397447495,0
13908,23.030266837758077,0
13909,23.814865395531207,0
13910,23.959280646974918,0
13911,24.54006976586762,0
13912,24.29746043019157,0
13913,24.01215648447282,0
13914,24.609961165844027,0
13915,22.877507755864006,0
13916,24.091176613979446,0
13917,27.108087263142036,0
13918,26.4033737585377,0
13919,29.118905131253182,0
13920,29.761283831695728,0
13921,27.454037485635325,0
13922,29.609602702196693,0
13923,32.72723129591944,0
13924,29.752042744957368,0
13925,31.44179983977998,0
13926,31.328022589243233,0
13927,31.748645136306834,0
13928,32.07548839248602,0
13929,32.61834450784924,0
13930,33.58483962784706,0
13931,32.19400248734691,0
13932,33.505360677964156,0
13933,32.288959353271395,0
13934,33.35401553948685,0
13935,32.94254814955171,0
13936,31.592997553713726,0
13937,32.11947148767265,0
13938,30.83929767117265,0
13939,30.24070734832107,0
13940,31.649965635781967,0
13941,28.164968881092292,0
13942,29.852593385715167,0
13943,29.354661032599775,0
13944,27.442021788731424,0
13945,28.420006005601795,0
13946,27.60449972797571,0
13947,24.84754291667926,0
13948,26.025902001318038,0
13949,25.426446549605576,0
13950,23.766162784832225,0
13951,24.608654398655577,0
13952,24.41447431819682,0
13953,22.69891348791027,0
13954,21.253795939030102,0
13955,23.449611087943005,0
13956,22.297404972722425,0
13957,21.39201286512421,0
13958,22.81494064983559,0
13959,21.086783948743093,0
13960,23.3585386683088,0
13961,25.506800529709267,0
13962,21.71563179351699,0
13963,25.41805594222564,0
13964,24.620513486299007,0
13965,25.703742695601864,0
13966,25.83776591776798,0
13967,27.98244251737562,0
13968,28.00673414381205,0
13969,27.91071562807682,0
13970,28.04023606887746,0
13971,29.51558453513646,0
13972,31.636357399288713,0
13973,29.881596011892974,0
13974,31.957204509443766,0
13975,32.31267573164218,0
13976,30.403845110686202,0
13977,33.7092273065859,0
13978,32.807723525445596,0
13979,35.14438723202505,0
13980,34.70788141672536,0
13981,32.731719215594225,0
13982,32.6965650744211,0
13983,31.65772412287285,0
13984,31.009863760045583,0
13985,32.759184025060414,0
13986,31.30786645631409,0
13987,30.668840469000003,0
13988,30.350779563595747,0
13989,30.59385290707352,0
13990,30.229862397432377,0
13991,28.67102329188915,0
13992,27.828477241945524,0
13993,27.465649064041088,0
13994,28.74368491294968,0
13995,24.078033294454347,0
13996,24.38758455667381,0
13997,25.43803610326032,0
13998,24.626760644524683,0
13999,25.25290885377843,0
14000,24.970281909285937,0
14001,25.333579272469223,0
14002,22.408750597104763,0
14003,23.66202653964032,0
14004,22.787898778339805,0
14005,24.012171948106207,0
14006,23.372398732149126,0
14007,24.266984183190726,0
14008,22.96515759992073,0
14009,24.21551543743886,0
14010,23.983546967334604,0
14011,24.72234970191349,0
14012,25.07741449469719,0
14013,25.100462832796893,0
14014,27.820418401151333,0
14015,27.659071536376093,0
14016,29.09142634755976,0
14017,27.701186793147844,0
14018,27.403657158360566,0
14019,29.303536622169194,0
14020,30.37476556954049,0
14021,31.841456937433968,0
14022,32.59431883652366,0
14023,33.18627094410581,0
14024,33.861287584360156,0
14025,33.35784187374928,0
14026,32.96350908185449,0
14027,32.23321428105438,0
14028,33.69734692790769,0
14029,32.490679140636274,0
14030,32.06591483758314,0
14031,33.21941016297251,0
14032,32.57057088966999,0
14033,32.8310343443737,0
14034,30.85792269685443,0
14035,32.217574026079916,0
14036,30.877781286404677,0
14037,29.7730624539913,0
14038,28.576495258615203,0
14039,27.62105040052833,0
14040,26.68641560139315,0
14041,28.747190655746135,0
14042,25.339397210550572,0
14043,26.73152837392758,0
14044,25.28293170044723,0
14045,24.416724273815646,0
14046,24.025559061693308,0
14047,23.963904000562568,0
14048,24.583304781714887,0
14049,23.958995368180744,0
14050,23.194542173511937,0
14051,21.722838992503657,0
14052,21.27777431830345,0
14053,24.900852966390396,0
14054,22.206827413382044,0
14055,21.86575541765295,0
14056,24.79729486582866,0
14057,22.586764748699622,0
14058,25.218100808201132,0
14059,25.895491223811486,0
14060,25.768848949902036,0
14061,27.05745421004634,0
14062,25.365017253586462,0
14063,26.17111382286929,0
14064,27.83438854557728,0
14065,28.673823472305802,0
14066,29.235161940913112,0
14067,30.394353680827436,0
14068,29.799952788181884,0
14069,28.97534173087253,0
14070,31.957045488362937,0
14071,31.766495994206505,0
14072,33.152107118229054,0
14073,34.68394786956907,0
14074,32.93132153902643,0
14075,33.55084049869916,0
14076,32.14381308121716,0
14077,33.87143001008482,0
14078,33.186140351292636,0
14079,32.886392441127924,0
14080,33.25061463130634,0
14081,30.878258950878344,0
14082,32.110967471784036,0
14083,31.514924638365457,0
14084,32.08249467830355,0
14085,28.162220250650545,0
14086,29.22798063447959,0
14087,30.826411616833408,0
14088,27.621341988088258,0
14089,26.93975887847426,0
14090,28.47843607566689,0
14091,28.568659693822532,0
14092,25.634930866063783,0
14093,24.2765923266524,0
14094,23.903246494822707,0
14095,23.665740035298274,0
14096,22.861744312740715,0
14097,22.607764122094714,0
14098,23.362102319224938,0
14099,23.101724047335125,0
14100,23.48929180605019,0
14101,23.089411253816376,0
14102,22.003271825969406,0
14103,24.12602416390638,0
14104,23.931821039465834,0
14105,23.481148566024707,0
14106,24.218259969450727,0
14107,25.291515084568875,0
14108,25.596706099796044,0
14109,25.97946161639159,0
14110,27.477544120866867,0
14111,28.411747593475642,0
14112,27.71094671900975,0
14113,28.65167705278235,0
14114,28.22561036086294,0
14115,29.766939908002826,0
14116,30.98680875732567,0
14117,31.911921472764924,0
14118,31.719048937934843,0
14119,31.899946972226836,0
14120,31.646491459385313,0
14121,32.850512414814865,0
14122,31.777737842393645,0
14123,33.10131953951789,0
14124,33.038502903131565,0
14125,32.087047837918604,0
14126,33.17053240030829,0
14127,32.42860994231105,0
14128,32.937563940723095,0
14129,31.510516727598603,0
14130,32.02726868318568,0
14131,32.594520426442635,0
14132,30.693942835326702,0
14133,30.705306595792965,0
14134,28.683516735958218,0
14135,28.32431150561222,0
14136,26.167390761402316,0
14137,27.216764417325454,0
14138,25.615944357295998,0
14139,26.215702026918365,0
14140,23.496294956325723,0
14141,24.128758933364708,0
14142,24.562416775638543,0
14143,24.433013280987232,0
14144,22.063633088629487,0
14145,22.990890710034947,0
14146,25.698255865364544,0
14147,23.832033403200246,0
14148,23.1734218716486,0
14149,20.35952645407327,0
14150,22.284055909254214,0
14151,23.90584920688683,0
14152,23.91617337209053,0
14153,24.494225263473485,0
14154,25.418639298735446,0
14155,25.06736931120885,0
14156,26.349120659912252,0
14157,24.34623506122922,0
14158,29.171161243092314,0
14159,27.070294306677344,0
14160,27.381424160406326,0
14161,30.137079893375578,0
14162,29.900578370516904,0
14163,30.880053067913018,0
14164,29.90830070835563,0
14165,31.333641101420053,0
14166,32.24545264643665,0
14167,30.866337075951314,0
14168,32.129926328231164,0
14169,32.393815857906866,0
14170,32.557494201031986,0
14171,32.28399055612057,0
14172,31.779289272629345,0
14173,33.390896312717295,0
14174,33.080621927515054,0
14175,33.76203985705801,0
14176,32.274896008067536,0
14177,31.32198768238674,0
14178,30.12833774273645,0
14179,31.13843135919372,0
14180,30.207122592882904,0
14181,31.895093862850697,0
14182,31.54893626628377,0
14183,30.207403860643534,0
14184,27.12611135050068,0
14185,25.99176024283741,0
14186,26.486437079131413,0
14187,25.22211580069216,0
14188,26.900915677552245,0
14189,25.080369424709076,0
14190,24.07696830181699,0
14191,24.029491610225637,0
14192,24.90926729930256,0
14193,22.466706402846548,0
14194,23.657297556109533,0
14195,21.757491882515914,0
14196,22.806716085377428,0
14197,22.40586004877706,0
14198,23.488007696921485,0
14199,23.541387177449106,0
14200,24.851900840850945,0
14201,24.71431539255407,0
14202,23.881768408834397,0
14203,23.66966513977166,0
14204,24.71142687779151,0
14205,25.676670193421405,0
14206,26.490097026433858,0
14207,26.612761786934687,0
14208,29.06640313626915,0
14209,29.573868083399123,0
14210,29.036373469633034,0
14211,29.43596737496625,0
14212,30.2751195457143,0
14213,31.007961327000306,0
14214,31.52053518316784,0
14215,30.390751243939103,0
14216,31.915794299094134,0
14217,30.791068689385046,0
14218,32.87099824055132,0
14219,33.624819471014,0
14220,31.966706003689968,0
14221,33.12520179848865,0
14222,32.236008313462094,0
14223,31.944916044533215,0
14224,34.25790245028342,0
14225,32.84454929932499,0
14226,32.01518628073132,0
14227,30.624472301295306,0
14228,30.908154915748018,0
14229,29.731322425120705,0
14230,29.74457977009269,0
14231,27.778446139999502,0
14232,27.93560099374495,0
14233,26.966472947694736,0
14234,25.327796408037745,0
14235,27.746854090229615,0
14236,26.30441479184466,0
14237,24.18793209665837,0
14238,23.03227756516367,0
14239,23.32733770692543,0
14240,22.854272645964677,0
14241,22.78919940109103,0
14242,21.69426823994422,0
14243,22.235611059681897,0
14244,23.066149409159532,0
14245,23.4508501814818,0
14246,21.23475117400254,0
14247,23.382651952562206,0
14248,22.70587070300939,0
14249,23.01550536135769,0
14250,24.155068209621742,0
14251,24.286953386684576,0
14252,26.18777017581812,0
14253,26.77726321632045,0
14254,26.409881818506644,0
14255,26.718492434207974,0
14256,29.75993789918478,0
14257,30.48834059791036,0
14258,29.676800856664208,0
14259,29.765799023298698,0
14260,31.49264143357023,0
14261,32.47067850840827,0
14262,31.022187692979628,0
14263,33.743857607007946,0
14264,32.177231251320634,0
14265,33.69567544132001,0
14266,32.326115926151964,0
14267,33.026558777176675,0
14268,32.556051942193896,0
14269,32.985998974693224,0
14270,33.834086085167364,0
14271,31.73919187333885,0
14272,32.039303248642085,0
14273,32.50552200368238,0
14274,31.078694176381855,0
14275,33.05088909177146,0
14276,29.06083617146875,0
14277,32.41626218727269,0
14278,28.64767950874371,0
14279,29.615239773300452,0
14280,29.59604497753028,0
14281,27.87546455233784,0
14282,25.317561791030254,0
14283,25.75955612795628,0
14284,25.570501336654324,0
14285,25.51752488920242,0
14286,25.437933823787723,0
14287,25.146827217022942,0
14288,25.128056521059047,0
14289,22.442648098646558,0
14290,24.15334440140826,0
14291,21.32199493183296,0
14292,23.149107927648632,0
14293,21.98706803483507,0
14294,21.410919953074544,0
14295,24.291603391507614,0
14296,23.642108879575794,0
14297,25.015107988974094,0
14298,22.89924144068639,0
14299,23.75181863278287,0
14300,25.403328722148228,0
14301,25.428939308883834,0
14302,26.778375802638163,0
14303,26.731626408567514,0
14304,27.66501609873083,0
14305,27.521261310354436,0
14306,30.567172726405275,0
14307,29.59865362729046,0
14308,29.33049121857915,0
14309,31.71956070908209,0
14310,32.01668647755727,0
14311,32.183191630436,0
14312,32.553069062034986,0
14313,32.22979196000085,0
14314,32.701192373982,0
14315,30.76329037622043,0
14316,31.45690765272095,0
14317,31.73846074939581,0
14318,33.115151043206055,0
14319,33.83282725904735,0
14320,32.16835264300428,0
14321,31.703006114127493,0
14322,32.65571389411727,0
14323,30.684157670081103,0
14324,31.152112626044918,0
14325,30.343121600700236,0
14326,27.977854469922853,0
14327,28.966824658559776,0
14328,28.20505354711926,0
14329,26.208164461261607,0
14330,25.67938277721807,0
14331,24.82279452095262,0
14332,26.864120850862573,0
14333,27.055443081311456,0
14334,25.168279472405075,0
14335,25.593513324330424,0
14336,22.33186085043322,0
14337,24.7806651886702,0
14338,25.132781644835,0
14339,24.65061108829571,0
14340,22.06709670710033,0
14341,24.12372489299171,0
14342,23.058327772703688,0
14343,24.45238393241102,0
14344,23.033357500712608,0
14345,24.048168118409805,0
14346,23.89880511873446,0
14347,25.431802708882294,0
14348,25.401192226798923,0
14349,27.196160940243786,0
14350,27.528345333139388,0
14351,27.763451857408683,0
14352,27.96552647546322,0
14353,28.35461936826046,0
14354,29.3014231926314,0
14355,30.663252636054022,0
14356,30.631774089110063,0
14357,31.336056108081834,0
14358,31.50098500088901,0
14359,31.894342579805652,0
14360,31.670929804115715,0
14361,30.7526458069998,0
14362,33.40285268226767,0
14363,33.51786252668143,0
14364,32.036496050562306,0
14365,34.864520353147526,0
14366,31.669825940154396,0
14367,33.61625538045645,0
14368,32.58498641062702,0
14369,32.284109021533084,0
14370,32.67241924396279,0
14371,31.965512246054708,0
14372,30.527722521435734,0
14373,28.861976140582264,0
14374,28.08157557798018,0
14375,28.845655575547333,0
14376,29.57798982471799,0
14377,28.227343537308048,0
14378,26.677863528846874,0
14379,26.41992793049736,0
14380,26.186676439479058,0
14381,26.674031665129856,0
14382,23.71051705928055,0
14383,24.759931381510114,0
14384,23.951204020226843,0
14385,22.627347009086524,0
14386,22.160764974879335,0
14387,24.312072861043244,0
14388,23.333829813615264,0
14389,22.83766606581165,0
14390,23.27471691347416,0
14391,24.36455035558928,0
14392,23.768550163087475,0
14393,25.639264241652093,0
14394,24.210168112214863,0
14395,24.178643969622712,0
14396,25.392772643243706,0
14397,25.155232677706937,0
14398,26.362602321971366,0
14399,28.574211511253846,0
14400,29.707203525597265,0
14401,29.287750401238863,0
14402,29.496255292328673,0
14403,29.011515724408717,0
14404,29.504969245715607,0
14405,31.41769621112906,0
14406,31.70726668735457,0
14407,31.392987055130043,0
14408,31.890087919387767,0
14409,34.18010128754665,0
14410,33.823229263249615,0
14411,33.0156477335152,0
14412,33.233270689600865,0
14413,34.23666268227665,0
14414,33.19470407519899,0
14415,32.862808018871874,0
14416,30.765437751242573,0
14417,30.28799796494139,0
14418,29.635133970428523,0
14419,28.799508148882854,0
14420,30.491596053005637,0
14421,30.248315091282667,0
14422,28.429633379826626,0
14423,29.09826283734042,0
14424,28.447163753851854,0
14425,27.274305149401844,0
14426,25.239966303633786,0
14427,27.53283710789209,0
14428,26.878765669602842,0
14429,24.385137999932475,0
14430,26.40786512446605,0
14431,24.084235587498092,0
14432,22.891027426303516,0
14433,22.977337704671307,0
14434,21.322636087541284,0
14435,22.698262995170825,0
14436,21.40653676605626,0
14437,24.179139662942916,0
14438,23.495082875988007,0
14439,21.9983091192681,0
14440,24.24848480868371,0
14441,22.32318115919084,0
14442,24.6260183639062,0
14443,25.438779936944826,0
14444,25.57249273132797,0
14445,24.967223265422845,0
14446,26.59987692153528,0
14447,27.16886132305802,0
14448,28.064216805268845,0
14449,30.142288418178786,0
14450,30.991054486455262,0
14451,31.49678150197129,0
14452,29.8709947919272,0
14453,30.300102400720082,0
14454,31.5614052123407,0
14455,32.40547403095599,0
14456,30.276345088249247,0
14457,32.01017340141658,0
14458,34.624009418385725,0
14459,31.719367328658095,0
14460,32.26572247133112,0
14461,32.254065323782555,0
14462,33.32095031346341,0
14463,32.557889400033574,0
14464,32.00923140782217,0
14465,30.451793849091416,0
14466,32.14835501374133,0
14467,31.048565996403372,0
14468,29.83689103679217,0
14469,29.941082876605012,0
14470,30.084895354684576,0
14471,27.177963348453435,0
14472,26.450286148152685,0
14473,26.327124658281853,0
14474,25.83321446523667,0
14475,23.03815501045392,0
14476,24.89781883862612,0
14477,26.07035126805975,0
14478,24.135106293386798,0
14479,25.051484756287966,0
14480,20.793590601006603,0
14481,23.268241665876484,0
14482,24.559415749726476,0
14483,24.616475509132865,0
14484,22.500663942616264,0
14485,22.217576247569642,0
14486,23.555845192066656,0
14487,22.162519943342623,0
14488,23.305564604060766,0
14489,22.36065351740301,0
14490,24.54731196596035,0
14491,24.961633568777163,0
14492,27.13056283217802,0
14493,26.444925979748838,0
14494,26.04550122955436,0
14495,27.255038781876955,0
14496,26.709662710952493,0
14497,28.687008836712806,0
14498,29.079693233015316,0
14499,30.335395680783733,0
14500,31.434304373577955,0
14501,29.040594069664607,0
14502,31.863606113986755,0
14503,32.70581584976628,0
14504,31.1297120255838,0
14505,34.52314793416546,0
14506,32.107665347742994,0
14507,35.42499393075985,0
14508,33.78583571687866,0
14509,33.92676752349269,0
14510,33.10039432765445,0
14511,33.63099533882912,0
14512,31.292301559746132,0
14513,31.158967697412013,0
14514,29.569759058860363,0
14515,31.58742235317184,0
14516,29.788341234157617,0
14517,30.66692184867366,0
14518,29.89232745331918,0
14519,27.309493560176346,0
14520,28.7031060277359,0
14521,27.607122349510412,0
14522,26.90750768095514,0
14523,26.548132864616797,0
14524,25.47357532196306,0
14525,24.96830193078845,0
14526,25.52198822354402,0
14527,23.035728798893754,0
14528,22.46469773897908,0
14529,22.617998868208055,0
14530,24.207919992180376,0
14531,22.719890641521484,0
14532,24.919366970301066,0
14533,19.95324894913502,0
14534,22.455025518160962,0
14535,22.933519113935336,0
14536,23.941032522045596,0
14537,25.373479162932984,0
14538,24.27749101722364,0
14539,23.93686020933978,0
14540,26.339498340022978,0
14541,27.639554129750472,0
14542,24.14392072901447,0
14543,27.928169801972153,0
14544,28.296877411555673,0
14545,27.81738515364524,0
14546,28.81702466539497,0
14547,30.203261743823234,0
14548,30.52811739965243,0
14549,30.794238531506256,0
14550,30.36522932121838,0
14551,32.25250549148105,0
14552,31.66366473182699,0
14553,32.70576601080518,0
14554,32.24065599510713,0
14555,33.1561504469474,0
14556,33.74816753845325,0
14557,33.19210885635508,0
14558,33.48775708381872,0
14559,31.228464042265024,0
14560,32.794190855188674,0
14561,32.25632667354048,0
14562,30.906517164916778,0
14563,30.877495082720706,0
14564,27.694038998193236,0
14565,29.991031899648384,0
14566,28.88128348332646,0
14567,26.378618992638245,0
14568,28.504928931155195,0
14569,26.704712804575465,0
14570,26.98096564889134,0
14571,25.84390920928479,0
14572,25.981226836679703,0
14573,25.039445900287078,0
14574,24.172647118500684,0
14575,24.52373231868119,0
14576,24.500446404114648,0
14577,21.10631046128448,0
14578,23.192764319509465,0
14579,22.442214985590503,0
14580,21.88655872381359,0
14581,24.345061037781523,0
14582,24.1275599154985,0
14583,22.339766171837823,0
14584,22.546427944347016,0
14585,24.847461301602753,0
14586,23.831185238583704,0
14587,24.623709158368825,0
14588,23.520154050518784,0
14589,25.94540157196188,0
14590,27.837387573656216,0
14591,26.879911095865534,0
14592,27.876120044579007,0
14593,30.39346253297384,0
14594,30.166599028537565,0
14595,31.33258701352686,0
14596,31.12486287419149,0
14597,32.23883800050506,0
14598,29.863565370390077,0
14599,31.138891051442428,0
14600,30.66734698179043,0
14601,34.836315545317184,0
14602,33.00495357356482,0
14603,32.82509358746105,0
14604,32.23759700862532,0
14605,31.934889752034884,0
14606,30.016783425296495,0
14607,34.85687541540926,0
14608,32.23990909393902,0
14609,32.021814489200274,0
14610,30.120862397592823,0
14611,30.975564947921285,0
14612,30.87011930295037,0
14613,29.82423451337492,0
14614,29.90477504777093,0
14615,27.804181898229015,0
14616,28.31657793079145,0
14617,28.233819615496078,0
14618,27.259594395399635,0
14619,26.461006080122687,0
14620,25.38819262061159,0
14621,23.960301749464897,0
14622,25.009910441413204,0
14623,23.633392616658615,0
14624,22.71649317354517,0
14625,24.1381779116972,0
14626,21.553437596561828,0
14627,22.476512657102973,0
14628,23.767736881285575,0
14629,23.9820514339958,0
14630,22.787944892728653,0
14631,23.436362363567785,0
14632,24.204948769149148,0
14633,23.95601221249936,0
14634,23.68467179870442,0
14635,25.382354860170114,0
14636,25.655953962897566,0
14637,26.183512179374603,0
14638,27.812593096787904,0
14639,27.645593473265922,0
14640,27.533674785283704,0
14641,28.807051975490076,0
14642,31.22799513386445,0
14643,29.187936427238057,0
14644,30.228139790525745,0
14645,30.234807401774628,0
14646,31.88113762382095,0
14647,30.696716054927766,0
14648,32.769115193387684,0
14649,33.37171093508769,0
14650,32.04745461201237,0
14651,32.10074718848166,0
14652,31.504003835844713,0
14653,32.992200510279794,0
14654,31.701860492483025,0
14655,31.986008631737445,0
14656,31.901699911237834,0
14657,31.269823404157066,0
14658,32.36203662706565,0
14659,32.63213491595759,0
14660,28.362525771333136,0
14661,29.092817693364985,0
14662,29.536387990602783,0
14663,27.592832055597363,0
14664,27.4559492010029,0
14665,27.549690028231634,0
14666,28.090337088465507,0
14667,27.253981794653154,0
14668,25.200442866966515,0
14669,25.07976050178715,0
14670,24.09422354831429,0
14671,23.85147609928038,0
14672,22.4886046541285,0
14673,21.603718697490002,0
14674,22.796089883528907,0
14675,24.01351061130417,0
14676,23.757182898419376,0
14677,21.17074934977242,0
14678,22.97132210333373,0
14679,22.746055745651162,0
14680,23.95143893949031,0
14681,22.9291930288971,0
14682,25.371647657810783,0
14683,24.74438337754538,0
14684,26.070340765707744,0
14685,26.956638982557006,0
14686,24.75854921010809,0
14687,27.124322215711125,0
14688,29.506990373402548,0
14689,28.667117875538136,0
14690,30.331464562900184,0
14691,30.329331095788227,0
14692,29.996858480253778,0
14693,31.32044724022188,0
14694,32.58221998910525,0
14695,33.25092761664163,0
14696,33.77301722159289,0
14697,31.507840584636593,0
14698,33.6534267675413,0
14699,31.576542843084546,0
14700,32.8656386036527,0
14701,32.744301534584196,0
14702,33.45236010882578,0
14703,32.92990237337347,0
14704,33.57362538368752,0
14705,31.350531710467447,0
14706,32.37325655675262,0
14707,31.429828391710807,0
14708,30.498554799654123,0
14709,28.710733252497985,0
14710,29.859763129052634,0
14711,28.963891609677898,0
14712,28.783249703908194,0
14713,27.304966685556455,0
14714,26.446451524825896,0
14715,26.47174218235735,0
14716,25.95804194003742,0
14717,25.63885916727114,0
14718,26.35224950968341,0
14719,23.412735932311946,0
14720,25.668405591844657,0
14721,20.42022073133407,0
14722,24.12477316835653,0
14723,22.221964042004377,0
14724,24.9986971723626,0
14725,22.152863349307694,0
14726,24.226244487345806,0
14727,22.38973765539083,0
14728,22.536771446292057,0
14729,24.83147366402891,0
14730,25.328465103380925,0
14731,24.254647114341257,0
14732,27.896081142636632,0
14733,25.763795387807594,0
14734,28.262434391114226,0
14735,26.33312351164186,0
14736,27.03586044529561,0
14737,28.73953234826979,0
14738,28.280999098917697,0
14739,30.36520009361716,0
14740,28.354264565679117,0
14741,31.218006123588374,0
14742,30.971815331252348,0
14743,31.00575578048478,0
14744,32.538054084584886,0
14745,32.39481848110461,0
14746,32.37844742689815,0
14747,33.7622687943157,0
14748,33.291734081329174,0
14749,33.333490933663924,0
14750,34.15251677507745,0
14751,32.54409219081322,0
14752,33.1632215853168,0
14753,31.54796259985552,0
14754,32.13858349802132,0
14755,31.566665385515982,0
14756,29.95243368742164,0
14757,28.400565598133422,0
14758,28.01579366232303,0
14759,27.710914782401655,0
14760,28.550884445221982,0
14761,27.21091502736778,0
14762,26.406733544177026,0
14763,26.559147157079284,0
14764,26.224127954171294,0
14765,26.3424924840764,0
14766,23.868805839233843,0
14767,24.578273411706537,0
14768,24.371864438975177,0
14769,22.430931018601576,0
14770,23.291545467034368,0
14771,22.128192531927553,0
14772,22.77349964082296,0
14773,23.459346633662538,0
14774,21.47516174706133,0
14775,22.50964554008617,0
14776,22.864317806478606,0
14777,24.12307256230077,0
14778,23.728956139381904,0
14779,25.325237676439507,0
14780,24.64442446950568,0
14781,25.570681059135154,0
14782,27.305486377368755,0
14783,27.66139521413879,0
14784,28.14838676866721,0
14785,28.612371664302803,0
14786,30.289231681754572,0
14787,31.278102568345428,0
14788,30.128484479801198,0
14789,30.3199064221329,0
14790,30.498659797498448,0
14791,33.68890955774205,0
14792,31.4372893732959,0
14793,31.301642667329627,0
14794,33.09326906665826,0
14795,34.00013045254982,0
14796,31.769619617718153,0
14797,32.83144887493987,0
14798,31.40052593315345,0
14799,31.925559064841195,0
14800,33.94602896354484,0
14801,32.13139870031854,0
14802,31.274467270075558,0
14803,31.112389583412202,0
14804,30.77873463012212,0
14805,29.808948444868843,0
14806,28.111360528861834,0
14807,27.476208554065803,0
14808,29.995333845203376,0
14809,26.585611453282517,0
14810,27.894159419994267,0
14811,25.370928829559507,0
14812,26.790951084503643,0
14813,25.64647419845839,0
14814,24.253149603898006,0
14815,26.029176930708946,0
14816,22.73960210341383,0
14817,23.14612965288361,0
14818,22.31615269784907,0
14819,22.26911999290565,0
14820,22.63760251985014,0
14821,22.090255713102312,0
14822,22.845291478729308,0
14823,24.94890797902675,0
14824,21.940060309159996,0
14825,22.7839559282318,0
14826,23.51632050300628,0
14827,24.491542802120165,0
14828,26.50287060754269,0
14829,26.80104666931504,0
14830,27.179600256165344,0
14831,27.548354139469787,0
14832,30.378335009222774,0
14833,27.531355291394878,0
14834,28.148149953122044,0
14835,29.887195425732234,0
14836,30.702856907283092,0
14837,30.806627122838847,0
14838,30.698686564349394,0
14839,30.66504487482522,0
14840,32.05399228677677,0
14841,31.91467689334561,0
14842,32.34994300253306,0
14843,31.881317573111446,0
14844,34.329787612935455,0
14845,33.404211245710734,0
14846,34.66882759654981,0
14847,32.105913887842036,0
14848,32.38732329318783,0
14849,31.718550861423612,0
14850,31.55497488316617,0
14851,30.78828138927159,0
14852,30.33515009250983,0
14853,27.95381429164696,0
14854,29.022387927227104,0
14855,29.338615990787627,0
14856,26.063414554059335,0
14857,27.00011774246172,0
14858,27.273448864606642,0
14859,27.343031069619016,0
14860,25.41467788909198,0
14861,25.408186102505056,0
14862,26.205148820954527,0
14863,25.320599412014673,0
14864,23.22058944556347,0
14865,22.778973569649295,0
14866,24.18130285283709,0
14867,23.26295275769999,0
14868,22.460477752329496,0
14869,22.81243609317743,0
14870,23.48357979410123,0
14871,23.18104876619608,0
14872,23.41651434926139,0
14873,23.797559122084948,0
14874,22.98219906201539,0
14875,26.678920890210282,0
14876,26.711138111356977,0
14877,27.589070336740935,0
14878,26.57153455296376,0
14879,27.471078918482995,0
14880,28.570801708595127,0
14881,29.46650552703238,0
14882,27.478084283280133,0
14883,30.264145988760802,0
14884,29.50790273509632,0
14885,30.971393654930182,0
14886,30.876631153894568,0
14887,33.657891301809634,0
14888,32.86351965360722,0
14889,32.59114233475171,0
14890,34.21276508616151,0
14891,32.88593887565445,0
14892,32.27972011985465,0
14893,32.77229239132588,0
14894,32.466279397970915,0
14895,32.666064357142,0
14896,33.1636241575923,0
14897,31.849028928670727,0
14898,31.47014351314687,0
14899,32.048554243031845,0
14900,30.785620116912373,0
14901,30.8544373849096,0
14902,29.427106633351062,0
14903,27.359199234676876,0
14904,26.886379139785504,0
14905,25.70089431051371,0
14906,27.834842848094265,0
14907,26.497657784166783,0
14908,25.028569787699425,0
14909,23.97340012094824,0
14910,24.822080707092496,0
14911,23.90134145801965,0
14912,23.986841889096528,0
14913,22.543519892176665,0
14914,22.07027744207344,0
14915,24.599596915917818,0
14916,22.055157467426763,0
14917,23.0195913226634,0
14918,24.49597754811154,0
14919,21.562350879921365,0
14920,24.363625431728586,0
14921,24.101178112344265,0
14922,24.32163636231308,0
14923,25.223649710069328,0
14924,24.323531866586624,0
14925,23.88252024523839,0
14926,28.57800566857379,0
14927,27.063331771410247,0
14928,28.882308710326914,0
14929,29.749716597752386,0
14930,29.57936543762237,0
14931,30.36514881673129,0
14932,31.205721913601575,0
14933,32.60601066961803,0
14934,32.02293602370621,0
14935,33.216652768057486,0
14936,32.04195082492723,0
14937,32.200673590926264,0
14938,32.9138268888562,0
14939,33.35426470002382,0
14940,33.5318769485499,0
14941,34.885732156369784,0
14942,33.66168445173647,0
14943,32.6841434784407,0
14944,34.29932198761837,0
14945,32.29394781531288,0
14946,31.891462821606144,0
14947,31.53274976060928,0
14948,30.17299173231477,0
14949,28.835606464571796,0
14950,29.426964464850567,0
14951,28.347879352059024,0
14952,27.146779543367057,0
14953,27.4678545543948,0
14954,26.511210795125947,0
14955,25.50288883415861,0
14956,23.74380474792717,0
14957,24.791687069250276,0
14958,26.206115565787073,0
14959,24.913931232156962,0
14960,24.741892006138006,0
14961,23.361697806499087,0
14962,24.21706952691066,0
14963,22.3793217363703,0
14964,22.55036971974388,0
14965,23.558154053084483,0
14966,21.762345309911918,0
14967,23.43935021603356,0
14968,23.969806436638102,0
14969,25.7044708935416,0
14970,23.775484123811687,0
14971,25.375349551667878,0
14972,24.858262987799588,0
14973,25.54994537682973,0
14974,24.040369752978474,0
14975,26.42147879141668,0
14976,29.14093474897374,0
14977,29.168129914232317,0
14978,29.453041606461227,0
14979,32.35461029115086,0
14980,31.03818683436653,0
14981,29.82355880176702,0
14982,31.338552314457104,0
14983,31.913357124294826,0
14984,33.92211875298211,0
14985,31.733606783001086,0
14986,33.25189430008809,0
14987,33.92773773636189,0
14988,32.2033306253293,0
14989,33.04847209632247,0
14990,30.846032509755712,0
14991,32.721963322947374,0
14992,30.156221568452548,0
14993,31.58981897404707,0
14994,33.241075072263015,0
14995,31.45324034754478,0
14996,30.554931593979124,0
14997,30.067850433241645,0
14998,31.431215932189424,0
14999,29.205011315913072,0
15000,29.034211294938295,0
15001,26.92100470712948,0
15002,26.28240711744055,0
15003,25.05899802616714,0
15004,25.33173191930859,0
15005,24.27127170889823,0
15006,25.44482573843179,0
15007,24.673097287204794,0
15008,23.558833629337947,0
15009,22.848871036061922,0
15010,20.315715269196478,0
15011,22.463048171209923,0
15012,23.306331030815063,0
15013,23.70103498659517,0
15014,20.126115549299023,0
15015,21.011980376373522,0
15016,23.83140908195367,0
15017,23.01773609545708,0
15018,24.254692736012814,0
15019,24.49332499216373,0
15020,26.08554275015732,0
15021,24.255146206037452,0
15022,26.147635544628145,0
15023,28.284000489137288,0
15024,28.2099925814807,0
15025,27.83847269418269,0
15026,29.747613354188843,0
15027,30.200303216871898,0
15028,29.626785018441268,0
15029,31.731650464491548,0
15030,32.207824561030215,0
15031,31.841560561558406,0
15032,33.26584643235828,0
15033,31.466801898800732,0
15034,33.59128454426935,0
15035,32.7722481144784,0
15036,32.078276778263536,0
15037,32.373702385323526,0
15038,33.988737774177416,0
15039,32.076148276319074,0
15040,31.992316049017006,0
15041,31.324874236101707,0
15042,30.75791601215014,0
15043,31.99989545634791,0
15044,32.69352565989662,0
15045,31.24212495938317,0
15046,29.800713713694805,0
15047,29.40537009801926,0
15048,27.66428194306212,0
15049,26.862856627609464,0
15050,25.551519466959455,0
15051,27.515503606712638,0
15052,25.1711706052867,0
15053,24.25420199840514,0
15054,23.840735176306936,0
15055,24.22772282658697,0
15056,23.133446315285845,0
15057,23.404849659598835,0
15058,23.341370962590887,0
15059,24.37106537745693,0
15060,21.780265716042116,0
15061,23.34192491291981,0
15062,22.48997018672919,0
15063,22.963327969734063,0
15064,25.277219938232705,0
15065,24.658250674497133,0
15066,24.088643386632587,0
15067,25.448557153728146,0
15068,25.487599245010593,0
15069,27.191298748909457,0
15070,26.23255239898345,0
15071,27.837640027051993,0
15072,27.803397007852613,0
15073,28.671195851592376,0
15074,29.15127750147579,0
15075,29.308444103858314,0
15076,30.61324959927182,0
15077,32.02073180530547,0
15078,30.945416608994453,0
15079,31.592915085805863,0
15080,32.70240111900055,0
15081,31.883585818448342,0
15082,33.69734897127771,0
15083,33.66364603174952,0
15084,30.742260125984103,0
15085,32.31988554070806,0
15086,31.772364253800376,0
15087,33.44538449976134,0
15088,33.26546464645658,0
15089,30.793143490018313,0
15090,30.86729575453396,0
15091,30.973511660895785,0
15092,30.144648781469396,0
15093,30.63274365748685,0
15094,30.269857383761675,0
15095,29.245853022780793,0
15096,29.086597407623838,0
15097,28.280951180237786,0
15098,26.64573670657334,0
15099,25.668106158462358,0
15100,24.781723526441983,0
15101,25.774493385284163,0
15102,25.353215059815096,0
15103,25.045835295926068,0
15104,23.357769404486934,0
15105,23.006261073461154,0
15106,23.442954899033893,0
15107,24.289241459044693,0
15108,23.36333559383372,0
15109,23.275929044050297,0
15110,22.368173153837013,0
15111,23.829564457196774,0
15112,24.212161726126947,0
15113,23.109102880078872,0
15114,26.208063816845222,0
15115,24.062561037722887,0
15116,26.428282577870803,0
15117,25.89836257047114,0
15118,26.877305314510213,0
15119,26.58478238467325,0
15120,27.456941408063187,0
15121,29.356239232451102,0
15122,29.11549460450107,0
15123,29.589839918600664,0
15124,31.388391920068546,0
15125,31.759256069030936,0
15126,31.71193723622051,0
15127,32.20888221591717,0
15128,34.039808589935056,0
15129,32.4678099600316,0
15130,33.22692545666811,0
15131,33.3909201689904,0
15132,31.635055616636407,0
15133,31.067305027056626,0
15134,32.96918344324914,0
15135,33.48809013706096,0
15136,32.54315208954587,0
15137,31.45583021418831,0
15138,30.904656394309047,0
15139,31.858505799379415,0
15140,30.221266532039838,0
15141,28.342891931444047,0
15142,29.979070997539882,0
15143,28.901951633022996,0
15144,28.38964248371775,0
15145,28.386581323718993,0
15146,28.02411658214248,0
15147,26.652361601353817,0
15148,25.342726208750626,0
15149,22.887095808828704,0
15150,24.769886217284952,0
15151,23.900566224012486,0
15152,24.982574913697277,0
15153,24.6516312666551,0
15154,23.652924917273555,0
15155,24.405256968245173,0
15156,22.940541130094022,0
15157,23.013600772151097,0
15158,22.35134868642171,0
15159,23.088425608529292,0
15160,23.891854307330252,0
15161,25.088657053859077,0
15162,23.755143626348932,0
15163,25.758372193340215,0
15164,27.817253523216728,0
15165,24.776274276839164,0
15166,26.46511174811655,0
15167,27.38139881381046,0
15168,29.002728816178777,0
15169,30.62290032909771,0
15170,30.522004472432222,0
15171,29.89070413731817,0
15172,29.676605341120585,0
15173,31.001707089481073,0
15174,31.510617288921623,0
15175,32.219710154546966,0
15176,31.463129103785228,0
15177,34.134138962437,0
15178,32.13100381435878,0
15179,33.640877020451015,0
15180,33.22346905044048,0
15181,31.89101603610905,0
15182,32.90727746861297,0
15183,32.65123355389641,0
15184,32.15711953039475,0
15185,32.77404118626968,0
15186,31.080218064749502,0
15187,33.56413668002055,0
15188,31.62453336511147,0
15189,29.02286916944666,0
15190,26.850880229589865,0
15191,29.90174911468834,0
15192,28.25888462603956,0
15193,27.43886517504636,0
15194,25.754216790675027,0
15195,24.676488194773622,0
15196,23.672105790354728,0
15197,27.498805308489814,0
15198,26.057500445973403,0
15199,23.49870198865382,0
15200,25.53202793712698,0
15201,21.560770301350104,0
15202,23.8697604269134,0
15203,23.7485885684084,0
15204,22.15945228219853,0
15205,22.60156845885598,0
15206,22.148439694712373,0
15207,23.430084191099134,0
15208,24.977147558808696,0
15209,25.02449012825338,0
15210,24.88410203122389,0
15211,26.06874755914288,0
15212,23.740868269941007,0
15213,28.09363426771436,0
15214,26.662183634873276,0
15215,26.05066388996643,0
15216,27.627261937778993,0
15217,28.01512828830481,0
15218,29.393068443271698,0
15219,30.228964340572453,0
15220,28.192038892220065,0
15221,32.29857697082755,0
15222,33.25406318443365,0
15223,30.944831389631965,0
15224,33.798551747803266,0
15225,33.872364141893726,0
15226,33.83970789454153,0
15227,34.58114944418722,0
15228,31.625369768764404,0
15229,33.68162462854538,0
15230,31.829170387188938,0
15231,34.97611349257937,0
15232,31.369165870871225,0
15233,30.753438267720842,0
15234,32.65509489172572,0
15235,31.66541675078776,0
15236,30.53162659526736,0
15237,30.05317076661752,0
15238,29.90793642863747,0
15239,30.374618000243988,0
15240,27.2944172668823,0
15241,26.79308749198843,0
15242,26.134353526390363,0
15243,26.016560979756694,0
15244,25.515029812756108,0
15245,23.677591419471412,0
15246,24.7688320505754,0
15247,22.776459185038384,0
15248,23.362854593669606,0
15249,23.13479090773394,0
15250,22.93063003895867,0
15251,24.522967482041295,0
15252,24.635021855019783,0
15253,24.12010975027721,0
15254,24.751828316196047,0
15255,23.097326764014745,0
15256,25.076684611591567,0
15257,23.98280981948423,0
15258,24.693722219679465,0
15259,25.230171198389154,0
15260,24.16814471368939,0
15261,25.47951688437416,0
15262,26.548645072405392,0
15263,27.713485709086147,0
15264,27.875178754271634,0
15265,27.80336322254096,0
15266,28.139572323975933,0
15267,29.924243380006118,0
15268,29.320588031953047,0
15269,29.86879728404308,0
15270,31.433422922251605,0
15271,32.145507016547434,0
15272,31.502291038747753,0
15273,30.841201787733578,0
15274,33.11661315401379,0
15275,33.774799329668966,0
15276,32.59269331983416,0
15277,32.58247324597004,0
15278,30.508072419387982,0
15279,33.52157372463468,0
15280,31.23598266935756,0
15281,32.68607264740553,0
15282,30.946828318383318,0
15283,30.902166792191416,0
15284,30.312694480378063,0
15285,28.11633556049946,0
15286,32.04403650582348,0
15287,27.089733085059013,0
15288,28.11007764606737,0
15289,26.535044778267498,0
15290,26.469592535879222,0
15291,27.463286867830917,0
15292,23.637474830684223,0
15293,24.814068573565926,0
15294,24.957044344668464,0
15295,24.15385912072495,0
15296,24.066782962652685,0
15297,22.63061106426358,0
15298,21.53064523528147,0
15299,21.7315440900991,0
15300,22.590840362650237,0
15301,23.784983137630807,0
15302,23.25101227841729,0
15303,24.984501203692002,0
15304,23.77057182507965,0
15305,24.22682348334602,0
15306,24.664768414354647,0
15307,23.22485230591631,0
15308,26.076232713222744,0
15309,24.976126662963853,0
15310,26.326343414466884,0
15311,29.69101211543487,0
15312,26.763924235976198,0
15313,28.771125393764425,0
15314,29.586055011861188,0
15315,30.04251171787349,0
15316,30.50369864502152,0
15317,30.485638067478558,0
15318,33.52775654440793,0
15319,29.960548832793563,0
15320,31.303990777832425,0
15321,34.103230299099074,0
15322,33.37859571278648,0
15323,32.19208580602659,0
15324,32.10173506906297,0
15325,32.708091980863834,0
15326,35.469380967167176,0
15327,33.112856862075816,0
15328,31.29897318122358,0
15329,32.20501931096327,0
15330,30.90929707105852,0
15331,32.542178482168005,0
15332,30.793950055267,0
15333,31.173846497103675,0
15334,29.455349786704907,0
15335,30.691466022697508,0
15336,28.41186051765651,0
15337,27.628172359202384,0
15338,25.686438645276105,0
15339,25.665175939756917,0
15340,25.890126740141525,0
15341,24.459730480128023,0
15342,26.95217410771877,0
15343,24.022078953051846,0
15344,22.908423289543993,0
15345,24.368284394212207,0
15346,22.640875864093566,0
15347,23.449804573913088,0
15348,22.906773898106344,0
15349,22.322688040267916,0
15350,24.55877099982696,0
15351,23.472249649005082,0
15352,24.757970976690988,0
15353,23.69414484344956,0
15354,23.037604367152486,0
15355,23.712809998859864,0
15356,24.98162565794056,0
15357,25.90292510727271,0
15358,26.761192443860786,0
15359,27.860571022664146,0
15360,26.757251218515016,0
15361,28.882128822409936,0
15362,28.07603651640679,0
15363,29.229613071409446,0
15364,33.06530135150932,0
15365,32.31769969184629,0
15366,31.172757072900083,0
15367,33.75924959746244,0
15368,33.74913398496932,0
15369,33.50863680741831,0
15370,34.29723257083412,0
15371,32.70941981153517,0
15372,32.87514156064671,0
15373,32.09763504997517,0
15374,33.413128689922154,0
15375,31.36561557425761,0
15376,31.826622997007306,0
15377,32.42541623287836,0
15378,31.030830874763403,0
15379,31.390842081816267,0
15380,32.32498336734479,0
15381,28.928482421343155,0
15382,30.697728541047994,0
15383,27.969651309460655,0
15384,27.065811750729242,0
15385,27.572805177162124,0
15386,27.734416759201757,0
15387,25.372863668761283,0
15388,24.77127761054235,0
15389,24.516730793446392,0
15390,23.744359578221097,0
15391,24.221865127704735,0
15392,22.957515194447982,0
15393,23.126177689179453,0
15394,23.524496307488135,0
15395,22.62538145577581,0
15396,24.154002623099387,0
15397,22.36606738160169,0
15398,22.398709480484452,0
15399,25.41863756868994,0
15400,25.1757309919634,0
15401,24.104543602902975,0
15402,25.29475012843156,0
15403,25.29659934536559,0
15404,24.989749358099953,0
15405,26.76244710080764,0
15406,27.010326781247787,0
15407,28.629221448821163,0
15408,26.157026143218474,0
15409,29.459601159333452,0
15410,29.460859482206224,0
15411,29.22638334127401,0
15412,30.071191394870613,0
15413,30.638944536695195,0
15414,30.212939575382652,0
15415,31.39295815511888,0
15416,33.112768374190736,0
15417,31.102130810413264,0
15418,32.453687037955795,0
15419,30.592247882954826,0
15420,32.424545027687664,0
15421,33.34861567544171,0
15422,32.77958595039341,0
15423,32.66353062682756,0
15424,31.211930003148048,0
15425,32.5367612133442,0
15426,30.63234277844967,0
15427,31.95251880067672,0
15428,30.711948705793137,0
15429,29.52974942269074,0
15430,30.78008931176308,0
15431,28.257764374862017,0
15432,29.02442510087903,0
15433,27.452440770036105,0
15434,26.706615787973053,0
15435,27.087844822672107,0
15436,25.93835151438334,0
15437,24.949078556435538,0
15438,24.346409443561896,0
15439,24.24567670739789,0
15440,23.756048473892182,0
15441,23.054732820366446,0
15442,22.134465043882667,0
15443,20.4526398036314,0
15444,22.888914281831052,0
15445,22.800581853687415,0
15446,24.38467796060637,0
15447,23.830421689086755,0
15448,24.811627899209515,0
15449,25.770400844259797,0
15450,24.35787421366609,0
15451,24.115823042681555,0
15452,26.31812242873823,0
15453,25.491634731705712,0
15454,26.452487941895317,0
15455,28.78759536474925,0
15456,28.55374898745014,0
15457,29.751063734811638,0
15458,27.946583388869072,0
15459,29.95036035657325,0
15460,31.62080366409642,0
15461,29.76422685458395,0
15462,31.735663538029517,0
15463,32.37285631347307,0
15464,30.026604210371758,0
15465,34.21817483155378,0
15466,32.11865493587021,0
15467,32.82134195824881,0
15468,34.68137619238976,0
15469,31.17002758620077,0
15470,33.296493356182495,0
15471,32.17494278078067,0
15472,32.376402854547,0
15473,31.15017481801359,0
15474,32.90255374960382,0
15475,29.92619517413334,0
15476,30.86480226769989,0
15477,30.457957637814967,0
15478,29.205023551207198,0
15479,28.38210728689532,0
15480,27.737834983512684,0
15481,28.373603009873403,0
15482,27.161260281913204,0
15483,26.007856016774205,0
15484,24.41201952254046,0
15485,25.11852203231765,0
15486,25.001040581295662,0
15487,24.00443583293638,0
15488,25.110586242502443,0
15489,21.473706241834407,0
15490,25.667744089579934,0
15491,22.862829920026407,0
15492,21.863442696033584,0
15493,21.301463391217293,0
15494,24.041748718799656,0
15495,23.957105989933524,0
15496,23.456607307041395,0
15497,23.988083195519934,0
15498,24.637618317549578,0
15499,24.53650075792865,0
15500,26.657864890070627,0
15501,26.716730810784643,0
15502,26.589952676783486,0
15503,25.71220692663633,0
15504,29.3753147442432,0
15505,28.179510540330178,0
15506,28.263401840725464,0
15507,31.208041104367943,0
15508,31.003674032683456,0
15509,29.03366020400246,0
15510,29.877505730105653,0
15511,31.574328746513785,0
15512,31.077858334817805,0
15513,32.470407396986246,0
15514,35.4517153699647,0
15515,35.94454992052882,0
15516,32.96442722314741,0
15517,33.76486216742984,0
15518,33.72729886982631,0
15519,32.50695680543705,0
15520,30.859876252739717,0
15521,33.04935176620399,0
15522,31.36570657166037,0
15523,31.50577708181036,0
15524,31.216252913250983,0
15525,29.11264185659876,0
15526,30.99040777608974,0
15527,28.73639783821027,0
15528,28.23348717618517,0
15529,26.92274894761691,0
15530,27.42539752267687,0
15531,27.108533558866668,0
15532,24.95093578709956,0
15533,25.550463991969202,0
15534,24.038384619983425,0
15535,22.81002468601945,0
15536,23.34907185544228,0
15537,24.00002824170031,0
15538,23.73311721457319,0
15539,24.13354460271041,0
15540,22.334643380881914,0
15541,22.749275387165525,0
15542,23.253192361245418,0
15543,24.01231269571908,0
15544,23.563136878102362,0
15545,23.091899843396423,0
15546,22.922658420892933,0
15547,26.147949553294502,0
15548,26.581883956762972,0
15549,25.43142143111395,0
15550,28.20003942619827,0
15551,27.29540240111268,0
15552,28.467504284082644,0
15553,29.92995488797151,0
15554,28.82533441449098,0
15555,29.14885718550691,0
15556,28.77184312314075,0
15557,31.362819675777576,0
15558,32.000578026850235,0
15559,32.84595788467889,0
15560,32.950046902144166,0
15561,32.73888618615498,0
15562,33.99598996365902,0
15563,31.942831046952982,0
15564,33.40574046771122,0
15565,33.4871550450638,0
15566,32.723376747820794,0
15567,34.366873397774334,0
15568,32.78546570631716,0
15569,33.334330556299065,0
15570,32.45114225447485,0
15571,30.87961231587726,0
15572,32.456600612545635,0
15573,31.04310193593973,0
15574,29.32864022308357,0
15575,28.549141972990256,0
15576,26.976671254575873,0
15577,27.211954191437943,0
15578,26.48461185357264,0
15579,26.31305112394515,0
15580,25.091765264110702,0
15581,25.545839394668924,0
15582,24.398062959908785,0
15583,22.46279858420693,0
15584,23.17780683656786,0
15585,22.494729802037575,0
15586,21.907543623856043,0
15587,22.80503554064991,0
15588,23.934423763060078,0
15589,21.936931062821596,0
15590,21.175560261073336,0
15591,23.235372128830864,0
15592,26.687593721624907,0
15593,23.45800812039482,0
15594,24.755104355544248,0
15595,24.56072988866662,0
15596,26.38053166432142,0
15597,27.552196755949183,0
15598,26.564940223537747,0
15599,28.5539797586091,0
15600,26.930596747573887,0
15601,28.881305392518964,0
15602,28.038605076693162,0
15603,30.121049446993975,0
15604,29.90409579922125,0
15605,31.30410457519059,0
15606,30.43040351671138,0
15607,32.21879294781746,0
15608,32.46420389217828,0
15609,32.06729892747836,0
15610,32.044279019267705,0
15611,31.787803528004584,0
15612,32.623389634862704,0
15613,33.381725509773815,0
15614,32.71747837838686,0
15615,32.79825374637454,0
15616,33.62539444423022,0
15617,31.665317188416683,0
15618,31.85321455315658,0
15619,31.89860358758489,0
15620,31.04001777112121,0
15621,30.324651045834322,0
15622,29.39750004130626,0
15623,30.612177381039842,0
15624,27.947961173658474,0
15625,26.982977799800707,0
15626,27.32367627918013,0
15627,27.752926961171767,0
15628,26.94536706427604,0
15629,25.01378116258008,0
15630,25.325312878992122,0
15631,24.55961284207094,0
15632,23.770178377917517,0
15633,24.06087126295734,0
15634,23.81743241516931,0
15635,23.20947335200958,0
15636,24.756167547139718,0
15637,22.6899404640672,0
15638,24.595743695764806,0
15639,25.513720924349048,0
15640,25.817613568595263,0
15641,24.333412487635492,0
15642,24.306656008717216,0
15643,23.37850912281057,0
15644,25.468372407675787,0
15645,28.562534048171504,0
15646,25.15909513349152,0
15647,25.822168061737962,0
15648,28.86639558274654,0
15649,29.29908009837598,0
15650,27.489438323404162,0
15651,29.881514124116695,0
15652,30.867698556917116,0
15653,29.549090966947226,0
15654,32.52547578675459,0
15655,30.662525363035776,0
15656,33.4921307396374,0
15657,32.84885939528273,0
15658,32.15584097465972,0
15659,31.368935133065357,0
15660,32.682863348264185,0
15661,32.887394165123325,0
15662,32.7246616802343,0
15663,32.048737119938856,0
15664,32.14376394138073,0
15665,32.866307566357676,0
15666,30.64731368746568,0
15667,30.858651608635526,0
15668,30.98529206352697,0
15669,29.915824338611934,0
15670,30.186085331512288,0
15671,30.236254376744345,0
15672,27.668910568440506,0
15673,27.58762348965933,0
15674,23.782988693801787,0
15675,25.761524761317446,0
15676,26.195734776526024,0
15677,23.855117853209393,0
15678,25.82148920001349,0
15679,22.165934399884016,0
15680,25.046706428547857,0
15681,22.884282094774576,0
15682,22.167398171346075,0
15683,22.576604128177983,0
15684,22.753758760829754,0
15685,22.044757816215487,0
15686,21.804955407686208,0
15687,22.8753335812313,0
15688,24.64056439515016,0
15689,24.460089165956862,0
15690,25.831072086610856,0
15691,24.363047753367795,0
15692,25.16206036952914,0
15693,25.769982210111266,0
15694,26.868261345863658,0
15695,27.828526004982137,0
15696,29.78100649216236,0
15697,29.375954611925923,0
15698,29.476561419324685,0
15699,31.291046192187004,0
15700,29.731723399098893,0
15701,29.742315749386627,0
15702,32.22143627706567,0
15703,32.150499063510026,0
15704,32.46660676371875,0
15705,33.57046162203151,0
15706,32.50953259200815,0
15707,32.86017364816347,0
15708,33.39590751374783,0
15709,33.62413554494785,0
15710,33.83229612314956,0
15711,32.7518595720912,0
15712,32.61056668152041,0
15713,29.554210407043655,0
15714,32.77713335621951,0
15715,29.483539282282145,0
15716,30.469082073672343,0
15717,32.46951906088533,0
15718,28.97919909399671,0
15719,27.07801864677814,0
15720,29.629989467154395,0
15721,26.80356903895509,0
15722,26.5541887532523,0
15723,25.932808496871075,0
15724,26.249080559038703,0
15725,25.747365056347938,0
15726,24.351926012743544,0
15727,25.158748593033728,0
15728,22.776271297443884,0
15729,24.068309523753992,0
15730,22.55649551237028,0
15731,23.753939782809546,0
15732,22.340422856492953,0
15733,22.61257437117849,0
15734,24.659116959401004,0
15735,22.26450401948342,0
15736,22.502339740308877,0
15737,24.61721805830518,0
15738,24.20376723949611,0
15739,24.533947769796402,0
15740,25.365631279047037,0
15741,28.220460584798705,0
15742,25.67668545048586,0
15743,27.08414416393292,0
15744,28.173787860611103,0
15745,27.71796578902996,0
15746,29.265755039300686,0
15747,30.405736354865862,0
15748,29.595053188319124,0
15749,32.168822058881965,0
15750,30.39685958573364,0
15751,31.828032556917247,0
15752,32.6724806603614,0
15753,35.81083433168641,0
15754,31.082999079514302,0
15755,33.24458510668566,0
15756,35.52914067013066,0
15757,32.36464578356845,0
15758,33.924763493256656,0
15759,32.83858785768008,0
15760,30.903393998635615,0
15761,32.36564071874446,0
15762,30.648405557476153,0
15763,31.13422123872752,0
15764,29.00266049944945,0
15765,30.648077447710286,0
15766,26.88126992373882,0
15767,28.485663885009117,0
15768,29.291576473888842,0
15769,27.866574061842876,0
15770,26.359339211042894,0
15771,25.855015998826584,0
15772,25.07631613699512,0
15773,27.677856389355547,0
15774,24.41383529450925,0
15775,24.02124770279144,0
15776,22.93669816757236,0
15777,22.90738374976082,0
15778,23.782080862057505,0
15779,22.434628451717153,0
15780,22.194941905753144,0
15781,22.49331159832106,0
15782,22.81846924670134,0
15783,23.55494943586688,0
15784,23.18533870795758,0
15785,23.842433507045655,0
15786,23.714897147878233,0
15787,26.194165454365912,0
15788,25.59110481248594,0
15789,25.77298690984957,0
15790,26.997007976879775,0
15791,27.302356894083044,0
15792,26.433081252324715,0
15793,28.472974030195598,0
15794,30.94639656923703,0
15795,30.418705161158837,0
15796,31.677567683938324,0
15797,30.373545342406665,0
15798,30.04936526174909,0
15799,31.269257038768384,0
15800,33.681781711666446,0
15801,31.620146806034235,0
15802,32.03569980950175,0
15803,34.06258789951455,0
15804,32.74954885963755,0
15805,32.7587431958113,0
15806,33.21037784020334,0
15807,32.70638874209634,0
15808,32.026902667352374,0
15809,32.21989140668736,0
15810,30.820972274871565,0
15811,31.0010851014893,0
15812,31.155729721901604,0
15813,28.852547179023325,0
15814,29.080749963404923,0
15815,27.508998490818392,0
15816,28.745849579667045,0
15817,27.962537721533163,0
15818,27.648566046489055,0
15819,27.119028925285477,0
15820,26.524128548023263,0
15821,25.673258782249484,0
15822,23.68665704175876,0
15823,24.96871535464034,0
15824,22.75735940586676,0
15825,25.712995490903204,0
15826,23.45906072601234,0
15827,23.63591553180686,0
15828,21.766579201148325,0
15829,24.114999525065187,0
15830,24.343779040680324,0
15831,21.810740367117187,0
15832,23.112428430446766,0
15833,23.564239798284532,0
15834,23.81550567624452,0
15835,26.338035807059423,0
15836,27.664809467907432,0
15837,25.020573169868953,0
15838,27.754532722629854,0
15839,27.084478075599527,0
15840,29.3700586508202,0
15841,26.202444126930803,0
15842,28.85901644206114,0
15843,31.129134062359267,0
15844,29.73824727388727,0
15845,32.233444568385245,0
15846,31.02258830667984,0
15847,33.10424096711181,0
15848,32.91283278096613,0
15849,32.19729487427469,0
15850,32.06442349570713,0
15851,32.785855643304615,0
15852,34.15765485808819,0
15853,32.94798406737042,0
15854,32.16249251194032,0
15855,35.93980944413879,0
15856,30.749321558308694,0
15857,31.73710185332227,0
15858,32.07437245176361,0
15859,29.994945357018743,0
15860,30.484952489048236,0
15861,29.488868320755287,0
15862,27.808831166787467,0
15863,29.10497380737902,0
15864,26.857115814808083,0
15865,26.58965450319501,0
15866,27.936319777595347,0
15867,24.9629030840071,0
15868,26.10036558912632,0
15869,26.13587845545454,0
15870,25.45465261005884,0
15871,24.49818215867922,0
15872,23.43037374202278,0
15873,21.9715173934207,0
15874,23.309699727472324,0
15875,23.482344207959354,0
15876,22.483733412695805,0
15877,22.049242713200545,0
15878,24.033001493113044,0
15879,22.317844949423023,0
15880,24.104655547051436,0
15881,23.54384149570783,0
15882,22.76913051203486,0
15883,26.563376389837636,0
15884,26.102360121652406,0
15885,26.620031509076895,0
15886,25.27900454869129,0
15887,27.20807415104054,0
15888,28.26823922414157,0
15889,27.892993278981272,0
15890,30.932556359076937,0
15891,27.875829786695782,0
15892,31.189155862347658,0
15893,29.13431423730862,0
15894,29.948422036452243,0
15895,30.664049703334534,0
15896,32.88018046465277,0
15897,31.880902919571835,0
15898,32.13184161744614,0
15899,32.02153694141408,0
15900,31.489992349494095,0
15901,32.027274274899774,0
15902,31.809821380312307,0
15903,32.26322313698892,0
15904,31.91295500494574,0
15905,29.52331769516525,0
15906,30.845139756503382,0
15907,32.21387541355853,0
15908,29.97898884496053,0
15909,29.789031516337158,0
15910,28.5174222434244,0
15911,27.908062300064078,0
15912,27.865628657972017,0
15913,25.93270203875933,0
15914,26.472778357497774,0
15915,24.350639535365822,0
15916,25.763931350022386,0
15917,23.306394160780222,0
15918,25.042847690968856,0
15919,24.969827691782392,0
15920,21.965417790818794,0
15921,23.9753268565968,0
15922,22.678742485169092,0
15923,24.121833423972205,0
15924,22.38085098398522,0
15925,22.670796516122344,0
15926,22.78809350707013,0
15927,24.547797079815787,0
15928,21.63933678477371,0
15929,24.705719949689488,0
15930,24.462341102099536,0
15931,24.370809504493987,0
15932,25.164889431851098,0
15933,26.923558826968737,0
15934,27.43330442482143,0
15935,28.944521044774646,0
15936,27.258508952509086,0
15937,26.6597969703852,0
15938,28.64020066398645,0
15939,29.618515983651108,0
15940,29.959796479966673,0
15941,32.16420371214025,0
15942,33.713704452580785,0
15943,32.24466488086801,0
15944,30.442997917819028,0
15945,33.5561756032346,0
15946,32.08118317412904,0
15947,32.89646613384608,0
15948,33.736477771951165,0
15949,33.22097717619635,0
15950,32.65713098388326,0
15951,32.80170691303618,0
15952,32.98396876794663,0
15953,32.4895892069016,0
15954,33.50215608570086,0
15955,27.942702808364402,0
15956,29.611331891532735,0
15957,29.221943119710275,0
15958,30.012686888977026,0
15959,28.767857682932615,0
15960,28.745036805558527,0
15961,25.813469968697614,0
15962,26.380002825048923,0
15963,26.624916371161017,0
15964,25.341340007430603,0
15965,24.44943466238475,0
15966,24.630120730307475,0
15967,25.574109447408514,0
15968,21.453893930595868,0
15969,24.861545658291178,0
15970,23.34125854796729,0
15971,22.07868878593064,0
15972,23.55075189112696,0
15973,22.97555823160694,0
15974,24.27130721330824,0
15975,22.467087807220633,0
15976,24.529255617682775,0
15977,23.01907096649681,0
15978,24.67574724932668,0
15979,25.544121381474394,0
15980,25.310711478551895,0
15981,26.619384472274362,0
15982,26.002138553966393,0
15983,28.30174800262299,0
15984,27.389078781547894,0
15985,27.840945886664645,0
15986,29.07044005027541,0
15987,29.75435631679968,0
15988,29.554400541221806,0
15989,31.733490861305842,0
15990,31.304772199808557,0
15991,32.465063120723066,0
15992,30.730019193881407,0
15993,31.197636051058392,0
15994,32.45671957125755,0
15995,31.857968012429918,0
15996,32.76042162152142,0
15997,33.41102421884361,0
15998,33.8375720455412,0
15999,33.98223033269763,0
16000,33.00944670507495,0
16001,31.15371183223728,0
16002,31.97914955190617,0
16003,30.41403964204444,0
16004,30.935695103063562,0
16005,28.753378501167816,0
16006,30.53326512240665,0
16007,28.96073315950529,0
16008,27.608417118367257,0
16009,25.881830337768335,0
16010,26.882067787661825,0
16011,25.455639548275187,0
16012,25.64647704823234,0
16013,24.139247495416722,0
16014,23.817250646685007,0
16015,24.550267447047652,0
16016,25.04418958513228,0
16017,22.012031724916785,0
16018,22.87209516360565,0
16019,23.329533967604526,0
16020,22.742796478556414,0
16021,22.500221869422568,0
16022,25.23156698793613,0
16023,22.43764962669419,0
16024,23.927665167364154,0
16025,23.442380506509423,0
16026,24.265328535661045,0
16027,22.567999637510706,0
16028,26.284522308165712,0
16029,25.773608582788516,0
16030,25.638061978007055,0
16031,28.90832344449157,0
16032,27.621187000958702,0
16033,27.937609481116294,0
16034,28.34666783810094,0
16035,30.878575114683905,0
16036,30.42777715565486,0
16037,30.632978238500737,0
16038,30.11003906550797,0
16039,30.962506256066632,0
16040,32.574018409996654,0
16041,32.49699008051378,0
16042,30.715621762593493,0
16043,31.982130408565595,0
16044,33.12560802883965,0
16045,35.539371384412256,0
16046,31.975394899520737,0
16047,30.295141178534017,0
16048,32.99496845573373,0
16049,31.385986469343198,0
16050,30.113256699558583,0
16051,31.50591600836088,0
16052,30.16649743427185,0
16053,28.8485914592469,0
16054,27.881048025336398,0
16055,28.428285897835774,0
16056,27.985447986241713,0
16057,25.468177258531714,0
16058,27.590128102361067,0
16059,24.716414763351647,0
16060,26.799662230343316,0
16061,25.18683292956934,0
16062,24.17675898023742,0
16063,24.2678111274561,0
16064,22.97591250665298,0
16065,23.214111918027037,0
16066,24.71623727605058,0
16067,22.370521470748493,0
16068,23.71608045638473,0
16069,22.044359154363047,0
16070,23.05013162656436,0
16071,24.243802666813675,0
16072,22.367439914473007,0
16073,24.26820072994841,0
16074,22.213462187489554,0
16075,23.708568126019795,0
16076,24.981009293605457,0
16077,26.86837278103035,0
16078,27.322098613654628,0
16079,26.332377072316962,0
16080,27.767926980016647,0
16081,28.737884954552875,0
16082,27.629413958013295,0
16083,30.236103099376077,0
16084,31.750048014187897,0
16085,32.18671307297165,0
16086,30.843727214001724,0
16087,31.457954622997683,0
16088,31.29361202321802,0
16089,32.02328140621381,0
16090,32.479192097821866,0
16091,33.538439203984346,0
16092,32.981857016983376,0
16093,31.92829597741362,0
16094,33.548691636714,0
16095,33.399556805346556,0
16096,31.61915943224301,0
16097,31.619528810802063,0
16098,31.33283523863911,0
16099,29.299358385710246,0
16100,30.535165722054547,0
16101,30.485924445534806,0
16102,31.141391607086064,0
16103,28.74501603664039,0
16104,27.615262973460542,0
16105,27.10025513960764,0
16106,27.2180584696122,0
16107,26.784045319456233,0
16108,24.542455307661054,0
16109,25.05007638431483,0
16110,25.019878936224742,0
16111,21.927011121142748,0
16112,24.943429395100505,0
16113,23.069366012655546,0
16114,23.944290221606643,0
16115,22.89965873543998,0
16116,22.65749383761824,0
16117,22.870854911173513,0
16118,23.36178910582992,0
16119,24.15368660974409,0
16120,23.31020191134752,0
16121,22.817448753080317,0
16122,23.670447613554458,0
16123,23.884885411721353,0
16124,26.16552676385737,0
16125,25.034041908076105,0
16126,28.132294666927194,0
16127,27.3843751271384,0
16128,27.81871848189123,0
16129,29.865804986660493,0
16130,28.834950689768554,0
16131,29.526391233187006,0
16132,31.188202983159115,0
16133,31.692650605958132,0
16134,30.447806509904247,0
16135,34.33468655255279,0
16136,32.80875331719939,0
16137,31.275665175618855,0
16138,32.56668637294526,0
16139,33.79502553270038,0
16140,33.132167706571096,0
16141,33.72687570246579,0
16142,35.10911064436591,0
16143,33.4646723202484,0
16144,34.253111967857684,0
16145,32.56347178660586,0
16146,30.787519088363137,0
16147,32.47322359569422,0
16148,29.71912771276215,0
16149,30.790693290136566,0
16150,29.86917804695195,0
16151,27.729064298801145,0
16152,27.220086787133933,0
16153,27.097043675672996,0
16154,27.03436251013189,0
16155,27.34839420319774,0
16156,25.506778378446196,0
16157,26.790862360135108,0
16158,25.274353236925332,0
16159,23.33070013456488,0
16160,22.991480801540646,0
16161,23.407637594577082,0
16162,22.59388309300268,0
16163,22.898351014272063,0
16164,23.72300609571825,0
16165,23.252635608848692,0
16166,24.095804470458308,0
16167,22.64332891958497,0
16168,22.759988834931853,0
16169,22.588076792807563,0
16170,22.63781712420635,0
16171,24.464932466403084,0
16172,25.525786245909963,0
16173,25.845618588024752,0
16174,26.67200714902826,0
16175,29.3522932520507,0
16176,26.871034755688672,0
16177,28.34598113173087,0
16178,28.769103931133248,0
16179,28.969337405925398,0
16180,31.817357800326512,0
16181,30.977502571226378,0
16182,32.754525048469596,0
16183,30.806276375730587,0
16184,34.17424444461388,0
16185,34.85345314509088,0
16186,31.927831846191005,0
16187,32.91707462526101,0
16188,32.8413932956227,0
16189,33.48755773827678,0
16190,31.501334502059066,0
16191,33.05950444109236,0
16192,33.029991181279335,0
16193,31.34027849954096,0
16194,29.245031232726795,0
16195,30.337807360873843,0
16196,30.07956723489804,0
16197,30.652712383427843,0
16198,28.650507392796367,0
16199,27.478335425561703,0
16200,28.593346717582865,0
16201,27.694947270147193,0
16202,27.416651017004668,0
16203,26.11043613883834,0
16204,26.53452929150065,0
16205,25.446858328947524,0
16206,22.65772800396569,0
16207,24.21089211193397,0
16208,24.422120447809743,0
16209,23.397023997425276,0
16210,24.61129611516573,0
16211,22.56757054308011,0
16212,23.67849610585383,0
16213,21.79438291974987,0
16214,23.1513526321342,0
16215,22.81245479187182,0
16216,22.65042026142763,0
16217,22.7082205396152,0
16218,24.66973078347487,0
16219,25.36609080654659,0
16220,24.847227423836515,0
16221,24.831327088902245,0
16222,25.811267579305284,0
16223,28.089791437769662,0
16224,26.779864399164097,0
16225,29.77314392676514,0
16226,27.60754792433259,0
16227,30.175561947532913,0
16228,31.149669112503226,0
16229,32.24839318253007,0
16230,31.090155475067267,0
16231,31.18586603168615,0
16232,30.89149300715857,0
16233,33.51312932059435,0
16234,32.68530502703736,0
16235,32.4827711433854,0
16236,32.56575557568292,0
16237,33.19593237087976,0
16238,32.84754265997455,0
16239,33.78463627834285,0
16240,30.164519729136266,0
16241,32.797478470689754,0
16242,30.98952715469771,0
16243,30.95227089576735,0
16244,30.172648829514664,0
16245,29.815615187065205,0
16246,30.03702838518437,0
16247,28.86208603884914,0
16248,26.545993049917463,0
16249,27.26882242646522,0
16250,26.59711235133254,0
16251,26.447123985469894,0
16252,25.53048251516899,0
16253,24.86578928498772,0
16254,25.48025834840677,0
16255,22.935263680661066,0
16256,25.84042522129338,0
16257,22.808089238583914,0
16258,22.1263914123125,0
16259,23.818224549633026,0
16260,24.066853229491322,0
16261,24.28630421279596,0
16262,24.62226775353738,0
16263,23.85156858154782,0
16264,23.728128452822094,0
16265,24.40452576271711,0
16266,24.455864889326097,0
16267,24.408701503562828,0
16268,27.10000656745038,0
16269,27.899596022481273,0
16270,26.710309870438795,0
16271,27.114238512398092,0
16272,27.505997893210886,0
16273,26.966665097827505,0
16274,28.613953662143242,0
16275,29.394958584841135,0
16276,30.47843348659367,0
16277,30.041125960593387,0
16278,29.63218981748016,0
16279,32.61886701888801,0
16280,34.051578501666654,0
16281,30.490165059895933,0
16282,32.69246498862691,0
16283,33.81366810588616,0
16284,31.83417603500793,0
16285,31.521901362844506,0
16286,32.864614209352915,0
16287,32.38772429685859,0
16288,31.695085502654802,0
16289,33.612640275408566,0
16290,33.03723751305105,0
16291,31.70328200523711,0
16292,30.438400341454802,0
16293,29.59372704999815,0
16294,30.186118072300733,0
16295,28.427223520695396,0
16296,29.498889080431635,0
16297,28.606560754683528,0
16298,26.114588280738303,0
16299,26.862247408633813,0
16300,27.083857261777858,0
16301,25.629432220895136,0
16302,23.53846858658362,0
16303,23.786506659958892,0
16304,23.352608237819478,0
16305,23.5261587567571,0
16306,23.227907302266125,0
16307,22.71802421773386,0
16308,23.88794288976003,0
16309,24.427739543119362,0
16310,22.639824439352548,0
16311,21.94005318570295,0
16312,24.07827665310153,0
16313,24.07760305871886,0
16314,24.926600365539368,0
16315,24.314569913851603,0
16316,25.83545622362962,0
16317,25.22156222121517,0
16318,27.8434387429855,0
16319,29.077780865727945,0
16320,27.120267417961582,0
16321,26.106920701052687,0
16322,28.858566873901093,0
16323,29.44221735145563,0
16324,30.75283022049491,0
16325,31.122797318696808,0
16326,32.08990613860197,0
16327,34.74232876085058,0
16328,31.834694701823732,0
16329,32.309067594570266,0
16330,33.32731400233227,0
16331,31.172547584025494,0
16332,33.85323420511098,0
16333,32.402195379866654,0
16334,31.46071714136041,0
16335,31.84245786440863,0
16336,32.903282183871475,0
16337,32.879387834857056,0
16338,32.85553811182362,0
16339,31.555371636256297,0
16340,29.852120229456602,0
16341,30.545588200009018,0
16342,29.291748105933536,0
16343,31.069605012290477,0
16344,26.02024033514519,0
16345,29.039455426956696,0
16346,27.557431701917935,0
16347,26.57738421099201,0
16348,25.49154189446037,0
16349,24.47900299573292,0
16350,23.585359965393636,0
16351,22.561223260328145,0
16352,25.79665057061658,0
16353,24.40729649355185,0
16354,23.934029397370285,0
16355,23.49718471912723,0
16356,21.174694287696635,0
16357,22.857741916829195,0
16358,23.386905179169464,0
16359,24.63492174301514,0
16360,22.76325903412026,0
16361,24.402203227125003,0
16362,24.32399395439674,0
16363,25.08464259862416,0
16364,24.819183428840464,0
16365,26.54811724514142,0
16366,26.887848790307206,0
16367,25.578991349052693,0
16368,29.31646208840245,0
16369,30.95377826639531,0
16370,28.520255789554902,0
16371,31.168636835946547,0
16372,29.626404112134985,0
16373,30.62152987248293,0
16374,33.40400579811837,0
16375,32.275697389853285,0
16376,33.956184436227055,0
16377,33.02328374852117,0
16378,33.9534448335761,0
16379,32.90507773321776,0
16380,34.54848828610234,0
16381,34.861066446725026,0
16382,33.62557106847975,0
16383,32.1716135177941,0
16384,32.08100398143027,0
16385,31.142773707538502,0
16386,32.26211836369809,0
16387,31.68726896257663,0
16388,29.92496818625626,0
16389,30.95519022467057,0
16390,28.8412102165211,0
16391,30.59753394879595,0
16392,28.951584193775137,0
16393,29.064876499097586,0
16394,26.1215290084942,0
16395,25.219613641345084,0
16396,23.803883434583042,0
16397,25.733311515433076,0
16398,23.471893827263933,0
16399,25.50916876013954,0
16400,23.947640439754508,0
16401,24.27858036661614,0
16402,22.022788148172843,0
16403,22.585945567496736,0
16404,23.320164796435574,0
16405,23.91665023885749,0
16406,22.02116256878529,0
16407,23.8611262275069,0
16408,22.981538873606276,0
16409,24.982375671699067,0
16410,24.375875995758257,0
16411,24.797907998657422,0
16412,26.075215237653218,0
16413,27.3810344349016,0
16414,26.604642261653947,0
16415,28.70999617816807,0
16416,27.143865817142625,0
16417,29.07521236156447,0
16418,28.31709824374054,0
16419,30.26600010705231,0
16420,29.729582640234554,0
16421,31.217882781417988,0
16422,32.29549848997835,0
16423,31.142989352502482,0
16424,30.720017024628348,0
16425,32.58344782515223,0
16426,33.48810977684945,0
16427,33.326064134196436,0
16428,32.23183098424295,0
16429,33.92713912588812,0
16430,32.67770057885086,0
16431,33.51915844911045,0
16432,31.585792915286596,0
16433,32.54163996087417,0
16434,32.84314061487247,0
16435,30.518025395321704,0
16436,30.343808465874986,0
16437,30.66575702421375,0
16438,29.948817579104567,0
16439,29.1400254706497,0
16440,28.010073795299917,0
16441,25.922087208958537,0
16442,26.83118705722883,0
16443,24.93080574379355,0
16444,25.712617978674736,0
16445,22.756494503335208,0
16446,26.02189813730107,0
16447,26.052277639393406,0
16448,24.239140941010493,0
16449,22.664175492948544,0
16450,22.994894707997336,0
16451,24.050913635101637,0
16452,23.77975034447122,0
16453,22.47430376566528,0
16454,24.487687946740177,0
16455,24.224629919536916,0
16456,24.325565126204474,0
16457,23.807009906782465,0
16458,24.585884636674397,0
16459,24.373629395773765,0
16460,25.809325055623006,0
16461,25.553087049634627,0
16462,27.991497127192147,0
16463,27.508416599192035,0
16464,28.330787381693916,0
16465,29.10162825234515,0
16466,29.73421020988475,0
16467,28.62173596190864,0
16468,31.890851541100233,0
16469,31.26055070945783,0
16470,31.110821086786274,0
16471,31.125628760664874,0
16472,31.773555538268262,0
16473,32.131817700341486,0
16474,32.96121764231196,0
16475,32.22260071921356,0
16476,33.22707610782591,0
16477,33.21954740714366,0
16478,32.26173449592769,0
16479,34.92685317354693,0
16480,32.32873267645375,0
16481,32.4150301638673,0
16482,31.759823788735204,0
16483,30.99917081537688,0
16484,31.28108699397875,0
16485,31.39195849639284,0
16486,29.33311516845549,0
16487,27.912426335360006,0
16488,28.65101931863119,0
16489,25.322345118679724,0
16490,26.96914382907027,0
16491,26.006431618852247,0
16492,25.927665357718638,0
16493,23.564811688926817,0
16494,24.134882995146363,0
16495,23.11788489054347,0
16496,23.235484018056823,0
16497,24.060915109249816,0
16498,23.07075029973488,0
16499,22.545509227047337,0
16500,24.263648527352345,0
16501,23.145999827434945,0
16502,21.254926112276436,0
16503,22.434837582032454,0
16504,24.160268449917154,0
16505,24.547686829342688,0
16506,24.763351137955876,0
16507,25.292246739104804,0
16508,24.686685779953613,0
16509,26.066045979703116,0
16510,25.60283627802181,0
16511,26.589484920248697,0
16512,27.165973048106785,0
16513,27.887022401348318,0
16514,29.01794766659538,0
16515,29.748223118708474,0
16516,29.765435064477423,0
16517,32.16357190552268,0
16518,31.13777905171078,0
16519,33.53313594753085,0
16520,33.36593192153057,0
16521,31.46866488272264,0
16522,33.74844375682581,0
16523,31.618992176953814,0
16524,34.46640081249593,0
16525,33.31724075810617,0
16526,31.88441124603027,0
16527,30.490349751032614,0
16528,31.964526927182593,0
16529,30.659061331870372,0
16530,32.63942754179882,0
16531,29.837593316088597,0
16532,30.292181341968792,0
16533,30.413624471050888,0
16534,29.3194466684376,0
16535,28.92276952523062,0
16536,27.766547323516882,0
16537,28.068895878617212,0
16538,25.795196155072585,0
16539,26.654820267980785,0
16540,24.31974564699118,0
16541,25.136261507094233,0
16542,23.34617090494623,0
16543,23.836720795630093,0
16544,24.250765878990652,0
16545,24.600449671363037,0
16546,21.396254268890395,0
16547,22.285866884986998,0
16548,22.037914502309427,0
16549,24.235566613608743,0
16550,22.31363976931796,0
16551,24.07147496845007,0
16552,23.157803079874782,0
16553,22.606961634400818,0
16554,24.568639575071913,0
16555,23.827833052855688,0
16556,26.213907991356542,0
16557,26.89599272065993,0
16558,28.01202699729304,0
16559,26.339647950624247,0
16560,29.543877030959823,0
16561,29.597393942077854,0
16562,27.517285849488143,0
16563,32.089026895893,0
16564,32.15207966334759,0
16565,30.010171900867363,0
16566,31.84976063706803,0
16567,30.632648421771556,0
16568,32.18698738497474,0
16569,32.79174818671531,0
16570,33.429298217356326,0
16571,32.13295647037564,0
16572,32.96215512947072,0
16573,32.026693796067526,0
16574,33.19605730670896,0
16575,33.26351931584863,0
16576,32.39005231452541,0
16577,33.08949810352763,0
16578,32.26979145058047,0
16579,31.39907089810122,0
16580,31.635141561874878,0
16581,28.674581574495747,0
16582,29.246166141377998,0
16583,26.8900074312849,0
16584,27.969939645765514,0
16585,26.870767332991665,0
16586,27.510383866221297,0
16587,25.637651248202427,0
16588,24.85539052573515,0
16589,24.850439420401514,0
16590,24.321742328565694,0
16591,24.52989503601269,0
16592,22.794389607029995,0
16593,21.8865208593666,0
16594,21.585475262667906,0
16595,24.16841314322528,0
16596,21.74094539023556,0
16597,22.57243239347071,0
16598,22.06612612767631,0
16599,24.23983505886402,0
16600,23.100298013602103,0
16601,25.235516053909386,0
16602,23.75645522511896,0
16603,25.238374013051313,0
16604,26.23811195444573,0
16605,27.03203096111701,0
16606,25.51532245260116,0
16607,26.973662575395878,0
16608,27.91041936888694,0
16609,26.833612415118072,0
16610,29.98852930532497,0
16611,30.29006692399201,0
16612,30.995025793371877,0
16613,29.65675096286942,0
16614,31.709085273769983,0
16615,32.39026150573619,0
16616,33.34073373640073,0
16617,32.095454550116,0
16618,33.49216688784619,0
16619,34.89240031444575,0
16620,32.5627960031852,0
16621,32.54341399119499,0
16622,32.50265714396979,0
16623,31.137368254259698,0
16624,31.96481178655096,0
16625,33.56836263376583,0
16626,30.611194362742257,0
16627,30.8470544598314,0
16628,31.678335770432717,0
16629,30.46799756857774,0
16630,29.515549727734616,0
16631,28.317576381617513,0
16632,27.88225326466219,0
16633,27.354883072816847,0
16634,27.382499794185023,0
16635,26.16068304948201,0
16636,26.426772697749183,0
16637,23.108946609943526,0
16638,25.27263537664388,0
16639,23.50798045949165,0
16640,23.679646238534094,0
16641,22.959977199552895,0
16642,23.803562698120356,0
16643,22.924517706510095,0
16644,23.61680741779655,0
16645,22.246490768315013,0
16646,23.357045810952453,0
16647,24.593218826391073,0
16648,24.770962983700684,0
16649,23.680913034383604,0
16650,24.605592025083258,0
16651,24.59144423633246,0
16652,25.38234798102435,0
16653,26.10423344103626,0
16654,27.903126361645302,0
16655,27.92408715638341,0
16656,29.441963183088696,0
16657,30.17119645193319,0
16658,28.04565717625718,0
16659,30.2200203065209,0
16660,30.06207508081523,0
16661,29.451133177414885,0
16662,30.472418040302323,0
16663,31.472997389968608,0
16664,33.98249372323522,0
16665,32.70788296955032,0
16666,32.64914292131809,0
16667,32.93180631344057,0
16668,32.26422484691331,0
16669,33.1308614368378,0
16670,32.74315525862164,0
16671,31.01650333160875,0
16672,31.81066934000554,0
16673,35.2791457032638,0
16674,32.16166707184775,0
16675,30.952644215717953,0
16676,31.160710434323157,0
16677,28.96112690126984,0
16678,29.387960900689784,0
16679,29.521068245572273,0
16680,26.425905603705743,0
16681,26.630565814686467,0
16682,26.318156106232358,0
16683,25.814591105635557,0
16684,25.002825789225323,0
16685,25.229491134719094,0
16686,25.47173284499519,0
16687,24.377810206213283,0
16688,24.682192007885178,0
16689,24.413097754733503,0
16690,22.59142136462566,0
16691,23.316507084825055,0
16692,22.639205417117477,0
16693,23.69503370735926,0
16694,22.834482263593568,0
16695,23.205638434985833,0
16696,25.342131787733717,0
16697,23.86675206175208,0
16698,22.94373984071432,0
16699,25.081569571251286,0
16700,25.7987100296462,0
16701,25.599469403475663,0
16702,26.783060119341357,0
16703,28.355700100513538,0
16704,27.501592065025815,0
16705,28.478246650421873,0
16706,28.61016686326919,0
16707,30.24692240174125,0
16708,30.387178928470423,0
16709,30.15017599446532,0
16710,31.3941296406278,0
16711,33.767035770431576,0
16712,30.672447981703368,0
16713,31.276860266391747,0
16714,33.1703794127496,0
16715,31.6132256906298,0
16716,34.92015263744296,0
16717,31.51195699097952,0
16718,31.566029990901782,0
16719,32.12899763394647,0
16720,33.39726687683109,0
16721,32.763130340001965,0
16722,32.10503440279451,0
16723,31.34704090582089,0
16724,31.78355260494645,0
16725,28.149740491918237,0
16726,29.577602798753194,0
16727,30.062681993954243,0
16728,26.970170499669628,0
16729,27.67331902427037,0
16730,27.914047561384887,0
16731,27.321647390156677,0
16732,25.380813857328974,0
16733,26.787654457951447,0
16734,24.9716605371651,0
16735,25.092744980794805,0
16736,22.637999437242925,0
16737,22.657366064795415,0
16738,22.442463159217002,0
16739,24.78030791788281,0
16740,20.73869864672241,0
16741,21.265801079809787,0
16742,23.963169352887483,0
16743,23.537997359796655,0
16744,20.79750408959341,0
16745,23.66109353434408,0
16746,24.180219186882972,0
16747,26.150099900168566,0
16748,23.649444033231653,0
16749,25.58413561457727,0
16750,27.75873538584833,0
16751,28.105514169648508,0
16752,27.119286654337348,0
16753,28.38877906813517,0
16754,27.871554954504923,0
16755,31.258035454765785,0
16756,30.098174048910703,0
16757,32.2990674610097,0
16758,32.331296623314486,0
16759,31.121911802039165,0
16760,32.20604299968942,0
16761,33.267831849397446,0
16762,33.27782051356692,0
16763,34.45955619472895,0
16764,34.1057173647626,0
16765,33.29311605551595,0
16766,33.52102391033971,0
16767,31.949754476412988,0
16768,31.77209519351219,0
16769,32.573944300316754,0
16770,31.883942485079956,0
16771,29.99030554160766,0
16772,30.445272200484,0
16773,29.16043712642753,0
16774,28.778287534110326,0
16775,29.93119757669283,0
16776,27.106696398630795,0
16777,26.736407422499024,0
16778,27.280465500094238,0
16779,26.184787859917975,0
16780,25.688631736774347,0
16781,23.58188543344064,0
16782,24.465200612804587,0
16783,23.70027138979274,0
16784,22.912760872884352,0
16785,22.863616961028917,0
16786,22.913770178880952,0
16787,23.885966083843773,0
16788,24.852022404988908,0
16789,23.18024852738629,0
16790,24.63773483980486,0
16791,23.521363557636015,0
16792,22.263522880698645,0
16793,24.12166222921796,0
16794,25.738526505328714,0
16795,26.345285885310936,0
16796,24.678363619136114,0
16797,28.284676343983463,0
16798,26.025693638151637,0
16799,26.67395089136547,0
16800,27.52835129627994,0
16801,30.090752501409387,0
16802,29.71752587048677,0
16803,30.83065086742134,0
16804,28.385774457864155,0
16805,31.029346209309733,0
16806,31.46368287581093,0
16807,32.67964831262524,0
16808,31.914511205443894,0
16809,33.81291424227821,0
16810,32.20203460290462,0
16811,31.646355810106904,0
16812,31.451465899929968,0
16813,34.22076803138761,0
16814,33.60290429620433,0
16815,31.903465654946473,0
16816,33.43912304879786,0
16817,31.842813389173248,0
16818,31.460156991370717,0
16819,29.671200951431405,0
16820,30.011319506458598,0
16821,30.061733895922785,0
16822,29.534608923295288,0
16823,28.15253013743012,0
16824,29.005301017065392,0
16825,28.78379113980279,0
16826,25.96757458862558,0
16827,26.519484252600208,0
16828,24.070617748914948,0
16829,25.40107872989013,0
16830,23.576740362598823,0
16831,23.929370162782323,0
16832,23.882926396546022,0
16833,23.19257192443466,0
16834,24.227443456828276,0
16835,22.339160009592906,0
16836,22.5959115228052,0
16837,23.405095686280436,0
16838,23.18575951521573,0
16839,23.674394109328137,0
16840,23.515194928674358,0
16841,23.303200102311816,0
16842,25.154595764466396,0
16843,25.08115623335717,0
16844,26.419267760656872,0
16845,27.423582209007467,0
16846,26.41539138339966,0
16847,26.683257112156507,0
16848,27.612835126657604,0
16849,28.076802300583815,0
16850,27.42628243604088,0
16851,31.550010972159242,0
16852,30.948150855722506,0
16853,33.34655075310339,0
16854,31.048552654513877,0
16855,32.59088440221666,0
16856,32.6480454603627,0
16857,32.60584170678051,0
16858,33.829303578552654,0
16859,33.015384607511514,0
16860,32.980260337999994,0
16861,33.1678226235407,0
16862,30.730971886585454,0
16863,31.98219945817158,0
16864,31.676092977261703,0
16865,33.61154987551402,0
16866,32.156380698141994,0
16867,31.855448794568016,0
16868,31.16135038515051,0
16869,29.78436017808752,0
16870,30.94203769539038,0
16871,28.50926948200928,0
16872,26.694800549638714,0
16873,28.01083253257699,0
16874,27.89939753871594,0
16875,26.244487445919535,0
16876,25.90921426389397,0
16877,25.93799310554675,0
16878,25.99648187379013,0
16879,24.653647529838363,0
16880,25.348200216472858,0
16881,23.71904200683922,0
16882,25.248468424246223,0
16883,21.777091780144293,0
16884,23.970237373795506,0
16885,23.37992098015462,0
16886,23.34617336481263,0
16887,22.208947472090752,0
16888,24.765186903501622,0
16889,23.906389894915133,0
16890,23.569289959726333,0
16891,24.40945468143859,0
16892,25.338091197192988,0
16893,26.246293687957554,0
16894,25.893825506542864,0
16895,26.521161523074536,0
16896,28.461232991066748,0
16897,28.64538827906994,0
16898,31.248473417413294,0
16899,29.568768149001674,0
16900,31.2775280640267,0
16901,32.781830817529375,0
16902,31.40505856087202,0
16903,32.97713114610531,0
16904,32.682953606463435,0
16905,32.73208883384728,0
16906,34.43522119523315,0
16907,32.06462754070797,0
16908,32.48050798359522,0
16909,31.316008736764857,0
16910,32.775119509680856,0
16911,33.627920856607716,0
16912,32.146960870355784,0
16913,32.817759900971154,0
16914,30.86746468087805,0
16915,32.20377454913333,0
16916,30.45265422373532,0
16917,29.515695245361563,0
16918,30.93117050093068,0
16919,28.70351830999646,0
16920,28.61145893090324,0
16921,27.524149844859405,0
16922,27.442675883971464,0
16923,26.263910476697752,0
16924,24.405547343300224,0
16925,25.288160386539264,0
16926,24.983798773384322,0
16927,24.466120276620032,0
16928,23.510889964929486,0
16929,25.18247257673164,0
16930,22.53132835957443,0
16931,23.220936170302263,0
16932,23.26314457226428,0
16933,22.062366736201554,0
16934,22.086905278369443,0
16935,24.078235233026714,0
16936,24.378121453226658,0
16937,24.227531900430932,0
16938,22.983721545471216,0
16939,24.73734172629577,0
16940,25.790008059794573,0
16941,26.74253736943994,0
16942,27.906252137777926,0
16943,27.843858160167077,0
16944,28.9842598034337,0
16945,30.30622548731442,0
16946,27.11150766168573,0
16947,30.924797220547102,0
16948,30.139559691843946,0
16949,31.5650478702287,0
16950,31.79512684567427,0
16951,31.045051900184003,0
16952,31.521760634988535,0
16953,33.09563821978417,0
16954,32.71478992639723,0
16955,33.71658953551331,0
16956,32.68769445619125,0
16957,35.07329653765457,0
16958,32.64209488425522,0
16959,34.66539634777344,0
16960,31.65832253471098,0
16961,32.560123433502014,0
16962,32.670969990984574,0
16963,29.843224287706928,0
16964,29.62857262564658,0
16965,30.358634591025762,0
16966,30.449908836513874,0
16967,30.01744734885491,0
16968,28.586461341369983,0
16969,28.40716826426335,0
16970,25.645367141660053,0
16971,25.735017487304898,0
16972,26.938586726569607,0
16973,24.48041766874227,0
16974,24.28762180887924,0
16975,22.421705526987882,0
16976,23.541556323504086,0
16977,21.909239471714923,0
16978,23.568191167415815,0
16979,24.505243242751188,0
16980,23.35279966412882,0
16981,23.255530216533803,0
16982,22.839050819058908,0
16983,23.959021850506737,0
16984,22.658407533628555,0
16985,23.642504533135934,0
16986,26.584227773648458,0
16987,23.756476558902722,0
16988,25.008238354046505,0
16989,24.79889894811875,0
16990,27.93396085813588,0
16991,27.169226920364487,0
16992,26.829160195935795,0
16993,27.49887677876536,0
16994,30.402405455286015,0
16995,30.604577233072533,0
16996,31.3093348649806,0
16997,31.02719691723413,0
16998,32.440574136356524,0
16999,33.26886367037899,0
17000,33.01116675069045,0
17001,31.126715753071164,0
17002,30.984480946487793,0
17003,31.59530219707407,0
17004,33.29521697354901,0
17005,31.560359426854905,0
17006,31.828865585409833,0
17007,32.68741532309525,0
17008,31.52185120179817,0
17009,30.772616274718207,0
17010,32.487159727385055,0
17011,31.54573389536747,0
17012,31.28416579646929,0
17013,30.82416180425271,0
17014,30.703596657068175,0
17015,28.639289219695268,0
17016,27.844063720728204,0
17017,25.683874774121794,0
17018,26.49327284891805,0
17019,25.530575978860117,0
17020,26.52110378570353,0
17021,25.61784254965985,0
17022,25.89399805675473,0
17023,25.094677067125772,0
17024,24.822052674219464,0
17025,23.901578629866048,0
17026,23.31685416453727,0
17027,22.68820451596223,0
17028,22.993029533252447,0
17029,22.138026239458597,0
17030,23.554368124506137,0
17031,23.30884241870346,0
17032,21.72773273407003,0
17033,21.445981251485083,0
17034,23.7705416452063,0
17035,24.511780257767846,0
17036,25.214000596387756,0
17037,27.331394318601596,0
17038,26.104710717343135,0
17039,26.129036493331196,0
17040,28.366998241766378,0
17041,29.613611159652745,0
17042,30.872824545321684,0
17043,28.940230258923492,0
17044,30.256595407233178,0
17045,30.63377538234865,0
17046,32.98154083014568,0
17047,32.6341486901913,0
17048,32.35006001735257,0
17049,33.31082812968779,0
17050,32.48353824113717,0
17051,32.75862571794362,0
17052,32.96252395960031,0
17053,32.4723575033485,0
17054,32.58263078338678,0
17055,32.952415105296886,0
17056,32.555193565241424,0
17057,33.38020033186271,0
17058,32.35456709314501,0
17059,30.965531859443946,0
17060,28.391606591587383,0
17061,28.486099107471368,0
17062,28.80250738782564,0
17063,28.274312688243644,0
17064,26.734176649860217,0
17065,26.974859250404343,0
17066,26.80071129123099,0
17067,25.465920626904218,0
17068,25.348312706317337,0
17069,24.849745942850003,0
17070,23.77433402441766,0
17071,23.1892547348247,0
17072,23.527772691131684,0
17073,23.6163614681597,0
17074,22.154723203840433,0
17075,21.070525647254364,0
17076,22.064538162072157,0
17077,23.502828349972173,0
17078,21.604790080679635,0
17079,24.240081423175997,0
17080,23.085047800984263,0
17081,24.12784357957291,0
17082,23.699482828907215,0
17083,25.484327769048985,0
17084,25.51996596775271,0
17085,26.411532112530168,0
17086,24.82105001681636,0
17087,28.00690706731287,0
17088,26.367105765376277,0
17089,28.30456925669015,0
17090,29.75733315474754,0
17091,29.69892710339304,0
17092,30.944525759352686,0
17093,31.17247347483407,0
17094,31.590325072179798,0
17095,31.163851537316976,0
17096,33.25465733978207,0
17097,33.65606304948402,0
17098,32.28679749204951,0
17099,32.07294003217897,0
17100,33.161277838510884,0
17101,32.20554260283949,0
17102,32.927421635984466,0
17103,33.36251768884868,0
17104,32.92730633551405,0
17105,33.33724228209218,0
17106,31.94020608652698,0
17107,30.020730128642533,0
17108,29.655227774230884,0
17109,30.386458382199905,0
17110,31.0695183151324,0
17111,28.28154085044555,0
17112,27.097263851568695,0
17113,28.63497572950112,0
17114,26.55268321980072,0
17115,26.709668368612494,0
17116,26.48664656912843,0
17117,23.989445721212125,0
17118,24.090564728799198,0
17119,23.471667501569932,0
17120,24.135058679605155,0
17121,23.96292695788427,0
17122,22.665340083925912,0
17123,23.534403006033035,0
17124,21.275354699127465,0
17125,23.337117312995566,0
17126,23.458839244647347,0
17127,23.34612714453716,0
17128,22.262845973644765,0
17129,23.901385631911136,0
17130,23.41470333495651,0
17131,26.28907038377443,0
17132,25.189672555075198,0
17133,25.853530210974053,0
17134,26.563066210852313,0
17135,27.818807590016277,0
17136,28.035093920484414,0
17137,29.120307477344603,0
17138,28.381209614489496,0
17139,30.914372728376403,0
17140,29.99909555925167,0
17141,31.719569012982436,0
17142,31.720661693900446,0
17143,32.938529652348926,0
17144,32.22316656765248,0
17145,31.19476173824751,0
17146,31.709408563601876,0
17147,32.70558888048368,0
17148,34.264812444696986,0
17149,32.524296904746485,0
17150,32.84341487210306,0
17151,33.760502656204096,0
17152,31.76243852208798,0
17153,32.21712431061058,0
17154,31.76277567574424,0
17155,30.441975389303636,0
17156,30.67854109946506,0
17157,30.85974313742068,0
17158,30.241450923049193,0
17159,28.299426471068347,0
17160,30.698936948334858,0
17161,27.637960452107173,0
17162,26.408472717031856,0
17163,25.370512324363496,0
17164,24.5373305983655,0
17165,25.686584169376545,0
17166,21.717727379390872,0
17167,23.851628425503055,0
17168,22.341182751935488,0
17169,23.182343922217697,0
17170,23.10027059533319,0
17171,21.776557492931076,0
17172,22.0351936900266,0
17173,24.19607201746965,0
17174,22.613466989614906,0
17175,23.33641940734413,0
17176,23.335622178036243,0
17177,24.77431357092685,0
17178,25.57174653645116,0
17179,25.779703149584968,0
17180,25.9807489122761,0
17181,26.576231697854197,0
17182,25.553109108928453,0
17183,28.53778561846109,0
17184,27.436632584735023,0
17185,27.780158930759796,0
17186,28.90260186347734,0
17187,29.129069630335263,0
17188,30.848586409761698,0
17189,31.683987936281305,0
17190,32.69957350924969,0
17191,31.83939752230887,0
17192,31.73276510606143,0
17193,32.31913093552979,0
17194,31.6909862231677,0
17195,32.22781749200985,0
17196,34.836995246777164,0
17197,32.195463975829206,0
17198,32.36023519712512,0
17199,33.17183944275551,0
17200,32.53175037986266,0
17201,32.64793140333786,0
17202,30.682655378749242,0
17203,30.00346087361442,0
17204,31.69962331451493,0
17205,29.238691885350605,0
17206,29.163831730621926,0
17207,28.814079433992102,0
17208,26.226794370189783,0
17209,27.12860638959688,0
17210,26.056816065390162,0
17211,26.539783643841233,0
17212,25.16927469434067,0
17213,22.80586190951145,0
17214,25.165373810497307,0
17215,21.595397794317535,0
17216,23.245432015939624,0
17217,22.690656088911556,0
17218,22.557095306379246,0
17219,22.991825819916112,0
17220,23.854300072994977,0
17221,22.184991501773208,0
17222,22.55658827183625,0
17223,24.038724126592555,0
17224,24.10673069098635,0
17225,24.666945327294627,0
17226,24.738172126962173,0
17227,24.688137498610974,0
17228,25.001650681492105,0
17229,25.602185037699495,0
17230,27.518120580063584,0
17231,28.712856796152778,0
17232,29.822500791639545,0
17233,27.636988048681612,0
17234,29.032307649578133,0
17235,29.87918129614023,0
17236,30.3067822092037,0
17237,29.94571621282681,0
17238,33.54740081611065,0
17239,33.34863617899636,0
17240,32.137942948610366,0
17241,32.15452765608963,0
17242,32.78417932495108,0
17243,31.782278971934026,0
17244,32.64357791049786,0
17245,33.64731992332802,0
17246,34.35061254724773,0
17247,33.41990186607734,0
17248,33.51430985386413,0
17249,30.936170842546467,0
17250,28.44840175609351,0
17251,32.305083234674996,0
17252,30.636906786270668,0
17253,29.799261457493174,0
17254,30.83317540320795,0
17255,27.70837232100251,0
17256,27.062102991501938,0
17257,26.609803146003784,0
17258,28.195626514005284,0
17259,26.94364819087143,0
17260,23.780307581002983,0
17261,26.48501018991135,0
17262,24.441516952374307,0
17263,24.40048756625223,0
17264,22.903235545316377,0
17265,25.12124616012272,0
17266,23.548065483404436,0
17267,24.252178683554167,0
17268,22.019766700883395,0
17269,23.6680382790931,0
17270,23.219942196480417,0
17271,23.130919748249067,0
17272,22.863551646812475,0
17273,23.333469913768642,0
17274,23.32021900828817,0
17275,24.290734097024792,0
17276,25.439386075460757,0
17277,26.60234053825812,0
17278,25.189711461612134,0
17279,26.328075098009162,0
17280,27.38167504502551,0
17281,27.061684043141803,0
17282,28.98292644005625,0
17283,29.624872265402217,0
17284,30.28116134370301,0
17285,31.397273099236386,0
17286,32.39283447814882,0
17287,32.68973220203771,0
17288,32.55762687636075,0
17289,33.14332883074057,0
17290,32.03663877646989,0
17291,32.024993311965154,0
17292,33.57672171611402,0
17293,33.45631887447404,0
17294,34.87752382881614,0
17295,32.36763984889393,0
17296,31.354074053057207,0
17297,32.206332651986955,0
17298,31.071108005258974,0
17299,30.159412176886157,0
17300,31.759902933390414,0
17301,31.708038162822056,0
17302,29.610159837891597,0
17303,27.994002958681786,0
17304,28.206040701973667,0
17305,27.25917176333012,0
17306,25.347420168438873,0
17307,26.84403855969527,0
17308,25.79196944554772,0
17309,26.114572406041866,0
17310,23.900466712965052,0
17311,23.9820626846367,0
17312,23.524371332658788,0
17313,21.70506885821675,0
17314,25.525780085858294,0
17315,21.017413254097278,0
17316,21.875479498562704,0
17317,22.670511213376162,0
17318,21.64753860079051,0
17319,23.7486983847105,0
17320,23.194972308219878,0
17321,24.07241889076865,0
17322,24.656281875942078,0
17323,24.997474659018124,0
17324,25.56421800887381,0
17325,25.914298753259253,0
17326,27.08523646902461,0
17327,28.09196514637621,0
17328,27.729015874541737,0
17329,28.200138739102712,0
17330,28.886232424279648,0
17331,30.182384951429306,0
17332,30.124090165799633,0
17333,30.65516285290506,0
17334,30.072785750477188,0
17335,33.78739810763919,0
17336,31.13019580324879,0
17337,34.204735178977586,0
17338,33.57235617990482,0
17339,33.91874625778239,0
17340,33.231407856933615,0
17341,33.41136722482203,0
17342,33.09182145454383,0
17343,33.17087067212118,0
17344,33.11945161259236,0
17345,33.41216147779447,0
17346,30.572902256260978,0
17347,31.501080492268514,0
17348,32.03831382077184,0
17349,31.241675147225223,0
17350,28.302556245634726,0
17351,28.944985115982007,0
17352,28.261514674807497,0
17353,27.579670507461344,0
17354,24.537300298751195,0
17355,26.913802331184247,0
17356,23.950738129058813,0
17357,27.058157331691355,0
17358,25.09538308639426,0
17359,23.93956131914994,0
17360,24.281066255913736,0
17361,23.52083658182091,0
17362,22.660631651897617,0
17363,22.957676517284703,0
17364,23.33963356849381,0
17365,22.27348349199634,0
17366,23.864670375485623,0
17367,24.463539176270697,0
17368,24.712609174105243,0
17369,25.178745991901902,0
17370,25.727218822378244,0
17371,25.64695749045843,0
17372,26.774705528777424,0
17373,26.158535455895606,0
17374,27.113663508298647,0
17375,28.73112882831955,0
17376,29.886901403252093,0
17377,28.327805514457356,0
17378,27.906411021537174,0
17379,32.002057094802474,0
17380,31.634592448335994,0
17381,32.82615385634295,0
17382,32.4271849755955,0
17383,32.21762833000527,0
17384,31.732754931498437,0
17385,31.707559057870515,0
17386,34.25433655499897,0
17387,33.92963969652325,0
17388,33.327572640666475,0
17389,31.89742333549706,0
17390,32.34187085401826,0
17391,32.037483322338936,0
17392,32.05689885882936,0
17393,29.18944308395538,0
17394,31.774749340429114,0
17395,32.57995836161577,0
17396,29.99104130538969,0
17397,29.959367625868037,0
17398,29.581905676052024,0
17399,27.702930521356546,0
17400,28.438289645391237,0
17401,26.5777083271435,0
17402,26.299210739637328,0
17403,26.35266182451668,0
17404,25.466536922511768,0
17405,25.070111429006815,0
17406,23.590150424344195,0
17407,24.761841866227275,0
17408,22.635214705641907,0
17409,24.223918213591396,0
17410,22.72249927679256,0
17411,21.908796827923474,0
17412,22.935006314070094,0
17413,22.034658127219497,0
17414,22.674802424974274,0
17415,23.254744079588257,0
17416,24.453133076343878,0
17417,24.829907301762532,0
17418,24.952239949385003,0
17419,24.701333331986124,0
17420,24.036194150167674,0
17421,25.889416110307938,0
17422,26.414185046858137,0
17423,27.241973775202098,0
17424,27.507006124637822,0
17425,28.163057135147728,0
17426,30.09978089056662,0
17427,28.633684392267718,0
17428,30.530018686481707,0
17429,32.293773529758106,0
17430,30.805128186681735,0
17431,31.025490640464216,0
17432,32.132502602188126,0
17433,32.30574651442093,0
17434,33.106699093578484,0
17435,34.29977556455383,0
17436,32.897399708514186,0
17437,33.522765005331124,0
17438,32.28401667769545,0
17439,32.16345073473791,0
17440,32.63712627171002,0
17441,31.33293180640738,0
17442,32.72761522208902,0
17443,30.66862858645879,0
17444,30.36200343479108,0
17445,28.916070910585944,0
17446,28.88886002768899,0
17447,27.694000584354573,0
17448,27.54271195481468,0
17449,25.63151989939608,0
17450,26.71478877063695,0
17451,27.812466270487157,0
17452,23.68472747408732,0
17453,26.674758908861165,0
17454,24.364693994543916,0
17455,24.918388631506083,0
17456,22.701377446032208,0
17457,25.38481095471702,0
17458,22.133576431009516,0
17459,22.985132405075163,0
17460,24.54186945974527,0
17461,21.808849099560724,0
17462,20.898173684385466,0
17463,23.326229611323253,0
17464,22.932615608220825,0
17465,23.094813629268042,0
17466,23.582544085763878,0
17467,23.532979185390417,0
17468,26.892109612738942,0
17469,27.3003966989987,0
17470,25.38006756254997,0
17471,27.257975920341458,0
17472,27.5625403281574,0
17473,29.751644535281155,0
17474,28.483972585888235,0
17475,31.525130479413416,0
17476,30.517749634978244,0
17477,30.281389254476146,0
17478,31.461222790647415,0
17479,31.404372119792892,0
17480,34.569877165395255,0
17481,32.77852051060257,0
17482,32.36661609068732,0
17483,33.06374597638613,0
17484,34.468757995242036,0
17485,32.01904650459436,0
17486,31.177275395509913,0
17487,33.927316458016435,0
17488,32.947901765462554,0
17489,31.53249331528774,0
17490,31.467190414960616,0
17491,32.149516248671844,0
17492,27.81429130415996,0
17493,31.1838654266351,0
17494,29.129719159297363,0
17495,29.332896844514764,0
17496,27.958079448911388,0
17497,30.421775186403703,0
17498,26.10046500763921,0
17499,27.186736550584822,0
17500,22.923013957693914,0
17501,25.00319897589802,0
17502,25.25492724715021,0
17503,22.505956722442125,0
17504,21.660084945299026,0
17505,23.483685629111537,0
17506,24.184456577526515,0
17507,24.22837790256417,0
17508,22.325311447576038,0
17509,23.39395326079307,0
17510,21.771016053339782,0
17511,25.124416966819826,0
17512,23.105787470194187,0
17513,25.30922910012791,0
17514,24.201574482511727,0
17515,24.63301655899048,0
17516,27.120690210868315,0
17517,25.22375412175369,0
17518,27.999806722443232,0
17519,26.996569336922224,0
17520,27.12836834138705,0
17521,27.82151849110461,0
17522,30.42241052388523,0
17523,29.83719528032725,0
17524,30.150006125042687,0
17525,29.54236811019056,0
17526,32.71043888661947,0
17527,33.01621418824815,0
17528,32.65502659991517,0
17529,33.398025957882076,0
17530,29.58820761348893,0
17531,32.42810242952084,0
17532,33.16264357414645,0
17533,33.063602628886876,0
17534,32.262946464228555,0
17535,32.85723815638594,0
17536,31.601694664280704,0
17537,31.312999810742895,0
17538,30.29140875799729,0
17539,31.181601073748666,0
17540,29.77903388605942,0
17541,29.410928501525174,0
17542,30.678866945367115,0
17543,28.609611377877915,0
17544,27.964319808814587,0
17545,25.812406695208928,0
17546,26.182444083131205,0
17547,27.068220058429187,0
17548,26.0512697148996,0
17549,25.00933858678786,0
17550,24.288382486096683,0
17551,24.09939417723279,0
17552,24.06747793090189,0
17553,23.055364577938533,0
17554,20.683167307443576,0
17555,25.00803285629838,0
17556,24.135861833192028,0
17557,22.88820680702669,0
17558,24.580952536659307,0
17559,22.07457334774684,0
17560,24.95916085005163,0
17561,24.224101881370114,0
17562,25.352544066533575,0
17563,24.610393403436053,0
17564,25.650608384726457,0
17565,26.67060060426047,0
17566,27.753848568535894,0
17567,27.861208872177333,0
17568,28.443025401463824,0
17569,28.0601122847157,0
17570,31.010396452513053,0
17571,30.12129629220462,0
17572,30.2738520851755,0
17573,30.719116195283917,0
17574,30.33239968497547,0
17575,31.22754916596189,0
17576,30.8064634131932,0
17577,32.82264410537499,0
17578,32.747600570868904,0
17579,33.17530663418435,0
17580,31.749307774736437,0
17581,32.53441859966899,0
17582,32.187310318639085,0
17583,33.60978247591711,0
17584,30.837932138384097,0
17585,30.446672212205538,0
17586,32.818605891614574,0
17587,31.403774622934026,0
17588,28.930764518614634,0
17589,31.26140184608273,0
17590,30.785367345607266,0
17591,29.793260965201156,0
17592,25.936007586247115,0
17593,27.466376932844767,0
17594,25.83965692776286,0
17595,25.81912674401374,0
17596,23.918298576875237,0
17597,26.68876934892127,0
17598,23.770347690373494,0
17599,24.30888821669397,0
17600,24.472818284008486,0
17601,23.992303099189243,0
17602,23.580380826033274,0
17603,22.650173391274336,0
17604,23.218955718396117,0
17605,22.820135446229077,0
17606,20.89478017852068,0
17607,24.378711851415353,0
17608,23.039990385359854,0
17609,23.509259590400557,0
17610,24.049612154319398,0
17611,23.564179347380055,0
17612,24.285095881207013,0
17613,24.280096527779463,0
17614,27.17163980276016,0
17615,28.52585699158056,0
17616,28.071673501083755,0
17617,27.50381328679506,0
17618,30.597663121162448,0
17619,29.590590097288523,0
17620,28.902110749641345,0
17621,29.157654595279215,0
17622,31.71338614611854,0
17623,33.40699901053112,0
17624,31.941728999111643,0
17625,31.98012383720348,0
17626,32.551323558933504,0
17627,32.103233813851375,0
17628,32.44864199225282,0
17629,33.204820194028976,0
17630,32.10113653870378,0
17631,33.54668528030592,0
17632,31.34722440188577,0
17633,32.670058735063314,0
17634,31.875825840682005,0
17635,30.651878337064485,0
17636,30.19683981616211,0
17637,29.582476179800185,0
17638,30.967104571463057,0
17639,27.83691110496551,0
17640,29.18219808076637,0
17641,28.350639987502557,0
17642,26.36146518629508,0
17643,27.698138592163623,0
17644,23.114995410885598,0
17645,25.195302150837698,0
17646,24.58713126925711,0
17647,24.046900123450165,0
17648,24.50081853228028,0
17649,22.974044188384173,0
17650,22.97762921463501,0
17651,24.18642616917214,0
17652,22.877562274669994,0
17653,22.00229533990637,0
17654,23.73375476249365,0
17655,23.291201996764503,0
17656,23.099002927148018,0
17657,24.578884318372907,0
17658,23.686491427357826,0
17659,23.96839162434251,0
17660,25.231910544064107,0
17661,25.88934146821049,0
17662,26.751804051742052,0
17663,26.136095243803208,0
17664,29.71296495695561,0
17665,29.321390606004773,0
17666,29.429851170958923,0
17667,30.13636422114904,0
17668,27.99101240170927,0
17669,31.961473341354964,0
17670,30.505657184331056,0
17671,32.4632789544352,0
17672,31.12834822273468,0
17673,33.597711052448986,0
17674,32.287453576287824,0
17675,32.737799157654756,0
17676,34.521788634719144,0
17677,33.9401178621324,0
17678,31.44703712803105,0
17679,31.914084306913754,0
17680,32.517268924121815,0
17681,31.726112745864626,0
17682,32.3365532144898,0
17683,30.352331369973566,0
17684,28.616556624084083,0
17685,28.994240659176345,0
17686,29.102077636818095,0
17687,29.193610549724024,0
17688,28.73688356539974,0
17689,28.5866068306836,0
17690,26.934312962823736,0
17691,25.876719980060173,0
17692,26.223956478928848,0
17693,24.84939515398805,0
17694,23.988557275884062,0
17695,23.558337171918073,0
17696,24.59147579383195,0
17697,24.85926628369274,0
17698,24.479543017367014,0
17699,21.436864282749838,0
17700,24.086084493328112,0
17701,21.9151266867856,0
17702,22.821891023132792,0
17703,23.95998312279405,0
17704,22.329125172240854,0
17705,22.799326153676258,0
17706,23.707229877199346,0
17707,26.63774184103438,0
17708,26.569944681382005,0
17709,25.181352872242027,0
17710,26.83747242251153,0
17711,27.476325966282882,0
17712,28.30618506476432,0
17713,27.93565624033947,0
17714,30.72874628402223,0
17715,29.527664935762285,0
17716,31.313117504761067,0
17717,29.35340044266084,0
17718,31.92110768517938,0
17719,32.10539952853251,0
17720,33.68176501587105,0
17721,30.016096277075537,0
17722,33.37869321592809,0
17723,33.76457914418626,0
17724,32.72867510596024,0
17725,34.2669402869204,0
17726,34.92684599679461,0
17727,33.494444622420616,0
17728,33.134129148441495,0
17729,33.31058174001185,0
17730,31.9696261341292,0
17731,32.266850788320454,0
17732,31.09452249198651,0
17733,29.223628976158487,0
17734,28.238012187160717,0
17735,29.823401830025414,0
17736,28.594208256209168,0
17737,26.672600715040957,0
17738,26.728097306326617,0
17739,27.54750652535482,0
17740,23.780884744721966,0
17741,24.04939435531367,0
17742,25.15882443338261,0
17743,24.85337371514161,0
17744,22.493726262853933,0
17745,22.38035603953041,0
17746,23.331962716374875,0
17747,24.444879190452873,0
17748,23.007953981867374,0
17749,20.715045295937287,0
17750,24.19640941723106,0
17751,23.355066599149094,0
17752,23.206887686458586,0
17753,22.867570886850828,0
17754,25.656051611008692,0
17755,25.219909699763317,0
17756,25.90069840085009,0
17757,26.43330513618359,0
17758,27.13843141753597,0
17759,28.18102591161817,0
17760,29.71145318149329,0
17761,27.584886393951724,0
17762,29.21483172248841,0
17763,29.45574574522045,0
17764,32.18004883155297,0
17765,30.75142534305466,0
17766,29.91887276741076,0
17767,31.93538911481071,0
17768,31.592518616637268,0
17769,31.874444140223254,0
17770,32.378150610953334,0
17771,31.644142713826366,0
17772,31.060304589223293,0
17773,34.90498673682089,0
17774,32.69838258602871,0
17775,31.678241522688015,0
17776,32.94924443625881,0
17777,33.29733100832256,0
17778,29.78115881611163,0
17779,30.591620125481295,0
17780,30.776639054964335,0
17781,29.06351571337953,0
17782,29.74045001281051,0
17783,27.408994459549202,0
17784,27.328047876080497,0
17785,27.220766307886514,0
17786,27.129770963132277,0
17787,26.120444987101163,0
17788,24.812620747190607,0
17789,24.581649375206222,0
17790,22.34148423595146,0
17791,26.164791325994713,0
17792,23.254505250782298,0
17793,23.07955713899555,0
17794,23.430155091151967,0
17795,23.608856944060925,0
17796,23.33763296749458,0
17797,22.358032533550386,0
17798,21.504211072444864,0
17799,23.19956624764839,0
17800,22.86418952794449,0
17801,23.47305886285311,0
17802,24.45568590944344,0
17803,25.190437930432275,0
17804,26.7867248242885,0
17805,25.931880886487413,0
17806,24.969576335143074,0
17807,27.925594297932975,0
17808,28.920762738300926,0
17809,26.997800347087484,0
17810,29.893183483735978,0
17811,30.092641804553118,0
17812,29.947805706919162,0
17813,31.206900452052984,0
17814,31.916779330011956,0
17815,32.551010355415116,0
17816,33.47101682613842,0
17817,32.597819038633645,0
17818,32.81461669079302,0
17819,35.36738005574478,0
17820,31.91999473373634,0
17821,32.67374653380971,0
17822,32.465558014301166,0
17823,33.37980404603749,0
17824,33.43017585507364,0
17825,30.634376579243753,0
17826,32.7599977372479,0
17827,29.844355989653064,0
17828,33.104869920233234,0
17829,29.233146787925712,0
17830,30.392414076298778,0
17831,28.37618482059574,0
17832,28.70243544491329,0
17833,26.58956024356717,0
17834,26.830638108382328,0
17835,26.10163564200323,0
17836,25.584998129559832,0
17837,25.74434103267676,0
17838,24.015202190445436,0
17839,23.701014264644368,0
17840,22.344367689688863,0
17841,23.233869010591196,0
17842,22.67054737760988,0
17843,23.920650083523082,0
17844,23.664336165553806,0
17845,22.310637068530216,0
17846,23.60623700020744,0
17847,24.689538937632687,0
17848,23.452685455091693,0
17849,22.851430022157476,0
17850,26.92270212921017,0
17851,25.50387496222153,0
17852,26.197903032644614,0
17853,28.58817347071047,0
17854,25.899631397601883,0
17855,27.64691455013228,0
17856,26.095476736109617,0
17857,29.139550614768158,0
17858,29.68382457003022,0
17859,29.12290101845995,0
17860,29.64018928328245,0
17861,30.861401856224656,0
17862,31.298273444818417,0
17863,33.545835018285025,0
17864,32.079140020720835,0
17865,32.45425091836157,0
17866,32.64665802261553,0
17867,31.349259081528167,0
17868,32.50549670612427,0
17869,31.59664951630532,0
17870,32.949890034904264,0
17871,30.415822699003908,0
17872,31.19667754535672,0
17873,32.21442842862294,0
17874,29.424727901599773,0
17875,29.47555694970697,0
17876,31.488433529995472,0
17877,28.572208847651535,0
17878,29.277031369940687,0
17879,28.95240327377721,0
17880,26.92957419566987,0
17881,25.64785227850773,0
17882,28.226999590618558,0
17883,25.51967613041243,0
17884,26.009114143170414,0
17885,24.186749355261973,0
17886,24.820931983168094,0
17887,22.709861385213017,0
17888,22.284493126068483,0
17889,22.32448075087118,0
17890,22.532726770590582,0
17891,22.405060582736834,0
17892,22.660402333017554,0
17893,23.467692852768955,0
17894,22.62443112399923,0
17895,24.30763050808083,0
17896,22.99698273169922,0
17897,24.687738284551404,0
17898,25.768874029716887,0
17899,26.690529425680932,0
17900,23.500588082453387,0
17901,27.805482967251944,0
17902,24.929786516554472,0
17903,28.759509373434785,0
17904,27.978596544317735,0
17905,28.996280759667776,0
17906,28.338980125633352,0
17907,30.841558438505885,0
17908,31.1789876568572,0
17909,30.48177664996177,0
17910,30.910307948579067,0
17911,32.817128791606045,0
17912,33.3560376830385,0
17913,33.38155453043585,0
17914,32.44107045402681,0
17915,32.953339934279334,0
17916,33.932548829033735,0
17917,33.78872298302839,0
17918,33.95261591838491,0
17919,32.75533425670103,0
17920,31.619215871414934,0
17921,32.24988731573946,0
17922,31.982505922789763,0
17923,30.504936332931518,0
17924,30.94269371565312,0
17925,29.068703320776947,0
17926,29.5454307794025,0
17927,28.041216125438016,0
17928,30.11198149981342,0
17929,28.533336461500653,0
17930,26.96238839373389,0
17931,24.765863342301166,0
17932,24.264215098502007,0
17933,25.648751485852404,0
17934,24.30720804506543,0
17935,24.335413653978037,0
17936,22.086789732974957,0
17937,21.868527290940932,0
17938,23.279117097124136,0
17939,22.828038041835143,0
17940,21.660129736269692,0
17941,22.235809189299246,0
17942,23.948914950250327,0
17943,22.939140187308105,0
17944,24.23875854639137,0
17945,25.67981274852391,0
17946,24.795548799553398,0
17947,25.078467776612353,0
17948,24.89813652536654,0
17949,27.29820639574905,0
17950,25.254246406393015,0
17951,26.242133156731406,0
17952,27.97543366114967,0
17953,27.17226282299241,0
17954,30.26851096552372,0
17955,29.28179460084542,0
17956,31.022988203795045,0
17957,30.72767898495403,0
17958,31.27666990539659,0
17959,31.97385401338588,0
17960,30.359808575710666,0
17961,31.523836914461416,0
17962,32.34944099656386,0
17963,35.17160726710953,0
17964,33.80729693926865,0
17965,33.67404624443821,0
17966,31.78456702279392,0
17967,33.50523199455631,0
17968,33.56869979320035,0
17969,32.71228208289485,0
17970,34.153438269188,0
17971,29.688776869031322,0
17972,29.41656089007833,0
17973,29.64264455267054,0
17974,28.31107737411075,0
17975,28.696954589184354,0
17976,28.51307841411135,0
17977,27.326752581707726,0
17978,26.799260337130598,0
17979,26.484109726639886,0
17980,26.26688596959247,0
17981,24.287992325801785,0
17982,23.78689409186313,0
17983,25.217805143338172,0
17984,23.32177141633458,0
17985,22.53918541536103,0
17986,23.445353555278835,0
17987,22.68176575617741,0
17988,23.110012725956437,0
17989,22.96949007668049,0
17990,23.79295741222799,0
17991,24.285798726027895,0
17992,22.83062442965658,0
17993,22.808209048653048,0
17994,26.050784070373005,0
17995,24.260732978167304,0
17996,23.9380666722528,0
17997,24.178903887651426,0
17998,26.65874610946231,0
17999,26.692036835048345,0
18000,26.15735045639006,0
18001,27.693443099844913,0
18002,28.223010046279512,0
18003,30.89740122129538,0
18004,30.72252800192035,0
18005,31.01892525208122,0
18006,30.25140476461621,0
18007,31.772197818249307,0
18008,32.978634959912625,0
18009,32.764197049669804,0
18010,33.871400215592615,0
18011,33.02042992440818,0
18012,33.677516789686244,0
18013,33.39927669901298,0
18014,32.24759482594119,0
18015,33.941319089930644,0
18016,32.67675339989156,0
18017,32.77582025962889,0
18018,30.4557405942296,0
18019,29.942674685038345,0
18020,30.304641350745722,0
18021,29.092678135507505,0
18022,29.898039863320307,0
18023,29.046134846634047,0
18024,29.210295937011438,0
18025,27.920448733403624,0
18026,25.560828730964417,0
18027,27.019003662164867,0
18028,24.834475492659603,0
18029,24.206997945862767,0
18030,24.510851386264434,0
18031,24.008682195486898,0
18032,24.691056844771865,0
18033,26.191161820667947,0
18034,23.578116697651055,0
18035,24.4811972364927,0
18036,22.773068754994103,0
18037,23.36378276318489,0
18038,22.637555985586076,0
18039,22.942202931676558,0
18040,24.996710417882095,0
18041,24.470301657210676,0
18042,24.894354764963197,0
18043,24.14028247597767,0
18044,27.192037130757317,0
18045,25.893505361019585,0
18046,26.040395184282428,0
18047,27.312596047528938,0
18048,28.65757581661276,0
18049,29.385439221359295,0
18050,30.747193884058305,0
18051,28.838888223598968,0
18052,30.055250706685058,0
18053,32.58684417421017,0
18054,33.79086073359292,0
18055,31.324759338536644,0
18056,32.219596705421814,0
18057,31.062307243294836,0
18058,31.99333631559334,0
18059,32.060935143970966,0
18060,32.88312326017942,0
18061,31.754412488684533,0
18062,33.74477922956298,0
18063,32.54853441247509,0
18064,32.06389433040007,0
18065,32.87307900081732,0
18066,31.25590774939776,0
18067,29.792722523267873,0
18068,30.514298533465183,0
18069,32.06659134727499,0
18070,29.380917962403387,0
18071,29.162167043973945,0
18072,27.790833666223225,0
18073,27.115696118203715,0
18074,27.196814724564387,0
18075,23.434945893942515,0
18076,24.24998080961485,0
18077,24.349897311750922,0
18078,24.183413526723818,0
18079,25.470608728802322,0
18080,26.104846791790692,0
18081,23.997123974409114,0
18082,23.555048226654833,0
18083,23.71082709146817,0
18084,24.49057331255046,0
18085,22.04889834045191,0
18086,22.666953166442237,0
18087,23.522891431838342,0
18088,23.954368382698718,0
18089,22.12652868664473,0
18090,24.880468131207138,0
18091,23.35823762552429,0
18092,26.250806513096023,0
18093,26.91759953941838,0
18094,24.43735926907305,0
18095,27.835809591831616,0
18096,28.182556627750976,0
18097,28.022976614670636,0
18098,30.229565170341115,0
18099,31.897433545107873,0
18100,30.981710445518587,0
18101,29.939935235451784,0
18102,30.08374806266799,0
18103,30.786494343449547,0
18104,31.30125114721074,0
18105,33.72510396337799,0
18106,33.1020518767214,0
18107,32.915592614907425,0
18108,33.85559860169763,0
18109,32.960987400842754,0
18110,32.84953250507018,0
18111,31.765693584646932,0
18112,31.694251499324015,0
18113,31.98220744777915,0
18114,30.35498020030372,0
18115,32.68426447453145,0
18116,30.608103401856,0
18117,29.35137250660033,0
18118,30.251367960595044,0
18119,27.5821877456921,0
18120,29.039532487787557,0
18121,27.416662673737626,0
18122,28.566648147137048,0
18123,25.523313802234945,0
18124,25.088790409243657,0
18125,24.0992559688083,0
18126,23.20527851177784,0
18127,24.267473390188318,0
18128,22.598747288974327,0
18129,23.682550931969605,0
18130,22.516767883538293,0
18131,24.077249540683262,0
18132,20.439909138894595,0
18133,23.441288275128823,0
18134,23.200604397695624,0
18135,23.364521922571146,0
18136,23.021549189741624,0
18137,25.757674630117698,0
18138,24.037933260763822,0
18139,25.36287703149092,0
18140,25.220123744201654,0
18141,25.70969480637511,0
18142,26.77555758481873,0
18143,28.002325876663456,0
18144,26.86914866731752,0
18145,28.165312160342886,0
18146,27.871378086372896,0
18147,30.29169992649713,0
18148,29.630462234333155,0
18149,30.28194390750871,0
18150,32.165015034026496,0
18151,31.935316151047427,0
18152,32.71385397335632,0
18153,32.45955518741959,0
18154,33.217579417057074,0
18155,33.023790444541184,0
18156,31.868159496138656,0
18157,33.14845351938634,0
18158,32.466368261044856,0
18159,32.360058686540405,0
18160,32.58856984344068,0
18161,31.397698844361933,0
18162,30.458631098379097,0
18163,32.202697086584756,0
18164,32.31388435718227,0
18165,29.54946761358268,0
18166,30.417805030983835,0
18167,29.016428995440176,0
18168,27.33915018579066,0
18169,26.493671735836724,0
18170,26.405638418939716,0
18171,25.637838158585122,0
18172,25.14785168434662,0
18173,24.81198044210629,0
18174,23.316334887674984,0
18175,24.874612664328602,0
18176,22.522650991401434,0
18177,22.294066608305357,0
18178,24.07111731534776,0
18179,23.78054393434298,0
18180,24.43038448923825,0
18181,23.158022782886306,0
18182,22.507802487682575,0
18183,24.502491816339514,0
18184,23.55433322487116,0
18185,23.888875509838417,0
18186,23.59857232162947,0
18187,25.337733162599815,0
18188,23.119497087752936,0
18189,26.590965726095913,0
18190,24.68867346001079,0
18191,28.19768043453877,0
18192,26.42626260253224,0
18193,29.311101652055136,0
18194,31.74089943421297,0
18195,29.615423047940556,0
18196,29.315376546987114,0
18197,32.96324878247129,0
18198,31.074640869991942,0
18199,30.83457129421639,0
18200,33.56276616637713,0
18201,29.75895112079031,0
18202,31.327975856133982,0
18203,31.62289122167774,0
18204,32.285623956753525,0
18205,30.914323352992007,0
18206,33.63130002410368,0
18207,33.62092855140397,0
18208,32.253574297621576,0
18209,31.532461781735122,0
18210,29.952240280126286,0
18211,31.49074711872077,0
18212,29.778916702611763,0
18213,30.50774592912752,0
18214,30.292693145965085,0
18215,28.678140869638725,0
18216,25.866686145913278,0
18217,26.390534836020876,0
18218,28.049860384154467,0
18219,26.341467762761383,0
18220,26.900329057569984,0
18221,22.701796607220484,0
18222,24.332188499149368,0
18223,23.837671916239835,0
18224,22.025656294276686,0
18225,22.716781423159635,0
18226,24.128920094565835,0
18227,23.565043379449772,0
18228,22.44559539175625,0
18229,23.35020926059788,0
18230,24.343568460254353,0
18231,22.282438958358743,0
18232,23.94410061661044,0
18233,25.0586134675165,0
18234,23.757255331312578,0
18235,26.24025666284617,0
18236,25.392022113002994,0
18237,27.17858330986424,0
18238,27.612059996135155,0
18239,27.594479362906224,0
18240,27.69122084483408,0
18241,27.979979523366215,0
18242,29.447316649859566,0
18243,30.107741692387226,0
18244,31.887994376236215,0
18245,30.941588375292614,0
18246,31.872654544800366,0
18247,33.63667307621527,0
18248,32.63832143497929,0
18249,33.06123867300897,0
18250,34.42357032758616,0
18251,33.03357067514048,0
18252,33.38458186550983,0
18253,33.698005227566476,0
18254,32.69767505094005,0
18255,31.49117026804726,0
18256,30.852421644604814,0
18257,31.74938643602372,0
18258,32.64552225959641,0
18259,32.02488119326389,0
18260,32.11486451052288,0
18261,30.804814917223627,0
18262,28.6307467882968,0
18263,27.18273607784898,0
18264,27.46877934667929,0
18265,27.067331698807973,0
18266,25.9481773492573,0
18267,26.99361057939542,0
18268,24.69269625326152,0
18269,25.521252706856608,0
18270,25.231050135367898,0
18271,22.27800494929638,0
18272,23.231637163082656,0
18273,24.621179190331183,0
18274,23.99852741255274,0
18275,23.14915520626965,0
18276,21.877064718443457,0
18277,22.32492065025024,0
18278,23.241968430909985,0
18279,24.62582975592203,0
18280,24.146731189693654,0
18281,23.930549628126553,0
18282,24.68205925513926,0
18283,25.718143850364505,0
18284,23.731658044313374,0
18285,25.080857280746816,0
18286,26.72052001197285,0
18287,28.539783266821782,0
18288,29.062570120588514,0
18289,27.856763637728744,0
18290,29.301675080033295,0
18291,29.15612926020199,0
18292,30.092689043810747,0
18293,31.170743961231338,0
18294,31.15648537068943,0
18295,31.39137133178521,0
18296,31.148458926946955,0
18297,31.01784798555655,0
18298,32.619301419753626,0
18299,33.130574770015194,0
18300,33.59836468605644,0
18301,32.12171011472296,0
18302,32.0885347487303,0
18303,33.86170132394494,0
18304,32.72653942940934,0
18305,32.83141463970737,0
18306,30.9486890571838,0
18307,30.31061441683192,0
18308,29.330926350355316,0
18309,30.883525196245994,0
18310,28.14050194618686,0
18311,26.905038493981277,0
18312,27.232972581515664,0
18313,28.591385712207547,0
18314,26.713782543033698,0
18315,26.3005187714128,0
18316,25.596730979734236,0
18317,24.890932360035816,0
18318,24.27747453254794,0
18319,22.61305770288898,0
18320,25.31034068772945,0
18321,23.208539866424562,0
18322,24.36055793429307,0
18323,21.463496397365862,0
18324,23.520128064803103,0
18325,21.844982518858295,0
18326,21.86090705155568,0
18327,23.626158877508075,0
18328,24.67800000632374,0
18329,25.37767728611897,0
18330,25.7722540605253,0
18331,24.66502896421398,0
18332,26.26287263243955,0
18333,25.469852322855683,0
18334,26.146582730481406,0
18335,27.570284618694526,0
18336,27.862176130462945,0
18337,29.479365394951614,0
18338,27.446498804613768,0
18339,31.026968660617676,0
18340,29.90015067057726,0
18341,32.49750751282867,0
18342,32.6572804264376,0
18343,30.798842287956784,0
18344,32.26116311041606,0
18345,33.27671105802211,0
18346,32.02073244592643,0
18347,32.19946016202975,0
18348,32.677747184368464,0
18349,33.681865106158526,0
18350,33.716645894625756,0
18351,32.18075547123689,0
18352,33.13833654255903,0
18353,33.41786922280342,0
18354,32.435368567474725,0
18355,30.297049076506323,0
18356,29.645381979671903,0
18357,30.181323009894005,0
18358,30.096314563398888,0
18359,29.06400117825058,0
18360,27.601106918567638,0
18361,26.407854585231185,0
18362,27.95489367713852,0
18363,25.92358120850327,0
18364,27.342534850401865,0
18365,23.801167289050408,0
18366,24.121565351249092,0
18367,23.381977415840534,0
18368,25.490903378145628,0
18369,24.598601441082543,0
18370,22.666467379945193,0
18371,21.113808691239456,0
18372,24.13534631697486,0
18373,23.16191560219492,0
18374,22.038246426330677,0
18375,21.876655301754383,0
18376,24.058056213874064,0
18377,23.819190566483346,0
18378,24.598496566882424,0
18379,25.339852697518868,0
18380,25.122974608660407,0
18381,25.806590915126,0
18382,27.353230779128744,0
18383,27.229555657636435,0
18384,27.716136498643486,0
18385,29.280308633523948,0
18386,27.321068810880984,0
18387,31.140755948435363,0
18388,30.93535015563912,0
18389,30.27708061883525,0
18390,31.353912092870218,0
18391,33.181131876969,0
18392,32.87410614010147,0
18393,30.84675110310472,0
18394,31.816182075323866,0
18395,33.133944974766614,0
18396,34.76868249963286,0
18397,33.71190359419492,0
18398,32.62976710534871,0
18399,33.190526141322955,0
18400,32.3431862220466,0
18401,31.663840886516113,0
18402,31.911905989734546,0
18403,28.919334578219384,0
18404,31.50158286299437,0
18405,30.444653705188923,0
18406,28.855997687357974,0
18407,27.802619037317886,0
18408,26.801615715658073,0
18409,27.616631857343194,0
18410,26.852473621262444,0
18411,26.26125727116899,0
18412,27.197541708351505,0
18413,22.771769839598097,0
18414,23.748979277200487,0
18415,23.265522797317434,0
18416,24.609688649513824,0
18417,23.131127154175267,0
18418,22.235129551449567,0
18419,23.248882121356782,0
18420,23.402903867756592,0
18421,24.641638955203184,0
18422,23.422889539614214,0
18423,22.944621228668574,0
18424,23.17165613923515,0
18425,23.22757349432448,0
18426,24.94908516817643,0
18427,25.767184336957175,0
18428,25.275826008063877,0
18429,25.95283814917053,0
18430,28.07399748199804,0
18431,27.447799219854115,0
18432,28.494679235331855,0
18433,27.576966566037953,0
18434,28.694414681696195,0
18435,27.794933734245955,0
18436,29.14470697902842,0
18437,31.409520533089793,0
18438,32.77252166947128,0
18439,31.702581748131017,0
18440,31.147002974709554,0
18441,32.7122206078227,0
18442,33.965287797907735,0
18443,32.79580281576826,0
18444,33.912273167628456,0
18445,32.89541077454094,0
18446,31.60933217448913,0
18447,31.720899467113757,0
18448,32.07700786131437,0
18449,34.23048001912425,0
18450,32.11639094431815,0
18451,30.808522535363565,0
18452,30.788925617078633,0
18453,30.125412515593364,0
18454,28.856172742052138,0
18455,28.549551845545757,0
18456,27.748941957488654,0
18457,28.084547605350817,0
18458,28.254035421171675,0
18459,27.404866104627718,0
18460,25.185565236377148,0
18461,25.506716726840843,0
18462,23.747662270641626,0
18463,22.95136589541612,0
18464,23.74674875510471,0
18465,23.9863470630716,0
18466,23.110124986780697,0
18467,23.86574707871764,0
18468,23.823400811610306,0
18469,23.795824522821256,0
18470,23.019783074746215,0
18471,22.03356079936087,0
18472,25.458202344882725,0
18473,23.563229287021098,0
18474,25.192912169654274,0
18475,25.44078452707403,0
18476,25.15880102714244,0
18477,27.900367220775586,0
18478,27.376920600457098,0
18479,27.336369879169773,0
18480,27.588899731041053,0
18481,27.695990827144108,0
18482,28.04202164434378,0
18483,30.482183355704844,0
18484,30.065754730484297,0
18485,30.59735862648333,0
18486,32.03880038619468,0
18487,31.624672738046225,0
18488,32.97820603922998,0
18489,31.98791767994713,0
18490,32.31759730661412,0
18491,33.86878071303442,0
18492,32.32793851836229,0
18493,33.56456708348131,0
18494,33.33289160646894,0
18495,32.6294334263723,0
18496,30.694811565796886,0
18497,30.6726965554381,0
18498,30.454623333462898,0
18499,29.772023641627335,0
18500,31.354937652821206,0
18501,29.05389266085773,0
18502,28.06857527560367,0
18503,28.152764071230145,0
18504,27.90494961037794,0
18505,25.698691184869602,0
18506,27.30478388871559,0
18507,26.801954175808433,0
18508,24.911873750644602,0
18509,25.755105229018795,0
18510,22.928853707917437,0
18511,23.488108496402205,0
18512,23.508375860077273,0
18513,23.449951929132325,0
18514,24.30425967567127,0
18515,22.717004903160248,0
18516,22.002381408766247,0
18517,23.254498034847387,0
18518,23.323199498779257,0
18519,23.821798794191103,0
18520,23.34005141795378,0
18521,24.202886742820557,0
18522,23.900915444017613,0
18523,25.510643786291464,0
18524,24.84681234539718,0
18525,25.474424666991208,0
18526,27.854669946050322,0
18527,26.596677910422535,0
18528,28.00237020460011,0
18529,29.210751976941033,0
18530,28.97962832112932,0
18531,30.80312818582378,0
18532,29.926896011653387,0
18533,32.047687204731616,0
18534,30.00037624696654,0
18535,30.6335673670619,0
18536,32.394257325898224,0
18537,34.02495530206257,0
18538,34.414848147437304,0
18539,32.10967085613377,0
18540,32.96888389931754,0
18541,32.47141841902427,0
18542,30.719578245559003,0
18543,33.330039831565216,0
18544,31.95867121274095,0
18545,33.31238295519129,0
18546,31.80734223195794,0
18547,30.51902746106942,0
18548,29.81774319968738,0
18549,29.726089684063076,0
18550,29.738981822624822,0
18551,28.168563852920418,0
18552,30.75670428665958,0
18553,27.549921037888964,0
18554,25.58599147681479,0
18555,26.16396912417382,0
18556,26.624110269412157,0
18557,25.376548659889213,0
18558,24.136667491421278,0
18559,23.378919767569126,0
18560,22.891004100618755,0
18561,22.213635387596312,0
18562,22.661099062170216,0
18563,23.29893758361493,0
18564,22.441392428197563,0
18565,24.640917385825258,0
18566,23.539365088451593,0
18567,22.942323477770056,0
18568,23.635537711641554,0
18569,25.473560040040155,0
18570,22.78618876151174,0
18571,25.18721860514714,0
18572,28.133010599253915,0
18573,27.069987465919816,0
18574,25.81396549830039,0
18575,27.468039181492845,0
18576,27.76624780129042,0
18577,31.388524479906962,0
18578,28.630920321560914,0
18579,29.643020719703504,0
18580,30.17262660082533,0
18581,29.640035315705866,0
18582,28.287465060573957,0
18583,31.730823156103565,0
18584,32.834306432580355,0
18585,32.19116331232442,0
18586,33.31386523181764,0
18587,33.69567263445263,0
18588,33.68450516199239,0
18589,31.28434155448391,0
18590,34.31170032138184,0
18591,33.46268015295146,0
18592,33.11809839033586,0
18593,31.974403621542812,0
18594,31.53033258676536,0
18595,30.508040669497262,0
18596,30.911241307929323,0
18597,30.819997398992903,0
18598,28.730320885834335,0
18599,29.455815227463084,0
18600,27.539244951115805,0
18601,27.92915669515695,0
18602,26.560863854907105,0
18603,26.93062089492127,0
18604,27.395748538603623,0
18605,25.177562480145287,0
18606,23.978691324071303,0
18607,23.611426899280765,0
18608,24.28194276525299,0
18609,22.89198824508609,0
18610,24.132842260748046,0
18611,23.33476243629545,0
18612,23.890406461316704,0
18613,22.49857302220912,0
18614,22.22784058686835,0
18615,22.646905445370983,0
18616,24.060952964222487,0
18617,23.259546237061514,0
18618,25.14832753870133,0
18619,22.930634862607036,0
18620,24.844289815879105,0
18621,25.92481013615857,0
18622,24.90591208816137,0
18623,26.745956756498476,0
18624,26.526297888443782,0
18625,28.583933879033104,0
18626,29.05690337853136,0
18627,30.645558510621893,0
18628,29.672671180470648,0
18629,29.440586115089868,0
18630,31.00093135650515,0
18631,32.096425528448954,0
18632,32.42476202847979,0
18633,32.787199298994906,0
18634,34.03371470814152,0
18635,32.60929211429501,0
18636,32.793857126917395,0
18637,32.12745591708674,0
18638,32.24866597489792,0
18639,33.65097577663433,0
18640,32.68949419075595,0
18641,29.394220377182062,0
18642,32.72783219188349,0
18643,29.086366270050892,0
18644,30.099373556071583,0
18645,30.875185002784963,0
18646,29.42723312294574,0
18647,29.207374358562415,0
18648,28.860698662082896,0
18649,27.646536673052694,0
18650,25.472804701643998,0
18651,26.455506013083987,0
18652,24.818442383324722,0
18653,22.58009972153272,0
18654,24.182454469480092,0
18655,24.57965250958418,0
18656,23.793964331113152,0
18657,23.39507588048031,0
18658,24.889340034004054,0
18659,23.318103173523138,0
18660,23.90740266547565,0
18661,23.37315832585425,0
18662,24.7987834242748,0
18663,23.025074405323437,0
18664,24.84025153834334,0
18665,25.835730073390927,0
18666,24.105414613828785,0
18667,25.99711226175942,0
18668,24.17425921826385,0
18669,26.40847780910771,0
18670,27.441808328032415,0
18671,26.539525609056867,0
18672,26.243783248679776,0
18673,28.71304074045526,0
18674,28.983232580910652,0
18675,30.10944088816896,0
18676,30.802433543664176,0
18677,31.879019693927443,0
18678,33.090891300756404,0
18679,32.40805133467655,0
18680,30.838044026061834,0
18681,33.29916162195921,0
18682,33.230605373608185,0
18683,33.11869077712936,0
18684,34.5795188388417,0
18685,33.23678481757964,0
18686,32.49697009793381,0
18687,33.097531677272954,0
18688,30.77488079673019,0
18689,32.9312809585923,0
18690,31.617707619627172,0
18691,32.731505537407685,0
18692,31.19850563329286,0
18693,30.30728599377139,0
18694,29.503353234171207,0
18695,27.513407069305487,0
18696,27.947098419026847,0
18697,27.66789991699729,0
18698,27.703467802275892,0
18699,26.539915726671616,0
18700,26.2131322975093,0
18701,25.661836084662813,0
18702,23.9747689259438,0
18703,24.363072599266847,0
18704,23.48818002602451,0
18705,22.17867502468066,0
18706,21.714445568583844,0
18707,23.88997922427555,0
18708,24.445734558839515,0
18709,24.476648690643884,0
18710,22.36789406012784,0
18711,24.89258246107882,0
18712,25.239965857834264,0
18713,23.319971166662015,0
18714,24.97962719734168,0
18715,26.674446991591566,0
18716,25.62734839115528,0
18717,27.28968195951705,0
18718,26.132690148614557,0
18719,27.051587189088085,0
18720,28.90280356526827,0
18721,28.52854217746927,0
18722,29.458122310812865,0
18723,30.044042787430254,0
18724,29.531372772605287,0
18725,32.55209377099,0
18726,31.44041969361875,0
18727,31.68261916899888,0
18728,31.92955990302092,0
18729,32.721608587671504,0
18730,31.95123992937663,0
18731,33.84881688002299,0
18732,32.70320998116396,0
18733,33.77506583182291,0
18734,32.004755037184054,0
18735,31.654520173803633,0
18736,31.4610522230573,0
18737,32.23006203680209,0
18738,30.27152790417946,0
18739,31.908993978440073,0
18740,30.21125634627872,0
18741,30.832684298902848,0
18742,28.953649142743107,0
18743,29.48724301374777,0
18744,27.023799530884286,0
18745,26.29955291075781,0
18746,27.324014346173055,0
18747,25.577727870117695,0
18748,26.576579446333817,0
18749,24.305886349150075,0
18750,25.00015273226361,0
18751,23.258762734416667,0
18752,21.98676843869139,0
18753,24.82317171404841,0
18754,22.996300193477136,0
18755,24.0301173366008,0
18756,23.2054333720031,0
18757,21.383433820931764,0
18758,23.589558193762684,0
18759,24.47569786308778,0
18760,24.972268097083024,0
18761,25.67719315871255,0
18762,24.879141709465472,0
18763,24.882949459683243,0
18764,25.596939252564912,0
18765,24.96681906887563,0
18766,27.458352009059066,0
18767,28.08830631727494,0
18768,28.3706900212214,0
18769,27.91673014659734,0
18770,29.955278088368924,0
18771,29.396289217128164,0
18772,31.755358017992137,0
18773,30.47042974346437,0
18774,31.040623852058854,0
18775,31.676055712460588,0
18776,31.33767201729961,0
18777,31.759938939452837,0
18778,32.574190709825906,0
18779,30.55329785868223,0
18780,34.99554976133699,0
18781,33.34752176874828,0
18782,33.13913556834944,0
18783,31.770287391207603,0
18784,32.53994185673794,0
18785,31.978389393196583,0
18786,31.65097440046437,0
18787,29.601567235964175,0
18788,30.402734376870832,0
18789,28.065672024462746,0
18790,29.11581872012326,0
18791,27.79286284965731,0
18792,27.415945976145924,0
18793,27.042527564268592,0
18794,27.552122109521658,0
18795,27.308640861074178,0
18796,25.544759032097804,0
18797,23.90620474586197,0
18798,25.948136748200053,0
18799,22.659262156625772,0
18800,23.138173365452392,0
18801,23.18175637809483,0
18802,22.45348128353557,0
18803,24.373676649569802,0
18804,23.410647346417573,0
18805,24.12014990340841,0
18806,22.88846253256702,0
18807,24.252043248931653,0
18808,23.53028059340301,0
18809,23.898730991651856,0
18810,24.770811154517062,0
18811,25.35336507812887,0
18812,26.075282491284653,0
18813,25.884332094022827,0
18814,25.229073125905032,0
18815,27.04065814676854,0
18816,25.352537996116464,0
18817,28.37541107460628,0
18818,28.494878640677,0
18819,30.731202378120894,0
18820,27.819870817197884,0
18821,33.03177453823131,0
18822,31.199782982224015,0
18823,30.391415052594912,0
18824,32.75279099596129,0
18825,33.105660352521106,0
18826,33.25394368293731,0
18827,35.11892301082533,0
18828,32.179222124532174,0
18829,33.25066574177928,0
18830,32.97988099594609,0
18831,31.946432170627595,0
18832,32.61939694163344,0
18833,33.216583217699565,0
18834,30.693337967057392,0
18835,31.491619378863703,0
18836,31.49889228410327,0
18837,30.5619383822839,0
18838,27.710760953257427,0
18839,28.93444295536761,0
18840,27.618063922584184,0
18841,28.563546277428088,0
18842,26.581729395030965,0
18843,28.03395293916585,0
18844,24.279852004864324,0
18845,25.4530997499046,0
18846,23.59804705572265,0
18847,25.792978163182653,0
18848,25.2287801276969,0
18849,22.465932943583404,0
18850,23.919072154761086,0
18851,23.002782967645306,0
18852,21.391383192461593,0
18853,22.00943659268148,0
18854,23.269944721091907,0
18855,23.893430881250495,0
18856,23.29975976154275,0
18857,24.326510455169018,0
18858,24.776456863168498,0
18859,25.242519289037944,0
18860,24.327334470678707,0
18861,26.224646089247177,0
18862,27.23492715733651,0
18863,25.869770714652514,0
18864,29.527942741654687,0
18865,30.09983327632593,0
18866,29.456894900879497,0
18867,31.98603401744337,0
18868,29.70527033279604,0
18869,30.108112340011456,0
18870,30.919234184074462,0
18871,31.25897648300755,0
18872,34.16224148918913,0
18873,32.66963199179553,0
18874,32.77554747807595,0
18875,33.32093300024321,0
18876,34.57960379844061,0
18877,33.12666828165445,0
18878,32.45858908738529,0
18879,32.89164220068548,0
18880,33.58153051537119,0
18881,31.768986540262336,0
18882,32.938881560601295,0
18883,31.35086208245603,0
18884,30.32867451293695,0
18885,30.405375232628558,0
18886,31.256189868655504,0
18887,28.415103762544025,0
18888,29.36868768009581,0
18889,27.9111081539024,0
18890,26.866674279455623,0
18891,26.1417096691853,0
18892,26.316955847335095,0
18893,25.570534001609126,0
18894,24.837559630940948,0
18895,24.68983046023814,0
18896,22.82262397882076,0
18897,22.73997666676079,0
18898,22.186026697590826,0
18899,22.70696480662827,0
18900,22.79654576342214,0
18901,22.683575280457323,0
18902,23.703320181122933,0
18903,22.449690301631932,0
18904,23.43507195391301,0
18905,24.89463192270073,0
18906,26.133974001499507,0
18907,25.014337974410534,0
18908,26.691282222506675,0
18909,27.44651349018249,0
18910,25.70703025663227,0
18911,27.591719397485903,0
18912,26.971108360474584,0
18913,28.27469305580122,0
18914,29.701302156419505,0
18915,28.668419549611933,0
18916,31.030084889382216,0
18917,30.910639441263235,0
18918,31.3016222593583,0
18919,32.499301788626724,0
18920,31.523523612505198,0
18921,30.95412023314669,0
18922,32.86198574461053,0
18923,32.25129472536279,0
18924,32.80755229136625,0
18925,31.876026532886748,0
18926,31.908319652556106,0
18927,31.608049583374275,0
18928,31.070346112274045,0
18929,31.165419268150497,0
18930,30.763073872076205,0
18931,31.069770737970355,0
18932,33.61353117265893,0
18933,29.30365263529046,0
18934,27.728582575643,0
18935,29.21920364767047,0
18936,26.783317559327443,0
18937,26.46628739583897,0
18938,26.363608289613346,0
18939,26.122166065602592,0
18940,25.56300313403947,0
18941,25.188808182990023,0
18942,24.341662223463498,0
18943,25.11300671343165,0
18944,24.486519995566198,0
18945,22.838201726449803,0
18946,22.950956287507264,0
18947,21.702812811098443,0
18948,23.63843275780633,0
18949,22.829563996093665,0
18950,25.029254133985166,0
18951,22.703577850168756,0
18952,25.14747395495693,0
18953,23.120929422422385,0
18954,22.803167664620887,0
18955,24.103301431679817,0
18956,25.82303725223872,0
18957,27.071337431636184,0
18958,25.835212843864195,0
18959,28.2823237645677,0
18960,27.474468061570388,0
18961,28.13543216888406,0
18962,28.984596830308455,0
18963,31.51713882046439,0
18964,30.663420653946762,0
18965,31.32793336669429,0
18966,30.04107078060988,0
18967,32.11402818740676,0
18968,32.587526911767306,0
18969,34.20111675117832,0
18970,31.961735016663802,0
18971,32.24988173523367,0
18972,32.08481623640671,0
18973,32.30332535442392,0
18974,33.4694066094264,0
18975,31.822144120219978,0
18976,33.56111144614688,0
18977,31.980810708484157,0
18978,30.623828454223236,0
18979,30.38701858425534,0
18980,29.136922538956142,0
18981,28.473260830396747,0
18982,30.399657491702673,0
18983,29.492199546140135,0
18984,27.01684620895291,0
18985,26.883318797989272,0
18986,28.252435361740993,0
18987,25.353081132752592,0
18988,25.692812782159503,0
18989,25.428137095596224,0
18990,24.243519207958894,0
18991,23.823093244694896,0
18992,23.312640357654864,0
18993,23.469399252059947,0
18994,21.61378340738315,0
18995,23.061435027544086,0
18996,23.149218898323873,0
18997,21.716369369344424,0
18998,23.58271767761028,0
18999,22.4388058096661,0
19000,21.071170653718276,0
19001,22.10403880667336,0
19002,24.526908561685527,0
19003,25.473122521672995,0
19004,25.047817669355922,0
19005,24.629559931345526,0
19006,26.512471309942324,0
19007,28.210144417180054,0
19008,27.91930618492813,0
19009,27.17635822349567,0
19010,29.714924107891626,0
19011,29.679745635487798,0
19012,30.29218756406524,0
19013,31.065853869327945,0
19014,32.04681282226553,0
19015,31.822158527913626,0
19016,31.348943032534496,0
19017,32.47230763690929,0
19018,32.92135680757357,0
19019,34.07348859230234,0
19020,31.761512652509946,0
19021,32.78186418584223,0
19022,31.931766079588133,0
19023,32.84287504374145,0
19024,31.75589064035765,0
19025,28.912373637743404,0
19026,32.42753402314349,0
19027,30.354224602757547,0
19028,29.389148575357265,0
19029,28.3962179172136,0
19030,28.206436117771855,0
19031,27.3413376213738,0
19032,27.81562040336761,0
19033,27.447053180442804,0
19034,26.586967418776197,0
19035,26.39459168665483,0
19036,24.642822329270864,0
19037,25.50401303205526,0
19038,24.319446059016318,0
19039,24.424700639909616,0
19040,24.228669547210284,0
19041,22.97799712245662,0
19042,24.341406927302923,0
19043,23.782649351529273,0
19044,22.558047479444937,0
19045,24.72246328888365,0
19046,24.758176706001354,0
19047,21.837800632158917,0
19048,21.431137230241987,0
19049,23.387512246363475,0
19050,24.879945061754498,0
19051,25.83190701139364,0
19052,26.110298241290476,0
19053,26.035750346213483,0
19054,27.614726552004615,0
19055,28.00783493340342,0
19056,27.535675213186643,0
19057,28.797193157153032,0
19058,30.29908034318574,0
19059,29.255655354108942,0
19060,29.853096229983556,0
19061,30.194173720721132,0
19062,32.93003288992983,0
19063,32.59058572436327,0
19064,33.12320257651548,0
19065,32.225139860751085,0
19066,32.77224843643926,0
19067,34.11284468137443,0
19068,32.69812540621027,0
19069,34.08301046341382,0
19070,32.78112205336387,0
19071,32.56839233373929,0
19072,32.84248219562072,0
19073,32.77649674125345,0
19074,33.22049572920757,0
19075,30.67949274376578,0
19076,32.11961468022504,0
19077,29.1463511976496,0
19078,28.431041713806906,0
19079,26.44783984421541,0
19080,28.795632941603735,0
19081,28.766415218699898,0
19082,25.513427720709267,0
19083,25.747313119692627,0
19084,25.22587504721799,0
19085,23.417848816811524,0
19086,24.510039742416204,0
19087,24.30300756883529,0
19088,23.15964089176376,0
19089,22.3646273216648,0
19090,23.279239764530544,0
19091,23.602263564943087,0
19092,21.600468999293668,0
19093,22.924537352699957,0
19094,23.695954746296344,0
19095,20.62696163562485,0
19096,23.96423399790365,0
19097,25.68856745421459,0
19098,23.19245889951733,0
19099,26.21128287328225,0
19100,25.193374625203166,0
19101,26.657580814987238,0
19102,26.531221024500557,0
19103,26.214220617529644,0
19104,26.310519575051238,0
19105,30.962412954639376,0
19106,27.97013723323616,0
19107,29.631044937348065,0
19108,31.874681698363013,0
19109,31.323201285493795,0
19110,31.689247204138514,0
19111,29.984379076996113,0
19112,31.710013538303567,0
19113,31.3034788044063,0
19114,31.061814997251382,0
19115,33.29581826767815,0
19116,33.79579537261954,0
19117,32.18923502973121,0
19118,32.17908426838602,0
19119,33.02463187194753,0
19120,33.17475112219399,0
19121,30.91986782423873,0
19122,32.66420865280001,0
19123,31.944831780806712,0
19124,30.489434406941616,0
19125,28.812621473288722,0
19126,29.833665975674684,0
19127,29.312868680811498,0
19128,29.704926928442575,0
19129,26.745574364348013,0
19130,28.241114766776292,0
19131,25.727129667214932,0
19132,26.001665139363276,0
19133,24.83190867122096,0
19134,24.53238403528128,0
19135,25.456108072868265,0
19136,22.987138202172865,0
19137,24.178311737360072,0
19138,22.893923784767207,0
19139,22.993567069902035,0
19140,22.28502948373183,0
19141,23.224824657373205,0
19142,21.203149423815276,0
19143,23.113435468850156,0
19144,24.64798303668619,0
19145,24.844558859174043,0
19146,22.860787082305254,0
19147,23.844427986838728,0
19148,25.082536203121656,0
19149,27.911026453076328,0
19150,26.27478117490335,0
19151,27.3265973954545,0
19152,27.747602536885072,0
19153,28.93949795337357,0
19154,28.38943110359467,0
19155,30.156496614916502,0
19156,30.95642557708756,0
19157,32.057212193222,0
19158,30.65993531343193,0
19159,32.84306603019246,0
19160,34.20948285376654,0
19161,33.386152534266365,0
19162,33.49401033087077,0
19163,30.547322561480378,0
19164,34.30774500987958,0
19165,34.83371012183808,0
19166,34.022596498736675,0
19167,33.11031641338971,0
19168,33.140342765743256,0
19169,34.9166209375004,0
19170,30.82832464323042,0
19171,30.64026143040774,0
19172,31.579109514249065,0
19173,30.16000549355301,0
19174,27.158589123086916,0
19175,28.867409113546874,0
19176,28.33691233127711,0
19177,26.42100336910603,0
19178,27.07513349987875,0
19179,26.323899669198646,0
19180,23.71695470412032,0
19181,25.45985769527099,0
19182,26.583655247130768,0
19183,25.75390627403398,0
19184,22.545634328822718,0
19185,22.06887853156201,0
19186,23.224138117694853,0
19187,23.315236744254673,0
19188,21.670895685987947,0
19189,22.30427681683053,0
19190,24.510203057223393,0
19191,23.616132257602672,0
19192,24.691700937422915,0
19193,23.99607896815678,0
19194,25.475336925836096,0
19195,24.425485459804985,0
19196,24.981079059732004,0
19197,25.13993899262232,0
19198,24.799039684476437,0
19199,26.947915588373007,0
19200,26.649547164000886,0
19201,28.180641212788426,0
19202,29.428132518790132,0
19203,30.076781823375438,0
19204,30.881212962422182,0
19205,30.64422018238327,0
19206,31.469344118534973,0
19207,33.104233840382385,0
19208,32.16764021705707,0
19209,32.63693222472546,0
19210,30.389365122200996,0
19211,31.851423804950837,0
19212,34.0759919133862,0
19213,32.086723414562066,0
19214,31.748772717097005,0
19215,33.567983593050194,0
19216,31.0991692616951,0
19217,32.93758163001539,0
19218,31.422761857683856,0
19219,30.40631630811963,0
19220,28.448248986755,0
19221,31.216476364078027,0
19222,27.471761795963037,0
19223,27.412028040579138,0
19224,28.765823805021775,0
19225,26.095118533850435,0
19226,27.19280688918199,0
19227,26.031341638600654,0
19228,25.210910077678847,0
19229,23.88428531236918,0
19230,23.787468017227688,0
19231,24.28718386161548,0
19232,22.673145692037266,0
19233,23.988796063221265,0
19234,23.388337490418667,0
19235,23.561537805660425,0
19236,23.20980909969014,0
19237,23.582423512020267,0
19238,23.528507738644294,0
19239,24.18194644820438,0
19240,24.024661287398484,0
19241,24.333401404738254,0
19242,23.531098840264306,0
19243,23.217985303620843,0
19244,25.529564575642166,0
19245,27.019574421376984,0
19246,25.75948031351155,0
19247,25.745031638459874,0
19248,27.434082358740607,0
19249,28.98902925034156,0
19250,30.12261786998764,0
19251,29.571120381512166,0
19252,29.306597563367493,0
19253,30.960664473170986,0
19254,32.18990913967276,0
19255,31.891671548389986,0
19256,33.31425993723743,0
19257,32.09610210947941,0
19258,33.67403703074829,0
19259,34.56381339126543,0
19260,31.987479642279926,0
19261,32.07083088130711,0
19262,33.45388384506649,0
19263,35.701911518514954,0
19264,32.81261034018252,0
19265,31.918666855517923,0
19266,32.81618130073712,0
19267,30.90973898887676,0
19268,28.869522502317782,0
19269,28.942711093172566,0
19270,30.614891493623478,0
19271,26.957244637890412,0
19272,26.5622340243102,0
19273,28.141593327797736,0
19274,26.832334267942155,0
19275,27.268701192135573,0
19276,24.424248677901982,0
19277,24.203528542453014,0
19278,24.097353498112327,0
19279,22.78111842784139,0
19280,23.416046330122345,0
19281,23.188726958598885,0
19282,24.01081872418029,0
19283,22.934655597886934,0
19284,22.580053061277646,0
19285,23.513903498057505,0
19286,24.251446228239736,0
19287,24.394548983539778,0
19288,23.924510844134737,0
19289,23.63338395271235,0
19290,23.972305168258195,0
19291,23.632899916472176,0
19292,25.546346217722125,0
19293,26.04090683405462,0
19294,28.32512219902773,0
19295,27.542909165340983,0
19296,28.722204628107736,0
19297,29.934373959884542,0
19298,27.411116427359495,0
19299,29.248882975187794,0
19300,30.243724211277673,0
19301,31.1420410647225,0
19302,30.38407503223994,0
19303,32.80059943929939,0
19304,33.210464048167225,0
19305,33.09874282014481,0
19306,33.48670282734906,0
19307,31.84208531077881,0
19308,34.110710477781836,0
19309,32.32691709065453,0
19310,30.928679335621478,0
19311,32.72165296097016,0
19312,32.73031713722442,0
19313,31.26438476708154,0
19314,29.86323842633811,0
19315,29.87619785691205,0
19316,30.327350343374956,0
19317,27.362707406990133,0
19318,30.296090636318517,0
19319,29.6283359566265,0
19320,27.79922162575407,0
19321,28.380823664742426,0
19322,26.520309611596833,0
19323,24.933095091084702,0
19324,26.108689820581453,0
19325,25.493325542255764,0
19326,23.51825316912632,0
19327,22.605349764791097,0
19328,22.66791334423292,0
19329,24.523561265381804,0
19330,22.845141727384398,0
19331,25.822880992340224,0
19332,22.3223394531076,0
19333,23.62374354329326,0
19334,23.46903714012556,0
19335,23.13542938658901,0
19336,24.481043190584607,0
19337,23.156338423976226,0
19338,24.386853206685387,0
19339,23.763327580112783,0
19340,23.300199406574627,0
19341,26.133270753842034,0
19342,25.541398762675083,0
19343,26.026223362552912,0
19344,28.55807226199807,0
19345,28.467867976661793,0
19346,29.65698741891222,0
19347,31.61700391977476,0
19348,30.657660501499894,0
19349,31.474128021700025,0
19350,30.325104429662925,0
19351,32.78074168725046,0
19352,33.15957326580267,0
19353,31.55089205816496,0
19354,33.46336420695302,0
19355,33.2552692176084,0
19356,32.76582967734527,0
19357,33.021969789222354,0
19358,35.22706572144235,0
19359,31.954298605746082,0
19360,31.977225267341996,0
19361,32.0485805306964,0
19362,31.33577850767921,0
19363,29.202433259202223,0
19364,31.12747602144078,0
19365,30.814155493598314,0
19366,31.003429612709756,0
19367,28.070469277744607,0
19368,26.72180105365538,0
19369,27.983008873053713,0
19370,25.661054526021342,0
19371,26.06493208894593,0
19372,25.07755675117967,0
19373,25.12710041285825,0
19374,23.99951502972441,0
19375,24.71317391274,0
19376,22.732367560566253,0
19377,25.74301608377436,0
19378,23.931664837698918,0
19379,22.399462335310982,0
19380,22.017767726897233,0
19381,22.837843640961832,0
19382,22.68357389480926,0
19383,22.537298155017144,0
19384,25.04753126264446,0
19385,24.987331611528294,0
19386,23.36485526132651,0
19387,25.498832929460256,0
19388,25.497974016102884,0
19389,26.840450972478315,0
19390,26.02934142066761,0
19391,29.461403601912995,0
19392,28.062231614115124,0
19393,30.632246358454434,0
19394,28.806623277649177,0
19395,31.24752734629038,0
19396,30.378191153937376,0
19397,32.696191997127784,0
19398,31.340623116902698,0
19399,30.8875805685495,0
19400,31.242541706689444,0
19401,31.971622813506148,0
19402,33.42169962886468,0
19403,33.32012368062582,0
19404,33.106962321141324,0
19405,34.0072940296425,0
19406,34.45629919728217,0
19407,31.603956505518305,0
19408,33.32446178906849,0
19409,34.270017182889134,0
19410,30.90760948957526,0
19411,30.468028512944166,0
19412,30.89519911134593,0
19413,30.133951969969633,0
19414,28.747799340116753,0
19415,28.57340449668945,0
19416,29.600943100504075,0
19417,28.254564448290843,0
19418,25.890636798422218,0
19419,24.37118731097527,0
19420,24.38650618304063,0
19421,25.12889681352783,0
19422,23.672129658409904,0
19423,23.18483118733699,0
19424,24.383924617610035,0
19425,23.090120140729383,0
19426,22.781832123823293,0
19427,23.2510100648643,0
19428,24.444032102913095,0
19429,23.343666818457557,0
19430,23.854499061299666,0
19431,23.45668617958691,0
19432,25.21343190616318,0
19433,22.801145242893416,0
19434,23.33756313871637,0
19435,24.442627777703517,0
19436,27.52112424595778,0
19437,27.625332923156964,0
19438,25.60255543257237,0
19439,26.8846853561357,0
19440,28.545471082951988,0
19441,28.718076420675757,0
19442,30.177228068420803,0
19443,29.41862739030603,0
19444,28.84111944175002,0
19445,31.658363355015222,0
19446,32.78299913466119,0
19447,30.42879274287788,0
19448,30.451235674501042,0
19449,32.164451990777636,0
19450,30.960539446498593,0
19451,33.38466892859908,0
19452,31.84021907143395,0
19453,33.696683823451224,0
19454,32.48518473149361,0
19455,32.75084586455994,0
19456,32.990431099507255,0
19457,31.7624860591589,0
19458,30.52080811225422,0
19459,31.95778381716648,0
19460,29.029463892692903,0
19461,31.319906259517552,0
19462,28.684945762898387,0
19463,28.12493946622631,0
19464,28.394792124085917,0
19465,27.764549850260096,0
19466,27.212055751200413,0
19467,24.619302280560884,0
19468,24.619376430699035,0
19469,25.298557889697125,0
19470,24.836345497966786,0
19471,23.941061364505167,0
19472,24.96410268253572,0
19473,23.204618732634007,0
19474,24.111603117943893,0
19475,24.128412364425827,0
19476,23.34855031852367,0
19477,22.851290543265584,0
19478,23.911268941570782,0
19479,23.830150758369143,0
19480,24.291372513173297,0
19481,23.17097932543917,0
19482,24.93356756637994,0
19483,26.551419145533565,0
19484,25.220936171070978,0
19485,26.228837271602114,0
19486,26.471863868854168,0
19487,28.231796321835333,0
19488,25.946995808495267,0
19489,30.251997849675927,0
19490,29.810509760697094,0
19491,29.693402974276612,0
19492,30.779523600949897,0
19493,32.174710168830885,0
19494,31.91261696571559,0
19495,32.64349607752266,0
19496,33.537095022096096,0
19497,32.797477047978916,0
19498,33.578323374019895,0
19499,34.437096722290114,0
19500,33.57093878488604,0
19501,32.349911161178476,0
19502,33.61049279913541,0
19503,34.66168524669036,0
19504,32.02513328927081,0
19505,32.43132470765035,0
19506,31.97543426908307,0
19507,31.937627049661174,0
19508,30.105466843417442,0
19509,29.907725086698925,0
19510,31.25352792013078,0
19511,29.356463564682276,0
19512,27.399919589671647,0
19513,28.147441882287684,0
19514,26.784053524561465,0
19515,27.631398190900114,0
19516,23.91402120472003,0
19517,25.071792321712913,0
19518,25.45629922897581,0
19519,22.789492598955256,0
19520,22.945485851148135,0
19521,23.87004038070026,0
19522,23.224475943858007,0
19523,22.75947969167434,0
19524,23.322009171950356,0
19525,21.680948409339425,0
19526,22.354952822456056,0
19527,25.1160211623866,0
19528,23.04694430053728,0
19529,24.484266289345314,0
19530,24.429826620866443,0
19531,25.826738137274116,0
19532,25.844361349187082,0
19533,26.505432884938866,0
19534,27.879029870386667,0
19535,27.686064944860977,0
19536,26.332297876808553,0
19537,28.01630759683355,0
19538,30.725809355662584,0
19539,30.983619953323334,0
19540,30.289150261194298,0
19541,29.487504269869675,0
19542,30.84720544150313,0
19543,34.046857473851084,0
19544,33.535399046487996,0
19545,33.84774657449977,0
19546,31.251956881957955,0
19547,31.632852255596607,0
19548,32.434083261886926,0
19549,31.633490755404928,0
19550,32.9583447145798,0
19551,31.555981391605886,0
19552,32.81653480121529,0
19553,31.763667717046037,0
19554,30.998274967556235,0
19555,31.70615624569655,0
19556,30.960093944363532,0
19557,30.05914722087812,0
19558,28.9497945226942,0
19559,28.619678147925065,0
19560,26.11106001260801,0
19561,25.426092410529446,0
19562,26.05262648433303,0
19563,26.238660805515423,0
19564,27.257184431037068,0
19565,25.363621419730837,0
19566,23.502932249218507,0
19567,23.567947425426308,0
19568,22.43582512823217,0
19569,23.35176689875555,0
19570,23.095358903862074,0
19571,23.01952067397487,0
19572,23.281062101730846,0
19573,24.083564368759315,0
19574,23.859178005215313,0
19575,22.25390339131502,0
19576,24.516103535920802,0
19577,23.04672399682574,0
19578,24.855329761069708,0
19579,25.06416272718987,0
19580,27.172185209943237,0
19581,26.00112125357646,0
19582,26.62560502231546,0
19583,27.091241722140715,0
19584,28.86355021803049,0
19585,28.974136436189934,0
19586,29.047240558104072,0
19587,30.75162442513971,0
19588,32.5923815995931,0
19589,32.66443844393169,0
19590,33.03218308065206,0
19591,31.457623833857472,0
19592,32.25798011154443,0
19593,32.79842903064377,0
19594,31.17077270896931,0
19595,34.67291346458397,0
19596,31.603759408833866,0
19597,33.37271440301447,0
19598,31.634164924279467,0
19599,32.764280490231684,0
19600,33.16583078534294,0
19601,32.50280854857071,0
19602,30.711298737825434,0
19603,30.42626736364384,0
19604,31.436866402572154,0
19605,29.87297372612314,0
19606,29.431971224360005,0
19607,29.59842620535848,0
19608,25.54929440095262,0
19609,27.62250940674121,0
19610,27.971984014181235,0
19611,27.86588474992333,0
19612,26.19900572757454,0
19613,24.259391769433062,0
19614,25.440683422068624,0
19615,25.901442889312847,0
19616,23.067655094753313,0
19617,22.69693994769118,0
19618,23.048730292623183,0
19619,22.664199935857784,0
19620,21.020091459054626,0
19621,20.743126167686714,0
19622,21.908732726278593,0
19623,22.785439853724895,0
19624,24.122230568501028,0
19625,23.53980553316185,0
19626,24.663768952486105,0
19627,26.325294338408572,0
19628,28.467730373297293,0
19629,26.97229290358027,0
19630,25.770751403682148,0
19631,28.34954230809893,0
19632,28.02154151347912,0
19633,29.013684190367833,0
19634,30.265371276901128,0
19635,30.698637436210056,0
19636,29.233919360846713,0
19637,29.9467912904213,0
19638,31.82121841479734,0
19639,32.68202149491564,0
19640,34.422703815788935,0
19641,33.232462212062984,0
19642,32.49309136154718,0
19643,32.501343816218395,0
19644,32.32271131723673,0
19645,31.70370502008122,0
19646,31.568464139083833,0
19647,32.09578108491546,0
19648,32.44460908776712,0
19649,31.231040222316054,0
19650,31.567903350224306,0
19651,30.786626352687158,0
19652,30.293690851049345,0
19653,29.504104787504584,0
19654,29.59530685220306,0
19655,28.687010478979744,0
19656,25.417801726920498,0
19657,27.62474283805928,0
19658,26.82653342165047,0
19659,25.50467657601582,0
19660,25.683126553828963,0
19661,24.29117810701763,0
19662,24.600436519960738,0
19663,23.190995937627434,0
19664,24.354394816599385,0
19665,23.737909096783476,0
19666,21.76366249824255,0
19667,22.372191175128428,0
19668,23.704084054673054,0
19669,23.45619610521863,0
19670,23.321912050176934,0
19671,22.283949858965258,0
19672,23.017328548265734,0
19673,24.207530027554164,0
19674,24.768645030357256,0
19675,24.954865478539617,0
19676,24.69926684293456,0
19677,25.8756290417493,0
19678,26.234032888620582,0
19679,26.22134356459996,0
19680,26.935668909301697,0
19681,27.871692890568923,0
19682,27.834483605934196,0
19683,30.384811952590773,0
19684,31.263989927112103,0
19685,31.922355643655766,0
19686,30.783393380627064,0
19687,31.240029526259708,0
19688,32.582786415284644,0
19689,32.170460148569596,0
19690,32.53239338239219,0
19691,32.659327488508396,0
19692,31.43306759796252,0
19693,34.20528342367974,0
19694,31.43240635621144,0
19695,31.08596829377547,0
19696,33.12331025555699,0
19697,30.900622023852844,0
19698,32.58775923232199,0
19699,31.382677558233656,0
19700,30.852329223080474,0
19701,29.545534810703877,0
19702,27.916263049567032,0
19703,27.497204479366882,0
19704,28.103161777921716,0
19705,27.244785120097035,0
19706,25.52952330499907,0
19707,24.975000104133393,0
19708,24.655788102032325,0
19709,24.897316641646963,0
19710,24.89415762333627,0
19711,24.915460367090464,0
19712,23.308930050336592,0
19713,24.779516222242563,0
19714,23.872069448995862,0
19715,24.483809760513296,0
19716,22.147796486747325,0
19717,23.608560216059782,0
19718,24.231197302822345,0
19719,21.656829093010288,0
19720,24.5696322701231,0
19721,24.43672454645965,0
19722,25.360161788462122,0
19723,25.1250339106975,0
19724,26.616339018350732,0
19725,25.67726131236126,0
19726,26.200963538878398,0
19727,28.047734116786224,0
19728,28.704257573730622,0
19729,27.347099024319633,0
19730,30.463436059191725,0
19731,31.056888538559722,0
19732,31.500389431512925,0
19733,30.33821075396947,0
19734,32.76207361542695,0
19735,32.470613977923655,0
19736,33.23177456222657,0
19737,32.57054181563133,0
19738,32.41406732377091,0
19739,32.27492595396017,0
19740,32.40747761969413,0
19741,33.829691200071544,0
19742,32.08257771377088,0
19743,32.02371026129403,0
19744,32.650671848375815,0
19745,31.713290846296715,0
19746,29.548492867941096,0
19747,30.408801620903382,0
19748,30.15081287827797,0
19749,31.475524255178044,0
19750,29.941163708610155,0
19751,27.6859598185512,0
19752,26.933810376071182,0
19753,26.90690107465181,0
19754,26.926470668858006,0
19755,25.332114270348765,0
19756,25.9227927945465,0
19757,23.595668918421513,0
19758,24.784241991162975,0
19759,25.18753067947128,0
19760,21.095595577271958,0
19761,23.353226219291525,0
19762,23.416569802758975,0
19763,23.47877926600124,0
19764,23.09764881717114,0
19765,22.979414795878814,0
19766,23.445063110602263,0
19767,23.487272055067677,0
19768,23.758011726553978,0
19769,25.559114211374784,0
19770,25.457420940234996,0
19771,25.851068808576045,0
19772,24.888268158441754,0
19773,25.616697494500237,0
19774,27.729463531775856,0
19775,26.332943929930494,0
19776,28.986797161239046,0
19777,27.349757422487052,0
19778,31.351435631043593,0
19779,31.114133931256333,0
19780,29.969877874804073,0
19781,30.597670170645998,0
19782,29.560743229985146,0
19783,31.919086395948796,0
19784,33.481620469000404,0
19785,33.20955794260714,0
19786,32.57838882652095,0
19787,34.9381703240783,0
19788,33.53544321103374,0
19789,33.3564038131179,0
19790,32.54274499003844,0
19791,33.18318268296375,0
19792,34.86375521224329,0
19793,32.40256306668468,0
19794,29.92398570744363,0
19795,31.25521334995956,0
19796,32.35043898269199,0
19797,31.065269373781984,0
19798,28.795964299328766,0
19799,28.990673225908214,0
19800,26.574439153065843,0
19801,27.966160598774724,0
19802,25.857588589188868,0
19803,25.572971692210718,0
19804,24.951297444370738,0
19805,24.264347247222766,0
19806,26.1040647708578,0
19807,25.461982255441566,0
19808,23.392213199563226,0
19809,23.473718654482393,0
19810,24.799767208334213,0
19811,22.765249023778146,0
19812,22.569075124524776,0
19813,22.222905112487034,0
19814,24.678715519737423,0
19815,23.539289316626288,0
19816,23.678627724077025,0
19817,23.62471175512982,0
19818,23.583277982508317,0
19819,25.877751183046183,0
19820,24.750804286897534,0
19821,25.5811158914287,0
19822,25.07852509492883,0
19823,26.28135838708181,0
19824,27.498977258999226,0
19825,28.17579961758303,0
19826,27.825454090322662,0
19827,29.31457576416591,0
19828,30.36146277490436,0
19829,28.502156282189368,0
19830,32.091954625107746,0
19831,31.69256285910317,0
19832,31.022238326779927,0
19833,32.34595230487318,0
19834,33.24785150675957,0
19835,32.942018408101504,0
19836,33.0302865639824,0
19837,32.95777481510198,0
19838,33.447582098430026,0
19839,31.29295875396545,0
19840,31.74897891166832,0
19841,32.32535824406837,0
19842,31.549274795691023,0
19843,30.003471558119795,0
19844,30.213370258872555,0
19845,29.22465312113849,0
19846,29.300351175450263,0
19847,27.034653516766166,0
19848,26.41596837673516,0
19849,25.936652448470557,0
19850,26.560240847477512,0
19851,28.46109216309577,0
19852,26.43347231793129,0
19853,26.123051995024618,0
19854,24.45767206488459,0
19855,25.556081952708563,0
19856,23.996629010243243,0
19857,23.428172750883032,0
19858,24.202507903523962,0
19859,21.84949351135569,0
19860,20.862862297754376,0
19861,21.87208302522794,0
19862,24.51270456883187,0
19863,24.230756449473763,0
19864,23.83287141458907,0
19865,23.784312966500853,0
19866,24.279112733037813,0
19867,25.3129443633284,0
19868,24.645170180387684,0
19869,26.813945258551904,0
19870,25.744516204895266,0
19871,28.629433254588317,0
19872,27.65329166320282,0
19873,27.73763255590179,0
19874,28.995077332629048,0
19875,28.993719949554634,0
19876,30.34907656179656,0
19877,29.272736780617027,0
19878,31.036510721129865,0
19879,32.01749041081545,0
19880,32.680102464646076,0
19881,32.219143138768146,0
19882,33.98043331690804,0
19883,31.29383285527889,0
19884,32.764557948884516,0
19885,32.46253186160867,0
19886,32.79749691119617,0
19887,32.33991747963951,0
19888,33.64739067281367,0
19889,31.938238773016106,0
19890,30.61099510415743,0
19891,33.43571141738824,0
19892,30.512564149980822,0
19893,29.73183591939784,0
19894,30.128450966754087,0
19895,28.04765604213032,0
19896,27.755375380674586,0
19897,28.15986459380698,0
19898,25.529280901367695,0
19899,25.620319824685428,0
19900,26.38829739781941,0
19901,26.67690285297513,0
19902,24.360526966201643,0
19903,23.904883716344635,0
19904,24.701628790654343,0
19905,21.9188902434804,0
19906,22.468458347928557,0
19907,22.24446933693707,0
19908,20.97403463459885,0
19909,20.196208336719923,0
19910,22.747718968674548,0
19911,24.23803350947399,0
19912,24.291199431325026,0
19913,25.236780977016764,0
19914,21.780386895215777,0
19915,24.78655282866542,0
19916,26.771412366685404,0
19917,25.21466829744617,0
19918,25.411492345540037,0
19919,27.659086885592256,0
19920,27.986069237826193,0
19921,29.246731571094475,0
19922,29.26211989492083,0
19923,31.097311828705685,0
19924,31.15006463358808,0
19925,31.26822455620026,0
19926,31.143756668790022,0
19927,32.63018580233476,0
19928,31.659244265139947,0
19929,33.52931682296318,0
19930,33.92684188199927,0
19931,33.85570133778067,0
19932,31.73249359373682,0
19933,33.364493715579755,0
19934,33.168753329011,0
19935,33.44796663559037,0
19936,30.79076219225951,0
19937,31.36007952268665,0
19938,31.43885580371913,0
19939,32.38317567134128,0
19940,29.896935910273367,0
19941,30.76526518435875,0
19942,29.417707248509874,0
19943,30.519007756675602,0
19944,28.298562676841566,0
19945,25.755168714646132,0
19946,26.415569975228507,0
19947,26.31777391639144,0
19948,26.720226556580787,0
19949,25.58534897257114,0
19950,24.171068075479887,0
19951,22.77902120591059,0
19952,23.684357476834045,0
19953,23.244401944323258,0
19954,24.453853767840446,0
19955,23.93317820062469,0
19956,21.612549195088196,0
19957,20.758419921124975,0
19958,22.74940969030458,0
19959,23.62856939041569,0
19960,22.704122701879303,0
19961,23.510832426652456,0
19962,25.610505140174176,0
19963,25.661236363454396,0
19964,23.796025051087167,0
19965,26.410934706489925,0
19966,26.846289855164827,0
19967,27.134046753817966,0
19968,28.53781770559938,0
19969,29.21101812542753,0
19970,31.713837947808937,0
19971,30.12424066231636,0
19972,29.770590162291263,0
19973,30.541379882549975,0
19974,32.225518894619334,0
19975,33.8463225617947,0
19976,32.91200337618545,0
19977,33.13307057616061,0
19978,33.0796252181453,0
19979,32.508869917883985,0
19980,33.061962969627295,0
19981,31.758929540497615,0
19982,33.549783755367734,0
19983,33.072826947935745,0
19984,32.498740377142276,0
19985,31.11559740805447,0
19986,31.268672576255728,0
19987,30.472743306702913,0
19988,30.78875393824535,0
19989,29.62324711521628,0
19990,29.639682075705945,0
19991,29.556215112449223,0
19992,29.23421770472732,0
19993,26.336140133583836,0
19994,26.370247790238896,0
19995,25.00675813300626,0
19996,26.71562909312567,0
19997,24.116626737984607,0
19998,25.778973072974257,0
19999,23.53471858960152,0
