t,y,is_changepoint
0,19.198068574746554,0
1,19.328271965472112,0
2,21.045733603417354,0
3,22.33386239989097,0
4,23.636046532489644,0
5,23.15351354436541,0
6,22.982886585396507,0
7,23.1819863461119,0
8,25.07887278965678,0
9,26.25418070551501,0
10,25.10239790729006,0
11,23.72389564283828,0
12,24.04173479456391,0
13,26.557243395868163,0
14,25.03251157195395,0
15,22.88726282011685,0
16,24.24643082610517,0
17,22.803540728011427,0
18,22.906245811871184,0
19,22.555801321766747,0
20,21.786686628367757,0
21,22.46679563217874,0
22,21.231009253587317,0
23,20.063199703067657,0
24,20.409637826557116,0
25,20.177224345961065,0
26,17.06288140308172,0
27,17.829852711809057,0
28,16.519252643955987,0
29,16.783037630094366,0
30,15.175047347313408,0
31,16.053923692581417,0
32,15.63198724003374,0
33,15.076264586485078,0
34,14.122444363434413,0
35,14.646585362657856,0
36,13.908671098304291,0
37,13.687566946926207,0
38,15.39515660101455,0
39,14.2712523995522,0
40,16.8401690822561,0
41,16.749820954417658,0
42,14.466649401617541,0
43,17.228321724368882,0
44,16.398283372418952,0
45,18.119640058332823,0
46,18.749536767056814,0
47,17.358939250668623,0
48,19.76657747623423,0
49,20.396840929700865,0
50,22.256095757355702,0
51,20.73197035386923,0
52,23.238041897845683,0
53,21.944834382007194,0
54,23.20424301323282,0
55,23.126293533033966,0
56,25.778858307843862,0
57,25.187610762344725,0
58,27.26136163429055,0
59,25.599140685951372,0
60,25.844992733719174,0
61,25.79790718313439,0
62,24.223017595535794,0
63,24.549369215918052,0
64,25.68051588666682,0
65,23.570215936283205,0
66,23.724333437223834,0
67,23.022583684626316,0
68,23.10921649283274,0
69,21.548508419878083,0
70,21.141733336755756,0
71,20.895012389772404,0
72,20.10302313848681,0
73,18.48239629261793,0
74,19.601687817676844,0
75,16.788101629927638,0
76,16.29888445119648,0
77,15.673701060215937,0
78,17.431438373000482,0
79,15.672624929644558,0
80,14.69883660255674,0
81,14.244580943253922,0
82,15.591502006017068,0
83,13.987935030553112,0
84,13.727921789902357,0
85,15.65676875559981,0
86,13.973663141362087,0
87,15.058164186692165,0
88,15.663111440731283,0
89,15.58789793161401,0
90,16.410372132471814,0
91,18.294966354011166,0
92,16.98310584741072,0
93,16.82727567929632,0
94,16.869159069293715,0
95,19.14260292206588,0
96,19.647742989588767,0
97,20.917721868030572,0
98,20.829850633875118,0
99,21.434778698772725,0
100,21.7786842521514,0
101,22.524047372673422,0
102,23.695760612250158,0
103,23.586413974241033,0
104,24.4305688717547,0
105,26.520584862589693,0
106,25.308747282242283,0
107,23.381134461433824,0
108,26.733529585613105,0
109,25.305034676857588,0
110,23.888215844994356,0
111,25.526446620242243,0
112,24.347782629832036,0
113,23.351548168421107,0
114,22.902024980499128,0
115,22.05037535479174,0
116,22.548118983989838,0
117,22.982233855575018,0
118,20.96904312670623,0
119,21.07345508615662,0
120,21.87564605377529,0
121,18.132778405919893,0
122,18.963427098410893,0
123,17.780145911322688,0
124,16.440743900172162,0
125,15.930345655519801,0
126,16.4491809509019,0
127,16.467096709743988,0
128,15.138283160334781,0
129,15.434992881803062,0
130,15.892579522989369,0
131,15.339336940048772,0
132,15.868670189740893,0
133,15.504171301281874,0
134,15.658376544235367,0
135,17.20723640238538,0
136,16.293044854770375,0
137,16.162704430899435,0
138,17.174409897509253,0
139,16.03706917944818,0
140,17.16229521423913,0
141,18.87980369236914,0
142,19.33669147458129,0
143,20.895730729731017,0
144,20.01047302891868,0
145,19.190303170679805,0
146,23.241342156388797,0
147,23.00630997238421,0
148,21.441262566396425,0
149,24.419630815012017,0
150,23.567936704711823,0
151,22.1528379315513,0
152,23.90977309749924,0
153,24.110493828562664,0
154,26.420477291767583,0
155,24.165155611449528,0
156,24.746382659620632,0
157,24.68046350002368,0
158,24.45065636846808,0
159,23.705323601523816,0
160,24.549213927947868,0
161,25.043571347869737,0
162,24.159511557104498,0
163,22.1163080289843,0
164,21.350184242838328,0
165,22.032390715407512,0
166,20.58751506188883,0
167,20.022465312250947,0
168,18.32030542115984,0
169,21.29786064159971,0
170,19.622523927028283,0
171,17.112675506267585,0
172,18.408210266794555,0
173,18.298679960781023,0
174,14.074912744390637,0
175,15.48428851297957,0
176,15.281899762952175,0
177,16.028856807786852,0
178,15.04890544625384,0
179,14.81234435727863,0
180,14.941628610927845,0
181,16.89610140097295,0
182,17.330351338333667,0
183,14.85577590042991,0
184,14.743628987827364,0
185,18.725786445930673,0
186,15.484721460874518,0
187,16.382790837064206,0
188,17.53658150934874,0
189,18.56982908231979,0
190,19.734940323925212,0
191,19.738346260569873,0
192,19.127616928304803,0
193,21.159013287449966,0
194,21.54401280536381,0
195,23.790336154279615,0
196,22.485000201844272,0
197,21.706834245126355,0
198,22.490513991548777,0
199,25.41691976040934,0
200,23.789995811843802,0
201,22.51493165247087,0
202,24.248929425955883,0
203,24.957239406700346,0
204,26.18883067853737,0
205,23.942756169266627,0
206,25.496312457347422,0
207,25.41469676215806,0
208,23.630738710598518,0
209,23.779176996137203,0
210,25.304984142330653,0
211,24.764291891869764,0
212,23.355522004901896,0
213,22.245363521337854,0
214,22.43240484647582,0
215,20.511953675484992,0
216,19.90490693430155,0
217,18.487008899372444,0
218,18.71146815915615,0
219,18.004566213261164,0
220,20.27363166736936,0
221,16.76334968917596,0
222,17.7352840840807,0
223,17.35373057293716,0
224,15.483394279162834,0
225,16.5499995297437,0
226,12.993557219069654,0
227,15.137702877986067,0
228,15.857261399466292,0
229,12.644910420452826,0
230,14.011199670306564,0
231,16.436675954817055,0
232,15.412862212093135,0
233,14.935034604722869,0
234,16.090870425546488,0
235,16.413604548521924,0
236,18.22444731333521,0
237,18.54046871763418,0
238,18.425676435131617,0
239,18.68202635327109,0
240,19.946124336105637,0
241,21.977786888445475,0
242,21.643121338090694,0
243,22.552362755468284,0
244,22.349318402791436,0
245,21.751990894967385,0
246,22.8246903703456,0
247,24.61800326735346,0
248,24.433343121503604,0
249,23.715557793729623,0
250,23.21175870584249,0
251,25.06790620722048,0
252,24.660468991301837,0
253,24.60669408825633,0
254,24.500179173984257,0
255,24.903302776039542,0
256,24.624574743875,0
257,24.928895251676575,0
258,24.463955486374132,0
259,24.375900225537055,0
260,23.306363056782068,0
261,21.577809128497773,0
262,21.239826279269007,0
263,21.1468460559317,0
264,19.689707729998567,0
265,19.896807819179635,0
266,19.8595142514824,0
267,17.285336828208475,0
268,15.729615949153509,0
269,18.149847810247973,0
270,16.482226004402282,0
271,16.741903121655135,0
272,14.33756762669195,0
273,17.113594897921732,0
274,15.908990758023121,0
275,14.916701519439481,0
276,14.648011961194912,0
277,15.156671573586191,0
278,15.003639527989305,0
279,15.101912210199702,0
280,14.550273005552231,0
281,17.29604273746486,0
282,16.424888409497683,0
283,17.030828492345993,0
284,17.59291598860048,0
285,15.728365501432679,0
286,19.23304623261171,0
287,19.018214108274393,0
288,19.71077153540765,0
289,20.72241883367505,0
290,20.321619620184183,0
291,22.756797971813143,0
292,21.804135376192967,0
293,22.14014909033072,0
294,22.673344304950373,0
295,24.125519396596104,0
296,25.075906493284656,0
297,24.024344427010178,0
298,23.319442455530055,0
299,26.019715000022654,0
300,23.93491640495663,0
301,26.152054675398972,0
302,24.775333254468233,0
303,23.92104776853235,0
304,23.69008706978649,0
305,24.4286328751487,0
306,24.424905700929543,0
307,22.845636917462368,0
308,23.446934382371634,0
309,24.000395369491436,0
310,21.08578688025259,0
311,19.5031843198697,0
312,18.945599651469575,0
313,17.957033683898583,0
314,18.066239323546903,0
315,17.362803601242696,0
316,16.174896671033757,0
317,17.48637710966989,0
318,13.853127089094086,0
319,14.712434326850722,0
320,17.68512478726168,0
321,16.418404765906985,0
322,15.693162551897897,0
323,15.500034752086293,0
324,16.77093717280048,0
325,15.578405329416313,0
326,15.24794795578187,0
327,14.150442176659002,0
328,15.59620616374886,0
329,15.299349300228991,0
330,15.758290819164218,0
331,16.24195392162228,0
332,17.455353135307533,0
333,17.756872018432475,0
334,19.57701528542184,0
335,18.02118759698798,0
336,19.830529803257125,0
337,22.512128457534736,0
338,21.33299256270758,0
339,23.112032383274077,0
340,23.636863497203322,0
341,24.36045496538093,0
342,24.273653075457972,0
343,22.586320670203285,0
344,24.062739313135182,0
345,24.239062080087816,0
346,23.28077382711192,0
347,24.493342685693918,0
348,23.7499201648662,0
349,23.291672860849673,0
350,25.0405253880068,0
351,24.575806390110777,0
352,23.64231210934702,0
353,23.01618033884332,0
354,22.99426046386018,0
355,22.649716775669766,0
356,22.091889717417402,0
357,21.860709413897,0
358,20.85855455155162,0
359,21.039602943471472,0
360,20.522870894839105,0
361,19.705238716547814,0
362,18.042801259961497,0
363,17.470076691492473,0
364,17.934864103470964,0
365,16.759150076479795,0
366,16.421314385462686,0
367,13.541238048232609,0
368,12.969769001191587,0
369,15.717750529512315,0
370,15.49992952490542,0
371,16.43620756457453,0
372,15.721163118895884,0
373,15.264514493298991,0
374,15.186733324643347,0
375,13.95386190923416,0
376,16.553048870710377,0
377,15.42964728317092,0
378,16.966950548650633,0
379,17.15623450039445,0
380,17.77209702075871,0
381,18.979258053718087,0
382,18.216038662508698,0
383,18.96013385728016,0
384,19.144138526648057,0
385,20.275478937648764,0
386,22.960035939563845,0
387,21.550098495205088,0
388,23.68561631219358,0
389,23.869818578785736,0
390,24.26481569752204,0
391,24.769781838528335,0
392,23.315850464025214,0
393,24.99284534144187,0
394,26.41804122893008,0
395,24.261428370538056,0
396,24.95289291441226,0
397,24.268065149707525,0
398,25.14664064265839,0
399,23.54086753069058,0
400,25.939806813173014,0
401,23.589931912496763,0
402,21.992872333932507,0
403,24.834598055857903,0
404,23.470522894800908,0
405,22.431928643236166,0
406,21.826682768986903,0
407,20.294832953287482,0
408,19.77670440022782,0
409,20.071388268729383,0
410,19.623529732197266,0
411,19.01919524131865,0
412,17.712550985610786,0
413,16.489804761850483,0
414,16.27237876488975,0
415,17.142833010058496,0
416,17.10979109603504,0
417,15.039289947357467,0
418,14.693066866010202,0
419,16.290325363078647,0
420,15.723649023133442,0
421,15.740033883156253,0
422,13.85803720560132,0
423,15.006844895977162,0
424,15.15487745187363,0
425,16.24113795758851,0
426,14.779524114336317,0
427,18.227945663090296,0
428,17.800131795350538,0
429,18.521419863654344,0
430,17.521764397602507,0
431,19.320948667531578,0
432,21.33465028815689,0
433,19.082935358641347,0
434,21.599863282890123,0
435,22.61222207613982,0
436,21.80805289691277,0
437,23.858548373312168,0
438,23.205464875368587,0
439,25.19653325448773,0
440,24.857638794347356,0
441,24.843763548284812,0
442,26.838545112859418,0
443,25.789120765243144,0
444,26.308635708648335,0
445,23.76770463463851,0
446,24.183022063726664,0
447,25.45596666548822,0
448,25.235738882253965,0
449,23.911026671466047,0
450,24.31526044015842,0
451,21.985453398897008,0
452,22.713835225720388,0
453,20.76613329688759,0
454,21.634665759290744,0
455,20.166459053960278,0
456,19.359002483355752,0
457,19.403668069082386,0
458,20.52336483818206,0
459,17.074821103719135,0
460,16.898249383858108,0
461,18.02385700069168,0
462,16.0408994240686,0
463,17.802497575753474,0
464,15.892402684924187,0
465,15.471234251594625,0
466,15.527255007417535,0
467,16.783955289646357,0
468,15.65536153449067,0
469,15.55948782603975,0
470,15.422228631704657,0
471,13.818183504143105,0
472,14.784600952932653,0
473,17.516577419581097,0
474,17.286344425989,0
475,17.462257716796646,0
476,18.137062727746606,0
477,17.542989786062286,0
478,19.04386904215949,0
479,18.44657440855073,0
480,20.391362321360113,0
481,19.938495850393313,0
482,21.080275396356416,0
483,22.36683200665688,0
484,22.173212296629547,0
485,23.691389067923872,0
486,23.991572182161253,0
487,24.326224838500575,0
488,25.654538401764857,0
489,23.145512986085187,0
490,23.23334685261909,0
491,25.573466098779832,0
492,25.940794095014283,0
493,26.968864734583626,0
494,25.58588593043684,0
495,25.449612660877353,0
496,23.44704696741471,0
497,24.719388478925236,0
498,24.209372844008048,0
499,21.98794195588071,0
500,21.603682490951922,0
501,21.802385959026164,0
502,21.582348976702704,0
503,17.70784542245328,0
504,20.070305510186888,0
505,19.578223535006103,0
506,18.52906841471756,0
507,18.353407736241046,0
508,17.955906231603034,0
509,15.944554817747942,0
510,16.88064626254472,0
511,15.781926098811681,0
512,14.723994202288367,0
513,15.5897431312864,0
514,16.658015108309954,0
515,13.582660109805783,0
516,13.346890084235833,0
517,13.389609543205525,0
518,17.147682621348842,0
519,15.129018588741646,0
520,15.610386227391212,0
521,15.246657579541258,0
522,15.52401831018577,0
523,14.929332694901879,0
524,17.670406293905533,0
525,18.34614265909592,0
526,16.72937072208208,0
527,18.30421986237405,0
528,19.255886243840813,0
529,20.626628506660758,0
530,21.538224392506738,0
531,23.039210130176848,0
532,23.8644560191461,0
533,24.11226165724693,0
534,24.877062437435605,0
535,22.80035001116088,0
536,23.775635253942575,0
537,25.763007462826454,0
538,25.118290210169896,0
539,24.975946025544715,0
540,23.021011832296562,0
541,23.097981379760657,0
542,25.560518553976546,0
543,24.96097405746488,0
544,24.034069394736214,0
545,23.553794969458586,0
546,21.80943127905091,0
547,23.41502228408275,0
548,23.53442079901753,0
549,23.555588141017335,0
550,21.343233175648752,0
551,20.448434278980304,0
552,18.904002954282625,0
553,20.57061270409815,0
554,20.412760303710957,0
555,17.473412832062156,0
556,17.790758769630266,0
557,17.046862960595295,0
558,15.890638770659216,0
559,13.535783736724477,0
560,15.303873875600434,0
561,15.988046481250457,0
562,13.727068839316084,0
563,14.203894427618662,0
564,11.716439512111737,0
565,16.327303409631376,0
566,15.67064724035486,0
567,15.426080866395754,0
568,15.399399593003546,0
569,15.39595012222497,0
570,16.38565983932399,0
571,16.64587792285254,0
572,17.25164327955087,0
573,18.05277172513708,0
574,18.831555740021695,0
575,20.896347457077056,0
576,18.55056759453527,0
577,20.914599585988555,0
578,20.669534408097416,0
579,20.773935975030483,0
580,20.131829194874427,0
581,23.65069928788187,0
582,22.545154666981183,0
583,23.20708072845378,0
584,24.790005711598965,0
585,23.525924651468888,0
586,24.845674261609616,0
587,24.872343902780788,0
588,25.791843390041706,0
589,25.95786524924239,0
590,23.952777285635204,0
591,25.52657539721149,0
592,24.223381359972972,0
593,24.07956426545214,0
594,23.31302029279445,0
595,23.809346779456487,0
596,21.277799591817917,0
597,22.16350142878596,0
598,22.459875014000346,0
599,20.3589610462863,0
600,22.01777247198515,0
601,18.60146319130239,0
602,18.909600904911215,0
603,17.593974309254413,0
604,16.871249689434748,0
605,15.830421861371898,0
606,15.914399624950397,0
607,15.970996225423898,0
608,14.856775804948546,0
609,16.252998076922367,0
610,16.680697496169156,0
611,13.503879541732422,0
612,15.82484336077939,0
613,15.220835774967197,0
614,15.403691575495266,0
615,17.83110166501639,0
616,16.86419762687243,0
617,16.35754314497417,0
618,16.63758024651358,0
619,14.790475706806403,0
620,18.27239091648707,0
621,17.33789589205479,0
622,18.88163739874057,0
623,19.444999668669077,0
624,20.960351513496704,0
625,22.68313384256763,0
626,22.277697493035408,0
627,23.186365832226606,0
628,22.265456797171847,0
629,23.499580658818715,0
630,24.304782835708007,0
631,22.52713851622846,0
632,26.371669938088605,0
633,23.90452941654606,0
634,23.552085825889105,0
635,26.591268529040264,0
636,27.11843861535627,0
637,24.25411856871852,0
638,24.216319176203804,0
639,27.731310600776645,0
640,24.442744130162335,0
641,21.982708567065206,0
642,22.923265157803034,0
643,25.045925929669625,0
644,23.15912406415559,0
645,22.665516242516606,0
646,22.518652653297117,0
647,21.32840965070287,0
648,19.666795519112355,0
649,17.75305731882517,0
650,19.15227561354611,0
651,16.970547922230967,0
652,17.44376148135932,0
653,18.715163931637647,0
654,17.005116381623022,0
655,16.092724828538632,0
656,15.735553036910915,0
657,16.11139508658514,0
658,16.091604635016076,0
659,13.725961918630865,0
660,15.185479323723294,0
661,16.758422766011183,0
662,15.924739512446244,0
663,14.615476437390441,0
664,14.990245291621237,0
665,13.97131080641617,0
666,15.671087252996081,0
667,18.563158123723667,0
668,17.430476098219994,0
669,17.231571878437858,0
670,18.1297842522026,0
671,19.236623524879025,0
672,19.893453828082098,0
673,20.29865724786056,0
674,20.525000785009,0
675,22.549987248248172,0
676,24.03853456664351,0
677,22.47585014120369,0
678,22.99426203829343,0
679,25.156119765373493,0
680,22.866383370866767,0
681,24.028002964657432,0
682,24.451532033984787,0
683,25.125005898698117,0
684,24.725061190437575,0
685,24.07062096744875,0
686,25.140135478255743,0
687,23.431687260257814,0
688,22.587613379711737,0
689,21.938509148160193,0
690,24.28423244378398,0
691,21.306951599027794,0
692,22.94705728629244,0
693,22.584126284996614,0
694,22.100994540152154,0
695,20.47794823854485,0
696,19.451799878161278,0
697,19.43304037512167,0
698,18.112169864783347,0
699,16.800380575873586,0
700,18.755439935237828,0
701,16.06175539632102,0
702,18.260355094104263,0
703,16.54799785014814,0
704,15.215316226200295,0
705,15.81824998426641,0
706,16.400520343195282,0
707,13.664306442854633,0
708,14.073227052557126,0
709,13.993508141954855,0
710,15.33540226753383,0
711,15.784853208757218,0
712,15.698841324067056,0
713,15.305023458138724,0
714,15.936014777705072,0
715,18.143236122314516,0
716,18.616942674442047,0
717,18.217938128019327,0
718,17.395295832176316,0
719,19.975495830446874,0
720,20.28765917679834,0
721,20.905361456182387,0
722,23.0241268343881,0
723,22.73395689316398,0
724,21.525514545768576,0
725,22.079046589752256,0
726,24.9158477545379,0
727,24.172483219135188,0
728,25.21718502596518,0
729,24.51299806646955,0
730,23.880138279645138,0
731,25.28142571927513,0
732,26.618915491436606,0
733,25.3563601510662,0
734,23.76406437536451,0
735,24.373538914196473,0
736,23.90171431117804,0
737,24.214110721972197,0
738,24.633588043940534,0
739,25.09809704661156,0
740,22.814491219700308,0
741,21.57693056536478,0
742,21.46569338826068,0
743,20.763497130492745,0
744,19.67020365924157,0
745,19.465973197452968,0
746,18.801196355445775,0
747,17.006064097750336,0
748,18.143824507493942,0
749,16.689490291999086,0
750,15.576722022984699,0
751,16.619216518847324,0
752,15.278280016472786,0
753,17.21885755847811,0
754,15.741277586638928,0
755,15.211412437662958,0
756,14.334223737625607,0
757,14.724384492555673,0
758,16.10589915515737,0
759,14.778116284784385,0
760,16.513514251823665,0
761,14.015269254289914,0
762,16.744918672718573,0
763,17.85149501080202,0
764,17.91629401487848,0
765,18.15932302770923,0
766,19.79224480199483,0
767,18.568077835329156,0
768,19.092080957955407,0
769,20.832845041625095,0
770,22.57171892702653,0
771,22.419918541776926,0
772,22.380617625840934,0
773,23.418878748687252,0
774,24.052696578183852,0
775,22.796308778856723,0
776,21.593025710498107,0
777,23.668787327565724,0
778,23.409947138848757,0
779,24.452204998237487,0
780,23.872484636358724,0
781,24.165958465858427,0
782,25.33840678036491,0
783,24.79290780444402,0
784,24.38349791824819,0
785,25.706870206603416,0
786,23.157004341176968,0
787,22.7469253992323,0
788,23.851150920599856,0
789,20.888067676018704,0
790,19.751517833769718,0
791,22.049960519532178,0
792,20.428477389623026,0
793,20.04131617304,0
794,19.438307848837997,0
795,19.087095517868832,0
796,17.126578749618396,0
797,16.98095906491839,0
798,15.45387460443433,0
799,16.27612595179742,0
800,16.007327190643686,0
801,15.03421495986945,0
802,15.946941363077153,0
803,18.107399705305262,0
804,13.960428583678672,0
805,15.98773144989174,0
806,16.231275689319503,0
807,16.56717251719473,0
808,14.98837407574616,0
809,17.354636584392416,0
810,17.245944804884196,0
811,16.96094856122747,0
812,17.289739019646962,0
813,18.466772315092413,0
814,19.7774297891395,0
815,20.371543459600844,0
816,22.432860488141028,0
817,20.446162316899116,0
818,22.064077968802486,0
819,21.63597240379787,0
820,23.436207217651443,0
821,23.33012250030923,0
822,23.093166913525437,0
823,22.796034725670285,0
824,23.71699905965907,0
825,25.016584940010116,0
826,26.45659721602082,0
827,25.88802947810068,0
828,23.958630663654652,0
829,24.62361163191153,0
830,25.013693965980334,0
831,24.630723826368374,0
832,24.520303159430842,0
833,24.85807181660518,0
834,23.849401775785665,0
835,22.442648519166887,0
836,20.655312965259927,0
837,21.647725019519704,0
838,19.681351954849372,0
839,20.54816766229484,0
840,20.363433844416114,0
841,18.047493330140032,0
842,18.590055890365335,0
843,17.759416241051948,0
844,19.40607883066399,0
845,17.404960947426357,0
846,14.563681602170135,0
847,16.453700011324276,0
848,16.056171079268616,0
849,15.145669541034504,0
850,14.756607025311986,0
851,15.59724322821054,0
852,15.613850135981071,0
853,15.424805762309543,0
854,14.118244037353875,0
855,15.066375476399866,0
856,14.044413770752083,0
857,14.46634352448268,0
858,15.82967274694657,0
859,15.82361140405654,0
860,17.004389713102302,0
861,20.47935505534514,0
862,19.108447411947026,0
863,18.366467601386084,0
864,17.73854020706494,0
865,19.709796612550104,0
866,19.750732241059595,0
867,19.601887183924035,0
868,23.105044677013307,0
869,22.441261291010193,0
870,23.851985176285737,0
871,26.933004912356843,0
872,24.47670284366883,0
873,24.61197884297421,0
874,25.053795102543795,0
875,24.565726906666207,0
876,24.047997846355166,0
877,24.619730435843774,0
878,25.847863832420654,0
879,24.22603145993773,0
880,22.8380780604641,0
881,22.598209599349087,0
882,22.385790315239525,0
883,22.936597687167108,0
884,22.865708100070393,0
885,22.281755981949953,0
886,22.37516477183429,0
887,20.345977904623282,0
888,20.739421456281608,0
889,19.584216974022336,0
890,19.330349886259857,0
891,16.17085637034327,0
892,18.679128564389483,0
893,15.350247305343911,0
894,15.283257370180362,0
895,16.761773086133147,0
896,15.238219635483068,0
897,17.109554505622395,0
898,15.297423683362007,0
899,13.985499823218984,0
900,15.128393291900393,0
901,14.616782173819516,0
902,16.70042412625558,0
903,16.98978275046959,0
904,16.39000068882655,0
905,15.610734464851737,0
906,16.533781334741438,0
907,17.99145218988231,0
908,16.686344944146,0
909,17.279852961203975,0
910,19.544544216267287,0
911,20.07336115549767,0
912,19.757986894671955,0
913,20.37436463596764,0
914,19.332970248853577,0
915,23.087065916908394,0
916,22.373896796349367,0
917,21.60753642133618,0
918,22.400512718081522,0
919,23.06646560853571,0
920,26.027089002639894,0
921,25.304455139769452,0
922,23.48818682560864,0
923,26.80850862251013,0
924,26.33517918165226,0
925,23.895983409158017,0
926,22.168637004276178,0
927,25.58089627882643,0
928,23.727348873192067,0
929,23.830481910451173,0
930,23.01062572673919,0
931,24.303095267377987,0
932,23.978976695905427,0
933,22.723534953086528,0
934,21.14345837020354,0
935,20.91447454539862,0
936,20.621181573748046,0
937,17.772732650576913,0
938,19.949286286847308,0
939,17.767883100899834,0
940,17.763070617623594,0
941,17.096194761437985,0
942,17.372782463284405,0
943,17.104715067461516,0
944,17.883072791753484,0
945,15.033123779286388,0
946,14.273818785650487,0
947,15.187587930172647,0
948,14.358173318943555,0
949,15.917878466867483,0
950,14.379448723365975,0
951,15.53096543669272,0
952,16.62869751442567,0
953,17.067560818488406,0
954,16.690897356917255,0
955,18.390329136984665,0
956,18.81088309340372,0
957,16.411589610806008,0
958,19.091221394348583,0
959,19.555012141295506,0
960,19.730193619446084,0
961,20.045358224743385,0
962,21.369173117688604,0
963,22.33215670959986,0
964,22.80865448854044,0
965,24.443693767555462,0
966,24.563647906018385,0
967,23.413507356850765,0
968,23.607647176404267,0
969,25.503627373150497,0
970,24.169677447005018,0
971,25.161009985964768,0
972,25.51367251337083,0
973,26.02507152886509,0
974,25.384499694442805,0
975,26.103028374625016,0
976,23.91021549312728,0
977,24.676807359898568,0
978,22.91761617210236,0
979,23.270665921000028,0
980,22.664430130692914,0
981,21.025507089470054,0
982,18.730816760706325,0
983,21.64972349097807,0
984,20.404229291926217,0
985,19.529609734045497,0
986,18.046760180514536,0
987,17.795122931044833,0
988,17.99691727070316,0
989,17.017749997632333,0
990,17.665310304583127,0
991,16.191434977119187,0
992,14.889525055544322,0
993,16.03122552987196,0
994,14.576790435210677,0
995,15.298274921384964,0
996,13.227771111476804,0
997,14.73021889412448,0
998,15.76338397340258,0
999,14.763820079686859,0
1000,15.675435044399263,0
1001,16.65473009456521,0
1002,16.562590080391953,0
1003,18.77191678891373,0
1004,17.27028042174158,0
1005,17.93595951487515,0
1006,18.573725708544032,0
1007,17.398890212711642,0
1008,18.494210912477342,0
1009,21.21325682049697,0
1010,20.992309935718875,0
1011,23.329573405348235,0
1012,22.44911211221225,0
1013,22.90088167944332,0
1014,24.5913243073224,0
1015,24.270277863621523,0
1016,25.961028486036234,0
1017,23.589499430189896,0
1018,25.296916859205822,0
1019,25.664619964064727,0
1020,25.58448818940171,0
1021,26.138691827951373,0
1022,25.890332826421876,0
1023,24.689470854831125,0
1024,23.808427588636984,0
1025,24.986245774409237,0
1026,23.628501361217932,0
1027,24.049999573626042,0
1028,23.90438212541722,0
1029,22.171915022706877,0
1030,20.454956405474018,0
1031,20.46393009290124,0
1032,20.857768145461527,0
1033,19.183655671275066,0
1034,19.961262470641163,0
1035,18.20861532808625,0
1036,17.718396313102783,0
1037,16.419447581137135,0
1038,16.456330363619372,0
1039,17.219508208032245,0
1040,15.419089077094776,0
1041,15.137453080057888,0
1042,14.479466123607528,0
1043,15.909006664455694,0
1044,13.561929697178545,0
1045,14.469618633819918,0
1046,16.157848836203883,0
1047,16.877917953134933,0
1048,15.520230002127951,0
1049,17.067216918444363,0
1050,14.549476332153118,0
1051,17.780024268977854,0
1052,17.857278341025886,0
1053,16.927294991175717,0
1054,16.98914447318931,0
1055,18.903850873960536,0
1056,20.320163665857738,0
1057,21.08118446824727,0
1058,21.464424073720217,0
1059,22.743446546165305,0
1060,23.259194757418626,0
1061,21.71865274271568,0
1062,23.209860212679384,0
1063,23.512084840597648,0
1064,25.412693741465624,0
1065,24.182589613047927,0
1066,25.89042538895478,0
1067,25.1041047529738,0
1068,27.400467299750996,0
1069,24.96297002397087,0
1070,24.88914643577296,0
1071,24.562620861284863,0
1072,24.531948179545644,0
1073,26.44964452386579,0
1074,23.08595012580976,0
1075,22.22558228489412,0
1076,22.355015736893794,0
1077,22.63704235195238,0
1078,20.35716703402429,0
1079,21.498688442288422,0
1080,20.812705641877297,0
1081,19.230505598461022,0
1082,18.500959835659494,0
1083,17.344932317979158,0
1084,17.27114463427887,0
1085,16.20132917865161,0
1086,17.75091262696774,0
1087,17.70254686238655,0
1088,15.42825377413733,0
1089,15.38100465516393,0
1090,13.312591538886414,0
1091,14.553483381692613,0
1092,15.377200601947916,0
1093,15.353069151422659,0
1094,15.330130938843494,0
1095,16.261601306109196,0
1096,15.796387229026275,0
1097,15.68045338763796,0
1098,18.09876559040643,0
1099,15.073795012279708,0
1100,16.37689707631759,0
1101,17.380534816759088,0
1102,18.007004990321544,0
1103,18.601899740491685,0
1104,19.801366003317426,0
1105,19.96500286104398,0
1106,21.259518783793244,0
1107,22.52305891738616,0
1108,22.546772900843226,0
1109,23.19359074343011,0
1110,22.61777624962373,0
1111,22.848316880509095,0
1112,24.052188695996232,0
1113,25.555552505550995,0
1114,25.216613374430974,0
1115,26.052435736025135,0
1116,26.001145910408134,0
1117,26.08739448226786,0
1118,24.03634830745853,0
1119,25.863942762919855,0
1120,25.09551208239862,0
1121,26.044047403575497,0
1122,24.133244019134228,0
1123,23.379267578498073,0
1124,22.382567136623084,0
1125,22.088904609898307,0
1126,19.661551386997488,0
1127,20.41579296562215,0
1128,19.973934148558676,0
1129,20.343894894848926,0
1130,18.065361537654347,0
1131,18.230292930318313,0
1132,19.327550785553612,0
1133,16.44216173827167,0
1134,17.314342387309942,0
1135,15.51516600456444,0
1136,15.5826976345792,0
1137,15.85058990184241,0
1138,16.05958321176245,0
1139,14.56599588251052,0
1140,13.997901899907983,0
1141,16.561637043209235,0
1142,15.368360999725605,0
1143,16.18086325759848,0
1144,16.588451646280227,0
1145,16.79754262130792,0
1146,16.218308784466593,0
1147,16.834284460150375,0
1148,15.972529247921056,0
1149,18.277917400119804,0
1150,18.25392780132452,0
1151,19.337763755860557,0
1152,21.863750969000215,0
1153,21.346380922107357,0
1154,21.359566635210097,0
1155,20.58067250972895,0
1156,23.233711084887627,0
1157,24.56196048568424,0
1158,22.735066464459855,0
1159,24.39934136722219,0
1160,23.83205554804384,0
1161,24.482769713729486,0
1162,24.481701548494122,0
1163,23.380751398470043,0
1164,24.506928853649853,0
1165,23.371969455301585,0
1166,26.207855621192277,0
1167,25.658287042042176,0
1168,24.385194876229228,0
1169,24.253543985690058,0
1170,23.604263111031045,0
1171,23.251424347307214,0
1172,22.704905330563946,0
1173,21.689826435273794,0
1174,21.142219133348487,0
1175,19.34219841938593,0
1176,19.026965186540178,0
1177,18.763499392195765,0
1178,18.92233238082521,0
1179,17.733236451608278,0
1180,19.38588412352506,0
1181,16.78244851693621,0
1182,16.126611830635937,0
1183,16.471170965827945,0
1184,16.694419002561816,0
1185,17.21398911128593,0
1186,16.141251354886474,0
1187,14.479386817116808,0
1188,14.84798305802506,0
1189,16.08954581698429,0
1190,15.439371378267658,0
1191,16.18205865206854,0
1192,15.61402245286314,0
1193,17.621462947807498,0
1194,17.902134837282986,0
1195,18.07934493241629,0
1196,17.674330672376797,0
1197,16.529553342134765,0
1198,17.40682800068245,0
1199,19.6897653712888,0
1200,20.663820271017915,0
1201,17.826416193919005,0
1202,20.854987241671605,0
1203,23.065617190552462,0
1204,23.459987894031244,0
1205,22.583963682858194,0
1206,24.18560152701155,0
1207,24.02392134382365,0
1208,24.144543786730623,0
1209,25.742879690041146,0
1210,25.972659610263648,0
1211,24.47373674063032,0
1212,24.106156259773584,0
1213,23.70947128538821,0
1214,23.470795515268957,0
1215,25.954298448813674,0
1216,26.19495328721596,0
1217,24.20725655498185,0
1218,24.59845643010071,0
1219,22.410865711552116,0
1220,22.468254484768625,0
1221,22.844731511027316,0
1222,21.639074788043885,0
1223,20.655167830609322,0
1224,18.413744493129503,0
1225,17.966582695588848,0
1226,18.33953266120266,0
1227,17.584362412093395,0
1228,17.46603381558383,0
1229,16.371956085006346,0
1230,16.29041234663399,0
1231,16.1308946201308,0
1232,16.210894772661216,0
1233,15.482887616710693,0
1234,14.673337257340204,0
1235,14.809149220517389,0
1236,15.919282240588116,0
1237,14.878695919765214,0
1238,14.264289443955324,0
1239,14.434558240182032,0
1240,15.98103152164898,0
1241,16.612925620838443,0
1242,17.690813431222203,0
1243,16.676540359574737,0
1244,18.873537101328438,0
1245,17.78060341353978,0
1246,18.511247913376234,0
1247,18.825597913798596,0
1248,20.54115240155095,0
1249,21.702780615393166,0
1250,21.299090633456032,0
1251,21.454856790402708,0
1252,21.02707073962597,0
1253,23.215936478263977,0
1254,23.22917322339762,0
1255,23.797737856555766,0
1256,23.742617698630223,0
1257,23.793820758770675,0
1258,24.436994802277347,0
1259,25.416774618473166,0
1260,25.954648765318467,0
1261,24.968508849571407,0
1262,25.165685827276715,0
1263,24.449357004700513,0
1264,24.23029749460587,0
1265,22.659666781555927,0
1266,24.41351568612784,0
1267,23.643067820464996,0
1268,23.934431218910095,0
1269,21.33886015503673,0
1270,21.438747823816986,0
1271,19.77668578607755,0
1272,20.25395854425133,0
1273,19.248392268345007,0
1274,19.382653213489558,0
1275,17.96618030301568,0
1276,18.14498352989107,0
1277,16.501544455698735,0
1278,17.062619775776913,0
1279,15.761596317638718,0
1280,15.26793728042206,0
1281,15.487713475127217,0
1282,15.54936312227649,0
1283,13.698392415886431,0
1284,13.552822692679106,0
1285,15.24846254846267,0
1286,15.138268672003967,0
1287,13.43360431901609,0
1288,14.04253646482975,0
1289,15.312423198641161,0
1290,16.797868301587805,0
1291,17.177608898790766,0
1292,18.49983044452762,0
1293,19.245867030435786,0
1294,21.02593733572244,0
1295,17.975009133735778,0
1296,19.986214874562688,0
1297,21.70984955822489,0
1298,20.10262835109071,0
1299,20.572776223559654,0
1300,22.716816636531682,0
1301,24.131495484798354,0
1302,24.77618914501436,0
1303,22.268948983952296,0
1304,23.178312411472263,0
1305,24.552039421694687,0
1306,24.342850655569947,0
1307,25.296681058824202,0
1308,25.156755356745474,0
1309,26.693135330937277,0
1310,24.796186676236985,0
1311,24.824370404323453,0
1312,24.43208992787597,0
1313,25.068410673393345,0
1314,22.485957055652115,0
1315,23.447614563087402,0
1316,21.780330687537354,0
1317,20.568081739760355,0
1318,22.470382078262727,0
1319,21.195314374306584,0
1320,21.390468251004208,0
1321,19.63013454610533,0
1322,19.373015091199722,0
1323,18.255955999124673,0
1324,18.09174837581293,0
1325,16.595283480527478,0
1326,18.166068618406513,0
1327,15.213036299795258,0
1328,17.37563340378972,0
1329,15.232016375390915,0
1330,16.06254779475457,0
1331,15.223580429363274,0
1332,15.482285534246476,0
1333,16.54180620036098,0
1334,15.359109287876716,0
1335,14.510706812363331,0
1336,15.954673936698759,0
1337,16.718160506854957,0
1338,14.120791723662828,0
1339,17.96171284318801,0
1340,18.618606788331732,0
1341,16.410814376326798,0
1342,18.60804350563734,0
1343,20.20364158637306,0
1344,18.920728849506453,0
1345,20.293833379568607,0
1346,21.014593123616383,0
1347,22.51387650978613,0
1348,23.64361352614754,0
1349,23.06675692340316,0
1350,23.650902223621376,0
1351,24.92871038828227,0
1352,24.915488173975625,0
1353,24.565448550294185,0
1354,26.188172879847333,0
1355,23.621931664809303,0
1356,25.20206536712335,0
1357,24.596819650382947,0
1358,24.387130922627012,0
1359,24.865752204854633,0
1360,24.41967168379957,0
1361,26.43366949027469,0
1362,24.219896327861857,0
1363,23.440767410469537,0
1364,24.174640451720162,0
1365,22.962790483972892,0
1366,19.512830408291233,0
1367,20.823080727166428,0
1368,20.781863247297515,0
1369,18.801527263788174,0
1370,19.045786207247843,0
1371,17.68498972897509,0
1372,17.91614665737347,0
1373,15.398622985489036,0
1374,14.590215233993918,0
1375,15.53590171767167,0
1376,15.934794508218097,0
1377,16.73374203783174,0
1378,14.937989189853111,0
1379,14.344669475335401,0
1380,15.942022706178673,0
1381,15.115578173116404,0
1382,16.98578912656114,0
1383,15.3298632245825,0
1384,13.785355332444242,0
1385,15.282040323461391,0
1386,15.559355625289783,0
1387,15.616279934199188,0
1388,16.76751131000671,0
1389,17.43786165342772,0
1390,18.455392127976356,0
1391,18.835705309840137,0
1392,20.4315355666092,0
1393,21.088529520619748,0
1394,21.49627504363554,0
1395,22.13562737679628,0
1396,20.66575793745183,0
1397,21.422297720333013,0
1398,22.691783409506115,0
1399,24.243501154398054,0
1400,22.908554607346304,0
1401,24.227999075025846,0
1402,25.099353239061262,0
1403,26.94393190528852,0
1404,25.28176867203176,0
1405,24.451298208166282,0
1406,25.932030104480507,0
1407,24.843736936348993,0
1408,24.054435196359574,0
1409,25.086598976790665,0
1410,22.644845298786237,0
1411,23.249241043029432,0
1412,22.593749961912625,0
1413,22.82066288548728,0
1414,20.169882041568247,0
1415,19.3797398954929,0
1416,19.62164875768298,0
1417,19.080977413644053,0
1418,18.751529687871578,0
1419,17.717811843796028,0
1420,17.92910755917728,0
1421,17.640788741757536,0
1422,16.68567193002821,0
1423,14.98678987493717,0
1424,16.811050840909616,0
1425,13.856523272140539,0
1426,14.961417669843264,0
1427,15.920179837952738,0
1428,14.381803927862851,0
1429,16.31746827456655,0
1430,17.061153461627008,0
1431,16.93578971153068,0
1432,16.09298623853687,0
1433,16.99824720462455,0
1434,15.94607634923564,0
1435,17.34451139765821,0
1436,17.943107292241866,0
1437,18.17008232996826,0
1438,18.850302116647253,0
1439,19.13222100051518,0
1440,18.042146959474582,0
1441,21.040774964261853,0
1442,21.59630645538048,0
1443,23.942722603188383,0
1444,23.19771564229817,0
1445,23.101915219597544,0
1446,24.395010118960712,0
1447,24.576661880596603,0
1448,24.304568828541388,0
1449,24.232047245203248,0
1450,23.361630033160445,0
1451,25.070627836254122,0
1452,26.607428155523483,0
1453,23.093570167095727,0
1454,23.875985787113756,0
1455,25.36267626113529,0
1456,24.51372648295846,0
1457,24.37614471591201,0
1458,21.67776016533081,0
1459,22.449216770243872,0
1460,22.99453976632666,0
1461,22.491315949849398,0
1462,21.579907713399024,0
1463,19.766546438945674,0
1464,20.529032627491862,0
1465,18.15055241057846,0
1466,17.76186541392964,0
1467,16.918854067836655,0
1468,18.925971222077038,0
1469,16.53678989855542,0
1470,16.510470239053667,0
1471,13.834809306335497,0
1472,16.751177732251097,0
1473,15.832788454251967,0
1474,13.51234778688781,0
1475,13.43295353833626,0
1476,16.642922863177816,0
1477,14.09157930426288,0
1478,16.994410299831106,0
1479,14.9027007034672,0
1480,13.184036753241642,0
1481,17.126574685532766,0
1482,16.953952269275156,0
1483,17.624363272273392,0
1484,16.981090984892077,0
1485,17.8612523378226,0
1486,19.648052145228146,0
1487,18.514393467515855,0
1488,18.024771033668802,0
1489,21.54497762795462,0
1490,20.661847762166403,0
1491,23.171325565611777,0
1492,22.00437025306282,0
1493,22.603053296959228,0
1494,23.26940933902153,0
1495,21.60045134983767,0
1496,25.488767087438383,0
1497,23.97614933781126,0
1498,24.61890628651389,0
1499,26.40386458703585,0
1500,25.099964332739376,0
1501,25.836298118682155,0
1502,25.149872150989317,0
1503,25.37610668194438,0
1504,24.592421961960817,0
1505,25.10556022065018,0
1506,23.31139505304282,0
1507,23.49032116500556,0
1508,21.778578382306097,0
1509,23.084791005921893,0
1510,19.10034297351974,0
1511,20.825385499708005,0
1512,20.34790595792659,0
1513,19.6764108862335,0
1514,18.68611383766688,0
1515,19.412637968661407,0
1516,19.601428950684443,0
1517,16.34879703306512,0
1518,14.544378372742358,0
1519,14.93405437386441,0
1520,14.845490202042937,0
1521,15.232500063311747,0
1522,15.102733876394744,0
1523,16.108241094534083,0
1524,14.560696689455199,0
1525,14.993146311993502,0
1526,15.267504282705033,0
1527,14.489922366401053,0
1528,15.339537651298027,0
1529,18.775824563470792,0
1530,16.359333370295914,0
1531,15.980874656104382,0
1532,15.30980362016863,0
1533,19.110706718931876,0
1534,18.37027483595351,0
1535,18.699915730092425,0
1536,22.43084343600694,0
1537,22.07090848489354,0
1538,19.568764965071217,0
1539,21.551994347543992,0
1540,23.483833747174263,0
1541,23.864558937419257,0
1542,22.408434034457652,0
1543,25.728861019731177,0
1544,26.165934171014836,0
1545,23.49663235520335,0
1546,23.049299090244435,0
1547,23.551535601647604,0
1548,25.65078180888151,0
1549,26.01941003362095,0
1550,24.99704618262565,0
1551,24.00643286573486,0
1552,24.218975942227903,0
1553,24.512021559598054,0
1554,22.302857064501755,0
1555,21.326971395083447,0
1556,22.394385928841146,0
1557,23.12672536019393,0
1558,21.463936158946105,0
1559,20.82526289877407,0
1560,19.30375805066561,0
1561,20.24511617563611,0
1562,16.975703608362576,0
1563,17.998152596811074,0
1564,16.882671348320603,0
1565,16.777518359296977,0
1566,15.51227531345734,0
1567,16.7558584090912,0
1568,15.565323738963308,0
1569,14.75613602690254,0
1570,15.650828554741997,0
1571,14.961180869935694,0
1572,14.449894432235627,0
1573,14.42125757526552,0
1574,15.91660412970026,0
1575,14.40866141820808,0
1576,15.41418279989464,0
1577,15.730750329538376,0
1578,16.74329160201587,0
1579,16.727734165018983,0
1580,19.621237474996242,0
1581,16.304228614981803,0
1582,19.262217478515463,0
1583,19.27837400789518,0
1584,21.07195886669136,0
1585,18.991114129577532,0
1586,22.473356272328125,0
1587,20.493002768600686,0
1588,23.152658910211578,0
1589,23.516787664166895,0
1590,23.52770352691045,0
1591,23.19076162665206,0
1592,23.474637909959988,0
1593,24.6780118793298,0
1594,24.039117511333185,0
1595,22.966857714487652,0
1596,23.15293049540324,0
1597,25.71790991084099,0
1598,25.61512981152794,0
1599,25.098120223342526,0
1600,24.342386094576113,0
1601,24.313026193525726,0
1602,23.99766265344443,0
1603,23.26368334253231,0
1604,21.677468250333582,0
1605,21.150561285074897,0
1606,20.113464624076624,0
1607,20.776320185918735,0
1608,18.98160147567916,0
1609,19.162158428950175,0
1610,19.99550090725597,0
1611,17.685816340539976,0
1612,18.447701159243238,0
1613,18.492839532471994,0
1614,14.61825857363776,0
1615,14.578229458059756,0
1616,16.12345133217242,0
1617,14.653042831640843,0
1618,15.687847316218827,0
1619,15.733652860714566,0
1620,14.470961777831596,0
1621,15.855118067422609,0
1622,16.90126737459496,0
1623,16.32508429097106,0
1624,14.784605113629107,0
1625,15.878612695941857,0
1626,15.919864069616528,0
1627,18.51753523330257,0
1628,17.301395804528898,0
1629,17.392160742028008,0
1630,18.749576567410475,0
1631,19.859837626953627,0
1632,19.62366870707771,0
1633,20.759688877571808,0
1634,21.296587014330704,0
1635,22.65499884198477,0
1636,23.47789992291585,0
1637,23.323492344964222,0
1638,23.07517597738723,0
1639,24.380723339287297,0
1640,23.447547301950987,0
1641,25.704145287256676,0
1642,25.18999513832736,0
1643,25.21466763339661,0
1644,22.589701771802446,0
1645,27.341410261468546,0
1646,26.300788404768927,0
1647,25.907872087199475,0
1648,24.477186388269477,0
1649,24.66061153209116,0
1650,26.416814386151053,0
1651,22.387821694373557,0
1652,23.275938046888403,0
1653,22.54771187541393,0
1654,21.470567675723103,0
1655,21.044095623927927,0
1656,19.060909109251323,0
1657,20.038908167286223,0
1658,17.442728146215856,0
1659,19.968749436345043,0
1660,18.35213526304991,0
1661,16.159444237314055,0
1662,14.42812586684486,0
1663,16.196672539546256,0
1664,16.23791694293403,0
1665,14.447818063501042,0
1666,16.911869425457436,0
1667,15.381829416544448,0
1668,14.605325179867853,0
1669,13.717518936700648,0
1670,15.123016478430282,0
1671,15.25620260009327,0
1672,16.395937171937472,0
1673,17.15901957485178,0
1674,16.57248890350075,0
1675,17.495106663061502,0
1676,19.00306302621398,0
1677,18.7833562930694,0
1678,18.52684922464557,0
1679,20.04567010060294,0
1680,19.557616602611184,0
1681,21.183926677965093,0
1682,21.42445071163735,0
1683,20.894625612121466,0
1684,23.183029592150618,0
1685,23.207035162130396,0
1686,24.34619580424355,0
1687,22.718151891238346,0
1688,25.516302877765035,0
1689,25.848209674738463,0
1690,24.555470639430702,0
1691,24.934774420679442,0
1692,25.122531404021487,0
1693,25.009650148645424,0
1694,25.737011690092576,0
1695,23.976330478060945,0
1696,23.249228225997047,0
1697,23.79075026604441,0
1698,25.498505516534085,0
1699,22.716198307395164,0
1700,21.559471332231645,0
1701,21.051050289180292,0
1702,21.515024018688084,0
1703,21.880824696092876,0
1704,19.313756882864705,0
1705,19.569712817509586,0
1706,18.966387531985365,0
1707,18.597531015854997,0
1708,17.68895459546969,0
1709,18.05036171349249,0
1710,17.194221105603056,0
1711,15.459893787041363,0
1712,18.13711938166812,0
1713,14.058746577022928,0
1714,13.893110805236837,0
1715,16.118276086179193,0
1716,15.226015255847539,0
1717,14.833836290475352,0
1718,15.409864730203973,0
1719,16.10508671564488,0
1720,15.284333436829078,0
1721,15.434902990513326,0
1722,15.451911550713419,0
1723,16.129616431884365,0
1724,16.73402134317704,0
1725,19.265432430134414,0
1726,19.01751103078264,0
1727,19.923026016911628,0
1728,19.4679345030998,0
1729,21.731646013102235,0
1730,19.763235694854504,0
1731,22.417116797027226,0
1732,23.22344642102688,0
1733,22.492575884794974,0
1734,22.536548877766325,0
1735,24.51342419178381,0
1736,23.64577139334041,0
1737,23.749122241313618,0
1738,24.831647767798643,0
1739,23.861507785697146,0
1740,24.886030706301256,0
1741,27.006324232784134,0
1742,24.41470333716135,0
1743,25.549198667623283,0
1744,23.298910195135683,0
1745,24.072098199265824,0
1746,23.28606045584755,0
1747,22.89817076761086,0
1748,23.278255903674317,0
1749,24.083250993691266,0
1750,21.187790160222818,0
1751,21.977338916145264,0
1752,20.370415570131197,0
1753,20.103864310007037,0
1754,18.257207839046707,0
1755,17.399356673280924,0
1756,17.318430573728964,0
1757,16.20253114010359,0
1758,16.47358976669579,0
1759,14.995696071018097,0
1760,15.693018663854017,0
1761,15.575236550904231,0
1762,17.00427250352565,0
1763,16.78477326955286,0
1764,15.52831762925414,0
1765,14.559078805515488,0
1766,15.79716736176335,0
1767,16.21645009480914,0
1768,15.493192727473888,0
1769,15.203861956956278,0
1770,14.69318952733806,0
1771,16.93719277914378,0
1772,19.441676943280843,0
1773,17.899899274281474,0
1774,19.11159119563869,0
1775,19.733045842873928,0
1776,20.50512845309462,0
1777,21.44717164019133,0
1778,19.310424137217463,0
1779,21.784658026000063,0
1780,22.898837604779303,0
1781,22.976756697157928,0
1782,24.77424253711644,0
1783,23.61870621752928,0
1784,25.277076352071717,0
1785,26.41143906049412,0
1786,24.604220720516167,0
1787,25.014983996723853,0
1788,24.737689241939723,0
1789,25.754682512427944,0
1790,22.72163585225738,0
1791,23.18888204711389,0
1792,24.070048402409206,0
1793,24.874246067084,0
1794,24.163321158253595,0
1795,22.26196641995699,0
1796,24.144761246695968,0
1797,22.064267974831896,0
1798,20.709037986778306,0
1799,21.22501524396596,0
1800,21.347476107972195,0
1801,19.322784059548024,0
1802,17.22991361808428,0
1803,17.578766538176044,0
1804,17.638030622205466,0
1805,17.942387155722805,0
1806,15.50638845966835,0
1807,16.34202800035923,0
1808,14.53041924983141,0
1809,15.50390721281816,0
1810,13.883532845293832,0
1811,14.626253508800975,0
1812,13.522442222237903,0
1813,14.109836952458844,0
1814,13.625521984394934,0
1815,13.45702021015983,0
1816,16.94381270555731,0
1817,17.261972040016687,0
1818,16.994525190309645,0
1819,16.649209934231333,0
1820,19.022314996776565,0
1821,17.85679031754349,0
1822,19.185927313279805,0
1823,20.538730597776095,0
1824,20.27901453444133,0
1825,22.189459939517903,0
1826,21.207476431747335,0
1827,21.818579855033406,0
1828,22.691756288955442,0
1829,21.947871088215273,0
1830,22.520870938216003,0
1831,24.8063105321503,0
1832,22.66355315137856,0
1833,25.814480634370156,0
1834,25.168692895587764,0
1835,26.209168477283594,0
1836,25.83130031342224,0
1837,25.625251159716278,0
1838,26.64275905697346,0
1839,24.61277831000861,0
1840,24.296222792172667,0
1841,25.16641218454414,0
1842,22.945045724034696,0
1843,24.25022301533097,0
1844,23.261138038235316,0
1845,21.48143149888928,0
1846,20.08859036089678,0
1847,18.696635220255274,0
1848,21.946076091086905,0
1849,17.92198782348296,0
1850,17.56458627685346,0
1851,19.01902451634773,0
1852,18.038901483322384,0
1853,17.2307091351102,0
1854,16.61056498121148,0
1855,15.667527826425355,0
1856,14.805177578437815,0
1857,14.695381421597702,0
1858,15.823281179794257,0
1859,16.176236739221725,0
1860,16.238770666757908,0
1861,15.057172472714848,0
1862,12.970319346145619,0
1863,15.940227589496821,0
1864,15.570504127136527,0
1865,13.392236755360791,0
1866,17.902131135444137,0
1867,17.228400273200503,0
1868,17.496645087544422,0
1869,18.335976950825273,0
1870,18.87937129592039,0
1871,19.63973451119215,0
1872,20.170902008882663,0
1873,20.732336507417905,0
1874,21.924655787906975,0
1875,22.32066117208913,0
1876,24.980553533060267,0
1877,23.24796485656074,0
1878,23.088294774528833,0
1879,23.434294270163875,0
1880,24.78595614159488,0
1881,24.81453521238657,0
1882,25.15171258485634,0
1883,24.832313008810786,0
1884,24.895054942448606,0
1885,25.790763897935157,0
1886,26.274807170871657,0
1887,25.04431586191498,0
1888,24.30193958014289,0
1889,22.882197923026524,0
1890,22.449912420001354,0
1891,23.16429108182392,0
1892,22.324644848993223,0
1893,21.883918962022356,0
1894,20.246880641387225,0
1895,20.59009322955662,0
1896,18.10675559276152,0
1897,18.207552174208026,0
1898,17.963712227935165,0
1899,18.72588382539944,0
1900,16.933758256429783,0
1901,16.052353967257147,0
1902,16.77467871270375,0
1903,15.970110987330967,0
1904,16.627705917079975,0
1905,15.734645474435032,0
1906,15.411168483441983,0
1907,14.876457014907746,0
1908,15.683739753635818,0
1909,14.326789529998981,0
1910,13.654783394955537,0
1911,16.299445518449968,0
1912,15.204826283709668,0
1913,16.08893522338476,0
1914,17.097364558917686,0
1915,17.982093029868885,0
1916,14.59682290138913,0
1917,17.039714338713342,0
1918,19.93965463131121,0
1919,17.64185117009541,0
1920,20.47626402045314,0
1921,20.289930246343207,0
1922,20.40199487819856,0
1923,21.782281451770913,0
1924,20.803489231135917,0
1925,23.449702962932943,0
1926,24.71204025664815,0
1927,22.53429743623639,0
1928,23.65641477970462,0
1929,25.820675129469002,0
1930,25.197863732109724,0
1931,24.629295222052093,0
1932,26.435184859262737,0
1933,23.270103357933614,0
1934,24.548630527492705,0
1935,24.708501521926905,0
1936,24.005915983501264,0
1937,24.76174808294794,0
1938,21.851385155873487,0
1939,23.085748707895256,0
1940,21.704891858432543,0
1941,23.112119365936046,0
1942,22.338737577366544,0
1943,19.898553180812915,0
1944,18.889017997929162,0
1945,19.294929984986048,0
1946,17.836423121586872,0
1947,17.50781710818089,0
1948,17.92370518876835,0
1949,16.48764031009732,0
1950,18.278364404507546,0
1951,16.092753725691804,0
1952,15.137548757237633,0
1953,14.250446862332529,0
1954,14.639199583954465,0
1955,16.14482177002369,0
1956,15.541875150320644,0
1957,16.468077664503813,0
1958,16.476722143600053,0
1959,15.929284368874459,0
1960,14.961508117564673,0
1961,15.87273423080979,0
1962,16.523794207298142,0
1963,15.287137502529635,0
1964,17.82165477287614,0
1965,17.03474526664428,0
1966,18.610054459955236,0
1967,18.82006980416581,0
1968,20.573653787392146,0
1969,23.285755143148467,0
1970,20.087186533415874,0
1971,21.886230582553484,0
1972,24.545962716830275,0
1973,22.105636284118685,0
1974,23.302095540083112,0
1975,23.853100793142087,0
1976,24.636793190366827,0
1977,22.989829908132936,0
1978,25.132615851497164,0
1979,25.560689527318974,0
1980,27.554124348895932,0
1981,24.876999510891665,0
1982,24.248866916331313,0
1983,24.75163529346047,0
1984,21.705996812565456,0
1985,24.305777460125686,0
1986,25.100820574460847,0
1987,23.01070310303029,0
1988,22.46599488929983,0
1989,21.67078897009329,0
1990,21.435831018271426,0
1991,19.40689484358432,0
1992,21.556157053327635,0
1993,18.891427827425456,0
1994,18.255897388845582,0
1995,19.758305649287646,0
1996,17.53138326337851,0
1997,16.54544449001033,0
1998,18.135148267607963,0
1999,16.232579553810055,0
2000,16.631820150491745,0
2001,14.827982110526433,0
2002,13.415891609954599,0
2003,15.240488956954355,0
2004,16.45997510387321,0
2005,14.603363573186963,0
2006,15.56105521076093,0
2007,16.132518900113215,0
2008,15.961281110167329,0
2009,16.133568836092394,0
2010,17.2697702030022,0
2011,17.20028234782626,0
2012,16.9948824205118,0
2013,19.179379040035514,0
2014,19.546271045006755,0
2015,19.759913532326404,0
2016,20.759542529601326,0
2017,18.038641335823893,0
2018,21.59994678545856,0
2019,21.990891883034678,0
2020,20.53991614928077,0
2021,25.165589855703523,0
2022,23.926606209883165,0
2023,23.564543267201728,0
2024,23.991260182509365,0
2025,24.92739442035816,0
2026,24.85414452037661,0
2027,23.380213163616784,0
2028,24.63957531726026,0
2029,25.448660578133474,0
2030,25.489314403252116,0
2031,25.53292383058454,0
2032,23.30803389089783,0
2033,23.376680373837612,0
2034,23.95557911238311,0
2035,22.479621262115586,0
2036,22.764088064574903,0
2037,21.128172410942586,0
2038,21.935000848762265,0
2039,20.76826809917533,0
2040,20.640291928547814,0
2041,19.44119356704463,0
2042,17.975946990598583,0
2043,16.92210819056167,0
2044,17.60823257324431,0
2045,16.40738346078868,0
2046,15.036234905090732,0
2047,15.549610619650979,0
2048,16.533823383386345,0
2049,16.69501134314304,0
2050,16.008608666452695,0
2051,16.483651337830647,0
2052,14.703635889314413,0
2053,14.969950049232047,0
2054,14.292232957860028,0
2055,14.68303882414147,0
2056,17.369750977453208,0
2057,16.552465589101075,0
2058,17.20030706297057,0
2059,19.66075586134738,0
2060,19.523057304853864,0
2061,17.304490304983805,0
2062,19.777988214033268,0
2063,18.67657406398412,0
2064,21.08389828003951,0
2065,18.852457972537305,0
2066,20.440015969794374,0
2067,21.081976942953325,0
2068,24.60687973925891,0
2069,21.347794958958744,0
2070,24.744632702671197,0
2071,25.14128917799542,0
2072,24.54136077084806,0
2073,25.549901864839605,0
2074,27.52002452398782,0
2075,25.304479482942448,0
2076,24.814071428314715,0
2077,26.41400984020806,0
2078,25.711416977938757,0
2079,23.55220303502177,0
2080,24.61160937433494,0
2081,24.345524564635078,0
2082,22.473125855847854,0
2083,22.174866229291503,0
2084,21.922071784506358,0
2085,20.787765193657787,0
2086,21.904016309083932,0
2087,21.044253835076567,0
2088,17.841560604952345,0
2089,19.00538986911204,0
2090,18.94627998075444,0
2091,16.80192403545326,0
2092,17.298174389592933,0
2093,17.328548300268906,0
2094,14.82046918126689,0
2095,15.79747270874799,0
2096,13.345414469878058,0
2097,16.20768884655103,0
2098,14.49156765956598,0
2099,13.63447763096079,0
2100,13.186501397320628,0
2101,13.424149905717961,0
2102,16.516705094778377,0
2103,14.571423918263614,0
2104,15.131124049114074,0
2105,15.670398085367708,0
2106,14.969741407686156,0
2107,17.76025330651119,0
2108,14.985424547188938,0
2109,19.016536707479332,0
2110,17.958215463507,0
2111,19.409634816779484,0
2112,20.31638235477816,0
2113,21.517408136365614,0
2114,20.048900785015856,0
2115,22.545112458460917,0
2116,22.45746502434628,0
2117,22.894083790737355,0
2118,23.256483564315293,0
2119,25.10706611413346,0
2120,24.814401565261857,0
2121,25.916679152437265,0
2122,25.765330523372896,0
2123,22.94806967266989,0
2124,24.898275051176547,0
2125,25.984235379635326,0
2126,23.91384933686308,0
2127,22.91004809565055,0
2128,21.99621374149225,0
2129,25.98652696874458,0
2130,22.5931670806901,0
2131,23.212962378057156,0
2132,21.400338590450716,0
2133,22.339570670955183,0
2134,22.97479458045227,0
2135,19.16865624352167,0
2136,19.92864009524847,0
2137,18.560841494904444,0
2138,16.783939091965117,0
2139,17.168562168214155,0
2140,17.522351490029575,0
2141,18.21017737040102,0
2142,17.764299173743936,0
2143,16.012073545069235,0
2144,13.976146621807347,0
2145,16.05243819892398,0
2146,15.161816849478068,0
2147,15.023210489227832,0
2148,13.827130193317718,0
2149,14.880149446080848,0
2150,17.17531778275367,0
2151,16.902242088304796,0
2152,16.971274973827995,0
2153,16.71636180622985,0
2154,16.058111560779015,0
2155,16.958094998913936,0
2156,17.6545584416701,0
2157,18.48573608895323,0
2158,18.349659580713855,0
2159,18.463683817308812,0
2160,21.14464086933202,0
2161,20.272491065213266,0
2162,22.15644946347988,0
2163,21.73655242790377,0
2164,23.195436976835918,0
2165,23.572857987838375,0
2166,24.295689129177106,0
2167,24.67377712312554,0
2168,23.364470641517535,0
2169,23.235213057353764,0
2170,24.785883609565317,0
2171,26.65156919342102,0
2172,24.152583746318506,0
2173,24.012011475428952,0
2174,27.160025757289475,0
2175,23.04268329322042,0
2176,23.748455120676446,0
2177,23.551771047986264,0
2178,22.84518624834251,0
2179,22.38684278203393,0
2180,23.603842277526176,0
2181,22.125901876879574,0
2182,21.481991088716647,0
2183,18.963223117852287,0
2184,20.813377222846647,0
2185,19.517511095584297,0
2186,18.862611973976914,0
2187,18.930712142433567,0
2188,17.822253750991422,0
2189,16.929618905824153,0
2190,16.89400508216466,0
2191,15.314841496267109,0
2192,14.750158639166928,0
2193,14.003649654307015,0
2194,16.159224441025124,0
2195,14.38085370252311,0
2196,15.183927217210584,0
2197,16.178442874947585,0
2198,17.01817383034233,0
2199,15.019549071694417,0
2200,15.844682268340952,0
2201,16.136193987564056,0
2202,15.139098268982261,0
2203,16.4743823321565,0
2204,20.35319012875271,0
2205,18.028760852058273,0
2206,20.516218880794515,0
2207,20.132333410730553,0
2208,21.79891272128407,0
2209,22.011654942310123,0
2210,21.53272627150365,0
2211,20.659403392190118,0
2212,23.96690090660391,0
2213,23.77241479687394,0
2214,24.03665771455097,0
2215,24.858189556703913,0
2216,23.528402617743073,0
2217,24.758210775591092,0
2218,24.83196677956492,0
2219,23.448638943965193,0
2220,23.782471982839287,0
2221,24.83439266240341,0
2222,22.575308953308983,0
2223,25.372880889086815,0
2224,25.118138635377292,0
2225,23.892226802342545,0
2226,23.82258689842575,0
2227,21.193079976003013,0
2228,22.67429619548862,0
2229,22.67701699466528,0
2230,21.807242768844834,0
2231,21.587252591126557,0
2232,19.93159730763284,0
2233,21.37382934422486,0
2234,19.143295659566878,0
2235,18.89042920667856,0
2236,18.59738926427722,0
2237,16.17190773391617,0
2238,15.314969722498915,0
2239,16.824156831486473,0
2240,14.38991902097584,0
2241,14.764545101090881,0
2242,16.17004072116959,0
2243,13.924725806260827,0
2244,13.995043370007771,0
2245,13.773214983609924,0
2246,14.10266625513177,0
2247,17.281017561436762,0
2248,16.22166180386247,0
2249,17.005523695929675,0
2250,14.482811079388048,0
2251,14.498607809946918,0
2252,16.32087477206236,0
2253,19.14287732514587,0
2254,19.89247248265897,0
2255,17.322793510535767,0
2256,18.208157982523137,0
2257,21.303674442597075,0
2258,21.534366874387043,0
2259,22.34306732278009,0
2260,23.157249050111798,0
2261,21.99731716488317,0
2262,23.64313973577101,0
2263,23.659662595823175,0
2264,25.561883921262357,0
2265,24.283586468836578,0
2266,22.882428218289093,0
2267,26.221478334131536,0
2268,26.81755267416985,0
2269,25.924654579175073,0
2270,24.470719854400585,0
2271,23.63002581420916,0
2272,25.329909105963264,0
2273,23.40214131263815,0
2274,24.04097568542887,0
2275,23.813907456704452,0
2276,22.33602560725276,0
2277,19.847539666633704,0
2278,21.775466719155467,0
2279,19.602901102903836,0
2280,18.38009732353356,0
2281,19.269261285173155,0
2282,18.813568556239904,0
2283,17.96106640596587,0
2284,18.11255515766949,0
2285,14.978522361089428,0
2286,17.02395058185127,0
2287,17.657528782116305,0
2288,15.553838238368845,0
2289,14.836785646844842,0
2290,14.96197655400158,0
2291,16.258041926656592,0
2292,14.77744415443282,0
2293,14.203972528540271,0
2294,13.41444779524193,0
2295,16.78737822420639,0
2296,17.094966486105292,0
2297,16.013625386392043,0
2298,18.54959593043624,0
2299,16.52793781840814,0
2300,18.212822234776763,0
2301,16.72768063998334,0
2302,17.65663693853451,0
2303,19.316463334242236,0
2304,20.46287250007245,0
2305,21.258968504814522,0
2306,20.360934218250893,0
2307,21.35422697024009,0
2308,22.367182753048354,0
2309,22.737413969619492,0
2310,23.252253222475176,0
2311,24.777548453459787,0
2312,25.495654133681686,0
2313,22.72228387937736,0
2314,26.152996864250934,0
2315,25.124084248564635,0
2316,25.31796360739032,0
2317,25.286248350907513,0
2318,25.76557308396823,0
2319,25.315657013434482,0
2320,22.76127196941791,0
2321,24.837522768418253,0
2322,22.38016376843885,0
2323,23.426010814678023,0
2324,22.710116832513016,0
2325,20.339505512312396,0
2326,21.30173095903907,0
2327,20.386996992641862,0
2328,19.311432430947647,0
2329,21.40298827079564,0
2330,18.862978531352617,0
2331,17.70582527121866,0
2332,19.26593121383496,0
2333,16.92114105739838,0
2334,16.32315069433811,0
2335,13.993606621589954,0
2336,16.275846267189014,0
2337,16.393164701015404,0
2338,17.10727323688085,0
2339,14.010985594313038,0
2340,16.056767526747656,0
2341,16.46390578772778,0
2342,15.901617865528523,0
2343,15.38103995655477,0
2344,13.991095401371583,0
2345,16.221185514973957,0
2346,15.897743667004463,0
2347,15.18458519150949,0
2348,18.108150173691037,0
2349,17.96028883104665,0
2350,18.463515938859977,0
2351,21.347357145320547,0
2352,19.453431723061165,0
2353,18.53871361726044,0
2354,19.033432805486054,0
2355,22.43962947421419,0
2356,22.27176748964756,0
2357,22.267207923592174,0
2358,21.372172286095083,0
2359,23.114076447009438,0
2360,23.176804463660932,0
2361,24.492382196751652,0
2362,23.941031500656575,0
2363,24.05166881984054,0
2364,24.934326937046585,0
2365,24.135872420997874,0
2366,25.136440102001405,0
2367,21.130305526132336,0
2368,23.046547323739404,0
2369,25.170543390833274,0
2370,23.71481062000143,0
2371,21.912895546262263,0
2372,22.28025160234884,0
2373,21.296565120349673,0
2374,20.88788350594663,0
2375,22.071354838117728,0
2376,19.54483219218266,0
2377,19.52615014883522,0
2378,17.808190708619513,0
2379,17.29838649678699,0
2380,15.89568316350444,0
2381,16.25551315635034,0
2382,16.010724712665624,0
2383,15.683786160354225,0
2384,15.68962078245884,0
2385,15.441658118690235,0
2386,15.801242327522546,0
2387,14.791365593158893,0
2388,16.29574528706056,0
2389,15.623936784380435,0
2390,16.536993519587877,0
2391,15.295959191779607,0
2392,16.86903532846408,0
2393,16.098482104819347,0
2394,14.759939600037036,0
2395,16.904648880434358,0
2396,17.292591929060016,0
2397,16.58232136740692,0
2398,17.677545939223542,0
2399,18.7037919165829,0
2400,22.279287117465152,0
2401,20.93849259397098,0
2402,23.102972646006815,0
2403,22.83213097692968,0
2404,23.57016339284658,0
2405,23.84102792458329,0
2406,22.007445572285267,0
2407,25.211337509661533,0
2408,23.294923759662858,0
2409,25.042501276807712,0
2410,24.707516754674952,0
2411,26.576396676835415,0
2412,26.192905066978458,0
2413,26.79304464389531,0
2414,25.30975002485119,0
2415,24.614849901961705,0
2416,25.09610686821773,0
2417,26.374654720347802,0
2418,24.05089567611501,0
2419,23.079677820780578,0
2420,21.252655172851725,0
2421,21.153182086576187,0
2422,21.202017981635713,0
2423,21.326483643029455,0
2424,20.620242728663463,0
2425,19.242057472363186,0
2426,18.834425325030526,0
2427,19.626019577204037,0
2428,19.353475096687127,0
2429,18.158208072809025,0
2430,18.0002519416488,0
2431,17.28341516777708,0
2432,17.50449979249089,0
2433,14.114048032672592,0
2434,14.656575731034625,0
2435,15.280135718625278,0
2436,15.391063751593638,0
2437,16.390052011305496,0
2438,13.322056356875317,0
2439,15.530709649306186,0
2440,15.939375183889622,0
2441,15.356683463103167,0
2442,16.327699086095098,0
2443,17.966193161982925,0
2444,17.972312175460416,0
2445,17.96538936406331,0
2446,18.919235238592965,0
2447,19.229463448241752,0
2448,20.948935431821454,0
2449,20.558926575839948,0
2450,22.28902741907843,0
2451,21.36349792188279,0
2452,22.476435783617823,0
2453,21.92969266155574,0
2454,23.34127949881215,0
2455,24.822338616389008,0
2456,23.32384263479488,0
2457,24.279636417796446,0
2458,24.949018158648702,0
2459,24.614564417863775,0
2460,25.857040922055813,0
2461,23.72528759227862,0
2462,25.70898514731214,0
2463,25.964027890307218,0
2464,26.01516004969904,0
2465,23.92050497209475,0
2466,22.7470220616306,0
2467,21.477101530839604,0
2468,23.20561658757121,0
2469,22.759748660134086,0
2470,21.60733193382313,0
2471,21.019992056757424,0
2472,20.69744940529941,0
2473,19.006358861179812,0
2474,17.24683009910647,0
2475,16.670676860332833,0
2476,16.7293506724935,0
2477,16.05442854567584,0
2478,14.886163707140753,0
2479,15.620370789448229,0
2480,14.64779529284477,0
2481,16.063842198865085,0
2482,15.119291053944682,0
2483,15.864724943867317,0
2484,13.688072737968643,0
2485,13.958510213268474,0
2486,13.586365410614302,0
2487,15.690664026961802,0
2488,18.82964806845147,0
2489,16.27865337887104,0
2490,16.051400476406215,0
2491,17.194230516964765,0
2492,17.492298291183374,0
2493,19.081660870054126,0
2494,18.725717393504215,0
2495,18.484367526561904,0
2496,18.10927786320883,0
2497,21.038039746473117,0
2498,22.328044956878486,0
2499,22.087581861876345,0
2500,21.63046457844443,0
2501,22.631159257685578,0
2502,23.23419074467398,0
2503,24.576342328501756,0
2504,24.29281322476279,0
2505,25.823060535046263,0
2506,24.651608743880725,0
2507,24.330887681803056,0
2508,26.886249850882614,0
2509,23.974069983995573,0
2510,24.061164498481915,0
2511,26.742589592667567,0
2512,24.63784368161327,0
2513,25.78953394204851,0
2514,21.044086788120964,0
2515,24.33307596490557,0
2516,22.524232281770857,0
2517,22.04255517086927,0
2518,21.81524625395063,0
2519,17.89854254447675,0
2520,19.119624700968448,0
2521,19.822184713711632,0
2522,21.98638921034788,0
2523,17.352119767288393,0
2524,19.90227156316357,0
2525,17.622883045026562,0
2526,17.525125159550118,0
2527,15.088696074366258,0
2528,16.310697408469903,0
2529,14.539361103877146,0
2530,13.974028771471483,0
2531,16.35505004274841,0
2532,14.315436662549958,0
2533,14.552729700759249,0
2534,15.893318048053732,0
2535,14.585437630250562,0
2536,14.418653048997914,0
2537,16.283923209921234,0
2538,16.761037752964366,0
2539,18.511079504268697,0
2540,16.38673567847139,0
2541,18.8297798490379,0
2542,19.44756764759609,0
2543,18.925915711892227,0
2544,19.850490183581403,0
2545,20.693705047299527,0
2546,20.272590067668727,0
2547,20.597511893269527,0
2548,23.230164747603535,0
2549,21.984151935158938,0
2550,22.566904410799204,0
2551,24.780235872767143,0
2552,23.79598259460951,0
2553,24.222957056397806,0
2554,23.427600755021388,0
2555,23.719872007738804,0
2556,23.608927369931276,0
2557,23.571128450579753,0
2558,26.08820082097114,0
2559,23.6433388812332,0
2560,21.98702319536999,0
2561,22.84039143719069,0
2562,24.232289624807922,0
2563,21.853183092122126,0
2564,22.430325959473517,0
2565,20.93652106374164,0
2566,19.492182110612166,0
2567,20.065476013884872,0
2568,18.929679735268365,0
2569,19.48518003634686,0
2570,19.379707328328617,0
2571,17.97719745332666,0
2572,20.119720251790056,0
2573,15.84563717654447,0
2574,17.7733606944348,0
2575,16.413931439361733,0
2576,17.036953600946894,0
2577,15.872413386954394,0
2578,12.85716261130353,0
2579,14.693457978783902,0
2580,15.992951726800355,0
2581,15.015191824331957,0
2582,13.790158853322815,0
2583,14.776331170905392,0
2584,15.948132515742662,0
2585,17.216825847864367,0
2586,15.802433156057166,0
2587,16.998553285790504,0
2588,16.499893490215207,0
2589,16.81306959026252,0
2590,18.11777468289041,0
2591,20.64332545921875,0
2592,20.661376621453673,0
2593,20.305713687071208,0
2594,21.197875857156202,0
2595,22.38322670560105,0
2596,22.30184148672874,0
2597,22.529585182069383,0
2598,23.15471949880094,0
2599,24.53359395919642,0
2600,23.851534133353464,0
2601,25.32616717554848,0
2602,22.868107233787924,0
2603,24.103082966495936,0
2604,24.480319281777724,0
2605,25.46075138235237,0
2606,23.80774699174536,0
2607,23.98436334654502,0
2608,24.55395427288996,0
2609,23.76526543774052,0
2610,22.759390918306128,0
2611,22.60922889477108,0
2612,21.468705100415647,0
2613,22.623942110948008,0
2614,21.63389735922902,0
2615,21.41902609568112,0
2616,22.173912654639295,0
2617,20.522083414066618,0
2618,19.127688515150005,0
2619,17.920949729363276,0
2620,19.718447267364716,0
2621,17.15086150019322,0
2622,16.2064882417997,0
2623,17.302485599660283,0
2624,16.081659759607028,0
2625,15.116786437858316,0
2626,15.614589508674623,0
2627,17.022977196562,0
2628,15.166892874136112,0
2629,15.461306731338903,0
2630,14.337718446311873,0
2631,14.961881236798016,0
2632,16.627018401931355,0
2633,16.01190765225884,0
2634,16.661909425466387,0
2635,18.1401153552683,0
2636,17.257025828224773,0
2637,19.73428233043132,0
2638,18.15005336902721,0
2639,18.681577703639157,0
2640,19.28615489382322,0
2641,19.242794718222125,0
2642,21.938919309902154,0
2643,22.023913146230775,0
2644,23.962131446632863,0
2645,22.39533763948746,0
2646,24.37271836182352,0
2647,25.386562135103766,0
2648,24.183355226408338,0
2649,24.522968807937776,0
2650,22.400536919517812,0
2651,26.965729387614466,0
2652,24.935943281329912,0
2653,25.709386427001906,0
2654,24.36849271279483,0
2655,25.024244112283366,0
2656,23.234796239696788,0
2657,24.773783636273414,0
2658,23.692742623081468,0
2659,22.727746651997954,0
2660,22.988434158454062,0
2661,20.169364250256457,0
2662,21.50851699557047,0
2663,20.262722912468607,0
2664,21.497629606149648,0
2665,20.164251675872883,0
2666,18.561822771422698,0
2667,17.832951324431647,0
2668,20.527841037022935,0
2669,15.993641213102718,0
2670,18.404820331284327,0
2671,16.99256692948879,0
2672,16.486579755605085,0
2673,13.499868210851995,0
2674,16.03143257764591,0
2675,14.566418801233272,0
2676,14.115856136709928,0
2677,15.664689727460459,0
2678,14.479544572308301,0
2679,15.975163896334706,0
2680,14.744663523383798,0
2681,16.641816263129964,0
2682,16.920302299259223,0
2683,16.120344960905705,0
2684,16.551323266406797,0
2685,17.413173521676754,0
2686,18.17575352522152,0
2687,18.744864405649107,0
2688,21.85290310065679,0
2689,21.06708654346567,0
2690,20.941934783268646,0
2691,21.577113938985214,0
2692,21.681085757572156,0
2693,23.308082369327728,0
2694,23.45657609516443,0
2695,23.27088655293091,0
2696,23.618726204525323,0
2697,24.195315441726972,0
2698,23.752337597873453,0
2699,25.05539737046654,0
2700,24.069887612813215,0
2701,25.47996026372798,0
2702,24.481955946199893,0
2703,25.136776097226576,0
2704,23.733517351520206,0
2705,22.080737878025452,0
2706,22.204843520779043,0
2707,22.74354289512102,0
2708,22.877573883514252,0
2709,22.315635600900794,0
2710,21.80964254173374,0
2711,21.339768831770648,0
2712,20.369859562340146,0
2713,19.79184645800686,0
2714,18.48660830945152,0
2715,18.651001295229218,0
2716,17.39774877814057,0
2717,16.890684478764395,0
2718,16.661689074944476,0
2719,18.34061970976278,0
2720,14.21069427604504,0
2721,14.914009250815408,0
2722,14.918580892838078,0
2723,15.48223079143968,0
2724,15.030403653666294,0
2725,16.697089505242495,0
2726,13.63095947984732,0
2727,17.216635996149304,0
2728,14.43864207065406,0
2729,15.34000051754958,0
2730,17.047383145976333,0
2731,17.066082927617906,0
2732,17.502802491956547,0
2733,18.187668910548084,0
2734,19.122538856673916,0
2735,20.338170251307936,0
2736,20.43789897090436,0
2737,19.42453239715257,0
2738,20.586816020441496,0
2739,23.313451181505183,0
2740,24.45358262562085,0
2741,24.007920720589357,0
2742,24.634621565347533,0
2743,24.303467584973916,0
2744,26.430580953597374,0
2745,24.073756024302526,0
2746,24.520793836730334,0
2747,24.20750769405124,0
2748,26.59295445257135,0
2749,24.461042268918057,0
2750,25.365216368597384,0
2751,23.26551833043488,0
2752,22.892305758516898,0
2753,24.985073216167002,0
2754,24.27351760988146,0
2755,23.922560274764294,0
2756,22.736662893332227,0
2757,21.65463098206022,0
2758,20.92011057605015,0
2759,19.580261409448852,0
2760,19.65363528858157,0
2761,20.726805148690385,0
2762,18.584303833451543,0
2763,16.813404752546138,0
2764,17.296098657802332,0
2765,16.00998463154813,0
2766,15.355571725419475,0
2767,15.956862445812774,0
2768,14.940229503522431,0
2769,14.155545275547595,0
2770,16.719381462859843,0
2771,16.789597402450458,0
2772,15.170933045019245,0
2773,16.5468486670529,0
2774,14.741669573162172,0
2775,15.373322237302723,0
2776,16.999955389935145,0
2777,16.355652745975892,0
2778,17.30458729437853,0
2779,14.231283452645338,0
2780,17.80857410053212,0
2781,17.68156464795834,0
2782,18.61471847058431,0
2783,17.847285823499448,0
2784,19.241904049359896,0
2785,21.26278068207697,0
2786,21.89012854056586,0
2787,22.696009802243495,0
2788,23.35992034069502,0
2789,24.149274499190888,0
2790,23.929485767711522,0
2791,23.73803777205883,0
2792,23.764037034878196,0
2793,24.207515552605255,0
2794,23.868933804958008,0
2795,23.969219501290215,0
2796,24.91603017922978,0
2797,22.68366513325991,0
2798,23.60637356555586,0
2799,23.820381556287042,0
2800,24.860073705390448,0
2801,25.047047489863754,0
2802,23.869850981880532,0
2803,23.005098170097263,0
2804,22.014449260711896,0
2805,23.03200480629714,0
2806,22.008730248713825,0
2807,20.002904397296728,0
2808,19.982751240202685,0
2809,19.76969094476523,0
2810,19.629810549450724,0
2811,17.76913772465562,0
2812,19.015057607412135,0
2813,18.144179570084056,0
2814,16.061629346490417,0
2815,15.860636905390988,0
2816,14.770909694278316,0
2817,14.506034733187006,0
2818,15.514247437739812,0
2819,16.500365415213093,0
2820,16.473148685601053,0
2821,15.276248737550675,0
2822,14.84576281944259,0
2823,14.786185703014585,0
2824,16.153705579013334,0
2825,15.629147641054379,0
2826,17.23650034159243,0
2827,16.897217346692127,0
2828,17.855744321115587,0
2829,17.633864392810242,0
2830,20.790120925900553,0
2831,20.550594275936373,0
2832,20.15742062525755,0
2833,19.845330309883913,0
2834,21.92719934299857,0
2835,22.738373101730915,0
2836,21.442347651516254,0
2837,23.193269805085194,0
2838,25.647011215579226,0
2839,24.222751289776024,0
2840,24.01456018625801,0
2841,25.28933579741933,0
2842,26.72799213327998,0
2843,24.597458002635374,0
2844,24.651583702967606,0
2845,24.80486550990162,0
2846,24.99484594154907,0
2847,25.898013308174196,0
2848,24.756697010086558,0
2849,21.84836244482151,0
2850,24.067103322483103,0
2851,23.54178327870458,0
2852,23.236769711326563,0
2853,22.290331869696328,0
2854,21.273948714156433,0
2855,21.266573560536113,0
2856,19.425583263853163,0
2857,17.7704996117496,0
2858,18.47029959961527,0
2859,17.087851505290306,0
2860,19.275111773657184,0
2861,16.933600350778274,0
2862,18.10857951951292,0
2863,14.774145031465428,0
2864,14.543081903187325,0
2865,15.881308790475412,0
2866,13.538789821270356,0
2867,14.471799875095167,0
2868,13.131989588294298,0
2869,15.524189072120391,0
2870,13.510253090598232,0
2871,15.29873429870616,0
2872,13.957982234290204,0
2873,16.562843299801248,0
2874,17.574684290379263,0
2875,17.12044249708447,0
2876,16.556680919390416,0
2877,18.548786945144087,0
2878,19.718127523417653,0
2879,20.146316981886123,0
2880,21.294659376526855,0
2881,22.58291149786381,0
2882,21.553889622555293,0
2883,21.686495337964697,0
2884,21.897673367888633,0
2885,23.0625837529055,0
2886,23.334596105214867,0
2887,23.467429340625813,0
2888,24.69976886311967,0
2889,26.62584622300986,0
2890,24.065957215082054,0
2891,24.497596778933705,0
2892,24.668025953092354,0
2893,23.9537732291021,0
2894,25.897624336835875,0
2895,24.4812948941381,0
2896,24.938577763168603,0
2897,22.373695896471588,0
2898,24.106300010149678,0
2899,22.924099257595635,0
2900,21.058669228292118,0
2901,22.779469581586515,0
2902,22.242870941296207,0
2903,20.884790793795624,0
2904,20.475813722282492,0
2905,18.407524056174825,0
2906,19.741065947400003,0
2907,17.859399261429033,0
2908,17.98386817169101,0
2909,17.561478091980945,0
2910,16.954689098283552,0
2911,15.314023044334315,0
2912,15.95356815494016,0
2913,15.534562120347152,0
2914,16.359101713196214,0
2915,14.302590715314622,0
2916,15.967032962254052,0
2917,15.53083504887978,0
2918,15.237940651273508,0
2919,17.278359809465208,0
2920,16.49215181246225,0
2921,15.500564952119943,0
2922,16.778515991015528,0
2923,16.218781536678026,0
2924,16.346348762808894,0
2925,17.596738331286655,0
2926,18.228356532159694,0
2927,21.064992174406232,0
2928,20.810215169403133,0
2929,18.24381812454928,0
2930,21.148742372496226,0
2931,21.224598910182454,0
2932,22.367125411773642,0
2933,23.22930339361219,0
2934,23.58398341840351,0
2935,24.39685268539448,0
2936,23.55582757260956,0
2937,26.038497215059518,0
2938,24.703425082458537,0
2939,26.194258859127007,0
2940,24.90839468632239,0
2941,25.458763593329536,0
2942,23.877280912789868,0
2943,25.733276380984933,0
2944,24.625034668061488,0
2945,23.570315668144875,0
2946,23.92086061087891,0
2947,23.51918982563226,0
2948,20.96454558938212,0
2949,21.16683154290773,0
2950,20.3018570585306,0
2951,21.48368027850802,0
2952,20.18762170692382,0
2953,18.682918316627106,0
2954,17.99814329391349,0
2955,18.04723282603609,0
2956,15.200985268740919,0
2957,16.787421775468946,0
2958,18.028564426237452,0
2959,14.629683869328648,0
2960,14.473004260556102,0
2961,14.24910992184131,0
2962,15.610991415316239,0
2963,14.289324943442693,0
2964,16.870538563942965,0
2965,14.84037308410252,0
2966,14.672422185802667,0
2967,14.279318364748564,0
2968,16.350424083421736,0
2969,17.104841831373196,0
2970,16.63527559526021,0
2971,18.26059823917729,0
2972,18.74279653875255,0
2973,18.447900306186053,0
2974,18.77319248611767,0
2975,18.804637590604486,0
2976,20.22998665473549,0
2977,20.314736333300736,0
2978,22.78342709543583,0
2979,22.68139891271194,0
2980,22.347092241226253,0
2981,22.670490650892127,0
2982,23.965984031091537,0
2983,25.03284130145187,0
2984,24.630911550083326,0
2985,25.66016746670035,0
2986,24.405883990372352,0
2987,25.2064412345055,0
2988,25.678574793726725,0
2989,25.18437365059696,0
2990,25.248266136585777,0
2991,25.669863810700726,0
2992,24.365052829598834,0
2993,25.003985153436396,0
2994,23.065159268428374,0
2995,23.583472884923673,0
2996,22.122705893967037,0
2997,21.586509352486033,0
2998,21.949770164447376,0
2999,21.986238373148158,0
3000,19.94139091040289,0
3001,19.510329455103548,0
3002,20.100832734802157,0
3003,17.362237832752836,0
3004,18.489332691195596,0
3005,15.875036085196765,0
3006,14.664217309302575,0
3007,16.464479824391926,0
3008,15.466977887310533,0
3009,14.95492920861929,0
3010,12.858223860821404,0
3011,15.488564543578134,0
3012,14.619574524120168,0
3013,13.945177361664078,0
3014,15.131078062482764,0
3015,14.26142904713638,0
3016,14.969184926360118,0
3017,15.289944790370734,0
3018,17.501217676758337,0
3019,16.905901575816298,0
3020,18.84618456166758,0
3021,17.33543715918949,0
3022,17.570062079131162,0
3023,21.158277149003133,0
3024,18.673832848810395,0
3025,21.9181263586475,0
3026,20.244994758783424,0
3027,22.680543239154048,0
3028,21.814003983550112,0
3029,24.60314772807075,0
3030,25.56148775779558,0
3031,25.063925872678567,0
3032,24.740866485869848,0
3033,24.313576731302483,0
3034,25.678165720141426,0
3035,27.120362617082133,0
3036,24.61418358879819,0
3037,23.889871092085187,0
3038,26.685029680940175,0
3039,24.468102228849443,0
3040,25.13654612111418,0
3041,24.23370053233679,0
3042,23.884015692662693,0
3043,22.84619157244139,0
3044,22.44337650580886,0
3045,20.324222255930394,0
3046,20.809633712897323,0
3047,19.870303307433886,0
3048,21.24756951648908,0
3049,19.11851764745077,0
3050,18.89653615454063,0
3051,16.496758431893177,0
3052,17.65996578758323,0
3053,18.565664215357128,0
3054,16.717960646888884,0
3055,16.997539334386484,0
3056,15.44376134840594,0
3057,14.854207268145402,0
3058,16.2168374686704,0
3059,14.679155360486424,0
3060,14.04040541035059,0
3061,15.027647785072949,0
3062,14.872507833602292,0
3063,16.518413403515524,0
3064,16.479881853570525,0
3065,14.680139277477672,0
3066,17.0606116277689,0
3067,15.706532953487248,0
3068,17.765106003060993,0
3069,18.74221041632437,0
3070,18.27463114062039,0
3071,18.907731305733698,0
3072,20.849431100203695,0
3073,20.4373353214139,0
3074,20.254811314599078,0
3075,23.632113437947204,0
3076,23.464421913491567,0
3077,23.60598301361909,0
3078,23.971165344294,0
3079,25.07661738259596,0
3080,24.509565241315787,0
3081,25.50329988891544,0
3082,25.25509971050957,0
3083,24.383059555527986,0
3084,26.163653502049442,0
3085,25.236876220614313,0
3086,24.132027644618834,0
3087,24.288212419400526,0
3088,22.044744737308136,0
3089,22.41313358977747,0
3090,22.187386943252363,0
3091,23.839506222759887,0
3092,23.26246416433907,0
3093,23.15369595832609,0
3094,21.803060076666103,0
3095,22.462288949971374,0
3096,19.627762674645126,0
3097,18.66729721204071,0
3098,17.849160525370515,0
3099,18.34809631771667,0
3100,16.913508166555268,0
3101,16.09916905483503,0
3102,15.982497106451506,0
3103,16.237446865422545,0
3104,14.428760697750144,0
3105,15.411142824534293,0
3106,15.188721297352895,0
3107,16.749355637720065,0
3108,15.182600040056967,0
3109,13.78731253142008,0
3110,15.454174235808987,0
3111,15.60044440048764,0
3112,14.437191057366412,0
3113,13.01320799898188,0
3114,17.239526446574335,0
3115,16.794497333494725,0
3116,16.800698346905055,0
3117,17.9357473217081,0
3118,20.007658236429695,0
3119,21.11363987612221,0
3120,19.55548721851182,0
3121,22.198156021849968,0
3122,21.265008235245286,0
3123,21.939771001646495,0
3124,22.42524737238852,0
3125,23.000465628427577,0
3126,23.40863666083055,0
3127,23.298195360174642,0
3128,24.36420364384522,0
3129,23.62358957629759,0
3130,25.40683040534219,0
3131,24.32506734443995,0
3132,25.503884887213008,0
3133,24.850056430726415,0
3134,23.0547016490198,0
3135,25.81018708143655,0
3136,24.636344870628253,0
3137,23.91194369345072,0
3138,23.21028037285464,0
3139,24.8487780584443,0
3140,22.265977369978117,0
3141,22.88159324662268,0
3142,21.50530193663378,0
3143,19.33159490205908,0
3144,20.72849148377896,0
3145,17.832240405032262,0
3146,19.159605688419184,0
3147,18.50032746078343,0
3148,17.737539886070092,0
3149,16.212634908310278,0
3150,17.862268557220226,0
3151,17.803384979548365,0
3152,14.754312400772438,0
3153,15.000143678880914,0
3154,16.799490021324612,0
3155,14.610446436903237,0
3156,15.961184558501106,0
3157,14.064368819570541,0
3158,14.536970283844733,0
3159,15.64073329892854,0
3160,16.122014278638094,0
3161,14.587528663915952,0
3162,15.41455979706158,0
3163,17.46746171007002,0
3164,18.77574759723723,0
3165,18.6013235156225,0
3166,19.065584157296335,0
3167,19.78316913173113,0
3168,18.780949738607625,0
3169,21.048888895991425,0
3170,22.193266494792727,0
3171,22.50886459295828,0
3172,21.333070975604407,0
3173,22.085308151103337,0
3174,24.655615949120715,0
3175,22.581826472895155,0
3176,23.261977186091006,0
3177,26.20247609512897,0
3178,23.927776735100984,0
3179,24.225476114750823,0
3180,25.638684031484253,0
3181,25.742089838127377,0
3182,24.662223608316175,0
3183,23.18703620241159,0
3184,23.812324211056527,0
3185,24.12980824570905,0
3186,22.61580115504021,0
3187,22.06820642501569,0
3188,23.750027211793984,0
3189,22.454464937633137,0
3190,22.075535548282822,0
3191,21.548747593011555,0
3192,18.99483619606601,0
3193,19.83102766152463,0
3194,19.898854859460393,0
3195,18.76589776057912,0
3196,16.343345784883613,0
3197,15.401487069856422,0
3198,15.661312689341608,0
3199,16.57993827659136,0
3200,15.484427459706184,0
3201,15.658757989838332,0
3202,13.907440562968668,0
3203,15.874557132476154,0
3204,14.268025916255858,0
3205,16.1716470510325,0
3206,15.143449907492146,0
3207,12.39729769660517,0
3208,15.468875820729556,0
3209,15.154774956841425,0
3210,15.6164493732338,0
3211,16.793762203135813,0
3212,18.568796291411008,0
3213,18.930539330203914,0
3214,20.100929845345444,0
3215,19.340593716482264,0
3216,18.126358356042953,0
3217,20.089865212145845,0
3218,20.383817890451578,0
3219,21.22174940934139,0
3220,25.160832678288653,0
3221,23.83940602841352,0
3222,22.563920893325147,0
3223,25.157069893224623,0
3224,24.031522678025866,0
3225,23.26778150355792,0
3226,25.99830085335687,0
3227,24.47734854679915,0
3228,25.12517546320801,0
3229,27.25517189374532,0
3230,23.81073113490123,0
3231,25.655412641445444,0
3232,24.013977819546245,0
3233,22.849272891560283,0
3234,23.280084180843936,0
3235,23.21406117429006,0
3236,22.683968845780036,0
3237,20.371067976928266,0
3238,22.129354695562444,0
3239,19.795429165950203,0
3240,20.304223649598807,0
3241,19.5482775157883,0
3242,18.14686522147127,0
3243,18.681235232069092,0
3244,16.778220326140175,0
3245,16.006415498815795,0
3246,15.03961050166426,0
3247,14.165260813014854,0
3248,14.967240782388624,0
3249,13.182207649609309,0
3250,14.80253542838431,0
3251,14.495100575424173,0
3252,16.635512873392262,0
3253,13.8717284412841,0
3254,16.306783950583732,0
3255,15.73857885456824,0
3256,15.95491555223328,0
3257,15.390037211341872,0
3258,15.625777585151868,0
3259,16.619143484731907,0
3260,17.435752992584238,0
3261,18.646809567880734,0
3262,18.176380931060496,0
3263,20.89483431135327,0
3264,21.66936862627004,0
3265,18.169554533790933,0
3266,21.414109296222275,0
3267,21.783360056284636,0
3268,21.503213008082316,0
3269,20.33974104668471,0
3270,21.788137758991333,0
3271,23.765350664154205,0
3272,25.008650817212324,0
3273,25.056661567708446,0
3274,25.33080320433632,0
3275,24.72378812370822,0
3276,26.01149810099097,0
3277,25.426740665825108,0
3278,25.949629191999207,0
3279,24.478631105125583,0
3280,23.66453097364892,0
3281,22.426610618421666,0
3282,25.07526843115617,0
3283,22.455770544762753,0
3284,21.450785934398265,0
3285,19.770906380678635,0
3286,21.856914523118427,0
3287,19.269881086594914,0
3288,20.065381732650046,0
3289,19.626879561857546,0
3290,20.13048861979445,0
3291,17.365736498054357,0
3292,15.550860038241916,0
3293,17.82238504746193,0
3294,16.72062314616399,0
3295,15.394058325696827,0
3296,15.632765223744688,0
3297,17.26497412569671,0
3298,15.225022055373618,0
3299,14.381033842725266,0
3300,14.918864983078807,0
3301,15.62176913844569,0
3302,15.535194606624268,0
3303,15.719619267339985,0
3304,15.997888569618178,0
3305,14.862685543322517,0
3306,17.069054887710276,0
3307,17.99827204908152,0
3308,18.162666685244897,0
3309,18.02272308937973,0
3310,18.626930185795715,0
3311,19.540087488032096,0
3312,20.063232809811304,0
3313,19.00335059432094,0
3314,21.16986428926123,0
3315,23.180107033862093,0
3316,22.178684063905564,0
3317,22.52136261583379,0
3318,24.157324913333866,0
3319,24.066298788874377,0
3320,23.643749575874597,0
3321,24.809274259682816,0
3322,26.55956990817031,0
3323,26.81398076781517,0
3324,25.174974564018914,0
3325,24.815384366612506,0
3326,26.050523031109975,0
3327,25.109745211398728,0
3328,24.904182592603455,0
3329,23.929263086983465,0
3330,22.259223238118523,0
3331,21.622240704603865,0
3332,22.447182739423788,0
3333,20.847687123792046,0
3334,22.128597726991092,0
3335,21.617073078910998,0
3336,21.510503949199045,0
3337,19.488381707119395,0
3338,20.6924461805767,0
3339,19.40159872046028,0
3340,17.928888605849203,0
3341,17.757670731138667,0
3342,15.94803198090689,0
3343,12.915050304247675,0
3344,16.768179879650663,0
3345,15.92480840599844,0
3346,16.90736220687932,0
3347,15.583890758822973,0
3348,14.872473182256787,0
3349,14.602229683446398,0
3350,14.605358857492186,0
3351,15.596440377771547,0
3352,13.897419498929043,0
3353,14.951740256026433,0
3354,17.3407193255673,0
3355,14.948531294830442,0
3356,15.971281822642322,0
3357,17.526110738739327,0
3358,18.32770772339159,0
3359,19.44578648549442,0
3360,20.881100726369926,0
3361,20.96960801774228,0
3362,21.91768852515602,0
3363,21.353578052228105,0
3364,22.551346154680605,0
3365,22.357787741981458,0
3366,23.448403764274545,0
3367,24.57374918618786,0
3368,24.855637005614785,0
3369,22.747194619941638,0
3370,23.709811706213394,0
3371,26.975430091471637,0
3372,22.972479359236594,0
3373,25.04714955532263,0
3374,23.680072023646233,0
3375,24.42643309534063,0
3376,23.76632823980976,0
3377,24.057956873002375,0
3378,22.447332046147764,0
3379,24.113623150400162,0
3380,24.714031794253,0
3381,19.474983791467682,0
3382,20.468027691729436,0
3383,19.1498866452568,0
3384,20.141515710799265,0
3385,20.774705782074605,0
3386,20.121200466691104,0
3387,19.430214668022707,0
3388,17.74831610979711,0
3389,16.419820663993843,0
3390,17.617085320843675,0
3391,15.440882888589057,0
3392,14.901942264335764,0
3393,15.470013827400187,0
3394,13.95013850819623,0
3395,14.87341854388426,0
3396,14.07936217241966,0
3397,15.164128087796628,0
3398,16.162418775768824,0
3399,14.846115769944074,0
3400,16.167088883983848,0
3401,17.021246719106973,0
3402,15.709317530942341,0
3403,16.90648055433548,0
3404,17.16032139925831,0
3405,19.92598921233017,0
3406,18.224300047247617,0
3407,19.493885058549747,0
3408,18.612075439518957,0
3409,19.745541684046003,0
3410,21.914279384402302,0
3411,21.649411375439644,0
3412,23.26870347828641,0
3413,23.13385720770327,0
3414,26.18230827321363,0
3415,23.754000264657954,0
3416,25.310171387344607,0
3417,23.924931522736834,0
3418,24.416896827014664,0
3419,23.446838357455288,0
3420,27.66884105285476,0
3421,22.87940427640161,0
3422,24.977142480776553,0
3423,24.204383382982684,0
3424,25.15855864340688,0
3425,23.451973178067476,0
3426,25.467470595735474,0
3427,24.219905268546515,0
3428,23.07525259125423,0
3429,22.45894858477482,0
3430,22.406112047788877,0
3431,21.143859534757198,0
3432,21.659765360430754,0
3433,20.29979162799829,0
3434,18.735940627968656,0
3435,18.608272959841948,0
3436,17.793667526034575,0
3437,18.23892390404329,0
3438,16.30049889572095,0
3439,16.235735546851963,0
3440,14.500441652113416,0
3441,16.158425207055718,0
3442,15.518959710016144,0
3443,14.477994447339526,0
3444,16.826605042940663,0
3445,15.173124063584435,0
3446,14.118377739872612,0
3447,16.63610988949845,0
3448,15.594364486234312,0
3449,13.030889365012975,0
3450,16.91620485414496,0
3451,17.04565094854031,0
3452,17.682269593908554,0
3453,17.981931935931446,0
3454,17.99276352660819,0
3455,19.567889192949387,0
3456,18.402225919702133,0
3457,20.568910693774857,0
3458,22.25750882567377,0
3459,23.0112590056371,0
3460,22.097022766156524,0
3461,25.08142166733935,0
3462,23.93815145544126,0
3463,23.61994867969726,0
3464,24.590061045207186,0
3465,24.026751963555608,0
3466,25.794014470057796,0
3467,24.111723272223553,0
3468,24.387740872311003,0
3469,23.89871310054029,0
3470,24.113619682832855,0
3471,24.431366225146483,0
3472,26.289645708708854,0
3473,24.305540521286932,0
3474,24.8110579939993,0
3475,23.188726171800738,0
3476,23.541531327175797,0
3477,20.957840044121312,0
3478,20.259002177086536,0
3479,22.61338873073163,0
3480,20.469508869755273,0
3481,17.858390311407287,0
3482,19.40265924844191,0
3483,17.97774416146151,0
3484,17.317735133828002,0
3485,17.872707417916875,0
3486,15.322210527882866,0
3487,17.351662573584527,0
3488,16.018955982194516,0
3489,14.982768013363845,0
3490,13.904969028952639,0
3491,16.88711395489313,0
3492,14.71390409854381,0
3493,13.74049565047126,0
3494,15.093293453043563,0
3495,15.928296249398596,0
3496,16.37125251535152,0
3497,17.59092877427755,0
3498,17.100792350110563,0
3499,16.97244024381153,0
3500,19.82013668797459,0
3501,20.1856253126842,0
3502,17.651251560438038,0
3503,20.405229917220563,0
3504,19.482933081837867,0
3505,22.23661770771441,0
3506,20.42434594508011,0
3507,22.294831108628312,0
3508,24.170312618316604,0
3509,23.464904197938278,0
3510,24.71915808499088,0
3511,23.342606818689905,0
3512,23.16534618705211,0
3513,23.520116015343948,0
3514,25.52821446025631,0
3515,24.38956057970619,0
3516,26.561577021142316,0
3517,24.700939184750556,0
3518,26.26825588706635,0
3519,25.05354928813609,0
3520,23.321987024876428,0
3521,24.105366914580273,0
3522,24.115174067216476,0
3523,23.626712151411134,0
3524,22.485255664349175,0
3525,23.120589473262527,0
3526,22.343291135337537,0
3527,21.694417662350023,0
3528,19.304694042142703,0
3529,17.30505374630836,0
3530,19.377323585821916,0
3531,17.33577833165049,0
3532,17.041147872830404,0
3533,16.794557866667034,0
3534,16.874702439248544,0
3535,14.356014255614408,0
3536,15.621261338955398,0
3537,16.836574420661243,0
3538,13.788269507978105,0
3539,14.831579599502996,0
3540,16.54422674992785,0
3541,15.970061763243333,0
3542,15.881020931568935,0
3543,15.623953529710189,0
3544,14.322880718340256,0
3545,16.236049679940688,0
3546,15.592217009558428,0
3547,17.171864310928438,0
3548,16.819515501915475,0
3549,16.99208938694796,0
3550,18.789839208753552,0
3551,20.50790744084904,0
3552,19.589699369204066,0
3553,20.929476163119453,0
3554,22.107980711393513,0
3555,22.519942135662518,0
3556,21.310990682941743,0
3557,22.568843723863733,0
3558,23.98097355052707,0
3559,24.077265144663983,0
3560,26.18797070807884,0
3561,25.29887976266298,0
3562,24.025399979746037,0
3563,25.726987617967136,0
3564,26.21388039230723,0
3565,25.69937229876994,0
3566,25.428489275937807,0
3567,23.28507590926205,0
3568,24.356382074583664,0
3569,24.64952292265627,0
3570,23.22513723726673,0
3571,22.787635069822898,0
3572,23.035061946515505,0
3573,21.34868317957452,0
3574,20.475445123181277,0
3575,20.573320338175563,0
3576,19.983730017740367,0
3577,20.27616991364777,0
3578,18.610167724772765,0
3579,16.998117727598096,0
3580,18.052996339015188,0
3581,16.22894225418459,0
3582,17.277158752333772,0
3583,15.52504581281544,0
3584,16.319118370268306,0
3585,15.763762099892585,0
3586,15.044516409288141,0
3587,13.840814720546815,0
3588,14.671706434936068,0
3589,16.529245616601088,0
3590,15.43001415528027,0
3591,16.612391480453653,0
3592,15.807859194554167,0
3593,16.11152875413154,0
3594,15.562647809222028,0
3595,17.41048728092283,0
3596,16.727519027817067,0
3597,17.321072359599444,0
3598,19.8172681613404,0
3599,18.41561778558361,0
3600,22.37024356023776,0
3601,20.71802079657813,0
3602,20.79768215749597,0
3603,23.31839903138118,0
3604,21.587267512198753,0
3605,23.241918749792575,0
3606,23.63671569370833,0
3607,24.98507898623657,0
3608,26.12871551393858,0
3609,25.030645225153837,0
3610,23.604030450129187,0
3611,23.69533435491227,0
3612,24.571743593343587,0
3613,25.830288878963973,0
3614,25.026592737010926,0
3615,24.955851743284406,0
3616,24.07930646770753,0
3617,25.385564411512817,0
3618,22.466696205006293,0
3619,25.034384412832672,0
3620,23.762652899666826,0
3621,22.679170569963965,0
3622,21.333443386713483,0
3623,20.417193342274395,0
3624,20.059394101573535,0
3625,18.865862575102845,0
3626,18.34282882024662,0
3627,17.33446514406052,0
3628,18.32235111795293,0
3629,17.115636465378493,0
3630,16.96556578691091,0
3631,15.358517474373274,0
3632,14.49189930290351,0
3633,14.513304078032,0
3634,15.452339428313303,0
3635,13.917355692606883,0
3636,15.641696217741597,0
3637,14.147238085542522,0
3638,14.766715057586714,0
3639,15.663724807493027,0
3640,14.52272813763724,0
3641,14.003658024910639,0
3642,17.656419565744965,0
3643,16.820345566726292,0
3644,16.893267590174876,0
3645,19.714439426870342,0
3646,20.906140944887657,0
3647,19.399680379761186,0
3648,20.341178831511833,0
3649,23.310280145905242,0
3650,20.70767993288054,0
3651,23.14302213176638,0
3652,23.50429063510828,0
3653,22.502871122460665,0
3654,22.589647723443047,0
3655,23.229896251155925,0
3656,24.501326173819766,0
3657,24.998660105710638,0
3658,27.469744751434774,0
3659,23.965861227189624,0
3660,25.23007104539955,0
3661,24.205814056749855,0
3662,25.7340242708359,0
3663,25.086645011211882,0
3664,23.05568524881923,0
3665,23.56182529027647,0
3666,23.643186869044456,0
3667,23.81627812918396,0
3668,23.081325167932036,0
3669,22.639728330197133,0
3670,21.371530859844306,0
3671,21.309651438786016,0
3672,20.137510588863694,0
3673,20.37899158564255,0
3674,19.348892070732624,0
3675,17.266602183844558,0
3676,17.51513897798977,0
3677,16.25407584028656,0
3678,16.409941018704014,0
3679,16.665441831295155,0
3680,15.831818686218824,0
3681,15.336349062161084,0
3682,14.632407414179129,0
3683,16.589068122880022,0
3684,15.078259955202055,0
3685,14.14861319719004,0
3686,14.765016566863215,0
3687,16.39612597116016,0
3688,17.764619321135452,0
3689,17.375955845565596,0
3690,16.204612534647715,0
3691,17.88350123401281,0
3692,15.910327211655751,0
3693,18.989398785351877,0
3694,18.551106029755065,0
3695,19.685350674995394,0
3696,18.84387228910376,0
3697,21.10277827727242,0
3698,20.0942111025755,0
3699,20.353492794638832,0
3700,24.062214468589033,0
3701,21.876250694646547,0
3702,24.528610305997645,0
3703,23.476631603725792,0
3704,24.29038229158979,0
3705,24.68634457863567,0
3706,26.009313581763287,0
3707,25.458464764123207,0
3708,24.187833178082894,0
3709,24.507582026656326,0
3710,26.217589910665662,0
3711,26.03450616088421,0
3712,23.922840594215614,0
3713,24.92063060772939,0
3714,23.530102025778906,0
3715,24.11524334398077,0
3716,21.55958830187649,0
3717,22.78744868968911,0
3718,20.7951551333423,0
3719,19.43288703537624,0
3720,20.66292445019251,0
3721,19.972750504600853,0
3722,17.267858695135963,0
3723,15.828407823267712,0
3724,17.43047921930908,0
3725,17.45050286047611,0
3726,15.977017179466955,0
3727,16.167698742378366,0
3728,15.287359313119412,0
3729,14.869314574604541,0
3730,15.5981225102931,0
3731,16.307745183152225,0
3732,15.498660941881704,0
3733,14.760269537871006,0
3734,14.516525693734915,0
3735,15.61495055518145,0
3736,13.498371666555164,0
3737,16.17082593630657,0
3738,16.381106743022176,0
3739,16.962598514367603,0
3740,17.2560713541756,0
3741,17.91328073503368,0
3742,17.27799990504628,0
3743,20.024924508201565,0
3744,19.70456602133906,0
3745,20.691264143256113,0
3746,20.82018779461733,0
3747,20.460694855873133,0
3748,23.14277246910355,0
3749,22.84538122344929,0
3750,23.303452416411268,0
3751,24.367598541414733,0
3752,26.044928673593763,0
3753,24.608721912037442,0
3754,25.400417820167014,0
3755,26.82910577388273,0
3756,24.724827921986506,0
3757,26.205191330296547,0
3758,24.904844459214214,0
3759,25.660659260365026,0
3760,24.487528563613743,0
3761,24.962556995360394,0
3762,22.833986545028107,0
3763,22.60087289260385,0
3764,21.92674430896232,0
3765,21.65445339344698,0
3766,22.435114618872387,0
3767,21.130426153714264,0
3768,20.708472842670314,0
3769,19.178706471551024,0
3770,18.84509931571942,0
3771,18.556579091062304,0
3772,17.908950547575646,0
3773,16.450679132685178,0
3774,16.127221101244466,0
3775,15.026854665272415,0
3776,16.4733923210759,0
3777,16.488190113667784,0
3778,17.116956716922076,0
3779,12.020176580846762,0
3780,15.885502673254694,0
3781,15.663756747997727,0
3782,17.86205932851425,0
3783,14.971289075963139,0
3784,14.941213119830985,0
3785,16.295116326828406,0
3786,15.065382631911005,0
3787,15.592169986284395,0
3788,18.11351216861661,0
3789,16.454560198955548,0
3790,17.622467189915607,0
3791,20.56592509337694,0
3792,20.61636939416309,0
3793,19.38420225472288,0
3794,22.713830721302248,0
3795,22.01178881707803,0
3796,22.172568432592616,0
3797,23.206817236758265,0
3798,23.456618863061863,0
3799,25.146686390443588,0
3800,24.920854603038926,0
3801,23.745570820220706,0
3802,24.309381463777235,0
3803,25.739449838841733,0
3804,24.39563110571615,0
3805,23.992208397623653,0
3806,22.450400392878713,0
3807,25.466360614929005,0
3808,24.33880289853414,0
3809,23.759362626542995,0
3810,22.654853230765383,0
3811,22.48957072947174,0
3812,22.463865497646545,0
3813,20.779340598063502,0
3814,21.393855673424863,0
3815,22.364767804745902,0
3816,19.47865210932585,0
3817,19.36323284812262,0
3818,20.288280816446807,0
3819,18.187554239223864,0
3820,19.071909531038663,0
3821,17.978729606378,0
3822,17.395061885095075,0
3823,15.869095848260635,0
3824,15.215948956732698,0
3825,16.71371449040249,0
3826,15.318768833439973,0
3827,14.938933855109175,0
3828,12.813850877681308,0
3829,14.911462510427324,0
3830,17.679356226710667,0
3831,16.040299188365,0
3832,17.47507548968137,0
3833,16.29891852644744,0
3834,15.10113247433458,0
3835,17.14049340244274,0
3836,19.31760246313367,0
3837,18.31199417217001,0
3838,18.46230694035499,0
3839,19.221916598644015,0
3840,18.87265923253041,0
3841,20.34584804967605,0
3842,21.478178798333825,0
3843,22.92066256595058,0
3844,23.318220402539605,0
3845,21.987487474910342,0
3846,21.65083638392083,0
3847,23.660983812752658,0
3848,23.611907773246887,0
3849,25.501090731867528,0
3850,23.852515660979172,0
3851,25.607279168158428,0
3852,24.608966816917068,0
3853,26.137719373802447,0
3854,24.927276360752565,0
3855,22.68297304505835,0
3856,22.00388474671159,0
3857,24.306698981992508,0
3858,22.53740814707879,0
3859,24.04120109620056,0
3860,22.47913017595874,0
3861,23.720329834645234,0
3862,21.28087388445545,0
3863,19.906408560265046,0
3864,17.991865957293047,0
3865,19.847595349226648,0
3866,18.491983619539088,0
3867,17.769696949670646,0
3868,20.20031480367358,0
3869,17.75379826660392,0
3870,15.524058005256366,0
3871,16.70374648631992,0
3872,14.120570444411301,0
3873,14.731706630344945,0
3874,16.02838593339725,0
3875,13.726079189526386,0
3876,14.997757550161333,0
3877,15.106144846287206,0
3878,15.34426614470595,0
3879,14.400213138946064,0
3880,14.248942105141555,0
3881,16.018202061499558,0
3882,17.100321885649826,0
3883,15.954178000888263,0
3884,18.308414395927002,0
3885,19.190892439397086,0
3886,19.03032537414878,0
3887,20.373553893160295,0
3888,20.986329400337638,0
3889,21.869439530536877,0
3890,21.571356718964978,0
3891,22.21841016512465,0
3892,22.861101701129314,0
3893,24.26316212797687,0
3894,23.038338032085893,0
3895,25.47394719321736,0
3896,23.41180524079891,0
3897,26.604492225288084,0
3898,25.500666742093614,0
3899,27.69830117693635,0
3900,25.295364882788835,0
3901,25.67427350749503,0
3902,23.29412471073932,0
3903,24.3777974606867,0
3904,24.560478744459978,0
3905,24.418039381152475,0
3906,24.235802862996557,0
3907,23.22969226138008,0
3908,22.47957754561095,0
3909,22.899839749942824,0
3910,19.81156381012188,0
3911,20.237660279840338,0
3912,20.729622442352078,0
3913,19.305594297469067,0
3914,19.94490372971012,0
3915,17.44333710814866,0
3916,17.15642001142597,0
3917,17.622858017140732,0
3918,18.2840476435738,0
3919,14.768467679443814,0
3920,13.986333413101049,0
3921,14.20333429062512,0
3922,13.951816019765616,0
3923,15.337282499849456,0
3924,15.971225712665811,0
3925,15.055676430388068,0
3926,15.442390962383273,0
3927,16.043448046085548,0
3928,16.083557744474188,0
3929,16.363044842585406,0
3930,16.735444822940376,0
3931,18.132228489985653,0
3932,16.402755928666988,0
3933,17.627034178767847,0
3934,19.007974292723546,0
3935,22.092277305912916,0
3936,19.173042135915242,0
3937,21.472372868681244,0
3938,20.592309007788153,0
3939,21.78730536947811,0
3940,21.756299258771413,0
3941,24.96316743236119,0
3942,23.95560360189964,0
3943,23.50683629207595,0
3944,25.35344558841751,0
3945,23.95624532849094,0
3946,25.142963589780674,0
3947,23.65758468981315,0
3948,24.735312865922513,0
3949,25.344066413080398,0
3950,25.214027081149826,0
3951,23.812758925725067,0
3952,23.602700778783785,0
3953,22.25925933917658,0
3954,21.450624226574654,0
3955,22.847348083501092,0
3956,23.661810452513436,0
3957,22.424418789666728,0
3958,21.91213314741081,0
3959,20.700729451398967,0
3960,20.012796457191804,0
3961,19.343679716522335,0
3962,20.42188906291404,0
3963,17.794190376749935,0
3964,18.74735833632906,0
3965,15.585020890269663,0
3966,15.431373274123109,0
3967,16.002295459499354,0
3968,14.216422588302018,0
3969,16.9683538980774,0
3970,15.450694626306438,0
3971,15.512635314692824,0
3972,14.591407515167525,0
3973,15.588950788063393,0
3974,14.583897157763648,0
3975,16.783963059529754,0
3976,17.04425886148025,0
3977,15.436117117153916,0
3978,15.685434813114682,0
3979,15.536797579657154,0
3980,16.131521518476884,0
3981,19.445833444145844,0
3982,19.596067021184087,0
3983,21.034435487570196,0
3984,20.641763955692202,0
3985,21.667110500007293,0
3986,22.102048808818036,0
3987,21.565005815945856,0
3988,22.845056530398757,0
3989,24.13444189925876,0
3990,23.831352812364653,0
3991,23.158127292680753,0
3992,23.499533348063604,0
3993,27.736776255885147,0
3994,24.118583917409655,0
3995,24.45047100497271,0
3996,25.220491346683403,0
3997,25.03260653606183,0
3998,26.010297566534984,0
3999,24.3743979063795,0
4000,25.155405485562678,0
4001,24.214621965203573,0
4002,23.785875966356326,0
4003,23.031585228611252,0
4004,21.79524524163802,0
4005,21.565344818325055,0
4006,20.305372899381272,0
4007,20.37348126433374,0
4008,20.279549290002805,0
4009,19.7354935815482,0
4010,17.72466113503136,0
4011,17.4883460296312,0
4012,17.317813582887144,0
4013,18.423822183893435,0
4014,16.82299899814638,0
4015,16.549076318131718,0
4016,17.048784331417306,0
4017,16.021329404973404,0
4018,14.80932054796789,0
4019,16.864219324612613,0
4020,15.020975436408964,0
4021,16.37802943479271,0
4022,15.726343947613694,0
4023,16.166385561449903,0
4024,17.117620204626604,0
4025,15.735921566724452,0
4026,15.1856683569005,0
4027,17.41423192802571,0
4028,17.586808250507104,0
4029,17.962383526829147,0
4030,18.85329252984914,0
4031,17.913703352792933,0
4032,20.113091077480536,0
4033,20.485929924711627,0
4034,21.70506212127793,0
4035,21.93304522067041,0
4036,22.24701021392558,0
4037,23.79638450001137,0
4038,24.716237023391443,0
4039,23.975943476370098,0
4040,23.5652954292799,0
4041,24.024619647693683,0
4042,26.11261147305216,0
4043,23.36169675616972,0
4044,25.096322275338647,0
4045,25.26796380022396,0
4046,25.327092196763854,0
4047,22.639859383201284,0
4048,24.553091914572974,0
4049,21.785936480074696,0
4050,22.955017724171473,0
4051,22.0164099644988,0
4052,20.416713292192977,0
4053,23.533673091276192,0
4054,20.813109658600112,0
4055,18.901054255092212,0
4056,18.724657152154535,0
4057,19.03702134580483,0
4058,19.236658577207187,0
4059,17.93846609465098,0
4060,16.13969212766685,0
4061,18.3661707725769,0
4062,16.669961055935065,0
4063,17.536375622876026,0
4064,16.93780524117001,0
4065,15.595858366750843,0
4066,16.43943062086746,0
4067,14.867356543522696,0
4068,15.974146138774495,0
4069,13.354088369851718,0
4070,13.289241163298842,0
4071,14.221414736868155,0
4072,16.12441935973978,0
4073,16.11137992997407,0
4074,15.676934736629056,0
4075,16.30010804122817,0
4076,16.875826940218424,0
4077,18.15672556964506,0
4078,19.72569156620912,0
4079,20.272586836191888,0
4080,19.753741051619436,0
4081,20.579447130885246,0
4082,21.831122537505667,0
4083,20.793988781025867,0
4084,22.462742938636353,0
4085,23.58168567625192,0
4086,23.95183752072553,0
4087,23.482386797663338,0
4088,23.48195003414081,0
4089,23.68619200521455,0
4090,26.211182110420655,0
4091,24.961410049910565,0
4092,23.750786069156863,0
4093,22.924790038073365,0
4094,24.828406126541825,0
4095,26.10430523911313,0
4096,24.04489860436833,0
4097,23.068721897532324,0
4098,24.324299232515063,0
4099,22.710733005186235,0
4100,22.340925293696888,0
4101,22.184033001163158,0
4102,20.957341511484685,0
4103,21.313685653272117,0
4104,20.803743824198804,0
4105,19.24245451402452,0
4106,18.13741740024645,0
4107,18.382506046676582,0
4108,14.952238823543881,0
4109,16.51884099885496,0
4110,15.889756137719399,0
4111,16.741323255868544,0
4112,14.58470727296533,0
4113,16.433707964085336,0
4114,15.014443012994585,0
4115,15.434545097884833,0
4116,16.277617650776346,0
4117,15.180358503140488,0
4118,14.545788415444557,0
4119,15.649589109426824,0
4120,15.961283651334359,0
4121,17.947152110047185,0
4122,16.3955285671084,0
4123,17.870934079361987,0
4124,18.825224190272458,0
4125,19.18885870174964,0
4126,18.484049140808345,0
4127,18.189997682841117,0
4128,21.060896990282874,0
4129,22.366787717992565,0
4130,21.975477713940883,0
4131,23.11954341913472,0
4132,22.693584033975277,0
4133,23.93401660545276,0
4134,24.918330299941644,0
4135,24.044247093368053,0
4136,25.627060056626064,0
4137,24.665152115048997,0
4138,23.99902107129402,0
4139,25.426941192039813,0
4140,24.925031677335525,0
4141,25.493093408572438,0
4142,25.480140209694536,0
4143,24.529505833145713,0
4144,24.82682942240281,0
4145,23.610313582856207,0
4146,24.43494922652021,0
4147,22.219902181035884,0
4148,21.219987179605045,0
4149,23.014469503349776,0
4150,19.402584454794845,0
4151,20.459232251966878,0
4152,19.858523636177935,0
4153,20.24130083994061,0
4154,18.522625665167855,0
4155,17.902768219327392,0
4156,15.722580765916636,0
4157,17.95525190477163,0
4158,15.442191699274552,0
4159,16.027550548368193,0
4160,14.892437672495154,0
4161,16.511051830325286,0
4162,14.245279899086725,0
4163,13.693709721182382,0
4164,16.29808186588162,0
4165,14.387153915143843,0
4166,15.398824620249561,0
4167,15.799488751192435,0
4168,14.16126984784657,0
4169,17.036303767830674,0
4170,15.430758596475508,0
4171,17.0173151147977,0
4172,17.935184523818666,0
4173,17.999715173910364,0
4174,17.814241426132728,0
4175,20.277074050064627,0
4176,19.111383130932033,0
4177,19.33050729798429,0
4178,22.465534766955034,0
4179,23.14440497545174,0
4180,20.621633506722976,0
4181,22.822822024135075,0
4182,23.52310786595494,0
4183,21.125965976896,0
4184,23.754232449859675,0
4185,25.756512904717013,0
4186,23.81017524497575,0
4187,26.258162407861125,0
4188,26.973767894722968,0
4189,24.794218760243822,0
4190,24.086280905980995,0
4191,24.677441532634408,0
4192,22.877131681977932,0
4193,25.24819600919925,0
4194,24.03124088463454,0
4195,21.616760828737,0
4196,21.697737913219015,0
4197,21.589287735819145,0
4198,22.382947861050827,0
4199,21.488800942970514,0
4200,19.347233288244784,0
4201,19.519221669672675,0
4202,18.257881946020074,0
4203,18.565409700115854,0
4204,17.222219184098126,0
4205,19.07399134670418,0
4206,16.932785835802914,0
4207,15.76384755026184,0
4208,14.603146814396844,0
4209,13.967426528576627,0
4210,15.899879884305651,0
4211,15.870530529781709,0
4212,16.58494804749203,0
4213,14.007279829297806,0
4214,15.927061269747904,0
4215,14.139579956682496,0
4216,16.358946430101877,0
4217,16.607022412227973,0
4218,16.702267369204183,0
4219,16.646744094970455,0
4220,17.01374021535324,0
4221,17.713485249619822,0
4222,16.758013593980383,0
4223,20.026486006935617,0
4224,18.856589596903376,0
4225,20.812446311527744,0
4226,21.24029963432938,0
4227,22.639224381729573,0
4228,22.57691055173926,0
4229,23.07331549042183,0
4230,23.840731082221478,0
4231,24.977633040484747,0
4232,23.95184545670504,0
4233,23.751216372357824,0
4234,24.880825266025358,0
4235,24.87492140657568,0
4236,25.764974601701883,0
4237,25.390118400784274,0
4238,25.029359962933004,0
4239,25.79251020090626,0
4240,24.67571041791987,0
4241,24.642151763142166,0
4242,23.183284795909376,0
4243,24.611575319544087,0
4244,23.21431694394159,0
4245,21.035536928600933,0
4246,20.461299600718032,0
4247,22.496461229119625,0
4248,20.297537437987888,0
4249,21.15725081549604,0
4250,21.14502244471157,0
4251,18.305971499758495,0
4252,17.88346972337659,0
4253,17.85391399937975,0
4254,15.648150982531385,0
4255,14.291484198190652,0
4256,17.628069602748006,0
4257,14.65581843942319,0
4258,15.128945240834586,0
4259,16.640576134407848,0
4260,15.174708175290524,0
4261,16.08119882050666,0
4262,15.595504991884022,0
4263,14.197597942843277,0
4264,15.003636869953588,0
4265,16.22795979587965,0
4266,15.596935660839565,0
4267,18.037882738056318,0
4268,17.967027901749223,0
4269,16.601322584667024,0
4270,19.28503763132542,0
4271,18.9243338798557,0
4272,19.77749905546117,0
4273,21.464095048821875,0
4274,19.508087992542453,0
4275,21.056223047636415,0
4276,22.85326681055999,0
4277,21.6355280872555,0
4278,24.897544496966525,0
4279,20.74319637613816,0
4280,25.466925100514924,0
4281,25.414887663223464,0
4282,24.219984495663425,0
4283,25.07304295219558,0
4284,24.292867913136234,0
4285,26.887520068560924,0
4286,24.846394468467516,0
4287,25.14917271075569,0
4288,24.654207665237774,0
4289,22.59891331377865,0
4290,21.61387138308313,0
4291,23.23951741381879,0
4292,23.955841300199307,0
4293,22.589675892081956,0
4294,21.146297880740125,0
4295,21.118752578736203,0
4296,19.66736017033356,0
4297,20.6707276461732,0
4298,19.346170072364632,0
4299,18.432848534503684,0
4300,19.656429169072027,0
4301,16.4016706804009,0
4302,15.560570246744778,0
4303,15.820757021090524,0
4304,15.165927830977145,0
4305,14.827751654380576,0
4306,15.819980691951143,0
4307,15.60489540549589,0
4308,13.28530589784841,0
4309,14.376278555555487,0
4310,14.658946062806326,0
4311,13.529709046021537,0
4312,16.29873620513242,0
4313,16.159485183032384,0
4314,16.944945993270235,0
4315,16.29579422932021,0
4316,16.895215466166874,0
4317,18.320832923580507,0
4318,18.76823059144674,0
4319,18.876282099599347,0
4320,20.47402250688524,0
4321,19.939314478311083,0
4322,22.212427081605046,0
4323,22.30826270899434,0
4324,21.893506053077598,0
4325,21.735589240802064,0
4326,23.80705302406164,0
4327,25.05015580208762,0
4328,24.341783365738305,0
4329,26.030587913762954,0
4330,25.56332820406221,0
4331,26.238160275548335,0
4332,23.491388400887594,0
4333,24.285544913249154,0
4334,24.92117380456419,0
4335,24.844349691574756,0
4336,24.17375785020908,0
4337,23.540817080790497,0
4338,21.341842614439365,0
4339,24.160215965894,0
4340,23.251190707614857,0
4341,21.415026761279307,0
4342,21.316627329934523,0
4343,19.99794737672255,0
4344,20.993573681065335,0
4345,19.09671807442962,0
4346,19.856796259052004,0
4347,17.563724203110873,0
4348,16.562424568684225,0
4349,15.290399430945008,0
4350,16.88052099630076,0
4351,15.384509979336203,0
4352,16.211315790871623,0
4353,16.445883557892163,0
4354,15.477642151148777,0
4355,16.53870140731236,0
4356,14.58530798776393,0
4357,14.228264732056736,0
4358,15.448015026268326,0
4359,15.217786905676212,0
4360,17.25534586376415,0
4361,14.27464346711143,0
4362,15.357909456348118,0
4363,18.246165738711873,0
4364,16.6968190266328,0
4365,17.841760540109625,0
4366,18.19029767236715,0
4367,19.283745059320456,0
4368,22.072038974391106,0
4369,21.722983050272564,0
4370,21.286563534999406,0
4371,23.81904798924601,0
4372,21.531371367840347,0
4373,23.22005537584081,0
4374,25.45340798316054,0
4375,22.689097938962277,0
4376,23.38390218000322,0
4377,23.66342576222506,0
4378,24.458809948191348,0
4379,25.736362794971225,0
4380,26.511249890104697,0
4381,26.101920497860483,0
4382,26.152547310226172,0
4383,24.981643736539446,0
4384,23.788572170588743,0
4385,23.054476762971237,0
4386,23.5377174323326,0
4387,22.130042667946682,0
4388,21.271662223365915,0
4389,22.455882470320166,0
4390,20.418679694215633,0
4391,20.33248939553634,0
4392,22.06998845432698,0
4393,19.828828064671296,0
4394,19.211602563806796,0
4395,17.836067165592144,0
4396,16.580227623102854,0
4397,17.51908288778694,0
4398,16.040298378460268,0
4399,15.850148516568606,0
4400,15.032428505490763,0
4401,15.756992355980287,0
4402,15.393119705640041,0
4403,12.823092801408059,0
4404,14.018561911037,0
4405,14.832841628464138,0
4406,17.00925781767862,0
4407,14.38581384566555,0
4408,16.00739620955183,0
4409,17.121225622841145,0
4410,17.541568420491558,0
4411,16.41241857708534,0
4412,18.39074266693441,0
4413,18.32397959616843,0
4414,18.75967357589051,0
4415,18.82691818593405,0
4416,18.19697687643817,0
4417,20.103317579549568,0
4418,19.700256245375783,0
4419,22.74857168004985,0
4420,22.8894896687759,0
4421,24.766701525819983,0
4422,22.00069711990831,0
4423,22.332548722576266,0
4424,24.070200342125048,0
4425,24.757509205551184,0
4426,25.638243092624514,0
4427,23.73118772136555,0
4428,23.10290439169111,0
4429,23.871940450344624,0
4430,28.130234523444216,0
4431,23.516269903061634,0
4432,23.608117034790293,0
4433,24.712022844083442,0
4434,24.033642683738627,0
4435,22.503981758189955,0
4436,19.30057307413445,0
4437,22.431793791788515,0
4438,20.641120100593383,0
4439,21.86905543180162,0
4440,19.96560819433579,0
4441,19.820886407460232,0
4442,16.700146542161473,0
4443,18.09440011871556,0
4444,17.34730264730011,0
4445,16.426545825783744,0
4446,16.820200531910164,0
4447,16.554808247108618,0
4448,15.172494929295233,0
4449,15.962599021119853,0
4450,16.635813359109328,0
4451,15.54216465465532,0
4452,14.815868796651193,0
4453,15.31470339398401,0
4454,14.945056019823616,0
4455,15.63633107419402,0
4456,16.455296045081035,0
4457,15.676683703803137,0
4458,17.1263104933553,0
4459,18.616366656021547,0
4460,17.27943792619847,0
4461,17.321847291457015,0
4462,18.299841813974652,0
4463,20.010372099224345,0
4464,20.39190919948413,0
4465,20.055824345405114,0
4466,18.675359215838935,0
4467,22.402433302928088,0
4468,22.938322855212174,0
4469,23.458504102824367,0
4470,22.8314436033628,0
4471,21.725660109132985,0
4472,23.94324518860397,0
4473,23.84694019334562,0
4474,25.402784982059607,0
4475,26.502339774086803,0
4476,25.869958254068695,0
4477,24.668369722889288,0
4478,25.644703485499146,0
4479,24.104645096092817,0
4480,25.105002830194266,0
4481,24.075958932293624,0
4482,23.072093470993927,0
4483,23.467294015695717,0
4484,22.696617436692645,0
4485,23.351606034286817,0
4486,21.274799356117402,0
4487,20.564137674829855,0
4488,21.467379840968928,0
4489,19.781428421911645,0
4490,19.008112236231934,0
4491,20.192033722452283,0
4492,15.140018543756852,0
4493,15.572848938307525,0
4494,15.972546943828556,0
4495,17.484288364693942,0
4496,17.356709289526872,0
4497,15.869000877881652,0
4498,14.736999372668844,0
4499,13.85795945316489,0
4500,15.793518175569146,0
4501,15.670333738664885,0
4502,14.846095864352696,0
4503,16.683902213153132,0
4504,17.612500581184694,0
4505,15.406531957067719,0
4506,17.05455237825246,0
4507,15.940521546366668,0
4508,18.01180362402,0
4509,17.084816840820906,0
4510,19.032625511214842,0
4511,21.528731133779374,0
4512,19.67586899374375,0
4513,22.38862161891498,0
4514,22.910535023792367,0
4515,23.38370089717382,0
4516,22.35999253358964,0
4517,21.863193524793292,0
4518,23.82402647820654,0
4519,24.84196441457985,0
4520,23.997721409999983,0
4521,23.954643801705885,0
4522,23.793268459635833,0
4523,28.18858029994178,0
4524,23.141755122439093,0
4525,25.956407803764254,0
4526,24.521155739141665,0
4527,25.987111071638218,0
4528,25.788338383379273,0
4529,23.11311396781528,0
4530,23.639608789988632,0
4531,22.89225022474609,0
4532,23.23640908176857,0
4533,21.954800232167436,0
4534,22.27079738310776,0
4535,21.321460027841777,0
4536,19.58076910340603,0
4537,20.587068734332025,0
4538,19.35665030652985,0
4539,18.783295479656324,0
4540,17.24772289458734,0
4541,17.850416217373798,0
4542,16.227960567346585,0
4543,17.51334524654174,0
4544,16.26270392144438,0
4545,13.24170206990339,0
4546,15.968094402300014,0
4547,15.746353839493272,0
4548,15.220221167828027,0
4549,16.030027570504302,0
4550,13.844892452380666,0
4551,15.895144729517336,0
4552,15.071529146718367,0
4553,16.411761659107135,0
4554,15.902722352189322,0
4555,15.826017519061068,0
4556,17.32086887191132,0
4557,16.55213994715752,0
4558,18.894421897611295,0
4559,20.221630815320978,0
4560,21.44131534582419,0
4561,21.203517984977026,0
4562,20.96698741456305,0
4563,21.865028643762702,0
4564,22.528277176638664,0
4565,24.432598552450376,0
4566,22.728188499107723,0
4567,23.582730510001024,0
4568,22.395781205166205,0
4569,26.00399975624419,0
4570,23.761520978968672,0
4571,23.81195667435585,0
4572,23.178989283112855,0
4573,25.33488152290725,0
4574,24.671376164232697,0
4575,24.36906898421465,0
4576,23.0453470765084,0
4577,23.52609368675341,0
4578,24.79253132748431,0
4579,21.602001269090753,0
4580,22.708218946746605,0
4581,23.34092706790542,0
4582,20.237441413446707,0
4583,21.3705883652808,0
4584,20.73540195112697,0
4585,18.630285765055444,0
4586,18.686334633686105,0
4587,18.814781041173443,0
4588,18.43982201508684,0
4589,16.427949041486333,0
4590,15.059859807731842,0
4591,16.258965535051836,0
4592,15.892537770732478,0
4593,16.11528560026656,0
4594,16.61990101742023,0
4595,16.22789659470454,0
4596,15.95397638110059,0
4597,14.813576174922153,0
4598,16.516636482797086,0
4599,16.627561849034414,0
4600,15.405432112637374,0
4601,15.633610517636406,0
4602,15.188918721883606,0
4603,16.564907884611884,0
4604,17.606040318976827,0
4605,17.949104890383193,0
4606,19.397930660997904,0
4607,19.48888787510545,0
4608,19.23076415547523,0
4609,21.984847244368396,0
4610,19.70118425357959,0
4611,23.03993884497938,0
4612,22.664403897472763,0
4613,23.422952787924313,0
4614,22.97369015328719,0
4615,24.198347275441762,0
4616,26.046595340423192,0
4617,24.096396750787587,0
4618,25.24932980020419,0
4619,25.19087336523748,0
4620,22.042700205758827,0
4621,24.47997067915975,0
4622,25.237205046075246,0
4623,24.039295208259322,0
4624,24.232157774764588,0
4625,22.848367712924816,0
4626,25.251794933862893,0
4627,23.4338977603299,0
4628,22.393633686429222,0
4629,21.249708446423483,0
4630,22.324836430331054,0
4631,20.873037549880877,0
4632,20.894952174587363,0
4633,20.03183835355746,0
4634,17.43381351620529,0
4635,18.65750687382225,0
4636,15.191455879016747,0
4637,14.315510321362128,0
4638,16.225596216007773,0
4639,17.781653280131806,0
4640,16.25258755071274,0
4641,15.967482798627596,0
4642,14.33908741011426,0
4643,14.907836861794374,0
4644,15.536165968887754,0
4645,12.952861769166393,0
4646,14.404996845404426,0
4647,14.904247468785218,0
4648,16.571347537472665,0
4649,17.26283593047949,0
4650,15.880485582355451,0
4651,18.473828026443098,0
4652,17.662226696191233,0
4653,18.023325612213977,0
4654,20.046598119873536,0
4655,18.583913228638632,0
4656,19.36028859746379,0
4657,19.418579830560464,0
4658,20.515235938752255,0
4659,19.691495214367464,0
4660,24.988284137188412,0
4661,23.745287013723477,0
4662,25.448513431614742,0
4663,22.430227396149164,0
4664,22.498324765050935,0
4665,26.086455758406313,0
4666,24.551719409313613,0
4667,24.615069835496115,0
4668,24.51925672353513,0
4669,23.608702030457664,0
4670,24.095586897731767,0
4671,26.73848647716803,0
4672,23.236364109316213,0
4673,25.434693985370238,0
4674,23.92341220612907,0
4675,23.864372157703542,0
4676,23.662490693441622,0
4677,20.930705912787577,0
4678,22.169802383980088,0
4679,21.106242766401795,0
4680,22.746666426159894,0
4681,19.798576555109758,0
4682,19.754122496115514,0
4683,18.325745220820203,0
4684,17.906189317397534,0
4685,17.266548073284493,0
4686,16.473700734295008,0
4687,17.12843356964572,0
4688,16.02247534967478,0
4689,15.943487249692557,0
4690,16.108153723986867,0
4691,14.423114137752744,0
4692,14.750725057613371,0
4693,15.400188414657654,0
4694,15.711248057528273,0
4695,17.188673268407516,0
4696,13.594963082045705,0
4697,15.283625817515546,0
4698,15.513333973137554,0
4699,17.041261323944514,0
4700,17.261049479367767,0
4701,16.376658485367287,0
4702,17.764868609640548,0
4703,18.411008044557818,0
4704,18.2306100182897,0
4705,19.59781300435222,0
4706,20.652706871126558,0
4707,22.947288643469417,0
4708,22.583781457960768,0
4709,22.50727323896715,0
4710,22.761749479398574,0
4711,23.72268191153901,0
4712,25.514494974272193,0
4713,25.90025838209981,0
4714,23.95920902245005,0
4715,24.580457577378635,0
4716,25.133210900071173,0
4717,25.247184901090854,0
4718,23.75937020590151,0
4719,25.195936432738815,0
4720,25.13980408436158,0
4721,24.856672625846933,0
4722,25.41426274132448,0
4723,24.030400736273215,0
4724,22.34408910845976,0
4725,20.49349057691839,0
4726,21.23183311175523,0
4727,19.990923248697452,0
4728,21.104094398183484,0
4729,19.258844619548093,0
4730,17.456854662774965,0
4731,17.58407362000052,0
4732,18.991337904653008,0
4733,16.29055955767236,0
4734,16.65267962150851,0
4735,17.086568851965144,0
4736,16.015440087719465,0
4737,14.007865622083457,0
4738,13.757206298799298,0
4739,14.208093718632451,0
4740,15.449252256414972,0
4741,15.309151281131541,0
4742,14.413532654657477,0
4743,15.391973360417207,0
4744,15.908697676186065,0
4745,14.351638961303289,0
4746,15.19853409050437,0
4747,17.02305767431529,0
4748,18.60254556917673,0
4749,17.887689226236134,0
4750,18.893629979280213,0
4751,20.835861072407955,0
4752,19.189311329071714,0
4753,20.62275422509177,0
4754,21.005909549064338,0
4755,23.767608240843952,0
4756,21.980291956470307,0
4757,22.193762516809592,0
4758,24.51959791278858,0
4759,26.907778619079444,0
4760,25.285861594224862,0
4761,25.937714912742045,0
4762,26.168368200293756,0
4763,25.528267162376917,0
4764,24.86214056767361,0
4765,26.81290623778957,0
4766,25.393708631583657,0
4767,23.559101144260428,0
4768,23.902648294013733,0
4769,24.041133399516347,0
4770,22.76991775275587,0
4771,23.062961354388165,0
4772,22.148510550807252,0
4773,21.556232217968923,0
4774,19.871940354529873,0
4775,22.19340432532997,0
4776,18.924093607462723,0
4777,18.08007855532966,0
4778,19.399743948409707,0
4779,17.923391276594167,0
4780,17.400367287613303,0
4781,18.798575006339146,0
4782,15.763094831845173,0
4783,14.763640779505236,0
4784,14.828874957288937,0
4785,14.754408309960764,0
4786,15.467380825448913,0
4787,15.606179485775531,0
4788,16.182371648343956,0
4789,14.64167577117345,0
4790,15.68739674610453,0
4791,14.436271845755892,0
4792,15.20174080190776,0
4793,16.189526169417576,0
4794,15.332632767201797,0
4795,18.688271153103845,0
4796,17.081890521444752,0
4797,17.189808442224994,0
4798,17.795677625275523,0
4799,19.58925148680334,0
4800,21.717306171706156,0
4801,19.303081635596346,0
4802,21.445525530733857,0
4803,21.030218816229688,0
4804,23.334039005717443,0
4805,22.507549752884334,0
4806,21.309606949467977,0
4807,22.79856181306568,0
4808,24.021472039404962,0
4809,24.287493941150956,0
4810,26.34797666107203,0
4811,25.374716248751703,0
4812,23.948706045689075,0
4813,25.74540084466056,0
4814,24.68825224091003,0
4815,26.684630822112947,0
4816,24.04144801628164,0
4817,23.31768774130539,0
4818,23.834924584473303,0
4819,24.832760476513567,0
4820,22.106745316104124,0
4821,23.4566936390282,0
4822,21.373203690157368,0
4823,20.906402759601615,0
4824,21.3100544581022,0
4825,20.46643453842519,0
4826,19.321837882929152,0
4827,19.9990081383367,0
4828,17.050067920161464,0
4829,14.50173479068379,0
4830,17.206246052907,0
4831,16.264661168963137,0
4832,15.469920788910875,0
4833,16.606601694936693,0
4834,12.964772260687585,0
4835,14.739019311256342,0
4836,16.310563306948293,0
4837,15.353690468271294,0
4838,16.441618663689788,0
4839,15.650934520578684,0
4840,14.449996364078945,0
4841,14.815076285530843,0
4842,16.643362327524848,0
4843,15.62664315963023,0
4844,19.105610280718675,0
4845,17.190477969017003,0
4846,16.88226455386423,0
4847,19.055139744467795,0
4848,20.504667336521944,0
4849,20.534680829382815,0
4850,21.065591665919733,0
4851,21.41492963474983,0
4852,20.67005781371482,0
4853,23.157962326236294,0
4854,24.30291964733918,0
4855,22.935372826648237,0
4856,24.80675632712704,0
4857,22.863015497673718,0
4858,24.99815136902608,0
4859,23.8706219984086,0
4860,25.807470316336964,0
4861,23.458617930422218,0
4862,23.57274943379716,0
4863,24.242543031312653,0
4864,24.240514345033514,0
4865,23.60911025696453,0
4866,24.200885245818455,0
4867,22.98682644308588,0
4868,22.14015744152979,0
4869,23.541820614984438,0
4870,22.209976372037907,0
4871,20.855717805525455,0
4872,20.327973868762093,0
4873,17.466549969090625,0
4874,17.399000157286395,0
4875,20.20694186323362,0
4876,15.949363037013093,0
4877,17.90038902227875,0
4878,16.855631813213314,0
4879,15.595833604137479,0
4880,18.210603571700936,0
4881,15.082280641915478,0
4882,16.643860181953418,0
4883,14.345032308461128,0
4884,15.280696265127904,0
4885,15.353256431038641,0
4886,15.366980012167526,0
4887,16.517995601885147,0
4888,15.939096136934047,0
4889,14.709880039606462,0
4890,16.641534962455083,0
4891,15.171583896602662,0
4892,18.884150058400248,0
4893,19.050629684214666,0
4894,19.585060863029078,0
4895,19.10258688180688,0
4896,20.482259131369954,0
4897,18.38983958127342,0
4898,20.631014090040008,0
4899,22.026928564941223,0
4900,20.13470547945282,0
4901,23.179465851214875,0
4902,23.084597219244856,0
4903,24.229236138145282,0
4904,23.696325755432007,0
4905,25.952040171630294,0
4906,24.72135502100577,0
4907,26.134420830590223,0
4908,25.852951963797615,0
4909,23.664350467822942,0
4910,22.643010723564704,0
4911,24.23500659237731,0
4912,24.60318099596399,0
4913,24.27968146753143,0
4914,23.016431776823396,0
4915,25.243045471117455,0
4916,22.36425273522862,0
4917,23.40896980279173,0
4918,19.542691387759994,0
4919,21.127319251674525,0
4920,19.83469036085261,0
4921,20.411952149195805,0
4922,21.23568422635168,0
4923,17.39627529408041,0
4924,16.905999899839514,0
4925,16.831284027732835,0
4926,16.148858320993437,0
4927,16.008404325163816,0
4928,15.71067162613218,0
4929,14.79315835308059,0
4930,15.17826995814519,0
4931,14.805997901875982,0
4932,16.34520602361161,0
4933,14.435468867605941,0
4934,15.994388797815642,0
4935,15.979276609863035,0
4936,15.836724645384201,0
4937,17.163678805564153,0
4938,14.526121045511882,0
4939,17.366541384968723,0
4940,16.745914479060012,0
4941,15.722384405354834,0
4942,18.309507517639563,0
4943,19.6587231888216,0
4944,17.9497933556375,0
4945,20.922413233369706,0
4946,20.25475123113118,0
4947,21.0350360291129,0
4948,24.018089366625293,0
4949,24.227754206683393,0
4950,24.19788679292224,0
4951,24.36043779644839,0
4952,23.38987591255187,0
4953,26.479568171215725,0
4954,25.939557172668856,0
4955,25.670055464277777,0
4956,26.454425314401444,0
4957,25.168552442398358,0
4958,24.8883232702225,0
4959,25.41671704520537,0
4960,25.16077919322956,0
4961,25.65291586344401,0
4962,23.153002695288045,0
4963,24.898988395494815,0
4964,22.608984235931096,0
4965,23.000106736761445,0
4966,21.67031749149152,0
4967,18.837065511684436,0
4968,19.86208713370729,0
4969,19.19803187285408,0
4970,18.330431536176594,0
4971,20.661865849085974,0
4972,17.121403808552813,0
4973,17.553286659805867,0
4974,17.17726769833864,0
4975,15.61310146928656,0
4976,14.239300235230905,0
4977,14.43935916833342,0
4978,16.75965262460859,0
4979,14.298465305541384,0
4980,15.346435597151638,0
4981,15.352435818123347,0
4982,14.063274678175723,0
4983,16.213029757414933,0
4984,16.195484342915734,0
4985,14.692935133016842,0
4986,15.493742074471344,0
4987,16.505706711443462,0
4988,18.58591003751411,0
4989,17.351668347109516,0
4990,16.675860129949722,0
4991,21.130158877607993,0
4992,18.905580256830962,0
4993,20.02266387507392,0
4994,20.64059726956539,0
4995,19.845514958944392,0
4996,23.81604433736644,0
4997,24.04283019039915,0
4998,24.61754712027016,0
4999,24.20713358915972,0
5000,27.603354739116266,0
5001,23.186771356315877,0
5002,24.915395255303338,0
5003,24.629331408465504,0
5004,22.589523866207923,0
5005,24.104756849380337,0
5006,24.569211911021867,0
5007,24.452335995090912,0
5008,23.93337011094265,0
5009,23.887283626068154,0
5010,23.696124850249255,0
5011,22.75964487474117,0
5012,23.780636226247726,0
5013,21.831160975669135,0
5014,22.688364315714608,0
5015,22.15372511981566,0
5016,20.187539281443012,0
5017,18.47663578096646,0
5018,19.145133857443238,0
5019,19.46165532344748,0
5020,15.189142947840264,0
5021,16.64634094477278,0
5022,18.940295745330026,0
5023,15.82393382527588,0
5024,14.919573401381147,0
5025,14.601153233382977,0
5026,14.548305849653529,0
5027,14.528339763602533,0
5028,13.634804026195516,0
5029,15.173146259955292,0
5030,15.1842232377379,0
5031,13.94890777502348,0
5032,16.944094589332334,0
5033,17.143993523828804,0
5034,15.900300185637885,0
5035,16.669233067225164,0
5036,17.912728665993967,0
5037,18.10228850916842,0
5038,19.29594768721878,0
5039,20.49133982430323,0
5040,21.636017929975576,0
5041,21.745032470702082,0
5042,21.129983779799247,0
5043,21.588736144500587,0
5044,20.95456323817557,0
5045,23.197453159818668,0
5046,25.25220522403466,0
5047,24.616763645713412,0
5048,23.699466046549304,0
5049,24.994847096096443,0
5050,24.435861643253244,0
5051,25.06116591636644,0
5052,24.38012756605875,0
5053,26.676194626888215,0
5054,22.622558717944244,0
5055,23.56225525650408,0
5056,24.982782858869196,0
5057,21.725573311506952,0
5058,23.092153866914206,0
5059,21.729052502571793,0
5060,22.844866829124445,0
5061,21.923119055081553,0
5062,21.195984765581876,0
5063,20.64292443186184,0
5064,19.762977331122773,0
5065,21.33200942809312,0
5066,18.348306002229236,0
5067,17.00769060506807,0
5068,17.561641838101625,0
5069,15.365830538903817,0
5070,15.341007081596237,0
5071,17.059730670988987,0
5072,15.848079827816624,0
5073,15.263415687451664,0
5074,16.310471636195203,0
5075,14.08060207218553,0
5076,13.068371435152702,0
5077,16.106276724078178,0
5078,14.900027854538944,0
5079,17.89454419311132,0
5080,14.036414647572318,0
5081,16.105111399749326,0
5082,15.889349288805827,0
5083,17.197329169416335,0
5084,17.412834175408438,0
5085,17.72172766450348,0
5086,20.29839768516584,0
5087,20.476607409114592,0
5088,20.400561208194457,0
5089,21.350499400946266,0
5090,21.66276757946582,0
5091,20.104612537448382,0
5092,21.64253875258374,0
5093,23.41210798461293,0
5094,23.754735054021687,0
5095,25.775386255407952,0
5096,23.580800204535098,0
5097,24.488830393589993,0
5098,24.893401253533163,0
5099,25.228182828664742,0
5100,26.307330332058037,0
5101,24.09282845938015,0
5102,25.921877604250913,0
5103,25.052588509596745,0
5104,22.841907016493096,0
5105,22.6290102656294,0
5106,23.450128337799164,0
5107,24.901904380117372,0
5108,22.909560310796934,0
5109,22.564900329586404,0
5110,21.652860320526546,0
5111,19.430883305199703,0
5112,19.34926427204268,0
5113,17.687570935315133,0
5114,19.605746123692644,0
5115,17.663718087187494,0
5116,18.83087648250393,0
5117,16.87709558490692,0
5118,14.962779636980462,0
5119,15.611477650496793,0
5120,16.72849800953905,0
5121,15.060451688158388,0
5122,15.255256026190352,0
5123,13.451486292112584,0
5124,14.614988385356167,0
5125,15.826219450451873,0
5126,15.074225519441798,0
5127,15.612642796240776,0
5128,15.96731873425201,0
5129,15.222824163731158,0
5130,16.53970706802397,0
5131,16.886027770268427,0
5132,16.794919741822362,0
5133,19.928657868597256,0
5134,20.399391708770896,0
5135,20.75476934956523,0
5136,19.950719226829364,0
5137,19.083032588177407,0
5138,22.115558728852136,0
5139,21.242600230425893,0
5140,23.340155438158412,0
5141,22.669632033953054,0
5142,22.840132429653753,0
5143,22.03132531519706,0
5144,24.672025723627033,0
5145,25.2551906507995,0
5146,25.52558775178852,0
5147,25.953763709950525,0
5148,23.313378716417123,0
5149,25.151062348027693,0
5150,25.77585268306685,0
5151,25.756468185212928,0
5152,22.699399349042647,0
5153,24.287385045018574,0
5154,24.661844085645363,0
5155,23.786890740319443,0
5156,21.607375257272164,0
5157,22.921753607312525,0
5158,21.625562166630306,0
5159,22.192399063749278,0
5160,19.33488249003435,0
5161,19.554391453319322,0
5162,18.77560019069506,0
5163,18.838459495426907,0
5164,16.080302118183138,0
5165,16.914947716180134,0
5166,15.15174172147161,0
5167,15.843891089837479,0
5168,15.107030398731315,0
5169,15.350711111207934,0
5170,16.020402383131188,0
5171,15.446750823642434,0
5172,15.529579331284262,0
5173,15.513911141612118,0
5174,15.064070810909207,0
5175,14.751562798006843,0
5176,16.02919718259066,0
5177,14.251113380572567,0
5178,16.710266311038097,0
5179,16.439121221578493,0
5180,16.76472259791077,0
5181,18.174321926058024,0
5182,18.815289187523693,0
5183,18.237327384449944,0
5184,19.986018779391244,0
5185,21.21208407558659,0
5186,20.573714952163822,0
5187,22.6427303849051,0
5188,21.03512876023749,0
5189,22.165490244433563,0
5190,24.260089561893523,0
5191,23.693497596194014,0
5192,23.76345476275811,0
5193,25.127956648623545,0
5194,25.58539316312404,0
5195,24.90377271089831,0
5196,25.370599235746123,0
5197,25.02547181885626,0
5198,24.25922762344633,0
5199,24.881175855951227,0
5200,24.057460493332652,0
5201,21.85781178995833,0
5202,23.006248996854293,0
5203,23.55196548299138,0
5204,22.532977050446775,0
5205,21.875162496459836,0
5206,20.651461989648563,0
5207,19.092930641369925,0
5208,18.976459201884147,0
5209,17.952484786972985,0
5210,17.125334516458167,0
5211,18.536526698141436,0
5212,16.990487719143488,0
5213,15.681400055769329,0
5214,16.917993440779576,0
5215,16.811919344919286,0
5216,14.139406671819003,0
5217,16.025212503895496,0
5218,13.869575310373717,0
5219,17.60480094527609,0
5220,15.314553020024537,0
5221,12.982888897640695,0
5222,16.323914762019346,0
5223,14.359357450510263,0
5224,16.104023837497184,0
5225,17.758336833309713,0
5226,17.422301539317935,0
5227,15.309962439799516,0
5228,17.61101148426849,0
5229,17.434382186192114,0
5230,18.93574138305847,0
5231,19.0052191490273,0
5232,19.852157965013966,0
5233,22.201863407009498,0
5234,20.6498492603016,0
5235,23.135564834615924,0
5236,21.51473861393358,0
5237,22.812984658654695,0
5238,22.00588322727049,0
5239,25.12438035233137,0
5240,24.40151281111384,0
5241,23.232707733835355,0
5242,24.932697239822545,0
5243,24.5410753061381,0
5244,24.522615073469463,0
5245,24.3937395816841,0
5246,25.459252101016254,0
5247,23.94344142606286,0
5248,25.342875901372075,0
5249,24.578532318682697,0
5250,24.486829322437494,0
5251,24.152834536944255,0
5252,22.944669457439232,0
5253,21.20398538142282,0
5254,22.188480481171805,0
5255,19.22572814894039,0
5256,19.323531126791924,0
5257,20.493718249517123,0
5258,16.89760956271255,0
5259,17.200665346935487,0
5260,16.162748640676767,0
5261,17.32989077578368,0
5262,15.43585923770449,0
5263,16.227724081030455,0
5264,15.713822474600649,0
5265,17.35980335954646,0
5266,17.266183171246865,0
5267,14.209989122908285,0
5268,14.328270188120992,0
5269,14.983770302595468,0
5270,14.793699436492393,0
5271,15.03903508883789,0
5272,15.510946335503013,0
5273,16.943041984099537,0
5274,17.836908693196172,0
5275,15.541347794296147,0
5276,18.094444402234334,0
5277,18.234325146926608,0
5278,17.71684390127286,0
5279,19.29089861361974,0
5280,19.48117581515873,0
5281,20.761924376914376,0
5282,21.3980857629041,0
5283,20.21176245756282,0
5284,21.98367614166405,0
5285,23.27984213067873,0
5286,22.906938857346848,0
5287,20.85766318975637,0
5288,25.64383594343723,0
5289,24.46250073513956,0
5290,25.457619718203848,0
5291,24.301198967333708,0
5292,24.107795924678907,0
5293,25.94548016611858,0
5294,24.93455065211218,0
5295,24.133171316023102,0
5296,24.692183462256903,0
5297,23.647378916326684,0
5298,23.78440569841679,0
5299,23.905137167150244,0
5300,22.541906963045452,0
5301,21.47551098003793,0
5302,21.98252337520091,0
5303,21.857195071700772,0
5304,20.252001966245214,0
5305,19.383442820809428,0
5306,18.752934946387644,0
5307,17.452462399032534,0
5308,18.180862424984593,0
5309,16.55915883185569,0
5310,16.109902669917364,0
5311,16.43642064098847,0
5312,17.147723619108376,0
5313,16.552309962310666,0
5314,14.107462429161366,0
5315,16.482296946383137,0
5316,15.802592688922832,0
5317,15.194250455744875,0
5318,16.152122759626685,0
5319,15.677280623176037,0
5320,17.59253906634718,0
5321,15.31586364703025,0
5322,17.961566391296266,0
5323,16.538368361568676,0
5324,17.230838161864938,0
5325,18.97494883809302,0
5326,16.75052883756829,0
5327,20.256817346321487,0
5328,21.319114314970477,0
5329,18.97255729540954,0
5330,20.660813268486223,0
5331,22.973620376231413,0
5332,21.53836890087824,0
5333,21.723458465744283,0
5334,25.343157499654513,0
5335,23.577512266928192,0
5336,25.97606906319458,0
5337,25.66734130672729,0
5338,25.221358608821358,0
5339,24.172829088995407,0
5340,26.11592191400818,0
5341,25.47782535511003,0
5342,24.269994233117533,0
5343,23.889689047563802,0
5344,23.996001118684116,0
5345,22.830775750182006,0
5346,23.049501230388493,0
5347,23.528029107858362,0
5348,21.61059588451157,0
5349,21.558339913938173,0
5350,20.98702839678738,0
5351,20.515385970407188,0
5352,19.320035095713084,0
5353,19.76670400357504,0
5354,19.904528161925302,0
5355,16.80227755131438,0
5356,16.95800005041979,0
5357,16.804395758282126,0
5358,17.641266865739038,0
5359,15.898445201972406,0
5360,15.146901461693249,0
5361,16.26427202252774,0
5362,15.00405732991811,0
5363,13.972455069245424,0
5364,15.250009083828198,0
5365,15.149538479508845,0
5366,14.538222298591974,0
5367,13.697122341910372,0
5368,15.125822451080632,0
5369,16.43009962639876,0
5370,16.80257713911246,0
5371,15.452724106720162,0
5372,16.33213729488399,0
5373,18.98918922441769,0
5374,16.86328031864772,0
5375,20.22059985873841,0
5376,20.65276363864224,0
5377,22.66812643309781,0
5378,19.626490672045836,0
5379,22.749299293696044,0
5380,21.891998156483503,0
5381,23.07167435409042,0
5382,22.48717511569206,0
5383,24.886030881853856,0
5384,24.884338960919674,0
5385,23.45643790063242,0
5386,23.365997038120483,0
5387,25.281191876668576,0
5388,24.523123999661692,0
5389,25.15671545145286,0
5390,25.014769736533168,0
5391,24.976089182781273,0
5392,24.40145555859955,0
5393,23.453671696829595,0
5394,24.541689231049265,0
5395,23.779390259157015,0
5396,22.46460672127167,0
5397,22.299242283748463,0
5398,21.285144816787533,0
5399,20.5472725659467,0
5400,19.510651395207745,0
5401,20.72371468146128,0
5402,18.178942563648675,0
5403,19.446933199069864,0
5404,18.169520497915432,0
5405,17.539057107812237,0
5406,17.16612924283846,0
5407,16.475790184357052,0
5408,14.409065895597898,0
5409,13.88778091622542,0
5410,14.406695742645722,0
5411,14.444890347062891,0
5412,14.95109026947627,0
5413,14.869751615346365,0
5414,15.48677425517333,0
5415,13.660977066499338,0
5416,15.767677438526084,0
5417,15.249631745744164,0
5418,15.713087979058622,0
5419,16.191435049267177,0
5420,17.411852287525466,0
5421,17.08479233706338,0
5422,19.324301491302055,0
5423,19.99216800227311,0
5424,19.202088087565297,0
5425,19.856796161382558,0
5426,21.180771031522536,0
5427,23.02304928145582,0
5428,23.03004439670991,0
5429,22.25813081117242,0
5430,23.32935474291171,0
5431,22.64039237737871,0
5432,23.75471393238822,0
5433,23.423438700098135,0
5434,25.25050656234868,0
5435,24.589573863463183,0
5436,24.82081277377541,0
5437,23.249286686188473,0
5438,24.242461402316412,0
5439,24.09669205037112,0
5440,25.303046212317405,0
5441,22.1581357942337,0
5442,22.463880653348262,0
5443,21.95512105773546,0
5444,22.79471345734718,0
5445,21.191278421638682,0
5446,22.363249379909792,0
5447,22.09808089373035,0
5448,17.96424570729102,0
5449,20.52479930714321,0
5450,19.312482110180596,0
5451,18.796857592671145,0
5452,17.945441199052567,0
5453,16.61491672377536,0
5454,15.900349918172882,0
5455,15.380847216417562,0
5456,14.725329727780755,0
5457,15.602229995916645,0
5458,15.032653389386901,0
5459,15.16766438805357,0
5460,15.093334269343075,0
5461,13.316427005991969,0
5462,15.043540027300358,0
5463,14.571497693090574,0
5464,14.71733613327735,0
5465,15.911967828238177,0
5466,17.2552083795599,0
5467,16.667911186684666,0
5468,17.720427286184478,0
5469,19.594810111706707,0
5470,19.352912058514242,0
5471,19.880550011025385,0
5472,19.27336168368175,0
5473,21.499740163359792,0
5474,20.951187438517167,0
5475,23.42301090254938,0
5476,24.455695464890876,0
5477,22.369307863743316,0
5478,23.83912158113861,0
5479,24.171994782784886,0
5480,25.88251315841854,0
5481,23.378524211028953,0
5482,26.05466055848736,0
5483,26.101280771952258,0
5484,25.169113728743003,0
5485,25.587183798662878,0
5486,24.81438331515276,0
5487,25.021370742149717,0
5488,24.245418202766217,0
5489,22.670796623447234,0
5490,23.055985369336813,0
5491,22.600364962542248,0
5492,23.128918163943734,0
5493,21.56645242453917,0
5494,21.837570367690176,0
5495,21.7582742431218,0
5496,19.69431400102587,0
5497,19.933516527659183,0
5498,17.461591116856734,0
5499,18.286675661036142,0
5500,18.57182186347203,0
5501,17.971168755345353,0
5502,20.031777342143403,0
5503,15.592266171489719,0
5504,15.854241358437264,0
5505,15.51990532009152,0
5506,14.577421805881091,0
5507,15.071610964059358,0
5508,13.826311552408148,0
5509,14.81229094454937,0
5510,18.1907695053393,0
5511,14.698349984589326,0
5512,16.6530095318062,0
5513,17.420079341587304,0
5514,17.965986286228272,0
5515,17.665004421062182,0
5516,17.862612720119927,0
5517,19.019204027794583,0
5518,19.765919892233484,0
5519,17.91152178870188,0
5520,21.533821154799316,0
5521,20.827031671805507,0
5522,22.31212011278917,0
5523,22.98195200730986,0
5524,22.9230239561778,0
5525,21.931129528019415,0
5526,21.866457673380992,0
5527,24.898839599275718,0
5528,23.720005318720098,0
5529,23.181918299900673,0
5530,24.329757986637347,0
5531,24.954389716226906,0
5532,26.563658318122144,0
5533,23.88495641144975,0
5534,25.29148229702449,0
5535,24.776478292104464,0
5536,23.885503854852818,0
5537,22.95240916724548,0
5538,24.958643320308852,0
5539,22.839607011307034,0
5540,22.79986106188235,0
5541,21.664508318693997,0
5542,23.112147232336216,0
5543,20.969202796489004,0
5544,19.56223167447157,0
5545,20.2519925191841,0
5546,18.865537940002408,0
5547,17.09981939841336,0
5548,16.013387225403203,0
5549,16.35272678491341,0
5550,15.913956583984591,0
5551,14.448948358031386,0
5552,13.561205942355098,0
5553,15.464735133459238,0
5554,15.173766072394718,0
5555,15.577669863023074,0
5556,13.737877109376736,0
5557,14.942855420113174,0
5558,15.169372440763198,0
5559,14.94035109823971,0
5560,14.710256341730952,0
5561,15.956435489725553,0
5562,15.848152346188574,0
5563,16.240761161200425,0
5564,17.0404476979324,0
5565,17.02995101269415,0
5566,17.597320772596245,0
5567,19.084001664215776,0
5568,19.89237933294408,0
5569,21.256655679087824,0
5570,20.933258066130772,0
5571,20.990125497934912,0
5572,21.224987630766037,0
5573,23.829322956831312,0
5574,22.8861521395173,0
5575,22.785048145111663,0
5576,25.660380802877416,0
5577,25.53950026320111,0
5578,24.159848607127884,0
5579,24.76684579908293,0
5580,24.06038143709843,0
5581,24.729600852742188,0
5582,26.128296075960936,0
5583,24.415493711691834,0
5584,25.273551241138037,0
5585,25.189104390765564,0
5586,21.62585060743006,0
5587,22.24439847778278,0
5588,23.762463339321442,0
5589,21.25607909940373,0
5590,20.626781830767097,0
5591,19.852777284527487,0
5592,20.81961844547631,0
5593,19.175558839955624,0
5594,21.084514183363886,0
5595,18.321736290326978,0
5596,15.382488859160954,0
5597,15.661032947601795,0
5598,16.554552634396803,0
5599,17.864784040984617,0
5600,16.589218422665287,0
5601,14.665333023178619,0
5602,14.55583476263,0
5603,13.393152930001659,0
5604,15.965996602890968,0
5605,13.360982341514129,0
5606,15.891464431105327,0
5607,16.259893194570722,0
5608,16.03223390996464,0
5609,17.147052672237407,0
5610,18.61204158056068,0
5611,16.146700697738257,0
5612,19.23834326910751,0
5613,15.950178657890177,0
5614,18.30575127416834,0
5615,19.1310236810711,0
5616,19.899871577607314,0
5617,21.78480110616754,0
5618,21.061888237502835,0
5619,20.974272613302745,0
5620,21.514836646882316,0
5621,22.643503661568392,0
5622,24.044866940275796,0
5623,22.855537998589558,0
5624,23.58049554953616,0
5625,23.926356791430422,0
5626,25.27460588889466,0
5627,25.22881808284326,0
5628,23.83318377296012,0
5629,23.704997551129335,0
5630,24.0539007059178,0
5631,24.885008596169,0
5632,25.569138516934427,0
5633,24.051160690723727,0
5634,22.801969863000224,0
5635,25.111884611773824,0
5636,23.26583892384096,0
5637,19.48381929802213,0
5638,21.92005265099339,0
5639,21.768372239328265,0
5640,21.03609767111855,0
5641,18.764659076194384,0
5642,17.06713353410509,0
5643,18.128353014798044,0
5644,18.12304175852822,0
5645,17.46692756858529,0
5646,16.774209953951637,0
5647,15.276006095308649,0
5648,15.733444265734086,0
5649,15.289763375119458,0
5650,14.618454639950428,0
5651,16.82467383787813,0
5652,14.657136089732656,0
5653,14.718446807332175,0
5654,16.99076034593262,0
5655,14.929577422143938,0
5656,15.192850496254602,0
5657,15.850282357191624,0
5658,15.118743733826054,0
5659,17.501820374696415,0
5660,17.062378106066504,0
5661,18.23143386133275,0
5662,19.734198412123447,0
5663,18.66064012088471,0
5664,19.42757460056266,0
5665,18.96139199521819,0
5666,21.975214434957767,0
5667,21.338329715801137,0
5668,23.211876462903092,0
5669,22.850227642691586,0
5670,22.892743749327398,0
5671,23.011794869659326,0
5672,25.42475370328123,0
5673,25.16926124458228,0
5674,25.784525471146313,0
5675,24.799252606730978,0
5676,23.51999658845194,0
5677,24.742784595666315,0
5678,25.38285701338219,0
5679,25.254680360243288,0
5680,25.16519656551323,0
5681,24.994034291440837,0
5682,24.44024510200342,0
5683,24.664869880024284,0
5684,20.71611301402482,0
5685,22.57546390568564,0
5686,21.921611606715167,0
5687,21.466149287292012,0
5688,20.117697865794675,0
5689,18.609852014092088,0
5690,18.96258256267891,0
5691,18.872535687670098,0
5692,17.619876475582533,0
5693,18.04900966860875,0
5694,17.404377020251875,0
5695,13.94925659349404,0
5696,18.019721248603222,0
5697,14.309753084311462,0
5698,17.63273173603252,0
5699,15.835457415043404,0
5700,14.41419501385853,0
5701,15.360687173415275,0
5702,15.10326951333717,0
5703,16.000530463442693,0
5704,14.27018340852767,0
5705,15.729427695658886,0
5706,14.09106446348612,0
5707,16.95437912455061,0
5708,16.994269372219613,0
5709,16.969447473746904,0
5710,17.67973490580763,0
5711,19.161128791731436,0
5712,19.396756469095834,0
5713,20.47862926430336,0
5714,20.773833630955785,0
5715,21.33219584212597,0
5716,21.834078494428667,0
5717,24.107791693847105,0
5718,23.13595992108841,0
5719,23.94302111968225,0
5720,25.060427483031486,0
5721,25.932942302254673,0
5722,23.405290313880307,0
5723,24.60344303799743,0
5724,24.034259548552665,0
5725,25.135426478929883,0
5726,24.999623528129945,0
5727,22.939435453766265,0
5728,23.31450864991331,0
5729,23.160851971728896,0
5730,24.442056939852428,0
5731,20.900947203855026,0
5732,23.025086606736934,0
5733,21.93532749492804,0
5734,20.69314465975233,0
5735,20.803362083919055,0
5736,19.282132410817837,0
5737,21.264046096831912,0
5738,18.78955954632465,0
5739,17.59619029585661,0
5740,18.614849263611774,0
5741,17.029047728723942,0
5742,15.606821077310233,0
5743,15.803627774161937,0
5744,16.07564875493539,0
5745,15.4612297256176,0
5746,15.426521408200939,0
5747,15.311048573142422,0
5748,15.713524488992224,0
5749,14.988265819122214,0
5750,17.01976647213749,0
5751,15.97248875899589,0
5752,16.905980089714856,0
5753,16.078700348385176,0
5754,15.816357296788704,0
5755,16.928795590138773,0
5756,17.696795439805033,0
5757,17.553954695493722,0
5758,15.803192474416836,0
5759,18.796202233696555,0
5760,21.158303930811044,0
5761,22.233633157466606,0
5762,22.80061258896145,0
5763,21.56017130123052,0
5764,22.132114479775037,0
5765,24.771569755523846,0
5766,24.269846365940744,0
5767,22.80180957288585,0
5768,23.240571830867623,0
5769,23.717241801953108,0
5770,24.23069871696681,0
5771,22.553446410154873,0
5772,24.226321782306822,0
5773,24.329991197419208,0
5774,25.48638201541951,0
5775,24.3058897213329,0
5776,22.59715567692199,0
5777,24.308834864173793,0
5778,24.473710839756965,0
5779,24.797198741930337,0
5780,23.479010068499928,0
5781,22.80055306948131,0
5782,23.042537867447244,0
5783,19.428480931024435,0
5784,21.806193317605477,0
5785,21.229782012686098,0
5786,17.98920179892524,0
5787,19.248556339949683,0
5788,16.15166371038726,0
5789,19.905607645878735,0
5790,17.363294055016798,0
5791,16.064559754438225,0
5792,14.776602583430721,0
5793,15.538496457287142,0
5794,15.966561702844162,0
5795,15.122555316651766,0
5796,16.162745906909088,0
5797,15.42786563841235,0
5798,14.680902160279487,0
5799,16.480796881703828,0
5800,18.858945995657212,0
5801,13.963565172587682,0
5802,16.57885075153164,0
5803,18.022589424964718,0
5804,16.92580084071454,0
5805,17.05688627595893,0
5806,18.00585507213545,0
5807,19.537915895517333,0
5808,18.955427460388652,0
5809,18.87645814757501,0
5810,19.88661299182116,0
5811,22.145395326409893,0
5812,22.320340992857012,0
5813,24.00890815043144,0
5814,23.656264817828898,0
5815,22.78826792653623,0
5816,23.608239985857768,0
5817,23.758041009911697,0
5818,25.64472652083331,0
5819,24.848228378050084,0
5820,24.790410832204234,0
5821,25.249304892785688,0
5822,25.380729552476488,0
5823,23.884114921795366,0
5824,22.879792255375545,0
5825,23.850832993585378,0
5826,23.05809928626416,0
5827,23.39621234389626,0
5828,21.127255779645708,0
5829,23.30667144665189,0
5830,21.175043704202462,0
5831,21.94439366052676,0
5832,20.52104468193232,0
5833,19.229636950596234,0
5834,17.771479338673455,0
5835,17.919881881066136,0
5836,16.612822887634078,0
5837,18.65327013330278,0
5838,15.653163780318296,0
5839,16.079366087638352,0
5840,14.886780075112087,0
5841,14.748544678361469,0
5842,15.337568508554915,0
5843,17.15771462454784,0
5844,13.85348149888096,0
5845,15.123076697226974,0
5846,16.265325515136052,0
5847,15.397163667216445,0
5848,15.197193567814072,0
5849,18.92990845339571,0
5850,16.837451931163965,0
5851,16.36402363319739,0
5852,15.83845907736414,0
5853,17.143196341336182,0
5854,18.12737442508469,0
5855,20.325763906977983,0
5856,20.035062528567224,0
5857,19.84936633141129,0
5858,23.023888513536406,0
5859,23.068454204810916,0
5860,22.08844315921879,0
5861,23.957044420433736,0
5862,23.585229460868376,0
5863,23.44925274516194,0
5864,23.26428540152789,0
5865,24.41026775677277,0
5866,24.93965795534923,0
5867,25.2733600701354,0
5868,25.17875660163082,0
5869,26.01522363036032,0
5870,26.34505888126136,0
5871,24.5985266414535,0
5872,25.007303219121876,0
5873,25.241447453352208,0
5874,23.29399216698444,0
5875,22.34243397169245,0
5876,20.438379812680118,0
5877,21.671345490053913,0
5878,19.142766200150852,0
5879,19.647111375412717,0
5880,20.41423744121557,0
5881,20.182435027376048,0
5882,17.395688215538826,0
5883,15.981223772078051,0
5884,16.11936857292112,0
5885,17.280540750562466,0
5886,18.56041788714551,0
5887,15.92179778838057,0
5888,13.618505915446402,0
5889,14.204706404006043,0
5890,16.36026112821707,0
5891,15.459472410716613,0
5892,15.638815717995008,0
5893,14.902223765554567,0
5894,15.082910050467875,0
5895,13.308577528789325,0
5896,16.58232521172674,0
5897,17.668189430283807,0
5898,15.811701943366964,0
5899,16.167923380530276,0
5900,17.402125873371908,0
5901,17.708054871813104,0
5902,17.421027707081386,0
5903,18.185259707250417,0
5904,20.231620781752344,0
5905,21.843641857725583,0
5906,20.68547997133826,0
5907,20.400813832398917,0
5908,22.943909147285893,0
5909,24.1749008622472,0
5910,22.825012014102327,0
5911,22.839402917630178,0
5912,23.763937219282553,0
5913,24.349897930789005,0
5914,26.340701714538557,0
5915,23.89516232715797,0
5916,25.351885121593533,0
5917,25.413884195255175,0
5918,24.386644297073847,0
5919,26.400156726009566,0
5920,24.97467736501194,0
5921,23.36085641756387,0
5922,23.252709506140867,0
5923,23.094587246197346,0
5924,24.169473956524847,0
5925,21.59765946027715,0
5926,22.040237978866166,0
5927,21.097375619411714,0
5928,18.973537609644858,0
5929,19.69082113898832,0
5930,17.638764067705807,0
5931,17.663262312621594,0
5932,17.358355997035627,0
5933,17.560759257919937,0
5934,16.35241271730143,0
5935,15.611507381684616,0
5936,15.1046605473638,0
5937,14.92955310165585,0
5938,15.342509077056816,0
5939,13.687839925080592,0
5940,14.279683489076541,0
5941,15.022140447947256,0
5942,12.68348852773249,0
5943,16.027375866107608,0
5944,16.526569713132112,0
5945,15.30795361162777,0
5946,16.384945503184156,0
5947,16.857550214152443,0
5948,17.050338683181778,0
5949,18.226031748311684,0
5950,17.51696966488789,0
5951,20.106465831641877,0
5952,19.313863055417777,0
5953,21.708755403882137,0
5954,23.98116156367793,0
5955,22.178148134588636,0
5956,22.988238443940382,0
5957,23.343365216592154,0
5958,23.419905685692083,0
5959,24.662752053099425,0
5960,25.37177735753867,0
5961,24.07531348380378,0
5962,26.170638848138587,0
5963,24.711565201567925,0
5964,26.49443017627696,0
5965,24.76140603430883,0
5966,22.722630412102625,0
5967,24.20386828651998,0
5968,23.389869204085567,0
5969,23.760083880566985,0
5970,24.367921704299945,0
5971,22.350377089835554,0
5972,21.827473415915154,0
5973,22.063612186004917,0
5974,19.87326349484174,0
5975,20.18159538143332,0
5976,21.300643938248076,0
5977,20.821316024150363,0
5978,18.135380672131333,0
5979,17.70462271050301,0
5980,18.248517846997096,0
5981,18.192955006613733,0
5982,16.108150907759903,0
5983,15.165712543496936,0
5984,14.955856744443306,0
5985,16.581674532093984,0
5986,15.721776132720382,0
5987,14.25502344036017,0
5988,16.657217073796247,0
5989,14.753893057378264,0
5990,14.38697500419497,0
5991,16.454554292010872,0
5992,16.743256955079804,0
5993,15.374852377720828,0
5994,15.954274345102839,0
5995,17.609764100263586,0
5996,17.209724070371077,0
5997,19.359834767331964,0
5998,19.585326708496723,0
5999,18.85645281198805,0
6000,17.214057163493667,0
6001,20.75320029205188,0
6002,21.278710213310042,0
6003,24.13887154910636,0
6004,21.49763264843118,0
6005,22.939773396189217,0
6006,25.18486314926278,0
6007,23.799918367620922,0
6008,25.321236414006115,0
6009,24.895046218634732,0
6010,24.81525719238163,0
6011,25.64822867357327,0
6012,24.638057849010675,0
6013,24.117087495468063,0
6014,25.35528791192915,0
6015,24.334782582761633,0
6016,24.807611789524657,0
6017,25.3536877792757,0
6018,24.427475971631956,0
6019,21.936338569174836,0
6020,21.618746097322216,0
6021,20.582851720810172,0
6022,20.79391077851161,0
6023,19.953040377164683,0
6024,20.50139255349159,0
6025,20.623252354452212,0
6026,19.16869935227168,0
6027,16.064216732831312,0
6028,17.268243085522236,0
6029,17.032250961837107,0
6030,17.80111095158036,0
6031,16.514411220613173,0
6032,16.48430321854533,0
6033,15.67349531022607,0
6034,13.70779745304423,0
6035,15.591269799604978,0
6036,16.068614749431333,0
6037,13.962738995588904,0
6038,16.955578491998253,0
6039,17.71283645741626,0
6040,14.852185685578982,0
6041,15.4367830697224,0
6042,15.438405976063198,0
6043,17.26017015886862,0
6044,16.689785522328847,0
6045,19.867266577349863,0
6046,18.18525932496103,0
6047,19.353453668998483,0
6048,20.753250926676678,0
6049,20.285983340722783,0
6050,22.955731746228256,0
6051,21.918100783763798,0
6052,22.742431099405085,0
6053,23.835810849276978,0
6054,22.27294891310344,0
6055,24.180116204525806,0
6056,23.740879435305676,0
6057,24.900280945230573,0
6058,23.758302341787566,0
6059,26.38472709503284,0
6060,25.668352142458183,0
6061,24.63453807106337,0
6062,24.739892574086525,0
6063,23.010762693258172,0
6064,24.81148794136844,0
6065,22.789224814691888,0
6066,24.40877265452252,0
6067,22.36293338124687,0
6068,24.19135814702641,0
6069,21.647543640040425,0
6070,20.76993266617492,0
6071,21.79986089824441,0
6072,19.875908182923258,0
6073,21.373850995155564,0
6074,20.75460456087482,0
6075,17.529324812037572,0
6076,18.726182990737502,0
6077,17.622108738469837,0
6078,16.682518115775057,0
6079,14.230961911565014,0
6080,15.613327612573304,0
6081,14.90293678388032,0
6082,16.36306909126502,0
6083,16.32127262609891,0
6084,13.915990602921909,0
6085,13.690500923656698,0
6086,15.416794125132594,0
6087,14.996199638154165,0
6088,16.631694114646393,0
6089,15.529366845458702,0
6090,17.850341244822985,0
6091,18.70479229608097,0
6092,16.288365055730893,0
6093,17.15539864831998,0
6094,18.867872254598076,0
6095,19.11673557907956,0
6096,21.954773190985,0
6097,20.56036010193718,0
6098,21.104334179114655,0
6099,20.39710313348089,0
6100,23.06905745433224,0
6101,22.09611798169085,0
6102,22.92943386728553,0
6103,22.010128557951592,0
6104,24.123111287941043,0
6105,24.778768150646762,0
6106,25.02251449356379,0
6107,23.434685337504302,0
6108,25.18298898432131,0
6109,25.336477172081985,0
6110,25.56094381175079,0
6111,23.132280138550893,0
6112,24.569036587827352,0
6113,24.228016307448563,0
6114,23.459523830668367,0
6115,23.391703772244064,0
6116,21.455188881745492,0
6117,21.085599358164792,0
6118,23.580377857288873,0
6119,21.77072970101641,0
6120,20.837118884224946,0
6121,19.77010996603104,0
6122,18.372790867559452,0
6123,17.365384258349025,0
6124,16.15980773597947,0
6125,16.787804162936546,0
6126,14.782775504607102,0
6127,16.027334553735194,0
6128,14.86892656934531,0
6129,14.992224385450223,0
6130,14.644485965714038,0
6131,16.843468144662182,0
6132,16.943821644717016,0
6133,13.917307190907787,0
6134,17.39303506869372,0
6135,16.347330282831688,0
6136,16.302809943272905,0
6137,17.202910493893512,0
6138,13.994980047373314,0
6139,17.26005109756298,0
6140,19.321585710880704,0
6141,17.68946634675883,0
6142,20.05737431806953,0
6143,18.78981571103509,0
6144,19.05489425665451,0
6145,21.180239952084513,0
6146,21.01219083833185,0
6147,21.316219449553333,0
6148,22.305953235892428,0
6149,23.23717345183835,0
6150,24.363774885878904,0
6151,23.97025274788696,0
6152,24.524483117470584,0
6153,24.536310819132265,0
6154,24.15401828456044,0
6155,24.165687952380736,0
6156,24.651029411666585,0
6157,24.34517722519835,0
6158,24.38034407171508,0
6159,25.27301511503437,0
6160,24.46404045391814,0
6161,24.077804077890317,0
6162,22.6882982970441,0
6163,22.64337427682774,0
6164,22.168104562954195,0
6165,21.268764915524457,0
6166,22.046101176772332,0
6167,22.513746147143934,0
6168,21.065205680808507,0
6169,18.421474797553444,0
6170,18.349171482148016,0
6171,18.761654110699457,0
6172,17.247962280723133,0
6173,17.081183166774018,0
6174,15.257799551444382,0
6175,14.816243072110648,0
6176,16.26202644793579,0
6177,14.698736536609065,0
6178,15.852607102212072,0
6179,16.004873592157224,0
6180,14.271896597086698,0
6181,14.239013587718073,0
6182,16.789603830998765,0
6183,15.274007821057738,0
6184,16.112346526541725,0
6185,16.460603955221217,0
6186,16.351662582237072,0
6187,17.076365974734472,0
6188,18.247533834765996,0
6189,17.95402384521741,0
6190,16.927902254360838,0
6191,18.97171832824422,0
6192,19.486239215386888,0
6193,20.22794843297034,0
6194,22.3316927244869,0
6195,20.297006885142327,0
6196,23.174417023781405,0
6197,21.79951241161257,0
6198,22.968457411168583,0
6199,24.4735797639633,0
6200,23.469723654921854,0
6201,25.916616336848108,0
6202,25.822735750081222,0
6203,24.63026767095253,0
6204,24.658604327102,0
6205,24.52016266946366,0
6206,22.24503333141655,0
6207,23.82945604582138,0
6208,23.606743542814186,0
6209,24.072561374794176,0
6210,24.158743520650315,0
6211,19.70125928733158,0
6212,21.670986950980158,0
6213,22.58101679352441,0
6214,21.902167092038027,0
6215,22.104644966424928,0
6216,19.412795810498125,0
6217,18.07081640180795,0
6218,18.6632891004382,0
6219,18.612757067094318,0
6220,16.430590042325942,0
6221,16.00812709296495,0
6222,15.215551136628392,0
6223,16.60938714938871,0
6224,14.435558675979012,0
6225,15.45792453986776,0
6226,15.12731469156184,0
6227,14.7607556024127,0
6228,15.358220907868121,0
6229,15.017714893907957,0
6230,13.84879233203187,0
6231,14.442037202108782,0
6232,15.991134730525093,0
6233,17.74959974883187,0
6234,17.191310016827536,0
6235,16.99842603432021,0
6236,17.720446736662304,0
6237,17.208482821851142,0
6238,20.12664710826331,0
6239,20.46286953431101,0
6240,17.77788782042487,0
6241,21.347485812528284,0
6242,19.50665568408694,0
6243,21.86440971710318,0
6244,23.730754190468026,0
6245,22.241791936310662,0
6246,23.612830629561472,0
6247,23.742313376904026,0
6248,21.04546260461833,0
6249,26.703114840903055,0
6250,25.413586227994756,0
6251,22.35404979168228,0
6252,26.476140688669194,0
6253,24.26037912735563,0
6254,24.26003669707593,0
6255,24.066949820173726,0
6256,25.31814642587779,0
6257,24.463002061573544,0
6258,22.55244532314418,0
6259,22.95169384352181,0
6260,21.338370762405717,0
6261,23.068176072072983,0
6262,21.57306815970681,0
6263,21.572358132762588,0
6264,18.673555722315093,0
6265,19.336677179395945,0
6266,20.541351717832185,0
6267,17.513894378853653,0
6268,17.38336668807651,0
6269,16.403445090901112,0
6270,15.740860491344081,0
6271,16.14384495547648,0
6272,15.450957229114728,0
6273,14.504566214731351,0
6274,14.336637195032905,0
6275,15.54862381139908,0
6276,16.437099163798948,0
6277,15.411892010921504,0
6278,15.65059387028511,0
6279,14.727005074170073,0
6280,15.321965217064319,0
6281,15.195745186734081,0
6282,16.486527883236647,0
6283,16.96937574389317,0
6284,18.730224513879676,0
6285,19.422285862291204,0
6286,18.255794476475927,0
6287,20.111133116372763,0
6288,19.84418249291115,0
6289,19.48053269117125,0
6290,20.701064958270184,0
6291,22.236367668212715,0
6292,22.77406747824183,0
6293,23.736943058460042,0
6294,22.76563554380747,0
6295,23.7407049045121,0
6296,22.509278560719792,0
6297,25.534681883437912,0
6298,28.267127507151336,0
6299,25.30807325558451,0
6300,22.845451246389015,0
6301,24.981500820484374,0
6302,24.800295200834043,0
6303,25.44125202900687,0
6304,24.93915862291358,0
6305,25.500656457771644,0
6306,24.75499288328897,0
6307,23.506963503804958,0
6308,21.86682627682754,0
6309,21.310991709813027,0
6310,21.487399201548616,0
6311,20.228995720745395,0
6312,21.129039111777786,0
6313,20.096077892621356,0
6314,19.522576526010628,0
6315,15.605558039621211,0
6316,16.58165259093618,0
6317,18.14787921767757,0
6318,16.632514538741354,0
6319,16.186892128252342,0
6320,16.5339758678187,0
6321,14.787121546037444,0
6322,14.540700990837983,0
6323,14.673624829282039,0
6324,13.78611047821341,0
6325,14.797417674211763,0
6326,13.13760840428945,0
6327,16.876685009190872,0
6328,17.438525111913496,0
6329,16.762507635568365,0
6330,16.668427520758193,0
6331,14.984571426758103,0
6332,19.604060745908743,0
6333,18.781677091296782,0
6334,17.959003068784554,0
6335,18.49584665557789,0
6336,20.215719535398236,0
6337,19.86359612093836,0
6338,21.75354139072973,0
6339,22.9094755626616,0
6340,21.21288625058689,0
6341,21.498174880378578,0
6342,22.861188369533437,0
6343,24.963582359355147,0
6344,24.60179544677732,0
6345,24.768742456935918,0
6346,24.636276405935394,0
6347,26.16390688800716,0
6348,24.00545070607469,0
6349,26.289751739785608,0
6350,24.05622541299019,0
6351,24.19767670797222,0
6352,24.741479265218818,0
6353,25.31500455618002,0
6354,23.73881676409492,0
6355,21.72539057058796,0
6356,22.581386569510844,0
6357,20.276338757952686,0
6358,22.184456261826384,0
6359,20.787242179702687,0
6360,19.919934758957353,0
6361,19.950486950881633,0
6362,17.54397554352674,0
6363,16.17452664904345,0
6364,17.143530307169872,0
6365,16.534180361963593,0
6366,14.472517699225325,0
6367,16.18209365482286,0
6368,16.643377882277733,0
6369,16.950852090821503,0
6370,15.836966899201913,0
6371,15.054062884089046,0
6372,12.295424566157902,0
6373,12.561983442552254,0
6374,16.073623128375676,0
6375,16.87368365765959,0
6376,14.958253275457585,0
6377,16.153085157199058,0
6378,17.06963387214259,0
6379,17.319828380980375,0
6380,18.3009308498486,0
6381,17.3406165337061,0
6382,16.961356495997045,0
6383,19.143990236894815,0
6384,19.974987321399702,0
6385,17.94870657655108,0
6386,21.172485164015868,0
6387,24.668528017311864,0
6388,23.38478869579672,0
6389,22.80160693424873,0
6390,24.215078243718988,0
6391,24.623748050766395,0
6392,24.46512677164867,0
6393,24.351543019550878,0
6394,23.459197982512926,0
6395,23.75560349434509,0
6396,25.636475085347325,0
6397,24.322647669137815,0
6398,24.44123200499971,0
6399,25.32978667109012,0
6400,25.019946703862786,0
6401,23.448530027752014,0
6402,21.928687226821054,0
6403,22.53833820650629,0
6404,21.55368372256545,0
6405,22.542240494251477,0
6406,19.539852116746914,0
6407,20.74469786070193,0
6408,20.42565889082127,0
6409,17.402023643033925,0
6410,19.000131669370383,0
6411,18.33243115711819,0
6412,19.14776788636333,0
6413,17.498201477834833,0
6414,17.313576761252268,0
6415,16.23291933626121,0
6416,17.22550644549026,0
6417,14.78544192517014,0
6418,16.983912388619316,0
6419,16.168953375271435,0
6420,13.312616555758103,0
6421,14.44160260244563,0
6422,16.577150618150817,0
6423,16.520892754399256,0
6424,15.444383177298844,0
6425,15.692025751471675,0
6426,17.224992425461362,0
6427,15.403894697344326,0
6428,17.526583374193304,0
6429,19.49452988763841,0
6430,17.2682870931317,0
6431,21.06544497537307,0
6432,21.85767173614352,0
6433,20.0295209701206,0
6434,20.118060742046502,0
6435,21.887582394810764,0
6436,22.976077775034106,0
6437,23.938692625370614,0
6438,23.1916705986527,0
6439,22.814667762014366,0
6440,25.565695447272045,0
6441,23.891457444489667,0
6442,23.709536938622396,0
6443,24.106424324769552,0
6444,25.668256649789328,0
6445,24.39858572282621,0
6446,24.32258557730533,0
6447,25.601009629981043,0
6448,23.28358678565176,0
6449,21.376484801553104,0
6450,23.873124082312412,0
6451,23.44704867739275,0
6452,22.91321523944972,0
6453,21.263385834805046,0
6454,19.87943731406068,0
6455,20.179818412800568,0
6456,18.829909993004584,0
6457,20.302418898482195,0
6458,19.019200541996753,0
6459,20.057809461580867,0
6460,18.289921822020784,0
6461,16.73359638339053,0
6462,17.90310864406276,0
6463,15.20533042343031,0
6464,16.86612781420309,0
6465,16.507043456034125,0
6466,14.905633888881832,0
6467,14.253894630218202,0
6468,15.0208536957035,0
6469,14.589433569210026,0
6470,15.269985814917865,0
6471,15.900712149931229,0
6472,16.011978156743798,0
6473,16.164192554541355,0
6474,17.429901304349148,0
6475,17.309316788965656,0
6476,19.225901641202977,0
6477,16.466270603404418,0
6478,18.972139960043638,0
6479,18.755188929504715,0
6480,21.226219801686273,0
6481,20.77715138348086,0
6482,22.591692788600348,0
6483,23.583336097965617,0
6484,22.389850688927833,0
6485,24.201536656970678,0
6486,24.497905141390618,0
6487,23.275346610818843,0
6488,23.765417514244284,0
6489,25.466405511245128,0
6490,22.89963692170925,0
6491,24.554071629327506,0
6492,24.440887283304818,0
6493,24.804539534980428,0
6494,24.846535590852334,0
6495,26.65013083108102,0
6496,23.925757600103246,0
6497,22.71384993263963,0
6498,23.586997515404985,0
6499,22.091389523482825,0
6500,23.426451996599845,0
6501,22.78783594335709,0
6502,19.873826102147646,0
6503,19.27796024390215,0
6504,20.303124241759626,0
6505,18.860928867646095,0
6506,18.65531851865987,0
6507,19.608676638544107,0
6508,17.39502598981357,0
6509,17.364547800252137,0
6510,15.171488274356737,0
6511,14.588841057814738,0
6512,14.632260049225959,0
6513,14.755112926294247,0
6514,15.741578300150115,0
6515,15.976015613585421,0
6516,16.705242089761526,0
6517,14.147129376825374,0
6518,15.993356500716327,0
6519,14.599364530290215,0
6520,13.971455400904912,0
6521,17.623973850670076,0
6522,17.028133039069203,0
6523,16.18267616489538,0
6524,17.272181961021378,0
6525,18.93505326815488,0
6526,20.662251505141473,0
6527,20.38650158580501,0
6528,20.82869137018325,0
6529,19.917836853429105,0
6530,19.678837262733257,0
6531,21.90694323694897,0
6532,21.173404197751154,0
6533,22.610467185654624,0
6534,24.919918059610293,0
6535,24.24886003356543,0
6536,23.270640368701066,0
6537,22.85770207596663,0
6538,23.731698787362163,0
6539,25.638019624443366,0
6540,22.547059353247427,0
6541,23.774865749937412,0
6542,25.37845133441215,0
6543,24.00559423623723,0
6544,24.277171322796132,0
6545,22.831090679708336,0
6546,24.480834394466378,0
6547,25.38840256049634,0
6548,23.03536128186475,0
6549,23.44625275187161,0
6550,20.922668894961316,0
6551,21.068901342903718,0
6552,20.049702353221242,0
6553,17.633011651529056,0
6554,18.613226814380994,0
6555,18.04890497824524,0
6556,17.018301828977254,0
6557,16.64262598352222,0
6558,14.64051482286507,0
6559,16.671635620916813,0
6560,14.8818385070181,0
6561,15.612643021296016,0
6562,14.663407371304906,0
6563,16.036661450674302,0
6564,15.081919489068019,0
6565,15.74468495922217,0
6566,13.979202106880528,0
6567,16.055648417942184,0
6568,16.142708775963786,0
6569,15.887608502165152,0
6570,15.986187078874528,0
6571,17.311453854501035,0
6572,18.01566751889604,0
6573,18.05645032985028,0
6574,18.83955316674072,0
6575,18.941406294995634,0
6576,19.318689771661404,0
6577,19.302146908662316,0
6578,22.33624824429411,0
6579,22.33245154787204,0
6580,22.663588816252116,0
6581,22.726808186849702,0
6582,23.335985168581338,0
6583,23.333592259776786,0
6584,25.213884403656678,0
6585,24.867340080214916,0
6586,24.924188911563945,0
6587,24.744084129625026,0
6588,24.1786383495705,0
6589,26.33550375190735,0
6590,24.684117085194607,0
6591,25.55221927447899,0
6592,23.70836588679586,0
6593,24.165431034374567,0
6594,24.671491767781628,0
6595,21.732117404115453,0
6596,21.694300585158743,0
6597,20.933487965121486,0
6598,21.638058405508524,0
6599,18.923751893233156,0
6600,19.505818711330964,0
6601,17.870306386433636,0
6602,16.997556421968746,0
6603,20.361577698082296,0
6604,17.177272657892715,0
6605,18.208547349102815,0
6606,17.64827604346185,0
6607,17.602900211901495,0
6608,15.530710906511207,0
6609,14.247977209450216,0
6610,17.43040681903318,0
6611,13.408339293564474,0
6612,13.12000907359042,0
6613,15.709868861657851,0
6614,16.080685062326793,0
6615,16.27000712133992,0
6616,15.370238210694598,0
6617,14.649936644700224,0
6618,16.71628697795498,0
6619,18.017369352807666,0
6620,17.418372896139978,0
6621,19.586441422997602,0
6622,18.634316218471007,0
6623,20.275777785222353,0
6624,19.28536024290023,0
6625,21.10474908725867,0
6626,22.806865604851737,0
6627,23.302132830425478,0
6628,23.215048200153124,0
6629,22.984828892284934,0
6630,22.912775559042185,0
6631,23.9653758107342,0
6632,25.432894052975364,0
6633,25.49789465173277,0
6634,23.774855509461158,0
6635,26.270902079808934,0
6636,26.58407030009905,0
6637,24.287940527670816,0
6638,25.344682548556428,0
6639,23.631740591762263,0
6640,24.500144598230886,0
6641,23.904378417953943,0
6642,23.89060584770578,0
6643,23.022482376240443,0
6644,22.042114891920683,0
6645,22.385265656825123,0
6646,18.82578173219662,0
6647,19.550575582150177,0
6648,20.01312892572553,0
6649,19.25159404164118,0
6650,19.28244879034076,0
6651,17.130229646515367,0
6652,16.039925940756678,0
6653,16.925601210504556,0
6654,15.893646753375668,0
6655,14.013580511487994,0
6656,16.593134425681047,0
6657,15.788084284443604,0
6658,15.0383155658648,0
6659,17.626930467204062,0
6660,14.067623696091642,0
6661,15.184043711188268,0
6662,15.86761194398352,0
6663,15.36110895606938,0
6664,15.162404490768463,0
6665,16.091449713019863,0
6666,24.83443218625944,1
6667,25.81781476367911,0
6668,24.923076592518605,0
6669,25.63955341216026,0
6670,25.854227877172008,0
6671,26.774319347573346,0
6672,27.45693426860949,0
6673,27.97738837604443,0
6674,31.173026721396166,0
6675,29.311782453668624,0
6676,29.94469694135979,0
6677,33.32853104773666,0
6678,32.374871059175085,0
6679,29.17587681999753,0
6680,32.263986728498914,0
6681,32.3223677312586,0
6682,31.259612890797506,0
6683,31.616241223339745,0
6684,33.69562652591566,0
6685,33.34329233435645,0
6686,32.88156501868302,0
6687,31.726337022329126,0
6688,33.58502852820537,0
6689,32.187509784554415,0
6690,31.54087613701006,0
6691,31.102975772942525,0
6692,28.829458417473774,0
6693,30.294150337076683,0
6694,30.750279830648488,0
6695,28.998753726668205,0
6696,27.49211876860032,0
6697,28.483046378230043,0
6698,25.370585716566765,0
6699,25.44618664496411,0
6700,25.7747063023269,0
6701,25.489385681712317,0
6702,24.841109494014255,0
6703,22.351050125486612,0
6704,24.17902142756196,0
6705,23.721921676015775,0
6706,22.389241693157757,0
6707,24.67281363898964,0
6708,22.72602645091708,0
6709,22.89985107860569,0
6710,23.73790000897509,0
6711,23.71788229872054,0
6712,24.01335048941907,0
6713,23.42413273077372,0
6714,24.695013825489948,0
6715,24.949126436865694,0
6716,24.314492799539497,0
6717,24.491174183720375,0
6718,28.969253479310268,0
6719,26.209786435714932,0
6720,27.16475417247768,0
6721,29.342171332421245,0
6722,29.5133408695785,0
6723,28.122178997744886,0
6724,31.107659400505316,0
6725,31.788393328008777,0
6726,31.54152277628262,0
6727,31.517444099309884,0
6728,32.29472266435418,0
6729,31.668019718683638,0
6730,31.5899721914198,0
6731,33.34700340946658,0
6732,34.80199053439693,0
6733,34.06378631940038,0
6734,33.249647475552,0
6735,33.403292393636406,0
6736,32.83554380198401,0
6737,32.93551285616411,0
6738,32.500442201514126,0
6739,29.851944488960655,0
6740,29.78121153971917,0
6741,31.45326319751664,0
6742,28.43530938180954,0
6743,26.8227732686423,0
6744,29.278596771903757,0
6745,27.43936415779534,0
6746,27.246804938925063,0
6747,27.368832301810603,0
6748,24.56751793043984,0
6749,25.163708348305395,0
6750,24.78404184966048,0
6751,23.791903010456682,0
6752,23.578835125695182,0
6753,23.097256909119096,0
6754,23.684423206841423,0
6755,22.303417628503347,0
6756,22.893722329653418,0
6757,21.912827724972846,0
6758,23.297514438989037,0
6759,24.328215996401386,0
6760,22.909334484963964,0
6761,23.780874964056036,0
6762,23.403637671588584,0
6763,26.771781439697953,0
6764,25.48060826772049,0
6765,26.50485465894706,0
6766,28.837132546188688,0
6767,27.093406684433056,0
6768,27.90468758619158,0
6769,27.91124505975717,0
6770,28.031922616400248,0
6771,31.51156071692107,0
6772,30.776139067856,0
6773,31.127594422256166,0
6774,31.97408607778287,0
6775,31.29367477505659,0
6776,32.60663152243642,0
6777,33.157437204518445,0
6778,33.90153045919038,0
6779,32.852881766297095,0
6780,32.57891532540864,0
6781,33.07408543542936,0
6782,33.57803593616973,0
6783,33.655201266303585,0
6784,31.958851317992163,0
6785,31.347391786383955,0
6786,30.07194899359402,0
6787,30.495547473855975,0
6788,30.7010846052821,0
6789,30.413833523920907,0
6790,28.171673647354034,0
6791,26.890002474638155,0
6792,27.060474086703582,0
6793,28.853983007183455,0
6794,27.349214498933687,0
6795,25.865140078616015,0
6796,27.51027087969487,0
6797,25.175836304581335,0
6798,24.187494269722755,0
6799,24.28279735913872,0
6800,23.74481643947632,0
6801,23.219974105018313,0
6802,24.08913866834358,0
6803,22.993348000669187,0
6804,23.10794281507632,0
6805,23.464952451428427,0
6806,24.183513717471907,0
6807,21.949724545598723,0
6808,22.809947774844648,0
6809,23.6660048945918,0
6810,23.79006958239642,0
6811,24.769113026552837,0
6812,24.515241091045066,0
6813,25.11943480943242,0
6814,25.442245737923876,0
6815,27.53293706992508,0
6816,29.438539975646453,0
6817,27.656418106036362,0
6818,30.699516616948774,0
6819,31.116254099820793,0
6820,28.56717580505063,0
6821,31.276309024086274,0
6822,31.92337446705587,0
6823,29.797837357613645,0
6824,32.64827225277487,0
6825,32.36391151545985,0
6826,32.96300273723061,0
6827,34.39471534800332,0
6828,33.14067673412505,0
6829,33.35024907310641,0
6830,31.58956541106213,0
6831,33.36795924252867,0
6832,33.03874379046352,0
6833,32.77622797829616,0
6834,34.744964680947874,0
6835,30.955472773203024,0
6836,31.345726378194193,0
6837,29.75905745238424,0
6838,29.910005475435927,0
6839,30.949598520767886,0
6840,27.713343961286164,0
6841,26.273324191791257,0
6842,27.907404103105947,0
6843,25.54691162145033,0
6844,25.286117977697916,0
6845,25.301504201601833,0
6846,24.20939492955659,0
6847,24.199301049438315,0
6848,24.443874786075053,0
6849,24.756500733864808,0
6850,22.16005963631805,0
6851,25.287538311259635,0
6852,23.21196608092085,0
6853,22.374983447859336,0
6854,22.314167705227202,0
6855,23.9638993105376,0
6856,25.490051630479226,0
6857,23.61066083213204,0
6858,23.374996811664484,0
6859,26.40541313320031,0
6860,24.428512957354062,0
6861,26.670489669252728,0
6862,27.441043653352,0
6863,27.330873572130866,0
6864,26.658957962012273,0
6865,29.40911954295204,0
6866,29.858253998268236,0
6867,29.91049532949815,0
6868,31.504654081422238,0
6869,30.633143028476923,0
6870,30.009140775422065,0
6871,29.709236376632767,0
6872,32.56872439326099,0
6873,32.06309902920442,0
6874,33.52499955217228,0
6875,33.29768692067573,0
6876,33.151299682887775,0
6877,32.336903381029444,0
6878,32.89343604578452,0
6879,33.575089834601684,0
6880,31.291868787989035,0
6881,33.30965067428154,0
6882,31.357949436212536,0
6883,31.719613715791084,0
6884,29.808272735936452,0
6885,30.77046015323082,0
6886,29.1897173555181,0
6887,28.651113319707584,0
6888,28.337166609448687,0
6889,29.09391984148049,0
6890,27.419540418654805,0
6891,26.310553739997957,0
6892,24.346036318758166,0
6893,24.96829402728322,0
6894,23.226420544218847,0
6895,24.401805000760167,0
6896,23.309319280372705,0
6897,23.411838133978222,0
6898,22.343871177809962,0
6899,23.031096363512052,0
6900,23.266887600757514,0
6901,24.726777178848543,0
6902,23.697147876206447,0
6903,24.088473112956244,0
6904,22.670613474114617,0
6905,24.92503484863587,0
6906,23.880303471377676,0
6907,23.966895659743095,0
6908,25.108032246817626,0
6909,26.323084333067833,0
6910,26.2639207193173,0
6911,26.751281731589188,0
6912,28.566782854423597,0
6913,27.780717468885072,0
6914,28.913655418018532,0
6915,29.32550824959912,0
6916,30.48634813451942,0
6917,31.183425612023896,0
6918,30.699288298595697,0
6919,32.95657873811654,0
6920,29.474696896355155,0
6921,32.95620382438584,0
6922,34.046974724867226,0
6923,34.52748099188918,0
6924,33.50691864667611,0
6925,33.537703620563086,0
6926,32.409568420374896,0
6927,32.21275807617097,0
6928,31.307763253868142,0
6929,31.39819264132586,0
6930,29.886115959828253,0
6931,28.940055994645746,0
6932,31.54101754495859,0
6933,30.226419399282413,0
6934,30.52749328080755,0
6935,28.349582977059292,0
6936,26.64949528288812,0
6937,27.642312704044627,0
6938,27.85910389189895,0
6939,24.075511809537147,0
6940,25.11952829973592,0
6941,25.011097260237886,0
6942,26.593216840725606,0
6943,24.257642029758184,0
6944,22.400398368075557,0
6945,22.170999362198593,0
6946,22.02351816746047,0
6947,22.050429534549586,0
6948,23.5868125538939,0
6949,22.81150957234471,0
6950,23.226549524013894,0
6951,21.8035695687554,0
6952,25.77490971112265,0
6953,23.31675583943574,0
6954,22.908390719557108,0
6955,24.44327329403948,0
6956,26.04524185790828,0
6957,25.596793416148135,0
6958,26.48256065637262,0
6959,29.403123613516012,0
6960,26.970090282512924,0
6961,29.280680390403596,0
6962,26.625764542936285,0
6963,29.980250207025474,0
6964,29.802850454971882,0
6965,31.75839466028569,0
6966,31.477918551508616,0
6967,31.071637267775195,0
6968,32.202424565642396,0
6969,32.54251627984037,0
6970,32.42828970052134,0
6971,32.043116656585426,0
6972,31.669262932711888,0
6973,32.033294236094356,0
6974,32.28071779917405,0
6975,31.554479017641327,0
6976,32.826439942135714,0
6977,30.405360803179068,0
6978,29.468735201090862,0
6979,29.55179795815021,0
6980,29.300358360436782,0
6981,29.39951419762003,0
6982,29.78787953109628,0
6983,28.391706206809978,0
6984,28.787802186507047,0
6985,27.230974343314156,0
6986,26.783241122169926,0
6987,27.185851743143292,0
6988,25.50239302516805,0
6989,25.310626778589654,0
6990,23.90821650715087,0
6991,22.882824759270182,0
6992,23.151148504172504,0
6993,24.88588540900968,0
6994,23.29887976969356,0
6995,20.53460296104984,0
6996,21.637571037281816,0
6997,23.40987935305938,0
6998,22.40294612245986,0
6999,24.032038373921928,0
7000,23.90165938170918,0
7001,23.556800590086148,0
7002,26.13426406552301,0
7003,24.610948359815637,0
7004,27.569571270445756,0
7005,26.450755382544404,0
7006,27.26592402078124,0
7007,27.597607249579866,0
7008,26.93654418342501,0
7009,28.29358403567299,0
7010,29.649515340165333,0
7011,28.896328124021192,0
7012,31.494566887190203,0
7013,31.12802036930736,0
7014,31.63218916331437,0
7015,31.87598210063824,0
7016,29.818576478289735,0
7017,32.95142218916234,0
7018,33.64394812980111,0
7019,35.034537597172324,0
7020,33.78561173061462,0
7021,32.90948920431404,0
7022,33.04688262379471,0
7023,32.188905911496406,0
7024,32.17852718470233,0
7025,30.235925874307185,0
7026,31.631908754685373,0
7027,32.488213065979416,0
7028,30.76824849315954,0
7029,28.881001705742325,0
7030,28.79291389909506,0
7031,29.715536093207255,0
7032,29.270557100000932,0
7033,25.94529647333343,0
7034,25.78540928632846,0
7035,25.92327978407906,0
7036,26.117174291351724,0
7037,25.098109164478945,0
7038,24.7280876089454,0
7039,25.008846118019324,0
7040,24.338317312757113,0
7041,22.059959393343277,0
7042,23.666596776395185,0
7043,22.606341073936065,0
7044,22.600317863080562,0
7045,23.113328418178686,0
7046,23.029574589619205,0
7047,23.235624142362106,0
7048,24.581769728007686,0
7049,26.054511372072746,0
7050,24.149377543096662,0
7051,25.381820186651815,0
7052,24.676606852556237,0
7053,24.779294185819033,0
7054,25.36366484000471,0
7055,25.873789048213972,0
7056,27.888586077023323,0
7057,28.40384327009792,0
7058,30.532369815807947,0
7059,30.22755461861373,0
7060,30.86372388933766,0
7061,30.568056252674744,0
7062,30.97172713129234,0
7063,32.78995040853507,0
7064,32.580288861410146,0
7065,33.221446541279775,0
7066,33.53944684002172,0
7067,31.89112973351926,0
7068,32.76304192339799,0
7069,34.57741719599305,0
7070,33.54013812982741,0
7071,34.543068325435165,0
7072,32.28070699885846,0
7073,32.5704846926731,0
7074,33.111225682008005,0
7075,34.14216511912707,0
7076,31.182173549071155,0
7077,29.283205997791566,0
7078,29.297561249801234,0
7079,27.966916582389636,0
7080,27.538050636021577,0
7081,27.43556383405593,0
7082,26.16425374079223,0
7083,26.500268812481092,0
7084,23.890022100807176,0
7085,25.117174841299292,0
7086,23.656227216950054,0
7087,23.692768520335072,0
7088,25.158579671273667,0
7089,22.864706631490314,0
7090,23.303981990360015,0
7091,23.69399271993615,0
7092,24.03065168209306,0
7093,24.00543010649004,0
7094,22.79409608315978,0
7095,22.70426780710396,0
7096,24.658036962433993,0
7097,25.366516832339748,0
7098,23.345536664318356,0
7099,25.941593727388298,0
7100,25.48314666647925,0
7101,26.661970303598366,0
7102,25.963039179544563,0
7103,28.329111252044257,0
7104,29.056966493364683,0
7105,26.65013184402276,0
7106,30.802473204847285,0
7107,30.194234236176314,0
7108,29.42384522271545,0
7109,32.006182058344216,0
7110,30.500744320650508,0
7111,32.75535608381532,0
7112,33.785529489206056,0
7113,32.130495263211564,0
7114,32.12142075161892,0
7115,31.378916037738097,0
7116,32.37932280459302,0
7117,34.73689651595845,0
7118,31.73544955809221,0
7119,34.06346656151077,0
7120,33.21780729742797,0
7121,31.592962613546177,0
7122,32.17308805203734,0
7123,31.147471976290234,0
7124,30.721909601358107,0
7125,30.669143232430017,0
7126,29.877046641407677,0
7127,28.131473402407444,0
7128,28.192646761229895,0
7129,27.5940357231079,0
7130,26.535368268171325,0
7131,25.42028848974132,0
7132,25.405921893260302,0
7133,24.876093104790556,0
7134,24.576607221023064,0
7135,22.822990990191336,0
7136,21.697624373851333,0
7137,24.162746465176344,0
7138,23.349517678168805,0
7139,22.067059992591393,0
7140,23.80591860864651,0
7141,22.711697547938872,0
7142,22.35633362049246,0
7143,24.67297455476262,0
7144,24.75772691960136,0
7145,23.72156482020253,0
7146,25.4496031366103,0
7147,25.558199300724127,0
7148,24.090444990191237,0
7149,24.505780603234268,0
7150,26.873910630010627,0
7151,26.765629588125453,0
7152,26.961455546518117,0
7153,28.376172840242777,0
7154,29.537964825400977,0
7155,30.66145953752205,0
7156,30.28522841979074,0
7157,30.21886003492946,0
7158,32.43001634754088,0
7159,30.74658733253272,0
7160,31.100095107137612,0
7161,32.02075603927165,0
7162,32.14940654152426,0
7163,33.26355691916267,0
7164,32.4244780102616,0
7165,33.838476985855344,0
7166,32.091811091627314,0
7167,31.947465297120218,0
7168,34.03484221416216,0
7169,31.614697791667158,0
7170,30.933115862551933,0
7171,31.33733504523847,0
7172,31.69673289134096,0
7173,31.18266293449686,0
7174,28.47594712503525,0
7175,26.906082420190362,0
7176,26.80087459833824,0
7177,26.87827765728619,0
7178,27.73056978609909,0
7179,27.376161745996967,0
7180,24.719886466601523,0
7181,23.940456692692187,0
7182,25.53553035367696,0
7183,23.89405026274799,0
7184,23.53920721430131,0
7185,24.865766137539744,0
7186,23.863389765731096,0
7187,21.67581840085889,0
7188,23.34230257889468,0
7189,23.036722950840733,0
7190,24.070787704763852,0
7191,21.927881664520065,0
7192,23.44199551786159,0
7193,23.18200143936175,0
7194,24.514364069451254,0
7195,23.929567510828463,0
7196,26.20685085620452,0
7197,25.004140774045258,0
7198,27.719349698875718,0
7199,28.44687789245358,0
7200,27.85001150001667,0
7201,29.98391889942255,0
7202,30.6321101094657,0
7203,29.74557689248937,0
7204,29.550110491514275,0
7205,30.441369830182936,0
7206,30.911663237583,0
7207,33.00211027075227,0
7208,33.12784993535298,0
7209,32.898011834119686,0
7210,33.56218397087342,0
7211,33.848077610400956,0
7212,32.20676366179774,0
7213,32.48072316707801,0
7214,31.52888478226224,0
7215,33.379745115687626,0
7216,32.85315866386799,0
7217,32.84459199482387,0
7218,31.78317148567251,0
7219,31.34050878114088,0
7220,29.873420060778244,0
7221,29.17423674949131,0
7222,30.735770309814686,0
7223,26.584866298008322,0
7224,29.247271949722524,0
7225,26.11945321293554,0
7226,26.017467403262263,0
7227,27.108664084735832,0
7228,24.72129042387557,0
7229,23.120424657832867,0
7230,25.115277923228685,0
7231,24.90519281889468,0
7232,24.1148420430087,0
7233,21.987961101307818,0
7234,23.444802545619066,0
7235,22.981376157152578,0
7236,22.684309607781557,0
7237,23.32295346701801,0
7238,22.14542735830856,0
7239,24.698069702086844,0
7240,23.03970970503877,0
7241,24.188112435537022,0
7242,24.877427014245743,0
7243,24.886178591931596,0
7244,26.29454653523701,0
7245,26.127663943157668,0
7246,27.257625075431612,0
7247,26.169106638985625,0
7248,28.469820879345093,0
7249,28.657371441586005,0
7250,28.002329966599987,0
7251,29.889701695815027,0
7252,29.807457022399138,0
7253,30.482268585462887,0
7254,30.02914991287326,0
7255,30.89570848058514,0
7256,31.500350340490286,0
7257,32.49029791528524,0
7258,32.85681556591117,0
7259,32.6655151447108,0
7260,32.06337401269271,0
7261,32.970840780722966,0
7262,34.00419509177812,0
7263,33.283336705929216,0
7264,32.62105616017265,0
7265,32.30213944530787,0
7266,31.34067329086835,0
7267,31.13692458450362,0
7268,30.86810215089339,0
7269,30.225814100688787,0
7270,29.96785229500126,0
7271,29.729000247429752,0
7272,29.138075421344585,0
7273,27.871666883369322,0
7274,26.45730389744991,0
7275,24.992334014266653,0
7276,23.850186420827512,0
7277,25.978415730455456,0
7278,25.08564489701927,0
7279,23.95366116469418,0
7280,22.655770942232643,0
7281,23.673336469133975,0
7282,24.55823627648604,0
7283,24.474625692218993,0
7284,25.391027287570097,0
7285,23.994391732867744,0
7286,24.12158987621504,0
7287,24.682458960259083,0
7288,22.099415414557654,0
7289,24.891952576974028,0
7290,23.773627741220434,0
7291,25.376735865430135,0
7292,23.95605307436522,0
7293,25.06115438316046,0
7294,25.756657759662257,0
7295,26.80426753293319,0
7296,28.723394784363137,0
7297,27.58544044226244,0
7298,30.004311120458713,0
7299,30.952290146850565,0
7300,29.359572101300135,0
7301,32.03035547659928,0
7302,33.31313598303518,0
7303,31.34411280707678,0
7304,32.97797668390884,0
7305,34.10032999459871,0
7306,32.242758037821005,0
7307,32.334096652706926,0
7308,32.86926586761109,0
7309,32.819670148099604,0
7310,31.833113903048375,0
7311,32.22167006384395,0
7312,31.40990441571747,0
7313,32.52417024331366,0
7314,33.911689540817704,0
7315,32.12493369099682,0
7316,29.11316222463211,0
7317,31.14143729521253,0
7318,28.35857115100606,0
7319,29.249158996556282,0
7320,27.720651228152775,0
7321,28.79371499086461,0
7322,26.769497433307656,0
7323,26.20689890304692,0
7324,25.515882889267854,0
7325,24.83685106355718,0
7326,24.822375573354055,0
7327,25.88582681174939,0
7328,25.30275007073461,0
7329,24.161705081561013,0
7330,23.295683278568607,0
7331,22.9925803584348,0
7332,24.421477132140197,0
7333,22.219443560866797,0
7334,22.206414631178244,0
7335,22.737379340810733,0
7336,23.997611131761516,0
7337,24.377646360806025,0
7338,24.911884584389128,0
7339,24.73851490665306,0
7340,24.79550776860988,0
7341,24.025050338940325,0
7342,27.0912497774067,0
7343,26.619073516146504,0
7344,29.05431839244044,0
7345,27.534818016191686,0
7346,29.416009106396196,0
7347,30.45790360190146,0
7348,30.857079420523977,0
7349,31.81423853880045,0
7350,32.46186519823626,0
7351,32.29420559466581,0
7352,33.23572495482511,0
7353,32.605976419248336,0
7354,32.75976155414003,0
7355,35.63711788233346,0
7356,32.94910906944082,0
7357,32.7015218109365,0
7358,30.996127236640323,0
7359,31.64263786617416,0
7360,32.3684084953673,0
7361,31.193169562562197,0
7362,31.55729263014591,0
7363,29.752988899799195,0
7364,31.72311035297576,0
7365,30.06605989854022,0
7366,28.85171914491644,0
7367,28.23017777445307,0
7368,27.756447149047368,0
7369,28.08503381077177,0
7370,26.0312616362018,0
7371,26.467214112189474,0
7372,25.171175430241334,0
7373,23.656068733497477,0
7374,24.02643420878361,0
7375,24.030049689770188,0
7376,24.114158585251587,0
7377,24.931153825282273,0
7378,22.133452326572428,0
7379,22.371440315190398,0
7380,23.475457709281923,0
7381,22.93491660926141,0
7382,21.62306072349922,0
7383,24.23426372916854,0
7384,22.533471631930528,0
7385,22.565138129765682,0
7386,23.376359904316807,0
7387,22.994736254739696,0
7388,24.662343536691328,0
7389,26.418106386517387,0
7390,27.757844877813046,0
7391,26.892178683046303,0
7392,27.2068089374769,0
7393,28.67966939349034,0
7394,28.734814967865997,0
7395,32.664147078210334,0
7396,32.16829757214096,0
7397,31.57626039864789,0
7398,31.30299433176528,0
7399,32.47608137885812,0
7400,33.1750785211681,0
7401,32.46019282752208,0
7402,33.68574401750412,0
7403,35.821380399914105,0
7404,30.9613921249071,0
7405,33.29145703780417,0
7406,33.81322900961469,0
7407,31.917946992856034,0
7408,31.281415162576344,0
7409,32.41765809342134,0
7410,31.43987200500583,0
7411,30.691892651773955,0
7412,29.375542398739746,0
7413,31.490482670468126,0
7414,29.027110974503906,0
7415,29.525570763751688,0
7416,28.050676986403857,0
7417,26.063958595236237,0
7418,26.723699159489772,0
7419,24.242556625709398,0
7420,26.03647279528525,0
7421,24.955346036204226,0
7422,22.821527450836726,0
7423,24.54855789228664,0
7424,25.089907033219294,0
7425,22.540342601794936,0
7426,21.179092863438004,0
7427,21.15803849250314,0
7428,22.35269744939603,0
7429,24.618158715180783,0
7430,21.895904374347026,0
7431,25.276926429845002,0
7432,22.46824046749051,0
7433,24.149026134771002,0
7434,22.830026722045343,0
7435,25.7038907217575,0
7436,25.20385023431224,0
7437,27.320377756483623,0
7438,26.809840878576196,0
7439,27.822207110728545,0
7440,28.717154197471793,0
7441,29.112584214263507,0
7442,29.675969923806186,0
7443,29.681961346373182,0
7444,30.348971115476328,0
7445,30.409013698112492,0
7446,32.83578243315639,0
7447,31.499375995356324,0
7448,30.184662268932357,0
7449,33.02310831564277,0
7450,33.78171491298802,0
7451,32.332543822962315,0
7452,32.91031559131805,0
7453,32.509074605485786,0
7454,33.435184197080446,0
7455,34.08298005767354,0
7456,32.487640617683184,0
7457,31.894268615934518,0
7458,32.61699199156171,0
7459,31.600337348882825,0
7460,30.083122122998844,0
7461,29.890892872925985,0
7462,30.953456301634034,0
7463,28.894128506733487,0
7464,28.487345185524713,0
7465,26.395566382592726,0
7466,28.198812901828255,0
7467,25.60670039099452,0
7468,25.621012218985488,0
7469,25.223262771917643,0
7470,23.651649608437957,0
7471,22.94977501808117,0
7472,24.91334468141957,0
7473,23.456630097667553,0
7474,24.1738861629472,0
7475,25.49712045667909,0
7476,22.3130243230504,0
7477,23.133148275249756,0
7478,23.346746770150148,0
7479,21.768519467701903,0
7480,22.87836222946413,0
7481,26.070841998880567,0
7482,24.53931951247478,0
7483,26.129359219056848,0
7484,27.501665416571775,0
7485,25.78513618100556,0
7486,28.39158375299415,0
7487,28.474407436505977,0
7488,27.69152351296818,0
7489,29.216841347691208,0
7490,30.32282810003205,0
7491,29.738999618893214,0
7492,31.507069545936858,0
7493,31.903059935470182,0
7494,28.85918006316699,0
7495,32.28710444804219,0
7496,31.63927629995225,0
7497,33.415949493940424,0
7498,32.79416857440669,0
7499,33.91150963249707,0
7500,32.66403316087713,0
7501,31.785382349273952,0
7502,34.61200046892103,0
7503,32.30602865695979,0
7504,33.359799602676674,0
7505,31.867903595651633,0
7506,30.53585061968581,0
7507,30.00715678374933,0
7508,31.889742577720458,0
7509,30.35959971390418,0
7510,29.55361064041043,0
7511,26.89651415962014,0
7512,28.16885836531356,0
7513,26.99650229105325,0
7514,27.101020697004007,0
7515,26.066086760184607,0
7516,25.21454648675742,0
7517,25.012687591597505,0
7518,24.034704782791263,0
7519,25.243094751006144,0
7520,23.09035445896379,0
7521,22.944250560245017,0
7522,24.456428598390023,0
7523,23.829241405574358,0
7524,23.17884266105214,0
7525,23.248686287732774,0
7526,23.90777373779902,0
7527,23.365256891293793,0
7528,22.362437946356394,0
7529,25.264669734536554,0
7530,24.298976736311822,0
7531,22.973434761857746,0
7532,24.448997006834578,0
7533,25.328989753237092,0
7534,26.54636288371961,0
7535,28.858514139096016,0
7536,27.787811183097254,0
7537,28.428876097134648,0
7538,27.984412629355127,0
7539,31.040793057770575,0
7540,30.543639830936883,0
7541,29.958753514524336,0
7542,32.2396062102797,0
7543,33.55082501084391,0
7544,31.936992379996827,0
7545,32.44155690221319,0
7546,33.84479232588418,0
7547,35.21912054688348,0
7548,31.65955222916931,0
7549,34.40729411759012,0
7550,32.24032059148342,0
7551,30.32047340459487,0
7552,33.14762017312091,0
7553,30.19400959582068,0
7554,30.64032131445906,0
7555,33.1312601060946,0
7556,29.632814685174672,0
7557,31.0356378274287,0
7558,28.083216024558354,0
7559,28.28937591709159,0
7560,28.430969769670877,0
7561,25.06547767964762,0
7562,26.097937619954962,0
7563,27.93826057273637,0
7564,24.748470057665273,0
7565,24.693751969034903,0
7566,24.483098545429762,0
7567,23.426029891034798,0
7568,25.736676001616246,0
7569,21.677662044365828,0
7570,24.575124831161276,0
7571,23.921275945533296,0
7572,22.982747004226734,0
7573,24.27609257630847,0
7574,21.64648639650687,0
7575,23.49499445910935,0
7576,24.676319304553804,0
7577,24.468135917930883,0
7578,23.540789870372315,0
7579,25.281869536638087,0
7580,26.16402884114446,0
7581,24.851965961478335,0
7582,26.658113107053055,0
7583,26.102236388871752,0
7584,27.038663236209228,0
7585,27.27623008180222,0
7586,29.57068649413554,0
7587,29.35296803631911,0
7588,29.390218227084855,0
7589,31.550427248654533,0
7590,30.52471621826027,0
7591,31.451574681475783,0
7592,31.131730736718566,0
7593,31.70253770016265,0
7594,34.27181793613726,0
7595,32.771001542042114,0
7596,31.847133529911925,0
7597,33.61587448118645,0
7598,32.333204321635876,0
7599,32.529196338364706,0
7600,32.489098880827804,0
7601,33.31815511939226,0
7602,32.58399732270071,0
7603,29.5624384205143,0
7604,31.546642505504952,0
7605,31.451587779981015,0
7606,28.27657069053452,0
7607,28.15142581630702,0
7608,28.240310643349943,0
7609,28.526100043512418,0
7610,25.42914982236451,0
7611,27.690932275473244,0
7612,26.701388456659203,0
7613,25.273934568485892,0
7614,26.36803222729307,0
7615,22.940854822550254,0
7616,25.666380969021166,0
7617,23.467013438941017,0
7618,24.48125284635296,0
7619,21.698020391180872,0
7620,24.374576098439338,0
7621,23.405140391820467,0
7622,21.85793217563754,0
7623,23.152729375948947,0
7624,25.820397481515567,0
7625,23.28976505877165,0
7626,24.604998193060517,0
7627,25.891895391992684,0
7628,27.018667197296672,0
7629,26.166844858012684,0
7630,27.10307893184748,0
7631,27.573754866277287,0
7632,28.852857954802246,0
7633,27.181977882144402,0
7634,28.446432121777075,0
7635,28.99236815909267,0
7636,31.892022009789404,0
7637,29.759744922897365,0
7638,30.63673270765445,0
7639,32.983185914003954,0
7640,30.371528822692536,0
7641,31.572836631294862,0
7642,32.21875661839288,0
7643,34.316896265200505,0
7644,34.4255972558667,0
7645,35.26991258154061,0
7646,29.83592472556695,0
7647,31.231910246168965,0
7648,32.94445710288035,0
7649,30.04464235073919,0
7650,32.34184792304427,0
7651,29.50390478764716,0
7652,31.518585847357073,0
7653,29.383066933287445,0
7654,28.038145022484194,0
7655,28.325678314100596,0
7656,30.15371992897939,0
7657,28.19067375262593,0
7658,28.79594111680295,0
7659,25.0157541524951,0
7660,25.42999128882171,0
7661,25.750532077257336,0
7662,25.639357500623742,0
7663,24.09982664486794,0
7664,23.884240664205517,0
7665,22.95072164231787,0
7666,23.099561470575278,0
7667,22.461524083829385,0
7668,24.026202041718697,0
7669,23.44586042371186,0
7670,23.17709447764326,0
7671,23.879523263881836,0
7672,24.410061863002728,0
7673,23.57262911577106,0
7674,24.09321005592674,0
7675,25.182127386727316,0
7676,23.74532684180439,0
7677,25.501545688048335,0
7678,26.01667324405356,0
7679,28.11203737848551,0
7680,26.709881236448773,0
7681,28.67310396368124,0
7682,29.617435240020427,0
7683,28.775903009667488,0
7684,32.40815680533823,0
7685,28.784749565415872,0
7686,30.54017997862854,0
7687,34.19803657184033,0
7688,35.149242454225586,0
7689,32.91139497446536,0
7690,33.808269679942434,0
7691,32.42678380273443,0
7692,33.0826345043338,0
7693,32.70899675062458,0
7694,33.873338475100766,0
7695,33.18234328351561,0
7696,31.660414076918336,0
7697,32.71026968700598,0
7698,29.771976699331745,0
7699,32.995702534474255,0
7700,29.122561641619008,0
7701,28.91505900316218,0
7702,30.05680816671164,0
7703,28.771197418750514,0
7704,28.849970176433388,0
7705,27.11700087553958,0
7706,28.839687452985693,0
7707,23.801173293982355,0
7708,26.589090758865694,0
7709,27.652153539923496,0
7710,25.578528076346455,0
7711,24.350369061792115,0
7712,24.451370166503768,0
7713,23.340378400674076,0
7714,24.108377820148565,0
7715,22.858623878773297,0
7716,23.555204410638062,0
7717,23.080056446487486,0
7718,23.243331573573407,0
7719,22.601386409700993,0
7720,23.25822924652125,0
7721,22.477320594699954,0
7722,24.007657917934583,0
7723,24.833480816612816,0
7724,25.852302172971488,0
7725,25.97664278132143,0
7726,26.20989327315764,0
7727,27.17056723797208,0
7728,27.533480346220554,0
7729,28.799650305547715,0
7730,30.32816278493803,0
7731,29.441370133789132,0
7732,30.869437826238084,0
7733,30.83024585543957,0
7734,31.443331632323705,0
7735,33.16426680264799,0
7736,30.461125050111264,0
7737,32.41332213059189,0
7738,31.774812039611586,0
7739,31.944837400843966,0
7740,32.22846489498113,0
7741,32.82875618582973,0
7742,33.437838350190816,0
7743,31.650441379349463,0
7744,31.082628054954792,0
7745,32.32483370690272,0
7746,33.00086805954839,0
7747,32.16123272625843,0
7748,31.62328001812815,0
7749,29.83868146096704,0
7750,30.115635489554506,0
7751,29.454306027975218,0
7752,26.14783975729116,0
7753,27.82910745146938,0
7754,25.605646888352126,0
7755,27.786544188694574,0
7756,25.556657845237005,0
7757,24.45613235531538,0
7758,25.006383264401446,0
7759,24.28690441076923,0
7760,24.604307727920073,0
7761,24.20831708951637,0
7762,21.942323860796453,0
7763,22.360036351799568,0
7764,22.842256934333918,0
7765,23.648676468981918,0
7766,24.725476577711202,0
7767,22.920951078663936,0
7768,24.076228290822918,0
7769,25.06459494092307,0
7770,25.184544191148078,0
7771,24.27376718294799,0
7772,25.54375452831691,0
7773,26.840571931787103,0
7774,26.64758464609002,0
7775,27.32417008385328,0
7776,27.53000298292272,0
7777,27.56700129944553,0
7778,28.881683039106992,0
7779,28.97453827236901,0
7780,30.112373241009944,0
7781,30.796680909667906,0
7782,33.22286452219517,0
7783,32.9824667796634,0
7784,32.19959906795394,0
7785,33.202155451949,0
7786,30.478952000386133,0
7787,33.11241960410884,0
7788,34.38551660196943,0
7789,31.22131381703127,0
7790,31.67067971728351,0
7791,31.95804059706788,0
7792,31.749271627048564,0
7793,32.44462549036618,0
7794,32.347694895519574,0
7795,29.986179018068214,0
7796,29.479304934142036,0
7797,30.632344287980434,0
7798,30.32447564252475,0
7799,29.74277141056414,0
7800,28.401279412707634,0
7801,26.885937687369573,0
7802,26.56953658241551,0
7803,24.97056298820078,0
7804,24.382138286685894,0
7805,23.69460559229129,0
7806,24.48851725151245,0
7807,24.23454072345365,0
7808,23.32073891386879,0
7809,23.462232529703734,0
7810,23.64483336301051,0
7811,23.369119476555834,0
7812,22.521870727235395,0
7813,22.875556536591354,0
7814,23.572471912065716,0
7815,23.880439430642454,0
7816,24.728055185926905,0
7817,27.131915284730816,0
7818,25.240803394179572,0
7819,24.295813200307936,0
7820,26.30492451847125,0
7821,25.9095258806997,0
7822,25.913068995434347,0
7823,26.073946254292984,0
7824,27.642205312320478,0
7825,27.900132540797014,0
7826,31.13857694205103,0
7827,29.732367253151313,0
7828,32.53817866941782,0
7829,30.327272557517365,0
7830,31.47007371861419,0
7831,31.594726331926637,0
7832,31.662369735273757,0
7833,33.07526414155169,0
7834,33.56711521726233,0
7835,32.743855555631534,0
7836,32.96307839763254,0
7837,33.00603999695596,0
7838,33.02584261548374,0
7839,32.07235647601649,0
7840,31.518790746489454,0
7841,32.576441929113315,0
7842,30.39835940685833,0
7843,31.910338920489284,0
7844,30.180155652896524,0
7845,30.100083762973156,0
7846,28.949090256437422,0
7847,30.02814972495952,0
7848,28.18081431903071,0
7849,29.254086454610327,0
7850,26.227112786541664,0
7851,25.6170028441926,0
7852,26.705325541043592,0
7853,27.041519303153645,0
7854,23.542090002075213,0
7855,23.193599670362826,0
7856,24.50454689170815,0
7857,23.270024513857194,0
7858,24.17476125486983,0
7859,24.09201073625568,0
7860,22.83382833301075,0
7861,22.73606642267377,0
7862,23.678259361081984,0
7863,24.558499334700915,0
7864,24.45338666584925,0
7865,23.1276820410081,0
7866,24.73420331236856,0
7867,25.74189089287602,0
7868,26.40781070314944,0
7869,26.11392348163303,0
7870,26.75713236635809,0
7871,25.82902182576074,0
7872,27.36991054132978,0
7873,30.48829515360559,0
7874,29.14855014355793,0
7875,29.768196457987987,0
7876,30.869497316816904,0
7877,30.61918965293475,0
7878,29.087617779884088,0
7879,29.894299456617773,0
7880,32.19737884178425,0
7881,33.18207096548602,0
7882,32.552943532955524,0
7883,33.702580422099025,0
7884,32.35374192213984,0
7885,34.02273902535267,0
7886,33.413922393591534,0
7887,31.46300641861659,0
7888,32.2861209692167,0
7889,32.60600051301394,0
7890,33.314474178247174,0
7891,29.72091432306071,0
7892,29.99506649213606,0
7893,30.11063254634706,0
7894,26.18196621356143,0
7895,28.308526161432898,0
7896,27.9372704588072,0
7897,27.442520447627892,0
7898,28.294415932031708,0
7899,27.332706561864807,0
7900,26.01869951093315,0
7901,26.03955641450711,0
7902,24.029511748324474,0
7903,24.350187664951488,0
7904,24.21986316736612,0
7905,22.29046496352445,0
7906,24.320908000019614,0
7907,22.875827837085076,0
7908,21.090481895249606,0
7909,24.18315963634338,0
7910,22.348866832662395,0
7911,21.954370988944845,0
7912,23.820396370430103,0
7913,23.998876509500647,0
7914,25.732072872947466,0
7915,24.037642666415188,0
7916,27.001335982504017,0
7917,27.11353365118346,0
7918,27.10973147778295,0
7919,27.850096006281788,0
7920,28.959110315092722,0
7921,27.855425490409846,0
7922,30.02529093533602,0
7923,30.478313132981008,0
7924,28.933249611981733,0
7925,29.59730879814398,0
7926,31.584132217279937,0
7927,32.14642933268474,0
7928,31.42890365384809,0
7929,33.87128177829038,0
7930,33.120078485753915,0
7931,33.93510613361973,0
7932,32.92921764621887,0
7933,32.70482584867932,0
7934,33.803325212688975,0
7935,32.700748942146724,0
7936,33.80655830398161,0
7937,32.252701895254866,0
7938,31.92391550837596,0
7939,30.50896567258391,0
7940,31.568085841312268,0
7941,31.719212397119595,0
7942,29.056723827097645,0
7943,32.07577503957786,0
7944,28.150327540699205,0
7945,27.3353749287762,0
7946,27.34893092980867,0
7947,25.768066566764404,0
7948,25.902274731858114,0
7949,25.99322358471105,0
7950,24.912149431949423,0
7951,24.146935820158365,0
7952,23.000878640514287,0
7953,24.004962843688563,0
7954,23.020793491952805,0
7955,22.219650970593968,0
7956,24.476023776118435,0
7957,24.94534522233313,0
7958,23.42799209444149,0
7959,24.38225550852079,0
7960,25.28423431132983,0
7961,24.86543344746149,0
7962,24.83713909287143,0
7963,25.187775705587796,0
7964,26.89316290345286,0
7965,25.088368426613574,0
7966,25.874816420876783,0
7967,27.958779316580976,0
7968,27.33151509878124,0
7969,27.449767218363938,0
7970,29.43034708061544,0
7971,29.880063336909693,0
7972,29.78043174818995,0
7973,31.762101656465862,0
7974,31.3938591945506,0
7975,31.324007603931634,0
7976,31.956792636589924,0
7977,31.25022042798037,0
7978,32.96896164788633,0
7979,32.773666647200606,0
7980,33.74363990876626,0
7981,32.56460135006469,0
7982,33.98167969480922,0
7983,33.10706289312915,0
7984,32.741576766255356,0
7985,31.46493153318669,0
7986,31.74988653296884,0
7987,30.296273687481023,0
7988,30.16532805826766,0
7989,30.91424691471289,0
7990,29.99590943205947,0
7991,28.18826319493022,0
7992,29.90282694696449,0
7993,28.459752331171625,0
7994,27.479776032698233,0
7995,26.848300156863374,0
7996,26.702210669587576,0
7997,24.86496953013457,0
7998,25.01243955037782,0
7999,24.813876279549877,0
8000,22.677528023010563,0
8001,21.905661606041228,0
8002,23.477653090543264,0
8003,22.431291923782936,0
8004,23.279872089074527,0
8005,21.77298248251488,0
8006,23.785717519593696,0
8007,24.926589541560315,0
8008,23.790146706646325,0
8009,25.467299012418387,0
8010,24.386051334302152,0
8011,24.535270783580504,0
8012,25.000340170532297,0
8013,24.016160534575356,0
8014,26.70026741413855,0
8015,27.489790051794234,0
8016,28.36555201624605,0
8017,28.477456221295707,0
8018,29.1942736894121,0
8019,29.609682153041955,0
8020,28.631023825597815,0
8021,30.20229717053475,0
8022,31.8431240699077,0
8023,30.74120582700744,0
8024,33.13399348158395,0
8025,34.455632664793654,0
8026,34.68422171299096,0
8027,32.8151781355897,0
8028,32.57585916407332,0
8029,34.2408322116597,0
8030,32.233444157430775,0
8031,31.99459508298862,0
8032,33.73617694328016,0
8033,30.72791730448649,0
8034,30.65003562589518,0
8035,31.865068450911814,0
8036,30.246911810537732,0
8037,29.67836351318578,0
8038,30.116649975916438,0
8039,29.596376244818238,0
8040,27.673923633517163,0
8041,27.54027628359494,0
8042,27.528222853292228,0
8043,28.016824544483306,0
8044,25.59638052822115,0
8045,24.365721393983108,0
8046,24.44634072100009,0
8047,24.662195055663418,0
8048,24.196828705448873,0
8049,21.77872055280197,0
8050,22.94841815537689,0
8051,22.228765894359963,0
8052,24.13998023533518,0
8053,23.433539562951246,0
8054,22.79695593596195,0
8055,25.51529503329271,0
8056,22.42227315971941,0
8057,23.71425628933854,0
8058,25.238520984170616,0
8059,25.59438956162854,0
8060,24.981008974673212,0
8061,26.545943357215087,0
8062,27.479221281868487,0
8063,28.29274249146073,0
8064,27.12244106251979,0
8065,27.733892707863017,0
8066,28.78467104862135,0
8067,29.577647666664078,0
8068,30.863945385540728,0
8069,29.427342488116704,0
8070,34.314328108308125,0
8071,33.319306446121516,0
8072,32.80518785228989,0
8073,32.66813942672503,0
8074,34.46054749693194,0
8075,33.01414032390211,0
8076,33.42322717800888,0
8077,31.85596348900875,0
8078,33.038950725471274,0
8079,31.291174291913116,0
8080,31.938684310491524,0
8081,32.709443013335715,0
8082,30.55448703043899,0
8083,30.84841898173419,0
8084,28.884276302888846,0
8085,29.107658205071033,0
8086,28.79161146780561,0
8087,28.98421970397372,0
8088,29.10738173010224,0
8089,28.56732102798179,0
8090,26.26355282280762,0
8091,25.134623144327627,0
8092,25.12519899020716,0
8093,24.33516108097373,0
8094,24.098116070320323,0
8095,22.754032716179687,0
8096,23.45702378054893,0
8097,23.47231755620258,0
8098,23.195976085816785,0
8099,22.411573154968334,0
8100,22.628359006789395,0
8101,23.35788400132405,0
8102,23.379738663242716,0
8103,23.658428987831304,0
8104,23.809453609513557,0
8105,23.752885779812917,0
8106,25.21628705745296,0
8107,23.98587345093458,0
8108,27.448349957816653,0
8109,25.333319534461786,0
8110,27.05986662240365,0
8111,28.963761964528295,0
8112,28.790688121914226,0
8113,29.25679773733029,0
8114,28.837275844270135,0
8115,31.284236251784545,0
8116,30.195556390077822,0
8117,31.389524232166565,0
8118,31.137276588813858,0
8119,31.796034453057203,0
8120,31.593392888318792,0
8121,31.319348471356353,0
8122,33.93252977966222,0
8123,32.04841810253542,0
8124,32.98485491804373,0
8125,32.67983603256234,0
8126,32.32544999453718,0
8127,32.00111320212879,0
8128,32.44736222682386,0
8129,32.01833228270354,0
8130,29.152919681337757,0
8131,30.056830912856352,0
8132,30.261352707102194,0
8133,30.66279997494037,0
8134,29.17220761012166,0
8135,29.774095792326094,0
8136,27.860933220507565,0
8137,27.370435298819736,0
8138,26.43239800895567,0
8139,26.389333722502577,0
8140,22.85716684832227,0
8141,25.097511922661578,0
8142,24.718105708862172,0
8143,23.659649296695356,0
8144,23.017028821478462,0
8145,24.10720921828206,0
8146,22.036333265887222,0
8147,23.34810362861179,0
8148,23.514610495219024,0
8149,21.27121078230117,0
8150,21.473877936004097,0
8151,22.984224673106333,0
8152,24.43060766800481,0
8153,23.643156464016496,0
8154,23.753879794602195,0
8155,25.338728483690666,0
8156,25.686121203895112,0
8157,25.44693585760503,0
8158,26.884966258021397,0
8159,28.48400400065786,0
8160,27.71885493845126,0
8161,30.044602006144967,0
8162,29.770244726305183,0
8163,31.53516879165536,0
8164,31.099133477216803,0
8165,31.74188019934216,0
8166,30.981939012024064,0
8167,34.32770265021094,0
8168,30.81783413524939,0
8169,33.342370763686105,0
8170,32.89153184909041,0
8171,31.609540859539113,0
8172,32.19064571818029,0
8173,32.39076239378058,0
8174,33.48273670104053,0
8175,32.46244369938044,0
8176,32.119074715399535,0
8177,28.69408766004785,0
8178,30.238334505660905,0
8179,30.271939181561756,0
8180,30.070038891292985,0
8181,28.306518078526697,0
8182,31.140961887929056,0
8183,28.32549879510947,0
8184,28.899881160296324,0
8185,25.674916445563426,0
8186,25.802605188371288,0
8187,26.607532795441085,0
8188,25.17191757898271,0
8189,24.392737713998674,0
8190,25.887188526385753,0
8191,24.046924442340032,0
8192,22.861075945393832,0
8193,22.2680413410268,0
8194,23.552294276026203,0
8195,23.60094421448856,0
8196,24.349461365388997,0
8197,23.29411039472627,0
8198,23.321853545495784,0
8199,23.85633263166712,0
8200,25.979870292312686,0
8201,24.303638536041316,0
8202,25.82799003305652,0
8203,24.53131770020125,0
8204,24.792617593767243,0
8205,25.123845831010687,0
8206,26.744323791948844,0
8207,26.922718562087596,0
8208,28.8620533618914,0
8209,29.3777283475379,0
8210,29.36776226504815,0
8211,29.698695795901234,0
8212,29.325772589747586,0
8213,31.035700607515004,0
8214,32.04703082165398,0
8215,33.866121724880436,0
8216,33.07738159480569,0
8217,31.58863963704413,0
8218,34.505456641550346,0
8219,33.70598882337884,0
8220,32.981658581876204,0
8221,31.767849797595325,0
8222,33.12741865635979,0
8223,31.693975509763188,0
8224,32.36860007677193,0
8225,30.45562849779518,0
8226,30.956496211295203,0
8227,31.204545284310072,0
8228,31.192435501846948,0
8229,30.888960062679665,0
8230,30.44487944386451,0
8231,28.413556632361,0
8232,28.278744490907307,0
8233,28.469739470490744,0
8234,25.95109011117164,0
8235,26.239519874664474,0
8236,25.627500202937874,0
8237,24.830068565549634,0
8238,26.516231509783754,0
8239,23.034088775003504,0
8240,23.955183671956853,0
8241,23.10355158185516,0
8242,22.669520898144665,0
8243,23.58419839237004,0
8244,21.706293033683366,0
8245,22.294868018252814,0
8246,23.37435294692938,0
8247,24.117432922193014,0
8248,23.678307911528805,0
8249,23.82179681206696,0
8250,22.142591746396853,0
8251,23.840977793204384,0
8252,24.640636046385602,0
8253,24.16185032781114,0
8254,27.696707849271085,0
8255,26.70002180202434,0
8256,28.071814120478635,0
8257,28.000696736678893,0
8258,29.626043453075898,0
8259,32.0009201920957,0
8260,29.052906081285016,0
8261,31.0869183521316,0
8262,32.04115056157687,0
8263,30.83665391157771,0
8264,30.978269692565075,0
8265,33.50634412767701,0
8266,34.16039285651674,0
8267,34.28788959984035,0
8268,31.13043936719333,0
8269,35.49034876233153,0
8270,32.229514467301385,0
8271,32.496266172887886,0
8272,34.840300655649315,0
8273,31.185222967524613,0
8274,34.05606433700194,0
8275,31.180090786299484,0
8276,28.92229226475442,0
8277,31.96402360609,0
8278,28.86071201385219,0
8279,27.493795846083035,0
8280,28.08944623230593,0
8281,28.689178884320384,0
8282,27.242456179044044,0
8283,26.806733122734403,0
8284,24.303024319816902,0
8285,24.435494532005844,0
8286,24.097382737582336,0
8287,25.605351597641196,0
8288,23.93352004603845,0
8289,23.09499582128778,0
8290,21.570523057759818,0
8291,21.545109100196363,0
8292,23.095596697351613,0
8293,24.09255806562797,0
8294,23.931004888419555,0
8295,23.901233448870606,0
8296,22.804769212114774,0
8297,24.62288081354141,0
8298,25.63377104962179,0
8299,23.17825143590866,0
8300,27.640327017311584,0
8301,26.29402787877322,0
8302,25.846725555923232,0
8303,29.10277887977227,0
8304,26.10136572481778,0
8305,25.70311051189527,0
8306,28.395266385296686,0
8307,30.2524422059672,0
8308,30.383142871158643,0
8309,31.576729111073476,0
8310,30.81675451026927,0
8311,32.899610176568636,0
8312,33.485165073451874,0
8313,32.8956037733215,0
8314,32.569931624699535,0
8315,32.75633045300819,0
8316,31.96556088812701,0
8317,35.47441167195745,0
8318,32.56193899082278,0
8319,33.53281045255104,0
8320,30.845681341123125,0
8321,31.61066274399056,0
8322,31.425879289851782,0
8323,30.861594606840367,0
8324,30.707052676043272,0
8325,29.56795030826804,0
8326,29.253455522648597,0
8327,28.630287646879786,0
8328,27.382937114212893,0
8329,28.77956103703731,0
8330,27.431200431478494,0
8331,25.594003793397555,0
8332,26.118502562053482,0
8333,25.78331822856657,0
8334,24.284580614846814,0
8335,23.19123469245303,0
8336,22.89555999669908,0
8337,25.370798111234784,0
8338,22.08602815524068,0
8339,22.701530445407226,0
8340,22.96380258116596,0
8341,22.321507090453323,0
8342,23.278280832685542,0
8343,23.42223249665062,0
8344,24.164849759775795,0
8345,23.624733968958108,0
8346,25.41657437432979,0
8347,25.227965301778433,0
8348,27.23833111135479,0
8349,27.2730217050806,0
8350,26.800827068720647,0
8351,26.02233359347883,0
8352,27.83039693094066,0
8353,27.556810275806384,0
8354,30.84399346958505,0
8355,29.792963873155607,0
8356,30.02570184483794,0
8357,29.942305342730496,0
8358,30.70266207612167,0
8359,33.101878916742294,0
8360,31.850587711242596,0
8361,33.993212368009225,0
8362,32.7468071839652,0
8363,32.87143120988818,0
8364,30.89809225128512,0
8365,32.9365898017747,0
8366,31.742388582964534,0
8367,33.31988069163069,0
8368,32.51492770130882,0
8369,30.928149739326777,0
8370,32.708890602745946,0
8371,30.151063029839108,0
8372,30.933781346544126,0
8373,29.62475645101172,0
8374,29.040684714219307,0
8375,27.53828827292825,0
8376,29.401597822984925,0
8377,27.830390440647193,0
8378,25.270434552762037,0
8379,25.11670654330398,0
8380,26.05840943444342,0
8381,24.622104562578695,0
8382,24.58000766862761,0
8383,24.38127212744542,0
8384,23.531678260805972,0
8385,22.369713681258148,0
8386,24.816024503886073,0
8387,24.08633017472882,0
8388,23.64187968804841,0
8389,22.57250308123817,0
8390,23.51070625606408,0
8391,21.743283645784608,0
8392,23.98046477952393,0
8393,23.000775703534764,0
8394,25.267785625056234,0
8395,23.98690242018717,0
8396,24.25175736718332,0
8397,25.128505595751744,0
8398,26.356334139237585,0
8399,24.951878132276132,0
8400,29.021208358735613,0
8401,28.826918090307377,0
8402,31.48764455641735,0
8403,29.510444814280294,0
8404,29.071735051557066,0
8405,31.976857306631224,0
8406,31.045947374916274,0
8407,31.835838051892665,0
8408,32.28223148382386,0
8409,33.099785968567325,0
8410,32.82999110554944,0
8411,33.406658871106266,0
8412,32.147252186729226,0
8413,33.05594352692803,0
8414,32.251267093305465,0
8415,33.02619623799641,0
8416,32.68316466543599,0
8417,33.15115201976416,0
8418,30.21657486669192,0
8419,31.45962482137417,0
8420,30.013118642027266,0
8421,30.27230469389511,0
8422,28.254068831395568,0
8423,29.373755477928146,0
8424,28.073620537647564,0
8425,27.33741422229034,0
8426,28.523855381576606,0
8427,26.91165036848377,0
8428,25.389902334043953,0
8429,25.8753639553136,0
8430,23.969873900595395,0
8431,24.251555795024064,0
8432,24.135016923125058,0
8433,25.46163543133051,0
8434,25.262730851469172,0
8435,23.46443182248007,0
8436,23.58970517225974,0
8437,21.4661642245589,0
8438,22.816878697074156,0
8439,22.21557298940465,0
8440,25.387236297376283,0
8441,24.07973739769426,0
8442,23.520392652748775,0
8443,25.25756803669511,0
8444,26.952987217251774,0
8445,26.260920623455576,0
8446,26.446643028307253,0
8447,28.46307779678607,0
8448,28.36038569873415,0
8449,28.4550389068886,0
8450,27.839991690703545,0
8451,29.756968259394373,0
8452,30.353830820225838,0
8453,31.897326194848976,0
8454,31.34833794760066,0
8455,31.769801162979288,0
8456,32.71458723598413,0
8457,33.44525741047725,0
8458,34.84043581586646,0
8459,31.72788116652766,0
8460,32.224188080150356,0
8461,34.7917342902751,0
8462,32.75437682446714,0
8463,31.794319452677186,0
8464,32.685125717061375,0
8465,33.54906932725704,0
8466,31.866048112693935,0
8467,31.198080322564337,0
8468,30.85583318910955,0
8469,29.509227317440313,0
8470,28.247998737139735,0
8471,30.766485589010674,0
8472,27.409333987320824,0
8473,27.379095524159386,0
8474,28.135793953614634,0
8475,24.96208408864454,0
8476,24.711097735488806,0
8477,25.917060025617744,0
8478,24.40979999293143,0
8479,24.354355361513406,0
8480,23.903531782726585,0
8481,25.616322652411363,0
8482,22.494965422400757,0
8483,22.208890866582852,0
8484,23.778000088108634,0
8485,24.178592790784613,0
8486,22.881576169423475,0
8487,23.060225862885375,0
8488,21.61312578983672,0
8489,23.07344337786695,0
8490,24.324680698432676,0
8491,24.962537843141867,0
8492,25.355354180987447,0
8493,26.260985050722255,0
8494,27.08885706224928,0
8495,29.145955271354566,0
8496,27.685474658759926,0
8497,29.690129184903405,0
8498,28.235757418651282,0
8499,29.76126048315346,0
8500,30.01883029036947,0
8501,30.39760823585889,0
8502,31.405717319982394,0
8503,32.76229337017598,0
8504,31.854456755128037,0
8505,30.7662743503907,0
8506,33.88536542406454,0
8507,34.93154845288588,0
8508,33.599662002297144,0
8509,32.98058907300147,0
8510,32.64662856056409,0
8511,33.16045302865632,0
8512,34.51810511970931,0
8513,32.63923926184026,0
8514,30.842058683846776,0
8515,31.811099506171743,0
8516,29.605734574749068,0
8517,31.178533095231867,0
8518,29.2581510602743,0
8519,29.397192919752996,0
8520,27.79541988640299,0
8521,25.119986959346456,0
8522,27.024612711195875,0
8523,25.53239394429007,0
8524,25.647961973535782,0
8525,26.262603599454433,0
8526,23.14147253380998,0
8527,23.285040612725886,0
8528,22.502884223724415,0
8529,23.328457196734863,0
8530,23.491557482259427,0
8531,23.072120985073248,0
8532,23.43328912418935,0
8533,23.927379970672266,0
8534,24.37130401048698,0
8535,21.087871807078784,0
8536,22.263475747737335,0
8537,24.050289764701915,0
8538,23.56930479267009,0
8539,25.737424599722157,0
8540,26.783229355032336,0
8541,25.177746609560668,0
8542,26.685109597479265,0
8543,27.15717618853012,0
8544,29.04261932069274,0
8545,28.096316146532168,0
8546,29.135136344533286,0
8547,30.6750534885849,0
8548,30.405212105960963,0
8549,30.338339639690265,0
8550,33.107018076998465,0
8551,31.045138925370566,0
8552,31.595525433766458,0
8553,34.64735045070891,0
8554,32.80237273554131,0
8555,33.913594118371186,0
8556,32.005800184088,0
8557,30.809611917816557,0
8558,33.73909721416393,0
8559,32.50078218637042,0
8560,31.174203989332753,0
8561,32.18363774037866,0
8562,31.35657218490838,0
8563,31.002018872412844,0
8564,31.362990751442986,0
8565,29.131750270496447,0
8566,30.102481001977985,0
8567,28.219569481545403,0
8568,28.700390702406207,0
8569,28.508090317193222,0
8570,28.39376193982826,0
8571,27.285518690329905,0
8572,24.292809959091628,0
8573,23.719507925633803,0
8574,25.646923363837438,0
8575,23.3400618389299,0
8576,23.121532205009736,0
8577,22.76590245972231,0
8578,25.689587289060988,0
8579,21.432467992112066,0
8580,23.004777723146262,0
8581,23.128851963413748,0
8582,23.699194406108376,0
8583,22.99967597422088,0
8584,23.41878967746606,0
8585,24.289950167079123,0
8586,24.688682706043732,0
8587,24.693099160966103,0
8588,25.637361245526463,0
8589,26.562899420950487,0
8590,25.542994641675165,0
8591,26.374154792157963,0
8592,29.462760728447137,0
8593,28.840318468699447,0
8594,30.61932745733595,0
8595,29.159234416504006,0
8596,31.308385024042217,0
8597,30.027955741943156,0
8598,32.35957859235139,0
8599,32.1389936522707,0
8600,33.497319667854725,0
8601,31.718624058319875,0
8602,33.739265780597485,0
8603,32.38506017844931,0
8604,32.15472037600383,0
8605,33.528482848947235,0
8606,31.695548689375006,0
8607,33.111359179268334,0
8608,32.20812762006791,0
8609,32.47292937497434,0
8610,31.68387797407963,0
8611,31.145319642665893,0
8612,30.24031411693792,0
8613,29.351693034462887,0
8614,28.388231525016316,0
8615,29.322929615903174,0
8616,27.744916707516687,0
8617,29.101289560296514,0
8618,27.799611636336135,0
8619,25.632337427418758,0
8620,25.99546750507593,0
8621,26.181869592373456,0
8622,23.668317020401332,0
8623,22.139435506383172,0
8624,24.645581118528007,0
8625,22.653388645662577,0
8626,21.491598816439247,0
8627,23.218901096265423,0
8628,22.61305167470948,0
8629,23.742282360440438,0
8630,24.625978938843026,0
8631,25.13168888372691,0
8632,24.365607599247593,0
8633,24.78189092745601,0
8634,23.3702615293938,0
8635,26.301197829382204,0
8636,26.2510249012327,0
8637,25.331326003562186,0
8638,26.41294450304981,0
8639,26.31042899951394,0
8640,27.896233679192104,0
8641,28.227750613660763,0
8642,29.355288974891756,0
8643,28.05345665257252,0
8644,31.68673215493706,0
8645,30.99200010403347,0
8646,30.94840983820834,0
8647,31.82756524663719,0
8648,31.322994392840027,0
8649,33.15826607864408,0
8650,32.69728226891948,0
8651,32.20561800073258,0
8652,33.16687605262378,0
8653,32.313414477153316,0
8654,32.74474192428791,0
8655,32.05618826930876,0
8656,33.80438450566199,0
8657,32.51581643278732,0
8658,31.870932970652024,0
8659,31.573814276468884,0
8660,31.343123869722476,0
8661,31.674657421800084,0
8662,29.368477200244932,0
8663,29.312435223400175,0
8664,28.580646606646173,0
8665,28.24236366938934,0
8666,27.340250821987834,0
8667,25.434706692229867,0
8668,25.766837291743986,0
8669,24.278684542858013,0
8670,23.860744041149566,0
8671,23.78328990758182,0
8672,22.86294167545044,0
8673,24.753139299936592,0
8674,22.74074477744732,0
8675,24.017312645406445,0
8676,23.431650011488237,0
8677,22.605348580172553,0
8678,24.119237619435314,0
8679,20.348391553615638,0
8680,22.68734737281493,0
8681,25.845794199804992,0
8682,24.574644427466577,0
8683,24.52572420101584,0
8684,26.29692309497894,0
8685,24.872433311370767,0
8686,25.00541296608074,0
8687,26.65962228943891,0
8688,26.545253247280534,0
8689,28.08680157623924,0
8690,28.910576261818086,0
8691,29.692548753456272,0
8692,30.075603510203035,0
8693,29.414546890981,0
8694,31.283434931787376,0
8695,29.984137301880523,0
8696,31.63625480373895,0
8697,34.329424512685776,0
8698,33.26211869335996,0
8699,31.853301878879353,0
8700,33.19299177139764,0
8701,32.87161058840604,0
8702,32.27360006698315,0
8703,31.244237992563743,0
8704,32.481638718074585,0
8705,32.21022700620821,0
8706,32.32130768783739,0
8707,31.499993820786617,0
8708,32.475467425382945,0
8709,29.987435828842845,0
8710,25.767135357895327,0
8711,27.43074223514952,0
8712,28.270063062501073,0
8713,26.22940882663326,0
8714,27.913899125959848,0
8715,24.30751830983764,0
8716,24.816171565917635,0
8717,24.29973274325668,0
8718,23.685825428065094,0
8719,25.392870589244584,0
8720,22.992047196465247,0
8721,23.847008031821904,0
8722,22.417225369777118,0
8723,24.352390866387438,0
8724,23.881991012237414,0
8725,25.1081407045851,0
8726,22.159016629657426,0
8727,23.3028151430822,0
8728,24.22136672642686,0
8729,23.808227940584363,0
8730,23.594494719734023,0
8731,23.215069186532478,0
8732,25.745450465788373,0
8733,26.301520552994713,0
8734,26.642918277243727,0
8735,27.330011693288007,0
8736,27.60759481331622,0
8737,28.193152257355553,0
8738,26.46693099173948,0
8739,30.515233088159544,0
8740,30.441683678957812,0
8741,31.2700242024393,0
8742,30.407461874097127,0
8743,31.060661600609947,0
8744,31.74200477239912,0
8745,32.5401453981799,0
8746,32.241230156751165,0
8747,33.511488060736355,0
8748,33.29943563406477,0
8749,33.32910508932807,0
8750,33.23632861409754,0
8751,32.58800175453216,0
8752,31.593880480818516,0
8753,31.141464351233342,0
8754,29.89124785380962,0
8755,28.994003221861792,0
8756,29.75718658153163,0
8757,30.933700551405146,0
8758,28.843842928327742,0
8759,28.29669044745026,0
8760,27.965739863095415,0
8761,26.916526502587125,0
8762,25.28733505920756,0
8763,24.92316760766293,0
8764,27.05803852742407,0
8765,24.597601274772526,0
8766,25.60693991026632,0
8767,24.833718555153276,0
8768,23.152468515131318,0
8769,24.931236063172534,0
8770,23.681406660588888,0
8771,21.087328748265584,0
8772,22.33039077903217,0
8773,23.462688143787087,0
8774,21.431770895838707,0
8775,23.488566962978517,0
8776,24.56273562054736,0
8777,23.74922210863598,0
8778,24.67751901091416,0
8779,24.790288297317485,0
8780,25.96738934023211,0
8781,26.596925693188552,0
8782,26.37305676657962,0
8783,24.977807134332885,0
8784,27.15230557330097,0
8785,28.157646043021987,0
8786,30.43638386904083,0
8787,29.870586106389243,0
8788,28.369982694733796,0
8789,31.420032067882154,0
8790,30.688737437751698,0
8791,31.591728245596798,0
8792,32.9597798007149,0
8793,33.3307867670859,0
8794,35.612321369194746,0
8795,34.15557803145736,0
8796,33.003691661909656,0
8797,33.80870548031046,0
8798,33.14007878094752,0
8799,31.478885542650605,0
8800,32.09528273698017,0
8801,33.05454736358169,0
8802,32.44532710236109,0
8803,31.59156163316386,0
8804,32.010852918968446,0
8805,30.445118961006933,0
8806,30.36203505822072,0
8807,28.182773926572963,0
8808,27.181275905107498,0
8809,27.722855426562887,0
8810,27.653513174011188,0
8811,26.66307830212031,0
8812,26.120622438026487,0
8813,26.58449931566209,0
8814,24.568070119967697,0
8815,24.826824596475852,0
8816,23.453150450071426,0
8817,23.33394870009017,0
8818,24.00942182601094,0
8819,25.04556372398809,0
8820,22.736362607483333,0
8821,22.012096810791622,0
8822,24.30327421603296,0
8823,24.92956205442364,0
8824,24.044143864191177,0
8825,23.783812503315897,0
8826,24.67159753125422,0
8827,24.813308643247737,0
8828,24.05148955359546,0
8829,26.327127541891528,0
8830,27.75407169566179,0
8831,26.8213487087688,0
8832,29.493468488530045,0
8833,26.73423734958983,0
8834,30.300367011130078,0
8835,28.3388290602735,0
8836,30.02782345618508,0
8837,30.08464400572975,0
8838,30.554222385377575,0
8839,34.17249084229901,0
8840,32.33373766666321,0
8841,34.30023365257238,0
8842,34.92771626120748,0
8843,33.50483952212633,0
8844,32.69057493654089,0
8845,32.63891939389021,0
8846,31.916310053134925,0
8847,32.99297645948956,0
8848,33.57318002884252,0
8849,31.187437296133833,0
8850,30.711758228547538,0
8851,30.999720465604927,0
8852,32.191783671692484,0
8853,29.693093676162814,0
8854,30.987146278996885,0
8855,27.441567049646892,0
8856,28.50033956196263,0
8857,28.954381509853576,0
8858,25.900108271825886,0
8859,25.55720101703607,0
8860,26.514501851945898,0
8861,24.784731319503454,0
8862,25.006207890820495,0
8863,24.69300648209689,0
8864,24.88253197213714,0
8865,25.229696226971946,0
8866,22.276815371786224,0
8867,23.15641207582061,0
8868,24.15672593856525,0
8869,23.849785337297497,0
8870,23.94426335989141,0
8871,22.743074383913363,0
8872,24.366000540104274,0
8873,23.204601241055848,0
8874,26.03846266152459,0
8875,24.686611832760974,0
8876,22.765146901154402,0
8877,23.24261641419773,0
8878,27.469106236893193,0
8879,29.196956219616407,0
8880,28.455142379306405,0
8881,29.286932386270202,0
8882,29.51260035385451,0
8883,29.91320200683086,0
8884,30.18913860719057,0
8885,29.39023574310976,0
8886,31.500380890927243,0
8887,32.550269075222225,0
8888,31.90557366837239,0
8889,32.98756576573028,0
8890,33.63469939689858,0
8891,31.287554958445785,0
8892,33.230266941651344,0
8893,32.70233910422229,0
8894,34.0098718943081,0
8895,33.225725206586155,0
8896,32.78715522865571,0
8897,30.16312981651967,0
8898,32.3798900157207,0
8899,30.200308178932612,0
8900,29.659921698158648,0
8901,29.54556467175573,0
8902,29.815306238957376,0
8903,28.157038768785085,0
8904,30.060671213599115,0
8905,29.14912212384168,0
8906,26.152738051638227,0
8907,26.247991088835654,0
8908,24.65445355868382,0
8909,23.587007439413966,0
8910,23.471812055086357,0
8911,24.897383500857128,0
8912,23.544630550469194,0
8913,22.666049329895735,0
8914,22.563443840886514,0
8915,21.83239401802962,0
8916,22.80922659300243,0
8917,23.52264798819786,0
8918,24.793801859868598,0
8919,23.877968492194423,0
8920,23.313177483625186,0
8921,23.261316085972823,0
8922,27.228248952351777,0
8923,24.591493005549548,0
8924,25.479767208212905,0
8925,24.323874194734117,0
8926,26.395931047659452,0
8927,26.91289369969382,0
8928,28.19008186247999,0
8929,29.921224454461026,0
8930,29.999661319426295,0
8931,29.014264685361773,0
8932,28.918019516143573,0
8933,30.864814823241765,0
8934,32.02830946423118,0
8935,31.246499891958905,0
8936,31.90209966789978,0
8937,32.97084614284789,0
8938,31.827483739314317,0
8939,33.59183565701915,0
8940,32.22403024423158,0
8941,34.84190131497843,0
8942,32.80528910853949,0
8943,32.065251284009115,0
8944,32.03803973614149,0
8945,30.878717464713432,0
8946,31.78228745933417,0
8947,29.73480846540466,0
8948,31.351290169234456,0
8949,29.786181676599103,0
8950,27.89514535012235,0
8951,29.25139803967558,0
8952,28.361685856539008,0
8953,26.035721015031733,0
8954,27.153805545802918,0
8955,25.86454331876055,0
8956,25.789366763576773,0
8957,23.47723492047,0
8958,25.656419423635057,0
8959,23.407695824092833,0
8960,24.00362290854568,0
8961,24.8534542602591,0
8962,23.06628467430222,0
8963,23.73713796115794,0
8964,24.28300508822105,0
8965,22.060997215700223,0
8966,22.497092167010905,0
8967,23.669454568907607,0
8968,24.593233635389563,0
8969,23.468528197541744,0
8970,25.8938240499946,0
8971,25.951744040811672,0
8972,25.464122003379796,0
8973,25.521724704649404,0
8974,28.52604499829408,0
8975,26.688691854561032,0
8976,28.73854156734552,0
8977,26.342482259312014,0
8978,29.41055312372902,0
8979,30.078529462734913,0
8980,30.299597281719706,0
8981,32.02815048487115,0
8982,32.15567171730327,0
8983,30.710923201586358,0
8984,33.51537688643137,0
8985,32.606189030495095,0
8986,34.40192764088898,0
8987,32.70004301889127,0
8988,32.83125501270119,0
8989,33.489786427138505,0
8990,31.947206672362746,0
8991,33.06442457308726,0
8992,32.14235273929597,0
8993,30.95409807216834,0
8994,32.451087272231035,0
8995,31.710018293675272,0
8996,29.323476556273583,0
8997,30.783499308979646,0
8998,30.593884495968375,0
8999,29.35051898612665,0
9000,27.19405406000491,0
9001,27.016287601320272,0
9002,26.249755963428996,0
9003,26.881057513272715,0
9004,23.942512570370404,0
9005,25.283171564219124,0
9006,24.948993417715013,0
9007,22.02317663662111,0
9008,24.909066010446242,0
9009,23.860668291383035,0
9010,21.40346923264271,0
9011,22.624482120734676,0
9012,23.848551926767236,0
9013,22.10827655914634,0
9014,21.26210878721864,0
9015,22.475324567174017,0
9016,23.090311159883544,0
9017,24.30952358202591,0
9018,25.06827328444597,0
9019,24.09072820998883,0
9020,23.41795477330614,0
9021,25.506925047756788,0
9022,25.95431635486632,0
9023,27.294459959773718,0
9024,29.2314744357583,0
9025,27.47964078296191,0
9026,30.934192354995748,0
9027,30.298402055820993,0
9028,31.54562443964021,0
9029,28.70207258001367,0
9030,31.383421549369196,0
9031,32.6400673370896,0
9032,31.798996712636928,0
9033,32.49148375037758,0
9034,32.38296787878957,0
9035,32.560497931676586,0
9036,32.47174474467875,0
9037,33.86749991656504,0
9038,32.13413149513042,0
9039,32.09783921682053,0
9040,33.62643802378606,0
9041,31.910884075945415,0
9042,31.08729627581869,0
9043,33.54587146154064,0
9044,28.103887592332647,0
9045,30.532200549035508,0
9046,29.417091968297996,0
9047,31.108352491367356,0
9048,28.38035388468879,0
9049,26.534625022183597,0
9050,26.52156131547866,0
9051,25.11217202520485,0
9052,27.26351823071222,0
9053,25.11357531591322,0
9054,24.692583991953896,0
9055,23.797348005413905,0
9056,24.316039956854894,0
9057,22.41832753034175,0
9058,23.289740027961102,0
9059,22.622595647962054,0
9060,23.381794363256784,0
9061,22.887940333751853,0
9062,23.500243496913082,0
9063,24.672749469893578,0
9064,23.733217687134662,0
9065,24.711225584376066,0
9066,24.079853452176966,0
9067,24.306647409044054,0
9068,25.312798026372125,0
9069,25.706336345486587,0
9070,26.875427839836117,0
9071,27.049878898029274,0
9072,27.629815749817464,0
9073,27.59332741371138,0
9074,29.998716482181127,0
9075,29.262441345052054,0
9076,30.0863260639397,0
9077,32.153383924348184,0
9078,33.53414545273128,0
9079,33.41459017688806,0
9080,33.34608175663867,0
9081,34.15893826716331,0
9082,32.24673296261552,0
9083,34.25369673463394,0
9084,33.775660724183254,0
9085,33.02770809161204,0
9086,33.05164705765953,0
9087,33.15424314269288,0
9088,31.170206228271393,0
9089,32.85391043807708,0
9090,31.989739704312985,0
9091,31.149830277261664,0
9092,29.272363932981442,0
9093,30.564468023384148,0
9094,28.56330771562071,0
9095,30.039992524749696,0
9096,27.69670331678137,0
9097,27.530614090250317,0
9098,24.430122604757692,0
9099,26.76397092464461,0
9100,25.392798837296635,0
9101,25.972418251525404,0
9102,25.770771145911528,0
9103,23.08861612150864,0
9104,22.36330800733711,0
9105,22.740355222524048,0
9106,23.944432277816254,0
9107,23.089117032314086,0
9108,23.491391335406,0
9109,22.590688131433513,0
9110,22.706872148212522,0
9111,22.564810172942977,0
9112,25.013100341051025,0
9113,25.139054066320394,0
9114,25.12411974940094,0
9115,27.16832738158712,0
9116,27.154234725855986,0
9117,25.406194997359652,0
9118,27.86126490110065,0
9119,28.048260778120788,0
9120,28.962668989081173,0
9121,27.80024142326003,0
9122,29.993972609331756,0
9123,30.019167688722728,0
9124,32.08632808771556,0
9125,31.355124189896067,0
9126,31.988700279872216,0
9127,33.23763889195236,0
9128,31.897813729131936,0
9129,34.097580597621395,0
9130,34.73519902512692,0
9131,33.353145290387154,0
9132,32.88954314605173,0
9133,32.8427809837866,0
9134,32.605102241301914,0
9135,33.15928243220426,0
9136,31.997713423599897,0
9137,33.97059746978866,0
9138,31.999779281477842,0
9139,31.87623395695207,0
9140,30.485607634762104,0
9141,30.400674222095354,0
9142,29.917506752277745,0
9143,28.53462583534066,0
9144,27.711504431250386,0
9145,25.908866743629137,0
9146,25.711817475723972,0
9147,26.21555681477497,0
9148,27.427648274388638,0
9149,25.081547086457274,0
9150,24.04760210264964,0
9151,24.743071417385842,0
9152,24.30169015088026,0
9153,23.61615822909664,0
9154,23.42654065366618,0
9155,21.300992546189295,0
9156,24.584335743870277,0
9157,21.77754850871039,0
9158,21.906682013819648,0
9159,22.315263197960164,0
9160,22.654904303570515,0
9161,23.39037400124341,0
9162,24.13912267802831,0
9163,26.09404873235977,0
9164,24.347415959571375,0
9165,25.95154697800436,0
9166,26.485429623377936,0
9167,27.145827136183637,0
9168,28.091999442822985,0
9169,30.60883311311808,0
9170,29.01841900897166,0
9171,30.135924863044366,0
9172,30.752612732939063,0
9173,32.458312492703904,0
9174,32.825257124702084,0
9175,32.216514066068704,0
9176,32.87451222236237,0
9177,33.03674796596687,0
9178,32.47213131446474,0
9179,32.95577716854842,0
9180,34.01181884739523,0
9181,31.002124034405536,0
9182,32.38204055818612,0
9183,33.77778762831038,0
9184,32.464745410304104,0
9185,32.13867511096339,0
9186,31.77440154769555,0
9187,32.46782470903894,0
9188,31.420506980369876,0
9189,29.05840056922989,0
9190,30.484719727252127,0
9191,28.324140578725455,0
9192,27.472308288545673,0
9193,27.099091162813142,0
9194,25.406261951517283,0
9195,26.23945344732834,0
9196,25.236960188472818,0
9197,23.333898916879015,0
9198,24.88483379176081,0
9199,25.483710364351484,0
9200,22.569894704612118,0
9201,22.25981549080779,0
9202,20.99226995450361,0
9203,24.291291332555126,0
9204,22.988855199052193,0
9205,22.2275131211981,0
9206,24.252456127437306,0
9207,23.658844101323854,0
9208,26.315439889064546,0
9209,23.846626756412896,0
9210,25.218942691230474,0
9211,24.817314143658013,0
9212,26.676690836999164,0
9213,25.258579470840697,0
9214,28.078863596263478,0
9215,27.14428407922101,0
9216,28.16935151017081,0
9217,28.88299201292121,0
9218,29.3694792253074,0
9219,29.57543623424552,0
9220,29.96040771736742,0
9221,30.763944861255066,0
9222,31.97479404205307,0
9223,31.929948145042502,0
9224,33.202423385169496,0
9225,32.66065508826344,0
9226,33.93077694187834,0
9227,32.50702199701035,0
9228,34.14377470695915,0
9229,30.75104246445983,0
9230,31.42453859736745,0
9231,32.72062493574789,0
9232,33.19727507806395,0
9233,33.43923214549034,0
9234,31.396945875962416,0
9235,32.27298184748798,0
9236,30.475293040796416,0
9237,28.774324492625848,0
9238,30.4328237783575,0
9239,29.13928653523025,0
9240,27.81548215302463,0
9241,27.771454923476817,0
9242,27.092696840208315,0
9243,26.080037468915602,0
9244,25.472357377012454,0
9245,24.335742262893017,0
9246,25.0482601982102,0
9247,22.948594525178354,0
9248,22.99948308293679,0
9249,24.874777572256022,0
9250,22.960176720746748,0
9251,24.13902904453923,0
9252,21.734823641851428,0
9253,21.148288905317802,0
9254,23.726502375168696,0
9255,23.22711333940613,0
9256,23.46614718952591,0
9257,22.832791689148294,0
9258,24.96971502534559,0
9259,23.062677555678892,0
9260,25.597517549921974,0
9261,27.545529262906378,0
9262,26.376473756975376,0
9263,27.955483990657825,0
9264,25.86561647353566,0
9265,27.67604300199754,0
9266,28.938800102488447,0
9267,30.557459110576207,0
9268,29.863637822961234,0
9269,31.27913903968227,0
9270,31.636332405997738,0
9271,31.276325246353863,0
9272,32.713235449866026,0
9273,31.38322938033172,0
9274,33.30711393592539,0
9275,34.23253434271442,0
9276,32.559186972732974,0
9277,32.25968011153934,0
9278,32.419147018875535,0
9279,32.69037641719576,0
9280,32.450490486845915,0
9281,31.99462372260694,0
9282,30.609289023650803,0
9283,31.301913357015895,0
9284,31.636733766617926,0
9285,29.613235049528946,0
9286,30.88844742272467,0
9287,29.636287562700666,0
9288,29.00142506543103,0
9289,27.83855288845983,0
9290,26.56440598257957,0
9291,27.286960767219856,0
9292,25.343321733104727,0
9293,24.50506539272656,0
9294,25.790147608561682,0
9295,24.721057017546087,0
9296,21.83660120298295,0
9297,24.442540221838893,0
9298,23.476561127203624,0
9299,22.810727654371487,0
9300,23.069735629970403,0
9301,23.158704083065583,0
9302,22.280981905970787,0
9303,24.35923893782196,0
9304,25.473024288134997,0
9305,25.419671483055552,0
9306,24.979611799315204,0
9307,23.792183574936253,0
9308,24.9436133269694,0
9309,24.4090665993212,0
9310,26.49327133279624,0
9311,27.38292132288784,0
9312,28.245275969120062,0
9313,27.26672729884952,0
9314,28.973302655809686,0
9315,28.330057129432348,0
9316,29.107267676885183,0
9317,30.92066808367893,0
9318,30.921807024693784,0
9319,33.27038956066515,0
9320,33.67485824380267,0
9321,33.224693303785884,0
9322,33.95126970319148,0
9323,33.080933835418705,0
9324,30.807792844538056,0
9325,32.0999862444556,0
9326,32.94709619505757,0
9327,34.561048484774645,0
9328,31.67008716127044,0
9329,30.792707704650525,0
9330,28.92024652291027,0
9331,30.736694092144973,0
9332,30.313447124445236,0
9333,29.30113559200018,0
9334,29.499850344345727,0
9335,30.017732136919335,0
9336,27.277224539138864,0
9337,25.864506451707513,0
9338,27.897038763201042,0
9339,24.978414047061303,0
9340,25.688152959045972,0
9341,26.611481332274163,0
9342,24.511955550387107,0
9343,25.305235877774432,0
9344,23.384708995126886,0
9345,24.084964201957103,0
9346,23.825930384483303,0
9347,23.96066823683911,0
9348,21.986904327432693,0
9349,23.80630324258301,0
9350,22.259828506783766,0
9351,23.015046732436854,0
9352,22.829488450020484,0
9353,22.87555195869209,0
9354,23.35334251647652,0
9355,24.628629239162894,0
9356,27.194427729195027,0
9357,25.114201007660775,0
9358,28.10367241052496,0
9359,26.52285297497398,0
9360,28.948459070993675,0
9361,26.778814151335947,0
9362,29.87109502225874,0
9363,30.083378657957823,0
9364,31.805554048848467,0
9365,28.89826049782844,0
9366,31.325070199404237,0
9367,30.186660493016674,0
9368,32.98118403719699,0
9369,30.71170290710781,0
9370,31.387980350255155,0
9371,33.343754908167014,0
9372,33.47305363053484,0
9373,33.06699541247609,0
9374,33.210539087877194,0
9375,31.941542801964435,0
9376,33.75449482187071,0
9377,31.939015599586604,0
9378,29.691832261217698,0
9379,30.402447274728956,0
9380,29.862005160583553,0
9381,31.017398657628387,0
9382,30.128391717217998,0
9383,29.20196408308867,0
9384,26.746611636603024,0
9385,28.067666892595984,0
9386,25.882655003778083,0
9387,25.80397897122811,0
9388,25.820638233284733,0
9389,23.34477589387761,0
9390,24.857658529232395,0
9391,23.65427587111384,0
9392,22.350936053778426,0
9393,24.57428317898394,0
9394,23.411098478693265,0
9395,23.358806456754674,0
9396,21.472890394152387,0
9397,23.80157464881191,0
9398,22.943855284267737,0
9399,21.936106794684857,0
9400,24.28284441790273,0
9401,24.27710546329089,0
9402,24.73643338705239,0
9403,25.61436368437392,0
9404,24.695390467923655,0
9405,26.032606815612176,0
9406,26.958117153983295,0
9407,28.075691696266183,0
9408,26.696790259238956,0
9409,27.244075833744063,0
9410,30.551854954773347,0
9411,29.52307141874046,0
9412,28.49565784306153,0
9413,31.73175251586648,0
9414,30.66789690823582,0
9415,31.56161222526176,0
9416,32.41939623486301,0
9417,31.773400134028417,0
9418,30.930276027273877,0
9419,32.039747587323454,0
9420,32.89061341607737,0
9421,31.612721316788463,0
9422,31.54129891463981,0
9423,34.190256548904216,0
9424,32.618868521989704,0
9425,31.737174420801885,0
9426,30.826847100790108,0
9427,31.438624355913127,0
9428,30.769038933565582,0
9429,28.27285607386796,0
9430,28.24758813497893,0
9431,28.630202647158296,0
9432,28.513246973678005,0
9433,28.360690976985314,0
9434,27.85580977233736,0
9435,25.828789723635236,0
9436,25.156581317793083,0
9437,25.417645172449582,0
9438,22.965873951005484,0
9439,22.941175843607837,0
9440,24.59567929209823,0
9441,21.871934509805072,0
9442,23.436526635965272,0
9443,23.32287299518098,0
9444,21.36980415380107,0
9445,23.091298324354785,0
9446,23.72292164355443,0
9447,24.83111410520637,0
9448,25.268049577258886,0
9449,24.119696873979837,0
9450,24.240204918121595,0
9451,24.949781640727505,0
9452,24.569175543630077,0
9453,25.2153055377428,0
9454,25.72256661064552,0
9455,29.400731563387843,0
9456,27.99866692496501,0
9457,28.672536479648407,0
9458,30.94836196512405,0
9459,29.07916663367999,0
9460,31.194091650053586,0
9461,32.00610142358023,0
9462,31.70316461767673,0
9463,31.95786509311468,0
9464,33.23201944309307,0
9465,34.37803884093647,0
9466,32.482577024987684,0
9467,35.851588118715846,0
9468,34.63277802036311,0
9469,31.25877871630867,0
9470,32.80376399147584,0
9471,32.1062093818261,0
9472,33.65306377294386,0
9473,34.26142003122164,0
9474,32.27645574511251,0
9475,30.920560224181582,0
9476,29.8667135507637,0
9477,31.05453525523663,0
9478,28.43238870545929,0
9479,30.924898933448116,0
9480,29.140576795151812,0
9481,29.408464495299462,0
9482,26.91016597160128,0
9483,28.038754286831406,0
9484,25.235933206309124,0
9485,25.35226224095278,0
9486,25.22870925945823,0
9487,23.711416576560133,0
9488,23.427063251492243,0
9489,25.122256320745905,0
9490,22.082423007889634,0
9491,25.17430897385072,0
9492,22.609192102352488,0
9493,22.43131119516943,0
9494,21.682342850286673,0
9495,21.91744929312496,0
9496,22.61330801230971,0
9497,24.07673062226243,0
9498,24.942891213110606,0
9499,25.523286924624152,0
9500,25.60118638478317,0
9501,26.10453829503838,0
9502,28.234276768886552,0
9503,27.479955608846506,0
9504,28.159456005229075,0
9505,28.537662476694567,0
9506,28.626782204668565,0
9507,29.627317789381372,0
9508,30.108880556457983,0
9509,30.907766044679505,0
9510,35.053354940086756,0
9511,33.33365567585561,0
9512,31.316731135633283,0
9513,31.20568225722236,0
9514,32.327381103086275,0
9515,33.03467926788242,0
9516,33.38862141903052,0
9517,33.104943660146574,0
9518,31.172814556424502,0
9519,30.838020406532415,0
9520,31.81628258431799,0
9521,31.183487200489893,0
9522,29.25022705526825,0
9523,29.60100425203399,0
9524,30.63414052197839,0
9525,28.619077887173468,0
9526,28.7551791249888,0
9527,28.991447643489217,0
9528,29.26989756063504,0
9529,26.429270696697866,0
9530,26.75044978327689,0
9531,25.994569648319626,0
9532,24.741150990856838,0
9533,24.215824136043818,0
9534,25.847801173158146,0
9535,23.387987255452458,0
9536,23.639076240516744,0
9537,23.517153755337773,0
9538,24.854173650562483,0
9539,23.12518402449662,0
9540,24.757875823672386,0
9541,24.16471266521761,0
9542,22.556522231887833,0
9543,24.17192665454341,0
9544,22.804862544804276,0
9545,23.91723806400747,0
9546,24.073800753604203,0
9547,26.42311136868541,0
9548,24.64959913361404,0
9549,27.06678187634143,0
9550,26.926831009200953,0
9551,28.18233545853285,0
9552,25.624350515097493,0
9553,28.457052329394674,0
9554,29.120832710767015,0
9555,32.42713768446166,0
9556,32.41501869839134,0
9557,30.958715346144324,0
9558,31.608892511782887,0
9559,30.03946045179941,0
9560,32.58218471898918,0
9561,31.7007423179737,0
9562,34.069856197592216,0
9563,31.726102487272986,0
9564,33.204224320268196,0
9565,32.89483389462121,0
9566,32.47267273292805,0
9567,32.21902306490936,0
9568,32.017907468371746,0
9569,30.44271252956745,0
9570,32.13508166108162,0
9571,32.3023926586787,0
9572,29.484323045964604,0
9573,29.154870273079307,0
9574,28.04103065368454,0
9575,28.89733308002427,0
9576,28.113766333250894,0
9577,26.03725401784333,0
9578,24.9810406599565,0
9579,25.944674301419532,0
9580,26.58086082017742,0
9581,26.331426448317014,0
9582,24.074915766527422,0
9583,23.643612614988243,0
9584,25.49375914691463,0
9585,24.800153483842575,0
9586,22.273783040117248,0
9587,22.053091174816828,0
9588,21.2769337877317,0
9589,23.534208344398845,0
9590,22.84017505177754,0
9591,22.47570705170607,0
9592,23.304522793204313,0
9593,22.702536680937712,0
9594,25.644313163703867,0
9595,24.86651514318242,0
9596,26.206577942703035,0
9597,24.449604069387924,0
9598,25.823190918589862,0
9599,28.00461040774815,0
9600,28.568897983396717,0
9601,28.535121785345613,0
9602,28.279075179940456,0
9603,29.182120598597365,0
9604,31.052844264814105,0
9605,31.04858349664258,0
9606,31.1979217804934,0
9607,32.60848094098509,0
9608,30.825434152140947,0
9609,31.820332651433503,0
9610,32.85116526821412,0
9611,34.46129991968349,0
9612,32.34224820083595,0
9613,34.18014818636764,0
9614,32.38874277152997,0
9615,33.47413293540865,0
9616,33.10470445742453,0
9617,33.317429332254584,0
9618,32.17139567098571,0
9619,31.60387280662978,0
9620,30.33101036900699,0
9621,31.13081055903983,0
9622,30.44552159352363,0
9623,28.289690473555304,0
9624,26.258354850482448,0
9625,28.438841191171207,0
9626,27.100872099827786,0
9627,25.590999590524188,0
9628,24.7696754479682,0
9629,25.126026018461353,0
9630,23.90097808729892,0
9631,24.62869293976862,0
9632,23.414061735824735,0
9633,23.767320863376973,0
9634,20.37627620901804,0
9635,22.28960259936043,0
9636,21.42020476650956,0
9637,22.192014430194508,0
9638,23.569684759054883,0
9639,23.315478185558252,0
9640,24.12326417849275,0
9641,23.38788242054203,0
9642,23.026210825689706,0
9643,25.27475201097555,0
9644,24.780246357489517,0
9645,26.682766668354375,0
9646,27.482055258475086,0
9647,27.870745029972156,0
9648,25.955580403816725,0
9649,28.965272039742246,0
9650,28.15019416557117,0
9651,30.811259695365774,0
9652,30.12808848498372,0
9653,31.28104405860943,0
9654,32.406248255153216,0
9655,31.958047373579443,0
9656,33.77257771144087,0
9657,31.360960339173605,0
9658,31.957195955200042,0
9659,35.40674747423439,0
9660,33.81822326197706,0
9661,34.65801917141283,0
9662,33.299172237001194,0
9663,32.094451816443204,0
9664,33.82448551874307,0
9665,33.352716271042766,0
9666,31.901218222984532,0
9667,30.4758089534638,0
9668,31.136052019947698,0
9669,31.29365715201771,0
9670,28.28760749029185,0
9671,28.273313306479885,0
9672,27.5062477802364,0
9673,28.041240882096986,0
9674,28.317111615141098,0
9675,25.423680766060304,0
9676,26.02243050234755,0
9677,26.7543574654409,0
9678,23.862466458966125,0
9679,25.26570284744782,0
9680,22.801698366328775,0
9681,22.32093461266751,0
9682,22.967863471436115,0
9683,24.071837804701214,0
9684,23.045722142141543,0
9685,22.184403133361876,0
9686,21.75414348389879,0
9687,24.07837873757296,0
9688,25.6624109161686,0
9689,25.70245408317971,0
9690,24.506502162439332,0
9691,24.230077136626843,0
9692,25.946190873806465,0
9693,24.992256059419237,0
9694,25.819180381656704,0
9695,26.59153560692932,0
9696,28.559295721572614,0
9697,30.62659423155138,0
9698,28.53660060219157,0
9699,28.99131706891179,0
9700,31.718636032899497,0
9701,30.239322791082785,0
9702,32.8885800987936,0
9703,31.434901057440626,0
9704,31.210450706756813,0
9705,32.73450704376993,0
9706,32.06330420280006,0
9707,31.513763711045545,0
9708,31.830949906309367,0
9709,32.50922020445796,0
9710,33.475023518170886,0
9711,34.00004218440005,0
9712,31.635284164166023,0
9713,31.823139694890596,0
9714,31.945825376323643,0
9715,32.46564308636031,0
9716,30.55142934732889,0
9717,28.715252853583504,0
9718,30.41263172507586,0
9719,27.673715997703365,0
9720,28.191896830955034,0
9721,27.946957298924946,0
9722,27.939120696486565,0
9723,25.66115505485719,0
9724,24.826874643202917,0
9725,24.39648178015014,0
9726,23.607241913061028,0
9727,26.407574387374993,0
9728,23.768051510488487,0
9729,23.711496060891687,0
9730,22.268646586651002,0
9731,23.322386492601197,0
9732,23.507767650978945,0
9733,23.142790340493697,0
9734,24.656645001663502,0
9735,23.209300092626318,0
9736,24.9826682020253,0
9737,23.721825537193624,0
9738,23.606211203853267,0
9739,25.29306148238758,0
9740,23.619512979866848,0
9741,24.75954690969756,0
9742,26.612852526471045,0
9743,26.486563731455465,0
9744,27.771352803176587,0
9745,29.38616316581263,0
9746,30.28761080870173,0
9747,30.69284858707757,0
9748,31.201661117309655,0
9749,30.142283388300303,0
9750,31.18092628093679,0
9751,31.091709606508203,0
9752,31.15736712670684,0
9753,31.47401230459513,0
9754,34.68482523963673,0
9755,32.12692149812569,0
9756,33.169917181480514,0
9757,33.657431887563,0
9758,33.21242746578619,0
9759,31.91499393668778,0
9760,32.50973835443012,0
9761,30.42363189744359,0
9762,30.30320949004294,0
9763,30.83250129768229,0
9764,31.26730622100928,0
9765,30.941035496737022,0
9766,30.03115363256216,0
9767,28.899342426336165,0
9768,28.473199608029066,0
9769,28.777164480726576,0
9770,25.796117936056515,0
9771,25.60276978317923,0
9772,24.41770109700063,0
9773,24.150447376348467,0
9774,23.801430606386884,0
9775,24.393981701927185,0
9776,22.766391857859432,0
9777,23.933334203110665,0
9778,22.454138105515206,0
9779,24.251375072208006,0
9780,24.0143612922721,0
9781,22.406373462775033,0
9782,22.65191644088437,0
9783,23.27429291606793,0
9784,24.160910532346463,0
9785,23.824435097509863,0
9786,25.241711002038297,0
9787,23.831124124437707,0
9788,24.426858340281502,0
9789,26.936321412412518,0
9790,27.404480155953713,0
9791,27.55071837587196,0
9792,27.33791978502134,0
9793,28.07956033648742,0
9794,29.329481155198284,0
9795,29.039473488248227,0
9796,30.344129379830072,0
9797,30.99491567663221,0
9798,33.71463292385028,0
9799,31.66602060344346,0
9800,31.65741013136282,0
9801,32.09291389882874,0
9802,34.06465261633824,0
9803,31.408985727350288,0
9804,33.71128276769004,0
9805,33.40752118891255,0
9806,33.32771867793759,0
9807,33.82859753312701,0
9808,31.509378861801792,0
9809,32.73738239589943,0
9810,30.606557035506743,0
9811,31.882147381527705,0
9812,30.63189043908029,0
9813,31.099900798190774,0
9814,28.906342677103545,0
9815,27.405587806818232,0
9816,28.1681102558172,0
9817,27.141609731070588,0
9818,26.32573371927767,0
9819,26.87871425962723,0
9820,26.00908467267203,0
9821,24.528390323463615,0
9822,24.972233843355497,0
9823,24.700169727915256,0
9824,25.16539927227907,0
9825,23.9412542994306,0
9826,22.882029331646205,0
9827,21.58906445385764,0
9828,24.153742433772674,0
9829,21.886696449979283,0
9830,22.20789898109559,0
9831,23.292903750260685,0
9832,23.375650111476165,0
9833,22.548439712203848,0
9834,22.22365783678112,0
9835,25.428200010202726,0
9836,25.54020201808444,0
9837,26.31961009211303,0
9838,29.388086713988812,0
9839,27.13230707267791,0
9840,28.41562354186928,0
9841,29.738194501969886,0
9842,30.533226017822624,0
9843,30.28122102097879,0
9844,29.137809675124153,0
9845,31.340569989546985,0
9846,31.75606748460768,0
9847,32.398270275444574,0
9848,30.640735652095962,0
9849,34.365343172079996,0
9850,32.507801916732014,0
9851,32.68462700952732,0
9852,35.28416024974869,0
9853,35.28564850688304,0
9854,32.715776532475545,0
9855,33.31326289444129,0
9856,30.79878929427008,0
9857,31.82241766046921,0
9858,31.225481078182128,0
9859,29.00915009538977,0
9860,31.8752696111885,0
9861,27.97981019208273,0
9862,31.964092357993827,0
9863,27.203132239151863,0
9864,25.48523307205962,0
9865,27.41091122316706,0
9866,27.900778000727545,0
9867,24.110242751630725,0
9868,25.60582486564906,0
9869,25.00648801282579,0
9870,23.6168030099787,0
9871,24.071870050311066,0
9872,23.536264994530672,0
9873,23.20920757523539,0
9874,22.787869680197918,0
9875,22.336084192009686,0
9876,23.34523508609901,0
9877,23.720735777448557,0
9878,22.0390924032395,0
9879,22.148485210121116,0
9880,25.62331799165925,0
9881,23.621729633513784,0
9882,23.582061851146157,0
9883,23.187546814408464,0
9884,26.605920297349126,0
9885,26.507443574308056,0
9886,25.81703984128364,0
9887,28.799991231531788,0
9888,29.105584571559458,0
9889,27.0269882895335,0
9890,28.68953164354123,0
9891,30.207869787511694,0
9892,31.009912896568178,0
9893,31.965566960332666,0
9894,29.276473770580647,0
9895,30.81742595968413,0
9896,32.726382409373144,0
9897,33.078430538868325,0
9898,33.52052192256385,0
9899,32.39552348873263,0
9900,34.08032750991365,0
9901,32.834916441591176,0
9902,33.25908080612327,0
9903,33.54243250877355,0
9904,32.180280450483686,0
9905,32.62828701943234,0
9906,29.89728110033132,0
9907,31.783812177517888,0
9908,30.378693249214155,0
9909,30.030530456974756,0
9910,28.705849464393566,0
9911,25.555291994240882,0
9912,28.813178533922216,0
9913,27.99805160680874,0
9914,28.344964370572256,0
9915,24.339902516329182,0
9916,23.718174935195407,0
9917,25.09832368609713,0
9918,23.858650321392354,0
9919,23.67227403130618,0
9920,25.10220476920569,0
9921,24.131853670948136,0
9922,23.762818331226747,0
9923,24.217368327014693,0
9924,21.69083507325547,0
9925,22.67989622898639,0
9926,23.836269238654737,0
9927,22.6399091621908,0
9928,24.82051084110626,0
9929,23.303831854836517,0
9930,25.808851264958147,0
9931,22.868677172209154,0
9932,26.30089205486105,0
9933,25.844111746936782,0
9934,26.264711507507045,0
9935,28.37674381368822,0
9936,29.03209639830886,0
9937,28.062939662097683,0
9938,28.221697176661404,0
9939,31.033608916235636,0
9940,30.894358821974144,0
9941,33.18928493028909,0
9942,32.21857120902234,0
9943,32.524203381369695,0
9944,32.450448236073285,0
9945,31.571900390355275,0
9946,32.65331135126628,0
9947,34.7680156402883,0
9948,33.17675244740257,0
9949,31.932647800570113,0
9950,32.79822280747665,0
9951,33.31292399192974,0
9952,31.918800073019582,0
9953,31.219225444138786,0
9954,30.73949548877133,0
9955,31.540368208123724,0
9956,30.826384280328973,0
9957,31.269871342631,0
9958,30.421208822227705,0
9959,29.58961945087201,0
9960,26.302329160356503,0
9961,27.341416085930106,0
9962,27.16727089286918,0
9963,26.309113938121957,0
9964,26.10863680921702,0
9965,24.385160507448138,0
9966,24.196064879166695,0
9967,24.4240737876748,0
9968,24.895944835796143,0
9969,24.509764793818267,0
9970,24.14205013236885,0
9971,22.59864196237144,0
9972,24.857612600943256,0
9973,24.220088054676953,0
9974,23.720859973683606,0
9975,24.322517975267328,0
9976,23.306842858753853,0
9977,23.02473574055661,0
9978,22.306546314758048,0
9979,25.91829579156376,0
9980,26.03049963371469,0
9981,25.88396079857839,0
9982,27.00548255502621,0
9983,25.997110827639357,0
9984,29.522932836200795,0
9985,30.263745618861087,0
9986,28.646260661197886,0
9987,29.318131777425755,0
9988,29.319070840715227,0
9989,31.157571428648968,0
9990,29.63356190272951,0
9991,31.137077231444493,0
9992,31.917073200641617,0
9993,33.340410586989805,0
9994,32.497748878218516,0
9995,34.5933002130775,0
9996,34.45645299082128,0
9997,33.61212505403669,0
9998,32.64955689450204,0
9999,33.42793488248359,0
10000,33.20658486296669,0
10001,34.01798808344744,0
10002,30.575486686520474,0
10003,31.74561172624217,0
10004,30.533134881318826,0
10005,30.61240454587384,0
10006,29.05397601002914,0
10007,28.190603181542436,0
10008,29.74785206316664,0
10009,26.3285412440303,0
10010,27.221873905304637,0
10011,25.506206523794134,0
10012,26.890663217755204,0
10013,24.817062523122065,0
10014,24.710257928943104,0
10015,23.292396436852673,0
10016,22.927774446643586,0
10017,21.279819050226536,0
10018,24.62754265612802,0
10019,23.905419401998675,0
10020,21.726552101201516,0
10021,23.545971776557167,0
10022,22.30439308739549,0
10023,23.18900888685055,0
10024,24.7664155580214,0
10025,25.2844414112914,0
10026,25.907545008129876,0
10027,25.846648505045565,0
10028,24.923586168746006,0
10029,25.23698189323588,0
10030,27.59672585773912,0
10031,27.18073263507091,0
10032,28.00166754824265,0
10033,26.556344013793655,0
10034,27.229494864800635,0
10035,29.23349314995561,0
10036,32.3145722663068,0
10037,29.673869308066514,0
10038,32.15926118725486,0
10039,33.90889908812377,0
10040,31.91337524847928,0
10041,31.953545013798863,0
10042,32.68757618249807,0
10043,34.40123665178257,0
10044,32.878954139142294,0
10045,32.47325965670038,0
10046,32.4304443591233,0
10047,32.92080899899328,0
10048,34.69860230673095,0
10049,31.422148439484275,0
10050,30.86552413630931,0
10051,32.465403348852654,0
10052,29.940344540476886,0
10053,29.393285435722433,0
10054,29.304707832337577,0
10055,28.546736741232813,0
10056,27.204617993714834,0
10057,26.8661911261168,0
10058,25.896595912229373,0
10059,27.620577332300144,0
10060,25.026609302737427,0
10061,25.585619154030294,0
10062,23.672384118046786,0
10063,23.341875468978557,0
10064,23.030646947587,0
10065,24.074568145794235,0
10066,23.184829465656126,0
10067,24.204914161365757,0
10068,25.120894841539524,0
10069,24.07577824963277,0
10070,22.920667856845068,0
10071,23.356393654950946,0
10072,23.469225267739883,0
10073,22.45009174690171,0
10074,24.655594613687292,0
10075,22.719451493354,0
10076,26.281639892709517,0
10077,26.70350536753755,0
10078,26.681478963130182,0
10079,27.913109690250348,0
10080,26.82344467360395,0
10081,27.889672436951876,0
10082,29.32879610537635,0
10083,29.69680431706605,0
10084,28.830653994553003,0
10085,32.11416825346952,0
10086,30.938866793822307,0
10087,31.429265658797977,0
10088,31.732305517686257,0
10089,32.38286676955897,0
10090,31.534466742133837,0
10091,33.4553826217308,0
10092,33.665119691113595,0
10093,33.33625995507616,0
10094,32.85526323757649,0
10095,32.944798943446806,0
10096,32.7697170569785,0
10097,32.502049239866125,0
10098,32.45794217247676,0
10099,32.084377809318426,0
10100,32.26115034575241,0
10101,30.26206456569397,0
10102,27.091340789825708,0
10103,26.964347530620188,0
10104,28.534127718987097,0
10105,26.450330407744023,0
10106,27.396938553208717,0
10107,26.88076900787521,0
10108,26.298672206133524,0
10109,23.524478698195573,0
10110,24.191333006828643,0
10111,24.73163005820863,0
10112,23.32276840785252,0
10113,23.40077909772989,0
10114,22.5828995319989,0
10115,23.50198983358002,0
10116,23.841465518821185,0
10117,22.372421778872003,0
10118,25.330015779758803,0
10119,23.330872931977876,0
10120,23.822016929909285,0
10121,23.932208810966177,0
10122,25.79567152285319,0
10123,25.5480506996502,0
10124,25.290555022601367,0
10125,24.79812735851045,0
10126,26.748035822561775,0
10127,25.425955131535915,0
10128,28.268022576808967,0
10129,26.60464758617422,0
10130,30.299964160215765,0
10131,30.106193465421434,0
10132,30.1901729200635,0
10133,33.135712924360355,0
10134,32.70550025532,0
10135,31.22253570494435,0
10136,32.096190825954835,0
10137,33.814364044545336,0
10138,33.21517214152891,0
10139,32.82868403418266,0
10140,31.335100165837964,0
10141,33.739215636317304,0
10142,34.38200510732961,0
10143,31.135539462704884,0
10144,32.588714881154985,0
10145,32.23900435735038,0
10146,34.148546867162246,0
10147,30.885134557785133,0
10148,31.997234903955903,0
10149,31.296548259614937,0
10150,29.956973744381163,0
10151,28.104575030758795,0
10152,28.703947193271176,0
10153,28.427563830389584,0
10154,28.01591705571493,0
10155,25.08960710766802,0
10156,24.19585542757685,0
10157,26.454993938944714,0
10158,24.850517071278002,0
10159,22.66644385283206,0
10160,23.313295545725246,0
10161,23.01546594832272,0
10162,22.676093386504164,0
10163,21.61435716796541,0
10164,22.203893795499145,0
10165,22.958645554093916,0
10166,23.522874346464732,0
10167,24.574794539718617,0
10168,22.012204684993254,0
10169,23.599490852675505,0
10170,23.19384444376635,0
10171,25.99927957537827,0
10172,25.54871524264734,0
10173,25.838360080833997,0
10174,26.442490886294998,0
10175,28.322273287408347,0
10176,28.406678763414515,0
10177,28.242406731317523,0
10178,29.53386562637128,0
10179,32.10575465211023,0
10180,29.33260805069813,0
10181,31.035829922081824,0
10182,30.76261563235376,0
10183,31.644842254369443,0
10184,31.7515654987304,0
10185,33.42596992689119,0
10186,32.77744747278724,0
10187,35.09981811524122,0
10188,32.82181187784449,0
10189,31.774542935266986,0
10190,32.787961388540666,0
10191,33.7371360136295,0
10192,31.682277327856244,0
10193,33.160951464905466,0
10194,30.56780236816219,0
10195,30.92941982441089,0
10196,31.62448703128004,0
10197,29.29823391030477,0
10198,29.68742280435549,0
10199,29.519126565760352,0
10200,28.50480043712932,0
10201,29.34105759079606,0
10202,26.09298447400356,0
10203,27.36982147056544,0
10204,25.322849774432513,0
10205,25.445358010978143,0
10206,24.876448669298632,0
10207,24.357016804396466,0
10208,24.787168201860243,0
10209,23.294371489688253,0
10210,22.44853904187003,0
10211,25.378380613987925,0
10212,23.336019449234396,0
10213,23.971202189301433,0
10214,21.855450772612723,0
10215,23.9122881307786,0
10216,24.448312811226376,0
10217,23.882000843824322,0
10218,24.297677877955742,0
10219,24.58827654439781,0
10220,24.822927881083043,0
10221,27.4243188613429,0
10222,25.857025120049215,0
10223,28.653614058674936,0
10224,27.34787295881931,0
10225,30.379850148795267,0
10226,28.204563943010584,0
10227,29.256337209932873,0
10228,30.224436192716908,0
10229,31.36251741969898,0
10230,32.01884850254316,0
10231,32.5225126101838,0
10232,29.832313104657484,0
10233,33.09570986906968,0
10234,35.31892959164577,0
10235,31.590929346518354,0
10236,33.17564431011331,0
10237,32.33397390635639,0
10238,32.12965852038958,0
10239,33.11345158623733,0
10240,32.97759847946867,0
10241,30.508507542511254,0
10242,30.6973480283344,0
10243,30.672764558555034,0
10244,28.830982752721003,0
10245,29.927918141218864,0
10246,31.062351214194983,0
10247,28.29046907396725,0
10248,28.468510782346513,0
10249,26.948274314274947,0
10250,26.62103734471203,0
10251,26.243699492001593,0
10252,28.250245952893597,0
10253,24.309299707769192,0
10254,22.71751919947469,0
10255,24.42188580606485,0
10256,24.555599039321674,0
10257,22.38010751730093,0
10258,21.360559670535118,0
10259,22.1185889545376,0
10260,22.280242181175996,0
10261,22.056457991180512,0
10262,24.22353789532885,0
10263,21.57054432108832,0
10264,23.42625880126198,0
10265,23.408443602708353,0
10266,24.216767135618667,0
10267,24.237398084687204,0
10268,23.544059429650517,0
10269,26.145291431869776,0
10270,26.28571902089478,0
10271,27.58856738975256,0
10272,27.381318372469238,0
10273,29.418591664857136,0
10274,28.21606329656121,0
10275,32.45678138009782,0
10276,29.354444989490222,0
10277,29.518697744080043,0
10278,32.582345020407175,0
10279,32.57464456352055,0
10280,32.05579736874246,0
10281,32.88541568728574,0
10282,32.12438570685096,0
10283,34.699145131358286,0
10284,33.165721659134356,0
10285,32.53244403642393,0
10286,33.83958872756982,0
10287,32.518673603981526,0
10288,33.01584006804971,0
10289,31.75146214072869,0
10290,32.24805619325119,0
10291,31.492982271523655,0
10292,30.792555330310197,0
10293,29.165919304168888,0
10294,29.15212428297322,0
10295,28.497643678710183,0
10296,27.7931872644632,0
10297,28.909762028747537,0
10298,25.981023424296694,0
10299,26.735393953489247,0
10300,25.74015354548534,0
10301,26.043655825988537,0
10302,24.750570377597004,0
10303,24.910999895114408,0
10304,23.123552787739023,0
10305,24.754574429882183,0
10306,24.225171160737613,0
10307,22.646710580480306,0
10308,22.30473227475953,0
10309,20.826285135364163,0
10310,22.760155500084156,0
10311,23.626512791511395,0
10312,23.47454030346699,0
10313,21.728629358877697,0
10314,26.516140010792537,0
10315,25.225715291186123,0
10316,26.97757729613336,0
10317,26.79764310717844,0
10318,27.082901617288456,0
10319,27.10959553607531,0
10320,27.326336570382296,0
10321,28.498825833690223,0
10322,28.949985666581675,0
10323,29.57414345709048,0
10324,31.46385517330203,0
10325,31.19874770145147,0
10326,32.35801953393514,0
10327,30.969151318072992,0
10328,31.678435534096792,0
10329,31.61473388277249,0
10330,31.69052971277546,0
10331,33.82449964949466,0
10332,32.953226347186984,0
10333,32.04023906051048,0
10334,33.02760766727565,0
10335,33.8163234264683,0
10336,31.339407835118827,0
10337,30.48575837204222,0
10338,31.31536054750117,0
10339,30.979699704436822,0
10340,28.812200815671293,0
10341,29.438496668230098,0
10342,30.078447653299293,0
10343,28.84913020934793,0
10344,28.446770057311053,0
10345,26.827536761415903,0
10346,26.98778848527126,0
10347,26.261384304576314,0
10348,25.157397474863227,0
10349,25.3336659864203,0
10350,26.839191792293356,0
10351,21.86504830261091,0
10352,22.909626162270314,0
10353,25.986046987582647,0
10354,21.959331966798334,0
10355,21.983130459125178,0
10356,23.117285037027628,0
10357,21.968104508606697,0
10358,23.787266365361237,0
10359,21.397482284366067,0
10360,22.502816745594185,0
10361,24.71687596926016,0
10362,23.973419087655493,0
10363,26.073077913724028,0
10364,25.27454807844273,0
10365,26.063430975640955,0
10366,24.52592990275111,0
10367,28.89766766446139,0
10368,29.713997883849977,0
10369,28.934569428630322,0
10370,29.90954925026544,0
10371,29.326251903207467,0
10372,31.918986942489965,0
10373,32.64178897170747,0
10374,30.93351386326091,0
10375,31.71201132743764,0
10376,33.44201869510832,0
10377,30.927959875950044,0
10378,31.70151729403723,0
10379,34.18864200568036,0
10380,33.904481143929814,0
10381,33.60164200998125,0
10382,33.86012174379837,0
10383,31.91209545785584,0
10384,33.43942431573112,0
10385,32.5047192607875,0
10386,32.227353819670114,0
10387,29.607337350210635,0
10388,29.919091072201173,0
10389,28.950316509175458,0
10390,28.50900459069403,0
10391,29.537269251579023,0
10392,28.61263092079491,0
10393,27.38861938459469,0
10394,25.0368174710958,0
10395,26.489206293284465,0
10396,25.373477934235368,0
10397,24.303775430221762,0
10398,23.855723804298982,0
10399,23.07012163452015,0
10400,24.059704235589976,0
10401,22.617428178462067,0
10402,22.876462605807582,0
10403,22.49230368432897,0
10404,24.256591530846837,0
10405,23.537998103647794,0
10406,23.43291916497945,0
10407,21.227529669086742,0
10408,23.07408378973002,0
10409,23.227604613997748,0
10410,24.5847235808624,0
10411,27.69069014718814,0
10412,25.379547149806932,0
10413,26.608693963541175,0
10414,26.56805090412827,0
10415,28.295692562899834,0
10416,28.405430469652497,0
10417,29.871595951312948,0
10418,30.478106101089733,0
10419,29.769061868475518,0
10420,31.65945651391582,0
10421,28.464332041681928,0
10422,32.20999535007113,0
10423,30.460892888448793,0
10424,32.9844336279071,0
10425,33.87859555472406,0
10426,31.974783609812594,0
10427,32.202967366051254,0
10428,32.35294700825861,0
10429,33.723408414745506,0
10430,31.03489023587038,0
10431,32.297578820934135,0
10432,33.43910066230916,0
10433,30.47007619160466,0
10434,31.798210174827645,0
10435,29.89337570848618,0
10436,31.026043516378056,0
10437,28.482860972474086,0
10438,28.075085248606648,0
10439,28.756369631876574,0
10440,28.435655908089664,0
10441,27.803530311857863,0
10442,26.957587286756176,0
10443,26.147700149199657,0
10444,25.442360508343377,0
10445,26.087067968144517,0
10446,24.844273459004736,0
10447,24.960917374952622,0
10448,22.25709062803978,0
10449,24.83602263267604,0
10450,21.330645891096783,0
10451,22.736068726134228,0
10452,24.147824394514842,0
10453,22.4037256203335,0
10454,22.293608412178266,0
10455,23.526242706334003,0
10456,25.17705016198238,0
10457,25.33527889553245,0
10458,22.927371371273367,0
10459,25.361387494397395,0
10460,25.015137397798128,0
10461,24.74781754414741,0
10462,25.84475413667214,0
10463,26.03122013109279,0
10464,26.962058009889788,0
10465,27.184868517560325,0
10466,30.280163473827358,0
10467,29.72578474129374,0
10468,31.260994254726473,0
10469,31.64976826561903,0
10470,30.040666214602968,0
10471,32.65629011087778,0
10472,30.979180478310866,0
10473,31.56323264147584,0
10474,33.02017980374399,0
10475,32.47098307702187,0
10476,32.462666268875594,0
10477,33.683866103066485,0
10478,32.84490445511813,0
10479,29.25337839163414,0
10480,33.995979586087124,0
10481,34.29502562344339,0
10482,32.19968121298508,0
10483,32.000104575490404,0
10484,30.877997865288176,0
10485,28.99416341123114,0
10486,29.373328167774595,0
10487,28.914635197838816,0
10488,28.38079993818782,0
10489,27.79943328374174,0
10490,26.31782784483245,0
10491,26.852351909924085,0
10492,27.46118798464121,0
10493,26.41518820239952,0
10494,25.030536369921123,0
10495,23.364246019229967,0
10496,22.86227058781908,0
10497,23.416218298198054,0
10498,22.04335363583018,0
10499,23.1579835313854,0
10500,23.104558576833227,0
10501,23.85014455354699,0
10502,24.461121785569652,0
10503,23.893966315477538,0
10504,24.058718176388002,0
10505,24.475912646235717,0
10506,23.847903655992468,0
10507,25.497759701793534,0
10508,27.067541431274233,0
10509,26.988508801336668,0
10510,26.609236080356045,0
10511,27.654711156849544,0
10512,28.961487342348626,0
10513,29.53581833080954,0
10514,30.42843297981249,0
10515,28.3019608101717,0
10516,31.391921142882232,0
10517,31.72756541089071,0
10518,31.651275054919342,0
10519,32.219889193344876,0
10520,31.632459260058305,0
10521,32.20421770260339,0
10522,32.639625107003845,0
10523,32.0828379753374,0
10524,32.46929243492462,0
10525,33.33348202035147,0
10526,32.81208304032622,0
10527,31.229350949137157,0
10528,34.67927048927695,0
10529,29.22451985919872,0
10530,32.145393052006035,0
10531,30.394198848692916,0
10532,30.78640016829655,0
10533,30.494156130967202,0
10534,29.697239527931472,0
10535,28.819170387782872,0
10536,27.881923573527633,0
10537,28.80059531264005,0
10538,25.753363150427315,0
10539,27.408622025092406,0
10540,24.997391031809,0
10541,25.215654204525006,0
10542,25.119894623444,0
10543,24.024850328471086,0
10544,22.700482417235946,0
10545,23.07192132756754,0
10546,23.272513234107755,0
10547,21.81045482438388,0
10548,23.128113316801844,0
10549,21.850430071212408,0
10550,22.414151383823153,0
10551,23.734525670391314,0
10552,22.61249333394448,0
10553,25.02221533103469,0
10554,24.68070740697957,0
10555,23.677852373727088,0
10556,24.57518885800129,0
10557,26.97899168528208,0
10558,28.483762149985985,0
10559,28.523482141117388,0
10560,26.700874710693665,0
10561,29.69238722704487,0
10562,31.139661280945578,0
10563,31.43117916494145,0
10564,30.957973017494872,0
10565,32.10764546044719,0
10566,32.12529465287035,0
10567,31.654506904504032,0
10568,31.715405068493805,0
10569,30.888889018878636,0
10570,33.54082525030801,0
10571,31.768231778293874,0
10572,33.70686613693332,0
10573,34.58576132812899,0
10574,33.2176855708061,0
10575,32.319275277783376,0
10576,32.137299481838674,0
10577,33.169129227334174,0
10578,30.377743155036395,0
10579,32.80450515449877,0
10580,29.829238391905097,0
10581,29.40120640054749,0
10582,30.951125465308277,0
10583,27.096603353598066,0
10584,27.392672385873652,0
10585,28.104480834037155,0
10586,27.38278174438031,0
10587,26.497901265331926,0
10588,25.523611335762464,0
10589,24.155122156945737,0
10590,24.440763848171194,0
10591,22.826252477545076,0
10592,23.63146452803221,0
10593,22.890558066091348,0
10594,23.154069090026375,0
10595,23.773013943476847,0
10596,21.232035351113183,0
10597,23.311288513096333,0
10598,23.115468834576497,0
10599,22.418982914253156,0
10600,24.621193609128362,0
10601,23.41184459895854,0
10602,24.380924106605985,0
10603,24.31146887310677,0
10604,22.726883083223427,0
10605,26.45518644069305,0
10606,26.3843225259855,0
10607,29.392381255574588,0
10608,27.725220456071956,0
10609,27.260398842300418,0
10610,30.66018445786062,0
10611,29.363870101789303,0
10612,29.820507569303338,0
10613,30.63098998865628,0
10614,33.427159246685946,0
10615,33.797750843576736,0
10616,31.868471343867416,0
10617,32.67518903020555,0
10618,34.165041940553664,0
10619,32.552325640301014,0
10620,33.433641219315916,0
10621,33.00453909283834,0
10622,34.8976583658435,0
10623,34.226065473477085,0
10624,32.207980319193425,0
10625,31.174841594138826,0
10626,31.778779430347118,0
10627,30.992540053215368,0
10628,29.143727603686788,0
10629,29.919116401122707,0
10630,30.30513449968323,0
10631,28.278751872026934,0
10632,28.00818337766741,0
10633,26.561044432074564,0
10634,26.755387460052816,0
10635,26.255457878276836,0
10636,25.789438911014113,0
10637,23.345081807895138,0
10638,23.805690368982066,0
10639,22.647096401081637,0
10640,23.329351522245876,0
10641,22.150518299976266,0
10642,24.03789730034466,0
10643,22.262039741293155,0
10644,22.99932744682579,0
10645,25.301091069531232,0
10646,22.619935923298936,0
10647,23.490274923994882,0
10648,24.012251305171322,0
10649,24.557747598983823,0
10650,24.47402863929843,0
10651,25.64824655870354,0
10652,25.175066883855486,0
10653,26.82223567143746,0
10654,26.950514797230856,0
10655,28.654008075452293,0
10656,28.950234068855227,0
10657,28.75724039835708,0
10658,29.386369058928665,0
10659,29.234516476942456,0
10660,31.23564299873142,0
10661,31.25306574551158,0
10662,29.871513977069394,0
10663,33.39914379288278,0
10664,30.925715929969062,0
10665,31.428288125219616,0
10666,33.17257740240744,0
10667,31.479352820359356,0
10668,33.26543787424892,0
10669,33.01966825371492,0
10670,32.71469732919112,0
10671,31.014191229468448,0
10672,32.36834466999688,0
10673,29.819863111633435,0
10674,33.177370685620126,0
10675,29.982122166345192,0
10676,29.823794465708247,0
10677,31.493120249161255,0
10678,30.320156490042756,0
10679,28.017570330119177,0
10680,26.492798780690634,0
10681,28.612019032716397,0
10682,26.490180218512815,0
10683,25.46194300372062,0
10684,26.876187179576437,0
10685,24.58598359598386,0
10686,25.64031178894634,0
10687,21.962802006724168,0
10688,23.115208533805806,0
10689,24.89032594360996,0
10690,24.15962335103158,0
10691,23.025777381794814,0
10692,22.51200457667753,0
10693,24.16874255351886,0
10694,24.781838225595987,0
10695,22.344608783110203,0
10696,22.04834318599028,0
10697,23.95048585635251,0
10698,24.77475589947549,0
10699,24.792568375355568,0
10700,23.906244741944242,0
10701,25.4254994842584,0
10702,27.182457378600628,0
10703,26.07649922758081,0
10704,29.040502809703355,0
10705,28.52437878204822,0
10706,29.674717991892756,0
10707,29.924441883418215,0
10708,30.715074607284077,0
10709,28.96462147375021,0
10710,30.70721415571322,0
10711,31.72773936771101,0
10712,32.329881172740166,0
10713,32.7086594224683,0
10714,33.853718680438256,0
10715,31.948122607407225,0
10716,31.475598743786005,0
10717,31.044506879127056,0
10718,31.812238266885508,0
10719,32.374307269956915,0
10720,32.54553272441651,0
10721,31.890421395452638,0
10722,30.742045666426634,0
10723,31.76821536045154,0
10724,30.232730344057384,0
10725,30.120318712640785,0
10726,28.411007160037755,0
10727,29.390536233786644,0
10728,27.636620801896676,0
10729,28.665362684599003,0
10730,27.059105612270788,0
10731,26.16529774260925,0
10732,25.264494614620286,0
10733,24.799225672531474,0
10734,23.787927196660686,0
10735,25.189449250324188,0
10736,23.29653220853909,0
10737,22.077862300278003,0
10738,22.538419788365108,0
10739,24.035027877544,0
10740,23.203263102562047,0
10741,23.11492323901633,0
10742,21.95244314843015,0
10743,24.06656984196742,0
10744,23.473911656801047,0
10745,23.714314011009677,0
10746,24.688847653297994,0
10747,24.373735101761827,0
10748,24.63078982030287,0
10749,24.060778405831016,0
10750,28.04279030686497,0
10751,28.028234394526244,0
10752,30.022128381095488,0
10753,31.051542021722188,0
10754,29.80809320332597,0
10755,29.38018120052664,0
10756,30.285563875904177,0
10757,29.8494046047881,0
10758,30.886634752384424,0
10759,31.910781040589587,0
10760,31.584856801448897,0
10761,32.570545614974506,0
10762,32.503103493640296,0
10763,32.88800754585015,0
10764,31.221159808485346,0
10765,33.64495776753656,0
10766,32.16368738144044,0
10767,32.45076586274655,0
10768,33.57074807469278,0
10769,30.377323877156275,0
10770,32.250515422101905,0
10771,31.435573817515838,0
10772,30.46581607855551,0
10773,29.51946904865955,0
10774,29.064281207989698,0
10775,28.17163955915497,0
10776,28.6260458088389,0
10777,26.910062826759475,0
10778,26.33836425271615,0
10779,25.644367043495564,0
10780,27.03933925427557,0
10781,26.84056356343084,0
10782,25.3543385745399,0
10783,24.620525477964883,0
10784,22.736151351731415,0
10785,23.90069222279836,0
10786,23.604784656745018,0
10787,21.533488741976857,0
10788,23.183992963760385,0
10789,22.62759356326038,0
10790,22.314620315230197,0
10791,23.28213909474971,0
10792,25.38240973107809,0
10793,25.122246710888266,0
10794,23.660521065493022,0
10795,23.994383008037367,0
10796,25.988965061958336,0
10797,23.953228701406687,0
10798,27.367391567744672,0
10799,25.309530199326133,0
10800,28.11291516356094,0
10801,29.613505392483624,0
10802,29.03439987027802,0
10803,32.4556626194298,0
10804,31.072885404063815,0
10805,30.72253735545709,0
10806,30.699068028491624,0
10807,31.067107409775083,0
10808,32.50075257698458,0
10809,34.35348496146726,0
10810,31.9629493123364,0
10811,32.271228537755285,0
10812,33.73642526509572,0
10813,32.70055753472387,0
10814,31.90478535748994,0
10815,31.46376428299789,0
10816,31.627946766856116,0
10817,31.62470728848465,0
10818,32.44020198304517,0
10819,32.26263251880615,0
10820,30.170792254163974,0
10821,28.43232389826434,0
10822,29.28881152652207,0
10823,29.290819663204342,0
10824,27.689393800437045,0
10825,26.451056632498243,0
10826,25.17558090155231,0
10827,26.744238021034892,0
10828,25.656255276650768,0
10829,25.66916169880718,0
10830,25.459413337489668,0
10831,25.559785393279768,0
10832,25.625226992184807,0
10833,23.396626982724285,0
10834,22.262181053191316,0
10835,23.88023364659543,0
10836,23.414050478309314,0
10837,23.81623948535126,0
10838,22.528626205784462,0
10839,23.43389588953121,0
10840,23.677885938238127,0
10841,23.929890802685822,0
10842,24.924927753506328,0
10843,24.749477900039714,0
10844,24.526091136940234,0
10845,24.55774527018111,0
10846,27.200950700762263,0
10847,24.987661209723584,0
10848,31.236354540967906,0
10849,29.359344582879654,0
10850,28.727596589526605,0
10851,29.407034097389165,0
10852,31.70399459768743,0
10853,30.19892798406414,0
10854,31.08690961021394,0
10855,30.80139635159537,0
10856,33.06412271847047,0
10857,33.555443807351274,0
10858,33.25136569458804,0
10859,32.74852055815152,0
10860,32.55023247032154,0
10861,31.677867439363748,0
10862,32.04684895227587,0
10863,30.53097529631205,0
10864,31.267915457716022,0
10865,31.671585967911984,0
10866,32.69247467878324,0
10867,32.753468778259354,0
10868,32.646202359725685,0
10869,29.813020606419535,0
10870,28.796076904812654,0
10871,28.161856008689828,0
10872,29.599910422946344,0
10873,29.28670997678288,0
10874,26.522919300731807,0
10875,25.983620376557436,0
10876,26.45126094743932,0
10877,24.013303126637627,0
10878,22.2928068150152,0
10879,22.827313251369446,0
10880,23.658810503387986,0
10881,22.596481666010018,0
10882,22.14376893604908,0
10883,23.135376759413816,0
10884,21.727274909500096,0
10885,24.499702578751364,0
10886,22.19359289120943,0
10887,23.132128267173698,0
10888,22.29683256437797,0
10889,25.113169853706367,0
10890,26.118209046593037,0
10891,24.319977433907624,0
10892,25.213794812592973,0
10893,27.303457070468248,0
10894,28.103264527139046,0
10895,28.258161684012865,0
10896,27.059076304858735,0
10897,27.863771611088534,0
10898,28.309894008628433,0
10899,30.456071207888215,0
10900,30.511138284989865,0
10901,29.982820026495155,0
10902,32.7643490939279,0
10903,29.53275443066325,0
10904,32.7935429000651,0
10905,31.542912392415502,0
10906,32.30514477907742,0
10907,32.29077526799549,0
10908,34.66134965932458,0
10909,31.276595143917664,0
10910,31.937332475601345,0
10911,33.83659126822999,0
10912,31.90817341294425,0
10913,32.63381580223617,0
10914,32.70446943333979,0
10915,30.709276798045806,0
10916,30.620092753260447,0
10917,31.050394148551284,0
10918,29.078663412756285,0
10919,28.70533123542145,0
10920,27.357088466168893,0
10921,27.985709853675075,0
10922,27.825178466024315,0
10923,26.094786938918386,0
10924,26.41377938293471,0
10925,23.935719060262375,0
10926,23.71309425341195,0
10927,22.89694615720263,0
10928,24.386339828937345,0
10929,24.809039981706345,0
10930,23.63906663923088,0
10931,23.194069817418484,0
10932,22.8126544531111,0
10933,23.125786786528142,0
10934,22.229052886161288,0
10935,22.988207484138858,0
10936,23.155046848969228,0
10937,23.498014431611317,0
10938,23.364528671158286,0
10939,25.43745147687411,0
10940,26.326972867842628,0
10941,26.229698379213723,0
10942,29.376534476519247,0
10943,28.40629165848577,0
10944,26.984224403890117,0
10945,27.30665680286509,0
10946,29.23980984070827,0
10947,30.326674940559965,0
10948,30.978558817920035,0
10949,28.940840737388903,0
10950,32.25850105942942,0
10951,32.340974566774946,0
10952,32.55664993275068,0
10953,33.74081830253622,0
10954,33.334327004274215,0
10955,31.87787588518013,0
10956,33.19349007969016,0
10957,31.34381882153042,0
10958,33.19498304677509,0
10959,32.49104957605299,0
10960,32.65832180509907,0
10961,32.59450434850734,0
10962,29.911958141180747,0
10963,31.781302724991843,0
10964,29.983763965907617,0
10965,31.05827227177207,0
10966,28.19734569404041,0
10967,29.784973191035792,0
10968,27.300773286923846,0
10969,28.057323210629775,0
10970,26.6834940835306,0
10971,25.768129873238113,0
10972,24.115564041255123,0
10973,24.135526008916543,0
10974,23.651739119525526,0
10975,23.25830510606211,0
10976,22.85280136212216,0
10977,23.89129589228312,0
10978,22.112597885955577,0
10979,22.730028366626016,0
10980,21.175666275865918,0
10981,22.442835728948914,0
10982,23.70299755139445,0
10983,23.688502721501795,0
10984,22.017534015771275,0
10985,23.20857059754822,0
10986,22.761215189376415,0
10987,23.90555698318067,0
10988,25.939618016759066,0
10989,27.42869191167211,0
10990,25.54183303311929,0
10991,28.270447300375817,0
10992,27.33781878498548,0
10993,29.942021251341615,0
10994,28.120916878001662,0
10995,31.29017229979847,0
10996,30.993684818445292,0
10997,31.284207557941105,0
10998,31.84213417361578,0
10999,32.07219618222725,0
11000,31.207118514434278,0
11001,33.562768578801204,0
11002,32.260397445619496,0
11003,32.469533101066965,0
11004,32.6040482558787,0
11005,31.90667085828028,0
11006,30.532211464014196,0
11007,33.7507930847682,0
11008,32.53145479819574,0
11009,32.238072084115274,0
11010,32.55826359029771,0
11011,31.802792604443955,0
11012,30.152868090752975,0
11013,28.997886424035165,0
11014,28.761205665932863,0
11015,30.3326204319531,0
11016,29.392805948525677,0
11017,27.385405887240815,0
11018,26.672436977367994,0
11019,26.42870066055037,0
11020,25.783482066145915,0
11021,24.779905138907466,0
11022,24.42160044921405,0
11023,22.808401202926994,0
11024,23.812249663718926,0
11025,23.723540347012303,0
11026,22.463913985889796,0
11027,21.839440649385875,0
11028,22.77135900873054,0
11029,25.481594157465988,0
11030,22.1812298948845,0
11031,23.141720934151103,0
11032,21.822475131390647,0
11033,24.25941745272232,0
11034,24.736506675184806,0
11035,24.606834993503224,0
11036,25.510991865976617,0
11037,29.52656315816295,0
11038,27.737584483011357,0
11039,25.94799228560405,0
11040,28.533768615368654,0
11041,28.00886103669446,0
11042,30.481100730036562,0
11043,29.24131693885628,0
11044,30.36723662222364,0
11045,32.003065281186046,0
11046,30.409295321409363,0
11047,31.75380892599712,0
11048,32.11582418798494,0
11049,33.703674251014384,0
11050,32.55464187283446,0
11051,34.75133800777681,0
11052,31.956377532464952,0
11053,33.17252939453868,0
11054,31.883661713638745,0
11055,32.80620991489821,0
11056,31.06043760586734,0
11057,32.91421872978059,0
11058,31.93429347066667,0
11059,29.479281515780173,0
11060,31.45095404370384,0
11061,31.224996011744533,0
11062,28.588355797915213,0
11063,29.01541638633749,0
11064,27.732535763291082,0
11065,26.215744901863065,0
11066,27.15282128343285,0
11067,24.747380403851775,0
11068,24.438114455264877,0
11069,23.261031390988283,0
11070,25.241770847745947,0
11071,24.264431934022472,0
11072,22.164044380575717,0
11073,21.32428088234541,0
11074,23.73966756623226,0
11075,21.828139141558577,0
11076,23.539132974649004,0
11077,23.25371644607285,0
11078,23.823646461739358,0
11079,23.21418578343203,0
11080,24.592953924421387,0
11081,21.635247910898283,0
11082,24.299219221263208,0
11083,24.526876653297276,0
11084,25.520481746875845,0
11085,26.928690344956788,0
11086,27.5495217771461,0
11087,28.168963527083978,0
11088,28.607866351404578,0
11089,30.010631688172865,0
11090,29.487841759820395,0
11091,30.957054645710553,0
11092,31.153348833286604,0
11093,31.448535544162386,0
11094,30.783624546601065,0
11095,31.823996079946763,0
11096,31.712022007619233,0
11097,34.11657998538112,0
11098,31.290747811818516,0
11099,33.12893665536312,0
11100,32.6233846846532,0
11101,33.19254646512134,0
11102,32.32502234789836,0
11103,31.73002227666646,0
11104,32.172712558729636,0
11105,31.863786593512465,0
11106,30.95458931609078,0
11107,29.85850578998184,0
11108,29.058510404693056,0
11109,29.103877740604766,0
11110,28.835026343684834,0
11111,28.974442636270382,0
11112,27.182021838176937,0
11113,26.450497669168186,0
11114,24.971663367559053,0
11115,25.4146020692186,0
11116,27.251202520242536,0
11117,26.048895386158364,0
11118,22.846754945613096,0
11119,23.794682631182877,0
11120,23.788974396290865,0
11121,24.766125143006903,0
11122,23.433610359335916,0
11123,23.378128743186966,0
11124,22.675507264188195,0
11125,24.244332743458,0
11126,21.807106321083996,0
11127,22.919696925907836,0
11128,24.027035102640554,0
11129,23.00696486590083,0
11130,23.7743551824453,0
11131,23.41116508846668,0
11132,25.918824442024665,0
11133,26.066467462912776,0
11134,27.50387758545285,0
11135,27.051296504635,0
11136,26.666140987361917,0
11137,29.516453285392732,0
11138,30.014806907667797,0
11139,30.167630798551343,0
11140,31.919661433506807,0
11141,29.426377315959748,0
11142,30.174933017730652,0
11143,32.07216262828357,0
11144,30.369601602354265,0
11145,32.17501398227468,0
11146,34.27910681483452,0
11147,31.183264813864504,0
11148,33.68895447904392,0
11149,34.86666985024047,0
11150,32.592908818111034,0
11151,31.54712976658559,0
11152,33.91963431628314,0
11153,31.43074829057622,0
11154,33.71902476948333,0
11155,31.914413537258763,0
11156,28.616527467094468,0
11157,30.536823582500677,0
11158,27.621376622166366,0
11159,29.606255861566073,0
11160,27.497928746584673,0
11161,27.41979687800172,0
11162,26.65388801544847,0
11163,26.734346271855667,0
11164,25.458678082448444,0
11165,26.607904789769933,0
11166,24.243226448347144,0
11167,24.09942687147993,0
11168,22.112794280897948,0
11169,23.84967918025953,0
11170,21.95865053386525,0
11171,23.09084184550498,0
11172,22.79534327608286,0
11173,24.337643142935043,0
11174,22.839573033746873,0
11175,22.55915190691431,0
11176,24.70481529244475,0
11177,22.258448072964175,0
11178,24.46695570654016,0
11179,25.02108835125013,0
11180,26.689122282517573,0
11181,24.341825360029052,0
11182,26.34256518757483,0
11183,27.34061371360878,0
11184,27.01761173748833,0
11185,28.19604389120879,0
11186,27.201259286591775,0
11187,29.71823492226925,0
11188,31.588837421058454,0
11189,30.077483430637205,0
11190,29.833401551313454,0
11191,29.382104735339944,0
11192,31.45238500109763,0
11193,32.10554175520817,0
11194,32.88603828706971,0
11195,32.026419799449215,0
11196,33.01502921468001,0
11197,32.240461860219206,0
11198,34.01795703730483,0
11199,32.964241327284086,0
11200,32.18585570696983,0
11201,32.394962169308464,0
11202,32.56691808496106,0
11203,32.14334715637007,0
11204,30.221527386244485,0
11205,29.612547050561986,0
11206,28.786953481348622,0
11207,29.837408827643046,0
11208,27.932676221897914,0
11209,28.266651242554843,0
11210,27.202277659725265,0
11211,23.547808839703887,0
11212,24.986290716544996,0
11213,23.296433755730362,0
11214,23.273687410718114,0
11215,25.35747187689732,0
11216,24.098356784620766,0
11217,23.58368473269811,0
11218,22.999146241995874,0
11219,23.479390888492205,0
11220,23.35033492068247,0
11221,22.211033288688114,0
11222,22.08132751821791,0
11223,23.451557064199083,0
11224,23.408580692168538,0
11225,23.792956275599277,0
11226,25.12054785496742,0
11227,22.789674350906907,0
11228,25.84702775961503,0
11229,27.387377064985454,0
11230,25.477889728718292,0
11231,28.88074103169976,0
11232,28.284037246185243,0
11233,28.678214500261095,0
11234,28.806096622627546,0
11235,31.449284444475293,0
11236,30.345574496940177,0
11237,30.430009484598806,0
11238,32.103815254153275,0
11239,33.21709604819973,0
11240,31.09392120290131,0
11241,33.09366806834632,0
11242,31.852938990379062,0
11243,31.758801010341514,0
11244,33.30595013735789,0
11245,33.43730234939595,0
11246,32.23215990679601,0
11247,33.81964835177353,0
11248,31.95235142353125,0
11249,31.932636353133695,0
11250,30.857169927909045,0
11251,28.97895760619409,0
11252,31.40313458780378,0
11253,27.607437152293624,0
11254,28.28985737487717,0
11255,28.00544243556421,0
11256,27.133121952645862,0
11257,27.75497590116559,0
11258,26.31311194765087,0
11259,27.205182291836316,0
11260,25.05361281595144,0
11261,23.870143046480592,0
11262,25.899386834774546,0
11263,23.698745249819066,0
11264,21.775258564649054,0
11265,23.397018841095267,0
11266,24.196252601059438,0
11267,21.8484760003589,0
11268,22.659400804109012,0
11269,24.213307878475543,0
11270,23.629248778208517,0
11271,24.800863386098733,0
11272,24.376796351182666,0
11273,22.82110552504422,0
11274,24.740156741395644,0
11275,22.4950991191462,0
11276,24.747555937772212,0
11277,26.034509227711922,0
11278,27.981942200022107,0
11279,25.684595842349765,0
11280,27.650308435838678,0
11281,28.431749315546853,0
11282,28.137442487738195,0
11283,32.00599457489153,0
11284,29.936095881326516,0
11285,30.030466448144534,0
11286,31.000256347734215,0
11287,32.557688374736195,0
11288,33.348974082128436,0
11289,31.74674948891762,0
11290,34.35979247658927,0
11291,34.5561138967272,0
11292,34.123125160935196,0
11293,33.38993800450293,0
11294,32.83903108398928,0
11295,33.13262398569144,0
11296,32.99464198504977,0
11297,32.189253510799325,0
11298,32.37647467115453,0
11299,31.61603539184051,0
11300,29.830868699978105,0
11301,29.963057849217122,0
11302,30.771107718013756,0
11303,28.771069631192226,0
11304,27.080499942346012,0
11305,28.51958456822345,0
11306,26.611597524242026,0
11307,25.15399476723467,0
11308,25.34881945755766,0
11309,26.427562324046285,0
11310,26.71425257611007,0
11311,24.153423970021162,0
11312,23.786325785669497,0
11313,22.110999299148038,0
11314,24.009180348422028,0
11315,22.969860104345106,0
11316,23.635538848363073,0
11317,22.88751943294841,0
11318,23.42482646522446,0
11319,23.459526616412713,0
11320,25.618740042453965,0
11321,22.43865309563846,0
11322,23.260175690984653,0
11323,24.335864376540794,0
11324,25.67834528062249,0
11325,25.860537508238064,0
11326,26.295746186042546,0
11327,28.278294164098586,0
11328,27.945392108272284,0
11329,28.433072597127847,0
11330,30.44781753920267,0
11331,32.10874696643886,0
11332,29.0739540355238,0
11333,31.753943170408856,0
11334,28.738844192411875,0
11335,33.36017249583205,0
11336,34.14993232052599,0
11337,31.488033752289418,0
11338,32.74877340168665,0
11339,33.66851733990672,0
11340,33.26468858332355,0
11341,33.20656455042759,0
11342,33.73135265415362,0
11343,31.937925820436597,0
11344,33.24123010148323,0
11345,32.85443680551625,0
11346,32.032733959897875,0
11347,31.28438054373055,0
11348,30.140015404655955,0
11349,31.1263598026304,0
11350,31.598171206311825,0
11351,28.991728241002185,0
11352,28.72441024181977,0
11353,29.283028005989294,0
11354,26.600940137125022,0
11355,25.682774662199147,0
11356,25.997617372031815,0
11357,24.67150578694708,0
11358,24.602378424550256,0
11359,25.356025331888027,0
11360,24.105908178424965,0
11361,22.142664055665932,0
11362,23.837197506786726,0
11363,24.092788864248,0
11364,23.852566333738164,0
11365,22.043183881700646,0
11366,22.84429055072217,0
11367,23.267212464839652,0
11368,21.581013252334486,0
11369,22.75996449598643,0
11370,26.04305180870803,0
11371,25.249955804019677,0
11372,27.274488553204378,0
11373,27.13443793525323,0
11374,26.039176471220543,0
11375,28.413797784678035,0
11376,28.045834168964024,0
11377,29.226003547352846,0
11378,30.055653217470127,0
11379,29.125253389141974,0
11380,29.505180374300437,0
11381,30.133359203437003,0
11382,32.71181387184993,0
11383,31.611950858780023,0
11384,32.42102290760145,0
11385,31.120591481173296,0
11386,33.58323417448122,0
11387,32.14703181884283,0
11388,33.6472945131224,0
11389,32.538042573105784,0
11390,33.82367768805456,0
11391,33.704133626251924,0
11392,32.04342886056042,0
11393,32.90456324573393,0
11394,31.70269081069673,0
11395,29.76263200857183,0
11396,29.37755582147019,0
11397,30.667487437348097,0
11398,27.907611953109395,0
11399,28.072566876588347,0
11400,26.443419931994626,0
11401,27.482709901976857,0
11402,25.15068698572474,0
11403,26.405103659868885,0
11404,25.385390510233478,0
11405,25.326449316730656,0
11406,25.057281853452373,0
11407,23.169749349045404,0
11408,24.48792256549568,0
11409,22.64879663745067,0
11410,23.728029606050658,0
11411,22.636942507308863,0
11412,24.124463640313596,0
11413,22.863456011385246,0
11414,22.6299785549605,0
11415,23.32062584183054,0
11416,24.113367562247397,0
11417,24.41372514107826,0
11418,24.15847213897073,0
11419,24.998700975767434,0
11420,24.182851241105922,0
11421,26.279623464218357,0
11422,25.594125251046112,0
11423,29.204232685114096,0
11424,28.268624227148983,0
11425,28.618718871612625,0
11426,28.779267240917566,0
11427,30.09510878777954,0
11428,31.854351200302723,0
11429,31.41794272867502,0
11430,31.694860754517595,0
11431,32.4988764368961,0
11432,32.87119753612359,0
11433,33.7435357296222,0
11434,31.86725831030646,0
11435,32.042781086617296,0
11436,33.926695564591206,0
11437,33.71454842711079,0
11438,32.40269185619117,0
11439,33.54100707764217,0
11440,35.25053817310775,0
11441,30.62530696608969,0
11442,30.37650354389727,0
11443,29.637810939374333,0
11444,31.81899296062334,0
11445,30.566671205699606,0
11446,30.45111591573103,0
11447,27.720680164040175,0
11448,27.523359747297462,0
11449,27.414024916175,0
11450,28.15770257299184,0
11451,26.50952925646599,0
11452,24.361572547421822,0
11453,25.857250005505314,0
11454,25.304903455800574,0
11455,24.187674070353754,0
11456,23.358605421816033,0
11457,21.74677662235258,0
11458,21.857378927226634,0
11459,22.736288906096107,0
11460,22.328799786498543,0
11461,23.35580490809476,0
11462,24.56839037689767,0
11463,23.220010633000744,0
11464,23.779532151313212,0
11465,24.40999864961838,0
11466,24.35823471890982,0
11467,23.246165330332357,0
11468,24.763032215877793,0
11469,26.247404355785473,0
11470,26.71214322705028,0
11471,28.67000658348002,0
11472,27.609350280153862,0
11473,30.431559281792946,0
11474,27.485125318319003,0
11475,29.271937247686925,0
11476,30.951348629887036,0
11477,30.99892177677011,0
11478,32.19921601503791,0
11479,31.815970410857375,0
11480,31.848785707839145,0
11481,31.911324027080795,0
11482,32.4076958697757,0
11483,34.42827699724368,0
11484,34.07384556771069,0
11485,33.15810010151242,0
11486,32.24747466416659,0
11487,32.44484426987656,0
11488,30.72718549040229,0
11489,33.07532852181462,0
11490,31.56631934556711,0
11491,31.85442779520671,0
11492,29.513730356036454,0
11493,29.227318330994077,0
11494,28.40556943093148,0
11495,29.142914699399928,0
11496,28.054055888863076,0
11497,27.006737245397357,0
11498,26.105602295295153,0
11499,25.916693485388052,0
11500,26.001712926281797,0
11501,23.725791799672333,0
11502,24.485331643776547,0
11503,25.142119812342568,0
11504,23.74587495775766,0
11505,22.405295099903125,0
11506,24.17916615370096,0
11507,20.826057865852633,0
11508,23.19018061257978,0
11509,22.516821449822103,0
11510,22.790251768911514,0
11511,23.934755108515066,0
11512,22.11618948276533,0
11513,23.951850768741693,0
11514,25.48477333622014,0
11515,24.66838137817245,0
11516,27.005366578564935,0
11517,24.498850758184208,0
11518,26.616176432258392,0
11519,26.19556334231945,0
11520,28.699259313549593,0
11521,28.798440808082123,0
11522,28.85635202827861,0
11523,30.18398108562106,0
11524,31.49456421196758,0
11525,30.71704847305974,0
11526,31.78031853640993,0
11527,31.1776099097714,0
11528,32.20241572839954,0
11529,34.13379297072991,0
11530,32.544726177009956,0
11531,33.08424167903876,0
11532,33.462845424269354,0
11533,33.113642705896986,0
11534,33.975862329648194,0
11535,32.621363889933896,0
11536,30.99257236969333,0
11537,30.71482836122651,0
11538,31.767782234405093,0
11539,30.212796724549122,0
11540,29.027560564950235,0
11541,29.648388780968016,0
11542,30.334272089487442,0
11543,28.998305361070525,0
11544,25.694194620864867,0
11545,26.951483567729056,0
11546,27.09644124964287,0
11547,26.176282752113373,0
11548,23.34021086272553,0
11549,25.42545425305732,0
11550,25.0615092544458,0
11551,24.886203321598437,0
11552,24.6004571725714,0
11553,22.644714648798605,0
11554,22.670447834828924,0
11555,22.186819934486962,0
11556,22.82557796050843,0
11557,22.85391575337692,0
11558,23.30115541622207,0
11559,23.681774645662063,0
11560,22.501824479586617,0
11561,23.010446908528152,0
11562,24.97946525155852,0
11563,26.03420135830563,0
11564,25.69088720383189,0
11565,26.52002700238443,0
11566,26.680774330217215,0
11567,26.65294912953252,0
11568,30.261548560116914,0
11569,29.86466610881927,0
11570,31.897076673718036,0
11571,30.560512468826182,0
11572,29.182338623315655,0
11573,31.821543452492502,0
11574,30.749617578545426,0
11575,32.51935062194137,0
11576,32.941334785140356,0
11577,31.948356274322684,0
11578,33.59214303666307,0
11579,33.2498228504252,0
11580,33.50150503460647,0
11581,32.9961935361313,0
11582,35.158779106827296,0
11583,32.480387684495135,0
11584,31.23565578204131,0
11585,31.7061998267585,0
11586,31.849570323898845,0
11587,31.794499911414682,0
11588,30.301146099193566,0
11589,28.602253094882617,0
11590,29.53581102462955,0
11591,28.60457324864431,0
11592,28.352542233698124,0
11593,27.646734354916198,0
11594,27.928100977728825,0
11595,26.888822107267025,0
11596,26.303298090214973,0
11597,25.08976444725227,0
11598,22.735527860323135,0
11599,24.025941639264293,0
11600,23.905347093349743,0
11601,21.79817095735783,0
11602,22.127201503551202,0
11603,22.53629137886652,0
11604,22.12783659901361,0
11605,23.372699498293017,0
11606,23.450578530000048,0
11607,23.654232736448193,0
11608,22.410677407381186,0
11609,25.13182452773337,0
11610,23.845097204647022,0
11611,24.539503720963275,0
11612,24.82085613848876,0
11613,25.933227853444684,0
11614,26.112543670238217,0
11615,27.37280708132753,0
11616,27.406716234113766,0
11617,29.752907811623764,0
11618,26.92674847941891,0
11619,30.36212980967163,0
11620,31.616455408125507,0
11621,30.93645352462758,0
11622,30.889385686098226,0
11623,30.155786484928434,0
11624,32.74307231675385,0
11625,32.015427378982224,0
11626,34.091996049985134,0
11627,33.42191164307432,0
11628,32.01984312370602,0
11629,33.65484098672168,0
11630,33.41354365799123,0
11631,32.16462895691493,0
11632,34.53562792248496,0
11633,33.80019543061709,0
11634,29.326221524390633,0
11635,31.073025303154996,0
11636,29.40673040444499,0
11637,29.901115124645482,0
11638,30.128667748035582,0
11639,29.92042009474025,0
11640,26.51095067934206,0
11641,28.93334646458323,0
11642,27.312008147746422,0
11643,22.337542285139865,0
11644,26.188801246291906,0
11645,25.629016090274554,0
11646,26.101901206318864,0
11647,24.72368932148075,0
11648,21.85432812389951,0
11649,23.536453415899363,0
11650,24.688303607784643,0
11651,21.680791411711166,0
11652,25.048636255724283,0
11653,22.94408818456734,0
11654,23.763682882192438,0
11655,24.12352161698406,0
11656,22.989708688700297,0
11657,21.0048808586931,0
11658,23.61863019393363,0
11659,24.414547627856063,0
11660,25.0297053196551,0
11661,26.367926820322953,0
11662,25.977807783004724,0
11663,26.58166195528624,0
11664,29.101045212562074,0
11665,28.146810849798197,0
11666,28.559570612331864,0
11667,30.493276178516002,0
11668,30.572692323333612,0
11669,30.617085292783017,0
11670,31.890110859440103,0
11671,33.308545325383704,0
11672,30.35578007203426,0
11673,32.059803709481855,0
11674,32.799572272775286,0
11675,33.41631605519342,0
11676,33.15215324084514,0
11677,33.9979823494207,0
11678,34.50342014939142,0
11679,33.44153888525027,0
11680,31.736467210968346,0
11681,31.874704292117165,0
11682,32.91148545327247,0
11683,31.195253593432053,0
11684,29.232857699149257,0
11685,29.43755835205183,0
11686,30.741249156350094,0
11687,30.393791421213923,0
11688,28.71619985997144,0
11689,27.633109815808904,0
11690,26.8118609959103,0
11691,26.87430588362012,0
11692,24.909054390573132,0
11693,24.96102940821208,0
11694,25.325120886174645,0
11695,22.10339793224441,0
11696,23.795954848895015,0
11697,23.30983844501412,0
11698,23.5063040506461,0
11699,23.186032096777215,0
11700,24.958678215706815,0
11701,21.40240097502624,0
11702,23.869419066934427,0
11703,23.781895919793723,0
11704,23.510369466117687,0
11705,23.396392272448725,0
11706,22.607723047819857,0
11707,24.49217447282791,0
11708,26.04228146629719,0
11709,25.439058626348675,0
11710,25.98762533704713,0
11711,28.61568244448285,0
11712,28.553507251685396,0
11713,28.94063126467679,0
11714,29.782947916187272,0
11715,29.293842033819036,0
11716,31.14028566948015,0
11717,30.67617565350193,0
11718,29.62822054337982,0
11719,31.58515196310349,0
11720,33.46326174464655,0
11721,34.57565074590777,0
11722,32.07563915702759,0
11723,32.13286329484462,0
11724,34.726245188878934,0
11725,32.64990626589488,0
11726,34.18166317630448,0
11727,32.58255577986479,0
11728,32.1260657697128,0
11729,31.953890865403842,0
11730,30.72835951160679,0
11731,29.173918175460205,0
11732,30.988423917716524,0
11733,30.437170567290877,0
11734,28.791688335267953,0
11735,28.821336577881635,0
11736,29.44229055764515,0
11737,27.053122429626406,0
11738,26.766980529899513,0
11739,27.90210637515449,0
11740,25.330689631965264,0
11741,26.6666276429055,0
11742,25.09631091730087,0
11743,22.928511490902864,0
11744,22.759030280524076,0
11745,24.150331162519326,0
11746,20.67008925987687,0
11747,24.57104348696162,0
11748,22.081586049541507,0
11749,22.293544554459913,0
11750,24.07404043931498,0
11751,23.978312632539257,0
11752,25.744829273099175,0
11753,23.453857084161946,0
11754,24.510743374040242,0
11755,25.528695026540262,0
11756,25.632885781532625,0
11757,24.714469589953108,0
11758,26.003705147343748,0
11759,28.168236014084453,0
11760,27.050626968748876,0
11761,28.69808403590182,0
11762,29.036865373710516,0
11763,28.50476269312158,0
11764,30.604232019193464,0
11765,31.427261366717484,0
11766,28.958613083213972,0
11767,31.374454138811867,0
11768,33.44824268613536,0
11769,31.726734794674716,0
11770,34.30457790213151,0
11771,34.22993031735429,0
11772,31.08561196339649,0
11773,32.43123551924577,0
11774,32.66367560323748,0
11775,31.401060002040097,0
11776,34.15376071525914,0
11777,32.21124789849384,0
11778,30.811081166689064,0
11779,29.86656853010632,0
11780,30.06384824253166,0
11781,29.46738024903042,0
11782,28.416245009965763,0
11783,27.88701003136152,0
11784,30.11588927466405,0
11785,27.46875443895573,0
11786,25.94070321417379,0
11787,27.002989418079014,0
11788,26.541291222460682,0
11789,24.982203237738627,0
11790,24.147654846446525,0
11791,23.583205636722532,0
11792,22.86509715363939,0
11793,24.46857874444942,0
11794,26.018849198506295,0
11795,21.192575562791028,0
11796,22.73962993800943,0
11797,23.94290940132713,0
11798,22.420835516074277,0
11799,22.48005543068254,0
11800,21.88452771608203,0
11801,21.905206698713187,0
11802,25.770433264275905,0
11803,26.13351940428959,0
11804,25.47291425857625,0
11805,27.77311242620574,0
11806,26.94149150883375,0
11807,29.659342548462114,0
11808,29.18481278678128,0
11809,27.892916188751375,0
11810,29.117953482833684,0
11811,30.167071223373465,0
11812,32.56874246138283,0
11813,29.712394496486173,0
11814,31.346978950743864,0
11815,31.060102857457156,0
11816,31.56316417137306,0
11817,34.422227144255665,0
11818,35.41723920865565,0
11819,33.05943546229506,0
11820,31.936515989350756,0
11821,31.47661932739566,0
11822,34.42780043407158,0
11823,33.87464363985089,0
11824,31.895916044108507,0
11825,31.926422472389138,0
11826,31.170800588499947,0
11827,32.655980283518694,0
11828,30.51117282378021,0
11829,30.17744340147583,0
11830,29.00953679701806,0
11831,27.517989418633054,0
11832,27.36681313248671,0
11833,27.086307675466898,0
11834,26.147974598170286,0
11835,26.077879801941304,0
11836,24.152010335707118,0
11837,25.951693870576015,0
11838,23.077731111989603,0
11839,24.044042399257876,0
11840,24.137382556294007,0
11841,24.768317361646254,0
11842,21.169880368279696,0
11843,22.447889923130756,0
11844,24.914569385417106,0
11845,23.634907787944098,0
11846,23.07295779564483,0
11847,22.652760360185457,0
11848,24.380744624333108,0
11849,25.68227793933962,0
11850,24.391922524633298,0
11851,24.154719480033684,0
11852,25.314171045460924,0
11853,24.040470512039278,0
11854,25.750223579150877,0
11855,27.063596565308572,0
11856,27.687044045260297,0
11857,29.307373085941187,0
11858,29.912589464311225,0
11859,29.183350241247982,0
11860,32.104146268130435,0
11861,30.92362841874295,0
11862,30.786995511772368,0
11863,32.02088971194047,0
11864,31.492672429594194,0
11865,30.991494925317426,0
11866,31.696989890769732,0
11867,32.83732743607737,0
11868,34.07488225961155,0
11869,30.89874543891894,0
11870,32.20356327912336,0
11871,33.28630902899105,0
11872,31.6276314227454,0
11873,31.92627386932929,0
11874,31.67127334346134,0
11875,32.04618335111657,0
11876,30.61143721582178,0
11877,29.737408736839026,0
11878,31.535976615917736,0
11879,28.022501796317094,0
11880,28.27028567944945,0
11881,23.982082454893323,0
11882,26.708515515713525,0
11883,23.699124816914665,0
11884,25.021536280520937,0
11885,22.008492564595,0
11886,24.314114419319456,0
11887,25.052438734689176,0
11888,23.265376989589733,0
11889,23.211778807137463,0
11890,24.423507561456297,0
11891,22.48155160199714,0
11892,23.329838063198334,0
11893,21.60340102624055,0
11894,22.236932476973767,0
11895,21.02327648679301,0
11896,24.07798053148896,0
11897,22.991416038180265,0
11898,24.57327957837347,0
11899,25.377872646563855,0
11900,25.935268765286754,0
11901,25.402773540810205,0
11902,27.008911722160914,0
11903,27.1641416833675,0
11904,27.034427806113918,0
11905,27.061936427608785,0
11906,29.2657243532216,0
11907,29.687556722408612,0
11908,30.509436650786924,0
11909,31.03640080118002,0
11910,31.658423388931798,0
11911,32.78520339553543,0
11912,33.80438723521207,0
11913,32.20481116624264,0
11914,32.155058358844556,0
11915,33.54511527591756,0
11916,33.08446675550636,0
11917,32.604026037218645,0
11918,32.79110738955534,0
11919,31.899447196346216,0
11920,33.11283429211558,0
11921,31.414298476018104,0
11922,32.76973355841871,0
11923,30.075684848011253,0
11924,30.300148693249067,0
11925,30.722783772991065,0
11926,30.106544536721618,0
11927,28.752329624644435,0
11928,28.03921542628784,0
11929,28.680336566069858,0
11930,25.777681156360917,0
11931,23.52923699588867,0
11932,26.86294359120215,0
11933,24.383034654553043,0
11934,23.645958238231984,0
11935,24.01839666381951,0
11936,24.479406675551992,0
11937,23.409249902647712,0
11938,23.066350892876027,0
11939,23.19763772122717,0
11940,24.57343502081532,0
11941,23.035363042249028,0
11942,23.99734065317757,0
11943,24.209167798215287,0
11944,24.37278528293786,0
11945,23.70969934603765,0
11946,23.59655151108024,0
11947,26.636070030656033,0
11948,27.25598948897182,0
11949,26.43299678931089,0
11950,25.28372894512951,0
11951,27.869632715067567,0
11952,28.62717170633508,0
11953,28.741578220494805,0
11954,28.105720224009755,0
11955,30.11706594914773,0
11956,29.56217386109436,0
11957,30.45818382776185,0
11958,31.9111721870492,0
11959,31.71955277240977,0
11960,32.798388514411535,0
11961,32.149088047914674,0
11962,33.042849825545915,0
11963,33.067197811155914,0
11964,33.08620708499039,0
11965,34.43932723363748,0
11966,33.78709959370495,0
11967,32.906314214092276,0
11968,33.259227634205224,0
11969,34.267973023716486,0
11970,30.766297855981527,0
11971,32.51678691149477,0
11972,29.55147512143851,0
11973,27.38608626406347,0
11974,28.70631851168871,0
11975,30.797342766271164,0
11976,29.0879539302512,0
11977,28.37267765084045,0
11978,25.205580799023537,0
11979,29.233074916364163,0
11980,25.169671334098016,0
11981,24.676749463667537,0
11982,26.20157185192887,0
11983,24.252352647737524,0
11984,22.113169880219303,0
11985,23.55351997598502,0
11986,22.71978518804954,0
11987,23.639465078515517,0
11988,23.18229048506466,0
11989,23.48941336693962,0
11990,22.402840449060353,0
11991,21.011612283300572,0
11992,22.829902362237444,0
11993,22.47126753973641,0
11994,24.13372315949115,0
11995,24.911308223548737,0
11996,23.69119392719584,0
11997,25.52631340320299,0
11998,28.358304306152746,0
11999,28.073658068822393,0
12000,28.716065862157723,0
12001,29.057925290890157,0
12002,28.41659513746368,0
12003,32.024488581973365,0
12004,29.407146252463484,0
12005,30.90116266485089,0
12006,31.19870236310834,0
12007,32.23842568805074,0
12008,30.97656261394039,0
12009,31.141297868294355,0
12010,30.613278425154668,0
12011,32.286481754638515,0
12012,31.40692177178623,0
12013,32.03714707406557,0
12014,33.48677871553572,0
12015,31.77045284118464,0
12016,32.32003982646583,0
12017,32.19603933960101,0
12018,32.10264616116834,0
12019,30.318309457624835,0
12020,30.383999377324727,0
12021,29.995265058421094,0
12022,27.643943191725803,0
12023,27.55886975199835,0
12024,28.76629580748396,0
12025,26.74990815133492,0
12026,26.477544636991972,0
12027,25.945997783149586,0
12028,24.082860103522393,0
12029,24.90497081783727,0
12030,23.688904894796533,0
12031,25.031256901826165,0
12032,25.239170254395248,0
12033,24.769354634592872,0
12034,24.331156721041136,0
12035,23.824340944279978,0
12036,23.069705453109023,0
12037,23.136093268758366,0
12038,24.314045647451717,0
12039,23.048920293999974,0
12040,25.048294462377854,0
12041,23.968232751297805,0
12042,23.378555469567374,0
12043,24.221987875905832,0
12044,24.151406699841278,0
12045,27.836195377007513,0
12046,27.245273658510346,0
12047,27.938707512385967,0
12048,27.717651151608194,0
12049,27.124674433091393,0
12050,28.268925603072017,0
12051,30.3513979524465,0
12052,29.062773795169413,0
12053,29.726592762006845,0
12054,32.50304225698856,0
12055,31.10968176025078,0
12056,33.41594146525169,0
12057,31.709492820860543,0
12058,32.089190009489975,0
12059,32.32656580517722,0
12060,34.43383609885428,0
12061,34.834821271100985,0
12062,33.1189042176354,0
12063,33.463526691499844,0
12064,31.13498643997527,0
12065,31.406495530160598,0
12066,31.361311506401737,0
12067,29.888430438484594,0
12068,30.2937308861497,0
12069,31.0595941449192,0
12070,30.068668467802166,0
12071,28.476550825257792,0
12072,26.832338066036613,0
12073,27.578019262378536,0
12074,27.364387229945866,0
12075,27.41114554272935,0
12076,25.490122654924622,0
12077,24.60343088079571,0
12078,24.798324932669118,0
12079,25.66228954945305,0
12080,22.463548554498104,0
12081,23.451805332133308,0
12082,24.928029211361476,0
12083,23.880018950618975,0
12084,21.318335243474518,0
12085,20.59981223265247,0
12086,24.162742711902283,0
12087,23.241322747000858,0
12088,24.027713310922174,0
12089,24.897517609962694,0
12090,25.7296639331113,0
12091,25.37313774812049,0
12092,24.76364318920144,0
12093,26.10152168571003,0
12094,27.98019877323643,0
12095,25.867536404220065,0
12096,26.4879324717372,0
12097,28.892069884194196,0
12098,29.776570933476766,0
12099,29.2656386589622,0
12100,31.928221757616377,0
12101,31.353294594130045,0
12102,32.54453527178478,0
12103,31.825693403539375,0
12104,32.856329450820645,0
12105,32.10476306094781,0
12106,32.14340164588771,0
12107,31.774632066237835,0
12108,32.88594922036776,0
12109,33.44147912637616,0
12110,33.510424470189925,0
12111,32.37306664622366,0
12112,30.330196155936427,0
12113,32.8061997129594,0
12114,32.704916505484526,0
12115,31.376408172779833,0
12116,32.06933042550166,0
12117,31.45040522664899,0
12118,28.004837173877387,0
12119,30.338026754458085,0
12120,27.654089438279865,0
12121,26.819179348197736,0
12122,26.049889945125418,0
12123,25.783320756463176,0
12124,25.949641158300892,0
12125,25.00635312087632,0
12126,26.187162040347943,0
12127,24.17197264056772,0
12128,25.07453378255907,0
12129,21.953691801328866,0
12130,22.386899917124957,0
12131,23.261584467795142,0
12132,22.727233366114312,0
12133,24.933704750580272,0
12134,21.766535059307138,0
12135,22.720808307096878,0
12136,24.432029810422407,0
12137,24.48200119510194,0
12138,23.820265809372007,0
12139,23.847158284452973,0
12140,25.623462452006805,0
12141,25.985670591545134,0
12142,27.827265823362048,0
12143,26.270953613451926,0
12144,26.968933981075722,0
12145,29.85931713920854,0
12146,28.632568151967536,0
12147,31.446769416124823,0
12148,29.464564180537895,0
12149,31.304142514800336,0
12150,32.12635510695809,0
12151,30.767462952669057,0
12152,32.639345726780526,0
12153,32.78866133136932,0
12154,33.12925878209186,0
12155,32.238035364433685,0
12156,32.40171079370457,0
12157,33.16461579182449,0
12158,31.735109305294763,0
12159,32.298060307592955,0
12160,31.31388619740245,0
12161,32.3557005977327,0
12162,31.97582530971415,0
12163,31.76868050613801,0
12164,30.933943136545103,0
12165,30.15393150802527,0
12166,31.379908942104013,0
12167,31.379726731592328,0
12168,29.053209937384754,0
12169,27.805638476487673,0
12170,27.657355281460585,0
12171,26.10574123168145,0
12172,24.346293545011928,0
12173,24.31795444611898,0
12174,25.065651138433864,0
12175,22.97478996566822,0
12176,24.545371924379328,0
12177,22.45581813665003,0
12178,22.295759234712282,0
12179,22.195750071934714,0
12180,22.891722302564798,0
12181,21.799123725337918,0
12182,24.99298418810561,0
12183,22.60047232227185,0
12184,24.56127138542584,0
12185,24.390462091354237,0
12186,24.49595184359857,0
12187,25.50071570255291,0
12188,26.541289674920943,0
12189,25.61042135707909,0
12190,26.21308031080578,0
12191,28.401462876986766,0
12192,27.66187419161119,0
12193,28.06452167841884,0
12194,28.578582377330495,0
12195,31.053154152284716,0
12196,32.12659294808583,0
12197,32.052848166830124,0
12198,31.13456717541439,0
12199,34.080537626438876,0
12200,31.097019844975488,0
12201,33.590361046331964,0
12202,32.10913921252283,0
12203,32.173976716270424,0
12204,33.97758051564978,0
12205,31.72419622212814,0
12206,32.91337533563571,0
12207,33.15399438677205,0
12208,32.703419804558216,0
12209,32.59783331449603,0
12210,32.02552496486598,0
12211,30.687930893946678,0
12212,30.336203789545184,0
12213,28.36880791439977,0
12214,28.708396261366396,0
12215,28.67681370736918,0
12216,26.613159570749353,0
12217,27.464491941595355,0
12218,26.326518880143354,0
12219,26.342345636431503,0
12220,25.893151298325918,0
12221,23.316595945188812,0
12222,24.275075513028632,0
12223,25.332320404927646,0
12224,23.225645901729965,0
12225,22.960302957114028,0
12226,23.1443156183664,0
12227,22.95551372288003,0
12228,24.272316663071752,0
12229,24.801355604053573,0
12230,21.940577212925124,0
12231,22.37828506318829,0
12232,25.63786630758509,0
12233,23.78970138925664,0
12234,25.10611336712396,0
12235,25.0784981920987,0
12236,25.748765439113264,0
12237,26.844166031605447,0
12238,25.3653656902405,0
12239,27.387832512402564,0
12240,29.32763064649387,0
12241,28.476601851640034,0
12242,29.319098312352658,0
12243,30.443421384323948,0
12244,30.028779387451,0
12245,32.39741157586986,0
12246,31.849902414440297,0
12247,32.999643274838284,0
12248,31.323996667204803,0
12249,32.41327163818826,0
12250,31.686996915957494,0
12251,31.685547137215043,0
12252,34.61505912408546,0
12253,32.88874262448446,0
12254,31.389623538748122,0
12255,31.9270000860396,0
12256,31.66838544585905,0
12257,30.853103282103852,0
12258,31.623164553655034,0
12259,31.90772263078449,0
12260,31.80536005301688,0
12261,29.046618375687327,0
12262,29.828516753282685,0
12263,30.12725558020583,0
12264,28.861404109529477,0
12265,27.38968842986968,0
12266,25.80708010685243,0
12267,28.145324166647388,0
12268,25.33286178697776,0
12269,25.37910185182764,0
12270,23.679793686336524,0
12271,24.55032667784436,0
12272,23.219756353363525,0
12273,22.55279302053521,0
12274,23.118756110297834,0
12275,23.03556434276226,0
12276,25.14100110742497,0
12277,22.967907302500784,0
12278,21.918819284661172,0
12279,24.39629498189517,0
12280,24.039866959292258,0
12281,23.924149410258114,0
12282,23.686596577652427,0
12283,25.586688058304624,0
12284,25.141397324952198,0
12285,26.694370675230534,0
12286,27.07640781847104,0
12287,27.996592706296134,0
12288,27.763392802422768,0
12289,31.793758773366083,0
12290,29.203267355080246,0
12291,28.367662373636357,0
12292,30.81150049330365,0
12293,31.504972513120165,0
12294,31.17161502506205,0
12295,32.539564840548984,0
12296,32.01080614397786,0
12297,32.987125431293194,0
12298,33.96129103218715,0
12299,32.78993893760748,0
12300,34.010922000686215,0
12301,33.80479328485569,0
12302,30.496502328162624,0
12303,31.686733866078626,0
12304,31.814911548092624,0
12305,31.9137915996792,0
12306,31.345810195888347,0
12307,30.85050581355432,0
12308,29.247528838383285,0
12309,31.07246948231853,0
12310,28.757110320788552,0
12311,28.473095934063757,0
12312,28.944725230891798,0
12313,26.258313209356533,0
12314,25.272875984464008,0
12315,26.79189319857582,0
12316,25.245187773186167,0
12317,23.296556498311233,0
12318,24.807515542917834,0
12319,23.617496295863422,0
12320,23.27762668480989,0
12321,24.772227237144644,0
12322,23.455410025639644,0
12323,23.06769801892394,0
12324,23.5936241227571,0
12325,22.14792260359074,0
12326,23.558249446726364,0
12327,23.36207520882585,0
12328,23.5111435651021,0
12329,23.98131040848022,0
12330,23.57347767621414,0
12331,24.147474136889176,0
12332,26.814632765955402,0
12333,28.053911427697347,0
12334,25.647559916753234,0
12335,25.748135368566395,0
12336,28.87082313096615,0
12337,28.18411616803223,0
12338,29.47066450063429,0
12339,30.522238316487964,0
12340,31.10579282916195,0
12341,31.306170240202768,0
12342,32.83877250249329,0
12343,32.636401802075206,0
12344,33.5233021389827,0
12345,32.26400371135876,0
12346,33.10151182209387,0
12347,33.15015348518895,0
12348,34.26371700024918,0
12349,33.23701415943867,0
12350,33.71563591983469,0
12351,32.58006585997104,0
12352,32.798006680559915,0
12353,32.61503618338892,0
12354,31.38263940812161,0
12355,29.834492063949273,0
12356,31.31251881499351,0
12357,28.85087204395002,0
12358,29.171952144055048,0
12359,27.431696779442305,0
12360,29.445733945663743,0
12361,27.94951552142716,0
12362,27.069431190708613,0
12363,24.76350326734258,0
12364,24.748763475441358,0
12365,25.152651726271895,0
12366,24.803753365786896,0
12367,24.968173181405884,0
12368,23.98210252175813,0
12369,23.44835055413485,0
12370,22.079633451139138,0
12371,22.784115148937616,0
12372,22.091952297126106,0
12373,24.087286750725294,0
12374,22.65726387066676,0
12375,24.60301071138656,0
12376,23.418166717091363,0
12377,24.00335998233878,0
12378,26.0056786176718,0
12379,23.381477908469172,0
12380,26.431389419172636,0
12381,26.30588746856798,0
12382,25.370653949939594,0
12383,27.947532175851684,0
12384,27.897020835221472,0
12385,26.99755407858501,0
12386,29.747282661039833,0
12387,31.30877045561474,0
12388,31.408749990566317,0
12389,28.739652580592118,0
12390,30.955840443583394,0
12391,32.274936773836565,0
12392,32.4557542042717,0
12393,32.432328403611436,0
12394,33.30132125744469,0
12395,32.28060645731666,0
12396,34.74258239248314,0
12397,32.80840861800136,0
12398,32.0846356670509,0
12399,31.82402375597015,0
12400,30.61464296950977,0
12401,31.860537492035895,0
12402,32.21984720705782,0
12403,32.9728117933042,0
12404,29.984086797763045,0
12405,28.724625864973852,0
12406,30.323322648124915,0
12407,29.722958808199078,0
12408,27.475511149359185,0
12409,27.01955959697409,0
12410,28.52928992810103,0
12411,26.794559526302496,0
12412,26.759814682958947,0
12413,25.314741476057083,0
12414,25.34705436284564,0
12415,24.336515186536797,0
12416,22.660360624126678,0
12417,24.797338335956184,0
12418,24.97948673558752,0
12419,22.762274118214442,0
12420,24.0492869723897,0
12421,23.462413958171624,0
12422,23.508290715170194,0
12423,23.16002815164118,0
12424,24.644281326915223,0
12425,24.35224934900716,0
12426,23.119991601867277,0
12427,25.66053786029583,0
12428,25.715310626148522,0
12429,27.25683090483827,0
12430,27.23195660287059,0
12431,27.425881025235434,0
12432,27.691782083922067,0
12433,29.20000172328849,0
12434,28.950376014644828,0
12435,30.68528036699711,0
12436,30.013124686564197,0
12437,30.85634984619631,0
12438,32.12582501836971,0
12439,32.639229398310654,0
12440,31.676013538121317,0
12441,33.080907511647005,0
12442,33.28713360499137,0
12443,31.917171701809636,0
12444,33.17734039503885,0
12445,34.388755051633076,0
12446,30.83333382855834,0
12447,32.366635711888264,0
12448,32.74492988186292,0
12449,33.445650851997236,0
12450,30.94415057246322,0
12451,31.133024833409465,0
12452,29.526116235929507,0
12453,29.369458127346736,0
12454,30.551102697681255,0
12455,26.370801737335395,0
12456,27.694925511203483,0
12457,28.226550449744185,0
12458,26.11924093497727,0
12459,25.88928395737337,0
12460,25.497420327373945,0
12461,24.721628132497965,0
12462,25.37510903122505,0
12463,25.864259504620144,0
12464,22.79617185894965,0
12465,24.208223128996426,0
12466,22.36033425053214,0
12467,22.54410878879283,0
12468,25.396492890440026,0
12469,24.05565565565112,0
12470,24.413484662480723,0
12471,21.19978149332187,0
12472,22.89064725446952,0
12473,25.04976034235461,0
12474,22.665549813898796,0
12475,26.325125474765564,0
12476,24.558775942791886,0
12477,25.43640597225669,0
12478,25.885753843890825,0
12479,26.555543571737985,0
12480,27.122067392109756,0
12481,29.125040073808083,0
12482,28.858691106219798,0
12483,28.211572954165618,0
12484,31.630096860565605,0
12485,31.114007225785638,0
12486,30.365773672012505,0
12487,32.44084858150489,0
12488,32.78819723743477,0
12489,31.576139825410788,0
12490,32.59836339797164,0
12491,33.42001501316713,0
12492,34.14469196867495,0
12493,31.688519241846098,0
12494,33.69324096192831,0
12495,32.262000094087234,0
12496,33.096622201573034,0
12497,30.831998819540832,0
12498,31.063502340504193,0
12499,31.04753220120691,0
12500,28.72065534124775,0
12501,29.024771858596374,0
12502,27.62776036542501,0
12503,27.81249613694543,0
12504,28.29984618442035,0
12505,26.343541878380453,0
12506,25.622616842256424,0
12507,27.306877581492273,0
12508,26.142704995996002,0
12509,26.077551308808644,0
12510,24.129613683748143,0
12511,23.559390370967947,0
12512,22.682128319268415,0
12513,25.06494504924314,0
12514,21.40446585808216,0
12515,23.729098949427534,0
12516,23.84467803958685,0
12517,22.027756826261143,0
12518,21.804784219572568,0
12519,22.72762624200282,0
12520,22.976633294506847,0
12521,24.915701371787314,0
12522,21.28440894804758,0
12523,25.603933279173443,0
12524,24.689230712162622,0
12525,26.43091314997074,0
12526,25.905028449520163,0
12527,28.89783516094569,0
12528,28.91459222591331,0
12529,28.049598862575056,0
12530,30.984956623830683,0
12531,29.65652730197207,0
12532,31.052244532223277,0
12533,30.585556113905266,0
12534,30.24465787656547,0
12535,32.46383191775612,0
12536,30.88677340240138,0
12537,31.85828669100904,0
12538,32.696017303435994,0
12539,31.840497437587523,0
12540,33.016046255301,0
12541,32.83775543532288,0
12542,35.23781368182647,0
12543,33.43458229650283,0
12544,32.74411369574607,0
12545,32.004738978851876,0
12546,31.18660034909638,0
12547,32.24869179814188,0
12548,29.356131717526935,0
12549,30.40392815483634,0
12550,28.296797798324047,0
12551,28.901906542408287,0
12552,28.832857258874846,0
12553,28.424095135077863,0
12554,25.554085962050493,0
12555,26.50322216226958,0
12556,25.595552803682274,0
12557,26.359156267149636,0
12558,24.7983402665087,0
12559,21.654730896709268,0
12560,24.906103349665827,0
12561,24.080932288779543,0
12562,23.363295894888175,0
12563,22.986734368364633,0
12564,23.16907168328368,0
12565,22.47506651347308,0
12566,22.158022246536227,0
12567,23.726258709035214,0
12568,23.36951747606428,0
12569,23.40802562462795,0
12570,25.065338227746125,0
12571,24.108517489116625,0
12572,25.24433067920581,0
12573,25.791655419917227,0
12574,27.94419100573563,0
12575,27.55006637038154,0
12576,27.927161479415254,0
12577,29.353657933425865,0
12578,28.799191751606887,0
12579,27.94358619286971,0
12580,30.03000685010035,0
12581,30.86196508487468,0
12582,30.175970319574105,0
12583,32.52469799549178,0
12584,33.049425666365785,0
12585,32.24085101552755,0
12586,31.896580442812393,0
12587,33.57197645174032,0
12588,33.77051617389325,0
12589,32.010134632653504,0
12590,33.40729464427601,0
12591,33.212045497807665,0
12592,33.46213031981017,0
12593,32.742485995762195,0
12594,31.094730777589106,0
12595,30.620638820222123,0
12596,30.542214025551523,0
12597,30.28759565147912,0
12598,29.682912787207485,0
12599,27.900073946768376,0
12600,29.470658857234547,0
12601,26.859129904849635,0
12602,27.56662390627491,0
12603,26.216694068157192,0
12604,24.195704059493664,0
12605,24.369988126067458,0
12606,24.80378780082942,0
12607,24.371789204015645,0
12608,23.535883246572148,0
12609,22.740446755523536,0
12610,24.970230003895225,0
12611,21.749538328192124,0
12612,21.69563957536615,0
12613,23.36703738325578,0
12614,24.380869594474984,0
12615,23.987999859905138,0
12616,22.82768726340248,0
12617,23.496883151301397,0
12618,25.01928116462077,0
12619,24.07374441764661,0
12620,25.23656627880149,0
12621,24.512328580357227,0
12622,26.116730117635342,0
12623,26.769410710015208,0
12624,26.96210298644638,0
12625,28.30799936675503,0
12626,28.677326218741868,0
12627,29.545313859431793,0
12628,29.01961962736778,0
12629,30.44737725452287,0
12630,30.086679697498067,0
12631,31.855896471421644,0
12632,32.040015294097856,0
12633,33.050414779619345,0
12634,31.856412880006424,0
12635,32.95865144987499,0
12636,32.99435488461945,0
12637,31.52228287443533,0
12638,33.339521941878886,0
12639,33.018145472649984,0
12640,31.866292295627694,0
12641,31.526068259276666,0
12642,32.111872659212125,0
12643,31.390589794477464,0
12644,31.316200602948122,0
12645,28.90754619856355,0
12646,30.286180431848496,0
12647,29.56765113346181,0
12648,26.349227075842418,0
12649,27.13393000635218,0
12650,27.46287150310921,0
12651,26.10527054479315,0
12652,26.012061919745786,0
12653,23.82327398686097,0
12654,24.38205475655062,0
12655,24.394950436286752,0
12656,22.706857753052077,0
12657,22.80415921140196,0
12658,23.610852313185095,0
12659,22.23350188835565,0
12660,21.84217028782486,0
12661,23.314010907430365,0
12662,22.902774092166766,0
12663,24.213705973728473,0
12664,23.249424869262153,0
12665,24.280440469562905,0
12666,23.107919396951566,0
12667,25.51247408424263,0
12668,25.301347407600403,0
12669,26.076564586157588,0
12670,25.484306527499243,0
12671,28.582480702369626,0
12672,27.473290673460234,0
12673,27.944830056469613,0
12674,30.336450630363462,0
12675,28.687717722917302,0
12676,29.563110636541847,0
12677,30.89717055211732,0
12678,32.231947150333696,0
12679,32.53748252632995,0
12680,31.048039005997765,0
12681,32.700405932457244,0
12682,33.789466825559956,0
12683,33.96921079409762,0
12684,31.903374769171332,0
12685,32.77084711584202,0
12686,32.57467410367441,0
12687,32.06698153927032,0
12688,31.99152382974909,0
12689,31.688822332197525,0
12690,29.64587934040675,0
12691,31.990480152046842,0
12692,31.1699289852058,0
12693,29.389072886414162,0
12694,28.123074258801005,0
12695,29.717611501742613,0
12696,28.319235103397848,0
12697,30.28028182222487,0
12698,27.228344863772506,0
12699,24.024687807011308,0
12700,25.499075522036147,0
12701,23.69737015504657,0
12702,23.03521191576439,0
12703,24.244424861634112,0
12704,23.425827617436568,0
12705,23.54900180758838,0
12706,23.61756859910619,0
12707,23.89911117051645,0
12708,22.721619501367613,0
12709,22.851315884136874,0
12710,25.1985758603317,0
12711,21.546958309683834,0
12712,25.177561295008594,0
12713,24.10095589753526,0
12714,24.33248545143456,0
12715,25.806714657095462,0
12716,26.53505096154806,0
12717,25.83831265361371,0
12718,25.72325842480526,0
12719,28.041886020950034,0
12720,27.58281664814202,0
12721,27.591731444727884,0
12722,28.412851004425782,0
12723,28.342723059534713,0
12724,29.262207619683597,0
12725,31.564024417052504,0
12726,30.461962078791963,0
12727,33.55189167420938,0
12728,32.372565168989105,0
12729,32.11531861574503,0
12730,32.74492277404257,0
12731,31.924146496004386,0
12732,34.694214884537665,0
12733,33.44421896380945,0
12734,35.80855326744274,0
12735,33.330906554690145,0
12736,32.38096722846436,0
12737,29.694634460009983,0
12738,32.72685380212378,0
12739,31.414327087521944,0
12740,30.07526878172646,0
12741,29.794624665138343,0
12742,28.716105931901673,0
12743,29.646296431684263,0
12744,28.75998943674476,0
12745,27.319876479809633,0
12746,28.605458841706543,0
12747,25.50307807802727,0
12748,25.480160228749995,0
12749,24.216887580090606,0
12750,23.789827792187324,0
12751,24.04513299171021,0
12752,21.78081022708286,0
12753,21.528367990032773,0
12754,25.359793845691257,0
12755,21.84603172159432,0
12756,24.09256503538321,0
12757,21.68727126257825,0
12758,24.17358639303906,0
12759,24.937003640805557,0
12760,26.933187118696008,0
12761,21.54670302412621,0
12762,23.079472267913065,0
12763,26.115922142711952,0
12764,26.22571779096904,0
12765,24.3932105159495,0
12766,27.1756774842206,0
12767,26.482933318561976,0
12768,27.114277921201452,0
12769,27.90195266370052,0
12770,28.41911510781725,0
12771,31.377337910873806,0
12772,30.527396311829367,0
12773,29.766059668940674,0
12774,31.29582233990419,0
12775,31.318877659942498,0
12776,32.81113992174991,0
12777,35.33337960487411,0
12778,32.6471945760921,0
12779,31.057472458496587,0
12780,32.867704576316335,0
12781,32.78921295151632,0
12782,33.247523162645884,0
12783,31.2192333342048,0
12784,31.534403019235633,0
12785,31.853470891477414,0
12786,30.093069391145335,0
12787,29.843357239778765,0
12788,28.894637829091376,0
12789,30.49570624682834,0
12790,30.03252289090759,0
12791,29.387966802571107,0
12792,27.259036213637547,0
12793,26.75105758911064,0
12794,27.785272782429214,0
12795,25.88434428534242,0
12796,25.742395401061934,0
12797,25.082202869385274,0
12798,24.11074215136125,0
12799,23.33905606865785,0
12800,24.62310041802407,0
12801,24.622680265880266,0
12802,23.584129912576675,0
12803,23.15808623623819,0
12804,22.42215691222789,0
12805,22.734401272556696,0
12806,22.126918863257334,0
12807,23.87063783298575,0
12808,23.809392621674814,0
12809,24.550117241090906,0
12810,23.13653528768957,0
12811,27.824094678233674,0
12812,25.652479807370728,0
12813,25.729695264886836,0
12814,25.329528143398115,0
12815,26.465766128490944,0
12816,28.688647221018584,0
12817,29.583822439289648,0
12818,31.199876836882314,0
12819,28.876088454754985,0
12820,29.889015246552436,0
12821,29.090123899831426,0
12822,31.49782059470516,0
12823,32.710802801784254,0
12824,34.330436301110694,0
12825,34.200747447474896,0
12826,33.51702072761749,0
12827,32.804892743582855,0
12828,33.58105028287868,0
12829,33.786593472680266,0
12830,31.872782562635848,0
12831,34.319300717325135,0
12832,31.531927463357192,0
12833,32.9207400508105,0
12834,29.995279201249136,0
12835,31.16113204601963,0
12836,30.37124134078734,0
12837,30.31924458236669,0
12838,30.374696682643734,0
12839,27.85166460217784,0
12840,28.106735775452503,0
12841,28.330680429844044,0
12842,26.289063570226478,0
12843,26.718165869729873,0
12844,25.690914356635005,0
12845,27.34737462316889,0
12846,25.412828721565177,0
12847,25.30252107120392,0
12848,22.234232166628914,0
12849,23.894709791315485,0
12850,24.01488917671809,0
12851,24.401837334934804,0
12852,24.640019985727367,0
12853,22.15255327775387,0
12854,23.063513919428107,0
12855,22.332502681541033,0
12856,23.501791703497563,0
12857,24.805168929139725,0
12858,24.09552840419508,0
12859,25.006031534004375,0
12860,26.03931380015709,0
12861,25.448998357173625,0
12862,25.06730803344664,0
12863,26.920159331382393,0
12864,28.917155182409424,0
12865,29.509750035449258,0
12866,27.98983040927975,0
12867,29.672264438420157,0
12868,32.064450451827504,0
12869,31.846137440906965,0
12870,30.922577627550194,0
12871,33.352370977757914,0
12872,32.62553104341673,0
12873,32.42753895061879,0
12874,32.64458962264435,0
12875,32.8542367691952,0
12876,34.28469706046451,0
12877,32.68106535888294,0
12878,32.027889001660675,0
12879,32.77072431758571,0
12880,32.487492653006534,0
12881,33.40923620827871,0
12882,32.34937824746685,0
12883,30.753354241069566,0
12884,29.103073993640756,0
12885,31.367807942145355,0
12886,29.68706214732044,0
12887,29.20798065511273,0
12888,28.24555636240387,0
12889,27.21954976683149,0
12890,26.681625913655356,0
12891,28.56228691092277,0
12892,27.309306983400678,0
12893,25.038068096611678,0
12894,24.727390322185087,0
12895,22.956702931418423,0
12896,24.980446644377402,0
12897,24.74277709588096,0
12898,23.113073140920235,0
12899,20.936554704586115,0
12900,25.309888754684415,0
12901,22.879583825269684,0
12902,22.56926447421274,0
12903,22.523376105962644,0
12904,24.090648103186222,0
12905,22.930405712471664,0
12906,24.84672099687685,0
12907,25.871496865164065,0
12908,26.618689499803498,0
12909,25.161399416890667,0
12910,26.89655540505146,0
12911,27.882691296016752,0
12912,28.254535517204836,0
12913,28.449429906491773,0
12914,28.31449135881754,0
12915,29.36763503682831,0
12916,31.48386923927326,0
12917,31.983657708028417,0
12918,30.571412231575742,0
12919,31.881320768053637,0
12920,31.76437932292315,0
12921,34.03874675884682,0
12922,31.867265380658484,0
12923,34.5490737242152,0
12924,33.584605227061815,0
12925,31.727709774143733,0
12926,32.12242243542577,0
12927,32.42520545670813,0
12928,32.21838894684048,0
12929,33.887301017833536,0
12930,31.824677527433735,0
12931,30.78338918237121,0
12932,30.443443002185273,0
12933,28.858918649920277,0
12934,29.136694492097828,0
12935,29.56766940402242,0
12936,27.843556357015444,0
12937,28.478959021618042,0
12938,26.594760748049563,0
12939,25.703909416816785,0
12940,23.257432378255086,0
12941,23.421893347453455,0
12942,24.232014879533402,0
12943,22.664196000717364,0
12944,23.309631546425823,0
12945,23.664839200293375,0
12946,22.08766377551678,0
12947,23.234438565524144,0
12948,22.914091635359092,0
12949,23.203493807559305,0
12950,21.641048250318185,0
12951,22.26406295148774,0
12952,23.09434727695511,0
12953,23.388854046908556,0
12954,23.717591724758435,0
12955,22.5005737580692,0
12956,27.33741680070534,0
12957,26.50718526224987,0
12958,28.63968508666002,0
12959,28.15453871444483,0
12960,26.533165264367916,0
12961,28.6367722512672,0
12962,28.231239799127437,0
12963,30.359114598811132,0
12964,29.263519184160838,0
12965,30.411975617710713,0
12966,32.27997539453614,0
12967,31.699087003467046,0
12968,32.64142026135157,0
12969,33.88936494679546,0
12970,31.649828751315155,0
12971,33.30342440678748,0
12972,33.16920509684715,0
12973,33.636950361345804,0
12974,31.364738738712134,0
12975,32.594284062502474,0
12976,32.094741408458255,0
12977,32.34360311618825,0
12978,33.08614707064619,0
12979,30.393086864452968,0
12980,27.498583823534418,0
12981,28.924040083975015,0
12982,28.346694190137857,0
12983,29.43550931354773,0
12984,28.74887017964995,0
12985,26.556568029632288,0
12986,26.864434285569025,0
12987,25.919214331466996,0
12988,25.132741299224428,0
12989,26.505109482451836,0
12990,23.482606016041498,0
12991,24.66817638072158,0
12992,24.06606060912609,0
12993,24.012356274845082,0
12994,22.040407208285142,0
12995,22.028089049075618,0
12996,23.257439287928335,0
12997,23.340980258351365,0
12998,22.75549355857069,0
12999,22.38017061011776,0
13000,22.666263387828632,0
13001,23.127686869058046,0
13002,22.91600169102959,0
13003,25.42430564530133,0
13004,25.775071230488592,0
13005,26.659828948350793,0
13006,26.298398699331944,0
13007,27.713058546626023,0
13008,27.03708385622202,0
13009,27.379156487734505,0
13010,30.519504025306063,0
13011,28.90070512519386,0
13012,30.997542822108148,0
13013,31.853142769562755,0
13014,32.08605266804562,0
13015,31.745651488051948,0
13016,33.059974800129005,0
13017,34.14488577627557,0
13018,34.61500255871767,0
13019,33.240376871246944,0
13020,33.27369362999973,0
13021,34.3138370577169,0
13022,32.094061879209136,0
13023,32.49527343050459,0
13024,30.70278074062691,0
13025,34.71101374046973,0
13026,33.484377986123555,0
13027,32.74457854042828,0
13028,30.32685264716941,0
13029,30.25127869503934,0
13030,28.369601608302414,0
13031,27.462036552143537,0
13032,27.800393560218875,0
13033,28.74428456724171,0
13034,28.348268595470163,0
13035,25.26386583253291,0
13036,25.798571480169905,0
13037,25.6595968525277,0
13038,24.723746309352673,0
13039,24.01928891270697,0
13040,23.933295411413383,0
13041,22.14935367336235,0
13042,22.830021428365377,0
13043,21.800500738900574,0
13044,24.556087656611993,0
13045,22.115679155853766,0
13046,23.700096852688436,0
13047,23.33580380633079,0
13048,24.314085632090755,0
13049,23.749049951450846,0
13050,25.471975861638043,0
13051,23.72678416801941,0
13052,27.692724188005425,0
13053,25.44160254973022,0
13054,25.77210931145032,0
13055,29.277528698933647,0
13056,28.340574377221515,0
13057,27.58457372255405,0
13058,27.887416379917852,0
13059,30.905565506076318,0
13060,30.56492801201086,0
13061,31.597850949021765,0
13062,31.4128064895703,0
13063,29.344131743710385,0
13064,31.664804642799627,0
13065,35.805921716508514,0
13066,33.75069906559218,0
13067,32.89414191598092,0
13068,34.26990247501603,0
13069,32.16306663138729,0
13070,33.88497726547948,0
13071,32.54574538573391,0
13072,30.8017125865922,0
13073,33.38489556970028,0
13074,32.88061745906041,0
13075,31.85827962806258,0
13076,30.795416540553244,0
13077,29.889523853470543,0
13078,28.054481104480775,0
13079,28.50531018327471,0
13080,27.738779325149117,0
13081,26.531553015572683,0
13082,26.13765943061844,0
13083,25.547409460478587,0
13084,26.82546074787907,0
13085,24.130655167165983,0
13086,26.566910169780865,0
13087,23.308038624527228,0
13088,22.226955172846335,0
13089,21.962860521089528,0
13090,22.120409035349407,0
13091,24.17522107660436,0
13092,23.326844428214216,0
13093,21.63317935417752,0
13094,23.400429382759665,0
13095,22.61619640547355,0
13096,24.82416962539008,0
13097,22.606209919165153,0
13098,22.81625977050709,0
13099,25.56912636441885,0
13100,25.148995884311123,0
13101,25.539572958986593,0
13102,28.012924698852657,0
13103,26.554049733854853,0
13104,28.263203004386348,0
13105,29.562615032664766,0
13106,28.55222823387837,0
13107,30.819407296387354,0
13108,30.597088211746605,0
13109,31.753585069805784,0
13110,30.847390517261566,0
13111,30.414335869430158,0
13112,31.249509527003102,0
13113,32.3338032203706,0
13114,32.20146915042104,0
13115,33.93416486638662,0
13116,33.353881444861244,0
13117,31.379867417040014,0
13118,34.319596627355054,0
13119,32.68220784896254,0
13120,30.762031518804047,0
13121,30.740600137129665,0
13122,32.185699862215266,0
13123,31.422825029443594,0
13124,30.857413622646646,0
13125,30.421070456642273,0
13126,29.45437850568388,0
13127,30.17005650122499,0
13128,27.931351444698684,0
13129,27.32422037430302,0
13130,27.41198905177855,0
13131,26.32163201250368,0
13132,25.582686253840137,0
13133,26.050353380685447,0
13134,24.539318676049444,0
13135,26.895794617748564,0
13136,23.84648951091729,0
13137,22.29967402736861,0
13138,23.5439041635981,0
13139,24.890339530288937,0
13140,23.47254763166292,0
13141,23.62107107844592,0
13142,23.940640151155584,0
13143,24.567238675575368,0
13144,22.68593676028744,0
13145,24.275505887774905,0
13146,24.20697971677099,0
13147,24.863529552993548,0
13148,25.53927061018365,0
13149,25.647451923274687,0
13150,26.7817377665369,0
13151,29.655034887392855,0
13152,28.309922131496073,0
13153,28.23519454108549,0
13154,28.98605833385777,0
13155,30.16655164850814,0
13156,31.964372705351654,0
13157,31.767843910864695,0
13158,32.611203439783054,0
13159,31.356241285911633,0
13160,32.89308072928151,0
13161,33.58669390467854,0
13162,33.24137041396094,0
13163,34.42592441328662,0
13164,33.859776944897035,0
13165,33.75249679099468,0
13166,33.67547822185134,0
13167,32.8396686330737,0
13168,31.24501107867614,0
13169,30.507174507668413,0
13170,31.386092256700138,0
13171,28.8502454139874,0
13172,31.23920702527585,0
13173,30.220649466511503,0
13174,29.277338177015135,0
13175,29.06868202448136,0
13176,25.456010605184527,0
13177,27.01060262832354,0
13178,27.448182617403184,0
13179,27.696439695070243,0
13180,25.466212411220393,0
13181,26.142397006232773,0
13182,24.22605649405626,0
13183,24.48505358116398,0
13184,23.84513853637503,0
13185,22.467411648089108,0
13186,22.019611167589872,0
13187,22.121602146896954,0
13188,21.886100126821297,0
13189,22.06975575700352,0
13190,23.12446424108597,0
13191,23.23284887546462,0
13192,23.380451528901723,0
13193,23.767226416564593,0
13194,23.706784517513324,0
13195,24.853494902744668,0
13196,26.254310330895603,0
13197,26.055792890534356,0
13198,25.93220992933486,0
13199,26.10116938179092,0
13200,29.00273055501473,0
13201,30.438438106026233,0
13202,29.861207180705005,0
13203,30.779894267448604,0
13204,30.478503434506624,0
13205,29.99678274337895,0
13206,32.127183192403876,0
13207,33.277170059100136,0
13208,31.46112011538398,0
13209,32.14490558907097,0
13210,32.85993657587062,0
13211,33.163575584941796,0
13212,31.588223088371553,0
13213,33.069082206195134,0
13214,33.22928664295174,0
13215,32.75728584642809,0
13216,34.260318276843066,0
13217,31.74532981858039,0
13218,31.03091992318183,0
13219,31.4536602782081,0
13220,29.742772403697074,0
13221,29.14553459332524,0
13222,31.570640272480322,0
13223,28.47172352318893,0
13224,27.178872267028446,0
13225,29.445437891242666,0
13226,26.593804182779127,0
13227,24.213044925785162,0
13228,25.036634859101987,0
13229,28.710783310304897,0
13230,26.625063249794632,0
13231,22.259140995476425,0
13232,22.81618626978762,0
13233,24.561859550996736,0
13234,21.807948070698533,0
13235,23.57622307032597,0
13236,23.70414444858801,0
13237,23.77975534291005,0
13238,23.18453786331933,0
13239,23.645875093452744,0
13240,22.85057115905086,0
13241,23.98050858393506,0
13242,23.896244943438727,0
13243,24.0589948159475,0
13244,27.19280034138181,0
13245,26.809272266250034,0
13246,28.33756685066262,0
13247,28.971441415006343,0
13248,28.094535818800598,0
13249,26.651052536421957,0
13250,27.836030451397686,0
13251,30.922617998145316,0
13252,30.455392966284904,0
13253,31.2056095857733,0
13254,32.46441768216481,0
13255,30.42307200143794,0
13256,32.00373115402641,0
13257,32.667759524325504,0
13258,32.34612105733256,0
13259,32.68658947594568,0
13260,34.02482437030255,0
13261,34.08156352144923,0
13262,32.354863319258534,0
13263,33.32105158382716,0
13264,33.44188037377657,0
13265,30.41996576583389,0
13266,30.65957637283127,0
13267,31.646308423840622,0
13268,31.632726904555614,0
13269,30.40177509701856,0
13270,29.654501958227502,0
13271,29.760097196299856,0
13272,28.406347623785916,0
13273,29.544625574879156,0
13274,25.381665122681298,0
13275,27.958547102073613,0
13276,25.41243140177721,0
13277,26.202144257421622,0
13278,24.601907640358966,0
13279,25.01210667793508,0
13280,23.765616558483224,0
13281,23.616369498192142,0
13282,22.296258793983526,0
13283,23.023295653552363,0
13284,24.253007690726978,0
13285,23.829715266876605,0
13286,22.725614593401655,0
13287,23.682631702706406,0
13288,21.043595776912184,0
13289,23.96729061021285,0
13290,22.94858138722799,0
13291,26.63372458983294,0
13292,27.327744096309775,0
13293,27.930580305249645,0
13294,26.792406499529058,0
13295,27.406041882002203,0
13296,27.860573846780984,0
13297,28.4488294884573,0
13298,30.437942612200644,0
13299,30.491648421044697,0
13300,29.216399302486288,0
13301,29.60663646349747,0
13302,32.87841009620024,0
13303,31.46486694132198,0
13304,31.467740748674945,0
13305,31.803760347875766,0
13306,32.148440193490224,0
13307,32.808285766030295,0
13308,33.58352908453457,0
13309,32.47877335230442,0
13310,32.833783462051414,0
13311,33.62235046928991,0
13312,33.31550752466219,0
13313,34.269614685404626,0
13314,31.306454888757788,0
13315,31.39621999188426,0
13316,30.121139626585446,0
13317,29.982102301027467,0
13318,29.038774014631414,0
13319,30.555354622156297,0
13320,27.667092458130423,0
13321,27.192946242463186,0
13322,26.419888889118567,0
13323,25.850758168465426,0
13324,25.658111357831217,0
13325,25.57544415889617,0
13326,24.344221976549637,0
13327,22.37464645951094,0
13328,26.059801614201085,0
13329,23.569657435583075,0
13330,22.604902915701494,0
13331,22.51926398135497,0
13332,22.364963076321498,0
13333,13.332869261053599,1
13334,14.022518762209184,0
13335,16.341697232026846,0
13336,16.72353502359337,0
13337,15.98562420433969,0
13338,16.70551246787998,0
13339,17.829934908273856,0
13340,17.284024524378996,0
13341,18.837983595682356,0
13342,18.895135913717123,0
13343,18.469461084078443,0
13344,19.87244493570882,0
13345,22.006828392592105,0
13346,21.313414444131265,0
13347,23.379538461338743,0
13348,22.892809029032733,0
13349,23.049093265906837,0
13350,22.0773671827422,0
13351,23.71568530675685,0
13352,25.084749458230018,0
13353,24.185413592043844,0
13354,25.600581201220557,0
13355,24.396865554827052,0
13356,25.602290024623393,0
13357,26.054128225937227,0
13358,24.799893983329856,0
13359,24.972521512942762,0
13360,23.64901493680469,0
13361,23.873986746855277,0
13362,25.240091459014426,0
13363,22.67296208416215,0
13364,21.591798268617712,0
13365,21.62994410402426,0
13366,22.326981473415433,0
13367,20.233513329938475,0
13368,18.528566261071585,0
13369,19.26670700621494,0
13370,18.10263125305999,0
13371,18.100278149224128,0
13372,17.08377423310929,0
13373,16.3698742577325,0
13374,16.429964424657367,0
13375,14.869616650993455,0
13376,15.914867050905446,0
13377,13.93894077480989,0
13378,17.611509840526164,0
13379,15.738061354444776,0
13380,14.334209123356302,0
13381,14.81144664127804,0
13382,14.131413956806323,0
13383,15.783887203835148,0
13384,16.266397318362195,0
13385,17.273042687242622,0
13386,17.720297949376988,0
13387,16.75681104950752,0
13388,17.590866962683947,0
13389,17.88357253204036,0
13390,18.926006031749687,0
13391,20.390670952345374,0
13392,19.994982073514787,0
13393,20.133081555820354,0
13394,21.440739010608596,0
13395,21.482963751212896,0
13396,21.464434493430165,0
13397,22.472134403297776,0
13398,22.59113325148803,0
13399,23.912284722414576,0
13400,24.359457367334237,0
13401,22.743812141448537,0
13402,24.954922159758116,0
13403,25.66418457899943,0
13404,25.32000913489587,0
13405,23.397635096747454,0
13406,24.11041877575389,0
13407,23.433739887466988,0
13408,24.93260790414475,0
13409,25.916002750989428,0
13410,24.08727411332825,0
13411,25.64197947785065,0
13412,22.599065335226094,0
13413,22.346415746916094,0
13414,20.722305938494294,0
13415,20.608180121034874,0
13416,17.579574997927843,0
13417,19.98085723999266,0
13418,19.996465213306237,0
13419,15.355815631368312,0
13420,17.85811512603698,0
13421,16.915369402073466,0
13422,16.493239511314417,0
13423,15.370834867503746,0
13424,15.93018076628812,0
13425,15.02842429166362,0
13426,14.667508260406137,0
13427,15.205142611766792,0
13428,14.065235043620113,0
13429,15.411129179263403,0
13430,17.644430465868233,0
13431,13.962441962388949,0
13432,15.254296487045716,0
13433,14.46865064816778,0
13434,15.077540855628435,0
13435,16.99054546656934,0
13436,17.626516608275715,0
13437,18.262080058090415,0
13438,18.724252777141142,0
13439,18.75574323962998,0
13440,20.909388395927248,0
13441,21.06530858679568,0
13442,21.627384738293603,0
13443,21.157827315813847,0
13444,22.01529706761501,0
13445,22.497383860504787,0
13446,24.216742655844783,0
13447,24.989410157787713,0
13448,25.618078089308135,0
13449,22.884827016683396,0
13450,23.625703348506477,0
13451,25.35888319492143,0
13452,25.028043588712507,0
13453,26.262510498362115,0
13454,25.62881909800238,0
13455,24.180305872367125,0
13456,24.87184150253448,0
13457,23.292168485939193,0
13458,23.86290474986099,0
13459,22.288963564675214,0
13460,21.59172189374195,0
13461,23.191876835025322,0
13462,22.602048455235106,0
13463,18.82815463094151,0
13464,22.88069526275003,0
13465,19.763494588203546,0
13466,19.900659344314644,0
13467,18.262722479251064,0
13468,17.332899858929228,0
13469,18.512010413243978,0
13470,16.977110701435578,0
13471,16.453424876999865,0
13472,17.27284172984973,0
13473,14.656331956663069,0
13474,15.335376290902532,0
13475,15.669006444739033,0
13476,14.890282565755808,0
13477,14.523425987038225,0
13478,16.67996053191959,0
13479,16.825167602050136,0
13480,14.160722756260297,0
13481,16.354866730077784,0
13482,16.256505784806617,0
13483,17.966736576842365,0
13484,18.31288279827039,0
13485,17.54109195720488,0
13486,18.066800562735782,0
13487,18.774470029373596,0
13488,19.727131976124646,0
13489,21.45370190581823,0
13490,21.115415727643136,0
13491,20.924180636770725,0
13492,23.217502960139722,0
13493,24.097784492467724,0
13494,24.74022237446363,0
13495,23.904345556780815,0
13496,25.13677748870654,0
13497,24.124732146569446,0
13498,26.348552791675104,0
13499,23.555588124551715,0
13500,25.97428586962247,0
13501,24.46926797166468,0
13502,24.40935675917262,0
13503,24.157385026346276,0
13504,24.941870275752017,0
13505,24.297520536546834,0
13506,25.254633615000614,0
13507,22.252968990732075,0
13508,23.378485778985233,0
13509,21.433901373705933,0
13510,22.374340758614,0
13511,20.935084235483345,0
13512,21.547455075711934,0
13513,19.22062310697097,0
13514,17.6575534156974,0
13515,20.25518986928833,0
13516,18.440952502337566,0
13517,17.73937795157351,0
13518,16.309474221628637,0
13519,15.814744762839439,0
13520,15.177111349247737,0
13521,15.87073924819398,0
13522,14.62959127460843,0
13523,13.128514975919396,0
13524,15.999407069872095,0
13525,17.15560039077622,0
13526,15.862711748774462,0
13527,13.96954387037127,0
13528,15.007863187741167,0
13529,16.29076333893218,0
13530,17.78690290749633,0
13531,16.71956367887246,0
13532,16.18291632695057,0
13533,18.07578174114516,0
13534,17.233762490301295,0
13535,19.026339878224448,0
13536,20.59356045137634,0
13537,21.0051177590613,0
13538,20.60162642484027,0
13539,21.48598083304961,0
13540,21.91430705512447,0
13541,22.648040964734665,0
13542,23.07766296175257,0
13543,24.438356534112323,0
13544,24.143896494155975,0
13545,25.17389019087883,0
13546,25.703092785056977,0
13547,26.32041617299137,0
13548,27.02512546361369,0
13549,24.826997770468726,0
13550,26.160673798037976,0
13551,23.656155957323193,0
13552,25.778633783116078,0
13553,25.01270453543776,0
13554,23.22494920900118,0
13555,23.04225816746879,0
13556,21.07227967738045,0
13557,21.835859246263635,0
13558,20.081663185261164,0
13559,22.122630062070627,0
13560,20.603481469924617,0
13561,19.171114387828982,0
13562,19.152750137189074,0
13563,17.97700172968201,0
13564,17.44615977008938,0
13565,17.53061161176862,0
13566,15.951047126015771,0
13567,14.673495658629035,0
13568,16.930952740732593,0
13569,15.542804499780766,0
13570,16.23629582079083,0
13571,14.417046150598269,0
13572,15.994359451646844,0
13573,13.113350089898374,0
13574,13.995661008562214,0
13575,14.880439304724367,0
13576,14.433058419719138,0
13577,15.703235123749325,0
13578,16.86609044302045,0
13579,17.354432115394744,0
13580,16.551174146006613,0
13581,18.652314374938058,0
13582,19.624803743001728,0
13583,19.408373319937823,0
13584,19.1293180471318,0
13585,19.566020405852782,0
13586,21.855675270973787,0
13587,21.47592429430753,0
13588,21.429691483016374,0
13589,22.2819253857295,0
13590,22.581750524366406,0
13591,25.808425528928883,0
13592,23.603552103804972,0
13593,25.017979038719783,0
13594,25.40937214247171,0
13595,25.086200287321674,0
13596,24.39986708824709,0
13597,25.148799311307922,0
13598,23.72001399238481,0
13599,24.109482073677786,0
13600,24.331631301280346,0
13601,24.66506191586417,0
13602,23.829480552288995,0
13603,22.636186994677775,0
13604,22.430490318195105,0
13605,21.985960487936605,0
13606,20.79007344868908,0
13607,20.78539094165641,0
13608,18.95468383254,0
13609,18.781738603008286,0
13610,18.55077972284212,0
13611,19.209641363842685,0
13612,16.40230953491265,0
13613,17.785920242554806,0
13614,16.16369130956598,0
13615,15.711716075328054,0
13616,16.43248350125718,0
13617,15.47956125895398,0
13618,16.20811135268341,0
13619,14.114841406578009,0
13620,14.136100404184347,0
13621,14.74191455393962,0
13622,15.044924210315848,0
13623,16.423113028266048,0
13624,17.064692008316044,0
13625,18.418767559167712,0
13626,16.55965925233107,0
13627,16.66970819605126,0
13628,15.76740001984853,0
13629,17.927774752462476,0
13630,18.676005731124654,0
13631,20.95373000244973,0
13632,20.619678921618597,0
13633,21.546105222962737,0
13634,21.829149410340694,0
13635,21.017994490255184,0
13636,21.221353628063586,0
13637,23.27436503243959,0
13638,22.988929637354545,0
13639,22.60308712647619,0
13640,24.24645264427751,0
13641,25.141358854920973,0
13642,25.48231553545919,0
13643,23.68136428149211,0
13644,26.513966286170124,0
13645,24.605848462541715,0
13646,26.402337765683765,0
13647,24.060483197692843,0
13648,24.61522949199948,0
13649,23.40288718923906,0
13650,24.129131359515615,0
13651,21.840147738904975,0
13652,22.504781309250742,0
13653,22.88472478243706,0
13654,21.203660917946024,0
13655,21.523491594096242,0
13656,20.194169542083984,0
13657,20.617036599350918,0
13658,20.224520143879293,0
13659,17.20026404023205,0
13660,17.542203153585703,0
13661,15.760979470604537,0
13662,16.32566811025728,0
13663,15.658610826583457,0
13664,15.373730920393111,0
13665,14.292980012402731,0
13666,17.274067862709806,0
13667,15.211505028966817,0
13668,13.728414136829407,0
13669,15.215352467012,0
13670,15.110318575136905,0
13671,16.126377433097986,0
13672,18.01263348255457,0
13673,17.929028812395586,0
13674,15.572267492254424,0
13675,17.379456048684577,0
13676,17.606472744646755,0
13677,18.626579756587432,0
13678,17.94260616097925,0
13679,18.1997611876432,0
13680,20.824069565364162,0
13681,21.775106595138716,0
13682,21.162647424092608,0
13683,23.18206868724531,0
13684,21.058431408718906,0
13685,22.743905493226688,0
13686,24.239589025842708,0
13687,24.215522587799697,0
13688,23.95458608719831,0
13689,24.45265333414546,0
13690,25.67514061604477,0
13691,22.92082481638969,0
13692,26.14114441014437,0
13693,24.043987514838797,0
13694,25.007562547643243,0
13695,25.282887183747604,0
13696,24.621463743948176,0
13697,24.314961283845644,0
13698,22.72054890752259,0
13699,21.703004559359908,0
13700,24.212231918887728,0
13701,22.086161821239354,0
13702,22.081343658097246,0
13703,21.535372703527397,0
13704,22.159486222337172,0
13705,18.083032364226995,0
13706,21.184538539849967,0
13707,18.585550767355503,0
13708,16.038291217124574,0
13709,15.763471180671615,0
13710,15.696575705125296,0
13711,15.049897613288193,0
13712,15.800778006731354,0
13713,15.506580462990751,0
13714,14.249541407692728,0
13715,15.171002333197084,0
13716,17.182509784579885,0
13717,14.053628726960754,0
13718,15.581586691028736,0
13719,14.571185637374278,0
13720,16.378487269405046,0
13721,16.03396020368374,0
13722,18.025524614911724,0
13723,15.895374165219877,0
13724,16.290172187348105,0
13725,17.848771645142545,0
13726,18.784419579260394,0
13727,19.991790499038036,0
13728,20.405432611775264,0
13729,19.636959224191543,0
13730,20.34645160094724,0
13731,20.97181352904502,0
13732,23.386956242386063,0
13733,22.23255521267479,0
13734,23.483433244527095,0
13735,25.02378931138716,0
13736,24.73117325737133,0
13737,24.285669451254176,0
13738,25.45162524534799,0
13739,25.752416756499088,0
13740,24.625598176771952,0
13741,24.516585614423885,0
13742,23.11105974790872,0
13743,25.353507827830956,0
13744,25.402353551014023,0
13745,24.408624757115856,0
13746,24.269875203064824,0
13747,23.330282135660752,0
13748,21.71228326997336,0
13749,21.90020004822703,0
13750,23.391737421794573,0
13751,21.38122032666364,0
13752,19.32654167386198,0
13753,19.249612149104877,0
13754,18.916004700375467,0
13755,18.62156541300164,0
13756,19.02551901531121,0
13757,16.29970034614838,0
13758,17.05891496052914,0
13759,15.923438249844981,0
13760,15.413504420726392,0
13761,14.219479261849427,0
13762,14.636920210067041,0
13763,14.21595158003152,0
13764,15.077060849950264,0
13765,15.967375210954527,0
13766,13.380108894160987,0
13767,16.107481157698437,0
13768,16.61712558309627,0
13769,16.509733538323168,0
13770,17.38345634944642,0
13771,17.985605528939367,0
13772,17.07224241825254,0
13773,18.14766388812014,0
13774,18.053982812290354,0
13775,20.653070864976716,0
13776,20.470949809584866,0
13777,19.934897589813843,0
13778,20.144142337975442,0
13779,22.486290883351266,0
13780,24.12736410363653,0
13781,23.54908664558545,0
13782,23.30788508358627,0
13783,24.516109715447147,0
13784,26.03472171685241,0
13785,25.28902245479299,0
13786,25.631851734445796,0
13787,24.673291629528684,0
13788,24.87152560266835,0
13789,25.300761663097916,0
13790,24.166178763456603,0
13791,25.11366986526868,0
13792,23.54670227467842,0
13793,26.27625489228812,0
13794,24.473503952780867,0
13795,23.138371019676928,0
13796,23.328690411241478,0
13797,22.33571586652339,0
13798,22.55831861272524,0
13799,20.155030321523977,0
13800,19.7897941075117,0
13801,18.579495068580208,0
13802,19.423031660779916,0
13803,17.624096000993582,0
13804,17.602542676879732,0
13805,17.72118067587047,0
13806,15.610203806788213,0
13807,18.61438380301171,0
13808,15.875613737080812,0
13809,13.747114186061992,0
13810,16.50724919223712,0
13811,12.972962106384315,0
13812,14.167506369884142,0
13813,13.593010459202464,0
13814,16.717650811611424,0
13815,14.608409348640777,0
13816,14.928341145996326,0
13817,16.507997332673458,0
13818,16.60576334901107,0
13819,16.45727065004135,0
13820,16.103432594771654,0
13821,16.724207594166998,0
13822,20.833689161828755,0
13823,20.050203256311125,0
13824,21.574469812486548,0
13825,20.08208321219831,0
13826,22.020279950489,0
13827,22.457553171076867,0
13828,24.010549001761255,0
13829,23.449088074619272,0
13830,23.72278389371144,0
13831,24.417753137543723,0
13832,22.939575561052603,0
13833,24.56791591268669,0
13834,24.5545333448955,0
13835,26.979728238493237,0
13836,24.59610259204379,0
13837,26.245862742798632,0
13838,26.577254501207573,0
13839,24.292027255408406,0
13840,23.350001455153777,0
13841,22.981702874643773,0
13842,24.01598248384159,0
13843,22.406689959204833,0
13844,22.489851596113628,0
13845,22.286748157523142,0
13846,21.378355441709814,0
13847,19.093844799952656,0
13848,18.14847473211621,0
13849,19.14645437870743,0
13850,18.61265175250286,0
13851,17.435424101335638,0
13852,18.741165115976557,0
13853,17.97009676173737,0
13854,16.503047973653654,0
13855,15.807758072190797,0
13856,16.37520930549445,0
13857,15.462567712851628,0
13858,14.077774688722211,0
13859,16.14511874265471,0
13860,14.567369596193346,0
13861,13.914515231969322,0
13862,14.454960600063327,0
13863,13.959011922787898,0
13864,16.04966296375225,0
13865,16.51187828406374,0
13866,14.662207948614713,0
13867,18.708891044392953,0
13868,18.037578083502233,0
13869,18.610633507491364,0
13870,15.996865057852157,0
13871,21.47088047599592,0
13872,22.449984968428762,0
13873,21.47383885574938,0
13874,21.32287792759842,0
13875,21.110575435335942,0
13876,21.614776179432134,0
13877,21.49672494273488,0
13878,22.698801444064106,0
13879,24.71141303672483,0
13880,24.941266844600737,0
13881,25.311055484356164,0
13882,27.029108979605876,0
13883,25.261806233543204,0
13884,24.052682523789695,0
13885,26.024944107613862,0
13886,25.488312788972078,0
13887,25.032625214474212,0
13888,24.070372632590097,0
13889,25.168032822609526,0
13890,23.921488003790042,0
13891,24.55728635900805,0
13892,22.916865914003427,0
13893,20.86035896450393,0
13894,20.918257682610776,0
13895,22.043880228028517,0
13896,19.57263195739969,0
13897,18.90194306781731,0
13898,20.04647723753472,0
13899,18.07824235035565,0
13900,16.368092321981237,0
13901,15.794820712984748,0
13902,16.499847521045016,0
13903,16.558562168973154,0
13904,16.08238763652737,0
13905,15.092681542723653,0
13906,13.46407855468474,0
13907,16.191785110854934,0
13908,15.251268373958574,0
13909,14.857732950974658,0
13910,15.582686707802614,0
13911,13.927590956762474,0
13912,14.521602166473834,0
13913,15.97176732106018,0
13914,15.84788852189282,0
13915,17.621735729594388,0
13916,17.265379012174765,0
13917,17.984735908992523,0
13918,19.02004724291346,0
13919,19.572092402191732,0
13920,20.05733074124721,0
13921,20.361473375887723,0
13922,21.008504582069406,0
13923,22.405524295987576,0
13924,21.8665742919032,0
13925,21.911459606415075,0
13926,22.65971642729341,0
13927,24.92569168584651,0
13928,23.903770760932275,0
13929,24.78360050077294,0
13930,24.969633503946632,0
13931,26.751369124050445,0
13932,24.206079566657156,0
13933,26.090423557373963,0
13934,23.957071715143623,0
13935,25.241406206828383,0
13936,26.002109481435937,0
13937,25.063310440780413,0
13938,23.71597229865535,0
13939,24.7986411395288,0
13940,21.408002702240026,0
13941,21.89020387582633,0
13942,20.87170271941933,0
13943,22.001262989855313,0
13944,20.02953546561853,0
13945,19.348630782786792,0
13946,19.450859447535002,0
13947,17.00222936564747,0
13948,19.506468280580233,0
13949,16.069662007216,0
13950,16.305763817574206,0
13951,15.990180792570339,0
13952,16.32059231081272,0
13953,16.285428706138006,0
13954,14.889748119644372,0
13955,14.296089213607416,0
13956,16.16478933877302,0
13957,16.36000259222859,0
13958,15.259516748067696,0
13959,12.681930120717867,0
13960,16.927137360055728,0
13961,17.788418124140442,0
13962,14.88349943789304,0
13963,16.34700569093536,0
13964,18.459710133890734,0
13965,18.80899036884709,0
13966,18.655986780639328,0
13967,17.498891275239203,0
13968,20.33211789283789,0
13969,21.268344446525337,0
13970,20.37903939429259,0
13971,21.950640553813052,0
13972,22.38845273483406,0
13973,23.343123583798878,0
13974,22.826863874492563,0
13975,25.89496523589557,0
13976,22.95567628363556,0
13977,24.353008511287662,0
13978,25.690995627024435,0
13979,25.328178442950406,0
13980,24.46420513567079,0
13981,23.885284130967452,0
13982,23.948973600941983,0
13983,25.18292264264295,0
13984,24.46612362927539,0
13985,23.030909303655584,0
13986,21.480843483781996,0
13987,23.520552388111245,0
13988,22.449725277548655,0
13989,22.77883427236388,0
13990,18.90044938012889,0
13991,21.26941040986088,0
13992,19.29538887708143,0
13993,19.73695030435772,0
13994,18.055439217670383,0
13995,18.151571790623198,0
13996,15.750606817561916,0
13997,17.877391868296787,0
13998,17.46821457375944,0
13999,15.709107197962119,0
14000,13.711501086815481,0
14001,16.71368977535977,0
14002,16.30324590234122,0
14003,15.301516509000418,0
14004,15.988417204434548,0
14005,14.07398858519962,0
14006,17.070906821713113,0
14007,15.390457832253947,0
14008,18.531665612888943,0
14009,15.65971202244751,0
14010,17.058281995158662,0
14011,16.686965583694178,0
14012,17.708404559783403,0
14013,17.28488969750032,0
14014,18.606305140197385,0
14015,19.861232957653108,0
14016,20.401220753400025,0
14017,21.58201353385482,0
14018,20.162791445537312,0
14019,23.04658864930536,0
14020,20.38894851062341,0
14021,22.68332066324656,0
14022,23.73400121679495,0
14023,22.75897070566576,0
14024,21.412088406860008,0
14025,24.462567334558234,0
14026,24.362489745142938,0
14027,25.6176280924503,0
14028,25.648993494722305,0
14029,23.391965681917192,0
14030,25.172162526013732,0
14031,24.32787953173875,0
14032,23.6902509782104,0
14033,24.964507410838195,0
14034,23.01529267366322,0
14035,23.909088209969582,0
14036,22.32509529635034,0
14037,20.260477181125218,0
14038,21.20199201321437,0
14039,19.45515495947167,0
14040,19.125985675087133,0
14041,17.38515471743442,0
14042,18.158015480714543,0
14043,19.1601773083368,0
14044,18.070006682162983,0
14045,17.139690550910746,0
14046,15.91456792292584,0
14047,14.498173327230806,0
14048,15.42228201529248,0
14049,15.654986048067254,0
14050,14.74436010068855,0
14051,14.082484851289653,0
14052,15.886131889104123,0
14053,15.982845477076422,0
14054,16.002903526560996,0
14055,15.834917139132957,0
14056,15.890501927969918,0
14057,16.77814975144328,0
14058,13.804067239415676,0
14059,17.180359061366136,0
14060,18.329480231056785,0
14061,18.144912244795968,0
14062,17.728964231184165,0
14063,19.178639533466633,0
14064,22.977580978161058,0
14065,21.929076413592075,0
14066,20.363821185151362,0
14067,22.764570473456125,0
14068,24.291015409836856,0
14069,22.174471832305564,0
14070,23.760019019765135,0
14071,22.62867785912197,0
14072,24.191124543477944,0
14073,24.99020083075161,0
14074,25.792744370739847,0
14075,23.730498531057172,0
14076,24.332644150244757,0
14077,25.55208050902905,0
14078,26.270079273586745,0
14079,25.42191184589253,0
14080,25.651091359224726,0
14081,23.771014929503092,0
14082,25.70170595881431,0
14083,21.988938494044845,0
14084,22.381163787427273,0
14085,22.27958242963733,0
14086,19.344977525211547,0
14087,18.67573916188784,0
14088,21.763813926337427,0
14089,19.669316856369193,0
14090,19.636000894140796,0
14091,16.83162088163973,0
14092,15.913666828164517,0
14093,15.134929915361512,0
14094,16.067560675827476,0
14095,14.93504047708046,0
14096,15.88308218977083,0
14097,16.597953699104707,0
14098,15.42510561023813,0
14099,15.530895701873332,0
14100,12.983971826028041,0
14101,13.582232995124457,0
14102,17.37804538704266,0
14103,15.515751484391096,0
14104,15.113707061361033,0
14105,14.257145361210448,0
14106,18.749343988501913,0
14107,15.511709465232729,0
14108,16.808639216812733,0
14109,17.608981176625196,0
14110,17.62402952824871,0
14111,19.77140810270526,0
14112,20.884095147760355,0
14113,21.70355612065189,0
14114,21.332017142339073,0
14115,22.004008372295672,0
14116,20.367341592261187,0
14117,21.840255656367205,0
14118,22.380211552584342,0
14119,24.324201565430712,0
14120,23.188503304925437,0
14121,25.3028460723289,0
14122,24.41557776609237,0
14123,23.45661106171955,0
14124,25.127487529361098,0
14125,26.20640474348217,0
14126,25.628722599720632,0
14127,23.297985782823233,0
14128,25.500347604343204,0
14129,23.388589355118363,0
14130,24.165193069267158,0
14131,22.749929606183155,0
14132,23.139325990383117,0
14133,20.55525513460433,0
14134,21.13311503622025,0
14135,20.252033390944305,0
14136,21.270713327877946,0
14137,18.417591207123174,0
14138,18.386782226839074,0
14139,16.792476569022927,0
14140,17.49533164846087,0
14141,17.35912016696585,0
14142,14.671497878821485,0
14143,14.916207072631172,0
14144,16.37851259101206,0
14145,15.970144575044134,0
14146,16.143327234007298,0
14147,16.529464436454123,0
14148,15.066676628239813,0
14149,14.00617821018221,0
14150,16.3710484666708,0
14151,16.291971890676997,0
14152,14.643266205599868,0
14153,15.017106347992883,0
14154,16.897108908420403,0
14155,17.068758334846734,0
14156,18.770849384179336,0
14157,18.463306409914573,0
14158,18.884928646841164,0
14159,18.647246704900464,0
14160,21.99002030242331,0
14161,20.607418930251935,0
14162,21.095178313885324,0
14163,22.095900102664213,0
14164,22.219179822126502,0
14165,22.72619770583931,0
14166,23.55545165955184,0
14167,24.09330196247373,0
14168,24.001051242838173,0
14169,24.469867013239835,0
14170,23.884602781751042,0
14171,24.6672841520933,0
14172,27.397185771876416,0
14173,25.66834113976336,0
14174,24.91661679305778,0
14175,25.455162410696406,0
14176,24.798537510000436,0
14177,22.936429845176313,0
14178,24.05562181790809,0
14179,21.877508202777427,0
14180,24.661120369545372,0
14181,21.822851657887906,0
14182,21.61114510957498,0
14183,19.969969218041896,0
14184,19.156193391811076,0
14185,19.67725807511328,0
14186,19.24589484831097,0
14187,16.963206714838684,0
14188,17.574683334167048,0
14189,14.886011445516443,0
14190,16.67985028798618,0
14191,15.38063079101468,0
14192,15.621294217301669,0
14193,16.686637669589548,0
14194,16.447269616682647,0
14195,16.055723891871985,0
14196,15.1249125897531,0
14197,14.668649769671473,0
14198,16.390984313319027,0
14199,15.69608125705933,0
14200,16.928315909816366,0
14201,17.246622200401223,0
14202,16.95067490660113,0
14203,16.01084917203769,0
14204,16.458367095579597,0
14205,18.904115989611164,0
14206,17.51383434658882,0
14207,19.99625378361698,0
14208,18.28682287490096,0
14209,20.562807540589613,0
14210,20.02045616932841,0
14211,22.170924482388383,0
14212,21.461589209612164,0
14213,23.05273791449545,0
14214,22.79152849659468,0
14215,23.126423806964453,0
14216,23.94323337570227,0
14217,24.725964490752105,0
14218,23.966615300976766,0
14219,24.27031557919045,0
14220,24.992879178924927,0
14221,23.99784350744382,0
14222,23.80096063771999,0
14223,25.00332587712466,0
14224,23.87296844722474,0
14225,24.428767804209098,0
14226,23.110049451792808,0
14227,24.0228485913372,0
14228,24.001506153921362,0
14229,22.455352065494854,0
14230,21.295182114460847,0
14231,20.06221829661826,0
14232,21.036478948799488,0
14233,18.93424784986518,0
14234,19.636677260305554,0
14235,17.866903824014226,0
14236,18.20967481823384,0
14237,16.30627489721697,0
14238,14.429679261140341,0
14239,16.604224084222185,0
14240,15.197498147293777,0
14241,17.683668893607805,0
14242,14.157285786201168,0
14243,15.824571724969871,0
14244,16.648985070406987,0
14245,15.503906879904651,0
14246,14.879907214121134,0
14247,17.241461671590773,0
14248,15.404652330776209,0
14249,17.37633588014487,0
14250,13.370265088539005,0
14251,17.186772846283606,0
14252,17.305522502219155,0
14253,17.419756368894948,0
14254,17.49905189497608,0
14255,18.268055074142296,0
14256,21.591431354628604,0
14257,20.607102629955783,0
14258,21.374810856091777,0
14259,22.706979621106647,0
14260,23.119425483385193,0
14261,21.601011764743877,0
14262,24.822358043272207,0
14263,23.587409350923437,0
14264,25.429631478807206,0
14265,23.788607575416652,0
14266,24.018334846323892,0
14267,24.8878359873336,0
14268,26.355641401862357,0
14269,24.667003282749093,0
14270,25.59018432500796,0
14271,24.96716116970268,0
14272,22.396182653283272,0
14273,23.48458751439914,0
14274,21.538216157637365,0
14275,22.83222075179764,0
14276,22.504010844883528,0
14277,21.964545964417965,0
14278,20.496607269521665,0
14279,23.12028442712953,0
14280,20.978068001678235,0
14281,19.646783928376596,0
14282,17.90113772818411,0
14283,16.306532011424267,0
14284,17.211710469609283,0
14285,16.947159080891826,0
14286,16.564267832729033,0
14287,15.210390025726602,0
14288,14.862732309320235,0
14289,14.845653126308884,0
14290,15.413779654031876,0
14291,14.704340558011545,0
14292,15.205680967801984,0
14293,14.862697892541238,0
14294,13.177332546988078,0
14295,16.338967574770173,0
14296,13.979498343307545,0
14297,14.90186528940807,0
14298,16.52398184991227,0
14299,15.300547403060138,0
14300,16.966534943097088,0
14301,17.021748481249436,0
14302,19.48206939294173,0
14303,20.058905093891507,0
14304,21.58366334195234,0
14305,20.81227654410512,0
14306,21.496499614033564,0
14307,21.43194881451259,0
14308,21.13070735051256,0
14309,23.940383668863447,0
14310,23.857139335105693,0
14311,23.63903416953201,0
14312,24.60609812972087,0
14313,23.994101498279186,0
14314,25.98452854577098,0
14315,23.27504481362673,0
14316,23.818362423207766,0
14317,23.91071338885659,0
14318,24.779982209911218,0
14319,23.7602139211504,0
14320,26.06473459450966,0
14321,23.426196819531352,0
14322,23.483406223251514,0
14323,21.87004704534959,0
14324,22.02777501402392,0
14325,21.18410511712593,0
14326,21.185918017691268,0
14327,18.764525399293618,0
14328,18.597563002238175,0
14329,21.058280377017212,0
14330,17.800301598073744,0
14331,18.014200091492132,0
14332,18.9073449497919,0
14333,16.63137913617005,0
14334,17.31967720155033,0
14335,16.522218552562443,0
14336,15.354710955192065,0
14337,15.94565826321838,0
14338,16.74730010171759,0
14339,15.52220569299433,0
14340,15.44665161232413,0
14341,14.459137017126059,0
14342,15.599540133513667,0
14343,15.359832472364658,0
14344,14.602491527052244,0
14345,14.951020362156912,0
14346,15.470736483854552,0
14347,17.381934126305758,0
14348,17.01147713076726,0
14349,17.93365661205511,0
14350,17.302871662774272,0
14351,20.593518881265812,0
14352,18.637371462715635,0
14353,22.05008633806965,0
14354,21.597286245700055,0
14355,21.17429640273323,0
14356,23.510229498279642,0
14357,23.74000432802081,0
14358,23.250279014878284,0
14359,24.457657955373236,0
14360,26.190283258356025,0
14361,24.64746268001329,0
14362,25.217952251973905,0
14363,25.119895256747043,0
14364,24.613038909140858,0
14365,24.864108102086075,0
14366,25.77758521071514,0
14367,24.797549088697416,0
14368,24.506101812324328,0
14369,24.963467181967903,0
14370,23.18632377285243,0
14371,24.286686007356966,0
14372,23.21789132434972,0
14373,22.310253681118848,0
14374,21.53376832035653,0
14375,20.21106179602251,0
14376,18.834205940743676,0
14377,19.016879669637746,0
14378,18.9393622793491,0
14379,17.381592098802336,0
14380,16.540316160750216,0
14381,17.40589360740801,0
14382,15.964249176507602,0
14383,16.746817276239508,0
14384,16.11873807224748,0
14385,14.81759315224233,0
14386,14.918278567130315,0
14387,15.83629865262457,0
14388,14.117052291794291,0
14389,15.698814022456833,0
14390,15.285499198293422,0
14391,15.618452598647528,0
14392,16.709630035551758,0
14393,15.571842578860778,0
14394,14.328835919423325,0
14395,16.864673325105585,0
14396,17.970210030984422,0
14397,17.27551602997453,0
14398,21.674434483789685,0
14399,19.421161379944895,0
14400,19.705486155231558,0
14401,20.792667154401848,0
14402,23.426469730615054,0
14403,21.609628057258156,0
14404,23.992942933233703,0
14405,23.76254605977322,0
14406,21.713489864267235,0
14407,21.203238546007665,0
14408,27.439024420274535,0
14409,23.947978706171547,0
14410,26.60387326039496,0
14411,25.797414007751563,0
14412,27.378360199967005,0
14413,24.484984838686312,0
14414,23.274666314918377,0
14415,23.29785993744629,0
14416,23.19165398551295,0
14417,23.5588974737727,0
14418,24.83807338647698,0
14419,20.791141929405853,0
14420,21.365366813117937,0
14421,23.074929702328546,0
14422,21.17842132567455,0
14423,21.11761121418892,0
14424,19.30132640454323,0
14425,16.799701409187453,0
14426,18.91300704954357,0
14427,17.89367576293813,0
14428,17.605459846398542,0
14429,17.088886025893498,0
14430,16.7330040068641,0
14431,16.052657809729467,0
14432,16.02381344502581,0
14433,14.299836017430485,0
14434,17.0679797673135,0
14435,16.150608351821933,0
14436,14.52596302194606,0
14437,13.93840546739356,0
14438,16.282717452750454,0
14439,16.449274357391054,0
14440,15.010672879654576,0
14441,15.077554493424417,0
14442,16.94636924817848,0
14443,14.802680756702564,0
14444,17.35087172760523,0
14445,17.590675019009907,0
14446,20.436677338905707,0
14447,18.384778094633994,0
14448,20.341601487877092,0
14449,19.844895974887137,0
14450,18.48933360663568,0
14451,23.764239905424134,0
14452,21.15154424319569,0
14453,21.949665311771778,0
14454,24.575212786438648,0
14455,24.34365812806062,0
14456,23.53783131916113,0
14457,24.015405309915526,0
14458,24.660652878182592,0
14459,23.538994386244497,0
14460,24.65286566220692,0
14461,24.677711258506367,0
14462,25.629671949246465,0
14463,25.596194706820334,0
14464,25.99505943428862,0
14465,25.061406747914006,0
14466,24.329555357852527,0
14467,23.254272893666265,0
14468,21.9761847986289,0
14469,21.14324160615621,0
14470,21.47598484250609,0
14471,20.717546985084894,0
14472,19.668921488757622,0
14473,18.151668160405016,0
14474,19.308997839212655,0
14475,17.454748574516035,0
14476,18.433806767727834,0
14477,16.70316192251985,0
14478,18.206452144269594,0
14479,16.23331176913532,0
14480,16.18063432533492,0
14481,14.40531079611219,0
14482,15.637431665872555,0
14483,15.621767123723062,0
14484,14.986347276500489,0
14485,14.473105520197082,0
14486,14.44590952096337,0
14487,17.08498715495463,0
14488,14.156037919376136,0
14489,15.7216501200454,0
14490,15.741394716527639,0
14491,18.15038604200307,0
14492,17.60680499323924,0
14493,17.40553703046183,0
14494,17.03427493699569,0
14495,20.121155531673967,0
14496,21.248000658140697,0
14497,20.347120544388,0
14498,21.77620110707343,0
14499,22.31911623908987,0
14500,23.224499901050883,0
14501,23.223436488901744,0
14502,21.990457475985433,0
14503,24.059715403080038,0
14504,24.40120329588744,0
14505,24.431355041103867,0
14506,25.49400068947229,0
14507,26.05933225792637,0
14508,26.094340799608386,0
14509,25.97182314707122,0
14510,25.03151396737,0
14511,25.239141352829773,0
14512,23.840274972809038,0
14513,23.369590805785073,0
14514,24.328941576874147,0
14515,24.026256581154993,0
14516,22.3795805131002,0
14517,20.996218433575127,0
14518,22.118467510665102,0
14519,20.173511636057942,0
14520,20.17388484513825,0
14521,17.778671178450924,0
14522,18.91783602582443,0
14523,17.487541228483238,0
14524,16.943504398200457,0
14525,17.96391418392565,0
14526,16.525150662831706,0
14527,16.05840062980802,0
14528,16.220920482766704,0
14529,15.831707240747232,0
14530,14.332585291455475,0
14531,14.501543248227726,0
14532,14.747502856273208,0
14533,15.041727378955883,0
14534,15.244007694455497,0
14535,13.341741543770137,0
14536,16.304630523775703,0
14537,17.329704722436112,0
14538,14.478968681106366,0
14539,16.288045102682556,0
14540,17.030981161616694,0
14541,17.30513038954335,0
14542,18.709435005694985,0
14543,17.615209837740114,0
14544,20.040243792105496,0
14545,20.652466713941873,0
14546,19.886845952026352,0
14547,19.79751651923226,0
14548,22.808524630457995,0
14549,22.09678448663483,0
14550,24.87214156031552,0
14551,24.051768137871075,0
14552,23.570768227690195,0
14553,25.90936447815587,0
14554,24.851168849260173,0
14555,24.36921943080408,0
14556,24.46594868993708,0
14557,24.144342952465752,0
14558,24.56498604200367,0
14559,23.83847411798601,0
14560,24.4612567911977,0
14561,24.59844422215988,0
14562,23.37080921093335,0
14563,23.82124823373748,0
14564,21.556086437791315,0
14565,21.06037648098599,0
14566,20.706118749827912,0
14567,20.27778246629027,0
14568,21.226714088603423,0
14569,18.93228496896448,0
14570,17.8595385417606,0
14571,18.631094746775748,0
14572,14.863156742569208,0
14573,17.710212046524877,0
14574,14.572826837215883,0
14575,15.38958888249951,0
14576,15.097080844996782,0
14577,14.338447651669977,0
14578,13.854107703384466,0
14579,16.25988644342233,0
14580,12.222566386483159,0
14581,14.465468152338108,0
14582,14.36452804391908,0
14583,15.607102383625532,0
14584,13.409622835545116,0
14585,16.379493512180655,0
14586,18.344547222023387,0
14587,17.608616604098085,0
14588,18.15133009573099,0
14589,18.175840279841193,0
14590,18.946073222780832,0
14591,19.595721671068794,0
14592,20.302605587367985,0
14593,21.00172866608635,0
14594,20.783094741499774,0
14595,20.03425995417844,0
14596,23.930162210044305,0
14597,24.31767363712139,0
14598,23.344310107673895,0
14599,25.573785523918133,0
14600,22.225954665693976,0
14601,24.590367840647573,0
14602,26.048533999790408,0
14603,24.481312909202348,0
14604,26.00904966517299,0
14605,24.374050582681075,0
14606,27.02510247777212,0
14607,25.909884323454673,0
14608,24.88826478810461,0
14609,22.92936432258111,0
14610,23.20719582207818,0
14611,22.263905095954918,0
14612,21.796217451808456,0
14613,21.9139693341692,0
14614,22.40597551432864,0
14615,19.059299559648075,0
14616,21.10489251723412,0
14617,18.161682148307893,0
14618,16.377005923191053,0
14619,18.898309090622654,0
14620,18.099062625080446,0
14621,16.54150065992289,0
14622,16.203851819194153,0
14623,15.34276155322201,0
14624,15.529053770979473,0
14625,14.579523140911114,0
14626,14.68541504560835,0
14627,14.400413567668535,0
14628,16.7079354265974,0
14629,15.32803344036683,0
14630,13.723001990943457,0
14631,15.20534849520314,0
14632,14.488363871883093,0
14633,16.260501672756554,0
14634,16.760150383680283,0
14635,17.65002098074574,0
14636,16.092695794137185,0
14637,19.19886902798775,0
14638,19.4640063844898,0
14639,19.352909544878067,0
14640,21.812955704795744,0
14641,19.826987537080633,0
14642,22.34402799054344,0
14643,22.705209226475755,0
14644,22.23490555206591,0
14645,23.016199156308943,0
14646,23.11208831014773,0
14647,23.79145240671859,0
14648,24.680820472200125,0
14649,24.900959691653917,0
14650,26.25876689250111,0
14651,24.40232720634861,0
14652,25.6172391167518,0
14653,24.874949043526023,0
14654,25.73418521886704,0
14655,23.894814323388044,0
14656,24.316121263555704,0
14657,24.517368769527824,0
14658,22.329671655256238,0
14659,23.9268549891663,0
14660,22.710615859971853,0
14661,20.961075943969153,0
14662,21.051452728137743,0
14663,19.226202003340443,0
14664,20.591920976294794,0
14665,19.311410672216677,0
14666,17.342613244826076,0
14667,20.004979618303786,0
14668,18.31391846946293,0
14669,17.647428084916292,0
14670,15.358387500972826,0
14671,14.705244798412233,0
14672,16.5629441906408,0
14673,15.831777030946641,0
14674,15.47940015219638,0
14675,13.537314696534462,0
14676,15.38911504012529,0
14677,15.720843904313277,0
14678,16.282923072646824,0
14679,13.49004775050315,0
14680,14.830499653288209,0
14681,16.61360567421917,0
14682,15.209923101624115,0
14683,15.864819459621463,0
14684,18.60804295709203,0
14685,17.694832474018337,0
14686,18.633065808602375,0
14687,18.53744976839789,0
14688,20.339499965776472,0
14689,19.535020647568196,0
14690,19.88774823072978,0
14691,22.20112484181166,0
14692,22.549175046271934,0
14693,23.16825819329376,0
14694,24.138744998533156,0
14695,23.68988317434528,0
14696,24.42760369940719,0
14697,27.50255919291748,0
14698,25.36589660602405,0
14699,24.561863434825522,0
14700,24.670827700270753,0
14701,25.012417904949587,0
14702,25.211103118074416,0
14703,24.235740745670682,0
14704,25.147005207523076,0
14705,24.158197814336297,0
14706,23.435751572443138,0
14707,23.81537320538422,0
14708,21.292768070175,0
14709,20.965643450596353,0
14710,21.87496876114627,0
14711,18.821759309853228,0
14712,19.268797225674245,0
14713,18.68356598609062,0
14714,18.711210805017163,0
14715,16.233086143627084,0
14716,19.691554647791886,0
14717,16.048796873485532,0
14718,16.510194007925445,0
14719,17.413004774530773,0
14720,17.060124545058017,0
14721,15.668370535362993,0
14722,15.995528017707457,0
14723,14.178086129190294,0
14724,14.035418272664106,0
14725,14.0906652698704,0
14726,14.586234440689845,0
14727,15.3120389486741,0
14728,16.786422730574436,0
14729,16.97595555798655,0
14730,16.94946936786402,0
14731,18.322900280431824,0
14732,17.694069502213544,0
14733,18.084724553030807,0
14734,18.842718726318843,0
14735,20.128468427644908,0
14736,19.765273414720888,0
14737,20.81900525761359,0
14738,21.38656461429148,0
14739,21.085290337325542,0
14740,22.03745881393486,0
14741,23.27193765072403,0
14742,23.559529668983778,0
14743,23.16229796211403,0
14744,25.181487774650414,0
14745,26.441425658139092,0
14746,24.803226149615462,0
14747,24.315322972890073,0
14748,24.316280527919385,0
14749,25.440911897624765,0
14750,26.422737628381206,0
14751,24.461803898372178,0
14752,24.226830275829656,0
14753,23.575888698879808,0
14754,23.516872722183926,0
14755,23.55233363895475,0
14756,22.133096225117534,0
14757,22.247634074596586,0
14758,20.251407132748184,0
14759,19.00542437648138,0
14760,20.45222099680733,0
14761,19.052993658366002,0
14762,18.85516830068094,0
14763,18.765463532095765,0
14764,17.864352369633984,0
14765,14.839290589623474,0
14766,18.51895431617955,0
14767,15.886489613312463,0
14768,15.884826963323206,0
14769,14.598832335561157,0
14770,15.133861330222151,0
14771,14.668102525113774,0
14772,15.878093098997544,0
14773,13.826176054117923,0
14774,14.84758760526743,0
14775,15.859118579907937,0
14776,15.946851778686527,0
14777,15.010745297621053,0
14778,16.363030433354034,0
14779,15.428884816065548,0
14780,16.98034592471683,0
14781,18.577633093816434,0
14782,19.18626567854561,0
14783,18.704133737084142,0
14784,21.064318643972836,0
14785,20.809996521612867,0
14786,21.69308635804618,0
14787,21.51445693270288,0
14788,22.104172490512607,0
14789,22.951256308308754,0
14790,23.40550490903232,0
14791,23.196073849171274,0
14792,24.50718341054302,0
14793,23.420091250321153,0
14794,23.03487176340549,0
14795,25.683347278187714,0
14796,23.519362455456875,0
14797,24.13050432326481,0
14798,23.129453939504952,0
14799,26.26184385060418,0
14800,23.170300976976552,0
14801,23.575808051477573,0
14802,23.646251662722577,0
14803,22.95308192499631,0
14804,21.74335737396641,0
14805,22.014322542985607,0
14806,21.053579135670866,0
14807,19.193362076879243,0
14808,20.176996081295542,0
14809,19.33528417682762,0
14810,19.462822758978263,0
14811,18.244350830146306,0
14812,16.3283523329921,0
14813,17.05429946142879,0
14814,15.830730712050666,0
14815,17.50767279332109,0
14816,17.861663640436053,0
14817,14.052123002095563,0
14818,14.540560116773715,0
14819,13.419315318136654,0
14820,15.888292439202086,0
14821,15.508051273375147,0
14822,13.662985678375707,0
14823,15.479900812233117,0
14824,15.809279023675318,0
14825,14.107812600716962,0
14826,16.000375685453083,0
14827,15.702408241015299,0
14828,16.42512659764717,0
14829,17.731784780316847,0
14830,17.54947224045937,0
14831,18.239998259092413,0
14832,20.46404379579193,0
14833,20.775467714450404,0
14834,20.632800655338148,0
14835,22.755393742686095,0
14836,20.65423342677597,0
14837,23.94755496890881,0
14838,22.876046209274126,0
14839,24.006720136216664,0
14840,23.895458937354757,0
14841,24.08949002541225,0
14842,26.620540726701883,0
14843,25.98434876140924,0
14844,22.910180355672352,0
14845,25.376502792051507,0
14846,24.811458753491614,0
14847,24.51480617781233,0
14848,23.16519492573993,0
14849,23.263047210783828,0
14850,21.94830518079391,0
14851,23.734106584328323,0
14852,20.972822520223293,0
14853,22.29648634849817,0
14854,21.63552775825181,0
14855,19.210481495998636,0
14856,20.35218815841831,0
14857,20.28866496399157,0
14858,18.39494647989951,0
14859,16.717801791697426,0
14860,17.047083939016513,0
14861,17.02656311973093,0
14862,14.815327085954596,0
14863,14.695676184358394,0
14864,16.318115679466928,0
14865,14.597000427908615,0
14866,14.725728181114828,0
14867,13.571115927561262,0
14868,14.094251309501914,0
14869,14.046953580560155,0
14870,15.297615839594775,0
14871,14.972225479468118,0
14872,14.66740290777596,0
14873,16.518228813878867,0
14874,16.765247072035272,0
14875,19.729086349781056,0
14876,17.407405423445436,0
14877,17.6060142132422,0
14878,17.294650649503673,0
14879,20.690863656245572,0
14880,18.573979713168857,0
14881,20.313872127841684,0
14882,21.836372099504825,0
14883,21.446718542680735,0
14884,23.233253008841004,0
14885,23.053190564877628,0
14886,24.63976595622178,0
14887,24.01830401452552,0
14888,25.637060214964507,0
14889,24.67910294881795,0
14890,25.086799167183436,0
14891,25.9869319892474,0
14892,26.281983857253355,0
14893,24.299841812266617,0
14894,23.249899585749535,0
14895,25.095325379332895,0
14896,25.650089863868658,0
14897,24.46377523121742,0
14898,23.497921772380586,0
14899,21.63406854933155,0
14900,22.736240036243387,0
14901,21.554897413781188,0
14902,21.402779508397263,0
14903,22.639925204990327,0
14904,19.439858466134705,0
14905,19.763625212185676,0
14906,18.319971628264252,0
14907,18.22662487370146,0
14908,16.590710759276888,0
14909,16.82569315691439,0
14910,16.477684408593454,0
14911,17.855686135412114,0
14912,15.025677398386184,0
14913,14.374928775769932,0
14914,14.923821618079055,0
14915,14.12551177641537,0
14916,14.330834815427082,0
14917,14.288103627820982,0
14918,15.151430034008063,0
14919,14.585104425723188,0
14920,15.757324950220296,0
14921,16.450333136719582,0
14922,16.341163848360175,0
14923,15.627215319146636,0
14924,19.058588086914618,0
14925,17.93901426479961,0
14926,19.083827588659556,0
14927,19.281766421067275,0
14928,20.961127012322656,0
14929,19.9695182939872,0
14930,21.06965639921008,0
14931,20.50727605520112,0
14932,22.493064583337702,0
14933,23.87970621992094,0
14934,23.19261233934603,0
14935,23.996026122018637,0
14936,25.138349979891526,0
14937,25.36938974172942,0
14938,24.87297818943077,0
14939,24.08296856860666,0
14940,24.33509385177032,0
14941,25.33578190844657,0
14942,24.92949388911056,0
14943,25.296395811644018,0
14944,24.871771821132697,0
14945,24.27956984715893,0
14946,22.45488866223239,0
14947,21.356594486409826,0
14948,22.98314972069025,0
14949,20.40798658798684,0
14950,21.458481681620622,0
14951,20.442116682225354,0
14952,21.108160226035597,0
14953,17.71119928179428,0
14954,18.14123472142611,0
14955,18.0884177065669,0
14956,16.846634211776514,0
14957,16.325141392274972,0
14958,16.708558392300638,0
14959,16.11486966309085,0
14960,14.878483169474086,0
14961,16.004628777899583,0
14962,15.724642018729543,0
14963,15.197590875287194,0
14964,14.028723345698468,0
14965,15.898257559650812,0
14966,14.090076632407646,0
14967,15.237679308581182,0
14968,16.362552811111275,0
14969,15.626678211668668,0
14970,17.04050399735375,0
14971,18.420063721389237,0
14972,18.752559856096017,0
14973,17.579542984520415,0
14974,17.360718842741875,0
14975,20.539619195194412,0
14976,20.159190168933726,0
14977,20.839511200555478,0
14978,20.292611438293015,0
14979,23.640264648657247,0
14980,22.886773334366865,0
14981,23.079287467897167,0
14982,24.443184766552967,0
14983,23.293453324171743,0
14984,23.833297190078273,0
14985,23.566901710887088,0
14986,25.804624209198984,0
14987,26.179797176810048,0
14988,25.359484629840352,0
14989,24.773857910019057,0
14990,24.551136323759486,0
14991,24.468733665027248,0
14992,23.248314243602117,0
14993,23.896265996141064,0
14994,23.351821207434806,0
14995,23.065359563578273,0
14996,23.206322742834324,0
14997,20.352783639745173,0
14998,22.19779201354522,0
14999,18.294081038618486,0
15000,19.92614398965173,0
15001,19.48137404749278,0
15002,18.982377785016087,0
15003,18.703126225961782,0
15004,18.08166454281938,0
15005,16.783997163876645,0
15006,16.29974577034003,0
15007,16.757807663473002,0
15008,14.755360081328368,0
15009,17.10145625954011,0
15010,14.918530713991842,0
15011,14.726751353597413,0
15012,16.144935077549,0
15013,15.602761254655658,0
15014,14.738393871540696,0
15015,14.359538348768744,0
15016,15.670629576905226,0
15017,14.81282594351315,0
15018,17.15364718555202,0
15019,15.713391473683881,0
15020,19.032334792449635,0
15021,18.490012008242598,0
15022,19.063139738025967,0
15023,18.594350612769073,0
15024,19.74307854376209,0
15025,22.83567762617619,0
15026,20.59213003299238,0
15027,21.208237290927627,0
15028,21.660112194182908,0
15029,23.226970586379522,0
15030,24.71520263791428,0
15031,23.905656402941307,0
15032,25.365529613474887,0
15033,27.311313590292766,0
15034,24.91833982947991,0
15035,23.73280879630767,0
15036,24.96004487981515,0
15037,25.36030601061753,0
15038,24.584967444676117,0
15039,25.21370523033226,0
15040,24.111837961007726,0
15041,24.590930054318004,0
15042,22.19150791315746,0
15043,22.698311143974713,0
15044,22.67152493056655,0
15045,22.30716934801868,0
15046,21.705243079990446,0
15047,20.699374230875307,0
15048,20.190747522403,0
15049,18.56941844317967,0
15050,19.03804321498153,0
15051,18.514373258795302,0
15052,17.848126957885803,0
15053,16.404626095516285,0
15054,14.733248352597137,0
15055,16.23080104046946,0
15056,16.07441281287356,0
15057,16.465324100359936,0
15058,14.786345499998554,0
15059,14.692862878507679,0
15060,14.576431452752486,0
15061,15.583819282639551,0
15062,13.416415789019501,0
15063,14.598235073128015,0
15064,13.870898517896494,0
15065,17.171637629491645,0
15066,16.86682545891355,0
15067,15.681076534839024,0
15068,16.093628039812426,0
15069,17.456728402398582,0
15070,16.803517524654374,0
15071,18.422685182814888,0
15072,20.656974864039498,0
15073,20.712677923704465,0
15074,21.92178262998812,0
15075,21.68275190501345,0
15076,22.605135562184934,0
15077,21.589395058177356,0
15078,25.114981313112576,0
15079,23.339767273596205,0
15080,23.18912113961353,0
15081,22.889632936968354,0
15082,23.196794487957845,0
15083,26.37184594692628,0
15084,25.64349355626416,0
15085,25.480516762645653,0
15086,25.0427051883035,0
15087,24.374954146961457,0
15088,24.911062574921484,0
15089,23.628759824612597,0
15090,23.368193902996055,0
15091,22.511340673356965,0
15092,23.121130076792927,0
15093,21.452062092650127,0
15094,20.129430494761195,0
15095,22.164752305870795,0
15096,20.64304398627711,0
15097,19.462413756195588,0
15098,18.179109379198337,0
15099,19.081667574396022,0
15100,18.88925900904499,0
15101,15.475039302566785,0
15102,17.629163551703176,0
15103,18.163930266787172,0
15104,15.468982102168637,0
15105,14.736816554541614,0
15106,14.919079325290001,0
15107,15.361424888218014,0
15108,16.23650008319214,0
15109,13.238838955604201,0
15110,14.561970556088784,0
15111,15.31676467402057,0
15112,15.409349134347783,0
15113,15.453755482351186,0
15114,17.024632003933707,0
15115,16.421171032942663,0
15116,17.01818353338491,0
15117,16.899800783971166,0
15118,20.14601214584674,0
15119,17.798131449374345,0
15120,20.85720795228484,0
15121,20.455545513133004,0
15122,21.353267854346683,0
15123,22.258754230440054,0
15124,21.729997511954842,0
15125,22.571434954321283,0
15126,24.259626069344794,0
15127,24.356926644846002,0
15128,24.752873263694934,0
15129,25.229375646993244,0
15130,25.472275172642025,0
15131,23.341403285857368,0
15132,24.723056505410316,0
15133,26.062518794695173,0
15134,26.1243885367006,0
15135,24.202258175634228,0
15136,24.61607603965474,0
15137,22.714647389961684,0
15138,25.668577036054113,0
15139,23.957272254772917,0
15140,22.08123467232369,0
15141,23.505422060447916,0
15142,19.834768809218865,0
15143,21.48513155678298,0
15144,20.282051488539576,0
15145,19.18103074920305,0
15146,17.233737130815165,0
15147,19.515106460281327,0
15148,17.65074772409229,0
15149,17.577569001112835,0
15150,15.687736016889017,0
15151,14.63738017313343,0
15152,15.246668065932052,0
15153,15.311381277473291,0
15154,15.677165890344199,0
15155,13.504439399623347,0
15156,14.827356710824878,0
15157,13.485808932423984,0
15158,13.8221512161398,0
15159,14.304253525885116,0
15160,14.269857597483448,0
15161,15.991192853214617,0
15162,16.207066285879577,0
15163,17.578920882096103,0
15164,17.56156530946169,0
15165,19.00545769864184,0
15166,17.93897983221356,0
15167,19.82243304313013,0
15168,20.10796127828429,0
15169,19.474504380012483,0
15170,19.681658301653936,0
15171,21.469874666423156,0
15172,24.140251610516515,0
15173,22.478701625014697,0
15174,22.38054392508687,0
15175,25.266373281886406,0
15176,24.493595135713218,0
15177,24.203496643913198,0
15178,23.854185241509846,0
15179,24.27137479273755,0
15180,25.74551656444908,0
15181,26.879648117679405,0
15182,23.944480282610048,0
15183,22.41005347222052,0
15184,25.633622086825103,0
15185,24.46114881679177,0
15186,22.540277722675462,0
15187,22.22594167679116,0
15188,22.41412038458781,0
15189,20.508272805820106,0
15190,21.186149942959723,0
15191,21.9743323673168,0
15192,20.734099205686885,0
15193,18.803576616807604,0
15194,18.94627774081151,0
15195,16.682076737038646,0
15196,16.213766437257156,0
15197,18.211495547983116,0
15198,17.549573401778407,0
15199,16.74788275523139,0
15200,15.084373369091344,0
15201,15.847626150875035,0
15202,14.630953904917805,0
15203,14.670643209605572,0
15204,16.66876463959839,0
15205,15.438753084238588,0
15206,16.25555480341731,0
15207,14.622008652269,0
15208,15.81255322716214,0
15209,16.60699262025477,0
15210,17.141549286943356,0
15211,16.74033452738599,0
15212,17.918199465057455,0
15213,20.97835964583023,0
15214,17.894850357604344,0
15215,19.304226589916485,0
15216,20.844544364117578,0
15217,22.084134675041188,0
15218,20.571870717631857,0
15219,22.564528082441626,0
15220,21.75642502373267,0
15221,24.227762800267705,0
15222,24.004024955357174,0
15223,23.157176782064496,0
15224,25.011121599076134,0
15225,24.761382264701698,0
15226,25.802650688688246,0
15227,25.95124854713202,0
15228,25.019625501126594,0
15229,24.561121715880567,0
15230,25.183258024655203,0
15231,24.294258757475806,0
15232,24.594876899908023,0
15233,24.158840652967708,0
15234,24.79829111157857,0
15235,23.950688932185265,0
15236,23.90938573770009,0
15237,22.082723714813145,0
15238,21.454971452136235,0
15239,19.863950680364603,0
15240,21.660982857084157,0
15241,21.51065724178295,0
15242,18.175450598394615,0
15243,17.83712260946566,0
15244,15.320536868529828,0
15245,15.616739193107504,0
15246,17.699999736799597,0
15247,17.233742596421497,0
15248,17.82727104919414,0
15249,14.691323115231189,0
15250,17.08984001911652,0
15251,13.98322309541945,0
15252,14.703240452306112,0
15253,17.508040074342205,0
15254,16.690232651171502,0
15255,15.844795404704962,0
15256,15.253503097289268,0
15257,17.75856831721965,0
15258,14.985384817589159,0
15259,17.466048365291098,0
15260,16.974149634441332,0
15261,17.935358917501066,0
15262,19.009103537199092,0
15263,18.182854955025313,0
15264,18.207797240658888,0
15265,19.893025162743463,0
15266,21.094100921749124,0
15267,22.026669316479566,0
15268,23.394458627556638,0
15269,20.988916981293332,0
15270,23.327592753498486,0
15271,23.86540861211086,0
15272,23.51898168004242,0
15273,25.116583678534592,0
15274,24.01917774428104,0
15275,25.225492635851353,0
15276,26.867975499740982,0
15277,23.275715916819568,0
15278,24.482459116019548,0
15279,25.2953135691396,0
15280,24.316715356481712,0
15281,24.034071340489113,0
15282,25.552003443079823,0
15283,21.395769048791724,0
15284,21.336241730372993,0
15285,20.84195810124059,0
15286,21.001089115617805,0
15287,21.96212671758238,0
15288,18.734207737954346,0
15289,18.983066943311957,0
15290,18.672306160812916,0
15291,18.875420665896794,0
15292,17.89069654119709,0
15293,18.491375193898456,0
15294,15.221605710902974,0
15295,14.444963041019134,0
15296,15.634154921060414,0
15297,14.30703741026562,0
15298,13.355311113702967,0
15299,15.958817171553756,0
15300,14.672655779597411,0
15301,15.155825217560649,0
15302,15.846144693643488,0
15303,15.61782435230352,0
15304,15.42844350135702,0
15305,16.95280851888565,0
15306,17.579775326668543,0
15307,17.78021253747548,0
15308,17.022432174443697,0
15309,17.84064059318298,0
15310,18.334463327179474,0
15311,20.449859790661602,0
15312,21.698049416938773,0
15313,22.352849651685258,0
15314,20.74391226011908,0
15315,22.90931218683202,0
15316,23.54233953784718,0
15317,20.664352522946036,0
15318,23.750857350037624,0
15319,23.63292209452694,0
15320,25.071504257311357,0
15321,25.18422088075984,0
15322,24.145788845571893,0
15323,23.825323215809952,0
15324,26.063967648907163,0
15325,25.750076525768126,0
15326,22.974776438791555,0
15327,23.26753752511042,0
15328,25.09231061992774,0
15329,24.478224490241193,0
15330,22.422307178511836,0
15331,22.16403074869999,0
15332,23.99026313659185,0
15333,22.74734031991176,0
15334,20.604877974124424,0
15335,20.5839073616341,0
15336,19.887569316672298,0
15337,21.088630070914327,0
15338,18.900767380005025,0
15339,18.365920113637028,0
15340,17.341886337775115,0
15341,17.591540262423525,0
15342,16.501896124108523,0
15343,14.885513921993233,0
15344,13.943536980141417,0
15345,13.152325415661247,0
15346,16.69510747373602,0
15347,15.095680913976276,0
15348,13.188539163961066,0
15349,17.807745425561137,0
15350,13.164639640363452,0
15351,12.833211645316531,0
15352,15.983884658046678,0
15353,17.09199095792479,0
15354,16.248912937745388,0
15355,14.98981950013483,0
15356,18.588231529670367,0
15357,17.753483710789503,0
15358,19.135483943028603,0
15359,20.400624986090815,0
15360,21.33147600209544,0
15361,20.55968561459934,0
15362,20.147972581015626,0
15363,22.644616399041332,0
15364,21.178336350807413,0
15365,21.852087556662056,0
15366,25.062935291631863,0
15367,21.612072400157604,0
15368,23.9294665567267,0
15369,26.09062004890897,0
15370,24.401184120070276,0
15371,23.96307274018951,0
15372,24.939770847622047,0
15373,25.95901434362214,0
15374,26.106536327775068,0
15375,25.08904307406323,0
15376,22.595025343172495,0
15377,24.354572104609638,0
15378,23.69236369565541,0
15379,24.479492711114045,0
15380,19.562168773244537,0
15381,21.58347851118941,0
15382,22.15602521288903,0
15383,21.43912977532918,0
15384,17.723385656451086,0
15385,19.624110670198196,0
15386,18.965698774945306,0
15387,16.38393524176515,0
15388,18.130827592221138,0
15389,16.14092990870952,0
15390,16.352847319517046,0
15391,17.280224896896605,0
15392,15.650417301894333,0
15393,16.995458941777322,0
15394,14.452353537578661,0
15395,15.466152058812447,0
15396,14.98823185586652,0
15397,14.321485241677992,0
15398,14.363724257887036,0
15399,15.957177844195048,0
15400,17.09064515620386,0
15401,16.594595692696316,0
15402,16.817110747054574,0
15403,18.630172638775694,0
15404,16.714228849298546,0
15405,16.616768483541758,0
15406,19.25643099811756,0
15407,19.386097579061122,0
15408,17.301823317185878,0
15409,18.87574838801004,0
15410,22.316436857142634,0
15411,24.033810517725236,0
15412,23.266882020476952,0
15413,24.24805670966421,0
15414,22.788907524532874,0
15415,24.061078762638964,0
15416,23.940482733764902,0
15417,23.5772186229559,0
15418,24.378914389824228,0
15419,25.47965625464658,0
15420,26.1205532011832,0
15421,24.777071261881662,0
15422,25.697933861210206,0
15423,24.524938126117743,0
15424,22.67813385178801,0
15425,24.400110614711252,0
15426,23.877354031541778,0
15427,21.808577683625767,0
15428,24.10602150305433,0
15429,24.743931614980294,0
15430,22.049279557040812,0
15431,19.069512044083133,0
15432,18.15344210195533,0
15433,18.734686860472042,0
15434,19.468494822134765,0
15435,18.420402740564118,0
15436,16.077979634857606,0
15437,16.524473007254333,0
15438,17.235749132339837,0
15439,14.705393734927647,0
15440,15.739651800992917,0
15441,14.536806130101738,0
15442,14.946670207758732,0
15443,16.270593278478216,0
15444,14.649656094495098,0
15445,16.210755089542435,0
15446,13.13808038938823,0
15447,16.23801179371824,0
15448,15.060544650091616,0
15449,16.582823317911174,0
15450,16.387731059156135,0
15451,18.33013947523577,0
15452,16.3799907867026,0
15453,15.958134607512191,0
15454,17.969355140341225,0
15455,19.54044240449898,0
15456,19.85086209211635,0
15457,20.014520055399714,0
15458,20.19092895172454,0
15459,20.96737689232254,0
15460,22.398086743866493,0
15461,21.926464257395253,0
15462,25.181529787786868,0
15463,23.123120974422147,0
15464,24.96020458645515,0
15465,24.76909402025992,0
15466,26.158406039338566,0
15467,25.445307822921063,0
15468,25.11859120493193,0
15469,25.898039779318456,0
15470,23.282838251886915,0
15471,23.319440483249878,0
15472,25.359085478057462,0
15473,24.654501275300778,0
15474,22.253815940922067,0
15475,20.695679157594117,0
15476,22.952154028978057,0
15477,23.121644118356038,0
15478,22.356125438769165,0
15479,21.32743985492012,0
15480,18.997898716462515,0
15481,19.666976148931028,0
15482,18.4436223381274,0
15483,18.247654982916494,0
15484,17.39175444112499,0
15485,17.408308734339663,0
15486,16.021971841893652,0
15487,14.706904689090324,0
15488,16.62225470967715,0
15489,17.815193791544832,0
15490,15.584109101538193,0
15491,14.675901638172096,0
15492,14.728169338035062,0
15493,16.578280305208335,0
15494,14.472508776822654,0
15495,15.558505120452528,0
15496,16.78738258628756,0
15497,17.199073196372936,0
15498,16.040782743500372,0
15499,15.697725619458314,0
15500,18.14840713412075,0
15501,16.54550330709857,0
15502,18.814829733412786,0
15503,19.63111205704413,0
15504,20.208351960233834,0
15505,19.516667393095656,0
15506,22.1948276711269,0
15507,22.68117367580694,0
15508,20.908154314945023,0
15509,24.046578377657486,0
15510,22.490171633294118,0
15511,24.08970938641559,0
15512,25.05495506698773,0
15513,24.67063365245561,0
15514,24.85263163910234,0
15515,25.02516863298715,0
15516,25.350878892652332,0
15517,25.112160892358578,0
15518,25.898594545288567,0
15519,23.132815873346672,0
15520,24.424802678768433,0
15521,25.428163693173396,0
15522,21.045924439696773,0
15523,22.974533006715685,0
15524,22.096126735990826,0
15525,20.617747545670152,0
15526,21.397105607921215,0
15527,19.928087902816507,0
15528,17.964144525020487,0
15529,19.43052788012999,0
15530,20.10981294072819,0
15531,18.412477702241087,0
15532,17.47023745593113,0
15533,15.988917076065357,0
15534,16.528116775467304,0
15535,16.10635880338781,0
15536,16.072601216043505,0
15537,14.234726643066743,0
15538,15.484897489596971,0
15539,15.534510180178065,0
15540,15.21933447147031,0
15541,14.050333469326649,0
15542,15.961638446549019,0
15543,16.150146546231188,0
15544,16.613761176929536,0
15545,17.268618672434485,0
15546,16.888284837516615,0
15547,16.526964272504895,0
15548,17.798214989887796,0
15549,17.45284374391098,0
15550,18.91030228306223,0
15551,19.016298502275887,0
15552,21.33404626749421,0
15553,19.117960512663263,0
15554,20.016448145096625,0
15555,22.042139330648457,0
15556,22.60845351502844,0
15557,23.572057579010146,0
15558,23.709934954580948,0
15559,23.349649535744998,0
15560,25.111166398801522,0
15561,24.972074385455755,0
15562,24.158119317519922,0
15563,23.2800171637525,0
15564,25.615522976626767,0
15565,24.27092648717975,0
15566,24.269075976882814,0
15567,24.359484450228024,0
15568,24.393662018514508,0
15569,22.28565266875262,0
15570,23.69851992611474,0
15571,21.95915901662334,0
15572,21.352368297502576,0
15573,22.084826838044304,0
15574,22.837072497070643,0
15575,20.811863824142844,0
15576,20.38504381030873,0
15577,19.810998960425017,0
15578,18.630009003417722,0
15579,17.438076599944957,0
15580,16.99785258922651,0
15581,16.872124863159506,0
15582,17.450527813386092,0
15583,17.899142084741136,0
15584,17.23446536388188,0
15585,13.654521192676075,0
15586,14.281152633386698,0
15587,15.426604998055671,0
15588,16.025801224941326,0
15589,15.565557313217255,0
15590,15.10018875539859,0
15591,16.61880540107123,0
15592,16.92488881108473,0
15593,16.480095212768436,0
15594,15.377681937261233,0
15595,16.522549700763847,0
15596,15.777349887415264,0
15597,19.092126276238144,0
15598,16.886974869140882,0
15599,19.184859323689025,0
15600,18.382141113537635,0
15601,20.947422032198112,0
15602,21.37948997178074,0
15603,21.55646121203036,0
15604,22.10638897293332,0
15605,22.25156075968629,0
15606,24.330431720645056,0
15607,22.37837887417779,0
15608,26.596517499670128,0
15609,26.807665928729413,0
15610,24.661253515109273,0
15611,24.947344028883236,0
15612,25.2531445424397,0
15613,26.52892219756858,0
15614,24.88340914708561,0
15615,23.037359325057878,0
15616,24.541107993914125,0
15617,24.2076171962196,0
15618,23.769206393697143,0
15619,22.069787041119923,0
15620,20.785564358835973,0
15621,21.101027032908593,0
15622,22.688118259431256,0
15623,19.443311463505236,0
15624,20.152787784543463,0
15625,19.794661134335595,0
15626,20.304797664412607,0
15627,18.961258587678447,0
15628,18.857295211050797,0
15629,18.06552113870363,0
15630,15.803161880992658,0
15631,16.628933413002343,0
15632,14.424208671015807,0
15633,17.63880734745038,0
15634,16.255659979932354,0
15635,13.621775801406818,0
15636,14.069914269805004,0
15637,15.69620107594218,0
15638,14.252339553932142,0
15639,15.618780133753901,0
15640,16.359549908166333,0
15641,15.886078475954996,0
15642,14.213426751254893,0
15643,15.215932708193183,0
15644,18.191807744398375,0
15645,17.38890008117896,0
15646,18.69864264860332,0
15647,19.669936663618827,0
15648,18.724501978603126,0
15649,20.999229413572504,0
15650,19.355970894485676,0
15651,21.617432579318276,0
15652,23.081725867684984,0
15653,24.995938494046335,0
15654,24.84959842344515,0
15655,25.941650678236357,0
15656,25.629684080254933,0
15657,25.445907229253717,0
15658,25.10240513889783,0
15659,26.68608298768928,0
15660,23.98029900428476,0
15661,24.0688339307855,0
15662,23.835313143969596,0
15663,23.42168700659394,0
15664,23.273496877137944,0
15665,24.18429539278041,0
15666,22.038817252986124,0
15667,22.7903458377115,0
15668,22.23588787018054,0
15669,22.045404207998672,0
15670,20.787730928880855,0
15671,19.917578438950795,0
15672,19.709193354556987,0
15673,20.088373014452653,0
15674,18.937002922605288,0
15675,18.144882970812347,0
15676,17.14337930505139,0
15677,18.131327885842417,0
15678,15.019608130055236,0
15679,13.795912706895516,0
15680,13.858259344945312,0
15681,16.541210192480584,0
15682,15.22927875319302,0
15683,13.800699232963892,0
15684,15.646239931525427,0
15685,15.526602157585044,0
15686,15.619187024520546,0
15687,15.39896158279181,0
15688,15.403736485509063,0
15689,17.40798408665736,0
15690,16.758344466544905,0
15691,16.9676351829303,0
15692,16.766960171433908,0
15693,18.220480723523043,0
15694,19.2572568678857,0
15695,17.8557678665941,0
15696,20.433863299506896,0
15697,20.26562463364482,0
15698,20.37016349022563,0
15699,22.450239032086074,0
15700,24.747563376098334,0
15701,21.92831445047414,0
15702,22.931633183035228,0
15703,22.099444941105972,0
15704,25.285314539553855,0
15705,25.2809619413467,0
15706,24.027862922370694,0
15707,26.446434505101802,0
15708,25.84100031892289,0
15709,24.879408739366816,0
15710,25.271236948497037,0
15711,24.907155919249394,0
15712,25.651873153298972,0
15713,21.9709946485952,0
15714,24.909453406347676,0
15715,21.562251076640543,0
15716,24.019698972978894,0
15717,22.46847430835546,0
15718,21.44211705523567,0
15719,19.83859835268544,0
15720,19.776142724990848,0
15721,19.84557382838544,0
15722,19.50137959096488,0
15723,19.68153398726415,0
15724,16.977699634750067,0
15725,16.390648214325005,0
15726,16.106393247326316,0
15727,15.69153065394063,0
15728,15.872059336162511,0
15729,14.742313814797617,0
15730,15.586893696812789,0
15731,13.7384513614153,0
15732,14.452555764540007,0
15733,15.548026438264884,0
15734,13.74272763569123,0
15735,14.58882136603466,0
15736,16.115719898849985,0
15737,15.990089816592876,0
15738,16.075947568011834,0
15739,18.649355576213637,0
15740,17.324632071994674,0
15741,19.162733135160874,0
15742,18.863051931138823,0
15743,18.529719910737743,0
15744,19.580489250834145,0
15745,21.042480993134255,0
15746,21.8861402383729,0
15747,20.840892888394254,0
15748,22.14766536393362,0
15749,24.312621280365384,0
15750,23.824355988014013,0
15751,22.504155678445933,0
15752,24.210484047206993,0
15753,24.791655736558006,0
15754,23.910095925542546,0
15755,23.737448944299835,0
15756,25.3635430546632,0
15757,24.744755256021215,0
15758,26.720762917248365,0
15759,23.519417899582418,0
15760,24.52080350716826,0
15761,24.37439890329477,0
15762,22.32580875080008,0
15763,23.551303880239455,0
15764,21.759861553371216,0
15765,22.802931808066994,0
15766,19.708490126315365,0
15767,20.2793590632789,0
15768,20.126438325038574,0
15769,20.061855888108777,0
15770,17.662349330567505,0
15771,16.482705819206252,0
15772,18.151583248741236,0
15773,16.51201034115141,0
15774,17.18983548556621,0
15775,14.650737993042974,0
15776,14.756421095826239,0
15777,14.386361955995826,0
15778,14.295442527934632,0
15779,15.521556516992089,0
15780,14.12404622597986,0
15781,15.652138077549466,0
15782,14.309961511567096,0
15783,14.093708495777026,0
15784,15.970496312754124,0
15785,16.40941463676542,0
15786,18.493233161732867,0
15787,14.355217053660267,0
15788,16.659364406790523,0
15789,18.396704102809196,0
15790,18.417816584094194,0
15791,21.103743823345912,0
15792,19.518298206415672,0
15793,20.901522417546474,0
15794,20.757186457163797,0
15795,19.7484906889669,0
15796,19.739946567543733,0
15797,21.35943362823062,0
15798,21.06638003792157,0
15799,24.549052888490433,0
15800,24.219645742687668,0
15801,22.653730580323142,0
15802,25.06946301859999,0
15803,26.21522592391395,0
15804,24.260723050738328,0
15805,23.692989882595803,0
15806,24.02903320350061,0
15807,24.615778536881663,0
15808,25.52609968911643,0
15809,24.53233892294152,0
15810,23.985250484944583,0
15811,23.13924297810773,0
15812,21.845768122407872,0
15813,20.156791369482267,0
15814,21.644654634523437,0
15815,20.974382664444512,0
15816,19.245811403508355,0
15817,19.15020106337612,0
15818,17.71040295737971,0
15819,17.061394086314376,0
15820,18.131707378137754,0
15821,16.252756114368324,0
15822,16.476457790200307,0
15823,15.53344332312872,0
15824,15.296805097136382,0
15825,16.545470826955018,0
15826,13.128081281428516,0
15827,14.468926154515263,0
15828,17.18824684071476,0
15829,15.357083741222533,0
15830,15.389557571888323,0
15831,16.111789723379577,0
15832,16.815553534152716,0
15833,16.43963250815243,0
15834,15.825779839240058,0
15835,16.70728484055073,0
15836,19.19223397725728,0
15837,17.4154254119617,0
15838,17.039923867631536,0
15839,19.47965190405255,0
15840,20.41366661769246,0
15841,21.107710389234207,0
15842,21.451470542568746,0
15843,21.09620171304512,0
15844,23.789679792665336,0
15845,24.949220054731583,0
15846,22.568592451918725,0
15847,25.70359983231083,0
15848,24.88958038811209,0
15849,23.42910396057675,0
15850,24.87595377074944,0
15851,25.144639146755235,0
15852,25.708349494511644,0
15853,25.442675659790883,0
15854,25.7235948369037,0
15855,24.949493838687303,0
15856,25.577308057924224,0
15857,23.787081440800023,0
15858,24.275933723233805,0
15859,21.53065700797941,0
15860,22.4222272151455,0
15861,23.91586546624834,0
15862,20.216608784970553,0
15863,23.591099060826977,0
15864,22.466109391324427,0
15865,19.301504866679085,0
15866,17.0534895384407,0
15867,18.42355935935466,0
15868,15.952046437588658,0
15869,18.028150653151894,0
15870,15.377630890483612,0
15871,15.819027654686085,0
15872,13.862989618355659,0
15873,15.070670810520555,0
15874,15.10271911992251,0
15875,15.538492303731068,0
15876,16.084706668680326,0
15877,16.658199183755194,0
15878,15.325757135788091,0
15879,14.51404720315003,0
15880,16.583494274555388,0
15881,14.641470118916086,0
15882,17.547081506551407,0
15883,16.02559674295308,0
15884,17.245867188112566,0
15885,17.134042422475467,0
15886,17.220421248736933,0
15887,18.682165113972147,0
15888,20.220945976303653,0
15889,19.278224211243508,0
15890,22.49337364043478,0
15891,21.41975035234281,0
15892,22.30471705025724,0
15893,22.604028940349327,0
15894,23.54702545649054,0
15895,24.26697757135186,0
15896,24.751586413707688,0
15897,24.371024013857674,0
15898,27.11421968847749,0
15899,26.007915972889986,0
15900,25.614440126605636,0
15901,24.81615960965261,0
15902,24.49943356210316,0
15903,26.11525942699105,0
15904,23.00358968339776,0
15905,23.39201913840381,0
15906,23.055439920513205,0
15907,23.99410774007575,0
15908,23.245767492062132,0
15909,23.171334744152357,0
15910,20.71865189494123,0
15911,21.213233406804143,0
15912,20.293281321897176,0
15913,19.51908226173318,0
15914,19.323950785261598,0
15915,19.212885517993936,0
15916,18.026200913000025,0
15917,17.705560815333772,0
15918,15.379648071164095,0
15919,16.270454432904156,0
15920,14.951574627794042,0
15921,15.258573240478782,0
15922,15.96071667258931,0
15923,12.272269201004226,0
15924,14.295888928155199,0
15925,16.109874770075656,0
15926,16.159955113214668,0
15927,13.992905310982437,0
15928,14.931435694109924,0
15929,14.426690438935587,0
15930,17.66418120564626,0
15931,16.667687834379286,0
15932,17.37591998315949,0
15933,16.637096483615217,0
15934,18.42120676470259,0
15935,18.83743182018915,0
15936,17.231183243764345,0
15937,19.127123521742583,0
15938,18.312382451657285,0
15939,21.567751315681335,0
15940,22.079691567490492,0
15941,24.513792271575742,0
15942,21.080784984493604,0
15943,25.26906861442009,0
15944,24.71946663229633,0
15945,25.336969685816,0
15946,24.649289943893358,0
15947,24.337967258133176,0
15948,26.40303036494617,0
15949,23.265321602830273,0
15950,26.049198417739262,0
15951,25.651319887529123,0
15952,24.83675610294195,0
15953,23.729190863404096,0
15954,24.3001401540395,0
15955,23.42545599023007,0
15956,21.065223484539604,0
15957,22.19466047989445,0
15958,21.32626358455065,0
15959,21.126687752645047,0
15960,20.949787828602496,0
15961,20.378193311857615,0
15962,19.20111717308764,0
15963,17.92649581414953,0
15964,17.438903857228535,0
15965,16.444988760369025,0
15966,15.217043182381957,0
15967,16.66715559684903,0
15968,16.069534888982083,0
15969,15.810106070547981,0
15970,15.73494368100739,0
15971,15.23405331973635,0
15972,14.266473326381591,0
15973,14.645484290585657,0
15974,15.31690726731272,0
15975,17.04530364613573,0
15976,16.367283651594672,0
15977,16.444363929530244,0
15978,16.545123634119946,0
15979,17.067470866645657,0
15980,17.467853499861075,0
15981,17.129422615923882,0
15982,21.058971747009817,0
15983,18.09976883377123,0
15984,20.1964614092043,0
15985,19.94914294854472,0
15986,20.413674616172447,0
15987,23.939318132977725,0
15988,22.833400898327604,0
15989,21.174165520423433,0
15990,24.616972748722034,0
15991,26.477788433678622,0
15992,25.035190276280506,0
15993,22.932476593105584,0
15994,25.649444103831403,0
15995,24.643684021122727,0
15996,25.776665665360493,0
15997,25.93321987494274,0
15998,24.860782187846212,0
15999,23.318006259147758,0
16000,24.333009635895905,0
16001,23.10206224903679,0
16002,24.602182322512494,0
16003,23.185327896752018,0
16004,22.14828497627112,0
16005,20.163933914768098,0
16006,19.579712476665495,0
16007,20.817336944770556,0
16008,20.671519518311275,0
16009,19.841185385707146,0
16010,20.690617882945176,0
16011,18.838731120463,0
16012,16.144007793429523,0
16013,18.9589464996442,0
16014,17.848291833896482,0
16015,15.518125489705815,0
16016,15.244807032096542,0
16017,17.362256818048934,0
16018,16.25259634048176,0
16019,16.167170619108344,0
16020,13.92213025719143,0
16021,14.733299647997415,0
16022,14.176724352726197,0
16023,14.727580540318636,0
16024,15.098571063220737,0
16025,16.679158373893536,0
16026,17.221638416014645,0
16027,16.414461346489226,0
16028,19.4603278418159,0
16029,18.13742288986798,0
16030,18.512792069403307,0
16031,19.99552072113705,0
16032,17.985662512937864,0
16033,20.837959741041715,0
16034,21.67777494948356,0
16035,21.295470521727978,0
16036,23.31816712297699,0
16037,23.82956572375146,0
16038,24.52022726492119,0
16039,24.937878236860662,0
16040,25.962205979273385,0
16041,25.21798181411428,0
16042,24.288873427897713,0
16043,25.00795242043687,0
16044,25.428242558972407,0
16045,24.630453029208642,0
16046,26.254455239164514,0
16047,26.25427335444521,0
16048,23.356458459292988,0
16049,23.590177916358023,0
16050,23.639169209707937,0
16051,22.94447121329006,0
16052,21.170735863803635,0
16053,22.99871246576545,0
16054,22.49441207308011,0
16055,21.73127713755651,0
16056,18.17167364907616,0
16057,19.45508946280185,0
16058,16.836541413577862,0
16059,18.159006515283334,0
16060,19.07435217311582,0
16061,17.023173677399146,0
16062,15.487235075068831,0
16063,14.913964085843293,0
16064,16.37578472319489,0
16065,16.74567519553981,0
16066,15.456558044359484,0
16067,15.551662799690835,0
16068,15.833673828460295,0
16069,15.281931590454908,0
16070,14.900626624523598,0
16071,16.19902483926256,0
16072,17.175064691644497,0
16073,15.62926059000713,0
16074,17.597653401113856,0
16075,15.685328168374546,0
16076,15.938493328970033,0
16077,18.20769415569924,0
16078,19.8308852964078,0
16079,19.134847844615834,0
16080,20.349293368651917,0
16081,21.40915573014803,0
16082,21.49564720418283,0
16083,22.56699505217902,0
16084,23.464544444567917,0
16085,23.764736530568825,0
16086,21.92176755419208,0
16087,23.575639668210734,0
16088,24.2848649213349,0
16089,26.4027626464846,0
16090,25.238914830311693,0
16091,25.794450747767435,0
16092,25.832697013149268,0
16093,24.70844225626529,0
16094,25.691383441283158,0
16095,25.5346197646159,0
16096,25.33404659916038,0
16097,22.038430780233107,0
16098,24.640058899709814,0
16099,23.15547541915062,0
16100,21.74475981902831,0
16101,21.973279735040997,0
16102,21.840798660917216,0
16103,20.98765234266337,0
16104,20.412756133102384,0
16105,17.709893887155175,0
16106,18.088301332660293,0
16107,19.68718471103633,0
16108,18.266930068513357,0
16109,17.309352463660623,0
16110,15.149012069630091,0
16111,16.125128545521726,0
16112,16.720591392831523,0
16113,15.759213625811824,0
16114,14.698638186258544,0
16115,15.331086613681624,0
16116,15.581604750578478,0
16117,14.170812745537562,0
16118,14.227853407734159,0
16119,16.77591134496026,0
16120,15.162222227361669,0
16121,16.459062607827637,0
16122,14.724082401490861,0
16123,18.158647419555844,0
16124,16.802544821154992,0
16125,17.699438142280403,0
16126,18.698615441237745,0
16127,18.66969577868134,0
16128,20.876147815960397,0
16129,21.570567804004686,0
16130,20.904852516837032,0
16131,22.301613233036175,0
16132,22.256824461524246,0
16133,24.58760457164652,0
16134,23.494540083305402,0
16135,25.365897176560555,0
16136,24.599830569839884,0
16137,25.764868981626602,0
16138,25.72998619505233,0
16139,25.869183819329546,0
16140,24.90629199822366,0
16141,24.719313493098564,0
16142,22.968458571662318,0
16143,25.01339218674657,0
16144,24.905949179973128,0
16145,22.666211262631755,0
16146,21.552300409718608,0
16147,23.05754270685794,0
16148,21.740853616615134,0
16149,22.42318768174555,0
16150,24.48595169812591,0
16151,20.620581397704186,0
16152,20.86794679031047,0
16153,20.22328690518801,0
16154,17.817712443436935,0
16155,17.016726685018245,0
16156,17.121374640656676,0
16157,18.436038634887836,0
16158,16.628323291868867,0
16159,18.544255241086454,0
16160,16.418317534606633,0
16161,15.643652446346906,0
16162,14.303160240322109,0
16163,16.11440054064685,0
16164,12.701546429477919,0
16165,15.003558009400072,0
16166,15.251619708980565,0
16167,17.554182315106235,0
16168,17.189633430607973,0
16169,16.164458004791026,0
16170,15.98357129992155,0
16171,18.079967765006394,0
16172,17.623829453321108,0
16173,17.822051134143372,0
16174,21.34748626523925,0
16175,18.39056333918193,0
16176,20.851878032628836,0
16177,20.600358626407846,0
16178,22.999975338848376,0
16179,20.325949797161083,0
16180,20.91637889488855,0
16181,22.38763422899695,0
16182,22.746705099234248,0
16183,24.038322198686163,0
16184,23.13495618849364,0
16185,24.877010669520264,0
16186,24.160152747183833,0
16187,24.977362439667132,0
16188,26.990687817841092,0
16189,24.07603760591356,0
16190,24.86206329583053,0
16191,24.113077302690233,0
16192,25.013953681457526,0
16193,24.392346885729676,0
16194,23.472154213664712,0
16195,21.901421023448993,0
16196,22.83186384956702,0
16197,22.195897959444963,0
16198,21.443455835579027,0
16199,21.194613771177572,0
16200,22.3985994464109,0
16201,17.809618194567243,0
16202,17.630550631524347,0
16203,15.730387655708148,0
16204,17.010565880522645,0
16205,16.55224731314958,0
16206,14.425529131552551,0
16207,16.600348901226763,0
16208,15.067979498231491,0
16209,17.151829499981705,0
16210,14.774404157584696,0
16211,15.330929167839535,0
16212,14.725734854119477,0
16213,13.61421681491898,0
16214,16.62972243919864,0
16215,16.14463720344307,0
16216,14.318518795745861,0
16217,15.50081303908123,0
16218,18.228350181125464,0
16219,15.345241456663647,0
16220,16.199920279927458,0
16221,17.126198610358077,0
16222,17.73793889617052,0
16223,18.392430648599372,0
16224,20.478637773250576,0
16225,20.163040604354592,0
16226,20.09630819495563,0
16227,21.30336582899776,0
16228,24.484874261465354,0
16229,24.892618904879832,0
16230,23.51079101088481,0
16231,23.569131427030232,0
16232,24.489707739638103,0
16233,22.809951532907384,0
16234,24.4685754452402,0
16235,23.644669279312133,0
16236,25.512097545133386,0
16237,23.936623156252285,0
16238,24.58723658614455,0
16239,24.38718754385348,0
16240,24.252482014827105,0
16241,24.29354152251725,0
16242,25.468684833741538,0
16243,22.241994807673183,0
16244,22.369561081469545,0
16245,22.658511939423626,0
16246,21.59270182519082,0
16247,21.537107391515715,0
16248,20.989107037965507,0
16249,18.100499171066886,0
16250,19.243245509880445,0
16251,17.741112204640626,0
16252,17.92865875207659,0
16253,18.281577842004076,0
16254,16.9394199706784,0
16255,17.029003765132668,0
16256,14.005912355728984,0
16257,15.872054215031689,0
16258,15.048783012846277,0
16259,15.17823813845712,0
16260,14.706137832769647,0
16261,15.576002029393146,0
16262,14.9490598869409,0
16263,13.69216174713446,0
16264,15.433828526965765,0
16265,15.470449521188886,0
16266,15.944219973124286,0
16267,17.254103074765116,0
16268,18.89249601059358,0
16269,18.235560751075003,0
16270,21.966485568267732,0
16271,20.77667041417578,0
16272,19.611963088704577,0
16273,19.91591374001686,0
16274,23.02745168628725,0
16275,23.269122670574912,0
16276,23.956579436323043,0
16277,24.686917974727923,0
16278,24.739019828753687,0
16279,23.41336977831991,0
16280,23.737904481590277,0
16281,24.063742728641312,0
16282,24.234387568073547,0
16283,24.112991382357635,0
16284,23.58142549613919,0
16285,22.831648131859236,0
16286,24.579716692566674,0
16287,25.003804884544614,0
16288,26.089198108172116,0
16289,25.215701363513773,0
16290,22.415768704933274,0
16291,22.82605676451464,0
16292,22.861705600514984,0
16293,21.355800145883,0
16294,19.48210930878189,0
16295,20.949673189214213,0
16296,20.068354165679796,0
16297,19.53490523243393,0
16298,19.00517704564929,0
16299,17.185466585320246,0
16300,17.985469682257783,0
16301,17.367670288280156,0
16302,16.211584552108917,0
16303,15.130394474603117,0
16304,14.579548232463326,0
16305,15.866360979708006,0
16306,15.372715756579307,0
16307,13.686843976025672,0
16308,15.089014964696053,0
16309,15.461951968469291,0
16310,13.078887816614408,0
16311,15.581344380870684,0
16312,15.711019616279351,0
16313,13.925217016282934,0
16314,16.734630065198864,0
16315,16.809189490945453,0
16316,17.24840421550624,0
16317,16.885177861957622,0
16318,18.229770778287087,0
16319,19.741028933481353,0
16320,20.162464881766226,0
16321,19.118002767189054,0
16322,21.488519358219857,0
16323,21.55292302036797,0
16324,23.778593029376708,0
16325,24.92607403665211,0
16326,21.63726785132534,0
16327,25.095955034822833,0
16328,25.04851472852254,0
16329,25.53782293543865,0
16330,26.185216699525878,0
16331,23.994454947828675,0
16332,27.367988822170428,0
16333,27.763118624933753,0
16334,23.70345486208219,0
16335,26.50655096356801,0
16336,25.022936998899787,0
16337,25.681121765590785,0
16338,24.731481283777974,0
16339,23.30942728765039,0
16340,22.86159850995186,0
16341,21.697196421080992,0
16342,21.113681878341673,0
16343,20.425833820967107,0
16344,19.83900572254743,0
16345,20.905898319966337,0
16346,19.83132443409163,0
16347,16.447150099953888,0
16348,16.7188995513166,0
16349,19.24302086875877,0
16350,16.927658964654043,0
16351,16.03179525365043,0
16352,16.208887345393993,0
16353,15.12747052691954,0
16354,16.36424256731419,0
16355,15.306020525207598,0
16356,15.23393748523857,0
16357,15.326345898013138,0
16358,16.318454799597863,0
16359,15.948942585504323,0
16360,14.149451919590874,0
16361,16.191243826517418,0
16362,14.51392758499695,0
16363,17.91652269094732,0
16364,17.32660531498118,0
16365,16.18173729671426,0
16366,18.17132289529711,0
16367,19.975984464656598,0
16368,19.353528548835563,0
16369,20.41778995619301,0
16370,22.13180834444876,0
16371,24.113304721167662,0
16372,22.81750882565038,0
16373,24.384636603042882,0
16374,23.032654841831246,0
16375,24.022239649307913,0
16376,23.971905287639917,0
16377,24.768684190108527,0
16378,27.271736190178466,0
16379,24.542789814074567,0
16380,25.79648816596511,0
16381,25.63431980792579,0
16382,24.7529741602451,0
16383,23.313355708916017,0
16384,23.330581875245194,0
16385,23.748228762606434,0
16386,25.289318578572484,0
16387,24.10276398698879,0
16388,22.058949140984033,0
16389,21.830272261924243,0
16390,19.595938971851,0
16391,19.813264770710116,0
16392,20.489002459405526,0
16393,18.592403491294,0
16394,18.402506040324088,0
16395,18.580342771907073,0
16396,18.291353070823487,0
16397,19.126494733914015,0
16398,16.616174430163625,0
16399,15.390631417028793,0
16400,16.08602039952463,0
16401,16.98794472077474,0
16402,15.64498071364448,0
16403,15.63510872640837,0
16404,14.415828792551205,0
16405,14.968637308158277,0
16406,15.882494339939628,0
16407,14.487808801370333,0
16408,16.012143697824353,0
16409,17.79426060147937,0
16410,16.930651460077218,0
16411,16.787054712643492,0
16412,17.483121340043443,0
16413,19.53959738085344,0
16414,18.397328436344175,0
16415,17.78146048068036,0
16416,18.451080915251257,0
16417,21.79137737648379,0
16418,22.245555284149955,0
16419,22.623946407396016,0
16420,23.459632995520703,0
16421,23.44149484321072,0
16422,24.18352993664815,0
16423,23.444266733776118,0
16424,23.369308953665225,0
16425,26.111315429168847,0
16426,23.605720314725758,0
16427,26.788063635990152,0
16428,26.111789381610027,0
16429,25.95295301298961,0
16430,26.092791682609324,0
16431,23.49966337293585,0
16432,23.771394879729705,0
16433,23.689993557886638,0
16434,25.012236145139518,0
16435,22.715687731439534,0
16436,22.838516125269326,0
16437,21.857500096712226,0
16438,21.18865055571607,0
16439,19.352318666596034,0
16440,20.404247144069373,0
16441,19.6945293879436,0
16442,18.70646026816245,0
16443,18.11444062510003,0
16444,18.219568985997554,0
16445,16.83512722597752,0
16446,17.24295366639874,0
16447,15.765726489588044,0
16448,16.01066167172721,0
16449,14.25271632713622,0
16450,14.826054032164558,0
16451,15.376528414600035,0
16452,14.767817995168041,0
16453,14.66189218159668,0
16454,14.977346052674855,0
16455,14.701499954295654,0
16456,16.003034841031255,0
16457,17.11334332882382,0
16458,17.847204291906337,0
16459,16.832857905104014,0
16460,16.788503019184876,0
16461,17.583746155347118,0
16462,18.68959609670034,0
16463,19.631547636192195,0
16464,19.93084834639519,0
16465,21.358893597278527,0
16466,20.880290722446695,0
16467,22.179643928785126,0
16468,22.424072339268726,0
16469,22.015703523288135,0
16470,22.45602570543031,0
16471,25.363235908899775,0
16472,25.658849408252614,0
16473,26.02551009749851,0
16474,26.90258760489436,0
16475,26.152522587974573,0
16476,26.547444810911713,0
16477,24.302337851619598,0
16478,24.933699534346058,0
16479,24.041918792280818,0
16480,24.897102016329548,0
16481,21.957849997719414,0
16482,22.997249575468956,0
16483,23.189991796811604,0
16484,20.621618796414865,0
16485,23.246089895370336,0
16486,20.293255538683603,0
16487,20.99104596908596,0
16488,18.74592236903683,0
16489,19.115465886990155,0
16490,19.549792867257878,0
16491,18.872470240166948,0
16492,15.764322902718934,0
16493,16.810493792643257,0
16494,16.367541043431125,0
16495,15.718106974139173,0
16496,15.93096711395784,0
16497,16.820946881916644,0
16498,15.213686349750398,0
16499,16.378645645447346,0
16500,13.885521085781964,0
16501,16.24681773279884,0
16502,14.951533285083768,0
16503,14.67003767642372,0
16504,15.970502585674433,0
16505,15.82847025775847,0
16506,16.674660840656518,0
16507,17.457057653435832,0
16508,17.12139419505237,0
16509,17.259391690138315,0
16510,19.360420110927638,0
16511,21.2092694480994,0
16512,20.684422045766155,0
16513,20.051152871284625,0
16514,19.35864255622746,0
16515,22.62065640921735,0
16516,24.917773000016062,0
16517,22.86961181292058,0
16518,23.55335977050661,0
16519,22.04212066076513,0
16520,23.88278651721929,0
16521,24.27239917827274,0
16522,24.60756112011791,0
16523,26.306389603921016,0
16524,24.27472609436275,0
16525,23.466366628097365,0
16526,25.346985815289106,0
16527,24.157053985254876,0
16528,23.50569614075955,0
16529,23.614975060086834,0
16530,23.014296728259126,0
16531,22.799827587616313,0
16532,23.14549569317957,0
16533,22.117454965903438,0
16534,19.937353678661317,0
16535,20.805029229409,0
16536,20.568221918872354,0
16537,18.368223497891176,0
16538,20.772673186656476,0
16539,19.742281763741754,0
16540,17.443882469226445,0
16541,15.229399670819857,0
16542,14.84224394177125,0
16543,15.988406667497816,0
16544,16.14067347160135,0
16545,16.187499827953935,0
16546,14.551110236381664,0
16547,15.507426132326941,0
16548,15.172787691029729,0
16549,15.849754452512599,0
16550,15.492704596187505,0
16551,14.139158283205072,0
16552,16.683339790905308,0
16553,16.34205159180832,0
16554,17.451802064994983,0
16555,16.247719469221312,0
16556,18.27509655491275,0
16557,17.308537379909385,0
16558,18.602621551101134,0
16559,18.65039198742443,0
16560,19.639078437941578,0
16561,20.92916286083333,0
16562,20.067991582268228,0
16563,20.75152785424298,0
16564,23.885898345159344,0
16565,22.147428299232214,0
16566,24.108994411978543,0
16567,22.162081766589058,0
16568,24.77761867246833,0
16569,25.4476886133664,0
16570,24.30260655982798,0
16571,24.497825052139195,0
16572,24.403941473449954,0
16573,25.713505221048415,0
16574,26.37775407270028,0
16575,25.224393990927638,0
16576,24.32662267822934,0
16577,22.001739613024146,0
16578,24.796172757393,0
16579,24.371341577158503,0
16580,24.150688705722356,0
16581,22.02775177047834,0
16582,20.349784228265918,0
16583,21.233381606763245,0
16584,20.5995645192825,0
16585,19.066539541725103,0
16586,17.881487955981868,0
16587,18.77872858407775,0
16588,18.1840089575273,0
16589,16.0792770404614,0
16590,16.752949253453195,0
16591,15.695914571756177,0
16592,14.75410445873973,0
16593,15.063315318646781,0
16594,15.101326468659972,0
16595,16.48958060669088,0
16596,13.385513693180581,0
16597,15.388274323684854,0
16598,15.145071637557946,0
16599,16.02897643036498,0
16600,14.613279595657218,0
16601,14.45223448642286,0
16602,18.498336483918848,0
16603,15.785783765824362,0
16604,16.567802011768816,0
16605,16.378789146652785,0
16606,19.646474347918694,0
16607,19.465812115103184,0
16608,18.17941459924861,0
16609,20.741439360116804,0
16610,23.931621600182467,0
16611,21.252790213356665,0
16612,22.815131061720752,0
16613,22.991845802775625,0
16614,23.65511469622044,0
16615,21.942232509034916,0
16616,23.41223366762102,0
16617,22.73087313092675,0
16618,24.921911162148238,0
16619,26.77284372826471,0
16620,23.806973629043057,0
16621,25.46515354453981,0
16622,25.8059601976853,0
16623,25.25499223864931,0
16624,24.22590940349672,0
16625,23.851336752695957,0
16626,22.92457723394614,0
16627,25.725091398101615,0
16628,22.717896727891578,0
16629,22.213121488974515,0
16630,21.43739662637527,0
16631,21.726721832077313,0
16632,20.53593130467369,0
16633,19.855356946636487,0
16634,21.19325619872458,0
16635,17.978748213000895,0
16636,18.427498912419257,0
16637,17.998607085766544,0
16638,15.469033896098955,0
16639,15.395306875218113,0
16640,16.980743333388506,0
16641,14.156278780323868,0
16642,16.782575396718336,0
16643,14.800836733374888,0
16644,14.638057301668105,0
16645,14.491694914505828,0
16646,15.793703970627021,0
16647,14.062996253457735,0
16648,15.307447853021621,0
16649,16.03786863882868,0
16650,17.657321636786744,0
16651,17.703168908546132,0
16652,18.580116530984075,0
16653,17.865025376364382,0
16654,18.7190225675718,0
16655,19.209688211994845,0
16656,21.03259995280612,0
16657,21.214072495392386,0
16658,22.122807126123842,0
16659,22.514991864822143,0
16660,22.51698227953478,0
16661,23.262001142782168,0
16662,25.112145896437497,0
16663,24.359608932568936,0
16664,25.93760325076428,0
16665,23.778229584314456,0
16666,24.62664087812656,0
16667,24.660120349050395,0
16668,22.96093017750254,0
16669,25.59518577262709,0
16670,23.809877927529424,0
16671,24.851005932828134,0
16672,24.857311410739104,0
16673,24.339438401037565,0
16674,23.76030004970347,0
16675,22.952457050814157,0
16676,23.233386863795506,0
16677,21.44000326070002,0
16678,22.447616915919966,0
16679,20.803214248589963,0
16680,19.19118857047885,0
16681,18.10257645012726,0
16682,20.254911556047286,0
16683,18.368687029695604,0
16684,16.388870688361017,0
16685,16.976983748138064,0
16686,16.98338645942051,0
16687,17.44760851518959,0
16688,13.576196129491542,0
16689,12.460421484745202,0
16690,15.989084016172622,0
16691,14.506330942887844,0
16692,13.119794451663303,0
16693,14.296026441810852,0
16694,13.117763863818904,0
16695,14.757057303874253,0
16696,15.14246712131903,0
16697,15.957582851215461,0
16698,17.22317245467881,0
16699,14.941441564742222,0
16700,15.035432286010343,0
16701,17.72330728575128,0
16702,18.071517368370152,0
16703,20.397904739252116,0
16704,19.591401158195136,0
16705,22.15781663600619,0
16706,21.01858196487259,0
16707,21.799786772047963,0
16708,22.945183354523373,0
16709,23.78839257966509,0
16710,25.202223046517673,0
16711,23.987461135670966,0
16712,24.24557271952606,0
16713,24.250805085108148,0
16714,26.181489607953576,0
16715,23.57206401841027,0
16716,26.055165789414794,0
16717,23.94252785355209,0
16718,24.291503304479065,0
16719,25.598413094203707,0
16720,24.16882812728306,0
16721,22.77434851354187,0
16722,23.398819499023784,0
16723,22.59264621759974,0
16724,22.504396640133038,0
16725,22.099129380483507,0
16726,22.25331819565367,0
16727,21.03981746106492,0
16728,18.906096414291152,0
16729,17.65039862306312,0
16730,18.150817126340662,0
16731,19.475558342784772,0
16732,17.84737598025976,0
16733,18.768373964983102,0
16734,15.545736948985043,0
16735,15.716860896755636,0
16736,14.143205398479166,0
16737,15.757945999029301,0
16738,15.848977252913501,0
16739,16.2392470087488,0
16740,13.610619796282474,0
16741,13.583487200599416,0
16742,15.713928683241063,0
16743,15.068629139229694,0
16744,13.795125707586058,0
16745,15.603485895962727,0
16746,16.399305684167025,0
16747,15.259039872342264,0
16748,16.807970312174533,0
16749,18.16839133780317,0
16750,18.18332526969423,0
16751,19.547061544530663,0
16752,20.14400487636985,0
16753,19.798586798981383,0
16754,21.579667369054015,0
16755,20.715810527517664,0
16756,21.365491313137568,0
16757,24.284481319657914,0
16758,22.78848732417087,0
16759,25.286645917222387,0
16760,24.53718151694375,0
16761,26.09647529313629,0
16762,24.969516556409705,0
16763,25.770151043771826,0
16764,24.574985919827206,0
16765,26.605163999426516,0
16766,26.574323138280867,0
16767,24.013763981020777,0
16768,25.065330842376166,0
16769,23.892571835100355,0
16770,24.5033891905761,0
16771,21.605524772300935,0
16772,22.615756135858234,0
16773,22.827840054827703,0
16774,21.81731845412074,0
16775,20.033429522080127,0
16776,17.674267471199833,0
16777,19.06749700162552,0
16778,18.32364487732689,0
16779,17.468661382093433,0
16780,17.083333403410847,0
16781,18.438463921378645,0
16782,17.0892009225776,0
16783,15.206199509345867,0
16784,17.129915763601712,0
16785,14.191311587147542,0
16786,14.885179259169329,0
16787,16.381734041909784,0
16788,16.143441581208105,0
16789,14.717960762110508,0
16790,16.94060365609739,0
16791,16.151219308237216,0
16792,14.875235093677192,0
16793,18.0518099002596,0
16794,15.861778686931485,0
16795,17.954017393219374,0
16796,16.499330075946833,0
16797,15.822607563759403,0
16798,19.218634125609622,0
16799,18.167710141001603,0
16800,22.265264916412725,0
16801,20.51527038251069,0
16802,22.64141306749779,0
16803,22.760831895914198,0
16804,24.281743462827013,0
16805,23.22552360891019,0
16806,25.876573991317898,0
16807,23.73910713339816,0
16808,23.986129244592767,0
16809,24.081242655131906,0
16810,24.31139766657929,0
16811,26.22625980776018,0
16812,23.4405144952624,0
16813,22.209976195594056,0
16814,23.076691231868924,0
16815,23.737344769955435,0
16816,22.243376261700536,0
16817,23.26215293567133,0
16818,22.307980706539205,0
16819,23.57079848349423,0
16820,22.835008019040636,0
16821,21.699421586553086,0
16822,22.36500494581744,0
16823,20.85790746491229,0
16824,18.64694799955052,0
16825,21.684977856496513,0
16826,19.80673028056288,0
16827,17.90390042738178,0
16828,17.33621304882455,0
16829,17.362248912467805,0
16830,14.108573361635244,0
16831,14.461038646567284,0
16832,15.888478269990596,0
16833,16.67527318821395,0
16834,16.96392732774591,0
16835,15.50232878020799,0
16836,16.525390171787205,0
16837,15.164888042634828,0
16838,15.726077772254333,0
16839,15.013919447684975,0
16840,14.264058736371961,0
16841,15.197517229819711,0
16842,17.09898678985494,0
16843,16.378262457189678,0
16844,16.059298191893138,0
16845,18.335826600842,0
16846,21.390608123579796,0
16847,20.982075747184876,0
16848,18.462484889811293,0
16849,21.94552437679485,0
16850,22.64213755995688,0
16851,21.87827466956105,0
16852,23.310405488678192,0
16853,23.741623713130235,0
16854,24.62426616683809,0
16855,23.795490818080754,0
16856,24.187357955676006,0
16857,23.55363560449032,0
16858,24.59990592841495,0
16859,25.64448997048085,0
16860,25.69281665240693,0
16861,25.01672299112777,0
16862,24.853366747534437,0
16863,24.575757464522017,0
16864,25.18314963873902,0
16865,23.154656581584405,0
16866,22.984235589872295,0
16867,21.935893455125317,0
16868,21.53413714630621,0
16869,23.67994286338253,0
16870,20.862772675576128,0
16871,21.805884004046376,0
16872,18.408417420291187,0
16873,19.37094413789218,0
16874,18.721550786533424,0
16875,19.220247925402223,0
16876,16.66560454956233,0
16877,16.602341560376328,0
16878,16.700178961443555,0
16879,15.44362379656875,0
16880,17.32024489600041,0
16881,14.162398629340203,0
16882,16.536984381447613,0
16883,13.23684309478506,0
16884,17.755619842994804,0
16885,14.914339993977748,0
16886,16.089116473471453,0
16887,15.515020112694563,0
16888,16.17157356389248,0
16889,16.159626584724816,0
16890,17.24121262032393,0
16891,15.651328181174694,0
16892,17.434915905021274,0
16893,17.70069268270785,0
16894,19.20282639549987,0
16895,17.24566425015902,0
16896,19.441574178883638,0
16897,20.024559688609042,0
16898,23.039043991928203,0
16899,23.02262993344735,0
16900,23.33480285105046,0
16901,23.262731185746837,0
16902,23.709456110663357,0
16903,22.720163346751864,0
16904,23.355187531099407,0
16905,25.221433364924124,0
16906,25.640516064385242,0
16907,24.10336862908603,0
16908,25.83189271927433,0
16909,24.06220740198509,0
16910,25.09563689901563,0
16911,24.29564685700858,0
16912,24.975679267003056,0
16913,24.010089660835217,0
16914,23.235926124014036,0
16915,23.578202411127023,0
16916,22.564047344479533,0
16917,22.367011618192603,0
16918,21.01573966231612,0
16919,23.107042731105352,0
16920,18.799625735662776,0
16921,20.33600926420527,0
16922,18.424894739843378,0
16923,19.202514863248876,0
16924,17.175579151957606,0
16925,17.88207235260894,0
16926,19.133896564255885,0
16927,15.12809726647461,0
16928,14.350899095057251,0
16929,16.820348524504094,0
16930,14.680794276309637,0
16931,12.92114589658793,0
16932,14.788152976853963,0
16933,13.654289911563978,0
16934,14.080285077738035,0
16935,16.006477313843344,0
16936,15.6341115002347,0
16937,16.85788967511463,0
16938,16.17181908523793,0
16939,17.128844957618337,0
16940,17.012950397314082,0
16941,18.549977747818552,0
16942,19.945603110226816,0
16943,19.007544677700984,0
16944,22.372955876215237,0
16945,19.962924795642113,0
16946,19.50918955207909,0
16947,21.25884166487919,0
16948,24.351353056657004,0
16949,22.84977647286436,0
16950,24.0203654321414,0
16951,26.064129726334983,0
16952,24.7584956277251,0
16953,24.661300203774,0
16954,23.65566851437241,0
16955,23.604229535749386,0
16956,24.98355169473521,0
16957,26.11198885647218,0
16958,23.39127724320636,0
16959,24.340503642494696,0
16960,22.8296867672255,0
16961,25.01901731016118,0
16962,23.508061218602933,0
16963,22.329801407509308,0
16964,22.22224798789209,0
16965,24.141747912241904,0
16966,21.37964990655522,0
16967,23.326327186887653,0
16968,19.8340071727682,0
16969,18.60825656868599,0
16970,19.002594692464978,0
16971,19.985050683194075,0
16972,17.166895556322185,0
16973,17.19124947059916,0
16974,18.583022850282877,0
16975,17.42842578619856,0
16976,16.274118806583154,0
16977,15.150698922392866,0
16978,13.483138246174418,0
16979,14.518823748965245,0
16980,15.397316839091834,0
16981,14.636755238641713,0
16982,15.345795269852973,0
16983,14.438098193583023,0
16984,15.615859966087879,0
16985,15.905428762018856,0
16986,17.68709339513629,0
16987,17.31911733071448,0
16988,17.86897797916137,0
16989,17.835306150578678,0
16990,18.83797725892895,0
16991,19.90154239882136,0
16992,20.19708584599496,0
16993,20.606109058490606,0
16994,21.878367015538963,0
16995,22.40918612009486,0
16996,23.365099472060088,0
16997,23.104858957536866,0
16998,22.306048347439283,0
16999,24.196242148753623,0
17000,24.119468766348565,0
17001,25.73318887105157,0
17002,23.756862724825282,0
17003,24.378172755242208,0
17004,25.153818260975303,0
17005,26.07348939615365,0
17006,25.10010473987378,0
17007,25.150558124520824,0
17008,24.773296751257178,0
17009,24.407408353122104,0
17010,25.346088213745503,0
17011,23.251879854403636,0
17012,21.885810419749376,0
17013,22.471874791907826,0
17014,21.6668430460087,0
17015,20.659364681073498,0
17016,19.25216924399852,0
17017,20.97450760976289,0
17018,18.76944110666962,0
17019,16.45551110156384,0
17020,17.026009881872522,0
17021,15.656088680340524,0
17022,15.350457521014269,0
17023,15.540919187187972,0
17024,16.963457071881734,0
17025,17.01332374692029,0
17026,14.995433987793765,0
17027,14.093246626301562,0
17028,14.949727085019573,0
17029,15.320668886206096,0
17030,15.277339223008696,0
17031,15.255576206067412,0
17032,15.377917766559303,0
17033,16.203412046537963,0
17034,15.430701003395146,0
17035,16.769204863928472,0
17036,17.075861769422257,0
17037,18.78929503772861,0
17038,19.699314184429028,0
17039,16.88937364256134,0
17040,21.469013950072583,0
17041,21.98058958818787,0
17042,20.586028471791643,0
17043,20.28926165869593,0
17044,23.777994220541316,0
17045,21.83229444497704,0
17046,23.51511472061235,0
17047,24.693454116202812,0
17048,23.481169760872962,0
17049,25.235534690793923,0
17050,25.19677958753682,0
17051,24.065406889626967,0
17052,24.258040490986133,0
17053,23.726298929322034,0
17054,25.612867932711318,0
17055,24.694800832267507,0
17056,24.84116914837903,0
17057,24.437048634832706,0
17058,22.152770624735325,0
17059,23.173733462507798,0
17060,23.164383996670846,0
17061,21.58406739725036,0
17062,20.4040531104541,0
17063,21.747469842388636,0
17064,20.501649287655976,0
17065,18.746136707939595,0
17066,19.264300352641456,0
17067,19.265934348238684,0
17068,16.341136806716925,0
17069,12.932303567917437,0
17070,18.299472143432116,0
17071,16.688327990964506,0
17072,15.880787626920805,0
17073,15.328711066950728,0
17074,13.339487982177495,0
17075,14.589952483896804,0
17076,13.939231620378237,0
17077,15.377484362536896,0
17078,15.674898582782893,0
17079,14.487419242649738,0
17080,14.438535625143016,0
17081,14.806758469867,0
17082,17.492794168831693,0
17083,16.27653755027844,0
17084,19.221751480824647,0
17085,18.218134346690146,0
17086,19.17138265103332,0
17087,20.578850850542118,0
17088,20.18191265821782,0
17089,20.441561750704604,0
17090,22.344426176569684,0
17091,20.665836140313345,0
17092,22.0142157072138,0
17093,22.879699262805705,0
17094,23.45492971078695,0
17095,23.9175084601677,0
17096,24.62440132293837,0
17097,24.37433321444202,0
17098,24.978872432339003,0
17099,26.812293243332082,0
17100,23.916339867796456,0
17101,25.198544311892597,0
17102,24.728628861898464,0
17103,24.405995845460968,0
17104,23.538690673820565,0
17105,22.64531770051446,0
17106,25.6977692365888,0
17107,22.3339511027169,0
17108,22.87237247463709,0
17109,21.60563980775162,0
17110,20.865288188024,0
17111,21.362232705733327,0
17112,18.819944432301163,0
17113,19.86278000311145,0
17114,18.096799907287107,0
17115,18.209864482903882,0
17116,19.43439158418906,0
17117,16.955320321513017,0
17118,15.146130580900007,0
17119,14.7502141610479,0
17120,16.533996851639646,0
17121,15.702184843045064,0
17122,16.195032299362417,0
17123,15.250136344488043,0
17124,15.08407779716819,0
17125,14.290349462619387,0
17126,14.00280394236259,0
17127,15.678814455845242,0
17128,16.30774761867071,0
17129,16.029287978477278,0
17130,17.054588055456268,0
17131,15.97343605819001,0
17132,16.372370902074422,0
17133,19.801713159855286,0
17134,19.645340212189687,0
17135,19.224136106741046,0
17136,20.222064703479553,0
17137,19.978227198470933,0
17138,22.541837472807273,0
17139,21.621236865119684,0
17140,22.19419923932746,0
17141,22.568172325534434,0
17142,22.921717265166233,0
17143,23.99574039098256,0
17144,24.345773914417567,0
17145,24.42219923869103,0
17146,25.205415402181117,0
17147,25.341630638169,0
17148,24.796934121885368,0
17149,25.009407893864275,0
17150,24.235674949757403,0
17151,25.105402795914312,0
17152,24.578778550764156,0
17153,25.708093746338964,0
17154,23.88061809144611,0
17155,22.021934531210718,0
17156,23.081053122861896,0
17157,22.01542552587803,0
17158,20.99230037125482,0
17159,23.052808078505432,0
17160,20.92659927027987,0
17161,18.619139683431822,0
17162,20.40188482332409,0
17163,18.362159783453095,0
17164,17.925303035072737,0
17165,15.386780606180528,0
17166,17.233718850834755,0
17167,16.02938050131999,0
17168,15.2326512517423,0
17169,16.509221206920074,0
17170,14.157988845905328,0
17171,15.523879390278937,0
17172,15.340160166384962,0
17173,14.035869028105983,0
17174,16.436007081807855,0
17175,14.972735488633312,0
17176,15.163471946004652,0
17177,16.166104870489953,0
17178,16.106129502732426,0
17179,15.97020590582095,0
17180,17.158197293342177,0
17181,17.79738263052729,0
17182,17.406296579538584,0
17183,19.22367226771293,0
17184,20.923089889919066,0
17185,21.778496746635938,0
17186,21.811276656620976,0
17187,22.56526731674924,0
17188,23.299939086374906,0
17189,23.142736038213968,0
17190,24.974123754789584,0
17191,23.47316382027588,0
17192,23.76121029056528,0
17193,24.819453798215488,0
17194,25.545533689305874,0
17195,24.171539197993205,0
17196,24.855802154437036,0
17197,25.913812487161906,0
17198,25.87134506801137,0
17199,25.99682080909484,0
17200,25.77394746377006,0
17201,24.13459484474956,0
17202,22.750309997253385,0
17203,23.322804989825716,0
17204,23.458600070377454,0
17205,20.259523712596412,0
17206,19.256524317363475,0
17207,21.971513173723434,0
17208,19.445656363158452,0
17209,19.508582034049837,0
17210,19.415439765816053,0
17211,18.445083567422305,0
17212,18.00372763205008,0
17213,16.089969271723362,0
17214,18.002252105318213,0
17215,17.895276315244786,0
17216,15.685986010642061,0
17217,16.167095861766818,0
17218,13.234330058402008,0
17219,16.165793045394015,0
17220,15.565250288935657,0
17221,15.195535907128493,0
17222,16.09933666096401,0
17223,16.203084104127218,0
17224,15.32580369219396,0
17225,16.22995535801804,0
17226,15.975874434642545,0
17227,16.77249840440082,0
17228,16.58799354808341,0
17229,18.115071015535275,0
17230,18.850684015664314,0
17231,17.422405155354404,0
17232,19.289286005367057,0
17233,21.984874791422666,0
17234,21.664555150978234,0
17235,21.273953573492243,0
17236,21.098051731694078,0
17237,23.608321969005306,0
17238,23.942547948584256,0
17239,23.437019117228512,0
17240,24.42546595451615,0
17241,25.95746605385159,0
17242,23.170600783762094,0
17243,24.63056206106064,0
17244,24.241881789322843,0
17245,24.915482390493125,0
17246,23.58076423147853,0
17247,23.419978630328593,0
17248,23.556615500345146,0
17249,24.64909208714323,0
17250,23.148054364106272,0
17251,22.991320988841316,0
17252,21.997655765217537,0
17253,21.40033056122535,0
17254,20.5205013325907,0
17255,21.87832351600414,0
17256,21.199308056828034,0
17257,21.458564444954288,0
17258,18.985627475253022,0
17259,18.14730038455087,0
17260,17.82018935968968,0
17261,17.635149517826257,0
17262,16.335472724658192,0
17263,14.614725950978022,0
17264,16.37085447105395,0
17265,14.627961368365202,0
17266,14.194730809838289,0
17267,15.600282812537822,0
17268,14.601665757949887,0
17269,16.50415791907376,0
17270,15.634410120094852,0
17271,15.843364213378255,0
17272,17.10389966296009,0
17273,16.747712408964013,0
17274,15.251342108479914,0
17275,15.155958644125427,0
17276,18.199411020872965,0
17277,17.733629033385586,0
17278,18.187537132849375,0
17279,18.551578114047572,0
17280,19.63898328828592,0
17281,18.24782253114784,0
17282,21.3153109017152,0
17283,21.61984684876161,0
17284,23.19727553185727,0
17285,22.03705710810263,0
17286,22.13378742279158,0
17287,23.56615412329518,0
17288,25.30164708080704,0
17289,24.08493585813524,0
17290,25.393899482925466,0
17291,26.53792764266498,0
17292,25.69250094530952,0
17293,24.014143069076006,0
17294,24.553678297271748,0
17295,24.387174332180823,0
17296,24.315748514251553,0
17297,23.674507908120976,0
17298,20.980486808143702,0
17299,23.554794158624297,0
17300,21.09916329486743,0
17301,22.71602026587333,0
17302,20.039951091969414,0
17303,20.453310524463934,0
17304,20.559095613367184,0
17305,20.82812387434211,0
17306,18.967132344980786,0
17307,18.171795240998193,0
17308,17.817670265204107,0
17309,15.938659964054946,0
17310,16.026696593060322,0
17311,16.841756518189985,0
17312,16.30475806609642,0
17313,14.78989198412694,0
17314,13.98923018266607,0
17315,14.273455906511852,0
17316,14.082870576800135,0
17317,16.242249514943175,0
17318,15.481655461655823,0
17319,17.63842129258639,0
17320,16.564546049825655,0
17321,16.468235459482624,0
17322,17.51397418373883,0
17323,17.826766654893234,0
17324,18.76605900348267,0
17325,17.87186447083473,0
17326,17.6820946441846,0
17327,19.774789533865444,0
17328,20.051464980456267,0
17329,20.36210446320811,0
17330,22.090837080195882,0
17331,23.70729114184576,0
17332,23.16231085616976,0
17333,23.58810954686209,0
17334,23.665410724776223,0
17335,23.467055271555108,0
17336,25.651337522841242,0
17337,24.75588033130258,0
17338,24.098638952482457,0
17339,24.959557693073315,0
17340,26.57680837448262,0
17341,25.326108891842082,0
17342,24.62465342051822,0
17343,24.0697797419513,0
17344,25.36694647369707,0
17345,24.394692085584165,0
17346,23.628936903183096,0
17347,22.339558198229998,0
17348,22.60425468765325,0
17349,22.42320594303842,0
17350,21.01965543710953,0
17351,21.370688904904263,0
17352,20.699268344488274,0
17353,17.361587422515992,0
17354,20.11993903249982,0
17355,17.070462734905604,0
17356,17.63160056587438,0
17357,15.89459879826579,0
17358,14.009729152597004,0
17359,16.667364158563494,0
17360,15.010643459888485,0
17361,16.008753294933314,0
17362,14.296510611426877,0
17363,14.893522241180893,0
17364,16.74795658851187,0
17365,15.396375589605286,0
17366,13.920110360511726,0
17367,16.288395433898184,0
17368,14.486503588846578,0
17369,15.344686809304378,0
17370,15.099281863296373,0
17371,17.746864099122117,0
17372,16.820864173093984,0
17373,17.68272701117078,0
17374,17.840425893317548,0
17375,17.442230489129784,0
17376,20.83607459302249,0
17377,21.587929955111473,0
17378,21.480334309578577,0
17379,22.321390156607922,0
17380,24.03740992603664,0
17381,22.248807366386693,0
17382,22.767357254912422,0
17383,23.740810886599053,0
17384,24.204711045221075,0
17385,25.79968708747234,0
17386,23.9623064661143,0
17387,24.550172306931017,0
17388,23.86096736463032,0
17389,25.708178845396315,0
17390,26.959594978226367,0
17391,24.649867260399194,0
17392,22.8808047685242,0
17393,25.725874893752476,0
17394,24.685204918090065,0
17395,23.84167672715913,0
17396,21.487736799116863,0
17397,23.147192924189866,0
17398,21.617418807331696,0
17399,20.3941487359755,0
17400,19.675236334709957,0
17401,21.664292736296467,0
17402,18.10499061116629,0
17403,18.118849317373904,0
17404,16.42256043526272,0
17405,15.941559285376773,0
17406,15.66375313153465,0
17407,16.540004945025288,0
17408,15.415840952975925,0
17409,14.86982843623318,0
17410,14.831450990516718,0
17411,15.33969626432972,0
17412,14.43248926438061,0
17413,15.555312313185967,0
17414,16.60624570328703,0
17415,15.664437769587487,0
17416,16.058264818535513,0
17417,15.106537783046143,0
17418,15.602850850295503,0
17419,17.722016873281024,0
17420,17.60517792622833,0
17421,18.213799245059178,0
17422,19.17929138809361,0
17423,18.487687293240306,0
17424,20.11246059921621,0
17425,19.744140315143532,0
17426,22.4519504367783,0
17427,21.854572035065697,0
17428,22.61806890082669,0
17429,23.863733447781055,0
17430,23.25537047971852,0
17431,25.86317482870783,0
17432,23.90233583351153,0
17433,24.958896845077525,0
17434,24.545241621047627,0
17435,24.830473900825705,0
17436,24.701994457722094,0
17437,26.477819916266263,0
17438,24.015670944179583,0
17439,24.12473157158129,0
17440,23.39725656244203,0
17441,24.265778319705362,0
17442,25.259161867077434,0
17443,23.108041538999448,0
17444,22.148657820933842,0
17445,23.630845538526447,0
17446,23.21688404197002,0
17447,19.877693212121795,0
17448,19.271224928534878,0
17449,17.611832807942292,0
17450,19.36209794187433,0
17451,20.361598709500303,0
17452,16.951089188479653,0
17453,17.35493538942686,0
17454,17.383077132638796,0
17455,15.74071314905823,0
17456,17.1790086129085,0
17457,15.68850786236186,0
17458,16.787856732683654,0
17459,13.313886758077293,0
17460,14.627070655512304,0
17461,16.48378496464984,0
17462,15.08939376242789,0
17463,14.885968198284518,0
17464,13.999195822959473,0
17465,14.869114782403049,0
17466,15.785328421824932,0
17467,17.306479363273002,0
17468,17.13263655844071,0
17469,19.370100591882643,0
17470,17.437980709471773,0
17471,19.132622966612082,0
17472,20.410226641383687,0
17473,19.92394035361049,0
17474,21.505556448934723,0
17475,21.648887315421675,0
17476,22.330236731735862,0
17477,22.554807303442757,0
17478,22.991663294716922,0
17479,22.94886350942144,0
17480,25.470306712558564,0
17481,24.798208627701168,0
17482,23.918410981357724,0
17483,24.631953430733457,0
17484,24.612581937645928,0
17485,24.844273750342243,0
17486,25.60848753339553,0
17487,27.036816599329647,0
17488,24.690910710943868,0
17489,24.746929282781515,0
17490,24.990987235433458,0
17491,24.174396759466383,0
17492,23.322591152025485,0
17493,21.871296839833096,0
17494,20.704264495716465,0
17495,22.766049785732793,0
17496,19.98004485455938,0
17497,18.84336787238218,0
17498,20.320574379566605,0
17499,16.982491042546403,0
17500,16.736255725241563,0
17501,17.388231618410618,0
17502,17.065295341474297,0
17503,14.059193676735335,0
17504,16.359378577692862,0
17505,15.57545555530507,0
17506,14.172140296793756,0
17507,15.012208107592404,0
17508,17.54982653154533,0
17509,15.733746113101883,0
17510,14.935897645510568,0
17511,13.9892971096634,0
17512,17.0543257991718,0
17513,16.762392406802274,0
17514,16.929763518197817,0
17515,18.2188576818977,0
17516,18.343549232319184,0
17517,18.9064168215956,0
17518,17.525916299431863,0
17519,20.187791998873756,0
17520,19.67877059003085,0
17521,18.328952726212076,0
17522,19.328610566414966,0
17523,21.00379333794516,0
17524,23.47357671279324,0
17525,25.20718629721599,0
17526,22.388729412001904,0
17527,22.190409040292568,0
17528,24.905798297038174,0
17529,22.991667674743802,0
17530,25.485741423256382,0
17531,24.553860234793618,0
17532,25.382397711298232,0
17533,26.21901147916401,0
17534,24.2715325372146,0
17535,25.609036858958486,0
17536,23.270741545574534,0
17537,23.281087140669012,0
17538,21.897848515521986,0
17539,22.03852663608652,0
17540,24.326703890347968,0
17541,21.958686364522325,0
17542,20.396491589458606,0
17543,21.713773643867555,0
17544,20.818936377588738,0
17545,20.30286932515503,0
17546,18.77744196941064,0
17547,17.85284842723154,0
17548,17.60738686739259,0
17549,17.565310661448684,0
17550,14.3281185123875,0
17551,14.871886848032595,0
17552,15.953132927103319,0
17553,15.485954027285922,0
17554,14.888219772250864,0
17555,16.103942142177385,0
17556,15.28867481507936,0
17557,13.220351865900627,0
17558,15.253934353007823,0
17559,16.703324993838624,0
17560,15.7900206576252,0
17561,16.74429139386214,0
17562,16.877830205131616,0
17563,17.350192809858097,0
17564,16.795606800005956,0
17565,20.06307345346874,0
17566,18.96031871355248,0
17567,18.3788909033923,0
17568,19.98745881096198,0
17569,19.621241940176937,0
17570,22.24140610707109,0
17571,21.08254693311514,0
17572,22.172698491578956,0
17573,22.230293684089734,0
17574,23.33930707712725,0
17575,22.51358717124356,0
17576,23.671859979414542,0
17577,23.58112861222143,0
17578,24.345294990591142,0
17579,23.750738371526843,0
17580,23.227821837624642,0
17581,24.282243603802048,0
17582,25.701331546845026,0
17583,24.886883415767898,0
17584,26.562061483653633,0
17585,24.28873633239053,0
17586,24.339074703902345,0
17587,23.637538706734553,0
17588,21.362332071597532,0
17589,20.640214291483435,0
17590,22.064245921514974,0
17591,20.415025230098436,0
17592,21.360079750117063,0
17593,19.96141940054813,0
17594,18.366544300008037,0
17595,17.537997290920114,0
17596,17.949431751995377,0
17597,18.154968378423845,0
17598,16.443587052863776,0
17599,17.825064071059565,0
17600,15.619551037884635,0
17601,15.994595781173036,0
17602,14.931690363723922,0
17603,17.566159481624748,0
17604,13.030799583921336,0
17605,15.186320660620153,0
17606,15.424705355456933,0
17607,14.27761461780953,0
17608,16.964756440374888,0
17609,16.49561470358649,0
17610,16.061603518533104,0
17611,18.091985169066028,0
17612,19.20008769786998,0
17613,18.080594508288204,0
17614,17.582118785055062,0
17615,19.634549103693,0
17616,19.518652698034927,0
17617,19.832392472611268,0
17618,21.65805949995805,0
17619,20.966924641964944,0
17620,22.0598110551122,0
17621,22.357623339486537,0
17622,20.986083244001076,0
17623,24.55582094690749,0
17624,24.796110694281474,0
17625,26.107105332675896,0
17626,25.68999170312557,0
17627,25.480692176735218,0
17628,26.411971940807035,0
17629,24.944228474634258,0
17630,23.97897398132772,0
17631,23.012667176381342,0
17632,24.521543627374413,0
17633,23.809779751656976,0
17634,22.894788938213377,0
17635,23.497781203676475,0
17636,23.616400952790812,0
17637,20.35584328889208,0
17638,20.937114178856433,0
17639,19.840654228167466,0
17640,19.34168918457401,0
17641,19.567545520785632,0
17642,20.133608772132295,0
17643,17.730363828170486,0
17644,17.890813298914566,0
17645,17.541588538513487,0
17646,15.243083886352732,0
17647,16.43701714964302,0
17648,14.239587292389979,0
17649,16.821186567880645,0
17650,15.541567395684158,0
17651,15.810051735960743,0
17652,17.598022980307633,0
17653,14.917819161903559,0
17654,13.984679640899719,0
17655,14.914671527453045,0
17656,17.30808582771414,0
17657,16.712285141265916,0
17658,16.410966884068902,0
17659,19.813443201534376,0
17660,17.878641080843096,0
17661,20.292328633702528,0
17662,19.212672778674815,0
17663,18.2571717855935,0
17664,20.562349756880305,0
17665,20.71520674560956,0
17666,20.726283776665127,0
17667,21.065165631033025,0
17668,21.01000730934283,0
17669,22.954526095042233,0
17670,22.979033296364033,0
17671,23.917509385526618,0
17672,24.59575209119984,0
17673,25.084846033397362,0
17674,24.96492474681619,0
17675,26.040036328010356,0
17676,24.484751092955044,0
17677,26.77390424844601,0
17678,25.215493072378003,0
17679,25.81363802787907,0
17680,22.660328132717154,0
17681,24.417489961612613,0
17682,25.77187340585266,0
17683,23.572294403919543,0
17684,21.630069052699366,0
17685,21.815269572007303,0
17686,20.214172622434518,0
17687,19.982365326346127,0
17688,19.40390445859756,0
17689,17.843112340866437,0
17690,18.924160598719435,0
17691,17.644663002890034,0
17692,18.067224565142368,0
17693,17.52757074647406,0
17694,17.598941994804534,0
17695,16.184179117202152,0
17696,15.920534157838365,0
17697,15.424870415087954,0
17698,17.543316093347173,0
17699,13.971449894716505,0
17700,13.326294119368246,0
17701,14.461556616577731,0
17702,15.49629105905292,0
17703,15.442958501790836,0
17704,15.348703329625911,0
17705,16.640415160897103,0
17706,15.359037098070173,0
17707,15.485356007208747,0
17708,16.03682405654343,0
17709,19.681141366023674,0
17710,18.84974312212586,0
17711,19.449554163285057,0
17712,18.655951180718017,0
17713,21.508162663202583,0
17714,22.367268035477444,0
17715,21.752339516638973,0
17716,21.8928565879795,0
17717,24.497230649579794,0
17718,24.571811567415814,0
17719,25.751716513954594,0
17720,25.337184362014575,0
17721,25.021512944493267,0
17722,26.59487726589903,0
17723,25.22487270487463,0
17724,24.46067903879575,0
17725,26.608898486970315,0
17726,24.66863134432422,0
17727,25.46093987262078,0
17728,25.856919760722608,0
17729,23.3171508307202,0
17730,23.091816563023666,0
17731,23.55374190668155,0
17732,23.077355956463723,0
17733,20.93782084180947,0
17734,20.92042560560268,0
17735,20.742668292113052,0
17736,20.356944577036067,0
17737,19.086496608131057,0
17738,18.380264747751394,0
17739,16.65649293066466,0
17740,16.03899118701369,0
17741,15.960387825026915,0
17742,16.21083270469699,0
17743,15.467020675987705,0
17744,16.13693890219647,0
17745,15.298554559764812,0
17746,15.85125995186451,0
17747,13.358911058465933,0
17748,14.433045964923204,0
17749,13.533139887635183,0
17750,15.340006616887264,0
17751,15.802638190437957,0
17752,17.550050474752126,0
17753,17.079181383792317,0
17754,18.587316476714157,0
17755,16.59676123420184,0
17756,15.06049128755947,0
17757,18.323238462711767,0
17758,17.43007589221322,0
17759,20.136991993526205,0
17760,21.325943535614407,0
17761,20.85379860976729,0
17762,20.771268588337055,0
17763,22.526731743646966,0
17764,21.42190220779387,0
17765,21.850743010282223,0
17766,23.33551660919749,0
17767,25.400932493718614,0
17768,25.287531219378025,0
17769,24.870634064143637,0
17770,25.722641254928288,0
17771,23.685375114808423,0
17772,25.682252958837527,0
17773,23.433465304852493,0
17774,24.263005098871176,0
17775,24.929413276529598,0
17776,24.74466318998958,0
17777,24.66680716394915,0
17778,23.828602731253326,0
17779,21.025553783780367,0
17780,23.39338071001396,0
17781,21.607784781607133,0
17782,20.90974946094905,0
17783,21.323640044651004,0
17784,19.780378069444872,0
17785,18.020117618707644,0
17786,19.5454181771272,0
17787,18.07717808227697,0
17788,15.232998502755278,0
17789,17.774787178741867,0
17790,15.792115663700727,0
17791,16.516856689701864,0
17792,14.07953358208506,0
17793,17.083591777725847,0
17794,14.260671449787148,0
17795,15.12898291812852,0
17796,13.866120801832295,0
17797,18.081686886101224,0
17798,16.33070030253432,0
17799,16.046196536348816,0
17800,16.2101206002781,0
17801,12.023363848422278,0
17802,17.239302940004144,0
17803,15.966843207270742,0
17804,17.11324350560227,0
17805,18.248580291760458,0
17806,18.968708048490218,0
17807,20.19828976457725,0
17808,19.401104811819675,0
17809,20.60854285085292,0
17810,20.72140053555432,0
17811,21.518862744610637,0
17812,23.665468476372524,0
17813,23.159604974903395,0
17814,24.01829181521674,0
17815,23.210256130243348,0
17816,24.588529435507688,0
17817,25.15600703568898,0
17818,25.279297084097106,0
17819,25.87388346066506,0
17820,26.441272188358482,0
17821,25.503867122623692,0
17822,23.161067533578308,0
17823,24.561382798911975,0
17824,23.72093334885504,0
17825,24.356138935848268,0
17826,24.237162901431144,0
17827,24.36790282142484,0
17828,21.863179375317774,0
17829,21.15991052641995,0
17830,20.203790658418036,0
17831,19.868344683049887,0
17832,19.195474637543448,0
17833,20.322264594979416,0
17834,17.29502068405773,0
17835,17.906850149573536,0
17836,17.21207262371633,0
17837,15.298659381902858,0
17838,16.38247247674907,0
17839,15.36856940998672,0
17840,14.895614942422839,0
17841,14.87519861068604,0
17842,15.868426649158067,0
17843,14.586828136443826,0
17844,15.290338649841619,0
17845,15.45527988751112,0
17846,14.88681077288997,0
17847,15.76281626775215,0
17848,15.560138629865168,0
17849,17.09891485851623,0
17850,16.233568874214487,0
17851,16.869237150429168,0
17852,17.823961086859107,0
17853,18.093180807621792,0
17854,18.610511270610896,0
17855,20.923895916440507,0
17856,19.816100579152316,0
17857,19.501582868051585,0
17858,22.119163482494475,0
17859,22.966399080049893,0
17860,21.723204170379304,0
17861,21.49976927343032,0
17862,23.20420988216536,0
17863,24.255144752283734,0
17864,25.16145070907798,0
17865,22.78222496555231,0
17866,25.589027512429453,0
17867,25.863476689670538,0
17868,26.676092738992097,0
17869,24.59140393739697,0
17870,24.85857641897187,0
17871,23.56460969965375,0
17872,26.82813498286525,0
17873,23.578352718897705,0
17874,23.793003423013836,0
17875,23.484398412634473,0
17876,20.216582144514295,0
17877,20.662783855763085,0
17878,22.847746939106592,0
17879,19.282875913513116,0
17880,19.43841702839387,0
17881,17.592975764022587,0
17882,16.895333229112996,0
17883,19.511901025828244,0
17884,18.667500582526475,0
17885,16.103794049322076,0
17886,16.76816438325112,0
17887,15.650792359130632,0
17888,16.870415628895337,0
17889,15.1574054560353,0
17890,14.613924245501575,0
17891,13.7172455010453,0
17892,15.018225557281108,0
17893,14.24239983062665,0
17894,14.984274978313815,0
17895,15.88160193779262,0
17896,16.732341034326442,0
17897,16.43404585993184,0
17898,15.16982949036992,0
17899,14.67747198862169,0
17900,16.310260271224024,0
17901,19.00675056285485,0
17902,20.243709802022646,0
17903,18.928123776504606,0
17904,19.119775640483898,0
17905,21.9110908603443,0
17906,21.44487636589132,0
17907,21.575358129297022,0
17908,22.90044882721452,0
17909,24.384165975566052,0
17910,23.28635168920394,0
17911,23.157187800882994,0
17912,25.00599055562152,0
17913,23.317312016791774,0
17914,24.67106007882414,0
17915,25.559487785356943,0
17916,26.479243500684348,0
17917,23.881746049461068,0
17918,23.989927055750943,0
17919,25.324062241927408,0
17920,23.87562252292905,0
17921,23.80637177042798,0
17922,23.44047891484081,0
17923,24.028242178711963,0
17924,20.589005786496326,0
17925,22.481525781972813,0
17926,20.605030514299898,0
17927,20.75690693482045,0
17928,20.288328563317567,0
17929,18.02401691507495,0
17930,18.88145282521778,0
17931,18.600288191540827,0
17932,19.074644408426995,0
17933,16.519345838725467,0
17934,16.22170076457212,0
17935,16.084197485086335,0
17936,17.320519099849015,0
17937,17.0114638081746,0
17938,14.431745955006528,0
17939,13.047184222308298,0
17940,14.554727853431709,0
17941,16.454479952045425,0
17942,14.941315175660124,0
17943,14.362246996103472,0
17944,16.171358173324773,0
17945,15.312819892364594,0
17946,16.991728849506117,0
17947,18.402425808531827,0
17948,17.07625538039954,0
17949,17.89487337770506,0
17950,17.63731363344113,0
17951,19.40747754008316,0
17952,21.74353039960748,0
17953,21.813020155268653,0
17954,22.0667227703118,0
17955,21.61778256592722,0
17956,21.761080591391483,0
17957,23.066410203634266,0
17958,23.746455072059817,0
17959,23.0100589336498,0
17960,23.95127546860277,0
17961,25.28929521706361,0
17962,26.244490154932826,0
17963,22.642055176596024,0
17964,24.440906601874985,0
17965,24.894727182590703,0
17966,24.324272331486746,0
17967,23.66866002918587,0
17968,23.72551804644176,0
17969,25.684143853061617,0
17970,24.081148611735802,0
17971,21.737259132455897,0
17972,22.300755896547145,0
17973,23.900538962987522,0
17974,22.102076001971874,0
17975,19.593914855095385,0
17976,20.003623284010494,0
17977,18.90765708488952,0
17978,18.784229213761282,0
17979,17.122496690473092,0
17980,17.884965235170323,0
17981,18.297446671703796,0
17982,16.407286511401818,0
17983,16.158865733819017,0
17984,16.42480178604169,0
17985,14.8417401423509,0
17986,13.58246773225486,0
17987,13.859684430249725,0
17988,15.84124241161038,0
17989,15.490892277692748,0
17990,16.242170304920336,0
17991,16.005749539090278,0
17992,15.631158764067397,0
17993,15.71792027633346,0
17994,16.121241541006015,0
17995,16.716490963095264,0
17996,16.31478693433175,0
17997,16.555487389877328,0
17998,17.368876236415968,0
17999,19.07342434991037,0
18000,19.101928663051165,0
18001,20.08910940279677,0
18002,20.719645042321982,0
18003,21.176875109063722,0
18004,21.14436408761971,0
18005,23.93890868624744,0
18006,21.917875991392375,0
18007,23.650671644139468,0
18008,23.722819786929026,0
18009,25.00847228704457,0
18010,25.829140637722624,0
18011,24.016196865353304,0
18012,25.808792415311938,0
18013,23.946313963173665,0
18014,23.94432020151175,0
18015,24.207629055775666,0
18016,23.125471607304394,0
18017,23.684190090686553,0
18018,23.72639795950402,0
18019,24.083181937932224,0
18020,23.405076038308838,0
18021,23.069448023277058,0
18022,20.133706113932387,0
18023,21.113254961876926,0
18024,20.318146265421287,0
18025,18.86534080480602,0
18026,21.36888319052582,0
18027,16.222361285493715,0
18028,17.610574527643177,0
18029,15.639931350169237,0
18030,16.425675401988773,0
18031,16.546218996492705,0
18032,15.914620591002027,0
18033,16.247529820087163,0
18034,15.793191560013494,0
18035,15.842539203448796,0
18036,14.695722784953741,0
18037,14.649587828016989,0
18038,14.758087717162574,0
18039,14.586058301680637,0
18040,13.366986077840801,0
18041,16.625014370192986,0
18042,16.125229792565552,0
18043,18.658425231658576,0
18044,17.565584780922634,0
18045,18.290685685103746,0
18046,17.263779023038367,0
18047,19.50607142595418,0
18048,20.067175655210995,0
18049,19.93572963371072,0
18050,20.903853280650374,0
18051,22.034863444153213,0
18052,20.867319537671577,0
18053,20.870669571220578,0
18054,25.202153798303936,0
18055,23.746994664507643,0
18056,24.39523468986873,0
18057,23.69388106327678,0
18058,25.747995635445662,0
18059,26.635960389866693,0
18060,23.94726520909691,0
18061,25.983931490988883,0
18062,26.45639195335154,0
18063,23.349484114382623,0
18064,23.31094410617045,0
18065,24.343198398673724,0
18066,24.319940147023804,0
18067,22.355459726400877,0
18068,23.522668252751096,0
18069,22.676755667516737,0
18070,19.44461939203417,0
18071,20.052819966089753,0
18072,19.190337296845954,0
18073,21.128621914333355,0
18074,17.773865295266678,0
18075,18.279530521645917,0
18076,16.792872631374657,0
18077,18.405449122286594,0
18078,16.276981756467066,0
18079,14.432767082336126,0
18080,15.566257819916357,0
18081,16.577077816563573,0
18082,14.605675469981744,0
18083,15.337319740566082,0
18084,14.54364817597634,0
18085,13.758628145179609,0
18086,15.49926608451618,0
18087,16.45160562378706,0
18088,17.557877007979037,0
18089,17.608727974545918,0
18090,15.476875905050534,0
18091,16.470048868261184,0
18092,17.063827138355702,0
18093,17.983345020877074,0
18094,18.65661853165983,0
18095,20.080728434066845,0
18096,20.903954500671592,0
18097,19.902368053468244,0
18098,22.36992552687409,0
18099,21.91728927648328,0
18100,22.444718200157325,0
18101,23.895602458315405,0
18102,23.40986392362419,0
18103,24.19391181392155,0
18104,25.22643515599721,0
18105,25.14952244882149,0
18106,24.316094511007755,0
18107,24.756719789335765,0
18108,24.479996575298355,0
18109,25.793972836092813,0
18110,25.73375358002515,0
18111,24.235962075230063,0
18112,26.36252005575043,0
18113,24.602241456868665,0
18114,24.767238894859098,0
18115,24.035936603229707,0
18116,22.136727640635392,0
18117,23.21579850623818,0
18118,20.78557896789492,0
18119,19.824887755505323,0
18120,20.29686292363216,0
18121,19.605586973435482,0
18122,17.788567413785895,0
18123,17.99699099027486,0
18124,20.72062525661077,0
18125,17.097429032600548,0
18126,17.35389790395932,0
18127,15.159362373840263,0
18128,15.787093068306733,0
18129,15.239869106402313,0
18130,15.772446340887823,0
18131,14.718261137535285,0
18132,14.92350053593759,0
18133,15.020641572214398,0
18134,16.914033917493818,0
18135,16.351116972780392,0
18136,15.462407647066192,0
18137,16.732162882113883,0
18138,16.03826168606843,0
18139,15.713715262825664,0
18140,17.929457048941632,0
18141,18.271948846710252,0
18142,18.525187764313088,0
18143,18.505705318582383,0
18144,18.827145762742955,0
18145,20.846547186435824,0
18146,21.75511886659604,0
18147,22.274500123177912,0
18148,22.898341709655725,0
18149,22.671846338656344,0
18150,23.1908707717877,0
18151,23.24987192571919,0
18152,23.65126896883757,0
18153,23.280435469788724,0
18154,24.32722541664973,0
18155,25.44676769127156,0
18156,23.34395647147634,0
18157,25.493399610344813,0
18158,24.965133851986806,0
18159,24.183865058428108,0
18160,22.393091083712143,0
18161,23.289269367181266,0
18162,24.494150905824867,0
18163,21.862382708525733,0
18164,21.999889112000343,0
18165,20.583303580398,0
18166,21.988321273085283,0
18167,20.621453545393937,0
18168,19.714621425839105,0
18169,19.751278952125027,0
18170,18.73903685695451,0
18171,19.447801873083026,0
18172,17.18794361216364,0
18173,17.161864489481836,0
18174,16.3713444074119,0
18175,13.727203149732784,0
18176,15.706399518970795,0
18177,15.003222097783004,0
18178,14.381187706444386,0
18179,15.281257668401068,0
18180,14.918155594830568,0
18181,13.724070858224964,0
18182,14.903793198275531,0
18183,14.8851052751878,0
18184,15.66732048372792,0
18185,16.787964015063693,0
18186,16.217886551694534,0
18187,16.972550973451035,0
18188,18.246917974522415,0
18189,16.72054591839193,0
18190,17.848279108538343,0
18191,17.365289806114077,0
18192,22.079982047411658,0
18193,19.443193027317438,0
18194,21.001641872917045,0
18195,22.345650112035152,0
18196,22.12648998473427,0
18197,22.236203740498347,0
18198,22.38839388530439,0
18199,23.55533199211414,0
18200,24.324591869827955,0
18201,23.32504145698642,0
18202,24.15357627338066,0
18203,27.026422399645423,0
18204,25.244741280569908,0
18205,26.99825652841494,0
18206,25.716357769705592,0
18207,23.534195068218068,0
18208,25.69086461932972,0
18209,23.852946520983753,0
18210,23.772862700888606,0
18211,23.07150021180043,0
18212,21.033768265177116,0
18213,20.3194489331714,0
18214,22.327381153532837,0
18215,20.808074819253925,0
18216,19.773202010555632,0
18217,20.44544025151343,0
18218,18.050427016055036,0
18219,18.730093649191396,0
18220,19.817047283277944,0
18221,14.971312321602353,0
18222,18.480612242298168,0
18223,15.725508141656077,0
18224,15.191643009899652,0
18225,16.642955639087447,0
18226,14.791125625472677,0
18227,15.44603531423781,0
18228,14.46576267397635,0
18229,15.243181675630483,0
18230,17.59574935914075,0
18231,15.195667829368166,0
18232,14.257968336166392,0
18233,15.565229122919195,0
18234,16.591795149898736,0
18235,16.157381403402876,0
18236,17.42151747200631,0
18237,16.402792471803856,0
18238,17.41975577688249,0
18239,18.01427377759216,0
18240,20.051227046938155,0
18241,20.93128071421373,0
18242,21.587267658033333,0
18243,21.686302577700747,0
18244,23.033308774873692,0
18245,22.077785679199255,0
18246,22.549786043225595,0
18247,23.235237421067275,0
18248,24.678273654645555,0
18249,24.469538427793022,0
18250,26.599787796885167,0
18251,24.552597327190014,0
18252,25.28081017128381,0
18253,24.519262506552487,0
18254,24.3270910710597,0
18255,23.573004346036186,0
18256,24.439757698405156,0
18257,24.083215688395015,0
18258,23.458759958359792,0
18259,23.29614799941974,0
18260,22.39577557536593,0
18261,21.47185999847272,0
18262,22.195424741611017,0
18263,21.955416875122612,0
18264,18.56328483450245,0
18265,19.130097031312356,0
18266,18.543377969232193,0
18267,18.573861625975763,0
18268,18.057827725950887,0
18269,17.547764314906562,0
18270,18.01328482877092,0
18271,15.915147230428783,0
18272,16.270847495031447,0
18273,15.501522248120382,0
18274,12.74052718206362,0
18275,14.240925655377238,0
18276,16.530656999171608,0
18277,14.959408703314192,0
18278,16.489391535318074,0
18279,14.93767596230093,0
18280,16.544572546320065,0
18281,15.874524381574641,0
18282,17.301736251010457,0
18283,16.35857160682106,0
18284,18.032363108967658,0
18285,16.912508890004496,0
18286,18.919298391486826,0
18287,19.75153616547776,0
18288,18.86244455015534,0
18289,22.364441340001715,0
18290,20.73957091415109,0
18291,22.009067375886197,0
18292,24.492106275245657,0
18293,22.279688650325017,0
18294,23.77394971782092,0
18295,23.238478008643817,0
18296,24.524073354422757,0
18297,24.547575693286106,0
18298,24.48193730812378,0
18299,23.04046729478085,0
18300,24.96326529251156,0
18301,24.40868008945019,0
18302,25.152562002107533,0
18303,24.078687234100197,0
18304,23.670154470520032,0
18305,23.663002278620663,0
18306,23.188755614206997,0
18307,21.876534417529008,0
18308,24.40134566134421,0
18309,22.56615840386078,0
18310,19.435567958044103,0
18311,19.075466583717052,0
18312,21.03816815059646,0
18313,19.93585993018566,0
18314,18.699838775548372,0
18315,18.56177450465085,0
18316,19.020054329426795,0
18317,16.598548644554395,0
18318,18.555858789131932,0
18319,17.491417341041448,0
18320,16.982028204601626,0
18321,15.72559559231031,0
18322,15.1928091456714,0
18323,15.148742868048773,0
18324,15.268488506635514,0
18325,15.612150709388247,0
18326,14.804580481496183,0
18327,14.81378848965735,0
18328,17.558701900679367,0
18329,17.209883422318196,0
18330,16.988338060175785,0
18331,16.391801967640205,0
18332,18.303031627548147,0
18333,17.372998775204955,0
18334,19.45451636097678,0
18335,19.239119334636033,0
18336,18.955564923056272,0
18337,21.030468751596242,0
18338,20.548175310460596,0
18339,20.718284498654153,0
18340,23.96896603620066,0
18341,23.806410411343215,0
18342,24.260437499485526,0
18343,23.602184684584913,0
18344,25.846172406756196,0
18345,25.194194036988282,0
18346,24.200450090070056,0
18347,25.870248729931962,0
18348,23.83227725912174,0
18349,24.813833551975645,0
18350,26.043606236285516,0
18351,23.924390482257863,0
18352,22.379930695583955,0
18353,24.50969669412498,0
18354,22.74374067062865,0
18355,21.693916015929094,0
18356,22.215952096677995,0
18357,22.94864678004944,0
18358,21.96764386599657,0
18359,21.9084304336999,0
18360,19.476404528438607,0
18361,18.493026862002704,0
18362,18.03873576608199,0
18363,19.206233517081806,0
18364,16.209425382813443,0
18365,17.89843026205062,0
18366,17.562273167962857,0
18367,15.061869169171736,0
18368,15.155907027835166,0
18369,16.071295296848994,0
18370,16.408983550567257,0
18371,15.005673465216669,0
18372,14.699998894039814,0
18373,14.990505754090302,0
18374,17.123876150604104,0
18375,15.83966299537076,0
18376,16.651105620143348,0
18377,16.783560604082084,0
18378,16.48141218224267,0
18379,15.996400136298924,0
18380,17.39979778626669,0
18381,17.515949188072238,0
18382,18.126144918585243,0
18383,20.13223594901662,0
18384,19.899084337541474,0
18385,18.40079012989121,0
18386,20.672722565720694,0
18387,22.3741673521808,0
18388,24.228415297261378,0
18389,22.88770835804474,0
18390,22.661677125858553,0
18391,22.492424614985268,0
18392,23.5641553576228,0
18393,24.41660318403688,0
18394,25.9831544631284,0
18395,24.590555680866423,0
18396,26.255399031508354,0
18397,26.3905992385995,0
18398,23.298601356936885,0
18399,25.648127551834012,0
18400,25.697301411906246,0
18401,24.18249524602616,0
18402,24.004103195149778,0
18403,22.1508589430547,0
18404,22.757505685067752,0
18405,21.846835029814176,0
18406,21.801042755347677,0
18407,21.66954069392011,0
18408,21.70202251951763,0
18409,19.828675462752816,0
18410,18.71038256430095,0
18411,19.919461028582496,0
18412,19.320056849575415,0
18413,17.619562792273015,0
18414,17.726373800737655,0
18415,16.327930759332382,0
18416,14.967876996527762,0
18417,16.50437397187223,0
18418,15.299966526996126,0
18419,13.880983087059464,0
18420,13.419976955847133,0
18421,14.623126452493866,0
18422,17.044189888851914,0
18423,14.605652056423185,0
18424,15.341992114377199,0
18425,13.164223670897082,0
18426,16.30044418308809,0
18427,17.06998221092631,0
18428,16.703533514830973,0
18429,17.863343268975928,0
18430,18.64119004730975,0
18431,19.798263067830227,0
18432,20.610797805586216,0
18433,18.84107119937096,0
18434,22.579175108575612,0
18435,21.731664589757084,0
18436,25.28323498824454,0
18437,24.757041789725676,0
18438,23.218848498423213,0
18439,23.461120974803613,0
18440,22.87505226076471,0
18441,26.162449720614855,0
18442,23.01815128363969,0
18443,25.001013245652125,0
18444,25.775655524252418,0
18445,25.09421102847431,0
18446,24.393214418707796,0
18447,24.45295986103711,0
18448,23.571008974326347,0
18449,23.552809519188635,0
18450,24.142708237635183,0
18451,23.71778900128042,0
18452,22.986748965565077,0
18453,22.395821443977997,0
18454,21.76618849347926,0
18455,20.96003805174193,0
18456,20.303802142374686,0
18457,19.787453019293487,0
18458,19.38108767986799,0
18459,17.688568928328845,0
18460,16.482853922429086,0
18461,15.66898287942749,0
18462,17.822681064377832,0
18463,15.477293225972941,0
18464,14.316607762100988,0
18465,14.099826449493438,0
18466,15.272097554874557,0
18467,15.489008030376011,0
18468,14.513696596147048,0
18469,14.380057715222469,0
18470,14.905092818419504,0
18471,15.478413301788274,0
18472,16.791281807291952,0
18473,16.902584058671394,0
18474,15.305437749878454,0
18475,15.62943580007401,0
18476,16.179240408220757,0
18477,18.829837107967737,0
18478,17.48400326550745,0
18479,20.282631112678384,0
18480,20.103506495073592,0
18481,20.24547430199959,0
18482,21.78589237995257,0
18483,21.509013145916402,0
18484,21.837878428069104,0
18485,20.861894666724584,0
18486,23.58274920383783,0
18487,23.365470973721436,0
18488,24.832928053071136,0
18489,23.890460453125797,0
18490,24.330364296857844,0
18491,23.94104569317138,0
18492,25.744350115001414,0
18493,25.680237283806683,0
18494,26.117722769894307,0
18495,26.267017880243422,0
18496,26.60312155748558,0
18497,23.959989343956003,0
18498,22.96663029156895,0
18499,21.00230791640367,0
18500,21.488163821325365,0
18501,21.27938897070405,0
18502,22.73532952896182,0
18503,18.145737406802734,0
18504,20.375969272135475,0
18505,20.06879036411656,0
18506,18.623208964245837,0
18507,17.71947329276988,0
18508,17.188279032045827,0
18509,18.04118523207241,0
18510,16.07091036320624,0
18511,16.57798586507939,0
18512,16.172863503195124,0
18513,13.857571754904109,0
18514,16.56548023466369,0
18515,15.639311499813866,0
18516,14.974600416647789,0
18517,15.447548866321192,0
18518,16.397606272817498,0
18519,14.266219867995602,0
18520,15.749659778179334,0
18521,17.139130435757163,0
18522,16.979820173134666,0
18523,16.706791242384934,0
18524,16.889883499768494,0
18525,18.51241858529181,0
18526,18.94037350734151,0
18527,18.674276218976352,0
18528,19.09946513937074,0
18529,20.062707023960694,0
18530,19.731074744779463,0
18531,21.482399840151146,0
18532,22.30337017279933,0
18533,23.622577122210267,0
18534,23.279853505286688,0
18535,24.80610785103142,0
18536,23.75837004293099,0
18537,21.810856230648906,0
18538,25.311719592431025,0
18539,24.164980587843477,0
18540,24.719096596363602,0
18541,23.511697700502147,0
18542,26.259436032582904,0
18543,26.573791387010154,0
18544,25.281403114865437,0
18545,22.71613009423148,0
18546,21.25381862650382,0
18547,22.235008561535615,0
18548,21.849696405994198,0
18549,22.228044271061897,0
18550,22.184603116560126,0
18551,22.299698566941338,0
18552,18.735862617963356,0
18553,19.965899041601897,0
18554,19.31864122052108,0
18555,18.08287432224627,0
18556,15.794271680939653,0
18557,16.27503769290913,0
18558,17.61361874740923,0
18559,15.069283484148968,0
18560,16.28368051835176,0
18561,14.600197465795508,0
18562,14.618853828002973,0
18563,15.638002453184521,0
18564,17.08259704406045,0
18565,16.657271586342166,0
18566,15.03539873456394,0
18567,16.031814539007808,0
18568,16.420292164125783,0
18569,16.48572830601446,0
18570,16.497385626841844,0
18571,17.735064092419638,0
18572,18.563020562799032,0
18573,18.680533274287956,0
18574,19.045499212335407,0
18575,19.179575418337123,0
18576,19.301485758023862,0
18577,19.832271455649973,0
18578,21.650520719236862,0
18579,23.488531844814418,0
18580,21.312301468125096,0
18581,21.679145722005327,0
18582,24.332369603590656,0
18583,24.42179566113432,0
18584,22.404103187810012,0
18585,23.94890713496826,0
18586,25.332451682422793,0
18587,23.769241580509398,0
18588,26.307713795033322,0
18589,25.07577567740449,0
18590,24.580106333651855,0
18591,25.684584191400436,0
18592,24.21120081896323,0
18593,23.9862883827504,0
18594,23.37759658967685,0
18595,22.759399049844077,0
18596,21.60112459809112,0
18597,23.51762299281992,0
18598,19.932162858434864,0
18599,21.13248525487039,0
18600,19.179045613738307,0
18601,19.594936014789813,0
18602,17.81003138849376,0
18603,18.327974625451176,0
18604,18.463662633339744,0
18605,17.01635417775972,0
18606,16.42029265889911,0
18607,16.10575885344966,0
18608,16.579145474512153,0
18609,14.38862013431579,0
18610,15.23168779043255,0
18611,16.234472522053686,0
18612,15.734931615766396,0
18613,15.607331848102918,0
18614,14.819626575442241,0
18615,14.41547140245138,0
18616,17.241306079298653,0
18617,15.957834252827,0
18618,16.466307767075204,0
18619,17.732769989221197,0
18620,17.689394294100868,0
18621,17.35657911025314,0
18622,19.649720004377805,0
18623,18.84404411589682,0
18624,19.99356359044307,0
18625,20.460527472408195,0
18626,20.39422071236098,0
18627,22.49365110989954,0
18628,21.148654583197146,0
18629,24.03129658735785,0
18630,23.81996230419525,0
18631,23.27146777450918,0
18632,24.809736989831034,0
18633,23.141733783357207,0
18634,27.91778412304607,0
18635,24.860043617284543,0
18636,24.675405122142337,0
18637,24.1911792242674,0
18638,25.655064552838667,0
18639,24.34496383708974,0
18640,25.53610212222681,0
18641,24.702096901233013,0
18642,23.68150117464807,0
18643,21.81963592655625,0
18644,21.744788968079305,0
18645,21.07317338889403,0
18646,22.818748795404964,0
18647,20.796296678414663,0
18648,20.690287700234904,0
18649,20.00196674737543,0
18650,17.417359438680904,0
18651,16.56767553945186,0
18652,16.892260504004888,0
18653,14.254486076513366,0
18654,16.39030869109383,0
18655,15.801583910660648,0
18656,15.282420421683767,0
18657,16.528093973463537,0
18658,15.879675415229377,0
18659,14.828422506182656,0
18660,14.604806654231478,0
18661,15.23333055254186,0
18662,14.996788619073126,0
18663,15.902992156616483,0
18664,17.178570547838557,0
18665,15.909225161494096,0
18666,17.74462817182909,0
18667,17.700480295043135,0
18668,17.468646783658333,0
18669,17.8823251255136,0
18670,17.838977471527343,0
18671,19.878380718026524,0
18672,19.410540197692825,0
18673,20.605613570190517,0
18674,22.817703968283055,0
18675,23.230247124356524,0
18676,22.300229393786296,0
18677,22.444781598132913,0
18678,24.742519891730726,0
18679,23.67666318434632,0
18680,24.908643599518996,0
18681,22.72259315425522,0
18682,26.80376013137667,0
18683,23.61270192592317,0
18684,25.777327890188626,0
18685,26.36797511441374,0
18686,24.640904959733135,0
18687,25.623074149772325,0
18688,25.279678543244042,0
18689,24.328259890593745,0
18690,23.05979654080966,0
18691,23.065971480698856,0
18692,20.96674468706726,0
18693,22.58597840333309,0
18694,22.393216447312355,0
18695,22.43955205412158,0
18696,20.691092507858837,0
18697,19.43086044622981,0
18698,19.44910999107312,0
18699,17.54994992663316,0
18700,15.84715185025578,0
18701,16.723961821068436,0
18702,16.537167496065226,0
18703,16.324687909958246,0
18704,16.930692141706277,0
18705,16.19939255645278,0
18706,16.177561546827526,0
18707,16.225612671195584,0
18708,13.032319652274381,0
18709,16.474699268710417,0
18710,17.006118405537112,0
18711,15.436226909262796,0
18712,15.486235563434953,0
18713,16.572878928951965,0
18714,16.454628593235455,0
18715,16.40894989542483,0
18716,17.897538265282325,0
18717,17.1244481044242,0
18718,20.093058969340735,0
18719,18.604354107385124,0
18720,19.181449169136357,0
18721,20.248234028661997,0
18722,22.993270497854553,0
18723,20.70283833754761,0
18724,22.84095317931688,0
18725,22.258792621624245,0
18726,22.136756107044164,0
18727,25.493596816773458,0
18728,24.545198469559693,0
18729,25.89632146215814,0
18730,25.993167925466157,0
18731,24.425192126103784,0
18732,24.51685771665621,0
18733,24.900448767234582,0
18734,24.671417882965436,0
18735,25.116209082441802,0
18736,25.872604585006286,0
18737,23.199684058407993,0
18738,23.021457105792127,0
18739,24.308429020597792,0
18740,23.98913507692792,0
18741,21.57745998190101,0
18742,21.64945695703239,0
18743,20.391185619371,0
18744,21.641715162865776,0
18745,19.952917806475753,0
18746,18.941647308016798,0
18747,19.032691276038943,0
18748,18.366138690531287,0
18749,16.9705458569247,0
18750,17.237306592986222,0
18751,16.523975471348223,0
18752,15.971450834767264,0
18753,15.452471584412924,0
18754,16.15015802871021,0
18755,16.54633677849344,0
18756,13.792093958147564,0
18757,15.324782232061533,0
18758,13.896581244707557,0
18759,14.886130012145317,0
18760,14.867666818784942,0
18761,14.891018509580057,0
18762,16.8490227191402,0
18763,16.877384536924357,0
18764,17.22025378108217,0
18765,17.874783122362608,0
18766,17.926475180516395,0
18767,19.088518107693844,0
18768,19.314204122583206,0
18769,20.468584037336665,0
18770,20.7685593364832,0
18771,22.009639344740613,0
18772,22.71946052268034,0
18773,22.898482831301195,0
18774,24.796672366240905,0
18775,24.249429660572837,0
18776,24.10335960899192,0
18777,25.198813119515766,0
18778,22.323081527624883,0
18779,23.763964027732975,0
18780,24.71338049990237,0
18781,24.584538209959003,0
18782,24.07863274812031,0
18783,24.14517542066942,0
18784,24.7644156301252,0
18785,23.38607343627645,0
18786,24.05198420560254,0
18787,23.81513066523113,0
18788,22.443273815917753,0
18789,22.762294156444895,0
18790,20.6211065557347,0
18791,21.694337128132727,0
18792,20.907014151684695,0
18793,19.606567135728838,0
18794,19.08097834247176,0
18795,16.26948426240215,0
18796,16.439095616324813,0
18797,16.111577721503618,0
18798,16.441349087065937,0
18799,16.44439767907363,0
18800,15.433364019281209,0
18801,16.020546994108027,0
18802,15.75035026537601,0
18803,12.297719375900009,0
18804,15.266334945071911,0
18805,14.864971831883471,0
18806,14.270220161232288,0
18807,15.070331749217866,0
18808,16.26884982576958,0
18809,16.71123656739787,0
18810,16.301153697196835,0
18811,16.583405097382602,0
18812,17.98306498568463,0
18813,17.314477383004117,0
18814,20.291580606122523,0
18815,18.86784306484835,0
18816,19.96173248025352,0
18817,19.024518158757537,0
18818,21.27484288554793,0
18819,22.18262691149012,0
18820,20.88407891749072,0
18821,22.565282830243458,0
18822,24.209913878519025,0
18823,25.232645548846804,0
18824,25.027904059083212,0
18825,24.85890301709823,0
18826,24.855155515735593,0
18827,25.7730020557238,0
18828,25.205115041984396,0
18829,24.45677028869253,0
18830,22.958092408811297,0
18831,23.681340629067293,0
18832,24.452418937945993,0
18833,24.546030583890204,0
18834,23.091378031635724,0
18835,22.948319377093014,0
18836,22.599619126032422,0
18837,21.669569630467247,0
18838,20.233620942691847,0
18839,20.282195182562692,0
18840,20.51518889444815,0
18841,20.2271217546663,0
18842,18.186409237652594,0
18843,15.790684077288834,0
18844,16.092208612457707,0
18845,14.896862257156933,0
18846,14.806441382038225,0
18847,16.373101025809458,0
18848,15.133939185085692,0
18849,16.698779425200783,0
18850,14.123528034096292,0
18851,15.076376371720405,0
18852,15.146502182756377,0
18853,15.358971943160997,0
18854,13.387359852784359,0
18855,15.000246142275532,0
18856,16.602768706955796,0
18857,14.208614099912893,0
18858,18.882069453244267,0
18859,17.012401832183922,0
18860,17.829617065152178,0
18861,19.381905084783213,0
18862,18.782681655600733,0
18863,20.33709708260598,0
18864,17.694480056204824,0
18865,20.436300303058264,0
18866,20.00981390400473,0
18867,22.751671375474935,0
18868,22.318395277211287,0
18869,22.357765227301396,0
18870,24.31820833918212,0
18871,21.835196368104665,0
18872,25.427906055975114,0
18873,23.778852113059607,0
18874,24.155316220844522,0
18875,22.541260332810527,0
18876,26.09654653131582,0
18877,26.12276440958615,0
18878,24.593207771565147,0
18879,24.13377271345034,0
18880,24.463422282916998,0
18881,25.767053746854426,0
18882,22.900441821807984,0
18883,22.5042637076572,0
18884,19.978091753465396,0
18885,19.790228395716483,0
18886,20.981661306026684,0
18887,20.079711337015585,0
18888,20.853351182905232,0
18889,18.779010511428154,0
18890,19.16115944232016,0
18891,18.57773987737172,0
18892,19.40407593095081,0
18893,16.50694272094311,0
18894,16.828008635259746,0
18895,17.09884132649811,0
18896,14.166285393470218,0
18897,15.805967815218441,0
18898,13.908511648312759,0
18899,14.475627772175168,0
18900,13.62466224659773,0
18901,14.689214425849771,0
18902,15.390571840463346,0
18903,16.94874329153373,0
18904,15.457827170160007,0
18905,16.08289135702321,0
18906,15.726864573461688,0
18907,16.84526929769539,0
18908,19.568574512668945,0
18909,17.939649366293324,0
18910,18.641683421623796,0
18911,18.45909197412895,0
18912,20.566849146132466,0
18913,21.46942278947906,0
18914,22.451056374820084,0
18915,21.433600819792975,0
18916,21.825433718703135,0
18917,24.312827390870932,0
18918,23.50969599076692,0
18919,23.939609436467588,0
18920,25.052428238765177,0
18921,24.843386571710674,0
18922,23.698741078461286,0
18923,25.879606444514167,0
18924,25.219090919805712,0
18925,22.89977749850505,0
18926,24.109391113800243,0
18927,24.19215765050885,0
18928,22.698858737771445,0
18929,23.32391294649759,0
18930,23.502765106088138,0
18931,23.37193025757617,0
18932,22.559970076492355,0
18933,20.46254039905072,0
18934,23.953677310666635,0
18935,21.31226878962625,0
18936,20.505522999169013,0
18937,19.87828912434239,0
18938,18.184216825337995,0
18939,16.678953910645365,0
18940,17.3013571496916,0
18941,17.1572595062498,0
18942,16.613039253774314,0
18943,16.593659388860754,0
18944,16.760333212672673,0
18945,13.75801499722395,0
18946,13.985143524027315,0
18947,13.830401559286516,0
18948,14.857124618704244,0
18949,14.623926945629819,0
18950,15.238697343678696,0
18951,14.901239964750674,0
18952,16.093544990550832,0
18953,15.656062745567436,0
18954,17.00031652469604,0
18955,15.881061572957048,0
18956,17.34537023734188,0
18957,17.145770755735775,0
18958,19.257636567841843,0
18959,19.583529237867047,0
18960,19.70654441857151,0
18961,20.358326454471907,0
18962,21.31364757884354,0
18963,22.178226716736905,0
18964,21.075846741543355,0
18965,20.56586911702069,0
18966,23.4790466971945,0
18967,24.67610970709176,0
18968,24.598443758466026,0
18969,23.76849955136781,0
18970,25.962025957091726,0
18971,23.752669727536222,0
18972,23.46149890572692,0
18973,24.015210947780652,0
18974,25.37181741524096,0
18975,25.57805920927536,0
18976,23.863291882808547,0
18977,22.873252204527297,0
18978,22.975490881183052,0
18979,23.591331371007485,0
18980,22.86586098626128,0
18981,22.34952023518669,0
18982,22.208075379497245,0
18983,22.114450695470143,0
18984,20.085622776487696,0
18985,19.267915811794424,0
18986,17.75981534035202,0
18987,17.611786324409437,0
18988,15.571498996816068,0
18989,16.99153590984795,0
18990,14.686231964024852,0
18991,14.79982700344027,0
18992,16.37848904903894,0
18993,15.542018335318907,0
18994,14.820142245042426,0
18995,15.224708245218004,0
18996,15.782970908005984,0
18997,14.371199967752684,0
18998,13.610139865618994,0
18999,18.510875436252263,0
19000,16.869852749027565,0
19001,16.264938655709383,0
19002,15.377156294173119,0
19003,17.917177482118372,0
19004,16.845702629447256,0
19005,16.96695519470957,0
19006,18.620815664593113,0
19007,18.964287572681616,0
19008,19.76940019727453,0
19009,20.969131006293185,0
19010,22.087823954362253,0
19011,21.463702734884116,0
19012,21.551725213361642,0
19013,23.418726329366557,0
19014,24.936975914445576,0
19015,24.57190110290724,0
19016,24.861019749470188,0
19017,22.19507616586209,0
19018,25.6691522666845,0
19019,25.727642428167634,0
19020,23.11515051331426,0
19021,25.16531850825661,0
19022,26.948482758345026,0
19023,25.422456427924164,0
19024,23.104030546338826,0
19025,25.090693973344855,0
19026,22.922163611842247,0
19027,22.029542352150997,0
19028,22.51637391785734,0
19029,20.681022224336722,0
19030,20.318913148541206,0
19031,22.86813565003312,0
19032,17.915439285085075,0
19033,20.587780788137167,0
19034,20.105966496025168,0
19035,17.712361636898606,0
19036,18.201950969730404,0
19037,16.896715449237952,0
19038,16.327253717463996,0
19039,16.04388213721794,0
19040,17.24884921061778,0
19041,16.795756564973917,0
19042,15.13608479225505,0
19043,14.341240731689977,0
19044,14.255113212033228,0
19045,14.353357261100534,0
19046,16.706449494531057,0
19047,15.777938690549853,0
19048,17.291206941989188,0
19049,16.676939282585938,0
19050,17.74408834863715,0
19051,15.32846074980402,0
19052,18.68011040378076,0
19053,16.614211132992036,0
19054,19.593518064600126,0
19055,20.614025336778077,0
19056,18.872699390692127,0
19057,21.354630264581612,0
19058,21.185890877484145,0
19059,21.993739156056208,0
19060,23.893279848576785,0
19061,22.737347629637874,0
19062,22.262168223538634,0
19063,25.296440263541612,0
19064,25.213573435224678,0
19065,24.861402200228063,0
19066,22.876303058633397,0
19067,24.166670143522943,0
19068,25.457659991114724,0
19069,23.221880740165645,0
19070,26.48242528373456,0
19071,25.142162625316754,0
19072,23.475284477094224,0
19073,22.802241823094207,0
19074,23.356060419731396,0
19075,24.091906849727767,0
19076,20.212323622148762,0
19077,21.47996778386239,0
19078,21.199069066557506,0
19079,21.384756485301065,0
19080,19.228011326450254,0
19081,20.291667657130315,0
19082,18.68779281706802,0
19083,17.331523699649356,0
19084,19.177389817166148,0
19085,16.78816380447705,0
19086,15.788930962904612,0
19087,16.021898514542087,0
19088,16.29099346831922,0
19089,15.519584678581616,0
19090,15.634744919626058,0
19091,15.831901213849436,0
19092,14.45232727024891,0
19093,13.205546463374926,0
19094,15.118295299623304,0
19095,13.700765967462075,0
19096,15.792235852218749,0
19097,15.834531284542136,0
19098,14.944310405242081,0
19099,17.033219675659154,0
19100,18.30670710229846,0
19101,19.11246247212137,0
19102,20.577499582847032,0
19103,18.262930333043776,0
19104,20.829224024421396,0
19105,20.886554754033206,0
19106,21.006558986968876,0
19107,22.718508826860745,0
19108,21.97556957693562,0
19109,24.201173967396155,0
19110,21.82418084847003,0
19111,24.025376058173503,0
19112,23.130245379005707,0
19113,24.563354182480822,0
19114,24.342921144315053,0
19115,25.154998809873696,0
19116,23.27701062614121,0
19117,25.66928692263563,0
19118,23.024259046177516,0
19119,25.328229988885717,0
19120,24.99164779663727,0
19121,24.003485186112783,0
19122,25.63131537508268,0
19123,22.487505012368253,0
19124,24.03330993794832,0
19125,22.075263366537055,0
19126,20.663787218906474,0
19127,22.034765054862827,0
19128,19.430283820140986,0
19129,19.13524099048438,0
19130,18.4772911769265,0
19131,18.29439120792505,0
19132,17.197328766233312,0
19133,16.45128312128706,0
19134,16.617911836511464,0
19135,15.760167810861503,0
19136,14.988829156708128,0
19137,14.641122540783378,0
19138,16.02844685221285,0
19139,15.402362442677864,0
19140,14.453695783458512,0
19141,15.796357159476434,0
19142,15.244369276338464,0
19143,16.547556221183875,0
19144,14.990733452031666,0
19145,16.45843684459473,0
19146,16.031243153593326,0
19147,16.25161539974409,0
19148,15.395287262718636,0
19149,17.60375864342678,0
19150,19.17372210421155,0
19151,18.59739442474247,0
19152,19.88641001602708,0
19153,21.78726730780624,0
19154,19.88504394489877,0
19155,22.5618824475173,0
19156,20.513694550782624,0
19157,23.75196203730511,0
19158,24.077327429252797,0
19159,25.716853234580828,0
19160,24.07198785051921,0
19161,24.93243346751329,0
19162,23.018007297732623,0
19163,25.88032322300355,0
19164,23.90775463802343,0
19165,22.463176842327478,0
19166,24.975432954090447,0
19167,25.36459813492027,0
19168,23.114027985106837,0
19169,23.682632835812726,0
19170,23.39238214903242,0
19171,23.94337508809376,0
19172,23.04383690153626,0
19173,21.301771135808853,0
19174,21.98549275203736,0
19175,21.26292239096421,0
19176,21.38002371185251,0
19177,20.17915153879681,0
19178,19.550303869637613,0
19179,17.58653204060563,0
19180,17.194568462787434,0
19181,18.37564946016708,0
19182,15.68348643192405,0
19183,15.997136220599309,0
19184,16.818413689221217,0
19185,14.597879471561129,0
19186,15.669625021847983,0
19187,15.03484799136555,0
19188,17.486891089608633,0
19189,17.126136171420015,0
19190,16.236689045321608,0
19191,14.636033853702935,0
19192,16.79865472650206,0
19193,14.672692072896362,0
19194,17.367091356907522,0
19195,16.4969185706731,0
19196,15.93895496077721,0
19197,18.528243196134827,0
19198,18.983077631063864,0
19199,20.43983400297271,0
19200,20.445370644000253,0
19201,21.402186147052912,0
19202,20.92400019889601,0
19203,20.636757900040212,0
19204,22.134538272142844,0
19205,22.716004863896266,0
19206,23.41720405541804,0
19207,25.511985304389086,0
19208,23.895411014772055,0
19209,24.800047221248363,0
19210,24.618208287165515,0
19211,25.606078644074806,0
19212,23.704137116100007,0
19213,25.08687014257167,0
19214,25.90093521080053,0
19215,25.20294695017657,0
19216,25.20313928546492,0
19217,23.851409166257525,0
19218,23.012620966449525,0
19219,21.801560125761245,0
19220,23.69882566093782,0
19221,19.765202671269197,0
19222,21.625524673377868,0
19223,19.90124117155681,0
19224,21.10468927144342,0
19225,19.457423455595478,0
19226,18.8162556909911,0
19227,16.889517763861324,0
19228,19.24896711521615,0
19229,17.87733708040488,0
19230,18.93267207458986,0
19231,17.515574983398917,0
19232,15.52037676963468,0
19233,16.637724718066,0
19234,15.522281846254213,0
19235,15.627364706462533,0
19236,14.823742765119283,0
19237,14.74059714473652,0
19238,16.2288820503276,0
19239,16.698320384855165,0
19240,14.251440423946969,0
19241,16.017171558126776,0
19242,15.267788026485853,0
19243,16.93418359030635,0
19244,17.7771218517181,0
19245,17.052331721988953,0
19246,20.46392347385608,0
19247,20.871397346502903,0
19248,20.34167836541561,0
19249,20.54766820111549,0
19250,22.06217863502852,0
19251,21.876862198508743,0
19252,21.941206488706595,0
19253,22.546829274186884,0
19254,24.993995593075688,0
19255,23.894346925256475,0
19256,23.872962469051348,0
19257,24.07533422746585,0
19258,25.678316139906944,0
19259,25.270942789307718,0
19260,25.948227162512215,0
19261,25.61147201823763,0
19262,25.776884872785875,0
19263,24.61731495677455,0
19264,22.153837591863617,0
19265,24.809861813515763,0
19266,23.00770993422458,0
19267,22.54001685400846,0
19268,21.79321489876617,0
19269,22.746022433268987,0
19270,20.77845330935163,0
19271,20.39644760043912,0
19272,17.84493835915207,0
19273,18.938413753791743,0
19274,19.660108295858223,0
19275,17.89033050097629,0
19276,17.893551654699575,0
19277,17.888028119857953,0
19278,17.732633181925983,0
19279,16.01236171726374,0
19280,16.89351288468842,0
19281,15.589120116506534,0
19282,14.954547118928357,0
19283,15.987044038176562,0
19284,13.241538744861645,0
19285,15.740559601355116,0
19286,15.929390034911568,0
19287,14.39694009620431,0
19288,16.786169302386703,0
19289,16.131262130521023,0
19290,16.596905607691,0
19291,15.305767561007034,0
19292,17.715622522309467,0
19293,18.27903504039422,0
19294,18.064207415289687,0
19295,19.038191751679328,0
19296,20.3870202829955,0
19297,20.031040816398963,0
19298,21.528362603435692,0
19299,22.56081286702164,0
19300,22.69798831754837,0
19301,22.899661604207616,0
19302,23.363565442554684,0
19303,21.939940651703203,0
19304,23.439765475346984,0
19305,25.393602711322,0
19306,24.81813911348389,0
19307,24.071694820752718,0
19308,25.189907244831463,0
19309,26.025634486835735,0
19310,24.897265125155386,0
19311,23.796661388797226,0
19312,23.899909229247783,0
19313,22.921947984555814,0
19314,24.693370405495465,0
19315,23.900294843856724,0
19316,21.9555448277602,0
19317,22.448341997410925,0
19318,20.339593912718477,0
19319,20.724215368793004,0
19320,17.93700864555276,0
19321,18.903048991476858,0
19322,20.462702196563363,0
19323,19.329409693686856,0
19324,17.304088564360004,0
19325,17.3985225838876,0
19326,15.575550199734808,0
19327,16.365071774390504,0
19328,15.708292116984472,0
19329,15.64059643497101,0
19330,15.085697858449244,0
19331,13.635937062447674,0
19332,14.090057892438068,0
19333,14.792307340175945,0
19334,16.13408822952604,0
19335,12.881017331368653,0
19336,14.63243560407999,0
19337,15.113521595584938,0
19338,16.22564209311599,0
19339,17.015853540489275,0
19340,15.342440285984999,0
19341,18.969134237653424,0
19342,20.027260548307854,0
19343,20.89513256397031,0
19344,21.49136151369426,0
19345,22.493362199179806,0
19346,20.80940453184822,0
19347,22.1470220700966,0
19348,22.249995381236364,0
19349,23.065210709323896,0
19350,24.42877904731345,0
19351,24.083338112775746,0
19352,25.924749265176768,0
19353,26.645312667543323,0
19354,22.319192425360836,0
19355,26.057202820717634,0
19356,24.908642870632292,0
19357,26.96824982210117,0
19358,25.912978512764553,0
19359,24.109128069037006,0
19360,23.158060734196667,0
19361,24.624878244543858,0
19362,24.098605065588572,0
19363,24.547043615086213,0
19364,23.09581843629603,0
19365,21.074032452166474,0
19366,21.445878288906812,0
19367,22.05897993176613,0
19368,19.674472765241006,0
19369,18.53680837953219,0
19370,20.31773292385416,0
19371,17.655975881717445,0
19372,18.069858263946745,0
19373,17.275692515250118,0
19374,18.8556330689828,0
19375,17.97296111346365,0
19376,17.76991523983811,0
19377,14.291175412321433,0
19378,15.200296633735842,0
19379,11.805677777022062,0
19380,13.758490949314893,0
19381,14.006952781977386,0
19382,15.529349282593277,0
19383,14.69114945039725,0
19384,13.825105984161649,0
19385,17.417460151656154,0
19386,16.517785536493765,0
19387,16.5723865462929,0
19388,16.15360609550506,0
19389,18.21487932405162,0
19390,18.642361466101814,0
19391,20.286366448464783,0
19392,18.651256217347207,0
19393,20.451437463513386,0
19394,20.748757286990603,0
19395,20.601326446660348,0
19396,22.437132777188204,0
19397,22.763604036603688,0
19398,21.87451143446856,0
19399,24.637316561907134,0
19400,24.21879241011836,0
19401,24.10614096838056,0
19402,23.775964348848095,0
19403,26.19199445418553,0
19404,24.868321000596975,0
19405,25.530507583126177,0
19406,25.681629100752346,0
19407,23.57242250579305,0
19408,24.865020635754448,0
19409,23.57349292390232,0
19410,23.227149942900965,0
19411,21.165132862114824,0
19412,22.635928131872674,0
19413,22.150343120204756,0
19414,20.580213809980293,0
19415,19.41891793072173,0
19416,18.792714555434742,0
19417,19.48561196565751,0
19418,19.108669468813055,0
19419,17.604413233093716,0
19420,16.341034940178325,0
19421,17.37516592235437,0
19422,16.820986303685242,0
19423,16.75726657137316,0
19424,15.90358375682304,0
19425,15.827213370027344,0
19426,15.59361994077464,0
19427,12.707432723821231,0
19428,13.543448452598012,0
19429,16.457589735000454,0
19430,15.491707397879425,0
19431,16.89348822945031,0
19432,16.392038396380862,0
19433,16.22136207929302,0
19434,16.256035150466804,0
19435,17.464839613329605,0
19436,18.75531203984949,0
19437,18.11932199298077,0
19438,19.16449361804887,0
19439,18.93194613559323,0
19440,19.715618515904787,0
19441,20.76082428855733,0
19442,21.847922172215508,0
19443,22.728086082208815,0
19444,23.039308400607815,0
19445,22.307440931785003,0
19446,23.537023553322665,0
19447,23.68083318517421,0
19448,25.09784254816282,0
19449,25.851710593047,0
19450,26.56104290942736,0
19451,25.31600399347039,0
19452,25.48148544141606,0
19453,25.067816700988,0
19454,25.852252414964095,0
19455,23.924309231428886,0
19456,24.901205628152514,0
19457,23.677101982757605,0
19458,22.626779687399505,0
19459,24.398618581756693,0
19460,21.89954293431522,0
19461,21.540818812419293,0
19462,20.911727701208143,0
19463,21.233482787357975,0
19464,20.054287873973426,0
19465,19.862990642091166,0
19466,18.576498023248774,0
19467,19.212360278255776,0
19468,16.798436324184948,0
19469,17.945856222402387,0
19470,16.434291785939216,0
19471,17.25991426819425,0
19472,15.61207597105241,0
19473,13.816420674854875,0
19474,13.716489983138722,0
19475,14.89096108487755,0
19476,15.008562362191835,0
19477,14.535773808755525,0
19478,14.594528982912781,0
19479,15.432072766694905,0
19480,14.966806693185971,0
19481,14.57205880255868,0
19482,16.941332048498086,0
19483,16.330478865108493,0
19484,17.22124562458481,0
19485,15.705843981534404,0
19486,18.365385473074262,0
19487,19.461236663348878,0
19488,20.76797553818186,0
19489,21.00212939074612,0
19490,21.39263289987244,0
19491,23.020988132442138,0
19492,21.247606579353345,0
19493,24.380180532390277,0
19494,24.223266573416314,0
19495,23.13909913265411,0
19496,25.076655981199416,0
19497,25.320913216651785,0
19498,24.57282793727409,0
19499,23.232473395802348,0
19500,23.566211986801587,0
19501,24.360636474264428,0
19502,24.783592687260946,0
19503,24.349846936478922,0
19504,25.650646519181688,0
19505,23.00762074290154,0
19506,23.46342728771444,0
19507,21.605961001361838,0
19508,21.970879014237642,0
19509,22.132352565268402,0
19510,20.738106936133853,0
19511,21.90304871627413,0
19512,20.19884736452461,0
19513,20.499227389100533,0
19514,19.58865240927116,0
19515,18.46060806341924,0
19516,17.514726463392222,0
19517,17.216248601016108,0
19518,16.43969042688933,0
19519,14.92529626221534,0
19520,15.326131956262602,0
19521,15.403580596360236,0
19522,15.7652742703736,0
19523,15.411346905368326,0
19524,16.180836120289698,0
19525,13.826352243094872,0
19526,17.236653565277482,0
19527,14.68609620489617,0
19528,15.69823378557097,0
19529,15.69491385894872,0
19530,15.632067730631224,0
19531,16.000100302638604,0
19532,17.45538401483299,0
19533,19.031829784539497,0
19534,18.295004965611852,0
19535,17.847337337641417,0
19536,21.620188608439666,0
19537,21.36206165465339,0
19538,21.164844356950965,0
19539,23.594795362214484,0
19540,23.191400358207922,0
19541,23.396214220352437,0
19542,26.728946386150298,0
19543,23.306253818737474,0
19544,24.95688846348004,0
19545,24.850338534877704,0
19546,24.0874477697359,0
19547,23.574997890260008,0
19548,24.167097021277336,0
19549,25.18792784433187,0
19550,26.452130254878618,0
19551,23.906244087230448,0
19552,25.200141897441455,0
19553,23.75666965219392,0
19554,23.354111870445358,0
19555,22.394187322686943,0
19556,20.91278278995855,0
19557,20.864527313765024,0
19558,20.355935881538926,0
19559,17.80987119057967,0
19560,20.836868098512554,0
19561,19.376046100864905,0
19562,18.521838348535432,0
19563,19.920472664702036,0
19564,15.321973445687721,0
19565,17.073465551397643,0
19566,17.32261155905144,0
19567,16.227008977906184,0
19568,15.763307781335026,0
19569,15.219662456219647,0
19570,14.422216448059164,0
19571,13.027451859999918,0
19572,12.548343003754956,0
19573,16.246343372061308,0
19574,15.942873989093544,0
19575,14.0662467628711,0
19576,17.382014959229085,0
19577,16.223879945990568,0
19578,16.371184613893295,0
19579,16.901669862010294,0
19580,16.31252437409387,0
19581,18.558584452928375,0
19582,17.34526946295375,0
19583,18.710289276581797,0
19584,19.55440605249007,0
19585,19.84837640962519,0
19586,20.297195600086184,0
19587,21.77987901901364,0
19588,23.84690281887288,0
19589,22.521142650688407,0
19590,25.874725305962606,0
19591,22.51282593137128,0
19592,26.066107079312314,0
19593,24.71573951343205,0
19594,22.83197119955649,0
19595,25.212774108217033,0
19596,24.849625774781,0
19597,25.273745525320745,0
19598,24.68391385540907,0
19599,24.06021967310085,0
19600,24.25055444950581,0
19601,24.53718154780196,0
19602,22.386842158729703,0
19603,23.011173248436673,0
19604,22.783066060343412,0
19605,20.71729173409868,0
19606,23.030190058673348,0
19607,21.211405107743683,0
19608,19.772868609768725,0
19609,16.97209220923722,0
19610,18.630890129361447,0
19611,20.7534735357819,0
19612,18.091929107722002,0
19613,16.393375004503294,0
19614,15.86916083198301,0
19615,14.905444679490756,0
19616,16.252811162456965,0
19617,15.959647384938352,0
19618,14.671780111074174,0
19619,14.398820613010562,0
19620,14.900677492874486,0
19621,14.154569152497958,0
19622,16.17261575135093,0
19623,16.81134399538606,0
19624,15.367886155065953,0
19625,17.945644801214996,0
19626,17.915532081629454,0
19627,17.257266636843305,0
19628,17.09025048811074,0
19629,19.480089438349825,0
19630,17.083952431972946,0
19631,19.378495600094855,0
19632,19.181847307438908,0
19633,20.113420199045397,0
19634,22.397872312711634,0
19635,20.514574220885955,0
19636,22.847009503709426,0
19637,24.59157162954747,0
19638,22.78755269743274,0
19639,22.988014524877563,0
19640,26.475188966115205,0
19641,22.71839330166293,0
19642,24.792772202983095,0
19643,25.18518707135476,0
19644,23.976711821667806,0
19645,25.245514377118873,0
19646,23.751012106843042,0
19647,24.05961288096093,0
19648,24.56564229090213,0
19649,23.86210648657623,0
19650,24.554431158450065,0
19651,24.202015373618252,0
19652,23.724019934396587,0
19653,19.607781207187223,0
19654,20.910392294096845,0
19655,20.223168964640166,0
19656,20.38523872793452,0
19657,18.25813760845629,0
19658,17.345272987817005,0
19659,19.1851513795754,0
19660,15.993073063475519,0
19661,16.545258432203003,0
19662,14.857173531303042,0
19663,16.88904148672277,0
19664,14.570999894159524,0
19665,15.445769921529738,0
19666,15.13599376046027,0
19667,16.573119146350255,0
19668,15.379503722098224,0
19669,14.034907189595966,0
19670,13.04915803914404,0
19671,15.503045970670573,0
19672,16.56811912570628,0
19673,18.61403854060483,0
19674,15.874644205415414,0
19675,15.900912607271069,0
19676,16.59827604003226,0
19677,19.891439225646923,0
19678,19.015506326309957,0
19679,18.762639812365325,0
19680,21.20847456555694,0
19681,21.31877341470127,0
19682,19.48731128171043,0
19683,19.566577654080422,0
19684,24.640449411869703,0
19685,23.266462104048262,0
19686,22.472337771865234,0
19687,23.41066511076635,0
19688,25.350811861204814,0
19689,23.7501434134915,0
19690,25.996222225600274,0
19691,25.112146343382772,0
19692,24.92547981579907,0
19693,24.7412177951366,0
19694,23.922623856247935,0
19695,22.406423835794804,0
19696,25.532353473650574,0
19697,23.47996822475308,0
19698,23.035824487378562,0
19699,22.234267069227435,0
19700,21.56457742513446,0
19701,21.260763791661606,0
19702,19.00806780007628,0
19703,20.305289707545498,0
19704,19.92363044393307,0
19705,18.119366098908575,0
19706,19.005436538156047,0
19707,18.03271879576748,0
19708,16.69887954463581,0
19709,16.156352575760007,0
19710,16.924010193249558,0
19711,15.492044312135521,0
19712,14.484656682430696,0
19713,16.102602613095037,0
19714,14.974792641905116,0
19715,14.979881174062903,0
19716,14.092238938139483,0
19717,15.00322233046602,0
19718,16.179986169612736,0
19719,15.499403486520341,0
19720,16.00883488455668,0
19721,16.126925592241797,0
19722,16.58366753768814,0
19723,14.739573219089948,0
19724,18.071575917785616,0
19725,19.00520827815837,0
19726,18.68642121481341,0
19727,20.057503285110304,0
19728,19.799992628102306,0
19729,21.718159916812873,0
19730,19.83419533352453,0
19731,22.358328873188917,0
19732,23.516888811662252,0
19733,24.144710121415027,0
19734,24.434603573173494,0
19735,24.56833728882331,0
19736,23.7602874449522,0
19737,23.778082075139224,0
19738,25.48119060808529,0
19739,24.492480910892226,0
19740,25.438977368951797,0
19741,23.826608428025082,0
19742,24.811498116984676,0
19743,23.3719083210638,0
19744,23.095022588108083,0
19745,24.163308559081013,0
19746,24.9565362299069,0
19747,23.20228483183211,0
19748,23.580812923345405,0
19749,22.726771942463415,0
19750,21.755229109621162,0
19751,20.371085820627084,0
19752,19.99422137290997,0
19753,20.36432935080472,0
19754,20.070027657923493,0
19755,18.347981422917083,0
19756,18.106383772884882,0
19757,18.61252745855656,0
19758,16.837703189920205,0
19759,15.35858109158728,0
19760,15.05867602427587,0
19761,14.2521616874701,0
19762,13.62530923963039,0
19763,14.683855786084598,0
19764,15.08049242963363,0
19765,15.320231340827991,0
19766,15.683680249117922,0
19767,15.37343978198608,0
19768,17.350986355001314,0
19769,15.179590488273172,0
19770,16.39592515814204,0
19771,18.77324369752516,0
19772,18.64846212188893,0
19773,17.824629737008127,0
19774,21.40683233344127,0
19775,20.476024016496545,0
19776,19.23639769567197,0
19777,20.252549379790082,0
19778,22.212854828337843,0
19779,20.81671420025365,0
19780,23.70586037765482,0
19781,23.916003890558738,0
19782,23.534842394072882,0
19783,26.301406948370975,0
19784,23.14531907112484,0
19785,23.734155935609223,0
19786,25.842872810868343,0
19787,24.091851101189746,0
19788,26.34837187743104,0
19789,24.184426972086193,0
19790,26.230237961038817,0
19791,25.591699507398523,0
19792,24.635921680784524,0
19793,23.33556392077198,0
19794,22.830492269682228,0
19795,23.016811903467968,0
19796,20.430182244213974,0
19797,21.504762756053328,0
19798,20.920074814184503,0
19799,20.466489272355137,0
19800,19.079618039581135,0
19801,20.41274430605341,0
19802,19.50748962686186,0
19803,17.659368481160747,0
19804,17.12110755526253,0
19805,15.116216757309651,0
19806,16.09953115830521,0
19807,15.88076017265119,0
19808,16.812427802486944,0
19809,16.698348639486966,0
19810,15.872570379629064,0
19811,15.083313503158283,0
19812,15.934416147540265,0
19813,16.190638804595604,0
19814,14.549210932622774,0
19815,14.668617772792848,0
19816,16.244361153016488,0
19817,16.33148813353953,0
19818,16.534373619546113,0
19819,16.879929248836746,0
19820,16.327017200330292,0
19821,18.077688816180125,0
19822,18.18867832086603,0
19823,19.028386329215195,0
19824,19.462687000860033,0
19825,22.33664652280049,0
19826,22.287585930709643,0
19827,23.343494344365265,0
19828,22.527159691160932,0
19829,24.7358051532684,0
19830,23.399552027156464,0
19831,23.835558389356088,0
19832,25.50238777826176,0
19833,25.279326566134973,0
19834,24.986315876195714,0
19835,25.523611760506373,0
19836,26.552616966351124,0
19837,26.26602410235506,0
19838,24.691773710268237,0
19839,24.921104085639953,0
19840,23.548618905054823,0
19841,23.327032805387322,0
19842,24.834658219676676,0
19843,25.34657476172981,0
19844,23.715211818709967,0
19845,21.4707250355349,0
19846,22.27006105155135,0
19847,20.492699301323366,0
19848,20.511489162167543,0
19849,20.04080322595588,0
19850,17.845386638132435,0
19851,18.16491127398848,0
19852,18.656248990710274,0
19853,15.902714521000465,0
19854,16.564232034272774,0
19855,17.707777754345276,0
19856,16.78652116704187,0
19857,14.343649773939934,0
19858,14.559214783770406,0
19859,14.54637983232556,0
19860,16.02305990378183,0
19861,13.25990018584288,0
19862,15.125551142412869,0
19863,16.213699565254686,0
19864,15.161719406252818,0
19865,16.52542588656392,0
19866,16.192725756166865,0
19867,15.291262067727782,0
19868,16.02101620452145,0
19869,17.750648711657576,0
19870,18.997830385778347,0
19871,19.66086461259373,0
19872,19.87594479373903,0
19873,20.714289941516903,0
19874,21.147465823154295,0
19875,20.458869913349826,0
19876,23.184737439116454,0
19877,23.276656005929382,0
19878,24.40725944049861,0
19879,24.922153611497603,0
19880,24.753204207821042,0
19881,25.898073985111274,0
19882,25.359776132863583,0
19883,25.89756901329556,0
19884,26.529126939177395,0
19885,23.507540125449736,0
19886,24.522307234395967,0
19887,24.651848708057397,0
19888,24.447923742743907,0
19889,22.47945166658791,0
19890,22.835541643766184,0
19891,21.921037669366868,0
19892,23.49586499669238,0
19893,23.02752230131218,0
19894,20.139071362626538,0
19895,19.940786135018577,0
19896,19.66321039035278,0
19897,19.50084327432087,0
19898,20.556222472724215,0
19899,18.41309498662667,0
19900,16.33382010957253,0
19901,17.515996475432466,0
19902,16.88534878681537,0
19903,17.75228353858463,0
19904,15.317218552921421,0
19905,13.375995549295677,0
19906,14.818283913750179,0
19907,13.379715273976501,0
19908,15.418917656049501,0
19909,13.323493754382463,0
19910,14.819702746922761,0
19911,14.70914973710341,0
19912,16.680696230946047,0
19913,16.28459472624909,0
19914,17.0855790250646,0
19915,17.92244879038008,0
19916,17.147311560149216,0
19917,17.4682477343599,0
19918,18.681746696753308,0
19919,20.227478123711865,0
19920,19.567607083003015,0
19921,21.537211182018797,0
19922,20.171468086529135,0
19923,21.47502868055464,0
19924,22.059959957963155,0
19925,21.713372427743234,0
19926,26.358167055759004,0
19927,25.9297460994553,0
19928,21.969014186253837,0
19929,25.245480934989068,0
19930,24.424323783013566,0
19931,24.987060018772745,0
19932,26.72141665427181,0
19933,23.786890631851637,0
19934,24.01300550234163,0
19935,27.010028951256537,0
19936,24.710528531995028,0
19937,21.862386045775207,0
19938,23.340249467883453,0
19939,23.531756687359156,0
19940,22.716792297137832,0
19941,21.60763006043759,0
19942,23.04626831306824,0
19943,22.379315925819768,0
19944,19.329498994544895,0
19945,19.38419291781284,0
19946,18.699026849610917,0
19947,17.914070167785322,0
19948,17.90042306859657,0
19949,16.919085851915323,0
19950,17.225289228408517,0
19951,15.328667782878382,0
19952,15.833805327506777,0
19953,16.158696417629102,0
19954,16.468022974452147,0
19955,15.24286977069571,0
19956,14.286520055266148,0
19957,15.102537684122156,0
19958,15.10821233208391,0
19959,14.938909378161478,0
19960,16.729107274400825,0
19961,15.039968206291231,0
19962,17.255345982437795,0
19963,18.213795024726153,0
19964,16.572988012598373,0
19965,15.579713927170179,0
19966,17.415893669234258,0
19967,19.735280688927972,0
19968,20.248173052040848,0
19969,21.454544578962576,0
19970,22.762889459683766,0
19971,22.001764091207352,0
19972,21.376982154877265,0
19973,24.83863123041504,0
19974,23.38336682946227,0
19975,22.8040846319604,0
19976,23.55958911166273,0
19977,21.415786442464345,0
19978,25.764255888495956,0
19979,23.564256898798156,0
19980,24.835700526080796,0
19981,25.440133551671614,0
19982,23.671571519840253,0
19983,24.554906515464577,0
19984,23.718734357442134,0
19985,24.394892010303316,0
19986,24.016492811593398,0
19987,21.426829699489005,0
19988,20.861231026192016,0
19989,22.576386433023174,0
19990,20.374795692207606,0
19991,21.531480756121972,0
19992,20.549219680495455,0
19993,21.67012343674021,0
19994,20.595589141805057,0
19995,19.870641137894978,0
19996,17.513028089047697,0
19997,15.711288121465026,0
19998,16.43517070548472,0
19999,16.834759471373758,0
