t,y,is_changepoint
0,20.18905338179353,0
1,20.12988251961951,0
2,20.88103168212071,0
3,19.471949779185593,0
4,24.299707382720904,0
5,24.18797301708083,0
6,23.210111069064915,0
7,24.74057328818384,0
8,24.61133768871984,0
9,24.06557482613238,0
10,25.807196582571375,0
11,24.646667760209898,0
12,24.671176095942037,0
13,24.16507755151015,0
14,25.284587202686197,0
15,24.520199610839047,0
16,24.875415732886875,0
17,23.35958100158554,0
18,23.662361753044607,0
19,22.151533101613815,0
20,23.341464972370144,0
21,22.101452248806137,0
22,21.624666233647933,0
23,21.063134874070524,0
24,18.989242499846664,0
25,20.13055003504382,0
26,20.762607592829767,0
27,16.448140334939026,0
28,15.770588532845519,0
29,15.451361441092079,0
30,17.305924987521266,0
31,16.161948956017895,0
32,16.748215421817104,0
33,16.103033209751064,0
34,15.38094268092994,0
35,15.32681383838132,0
36,14.830239502276864,0
37,15.911235904342456,0
38,14.040654906773902,0
39,14.95874351126525,0
40,15.912811834176543,0
41,17.834654156993153,0
42,15.700001978346863,0
43,15.877132395819453,0
44,16.936712801495958,0
45,19.055855039312718,0
46,18.470899267595566,0
47,20.6717160581367,0
48,18.127470482393974,0
49,21.781154103000734,0
50,22.328961465442145,0
51,20.49475147202396,0
52,22.653581886535957,0
53,24.259564780238136,0
54,23.62345294824226,0
55,24.966468123607957,0
56,26.705013932239336,0
57,24.893329917148762,0
58,24.549246817502404,0
59,24.186172147049522,0
60,25.648064601544487,0
61,24.760494240511328,0
62,24.650882760651275,0
63,24.5141378841414,0
64,24.97999667150769,0
65,22.900427089291263,0
66,22.005657415262178,0
67,20.609930447894666,0
68,23.698670899390077,0
69,21.98721052140872,0
70,22.80421463863495,0
71,20.643674662989856,0
72,19.257844544800825,0
73,19.825298337699405,0
74,18.629316361550202,0
75,16.83239617620092,0
76,16.61493341854923,0
77,18.722972172440986,0
78,16.81881668939079,0
79,16.449619833574005,0
80,15.393321262756794,0
81,14.690882773677476,0
82,16.062026684125595,0
83,14.938149240457255,0
84,14.24089188825207,0
85,14.9086471737814,0
86,14.264764851832306,0
87,15.570648176034675,0
88,16.799100611146844,0
89,15.197148132400578,0
90,17.893010099238047,0
91,16.288572906294938,0
92,17.65341216272393,0
93,17.250196312870358,0
94,18.48366960813306,0
95,19.394773451393874,0
96,19.56531505382657,0
97,19.949743065527745,0
98,20.61620903484894,0
99,21.09225721257459,0
100,20.929920007075573,0
101,22.780837533966142,0
102,23.936692115542872,0
103,24.875168626548923,0
104,24.9772297474683,0
105,27.07673418489886,0
106,25.14831076652318,0
107,24.500890412937032,0
108,26.87163463701607,0
109,23.91000621327497,0
110,25.798106740967558,0
111,23.664252892831747,0
112,24.6842386765237,0
113,21.99836994921831,0
114,24.434807613583352,0
115,22.88555952977203,0
116,21.53231852827579,0
117,23.591836200587615,0
118,22.059449909278726,0
119,20.69843879687964,0
120,19.254556611209882,0
121,19.30400644873799,0
122,18.541976011532206,0
123,18.811359331715654,0
124,18.2980751811598,0
125,16.288436475193667,0
126,15.915095533310211,0
127,15.50116797076521,0
128,14.32055573481991,0
129,14.789027454552354,0
130,15.077962803348266,0
131,15.733727637736589,0
132,16.32037948936678,0
133,14.234429815571616,0
134,15.72134740043596,0
135,14.936145511738022,0
136,17.745060757393198,0
137,15.984509753918124,0
138,16.96659306447587,0
139,16.02003070181856,0
140,16.689310535700557,0
141,18.288278139045175,0
142,18.321850323991278,0
143,19.70065763147028,0
144,18.438175880714255,0
145,21.314635931249196,0
146,20.394614867732855,0
147,23.635840558191752,0
148,22.21153275793202,0
149,24.141072181929562,0
150,22.140550583069718,0
151,24.395712945971056,0
152,23.442097368127598,0
153,24.132508593870497,0
154,24.854225513636592,0
155,24.64014933993443,0
156,25.264255625146482,0
157,25.704879735675256,0
158,25.482411270535202,0
159,24.53191617966298,0
160,22.96669650893784,0
161,23.162120594947353,0
162,23.33977769745498,0
163,20.921981172441622,0
164,23.252080589220796,0
165,21.67377896949644,0
166,21.042775926905716,0
167,21.601007171737336,0
168,20.667910506249427,0
169,19.56837000522226,0
170,17.70457118725393,0
171,18.397004414460966,0
172,17.846177538556734,0
173,16.071419521189153,0
174,17.5077779392627,0
175,16.541120480750415,0
176,13.700248614561582,0
177,15.502551787113857,0
178,13.905672874581118,0
179,16.17909084138781,0
180,15.807027957542584,0
181,13.939184943067604,0
182,14.2854981689071,0
183,15.482455622187516,0
184,15.431062162919305,0
185,17.558436378717087,0
186,17.205439911246433,0
187,16.673765607684707,0
188,18.077395933676396,0
189,16.05430353166115,0
190,19.015769461904256,0
191,20.213776097901597,0
192,19.82104748892407,0
193,19.9424167697927,0
194,21.859928678886156,0
195,23.872031889440905,0
196,22.7048689341867,0
197,21.92312948187833,0
198,24.981338693852187,0
199,22.088219221067813,0
200,24.833331874253975,0
201,24.037443013395894,0
202,25.76022756253445,0
203,24.10774993904603,0
204,26.323847805852772,0
205,25.257497397289516,0
206,23.10278850000557,0
207,22.645584634351657,0
208,24.01403150625723,0
209,25.260978329866767,0
210,23.662563941176114,0
211,23.110927847547412,0
212,22.26409616633234,0
213,22.651317331753454,0
214,21.67142202220751,0
215,20.93297683474254,0
216,19.0152770586421,0
217,20.53522234725674,0
218,20.068985187212803,0
219,16.78522931794956,0
220,19.80149513284495,0
221,17.678699444709896,0
222,15.976460097685791,0
223,14.128877392400291,0
224,16.326719399108104,0
225,15.938113710842895,0
226,14.574739044224533,0
227,13.252222426146528,0
228,16.12447675788419,0
229,14.454456740037257,0
230,14.698625793314996,0
231,18.22624741195309,0
232,17.79784517802759,0
233,16.98697003003693,0
234,16.00904507020144,0
235,17.605654128934823,0
236,15.218530222712147,0
237,18.19311553975206,0
238,17.94608649270507,0
239,18.06176389523507,0
240,18.417195535762097,0
241,21.177772558975374,0
242,21.383395598826013,0
243,22.073140825825604,0
244,23.342376055256583,0
245,22.19772337637823,0
246,22.29994945146381,0
247,22.190401316537933,0
248,23.994930444995493,0
249,25.379553871108907,0
250,24.68020560616929,0
251,25.598352497220787,0
252,23.818946286395185,0
253,24.48810297499734,0
254,24.063692450063996,0
255,23.371019852320746,0
256,26.18960055618311,0
257,24.818907473723975,0
258,22.773733353655604,0
259,22.277789936853853,0
260,22.44280314619482,0
261,20.47136325905689,0
262,21.729922391397036,0
263,19.35839218593699,0
264,19.629567025129084,0
265,18.322546414771782,0
266,18.226056484752583,0
267,16.75542565760956,0
268,15.927177972973668,0
269,15.990051977229557,0
270,15.784456236397263,0
271,15.738343868841206,0
272,15.738856613218656,0
273,16.907498447289964,0
274,15.982622699116574,0
275,14.789876491444524,0
276,15.725918334736924,0
277,14.353878428590098,0
278,16.6188622551716,0
279,15.930079299884467,0
280,14.314033646406257,0
281,16.788618822017494,0
282,17.280558446685024,0
283,14.270597565303959,0
284,16.751905045748877,0
285,17.612760318556088,0
286,16.777392522687155,0
287,18.28019154658713,0
288,19.05164181180715,0
289,21.15972676646598,0
290,21.594558403243116,0
291,24.53959099044403,0
292,22.10574059661586,0
293,24.197038138884725,0
294,23.614380381313314,0
295,24.237692480426926,0
296,23.170497201636007,0
297,22.708497884613987,0
298,24.062480905628135,0
299,25.71939287858236,0
300,26.582805612025467,0
301,25.561215357734337,0
302,25.327910041288547,0
303,23.780630808582078,0
304,25.864420864238138,0
305,25.310573021853028,0
306,23.004701418763606,0
307,22.99743647584972,0
308,21.503948076535217,0
309,23.380624047209345,0
310,21.70044939454242,0
311,20.557566291939896,0
312,20.406900000422922,0
313,19.78799132926827,0
314,18.294408071084558,0
315,16.845017652431604,0
316,16.21625463128511,0
317,15.217826341844884,0
318,16.925719114564096,0
319,18.25177513717784,0
320,13.970803683441257,0
321,15.518889796268459,0
322,15.58135481116075,0
323,14.058150015869451,0
324,15.20442580206739,0
325,13.945838794212564,0
326,16.370772987542782,0
327,14.786353281132003,0
328,15.770433364569053,0
329,16.71747488353835,0
330,16.034646724874925,0
331,15.164962032115342,0
332,16.968744341064568,0
333,18.84957810582096,0
334,18.621372117193992,0
335,19.57715822286367,0
336,18.91959819309504,0
337,20.795853871915778,0
338,22.022262215431418,0
339,21.949865182316053,0
340,24.408014590320125,0
341,22.83601356678303,0
342,22.494183669595387,0
343,22.34910745911007,0
344,25.482132910114867,0
345,24.560379418759943,0
346,25.84125091130778,0
347,25.41489322564114,0
348,26.625084290575796,0
349,26.223331669630188,0
350,24.452074569277016,0
351,24.89328256347063,0
352,25.415499011595262,0
353,22.730691557400828,0
354,24.986429880993533,0
355,24.25580048735585,0
356,23.482925863311443,0
357,21.71248500090847,0
358,21.596236265255538,0
359,19.535391720198067,0
360,20.057954173835448,0
361,18.759989517460358,0
362,18.792468739829825,0
363,17.591956575373572,0
364,17.78380351191923,0
365,18.135525031291365,0
366,15.154862910152614,0
367,16.958624174067722,0
368,13.678060411560317,0
369,13.21956898691642,0
370,15.051002192156572,0
371,15.049505074770053,0
372,15.44280085364586,0
373,13.395390422963503,0
374,15.110432225809507,0
375,15.507127034671184,0
376,16.925077964248977,0
377,15.929393713037241,0
378,16.99345784238872,0
379,15.978767304627857,0
380,17.312445366199917,0
381,17.641047517036025,0
382,19.409209153148957,0
383,18.358549761556496,0
384,19.165677542869975,0
385,21.228619129647228,0
386,23.08353188766891,0
387,22.296120492354998,0
388,22.803560293428408,0
389,22.69766475145567,0
390,24.623959134828073,0
391,24.50668365811299,0
392,26.063319738283454,0
393,24.950109172901342,0
394,23.88095221366763,0
395,24.38728280604629,0
396,24.01259544691442,0
397,23.70640341395869,0
398,26.093346557977036,0
399,25.42673457065469,0
400,23.09148264311304,0
401,25.74808738434654,0
402,23.780094632098848,0
403,22.086915156443254,0
404,22.88622194143967,0
405,21.844222906470538,0
406,20.52144047135604,0
407,18.70969666867761,0
408,20.03671990442456,0
409,19.63936488680116,0
410,16.126827393954635,0
411,18.641490167337814,0
412,18.117633315273633,0
413,16.486397247555615,0
414,16.576589148978726,0
415,15.752575136254892,0
416,14.832770415174574,0
417,15.02054735695445,0
418,16.521974703229418,0
419,13.592158605700282,0
420,15.237192280759995,0
421,15.2268934487452,0
422,14.462740564507873,0
423,14.940263131831953,0
424,14.269459577234066,0
425,15.181271109018377,0
426,16.479417924054403,0
427,17.28290875833774,0
428,16.601623197663304,0
429,21.14292528675112,0
430,18.135560224726834,0
431,19.47469904298835,0
432,19.769419918863377,0
433,20.252851176449578,0
434,22.595164148480475,0
435,21.434605781065798,0
436,23.83438881486546,0
437,24.18562342748883,0
438,22.48986874333118,0
439,25.00226019543107,0
440,23.67974893372026,0
441,27.35585638841887,0
442,24.443798764157503,0
443,24.016298072665357,0
444,23.08892372937812,0
445,23.664179144962375,0
446,24.24898021932978,0
447,23.62136985954948,0
448,23.101440122767865,0
449,23.27142697135726,0
450,23.32898616213367,0
451,24.493154519685945,0
452,20.79670511119133,0
453,21.361776163336327,0
454,20.340201620312204,0
455,19.137483166753118,0
456,18.73386334347961,0
457,18.44163419875192,0
458,19.422948210742504,0
459,17.89268226255603,0
460,16.96201488749355,0
461,17.567484549605492,0
462,16.745235586665704,0
463,15.809904454364343,0
464,16.054158824338888,0
465,14.55225135210314,0
466,15.79775221050376,0
467,15.509700641383535,0
468,14.587695724884224,0
469,13.823299525627633,0
470,16.690435228797163,0
471,15.474803350862917,0
472,18.721137971457598,0
473,15.379824228010655,0
474,17.317309109246736,0
475,16.521973693630528,0
476,17.75366805322112,0
477,18.919974050320114,0
478,17.906596963046148,0
479,19.24727857403807,0
480,20.160941593397585,0
481,20.766111064627328,0
482,21.890546254212516,0
483,22.938980331522583,0
484,23.333628338854936,0
485,23.306819701111895,0
486,23.188160958504508,0
487,22.837083119075952,0
488,23.594628559873186,0
489,24.090848875388595,0
490,25.512343194750375,0
491,24.59361412816142,0
492,23.757661233075343,0
493,25.583571459643576,0
494,24.026378434139684,0
495,23.853569058664686,0
496,24.10385560753262,0
497,24.439944547586236,0
498,21.122350403864964,0
499,21.92235315813428,0
500,22.675589149273762,0
501,21.549256162425422,0
502,20.429550710277095,0
503,20.111178077030235,0
504,21.38525401478139,0
505,18.891640768598204,0
506,19.418569737984853,0
507,18.87845192027007,0
508,17.049778983620296,0
509,17.399631922314757,0
510,16.0142284780019,0
511,15.42281578952064,0
512,14.543878620240132,0
513,16.255558588954564,0
514,14.772211528577614,0
515,14.490633286566403,0
516,13.872555080661565,0
517,16.851620655989734,0
518,15.912176480598946,0
519,15.24779786310494,0
520,14.975138608567395,0
521,14.503433302832743,0
522,16.75627976586021,0
523,17.244614666565703,0
524,16.091599314066915,0
525,19.248133198655697,0
526,19.48186114263084,0
527,18.385295295444273,0
528,19.44430346012431,0
529,20.225310334565005,0
530,21.454774186067397,0
531,21.767847736429513,0
532,20.861060908514787,0
533,24.517904621484153,0
534,23.85184432574548,0
535,25.22754007417818,0
536,25.584949365787825,0
537,24.411496845893616,0
538,25.17159126708627,0
539,25.69388891873298,0
540,25.76961342824883,0
541,24.79330554677003,0
542,24.21144365983937,0
543,24.654684232192647,0
544,23.528584251772106,0
545,23.410832723516666,0
546,21.505354564692855,0
547,23.1274498162718,0
548,21.4731086591341,0
549,21.35757747324741,0
550,21.241394886745564,0
551,20.96646608173676,0
552,21.889171808978748,0
553,19.55176540230812,0
554,17.2926398221747,0
555,18.217329334766898,0
556,16.904274156655234,0
557,17.355578333850712,0
558,15.778938316580858,0
559,15.324826513590558,0
560,15.158609210760147,0
561,14.753039663638992,0
562,13.34558987642148,0
563,14.374503992106376,0
564,14.985988905421433,0
565,16.243264447023243,0
566,14.877192850360702,0
567,15.008859982526275,0
568,16.24971139453598,0
569,16.57263581553688,0
570,18.063991373294495,0
571,17.541304405378234,0
572,17.480549713764088,0
573,19.424911829450206,0
574,20.23538669990522,0
575,18.87199062818565,0
576,20.15813988047308,0
577,18.971990354728298,0
578,20.92996775289342,0
579,21.0296656020926,0
580,22.285927534112762,0
581,22.56217259838081,0
582,23.3694840410937,0
583,23.863732170441246,0
584,24.82359513495634,0
585,24.85033614366608,0
586,24.26782481120902,0
587,23.66806127938701,0
588,26.234851765873266,0
589,26.374526727314805,0
590,24.375184147966678,0
591,25.180811981472896,0
592,22.80402211044269,0
593,22.404551740671934,0
594,23.26564938551934,0
595,24.515488846516835,0
596,21.453448506736308,0
597,21.079292868991004,0
598,22.901689979343416,0
599,18.759183048528346,0
600,20.646222247021843,0
601,19.83518295619013,0
602,18.499633997884334,0
603,18.275207808599895,0
604,20.12174164714054,0
605,15.829349654406677,0
606,16.15052589785337,0
607,15.795109886550263,0
608,14.980191886224183,0
609,14.038719452684886,0
610,16.763671135646273,0
611,15.262870767072938,0
612,13.242007862399664,0
613,14.339971449743137,0
614,15.57577156554818,0
615,15.784022466526245,0
616,14.22954586035984,0
617,15.941806430870395,0
618,16.72534782803505,0
619,17.348764705513627,0
620,17.894599594573368,0
621,16.26356861657782,0
622,20.552887586334617,0
623,19.558502647509624,0
624,21.805989722219124,0
625,23.51572994957285,0
626,21.133537855346844,0
627,20.679654462814803,0
628,23.36413053382303,0
629,22.862973586743124,0
630,23.08412409959429,0
631,22.933480312132883,0
632,26.01791158703218,0
633,24.176723201722748,0
634,23.43004435202157,0
635,24.509652919874956,0
636,23.842741158874684,0
637,25.115128472598226,0
638,24.410264559350235,0
639,23.561973445879175,0
640,24.931893177892718,0
641,23.323332788987404,0
642,24.259295140997207,0
643,24.30479064891032,0
644,22.13804722498081,0
645,21.266902789266283,0
646,21.493391291441963,0
647,21.54408050237927,0
648,19.997206938583005,0
649,19.487324889021025,0
650,18.679013981243056,0
651,18.39779745965876,0
652,18.128743012857463,0
653,16.250129931044913,0
654,15.981932257939794,0
655,16.076822226239127,0
656,15.004140844236607,0
657,15.51672778750672,0
658,15.70651998400637,0
659,15.021053835210317,0
660,14.39645032866058,0
661,14.265573368336147,0
662,16.921596306093598,0
663,16.259108177965214,0
664,14.549951484756924,0
665,15.192206526535976,0
666,18.338310804344378,0
667,18.467490560485647,0
668,17.6281763193226,0
669,19.244431737988503,0
670,17.218923476498453,0
671,19.348680994023425,0
672,20.740809182689354,0
673,18.792663609712264,0
674,20.511100995455813,0
675,22.696272010163863,0
676,23.631629883787586,0
677,22.450499668492014,0
678,23.82534334491142,0
679,25.56747925566343,0
680,23.948193932938995,0
681,23.286033609139636,0
682,24.768221525155706,0
683,24.564066665360127,0
684,26.301048276137365,0
685,25.117339866807853,0
686,24.027534540783314,0
687,27.01994223189485,0
688,23.830010016884902,0
689,24.439212499486093,0
690,24.211765448932223,0
691,23.8281292322077,0
692,22.672915897841882,0
693,22.50009100064021,0
694,21.226193096000557,0
695,19.233448985341173,0
696,19.78018938074392,0
697,19.14895697829652,0
698,18.528184517303433,0
699,18.222674571923932,0
700,16.875297115413368,0
701,18.279450342602953,0
702,18.031180994007265,0
703,13.832871682206386,0
704,15.679199003988423,0
705,14.67000780550107,0
706,12.564127001898648,0
707,15.45291159478212,0
708,14.381200388931374,0
709,14.667041096552193,0
710,14.518792916217281,0
711,16.467607832798187,0
712,16.90917107182007,0
713,16.310028679726898,0
714,17.157574969640113,0
715,16.843764551180545,0
716,17.64015923983729,0
717,17.34482021239397,0
718,18.74044757657879,0
719,18.63369854468249,0
720,20.373026239673603,0
721,21.479962165915257,0
722,21.60513798497344,0
723,23.097546262614614,0
724,25.190245275141958,0
725,20.93724595781029,0
726,23.54921792525494,0
727,23.39808616081654,0
728,23.87343153809521,0
729,23.26122256180199,0
730,24.882164372126336,0
731,24.69895159722683,0
732,24.367229310213453,0
733,24.702901681233563,0
734,24.2368853690667,0
735,22.276475734528514,0
736,25.40753598546316,0
737,23.66329403646167,0
738,22.585896558705695,0
739,23.350219226878078,0
740,21.837561617031877,0
741,19.739419648266754,0
742,22.180997594669364,0
743,18.975921813437928,0
744,19.781592911874643,0
745,19.46752528527042,0
746,20.055573070791457,0
747,19.27664350865644,0
748,17.665748074527535,0
749,16.19280128206444,0
750,16.048568934640173,0
751,17.12093499578365,0
752,17.45632233027468,0
753,15.924390985090039,0
754,14.52552635064183,0
755,16.072147790779237,0
756,14.624759925991691,0
757,14.634926359486252,0
758,14.891402211554393,0
759,15.970751321234491,0
760,15.945147851892008,0
761,17.02603471811889,0
762,17.76085938433595,0
763,17.469438443059794,0
764,15.167736494891855,0
765,16.38998530569105,0
766,18.864493093215955,0
767,19.282661543069782,0
768,22.15919609624471,0
769,20.622416900993652,0
770,21.141485292676588,0
771,22.857305260314874,0
772,23.56443342425414,0
773,22.808396998339298,0
774,24.008736004108048,0
775,22.833220027905146,0
776,23.386975243816597,0
777,25.85247080769934,0
778,23.422493521381128,0
779,25.879536933389538,0
780,25.677888383696335,0
781,25.72697954617476,0
782,25.742460640943474,0
783,25.183260682040874,0
784,22.18866819288209,0
785,22.962387187574716,0
786,22.934222263011097,0
787,23.958627627909664,0
788,21.37219472257554,0
789,21.20852212044058,0
790,20.931283183976372,0
791,21.96906271441215,0
792,18.55894721692731,0
793,17.993439481728917,0
794,19.33306596565731,0
795,15.961054954898684,0
796,17.831977932475077,0
797,16.50215193281046,0
798,14.887514678336045,0
799,15.612961902488943,0
800,14.667736013470817,0
801,15.548387091863953,0
802,15.534192944056242,0
803,16.531737277953756,0
804,14.987214763995354,0
805,15.143329195552825,0
806,14.593060076724946,0
807,15.356967217148654,0
808,16.719475444955272,0
809,14.107517588692057,0
810,17.123594970584374,0
811,16.421015917867503,0
812,17.573890229816364,0
813,18.411627658205546,0
814,19.556498945245963,0
815,19.58577227936744,0
816,19.60748983458752,0
817,20.96432530599359,0
818,21.30596836894103,0
819,21.708917312778556,0
820,22.705147682149622,0
821,23.917387632353687,0
822,23.673865951196728,0
823,24.12223595544194,0
824,23.042616617403866,0
825,24.49238642630765,0
826,22.971611616947946,0
827,25.67723495205349,0
828,24.060746289368293,0
829,26.252605878308376,0
830,27.823066256050595,0
831,24.221998429167126,0
832,25.65975718621006,0
833,24.370365655849017,0
834,22.97854661196184,0
835,22.20249584932179,0
836,23.061941690120104,0
837,23.30823900668719,0
838,21.64780068945457,0
839,19.14073287692133,0
840,18.957740443845235,0
841,19.119394740140937,0
842,20.063071051528443,0
843,18.369998159810535,0
844,17.82726196006047,0
845,18.166696604421404,0
846,16.25987063893964,0
847,15.944117291819786,0
848,15.488006869602293,0
849,13.602641752874469,0
850,15.637049693228425,0
851,15.453614487748535,0
852,15.97544241021639,0
853,13.853872498942204,0
854,14.354507635616121,0
855,16.31507184424119,0
856,15.992934601507658,0
857,17.408258989004977,0
858,15.601433856433466,0
859,17.156995859921842,0
860,16.824002589666073,0
861,18.396336168769412,0
862,18.22085997961826,0
863,19.883336144862014,0
864,21.081363749838417,0
865,21.32790145113668,0
866,19.48582213220456,0
867,22.853820800128467,0
868,22.94754216126809,0
869,22.00078645028454,0
870,22.649767760913026,0
871,23.97507342577257,0
872,24.90365640259851,0
873,24.168696755534278,0
874,23.207117461450828,0
875,25.238803383875485,0
876,25.169808637963445,0
877,27.398357142561814,0
878,23.541069767464016,0
879,27.143148219122374,0
880,26.074829366235402,0
881,24.26988951839516,0
882,25.19451802237563,0
883,23.14036753558928,0
884,23.477837203841837,0
885,21.17965133044311,0
886,21.373793171714244,0
887,19.638035657462844,0
888,18.42452904161994,0
889,19.075708489314355,0
890,18.047010926088983,0
891,18.65939514077076,0
892,18.770803908207572,0
893,16.787039873435077,0
894,16.523398339555165,0
895,16.221152710431028,0
896,13.991904774605201,0
897,15.649683400265648,0
898,15.181721382412867,0
899,14.996452757576355,0
900,13.899625031986044,0
901,13.060895648685815,0
902,14.920110528627577,0
903,15.696759087912502,0
904,17.010786015973576,0
905,17.164409285599238,0
906,17.919783805061385,0
907,17.32614397729766,0
908,18.6561674790499,0
909,17.8805719221926,0
910,19.334338163348885,0
911,20.27918359330102,0
912,22.689324816781117,0
913,20.895261346397884,0
914,20.021525576557245,0
915,23.29115012605138,0
916,21.70870097040294,0
917,22.983129947073632,0
918,23.24131918517276,0
919,23.05901012451908,0
920,25.664899579426095,0
921,25.215458750934452,0
922,24.21760369901956,0
923,25.026563008436113,0
924,24.566764378814344,0
925,25.57241991318302,0
926,24.451072040469576,0
927,23.85323421691582,0
928,23.685819519221358,0
929,23.529913046085454,0
930,23.824901104155373,0
931,22.12493203133431,0
932,22.410630314681352,0
933,22.35699819616802,0
934,23.631370393846613,0
935,21.508876436136752,0
936,17.016234945189623,0
937,18.83629303195757,0
938,18.30897953366305,0
939,18.406968169334178,0
940,19.06938591076078,0
941,17.69826817154682,0
942,14.161556133663431,0
943,16.34021072715205,0
944,15.777936157723232,0
945,15.793584160784182,0
946,16.529239812116657,0
947,13.951924176071559,0
948,16.103070145354476,0
949,13.388911847222236,0
950,15.22119330529884,0
951,15.76119958230684,0
952,17.954405213368013,0
953,15.330902300761196,0
954,14.770530836531869,0
955,17.643318283142985,0
956,16.838769069949656,0
957,19.650408491739356,0
958,17.99784810091804,0
959,18.47009862972584,0
960,21.244498217315602,0
961,20.738061842695775,0
962,22.29487912695203,0
963,20.48320210566648,0
964,24.151088778910314,0
965,22.454901844346114,0
966,24.354975871811277,0
967,22.96182709630309,0
968,22.779437915922916,0
969,24.362574022944013,0
970,25.00409138352662,0
971,26.533872431310044,0
972,25.350047837015627,0
973,25.67274002766687,0
974,25.488546541271496,0
975,27.729552234412445,0
976,23.511983698607335,0
977,25.221923877570347,0
978,23.38627816809541,0
979,23.30458709825315,0
980,21.95324760368566,0
981,23.0758246952892,0
982,20.039233759328553,0
983,19.330352947307752,0
984,19.792172777004954,0
985,18.18932888014385,0
986,19.409182630295728,0
987,19.00847820269758,0
988,16.747003723504058,0
989,17.740028827247606,0
990,15.802421578728323,0
991,15.989001560635959,0
992,15.67663443859205,0
993,17.257055717290363,0
994,15.16994320558846,0
995,14.130814054438675,0
996,14.082452916185106,0
997,16.242772635876833,0
998,13.501358208683234,0
999,14.910358646676924,0
1000,15.289659864292092,0
1001,13.58272017658476,0
1002,15.995205920274831,0
1003,17.95834965193989,0
1004,17.73032237807173,0
1005,17.185817898186688,0
1006,19.396171860213588,0
1007,19.863913306983953,0
1008,22.024499576335153,0
1009,19.910293258530544,0
1010,20.905375056022773,0
1011,21.954497933035313,0
1012,22.3613127627889,0
1013,23.130183688624335,0
1014,23.428095308736193,0
1015,23.27188162618944,0
1016,22.725715843646217,0
1017,24.05844461034244,0
1018,23.437060665408485,0
1019,23.905208573870357,0
1020,24.451803462554263,0
1021,25.459999072597657,0
1022,25.67738035155931,0
1023,23.574960745417428,0
1024,24.62752021943594,0
1025,24.75871666674215,0
1026,23.477849740274486,0
1027,21.388584898308864,0
1028,20.3284561314911,0
1029,22.69023420165837,0
1030,22.19158981361685,0
1031,20.909960427532262,0
1032,18.925688802892296,0
1033,20.778763078273442,0
1034,19.897575761505514,0
1035,18.01770976997851,0
1036,17.253304386405354,0
1037,14.974226931160334,0
1038,17.191123505232454,0
1039,14.394204396429409,0
1040,16.325009515488457,0
1041,16.084195604117127,0
1042,15.238286259617501,0
1043,16.596470632087076,0
1044,14.651727674014206,0
1045,15.606766805298372,0
1046,15.94169567415115,0
1047,15.603842993158938,0
1048,15.225837668645104,0
1049,17.238287130323094,0
1050,16.86201793179988,0
1051,16.7384073397284,0
1052,17.308968005496315,0
1053,18.191789030155878,0
1054,20.961865674863187,0
1055,19.428656896598884,0
1056,19.73589276541045,0
1057,19.56291593324464,0
1058,20.04942246523836,0
1059,19.990750588172983,0
1060,22.709317963057742,0
1061,23.04685708755252,0
1062,22.481313974958162,0
1063,22.453817617556385,0
1064,23.977239001043774,0
1065,24.068172552187526,0
1066,23.466159111708322,0
1067,25.231259509194377,0
1068,25.1146511135255,0
1069,24.87822770221987,0
1070,25.572671669899048,0
1071,23.937783056802903,0
1072,25.660891187418862,0
1073,22.922652194381694,0
1074,24.020341255437643,0
1075,23.649274021555268,0
1076,22.209476870051898,0
1077,22.234427600908607,0
1078,19.979249815905273,0
1079,19.118369742861276,0
1080,19.767537512242946,0
1081,18.585983050022364,0
1082,19.26621674080494,0
1083,18.085294539925336,0
1084,18.085502971368335,0
1085,17.243625676470796,0
1086,16.636785983156784,0
1087,16.094728273223538,0
1088,15.26531952633355,0
1089,14.88404870455066,0
1090,17.173637143048513,0
1091,13.249564391321128,0
1092,14.780992423942783,0
1093,16.014221307599684,0
1094,15.557118504624905,0
1095,16.756780876269453,0
1096,16.18621116001385,0
1097,14.736758912028943,0
1098,16.101197882672228,0
1099,15.517452434890421,0
1100,18.45078405220945,0
1101,19.495076438806993,0
1102,18.228895138601185,0
1103,19.854033058595387,0
1104,19.55184371786484,0
1105,19.175726024425217,0
1106,20.80821836447701,0
1107,20.290829416015768,0
1108,21.89075770671269,0
1109,23.214072220052948,0
1110,24.22015866240836,0
1111,25.220102329417628,0
1112,23.954066877982054,0
1113,24.811677624032487,0
1114,25.206904509238488,0
1115,25.468478702177887,0
1116,22.10372665913457,0
1117,24.13317490555875,0
1118,25.579335625845953,0
1119,23.45244345808648,0
1120,24.529599444720688,0
1121,24.751888554860084,0
1122,21.589377745318334,0
1123,22.80289190888095,0
1124,22.686228805679846,0
1125,21.872602513839638,0
1126,19.71144642944273,0
1127,20.946129038877153,0
1128,19.384774575793102,0
1129,20.114968283236944,0
1130,19.080182981882558,0
1131,17.479397457205412,0
1132,17.617404264956612,0
1133,16.20581973047488,0
1134,15.702957728950476,0
1135,14.390574436451033,0
1136,15.366954528638372,0
1137,16.119076397343832,0
1138,15.215574425780138,0
1139,14.948655362997531,0
1140,14.29432175856472,0
1141,14.43905158490566,0
1142,15.83299027202169,0
1143,13.80306844733759,0
1144,17.647841151296436,0
1145,15.882683076298404,0
1146,18.548827513632634,0
1147,18.041035961544768,0
1148,16.990144728181896,0
1149,18.727339768469005,0
1150,18.866804245045895,0
1151,19.71193684081758,0
1152,20.69425701953142,0
1153,20.003523948907336,0
1154,20.57201212848958,0
1155,21.389478181256234,0
1156,21.02581672629806,0
1157,22.672633294103193,0
1158,23.65481008583816,0
1159,24.105321585555096,0
1160,24.409993282835842,0
1161,24.109061606421207,0
1162,25.500854540043825,0
1163,22.78709524511962,0
1164,24.482111678012245,0
1165,24.50545932878779,0
1166,25.600869175049915,0
1167,25.15654782561509,0
1168,25.001335302952246,0
1169,23.849285481496974,0
1170,24.350460396938573,0
1171,21.903576636481322,0
1172,22.431914531423015,0
1173,19.65897865599741,0
1174,22.86347901647646,0
1175,22.09884460491592,0
1176,19.254478840756136,0
1177,18.350625239994,0
1178,16.458460744273196,0
1179,16.404664674881396,0
1180,17.471296233842907,0
1181,16.648109764606048,0
1182,14.838104541478412,0
1183,15.382738869757713,0
1184,14.854380715265556,0
1185,15.699910026853214,0
1186,15.7306973212086,0
1187,14.674367295384924,0
1188,14.966813635232612,0
1189,14.889639162062497,0
1190,12.933654717766585,0
1191,15.412962470707551,0
1192,15.458582224133512,0
1193,16.637312207598494,0
1194,14.482410119988593,0
1195,17.57532828257785,0
1196,16.716248447461226,0
1197,18.209059958888183,0
1198,19.773223088545958,0
1199,17.727802847865263,0
1200,18.545004102528296,0
1201,21.504480027682717,0
1202,20.01075354983026,0
1203,20.811859738257652,0
1204,22.96058373114229,0
1205,22.698957408157263,0
1206,24.172772402479303,0
1207,24.12610505210989,0
1208,24.16410245877329,0
1209,25.464584678728897,0
1210,26.879056653939728,0
1211,24.71872183759384,0
1212,26.34149520990914,0
1213,25.952781915834866,0
1214,24.80189194514543,0
1215,24.938942878043868,0
1216,23.254967690289003,0
1217,23.21285161244533,0
1218,23.67595086686223,0
1219,22.85973344087277,0
1220,23.66467126750994,0
1221,20.476944201833607,0
1222,20.8643962058696,0
1223,19.878600311320557,0
1224,19.711981194027295,0
1225,20.376046135601655,0
1226,17.363715185419373,0
1227,18.80193382993525,0
1228,16.775205399778546,0
1229,16.49769095325601,0
1230,17.32952312392382,0
1231,15.616513935282828,0
1232,16.20460213449247,0
1233,15.362460483931288,0
1234,14.865452611714355,0
1235,14.550937177712962,0
1236,13.137282358537286,0
1237,14.16582705372632,0
1238,15.207820776933017,0
1239,15.454459102033356,0
1240,14.050359536545784,0
1241,16.909394246999515,0
1242,16.912181930752098,0
1243,15.528782895974105,0
1244,16.332232763526303,0
1245,18.470619639600603,0
1246,16.822847049489866,0
1247,18.482313705053542,0
1248,19.82546683494793,0
1249,20.40558442681365,0
1250,21.118006338277983,0
1251,22.186539208941163,0
1252,21.584197292904243,0
1253,22.44036723761408,0
1254,25.474752779455475,0
1255,22.44916957929116,0
1256,23.76692108835227,0
1257,24.617700216236535,0
1258,24.070637033277134,0
1259,26.068928388563474,0
1260,24.96278234332187,0
1261,25.606542331991683,0
1262,22.104372122536805,0
1263,25.70057954063308,0
1264,25.37299493023522,0
1265,23.104040040151236,0
1266,24.737706660408485,0
1267,23.20551198946336,0
1268,23.325612498448464,0
1269,23.62542546619876,0
1270,21.294344790653163,0
1271,19.539538208420566,0
1272,19.89054721602087,0
1273,17.97317723149289,0
1274,17.806990084008632,0
1275,17.226713013077216,0
1276,16.69392790937413,0
1277,18.030201796642142,0
1278,17.20947720414302,0
1279,15.045010387963687,0
1280,16.71282140452617,0
1281,13.611718643278568,0
1282,14.426511819148727,0
1283,14.818251406154962,0
1284,16.106103844534022,0
1285,15.688663900261048,0
1286,15.545298449322914,0
1287,16.605949327538564,0
1288,16.309930887911687,0
1289,17.325060633067263,0
1290,15.603172469594577,0
1291,15.191703585905055,0
1292,17.010370762478264,0
1293,18.84701799714236,0
1294,18.896514292200134,0
1295,20.16855201096726,0
1296,20.642986522086783,0
1297,21.101376027051327,0
1298,22.046341172584413,0
1299,21.13054595341309,0
1300,23.527994017964264,0
1301,21.97123900174627,0
1302,23.35566136233534,0
1303,22.485190931231227,0
1304,24.771168829745772,0
1305,23.001029886499378,0
1306,26.171888541791056,0
1307,23.546759984825748,0
1308,25.194969520202577,0
1309,24.752789765917743,0
1310,23.887428301565542,0
1311,25.805835502675624,0
1312,23.83704170983112,0
1313,25.370548444914014,0
1314,22.44459362420791,0
1315,22.176868381965203,0
1316,20.434360969036103,0
1317,22.40346615625577,0
1318,22.148589621853308,0
1319,20.814417158556967,0
1320,19.775118620456094,0
1321,18.362533545707997,0
1322,20.996365686021996,0
1323,18.76805690314801,0
1324,15.591543980323946,0
1325,16.583739684655384,0
1326,13.790569780615451,0
1327,17.55283019335517,0
1328,17.58878578080656,0
1329,16.784047804642654,0
1330,15.056297991158363,0
1331,14.389768955299617,0
1332,13.534629891065535,0
1333,15.516481449775199,0
1334,14.364427712625467,0
1335,14.945076198573938,0
1336,14.970547752384864,0
1337,15.665586989962621,0
1338,17.305974980420423,0
1339,18.591217905996412,0
1340,17.594385017593435,0
1341,18.04976272974407,0
1342,17.534147036061732,0
1343,18.059565536750217,0
1344,18.87869690008756,0
1345,21.484993044295774,0
1346,21.48814268424517,0
1347,22.83092406978535,0
1348,22.872221769091727,0
1349,22.58817395625406,0
1350,22.236629987622006,0
1351,23.545674391230875,0
1352,22.8453699057995,0
1353,26.577650125110353,0
1354,25.050022178031224,0
1355,24.53872530793699,0
1356,26.953094117243555,0
1357,24.522593325893983,0
1358,25.340324752019967,0
1359,24.406501307612125,0
1360,24.641399439866206,0
1361,23.548806428106463,0
1362,23.983976414808765,0
1363,24.430993516599475,0
1364,21.183084551047887,0
1365,19.63059331196437,0
1366,22.60791007248521,0
1367,20.77532921321565,0
1368,20.833880677315147,0
1369,19.00992194088754,0
1370,20.216500668507294,0
1371,19.877451873933275,0
1372,16.27490813187963,0
1373,17.588129786835257,0
1374,15.80236018061079,0
1375,14.360137979436004,0
1376,15.315809641864428,0
1377,15.90310597332954,0
1378,13.735757534358513,0
1379,13.690392952162712,0
1380,16.188381014476644,0
1381,15.016439495257924,0
1382,15.515881582953083,0
1383,14.163741732891348,0
1384,14.944090947632553,0
1385,16.087988304909796,0
1386,16.583106103913583,0
1387,17.029122520897666,0
1388,19.030319493735337,0
1389,18.174078504273222,0
1390,17.074768353128466,0
1391,18.376947627476692,0
1392,19.851275254338663,0
1393,21.849980895064785,0
1394,20.503333727948366,0
1395,21.418613744343553,0
1396,22.37077944841349,0
1397,22.22411387105154,0
1398,22.594337378685445,0
1399,23.61754406089502,0
1400,25.220648052411462,0
1401,24.99215732519229,0
1402,24.421136229441323,0
1403,25.244522529763948,0
1404,23.581857067674402,0
1405,25.843570009598107,0
1406,25.4546198643915,0
1407,24.796738874590446,0
1408,22.556397725273705,0
1409,25.89674453762576,0
1410,20.452660148242018,0
1411,21.9079684176616,0
1412,21.443258471474113,0
1413,22.489134016004115,0
1414,19.651802615088908,0
1415,20.76331310938068,0
1416,19.71816060526312,0
1417,18.925494552884075,0
1418,19.443493304050225,0
1419,19.399265110220988,0
1420,17.7746837685332,0
1421,16.55181450806197,0
1422,14.03373454599844,0
1423,17.394665175871232,0
1424,15.24053242244286,0
1425,13.382415802410993,0
1426,15.20771589550156,0
1427,16.384850340190937,0
1428,14.734631310620271,0
1429,13.738799424267246,0
1430,17.33137110896828,0
1431,15.882949428748901,0
1432,15.902084234789438,0
1433,16.946309383147263,0
1434,14.155059081117031,0
1435,16.772907700197052,0
1436,17.221785270698312,0
1437,20.27021590846989,0
1438,18.026484552212988,0
1439,18.6805485274745,0
1440,18.486039191761716,0
1441,19.71494727869522,0
1442,20.98157089699145,0
1443,22.075819994124487,0
1444,22.19635941475739,0
1445,24.972392603392965,0
1446,23.93287875880308,0
1447,24.5128325113112,0
1448,25.615695133422232,0
1449,25.161819264838236,0
1450,24.201995949343047,0
1451,23.292846121027903,0
1452,25.265053231791235,0
1453,24.01857652172877,0
1454,26.067298027315424,0
1455,23.744401826319688,0
1456,21.97530802492725,0
1457,23.91212323598362,0
1458,24.526185632255697,0
1459,22.737148563260938,0
1460,22.58841252546986,0
1461,21.973296799943604,0
1462,22.9441341449838,0
1463,20.86145706196622,0
1464,19.860961102202285,0
1465,18.624694461918814,0
1466,16.941806427212086,0
1467,19.41655595120753,0
1468,18.566637908120946,0
1469,15.889476368961017,0
1470,16.98297900056777,0
1471,16.26503942495761,0
1472,15.183174669664814,0
1473,14.962366925883611,0
1474,15.83483200506763,0
1475,13.718222507411232,0
1476,14.37000818298453,0
1477,14.863066057699477,0
1478,15.061580436166725,0
1479,15.06541192952216,0
1480,15.789666606056953,0
1481,16.470697465233375,0
1482,15.455779621946302,0
1483,16.941011374908307,0
1484,16.86278417338626,0
1485,19.515979125795262,0
1486,17.177117820224407,0
1487,19.007828552566362,0
1488,20.60870168032139,0
1489,20.262821438578108,0
1490,20.855847099698533,0
1491,21.267177954237127,0
1492,22.719190118560572,0
1493,21.764760609985448,0
1494,23.3560766972038,0
1495,23.768159527328127,0
1496,22.750287332486234,0
1497,24.80412117414847,0
1498,24.265764700683,0
1499,25.18117979340463,0
1500,25.78535431577927,0
1501,25.219814305638796,0
1502,23.547010908589186,0
1503,24.863310013977127,0
1504,22.626528643966676,0
1505,23.11044053592661,0
1506,25.15122639963809,0
1507,22.972820842733306,0
1508,24.00496122166784,0
1509,21.656699331147564,0
1510,21.232071584010058,0
1511,19.450980520041693,0
1512,20.88653577753046,0
1513,19.0784209575433,0
1514,19.274100301385644,0
1515,18.464765272221282,0
1516,17.980694071684344,0
1517,17.22857567858807,0
1518,16.369800499690104,0
1519,15.978740055871736,0
1520,14.917107533528318,0
1521,13.177608034890309,0
1522,15.618912396691037,0
1523,17.107459759940717,0
1524,16.05327084286084,0
1525,17.37139665243531,0
1526,15.62807256542126,0
1527,14.376515123075261,0
1528,14.644139123755334,0
1529,16.764401492194867,0
1530,16.7893992037515,0
1531,16.77020446855915,0
1532,18.23471549404192,0
1533,17.185942061605562,0
1534,19.222861894555066,0
1535,19.05177814401887,0
1536,20.150232368231507,0
1537,21.846923153918766,0
1538,21.14785506053307,0
1539,23.301966101220053,0
1540,23.842027389010156,0
1541,22.27423205607624,0
1542,25.888515418982937,0
1543,22.714090116341115,0
1544,24.232100250780846,0
1545,25.36964144698812,0
1546,22.525611132632044,0
1547,26.009294510697703,0
1548,26.159745622982197,0
1549,24.851458354569527,0
1550,25.114350077873933,0
1551,24.84721207345204,0
1552,24.12866789120559,0
1553,25.062900447312977,0
1554,23.168846814089544,0
1555,23.010178872549925,0
1556,22.881443456308926,0
1557,22.78602136471138,0
1558,22.422667750019798,0
1559,19.165458047003384,0
1560,17.951227993160867,0
1561,19.21864706296065,0
1562,18.661469928465912,0
1563,16.999752593481098,0
1564,17.81961912623394,0
1565,17.60402004457361,0
1566,16.861532172309545,0
1567,17.715376325711997,0
1568,14.628815025009631,0
1569,15.412886921906756,0
1570,17.135288445273144,0
1571,15.739969816195648,0
1572,13.875019307297947,0
1573,15.255605092343743,0
1574,16.3741039375143,0
1575,17.500483342402248,0
1576,16.3490973629139,0
1577,17.22403110917603,0
1578,15.343982970002912,0
1579,16.709634680778787,0
1580,18.7169147759238,0
1581,17.117547194839243,0
1582,18.647160112304352,0
1583,17.455938382758767,0
1584,21.504004966348976,0
1585,20.521791945103743,0
1586,21.870385232888236,0
1587,20.389856338307133,0
1588,21.16884043771211,0
1589,24.886450591297315,0
1590,23.188556936550672,0
1591,23.41512099686744,0
1592,24.849307233523216,0
1593,25.181925420172075,0
1594,22.83932406116817,0
1595,23.967483240698243,0
1596,25.05146020216274,0
1597,24.962556498825446,0
1598,25.18613140809507,0
1599,24.18374978128483,0
1600,24.04581447985039,0
1601,24.18486782525499,0
1602,22.83642143511286,0
1603,22.196565821039894,0
1604,21.94314105511132,0
1605,21.91893704671514,0
1606,21.141017990400293,0
1607,20.165944121805406,0
1608,19.74342205676519,0
1609,19.294683668947076,0
1610,19.027625686912792,0
1611,18.450311740141792,0
1612,16.19174414640436,0
1613,17.938032578374507,0
1614,14.8381918246713,0
1615,16.581060816646193,0
1616,14.948397262749229,0
1617,15.960672112069245,0
1618,16.235686038501452,0
1619,13.13086952901824,0
1620,15.59974883127107,0
1621,15.309579435518241,0
1622,14.6905605954157,0
1623,15.7580574561744,0
1624,15.15785602820711,0
1625,16.141064778466397,0
1626,15.390373229648999,0
1627,17.73550578994566,0
1628,18.082069819100987,0
1629,18.823049824501005,0
1630,18.031114137802362,0
1631,21.18950167269764,0
1632,21.980333620714436,0
1633,20.55016676816745,0
1634,20.859066476788353,0
1635,21.487265423318657,0
1636,23.178484188537197,0
1637,24.06650234869658,0
1638,22.76765997808909,0
1639,21.906839342731235,0
1640,24.773578174506344,0
1641,24.562874831478986,0
1642,24.987194812385788,0
1643,25.46279699008458,0
1644,23.862607859913158,0
1645,25.00510813608767,0
1646,24.511154051102423,0
1647,24.97971601227019,0
1648,25.54034428661277,0
1649,23.946820778720834,0
1650,22.648604619562803,0
1651,24.275875410753073,0
1652,23.189488638203784,0
1653,21.68141010029454,0
1654,19.447887746555853,0
1655,19.739351511827085,0
1656,20.11270916277509,0
1657,19.865940407993747,0
1658,18.138849301938667,0
1659,18.489485034183975,0
1660,16.822840561015823,0
1661,16.4910669788498,0
1662,16.960646660674033,0
1663,15.719346573523431,0
1664,15.76856716585745,0
1665,16.218905851958958,0
1666,16.263903949771578,0
1667,14.404744981090591,0
1668,14.699821341209072,0
1669,13.662807908636292,0
1670,13.809730918069302,0
1671,15.631840962768822,0
1672,15.09634176242927,0
1673,14.118051865884455,0
1674,16.9454149657857,0
1675,16.06006827940115,0
1676,17.1328512593381,0
1677,18.452590033332836,0
1678,19.051829306930834,0
1679,19.235930822766136,0
1680,17.94454641736559,0
1681,21.166319794248828,0
1682,20.64226698076042,0
1683,20.43622363841402,0
1684,20.228757241369784,0
1685,24.314683079599536,0
1686,23.62354049894187,0
1687,24.024925133001123,0
1688,24.887663712487928,0
1689,24.48709143892572,0
1690,23.29348319881649,0
1691,25.585903304142537,0
1692,25.951684181984767,0
1693,25.423498884620713,0
1694,26.319992661661722,0
1695,26.479255523398294,0
1696,23.479597433007076,0
1697,23.471361545167852,0
1698,24.374597388374177,0
1699,23.17141198088385,0
1700,22.662620975157292,0
1701,22.801671204325814,0
1702,21.988028036346154,0
1703,20.162324868353338,0
1704,20.077817340393935,0
1705,18.587455312044053,0
1706,18.46394297694787,0
1707,16.927175071746827,0
1708,15.486725031209474,0
1709,16.413230060074685,0
1710,15.827576309916967,0
1711,16.884266459969613,0
1712,17.202318510730795,0
1713,15.36365663699017,0
1714,15.601286020329098,0
1715,14.365798136721345,0
1716,14.032827231959189,0
1717,14.71854774624738,0
1718,14.846278281309488,0
1719,15.639206936132258,0
1720,15.746400738891642,0
1721,17.656585861166732,0
1722,16.21311027899866,0
1723,15.271066027215698,0
1724,17.58731269416568,0
1725,17.3939717367228,0
1726,18.878126092118034,0
1727,20.44096532045978,0
1728,19.326510714612876,0
1729,20.546234170198296,0
1730,21.7811377390235,0
1731,20.937972842667048,0
1732,22.68686831257312,0
1733,23.560673326641087,0
1734,24.320359840530102,0
1735,25.036849582811133,0
1736,24.858358004660253,0
1737,24.985268641897107,0
1738,23.41399221677162,0
1739,22.254423593022416,0
1740,24.0120507655695,0
1741,26.356343496542618,0
1742,24.924314112524705,0
1743,22.345281156119952,0
1744,23.887892487566326,0
1745,24.30765248699411,0
1746,21.665939151486217,0
1747,23.597488036590946,0
1748,21.335746265197525,0
1749,22.93655134706227,0
1750,21.30741992683236,0
1751,23.73054902098867,0
1752,18.65428169160062,0
1753,19.61557926841982,0
1754,17.21846582586023,0
1755,19.22214740019055,0
1756,17.613300200242158,0
1757,17.86611606956955,0
1758,16.55738325772772,0
1759,14.853952164202687,0
1760,15.0105018801079,0
1761,14.13696363223631,0
1762,14.118040469756407,0
1763,15.18021467937479,0
1764,16.062195243766485,0
1765,15.893343078667371,0
1766,15.67727105973117,0
1767,14.811081406260756,0
1768,16.173124679182894,0
1769,15.173646034565612,0
1770,16.664266526880112,0
1771,17.78659367939968,0
1772,17.307972853566067,0
1773,17.61229539095094,0
1774,18.268722348568787,0
1775,19.95399195825193,0
1776,19.685247267939,0
1777,19.22880834968872,0
1778,20.875339498263823,0
1779,20.846356357307286,0
1780,23.990594939307986,0
1781,23.050537607915636,0
1782,22.061927283405467,0
1783,24.226047618596418,0
1784,25.041888028248138,0
1785,24.9921111281173,0
1786,24.465130567740477,0
1787,25.100395946289915,0
1788,25.27272608224024,0
1789,25.95193546771092,0
1790,25.18711914232841,0
1791,26.874414958386254,0
1792,24.111112416443195,0
1793,25.485437512870273,0
1794,23.548910706664067,0
1795,21.34060253908118,0
1796,21.326472848841593,0
1797,20.097273071272337,0
1798,19.577720770156073,0
1799,21.84608106291271,0
1800,19.340217011414794,0
1801,19.9436001774157,0
1802,17.814416252523188,0
1803,18.070505565405895,0
1804,16.447185342049266,0
1805,17.81468853078799,0
1806,16.207965538013852,0
1807,15.579475847090626,0
1808,15.503779210213107,0
1809,17.543809732601094,0
1810,15.612853145343633,0
1811,15.871557736533166,0
1812,13.759736327792174,0
1813,14.392593894953656,0
1814,15.460749687638684,0
1815,13.527552747546101,0
1816,16.996518396837935,0
1817,16.299307500640683,0
1818,16.443288276944237,0
1819,16.755157961310758,0
1820,17.262713587241855,0
1821,17.579959049235782,0
1822,20.088168350201,0
1823,20.027909194608924,0
1824,21.233989851012527,0
1825,20.346412014057805,0
1826,20.414363704069167,0
1827,23.26106021897641,0
1828,21.28429366453734,0
1829,22.432993611001343,0
1830,24.239643023261724,0
1831,25.04235825931474,0
1832,23.01646128845637,0
1833,24.34219624902565,0
1834,24.852432886186914,0
1835,24.81984973702453,0
1836,24.139699901343683,0
1837,25.625020206939542,0
1838,24.302021218484438,0
1839,24.37513659058428,0
1840,22.085619380350415,0
1841,23.85231446776833,0
1842,21.598342551407516,0
1843,23.741444730078044,0
1844,22.98515504250208,0
1845,21.40178435886446,0
1846,21.449616480847382,0
1847,20.755240475315688,0
1848,19.847675980738643,0
1849,19.70182990101573,0
1850,18.57727922454403,0
1851,17.60682997825518,0
1852,16.704276795813097,0
1853,18.616780325550195,0
1854,16.651512078585064,0
1855,16.007243352012996,0
1856,16.382394834965165,0
1857,14.988177467730534,0
1858,14.78424596536394,0
1859,15.698809970104769,0
1860,16.01653044643007,0
1861,15.704265568425773,0
1862,13.6911306852096,0
1863,15.431909999295602,0
1864,15.640710659370447,0
1865,16.47837826529621,0
1866,15.57910343053364,0
1867,15.907537150954589,0
1868,17.37757930850674,0
1869,17.197312513340474,0
1870,17.641373475269944,0
1871,19.271414286698388,0
1872,20.91157371418195,0
1873,20.77983771634283,0
1874,22.39387760165065,0
1875,20.917739353825336,0
1876,23.193340887938884,0
1877,23.0242477221904,0
1878,22.65663465935581,0
1879,23.543088868141663,0
1880,23.470615862709206,0
1881,24.396225727463875,0
1882,24.08027677515393,0
1883,26.19439349136322,0
1884,24.635388995958927,0
1885,23.540406903247536,0
1886,24.626597852732118,0
1887,24.99154998065181,0
1888,24.00617592692541,0
1889,24.808094551900115,0
1890,22.625474593528548,0
1891,22.188991945985535,0
1892,24.095839241034092,0
1893,21.907958259681113,0
1894,21.81963082764737,0
1895,21.13242028055994,0
1896,20.560204274749495,0
1897,19.38048588387752,0
1898,18.508441229732206,0
1899,19.146892433062614,0
1900,17.006669595812436,0
1901,17.06144297252815,0
1902,17.131911486421927,0
1903,15.634826304416615,0
1904,14.149796250689162,0
1905,15.825433994266954,0
1906,16.22670294788052,0
1907,15.2863580084858,0
1908,13.342105679728792,0
1909,15.666659591390278,0
1910,17.100486845006365,0
1911,13.853114109595738,0
1912,12.997042675200728,0
1913,15.786685876479508,0
1914,16.53456855253734,0
1915,17.719756447018266,0
1916,18.30020994250149,0
1917,18.174912523501728,0
1918,19.234690207514003,0
1919,19.674414218344808,0
1920,20.11966052442189,0
1921,20.5950750581464,0
1922,21.14244030320619,0
1923,22.601631596296535,0
1924,22.89634284265083,0
1925,22.624230453602213,0
1926,24.606265164932353,0
1927,23.25433220302236,0
1928,24.103247573003628,0
1929,24.75085228131698,0
1930,22.968023963022514,0
1931,24.587441553388906,0
1932,25.836120408598106,0
1933,25.7531962328045,0
1934,23.662200052198987,0
1935,23.808538567168597,0
1936,23.278211706929365,0
1937,23.736287075982613,0
1938,23.472831096038142,0
1939,21.48658408204313,0
1940,22.810432843353098,0
1941,21.983294055667713,0
1942,21.222675720941456,0
1943,19.996116824691054,0
1944,19.820606478318304,0
1945,17.6109644571349,0
1946,18.931859439233197,0
1947,18.292819777507106,0
1948,17.3969635877423,0
1949,15.804997444275225,0
1950,17.707123441963468,0
1951,17.135993769894718,0
1952,13.842983926879342,0
1953,15.784476088751195,0
1954,15.319469570469916,0
1955,12.539132030925373,0
1956,15.505174644713604,0
1957,15.677499798151368,0
1958,15.873547509008493,0
1959,15.538411083638051,0
1960,15.035244398393223,0
1961,15.535054078272484,0
1962,16.964578393881176,0
1963,18.099211330353864,0
1964,17.025128559097148,0
1965,17.817156248896648,0
1966,19.3872308409148,0
1967,17.25255630598209,0
1968,20.438216733121315,0
1969,20.43069159367532,0
1970,19.160932466519714,0
1971,22.66724773928156,0
1972,21.613016184048185,0
1973,23.818636048619428,0
1974,24.879930188240085,0
1975,22.759138341712497,0
1976,23.16826560659584,0
1977,24.613217161366364,0
1978,23.131500102216275,0
1979,25.673381864890423,0
1980,25.188540708884833,0
1981,25.919786666149506,0
1982,23.0545229920994,0
1983,24.824541669886635,0
1984,24.790786099037614,0
1985,22.2266514031052,0
1986,24.415379539337827,0
1987,21.713841266486174,0
1988,22.689079721637643,0
1989,20.6452171129556,0
1990,22.075537431526488,0
1991,22.328405998861864,0
1992,20.076596809602222,0
1993,19.397418485330682,0
1994,19.993568205911036,0
1995,17.674019770586288,0
1996,17.573938017242217,0
1997,17.781973882795818,0
1998,16.90676709048878,0
1999,17.600180540356444,0
2000,16.874751163702907,0
2001,17.297526592675354,0
2002,15.201030872065715,0
2003,16.188351454328306,0
2004,14.261535227307052,0
2005,15.989410977636753,0
2006,16.950536512337248,0
2007,17.746327457217618,0
2008,14.526143575152235,0
2009,15.945823325404266,0
2010,17.24294587268641,0
2011,16.184390034095088,0
2012,18.122404303646817,0
2013,18.702005172344506,0
2014,18.32120490656887,0
2015,18.913844207890193,0
2016,19.190455584898803,0
2017,21.04245759358709,0
2018,22.623842440919184,0
2019,22.2897831629775,0
2020,25.30268556066612,0
2021,21.68978172358755,0
2022,23.06219543844097,0
2023,24.717719116588576,0
2024,23.307178393358807,0
2025,25.053495140303163,0
2026,25.720107948580708,0
2027,25.225984917173598,0
2028,24.874071878207875,0
2029,25.971292986177566,0
2030,25.3322523074818,0
2031,25.422560750811655,0
2032,24.95891522873914,0
2033,23.403370800531654,0
2034,22.551625811237432,0
2035,22.765816265489637,0
2036,22.76779776184442,0
2037,21.819820270839585,0
2038,22.31341930501135,0
2039,20.994230720026103,0
2040,21.041282749015032,0
2041,19.552640573621133,0
2042,18.09003383504646,0
2043,19.00200196714288,0
2044,18.076046632331803,0
2045,16.217133145563235,0
2046,16.14738374564466,0
2047,18.85649611556618,0
2048,12.431748392176129,0
2049,16.568826804458006,0
2050,15.304867979034242,0
2051,15.050509651123004,0
2052,14.780152972789294,0
2053,14.610187012436992,0
2054,17.564599075223814,0
2055,15.01057516161943,0
2056,15.433813927927579,0
2057,16.883258064494836,0
2058,16.900871082272076,0
2059,16.836825406956603,0
2060,17.27375129766752,0
2061,16.8279803737756,0
2062,19.82377145681929,0
2063,18.354425406882765,0
2064,17.655962436758184,0
2065,21.73257820859493,0
2066,22.078870145720366,0
2067,22.292281706818418,0
2068,22.02647916411946,0
2069,24.258785337414807,0
2070,22.503125660708324,0
2071,21.83789468829251,0
2072,24.52385757551212,0
2073,25.44898874845463,0
2074,25.47551824683353,0
2075,27.043884208271923,0
2076,25.854370782475485,0
2077,24.760802138276823,0
2078,24.666929907444683,0
2079,25.530221275615105,0
2080,24.295905043537434,0
2081,23.860119871604283,0
2082,21.81257049280244,0
2083,22.760934561129154,0
2084,21.237886266211348,0
2085,22.169751370770708,0
2086,21.45048014119467,0
2087,21.382430862968057,0
2088,21.79838756334654,0
2089,19.191288612765742,0
2090,20.161711927226616,0
2091,16.985039278021574,0
2092,17.677856249030043,0
2093,17.92627795925995,0
2094,18.430440670408206,0
2095,14.95827362251553,0
2096,15.435879940612276,0
2097,15.542336914306564,0
2098,15.090944157466215,0
2099,14.113436820505258,0
2100,13.393619986722223,0
2101,13.842016560047822,0
2102,15.109466107570976,0
2103,14.063417738561409,0
2104,17.457612380613856,0
2105,17.277211468233503,0
2106,14.584572991572594,0
2107,16.483629227400325,0
2108,18.839912313634496,0
2109,19.550414421819955,0
2110,19.838329712270557,0
2111,17.939063143494362,0
2112,19.65216377165087,0
2113,21.946079561818927,0
2114,21.4148984751703,0
2115,21.47615498893629,0
2116,23.02066009189173,0
2117,24.04401464677113,0
2118,23.691501823211766,0
2119,24.22896146408805,0
2120,25.418779580678812,0
2121,24.07433742508785,0
2122,23.934582553983148,0
2123,25.7375261994809,0
2124,23.819958857619298,0
2125,25.46899329858837,0
2126,24.1165979200541,0
2127,25.47311095857658,0
2128,23.157603497228575,0
2129,25.115089626476134,0
2130,23.834322710197327,0
2131,22.754300303243962,0
2132,21.653304421400847,0
2133,21.771964591723872,0
2134,20.383661034427,0
2135,19.467718869753874,0
2136,21.085803743960295,0
2137,19.954669099656858,0
2138,19.947698157031848,0
2139,16.746277633918584,0
2140,15.564715163132238,0
2141,15.38295372626072,0
2142,17.124181014778955,0
2143,16.848078624050466,0
2144,13.82546470234556,0
2145,16.410817944465308,0
2146,14.741079814403026,0
2147,13.853082777761843,0
2148,14.926569875048758,0
2149,15.616047275576623,0
2150,14.959985507636743,0
2151,15.208457459206933,0
2152,14.830777061302106,0
2153,14.614883950333038,0
2154,16.08983879114205,0
2155,15.331368702462306,0
2156,18.10132862483873,0
2157,17.232740095116664,0
2158,20.016889275480896,0
2159,17.757636269726877,0
2160,21.405658020302436,0
2161,19.76766698122904,0
2162,20.400336616650538,0
2163,22.20573952787302,0
2164,23.399687722634024,0
2165,23.000760107268974,0
2166,23.175111155070212,0
2167,25.96173305456662,0
2168,24.836860646110033,0
2169,23.413477811648157,0
2170,24.56374761623834,0
2171,26.649780548428602,0
2172,25.32808784917661,0
2173,25.781844442511648,0
2174,26.863724660825692,0
2175,24.02198749089637,0
2176,24.70299166246168,0
2177,23.29665891184369,0
2178,23.52756732680773,0
2179,23.58005024831474,0
2180,21.161930489943817,0
2181,22.057250051420777,0
2182,21.43436029785102,0
2183,21.706272210343833,0
2184,19.403280797835887,0
2185,18.06939481113763,0
2186,19.09865878008125,0
2187,16.95701872426528,0
2188,17.679456601262437,0
2189,17.52127957395195,0
2190,15.581146497333274,0
2191,15.905950368740374,0
2192,14.624540355550563,0
2193,12.52890284890714,0
2194,13.70349149974222,0
2195,12.940030381594699,0
2196,15.005956035960102,0
2197,13.95904141612294,0
2198,15.013528155385123,0
2199,15.318112929617623,0
2200,16.721518645134072,0
2201,15.670690569267325,0
2202,16.046938775353876,0
2203,17.44779154176806,0
2204,19.1041675776391,0
2205,17.994889845515228,0
2206,19.03366335894959,0
2207,19.14027136567336,0
2208,19.28333987796269,0
2209,19.091801526753724,0
2210,21.19973873857976,0
2211,21.63062504655153,0
2212,22.237164519660148,0
2213,25.019151915162517,0
2214,23.185253281151482,0
2215,24.285432327762635,0
2216,23.96821784972023,0
2217,25.79067214531983,0
2218,24.527528135818997,0
2219,26.811425986090892,0
2220,24.726013521798112,0
2221,25.72562083932314,0
2222,25.84100191533417,0
2223,24.372475343096543,0
2224,25.17801608925651,0
2225,24.021905898357748,0
2226,22.766179125861875,0
2227,22.362072160783466,0
2228,22.825417231654125,0
2229,23.6954315919576,0
2230,20.793787171828356,0
2231,21.190855997247056,0
2232,19.183639070111987,0
2233,19.596467879320777,0
2234,17.390169789346583,0
2235,17.288387222504113,0
2236,17.484809420587403,0
2237,16.197624333798295,0
2238,16.185084036052643,0
2239,17.036895151122344,0
2240,15.53657187210406,0
2241,14.653283514630386,0
2242,13.925512537301223,0
2243,14.501941572204867,0
2244,16.147013374974676,0
2245,14.954951291484223,0
2246,15.01754887669714,0
2247,16.09751373020889,0
2248,16.50294471877228,0
2249,17.03319992518654,0
2250,16.09902026909233,0
2251,16.032328957113023,0
2252,15.821857106270247,0
2253,17.393202306697,0
2254,18.326828127987344,0
2255,20.071179892409244,0
2256,20.313390503710743,0
2257,20.07812404700465,0
2258,22.172284500149726,0
2259,20.646287648109787,0
2260,21.439008551941548,0
2261,21.857541598088837,0
2262,22.433588801094878,0
2263,23.703107967711954,0
2264,23.473543654118426,0
2265,23.848020549668075,0
2266,26.159331549257008,0
2267,23.479802737452637,0
2268,23.955892288151052,0
2269,24.707595614989778,0
2270,25.262720597119063,0
2271,25.09539459185067,0
2272,24.05358093913677,0
2273,23.588162121253813,0
2274,23.257625348014784,0
2275,23.776843515472798,0
2276,21.566651059363632,0
2277,19.549078340355777,0
2278,21.46805960783191,0
2279,19.471071487738755,0
2280,19.92948321191131,0
2281,20.726403208705403,0
2282,18.79287559090812,0
2283,19.912833831684136,0
2284,15.897323424018126,0
2285,17.184134498495435,0
2286,16.84394138798303,0
2287,16.853002617682197,0
2288,14.930031492264492,0
2289,15.531421282684455,0
2290,15.283004736914233,0
2291,15.124078599973101,0
2292,13.618347733070244,0
2293,13.309276754797509,0
2294,15.70462791859525,0
2295,15.72193134192822,0
2296,15.702319982587158,0
2297,16.666951146647957,0
2298,17.54237081440336,0
2299,15.791395434327715,0
2300,18.28127978181441,0
2301,19.57864337480817,0
2302,19.73142336039826,0
2303,19.943542618283757,0
2304,20.712540074305995,0
2305,19.219191930318004,0
2306,20.81005499093631,0
2307,22.95229435427547,0
2308,23.99794595712775,0
2309,23.52257288847004,0
2310,23.10024139046531,0
2311,23.850780473753566,0
2312,25.20763088477833,0
2313,26.6659080211584,0
2314,25.64939988804109,0
2315,24.467203836637832,0
2316,25.658394856004158,0
2317,25.42731750741517,0
2318,27.266939391068863,0
2319,25.254327402194058,0
2320,24.406081932846398,0
2321,23.931863908400025,0
2322,22.347350742663497,0
2323,22.031989580938244,0
2324,22.064982097990754,0
2325,21.14533145267584,0
2326,21.52876487955431,0
2327,20.79647158883474,0
2328,20.985664428124053,0
2329,20.908798747546335,0
2330,18.906170960991805,0
2331,17.937054676283687,0
2332,15.687638627057474,0
2333,17.383053950165035,0
2334,17.171934977773752,0
2335,15.309561256324246,0
2336,15.324703727859552,0
2337,14.727551489088716,0
2338,16.275942711897372,0
2339,15.709381716378017,0
2340,16.26301280096214,0
2341,13.882649708850986,0
2342,17.876144064365512,0
2343,14.570184004826464,0
2344,14.689400549666562,0
2345,16.265535334326632,0
2346,15.951442484283575,0
2347,18.814178426511617,0
2348,17.126935844363235,0
2349,17.439462753392924,0
2350,19.719215716046484,0
2351,20.605964887264765,0
2352,19.196661104463082,0
2353,20.208929781464594,0
2354,20.96735653125633,0
2355,21.784548173274302,0
2356,24.242589314680792,0
2357,24.332342097111585,0
2358,24.631869362682906,0
2359,25.27024610348573,0
2360,24.37552844902252,0
2361,25.519276647558886,0
2362,24.78259906380853,0
2363,24.22987285632496,0
2364,26.68976441256637,0
2365,23.222290183118687,0
2366,24.854267691634885,0
2367,24.062582436871097,0
2368,22.685037940806485,0
2369,23.602085056450157,0
2370,23.618910363436147,0
2371,23.518356756685204,0
2372,21.686783709820002,0
2373,22.67812603272765,0
2374,21.611485990900643,0
2375,21.47250812067341,0
2376,18.081554279288433,0
2377,18.901207522464617,0
2378,18.09456124394042,0
2379,18.665863973489024,0
2380,16.763081972147734,0
2381,16.445810737876606,0
2382,15.321571410807636,0
2383,14.837565047731779,0
2384,14.732739630546448,0
2385,16.34092909848745,0
2386,14.102529293335774,0
2387,12.600809566719315,0
2388,15.281709043403312,0
2389,14.579302885151648,0
2390,15.711228238949865,0
2391,15.902700040524877,0
2392,15.34308317108039,0
2393,15.598369814954113,0
2394,15.896427124480816,0
2395,16.931685194728686,0
2396,16.706284260991488,0
2397,18.265227235871958,0
2398,20.071094086725065,0
2399,18.664506433748382,0
2400,19.35582018104394,0
2401,20.000256378108492,0
2402,21.89012252389037,0
2403,22.553541871732158,0
2404,23.91826060531314,0
2405,23.742558653115527,0
2406,23.650561920196882,0
2407,24.410339774794895,0
2408,23.01360784341148,0
2409,25.172797801164357,0
2410,24.994632231055775,0
2411,27.0245590353878,0
2412,26.367699753567692,0
2413,24.127764127249353,0
2414,24.2585216210652,0
2415,25.49191471073311,0
2416,22.26063360787644,0
2417,23.04517974604448,0
2418,23.900664372838794,0
2419,23.68311259356742,0
2420,22.681333704705576,0
2421,23.07281177584091,0
2422,21.020425412122705,0
2423,20.745821650714515,0
2424,19.804853028527248,0
2425,18.253636545957807,0
2426,18.749548597282974,0
2427,17.534192498939646,0
2428,17.578656244727192,0
2429,14.343959930089081,0
2430,16.57229234529814,0
2431,15.490403608166325,0
2432,15.054987458717113,0
2433,15.42506772426179,0
2434,14.698953578383051,0
2435,15.96779094640312,0
2436,16.24511850067894,0
2437,15.924370207915192,0
2438,16.133551897047848,0
2439,15.743959207635719,0
2440,15.702079522735554,0
2441,14.754218319727014,0
2442,16.097212882357194,0
2443,18.16580194335764,0
2444,18.265255322975797,0
2445,17.599220481721154,0
2446,18.815665901179795,0
2447,20.40455878335039,0
2448,19.841181594824047,0
2449,22.273321810251122,0
2450,20.540680530784613,0
2451,22.70389084653675,0
2452,23.196538039961986,0
2453,23.219436262607804,0
2454,23.840039586984187,0
2455,24.508338934219633,0
2456,22.06944733103822,0
2457,25.093085204431734,0
2458,25.97628732511349,0
2459,25.360685702089736,0
2460,26.141382766182296,0
2461,23.783359377466766,0
2462,24.767586060098953,0
2463,24.954996193662055,0
2464,24.074064287360677,0
2465,25.158515143571265,0
2466,24.026559296644812,0
2467,22.539423249203356,0
2468,23.319661776434028,0
2469,22.735365205808886,0
2470,20.8645357602495,0
2471,21.283877104418707,0
2472,20.382777851320576,0
2473,19.706599104693506,0
2474,17.46218191083244,0
2475,19.364355035532164,0
2476,18.15125008326716,0
2477,16.935264370718247,0
2478,16.81686333265675,0
2479,16.3724005380693,0
2480,15.37053214779228,0
2481,14.801899244513072,0
2482,15.272111767851822,0
2483,14.452392480689495,0
2484,14.519546565460441,0
2485,13.88428876157217,0
2486,14.89743930744713,0
2487,16.387636107520354,0
2488,15.885720367435162,0
2489,16.082905504194613,0
2490,16.151070413484643,0
2491,16.533104634272917,0
2492,16.007455293455166,0
2493,19.74039103074955,0
2494,17.98156948918247,0
2495,17.85076351682248,0
2496,20.400744948199318,0
2497,20.906675261059657,0
2498,20.776676676337065,0
2499,20.441213972428127,0
2500,21.121665288039694,0
2501,24.610448153623054,0
2502,23.418166975924045,0
2503,23.313391790018823,0
2504,26.188239261954507,0
2505,24.0747309252908,0
2506,23.90540230231224,0
2507,25.500937828751788,0
2508,25.366481174998366,0
2509,26.519467852081462,0
2510,23.27266857499167,0
2511,24.907317623798182,0
2512,22.63460686206387,0
2513,24.4270024822957,0
2514,22.88059935999418,0
2515,22.58134776738662,0
2516,21.76347012338304,0
2517,22.751529563968376,0
2518,22.916400804678204,0
2519,20.565887703856497,0
2520,19.741967593554413,0
2521,18.843214269793805,0
2522,19.22746067368901,0
2523,17.05419722357535,0
2524,21.042837174085616,0
2525,16.721619532216135,0
2526,18.17556539434159,0
2527,16.179696049487518,0
2528,14.294918403328904,0
2529,13.814602656200885,0
2530,14.74477187286248,0
2531,14.320161155885714,0
2532,14.74708797481833,0
2533,13.884095487917959,0
2534,17.512298313770906,0
2535,17.502977474094823,0
2536,13.84991699559615,0
2537,16.505392453327755,0
2538,17.653411373507804,0
2539,16.608025246391417,0
2540,17.26015147117096,0
2541,19.165454727359567,0
2542,19.232575475124587,0
2543,18.115648000285713,0
2544,21.211553302498263,0
2545,20.146129918097387,0
2546,23.138761334130898,0
2547,20.93311833469385,0
2548,20.18156611482429,0
2549,23.123278825799293,0
2550,24.731537540545727,0
2551,24.4618136365564,0
2552,24.46331362243546,0
2553,23.669000948482033,0
2554,25.72447270933344,0
2555,23.068343428243214,0
2556,25.766647838678885,0
2557,23.71040254996592,0
2558,24.192514577621818,0
2559,23.25704842474463,0
2560,23.371673409675324,0
2561,25.42119034740182,0
2562,22.30702553834428,0
2563,23.189709847600955,0
2564,21.645608434913424,0
2565,22.898704201928645,0
2566,19.87403771758091,0
2567,20.60365067642218,0
2568,20.857829049066034,0
2569,21.573462088135642,0
2570,17.455817977469803,0
2571,17.144624658765537,0
2572,17.38956842427319,0
2573,18.390199979899997,0
2574,15.371587365417211,0
2575,16.800138218217203,0
2576,14.973701071355217,0
2577,14.26884449118877,0
2578,13.497057026147875,0
2579,15.110014085574413,0
2580,15.924835984458197,0
2581,14.869255938492415,0
2582,12.955067786762093,0
2583,14.74163855496471,0
2584,16.576351508120045,0
2585,16.84264641155121,0
2586,16.6694459933155,0
2587,18.37698864983406,0
2588,16.140128319826623,0
2589,16.761786052279742,0
2590,21.04724516206281,0
2591,19.951009391956234,0
2592,19.718356018067787,0
2593,20.08141529003862,0
2594,18.604532359802626,0
2595,22.686667051578944,0
2596,20.32431576425029,0
2597,20.969266095405093,0
2598,23.40652321511913,0
2599,25.418121972710704,0
2600,23.8495681486601,0
2601,24.920827153855157,0
2602,24.30926423776145,0
2603,25.28175205053149,0
2604,23.228363416600434,0
2605,27.01752003477815,0
2606,23.770995007818605,0
2607,25.111164726046464,0
2608,22.171475721600206,0
2609,25.69592057789578,0
2610,23.901337746521964,0
2611,25.00778813450446,0
2612,21.755951092239382,0
2613,22.896469272716757,0
2614,21.042446575244885,0
2615,20.536109189251896,0
2616,21.25353328854391,0
2617,18.35804438132065,0
2618,19.39135615349823,0
2619,20.00277173924611,0
2620,19.219347445355154,0
2621,17.978087095964014,0
2622,16.741333969429107,0
2623,14.98925175602078,0
2624,17.077574891243668,0
2625,14.63328515500589,0
2626,16.344555911410193,0
2627,14.654648542834789,0
2628,14.962203982522789,0
2629,14.991846336248539,0
2630,15.741577458344972,0
2631,14.88629982368109,0
2632,15.806574613116378,0
2633,15.456256656563017,0
2634,16.958359691806876,0
2635,17.20007078608786,0
2636,17.89153168754842,0
2637,17.180258741561143,0
2638,18.992241862500727,0
2639,19.34579576614271,0
2640,20.54944190782038,0
2641,20.65978170028737,0
2642,20.259102504280573,0
2643,22.60677953136735,0
2644,21.768810833969138,0
2645,23.286062262110764,0
2646,21.3784836331243,0
2647,24.43023206457108,0
2648,24.955014302544875,0
2649,23.634203309996735,0
2650,25.374203305924716,0
2651,24.528546079349834,0
2652,26.35524652924904,0
2653,25.582574470480566,0
2654,23.51036003509361,0
2655,24.361922383563297,0
2656,22.48355089226105,0
2657,23.589826561309266,0
2658,24.038991825877503,0
2659,23.83720573681594,0
2660,22.34090986199129,0
2661,21.620868673413362,0
2662,21.409530694794963,0
2663,19.991530029287695,0
2664,20.28500385493675,0
2665,20.44006878064266,0
2666,18.859264553930984,0
2667,18.919474456592976,0
2668,16.66727774479783,0
2669,16.418791566824666,0
2670,16.772385803121225,0
2671,18.054316593260726,0
2672,16.66709456911222,0
2673,17.087427920640103,0
2674,15.195365002292842,0
2675,16.279480244756936,0
2676,13.268733740951792,0
2677,15.553570289808206,0
2678,13.034138428067358,0
2679,16.615012131079887,0
2680,16.145235758632943,0
2681,17.20606663973419,0
2682,16.865119745083668,0
2683,16.445012225536257,0
2684,16.74165501766878,0
2685,18.27692641341033,0
2686,20.22384342766459,0
2687,19.9836273970891,0
2688,19.452360628410275,0
2689,20.07845764694198,0
2690,20.580039433922412,0
2691,21.70056053119787,0
2692,22.41037646246349,0
2693,22.557807628982516,0
2694,23.547030915432718,0
2695,22.373001786959072,0
2696,25.917402957910415,0
2697,24.874532003836357,0
2698,26.381897766203267,0
2699,25.257890947890772,0
2700,24.81013480936587,0
2701,25.05420153920809,0
2702,25.064596403010015,0
2703,23.96190575877076,0
2704,23.959209329902606,0
2705,25.914566678811706,0
2706,24.500508853910837,0
2707,22.535345832276203,0
2708,23.046047510200115,0
2709,21.08558445384067,0
2710,22.732688445969114,0
2711,19.652111536675303,0
2712,20.925493220904727,0
2713,19.396693748704237,0
2714,18.76424033666725,0
2715,17.290189860213257,0
2716,17.262731669503065,0
2717,16.20978917463068,0
2718,15.616803549211424,0
2719,16.523467485954672,0
2720,18.233641040284695,0
2721,15.05884907374341,0
2722,16.204576392388017,0
2723,15.05391209279547,0
2724,14.302904533174413,0
2725,16.421352133576494,0
2726,15.835999615849715,0
2727,16.55562214487066,0
2728,15.810696909876022,0
2729,16.205134685974027,0
2730,15.6641571068865,0
2731,16.712054517144246,0
2732,19.222747821324074,0
2733,15.813181556663498,0
2734,19.124938452226377,0
2735,20.85790272105328,0
2736,20.835515569246866,0
2737,21.570803618461863,0
2738,21.057400536374534,0
2739,23.084373766990968,0
2740,23.698977518046767,0
2741,23.038928712105417,0
2742,25.259133154657437,0
2743,23.51182479607929,0
2744,21.865560168392754,0
2745,24.64340215047203,0
2746,24.750562227025984,0
2747,24.135054116813563,0
2748,24.571781772039664,0
2749,24.4488416943523,0
2750,23.021516909785362,0
2751,25.894727278850723,0
2752,24.369682852869413,0
2753,26.705955711254937,0
2754,23.554587796923666,0
2755,23.47702655328382,0
2756,21.013121073786508,0
2757,22.970911357665308,0
2758,20.230230528493426,0
2759,21.22800476441522,0
2760,20.963820612635107,0
2761,20.148684907097785,0
2762,17.899899004934706,0
2763,17.310901913833742,0
2764,18.293723392564566,0
2765,18.17924052803413,0
2766,17.95167839345451,0
2767,16.035874091888424,0
2768,15.594541693508193,0
2769,17.21556476699639,0
2770,14.604477103451751,0
2771,15.837655058013436,0
2772,14.71492119739201,0
2773,13.639225141761287,0
2774,14.074925755746888,0
2775,15.863043301825382,0
2776,15.91845904190575,0
2777,16.555153737916253,0
2778,16.137230175991007,0
2779,16.4769684621755,0
2780,17.810848445776177,0
2781,17.926619232516256,0
2782,17.115529972828476,0
2783,18.93341994622933,0
2784,21.7268254194599,0
2785,19.90692575863299,0
2786,21.868203979281223,0
2787,21.852002313758454,0
2788,23.254680974726305,0
2789,22.187527005168203,0
2790,22.26941399368274,0
2791,24.432205047175636,0
2792,23.640195876376172,0
2793,24.59710745886333,0
2794,24.52705763518582,0
2795,25.937329084495506,0
2796,25.269674445201996,0
2797,25.110326191015695,0
2798,23.863459124255762,0
2799,23.055841703738473,0
2800,23.499918493979063,0
2801,24.81365660283967,0
2802,24.23922618829091,0
2803,23.63796847056071,0
2804,22.105494019054365,0
2805,20.893351248443636,0
2806,22.453066332331396,0
2807,20.84266942819285,0
2808,20.54219594729289,0
2809,18.409437370999264,0
2810,18.025231523953007,0
2811,18.737927662545246,0
2812,18.244324998974275,0
2813,15.961259238740755,0
2814,16.75721174014526,0
2815,14.865625783217057,0
2816,16.89375722996311,0
2817,16.047781227447867,0
2818,17.44858393222052,0
2819,16.55615773418888,0
2820,14.3426957444867,0
2821,15.242438133618359,0
2822,14.696694267909475,0
2823,15.524008300707504,0
2824,16.454300879727494,0
2825,16.02867928470488,0
2826,16.526425387004437,0
2827,15.61969101136429,0
2828,18.07961609725971,0
2829,18.072876575593554,0
2830,19.331135873213984,0
2831,20.388076538450186,0
2832,20.032869129878048,0
2833,21.351458598764225,0
2834,20.69124496966849,0
2835,22.85811311635094,0
2836,22.47810702783208,0
2837,22.45272634913542,0
2838,23.305331606499774,0
2839,22.550079242906815,0
2840,23.681614093200643,0
2841,24.190474882440174,0
2842,24.854624507278224,0
2843,24.86906706701985,0
2844,24.356029352178354,0
2845,24.77067889331832,0
2846,22.695571459538417,0
2847,24.706807057046273,0
2848,24.882027842027266,0
2849,24.748092737112774,0
2850,24.60403022069925,0
2851,22.832950756285854,0
2852,22.409973365859788,0
2853,21.429843011055855,0
2854,20.805373741123336,0
2855,20.767186306907906,0
2856,21.328214012017995,0
2857,17.654434830756365,0
2858,18.201160038729828,0
2859,18.34982506751841,0
2860,16.494620071778126,0
2861,17.354426339086,0
2862,15.08495203473165,0
2863,15.67168633166587,0
2864,14.009338376577608,0
2865,15.634731889243563,0
2866,14.369468815455484,0
2867,15.664156474632343,0
2868,14.68535721913177,0
2869,14.065012506932385,0
2870,14.727331193867828,0
2871,15.477942183135932,0
2872,15.628812765363934,0
2873,15.74825259406258,0
2874,16.085392535701395,0
2875,16.934018790670567,0
2876,18.30504100157558,0
2877,17.48560749204903,0
2878,19.107136776600516,0
2879,17.998317296136353,0
2880,20.881670280451935,0
2881,20.9785805822462,0
2882,20.912414282748557,0
2883,21.553842276749567,0
2884,20.785556837199394,0
2885,23.10209051139936,0
2886,23.259768171453167,0
2887,22.55100739892398,0
2888,23.85968956689681,0
2889,25.15771719346804,0
2890,24.971766537220425,0
2891,25.19524684831049,0
2892,24.419057448739643,0
2893,25.765895841135464,0
2894,24.77573973667569,0
2895,25.430885925328667,0
2896,26.495396750024646,0
2897,21.95701113347306,0
2898,23.0110122180847,0
2899,23.024571023357392,0
2900,21.746549357833704,0
2901,22.911679866886924,0
2902,20.92574800800337,0
2903,22.286916764218333,0
2904,20.729834088973483,0
2905,19.748008849488272,0
2906,18.66906207245694,0
2907,18.907462466719302,0
2908,17.972700816512898,0
2909,18.399035215283742,0
2910,16.870139809728183,0
2911,17.04668669266277,0
2912,16.067677717822498,0
2913,15.707319587525303,0
2914,13.626033971768859,0
2915,15.050254220759381,0
2916,15.3877391924385,0
2917,13.89024889175969,0
2918,13.799197293954574,0
2919,15.080250410624453,0
2920,15.962177046612332,0
2921,14.35166030185517,0
2922,16.77485388155435,0
2923,17.906203698266673,0
2924,17.254818448742505,0
2925,18.325775010835613,0
2926,19.16766565506485,0
2927,18.694573738839456,0
2928,20.61582197047903,0
2929,21.10022548738489,0
2930,20.06977561720815,0
2931,22.42733055708325,0
2932,23.36782626994281,0
2933,21.978337378266804,0
2934,24.3965694020195,0
2935,23.705394707685,0
2936,23.003500204117714,0
2937,23.593465468179627,0
2938,23.954533926243453,0
2939,25.492375118463688,0
2940,24.52397800367055,0
2941,24.568973385146453,0
2942,23.577536819807523,0
2943,24.641072317793082,0
2944,23.097020049987186,0
2945,23.30149915021408,0
2946,24.141816493887664,0
2947,23.701967403541918,0
2948,21.973368382951865,0
2949,21.862251218895224,0
2950,21.820628306870418,0
2951,20.641948084021898,0
2952,21.193469875862665,0
2953,20.675587787395667,0
2954,18.619742655819522,0
2955,16.866885398782145,0
2956,17.34857639184844,0
2957,18.293076553830442,0
2958,17.58331875391017,0
2959,17.208961735134853,0
2960,16.78000835195612,0
2961,14.873662482226528,0
2962,15.44694369676788,0
2963,16.123184224273633,0
2964,15.268066988141731,0
2965,15.921099317562234,0
2966,14.176568639056546,0
2967,14.177627771753919,0
2968,17.67554415679926,0
2969,16.805063288741852,0
2970,17.080645323657016,0
2971,18.4226232617884,0
2972,19.724634659498125,0
2973,20.962486381813882,0
2974,16.328419712985006,0
2975,19.747711370785726,0
2976,21.043948648404573,0
2977,18.76058583865939,0
2978,19.529673363185434,0
2979,21.752801336398402,0
2980,24.399247370728073,0
2981,23.998960163293297,0
2982,25.70327841282526,0
2983,24.27076968286651,0
2984,25.41918448652248,0
2985,26.15765214127578,0
2986,25.30621589883958,0
2987,24.955644993171866,0
2988,25.139535653216964,0
2989,21.285089946301717,0
2990,25.165328149983775,0
2991,22.769735904203312,0
2992,23.522377742836266,0
2993,24.68244060425095,0
2994,23.942169623581876,0
2995,21.05079066130003,0
2996,23.03287048573105,0
2997,22.670742947615288,0
2998,21.497458587164868,0
2999,21.344413048043805,0
3000,20.571938034610675,0
3001,17.6433261645317,0
3002,18.496012793238684,0
3003,17.78778186868823,0
3004,16.279559564672937,0
3005,16.90328330413276,0
3006,15.64227166024381,0
3007,15.943510405568707,0
3008,14.797089381154237,0
3009,16.421552190808747,0
3010,17.38108362332631,0
3011,14.460883609055076,0
3012,15.031255836929796,0
3013,15.086416532238069,0
3014,15.605985448917464,0
3015,15.19727424258674,0
3016,13.42687831793526,0
3017,16.37445963205362,0
3018,16.3217602799974,0
3019,15.866214823976312,0
3020,17.28379003227554,0
3021,17.561629526955862,0
3022,18.924757437232703,0
3023,19.009252230075095,0
3024,19.699353317793367,0
3025,20.73903143235602,0
3026,21.51884545703618,0
3027,21.90778242968512,0
3028,23.65216561295881,0
3029,23.265296341723428,0
3030,22.742781316759174,0
3031,25.67610429698641,0
3032,24.428008393350805,0
3033,26.165897791059997,0
3034,23.741757921185517,0
3035,25.499553204330425,0
3036,26.703018453422466,0
3037,26.209558769336088,0
3038,24.900016737251992,0
3039,24.010716902155384,0
3040,23.702952138032238,0
3041,23.759071630803444,0
3042,22.53996400171,0
3043,22.273186428472908,0
3044,21.480031295018236,0
3045,20.888296352147464,0
3046,21.50915957988009,0
3047,18.858627619619384,0
3048,20.14077473009417,0
3049,20.013439796629726,0
3050,17.73751192688864,0
3051,17.14987159078206,0
3052,17.498802068402473,0
3053,16.889705009040146,0
3054,17.39291369402976,0
3055,14.013449855641802,0
3056,15.576935660680798,0
3057,16.76319610858719,0
3058,15.232265534810892,0
3059,16.793183635601086,0
3060,17.164891224727654,0
3061,14.47300218344259,0
3062,16.65198694076625,0
3063,15.880947188219741,0
3064,15.637317165411327,0
3065,15.733720502398544,0
3066,16.22520704584192,0
3067,16.025166792603812,0
3068,17.31247377392097,0
3069,19.010196482850812,0
3070,19.951785610434595,0
3071,18.94868361498361,0
3072,20.515820942955493,0
3073,21.116199051205452,0
3074,18.913901127448405,0
3075,22.61316059013439,0
3076,21.24893653449805,0
3077,21.879248428930445,0
3078,24.361960950983175,0
3079,25.63179475043239,0
3080,23.200915153540336,0
3081,23.715813589813006,0
3082,23.860026053503145,0
3083,24.408628422541636,0
3084,24.595593372796152,0
3085,24.104406938460784,0
3086,23.174588009785587,0
3087,26.37124443555114,0
3088,23.80493488161891,0
3089,23.17848870369587,0
3090,24.412119809095948,0
3091,22.651240430809395,0
3092,23.56113127851837,0
3093,22.67418031397373,0
3094,22.257293444978192,0
3095,20.22690321379366,0
3096,20.61209884452542,0
3097,17.76763028608068,0
3098,17.304146737311065,0
3099,18.129959911191264,0
3100,17.16902813328866,0
3101,18.280298052855414,0
3102,16.169106059087962,0
3103,14.238650203087879,0
3104,15.710271004776889,0
3105,15.064354225311897,0
3106,15.340218268009643,0
3107,13.854930918846366,0
3108,14.202478881412041,0
3109,15.085834838994376,0
3110,15.893846848195839,0
3111,15.774757872009353,0
3112,16.406521861046624,0
3113,14.56069840814642,0
3114,16.23432709935175,0
3115,17.160532141180806,0
3116,18.45295075029079,0
3117,18.339619890640385,0
3118,18.453433742287977,0
3119,19.217126112876738,0
3120,19.90101320243334,0
3121,19.21367552131301,0
3122,21.315450334795624,0
3123,22.713577239347757,0
3124,23.205917405568776,0
3125,21.173761153551954,0
3126,23.529766869170906,0
3127,22.456618938668306,0
3128,25.420606391895063,0
3129,25.155500379709746,0
3130,25.535278720505946,0
3131,24.286781686662643,0
3132,23.06001781427544,0
3133,23.90913012903817,0
3134,24.47336110537767,0
3135,23.115543035273625,0
3136,23.319869219704387,0
3137,25.71892866580101,0
3138,22.2134387783329,0
3139,23.589757268368817,0
3140,20.6323729847899,0
3141,22.163206069544902,0
3142,22.129944918182705,0
3143,21.097741307683464,0
3144,21.204211020119146,0
3145,21.143408845548798,0
3146,17.325123486601456,0
3147,18.352309366319492,0
3148,18.022824509173212,0
3149,17.38567139739087,0
3150,18.06180640737091,0
3151,16.320137686163978,0
3152,16.885759617209374,0
3153,16.552801494191026,0
3154,15.335433358625146,0
3155,15.609924747910213,0
3156,14.255699033112778,0
3157,15.380172368974085,0
3158,15.385368349928351,0
3159,15.258187605461597,0
3160,15.235880967141364,0
3161,17.03306922852794,0
3162,16.386901100355292,0
3163,19.268586791448882,0
3164,18.844671234118174,0
3165,18.88447956354738,0
3166,18.164665868644352,0
3167,20.294712635895994,0
3168,20.183964829968268,0
3169,20.78466379536711,0
3170,20.244618180625487,0
3171,22.54117055345142,0
3172,22.797134559186205,0
3173,22.63065779241757,0
3174,22.91499988418796,0
3175,23.746498305245524,0
3176,23.0623471656565,0
3177,24.123593141729945,0
3178,26.26463262794374,0
3179,24.36547462761614,0
3180,27.367082736693856,0
3181,23.676542206088605,0
3182,25.97681932330177,0
3183,25.76174195913507,0
3184,25.549711240803262,0
3185,24.597323306172562,0
3186,21.98934415387991,0
3187,24.247393320288367,0
3188,23.62614825436625,0
3189,22.011951853099124,0
3190,18.99312380529538,0
3191,21.781457776460133,0
3192,19.129977240625085,0
3193,19.12679837348309,0
3194,20.000039174009608,0
3195,19.46770768279009,0
3196,17.937613150302244,0
3197,16.452666954961703,0
3198,18.222340290469255,0
3199,17.238976610955525,0
3200,15.567528249548639,0
3201,14.468110307462728,0
3202,15.505049982198233,0
3203,13.735470289258918,0
3204,16.8157321204442,0
3205,15.5938411746629,0
3206,14.855657680867292,0
3207,15.830363227134887,0
3208,14.036656728896066,0
3209,16.002645689761533,0
3210,15.858822552525439,0
3211,15.40530174296705,0
3212,16.896658054869988,0
3213,18.465058525317676,0
3214,17.30082181521364,0
3215,19.17712211207845,0
3216,18.56513296670192,0
3217,20.877080676078137,0
3218,19.55072114199561,0
3219,22.64971225681276,0
3220,23.185162547523923,0
3221,23.896321345204147,0
3222,25.365266011639402,0
3223,24.1556516352123,0
3224,24.464213561714562,0
3225,25.239426267231437,0
3226,24.37511219584276,0
3227,23.065059042782565,0
3228,23.78171940000762,0
3229,23.741198561830892,0
3230,25.032250807050996,0
3231,23.98628435406557,0
3232,23.94074181361072,0
3233,24.53799415800954,0
3234,23.730164929968225,0
3235,25.055979619314623,0
3236,22.455091204635966,0
3237,20.97356730513702,0
3238,22.571091431479683,0
3239,20.24230530565687,0
3240,19.934279272383023,0
3241,20.35158636423887,0
3242,18.894115165566216,0
3243,18.79556539707116,0
3244,16.888513238139737,0
3245,16.673095898226478,0
3246,17.12287301485276,0
3247,15.515706967286377,0
3248,15.296257771939183,0
3249,15.366422466979495,0
3250,16.79739592177434,0
3251,16.554592986638188,0
3252,15.26923093818913,0
3253,15.152464824139972,0
3254,14.514540171591449,0
3255,16.75368824807585,0
3256,16.13446740246711,0
3257,17.03462938199978,0
3258,15.112271933388774,0
3259,17.824199802906236,0
3260,17.718442069885132,0
3261,18.912469408295813,0
3262,19.815460507142046,0
3263,19.431910301727193,0
3264,19.708565403927892,0
3265,21.423426821944222,0
3266,20.163715700928773,0
3267,23.42615860236712,0
3268,22.929996123079203,0
3269,22.015478293715613,0
3270,24.91669455217202,0
3271,25.02492428388423,0
3272,25.963209521088004,0
3273,25.72283152099758,0
3274,25.42751472654593,0
3275,25.0238444521456,0
3276,24.04685928584684,0
3277,25.82300156714289,0
3278,25.536108069658876,0
3279,24.310859929025263,0
3280,25.040068516065304,0
3281,23.189598804482117,0
3282,24.714535644832548,0
3283,23.31462027545788,0
3284,22.863629386810853,0
3285,21.301084615972755,0
3286,22.35959042677871,0
3287,20.93181052624983,0
3288,19.54003035622271,0
3289,19.84896282976943,0
3290,18.610188459686526,0
3291,19.24176577605382,0
3292,16.08812382595978,0
3293,15.913778510815847,0
3294,18.59745441989961,0
3295,15.642669843351651,0
3296,16.269510597971937,0
3297,15.079572005456702,0
3298,15.485590038672475,0
3299,17.76768711301907,0
3300,13.119563015137938,0
3301,15.686857635388948,0
3302,15.323798638724018,0
3303,15.510651963668378,0
3304,14.974859925429076,0
3305,15.174443380821709,0
3306,17.923049377796822,0
3307,17.55685266138294,0
3308,16.390820024990585,0
3309,18.18105149647006,0
3310,17.45748070165333,0
3311,22.31417292933069,0
3312,20.46631839562082,0
3313,18.933084375577543,0
3314,22.308002811716847,0
3315,22.62585043235297,0
3316,22.896825753572063,0
3317,23.306559203128625,0
3318,23.06458828070446,0
3319,23.856777520344988,0
3320,22.383454215280715,0
3321,26.007255517102713,0
3322,26.9201243937942,0
3323,25.537411328419722,0
3324,25.694664575363284,0
3325,23.66585313844607,0
3326,24.477033843143523,0
3327,23.272882018664685,0
3328,23.09156268832521,0
3329,24.58029726726872,0
3330,25.029666840487195,0
3331,23.04872515961249,0
3332,25.059022411379587,0
3333,22.81078528277506,0
3334,19.099333331358647,0
3335,20.315088369518918,0
3336,21.376112061754707,0
3337,19.57227136127028,0
3338,19.8143810137559,0
3339,16.461493929920685,0
3340,18.84570926724501,0
3341,15.831533450017773,0
3342,16.870454805448727,0
3343,18.223556497154306,0
3344,15.80624418111828,0
3345,15.208217360344712,0
3346,15.99715943154457,0
3347,14.267431779019219,0
3348,14.10386004114613,0
3349,16.08230622397781,0
3350,13.729726596093816,0
3351,14.189380790497427,0
3352,17.49186147027893,0
3353,14.83211742490874,0
3354,16.963886010155953,0
3355,18.121361984285677,0
3356,17.493978180886298,0
3357,17.07195128697442,0
3358,19.583818240682323,0
3359,18.459529513395783,0
3360,22.17434092242169,0
3361,22.928257482902524,0
3362,20.31129948762208,0
3363,22.545499157086432,0
3364,21.84017540521418,0
3365,23.47150383324096,0
3366,23.32717480868982,0
3367,23.027246534775855,0
3368,24.89244058825673,0
3369,23.004612567774288,0
3370,25.184490005162235,0
3371,24.842461419479662,0
3372,24.254593343309832,0
3373,25.90412546106582,0
3374,24.90962595397619,0
3375,24.308324074690038,0
3376,24.200494100431754,0
3377,23.777217787741076,0
3378,24.50711057720479,0
3379,22.786472364483664,0
3380,19.622386547311827,0
3381,18.825088623649506,0
3382,20.26641092302379,0
3383,19.419514092249596,0
3384,19.754375556884657,0
3385,18.013405611224144,0
3386,17.924252549233525,0
3387,19.441188020120567,0
3388,16.186055430931628,0
3389,17.836656823066786,0
3390,16.370736330249922,0
3391,17.371054145703372,0
3392,16.60274566815559,0
3393,15.476458340302138,0
3394,16.293602219670024,0
3395,15.3092391884027,0
3396,13.915629816242674,0
3397,15.588146487569851,0
3398,15.725952931128464,0
3399,15.317750049191162,0
3400,15.98621822013978,0
3401,15.656855351558763,0
3402,16.853038948167885,0
3403,16.744066827204005,0
3404,16.01608855828755,0
3405,17.883852304256553,0
3406,20.37187492121847,0
3407,20.244582666918394,0
3408,21.576518047951776,0
3409,20.72266498126379,0
3410,20.954616436219986,0
3411,20.91352084307103,0
3412,22.720749445875448,0
3413,24.13748820331954,0
3414,24.424193878344777,0
3415,24.779064248541633,0
3416,23.888006881482415,0
3417,24.795904286014153,0
3418,24.12070684359876,0
3419,25.85473387294781,0
3420,25.668911607179318,0
3421,24.38483035290382,0
3422,25.022910663334496,0
3423,22.411973682014967,0
3424,25.101334722017558,0
3425,23.20905667664821,0
3426,23.228686340451993,0
3427,23.711882084332945,0
3428,23.23948107901364,0
3429,21.299487272723642,0
3430,22.95073475129196,0
3431,22.738863134375073,0
3432,21.513245261208287,0
3433,20.722391802737786,0
3434,18.82273809472981,0
3435,19.542433853159245,0
3436,16.678755391273626,0
3437,15.900999746304178,0
3438,16.68620390499006,0
3439,16.349055071398148,0
3440,14.862402363277981,0
3441,17.224963667470092,0
3442,13.761076025891969,0
3443,13.025158469937603,0
3444,14.651787327264412,0
3445,16.741941572856568,0
3446,15.9753072914998,0
3447,15.782454570272412,0
3448,15.860757432068697,0
3449,16.649333433075963,0
3450,16.83709787647201,0
3451,17.10658734426047,0
3452,17.425377425415167,0
3453,16.52506332048939,0
3454,19.725226908194806,0
3455,18.96252890646674,0
3456,20.42348951931259,0
3457,21.19060800583756,0
3458,22.37723186730755,0
3459,21.16480889440104,0
3460,23.369266646509203,0
3461,23.94027763054554,0
3462,23.46879326430319,0
3463,23.957497192040634,0
3464,24.52089866260062,0
3465,23.633706057928475,0
3466,24.4126085353656,0
3467,23.857301791921458,0
3468,26.229291813992628,0
3469,24.211397014670684,0
3470,23.791685049382927,0
3471,24.81022792264787,0
3472,24.90432710338065,0
3473,23.63096688673166,0
3474,22.615087626851036,0
3475,23.496927559922902,0
3476,23.384697518022975,0
3477,20.30367573728688,0
3478,22.23302349103599,0
3479,18.90448992278368,0
3480,20.68964026429346,0
3481,18.93531119103913,0
3482,18.481094397421696,0
3483,18.83496887831634,0
3484,18.973795587839035,0
3485,19.075757095988894,0
3486,17.864968497836113,0
3487,16.75040103921882,0
3488,14.35890929732767,0
3489,15.003153192284325,0
3490,15.331276813667102,0
3491,14.471025002950398,0
3492,15.612902420015656,0
3493,14.826523198597954,0
3494,16.991262837289124,0
3495,15.22385395805935,0
3496,14.427454845823435,0
3497,15.546481395693883,0
3498,15.770853074026354,0
3499,17.69124494609791,0
3500,18.927182754174112,0
3501,19.13396816126632,0
3502,19.75729249183632,0
3503,18.68750910629724,0
3504,18.92183848795734,0
3505,19.878533872795963,0
3506,21.358233769114026,0
3507,21.600589558100687,0
3508,22.81979996879256,0
3509,24.104518382440983,0
3510,23.654997456496343,0
3511,25.7117482916838,0
3512,23.596079314729682,0
3513,25.296941734591115,0
3514,24.813964546296763,0
3515,26.01027639330876,0
3516,25.01159246053407,0
3517,24.47010839332045,0
3518,24.74898440361531,0
3519,23.782684375205545,0
3520,23.27424890952635,0
3521,24.81095380530451,0
3522,22.972906544254858,0
3523,24.29867067524621,0
3524,25.055541689520194,0
3525,21.576071975627123,0
3526,22.205139194076505,0
3527,20.609647806484954,0
3528,18.140404515835147,0
3529,19.2872266799099,0
3530,20.218922594401405,0
3531,16.902018195909218,0
3532,17.364809826730703,0
3533,16.808177585129208,0
3534,15.040491278190892,0
3535,16.37488205310378,0
3536,15.546782486118811,0
3537,15.983432173257995,0
3538,15.243930437003216,0
3539,13.645628332145325,0
3540,15.152181338083148,0
3541,15.688459415995556,0
3542,14.936772045397175,0
3543,15.958772112234868,0
3544,16.231205949618744,0
3545,13.888889854942137,0
3546,17.10018347300332,0
3547,14.933608589785447,0
3548,16.208970897116274,0
3549,17.949322775254064,0
3550,17.717884298688126,0
3551,18.5275180574402,0
3552,21.0976254724966,0
3553,19.56141157668474,0
3554,22.46185506163235,0
3555,23.72314176353639,0
3556,23.884249630093507,0
3557,21.913639147017804,0
3558,21.97171877523457,0
3559,24.000594154510534,0
3560,26.42527894916913,0
3561,24.37498185109242,0
3562,24.234553589459445,0
3563,24.802080984055298,0
3564,25.72161768554676,0
3565,26.119798802963555,0
3566,24.793430506846455,0
3567,24.454482493727436,0
3568,24.806663998014447,0
3569,23.96762759140336,0
3570,23.09021044397374,0
3571,21.239846695255178,0
3572,22.58663608017504,0
3573,21.27461162826835,0
3574,21.024777161186535,0
3575,20.322836557321263,0
3576,19.079605655057005,0
3577,19.8695893607026,0
3578,19.74260703075664,0
3579,18.582643824004535,0
3580,16.8126914748397,0
3581,17.094515011246337,0
3582,17.131418706050095,0
3583,15.897075047891871,0
3584,16.33608789032116,0
3585,13.9314379224624,0
3586,14.920069012418896,0
3587,16.449298436397044,0
3588,15.966964399500268,0
3589,14.885508839790273,0
3590,15.263847415271641,0
3591,17.50927517741875,0
3592,16.738632726616707,0
3593,15.306222114464036,0
3594,16.752649029622482,0
3595,16.478281721532998,0
3596,16.889302179328386,0
3597,16.85840790406398,0
3598,19.403811493111128,0
3599,21.555639316370915,0
3600,20.84735178231249,0
3601,19.333196904427616,0
3602,21.814240301739158,0
3603,20.442994171363686,0
3604,22.71690501315266,0
3605,24.09161299354769,0
3606,25.011188711238795,0
3607,24.085959883045863,0
3608,24.650893572355603,0
3609,24.630981781761236,0
3610,24.658581891153915,0
3611,26.520502767366153,0
3612,24.047888359601377,0
3613,23.364854645154406,0
3614,26.5831747053742,0
3615,26.887138832871223,0
3616,22.736312395420097,0
3617,24.905927620261906,0
3618,24.344241959514594,0
3619,22.625266287193664,0
3620,21.546419143479575,0
3621,22.073507614191662,0
3622,20.962710379729835,0
3623,21.473697990725892,0
3624,19.369729853728213,0
3625,20.529702756979777,0
3626,18.077376360001217,0
3627,19.719631165972174,0
3628,18.391708340626984,0
3629,18.09750516222844,0
3630,16.081580460585656,0
3631,15.807047742512236,0
3632,15.581178852490492,0
3633,16.56863517909162,0
3634,14.512294047087552,0
3635,14.26211335783797,0
3636,14.777711613062616,0
3637,15.402371896906146,0
3638,15.093765027333122,0
3639,15.319691911306807,0
3640,14.35901873273893,0
3641,15.417605240219874,0
3642,15.394705490783064,0
3643,18.005800319962752,0
3644,17.460285304209258,0
3645,18.76674359999014,0
3646,17.392858720631317,0
3647,19.311172841364137,0
3648,20.37487735288675,0
3649,19.5978006963555,0
3650,20.648541740902516,0
3651,21.39685532320234,0
3652,22.647333380517132,0
3653,23.325124100435705,0
3654,22.11517768575558,0
3655,24.296720743041455,0
3656,24.538041886325832,0
3657,24.90959943351558,0
3658,23.95703177237765,0
3659,24.883759517523096,0
3660,26.276369175617027,0
3661,26.102870151622962,0
3662,24.213653304188483,0
3663,26.218039620979884,0
3664,23.90618615292169,0
3665,23.066339694714397,0
3666,24.654391774218603,0
3667,23.365955798528805,0
3668,24.787144129292937,0
3669,21.678125865213644,0
3670,21.4244570961455,0
3671,21.384220421040016,0
3672,20.260898806760686,0
3673,18.94261677778602,0
3674,18.7057556328009,0
3675,18.062402365770797,0
3676,17.477943119214874,0
3677,16.923992012400483,0
3678,14.924393233328782,0
3679,16.92307725177314,0
3680,15.048225869388427,0
3681,15.133072834483881,0
3682,14.37855208077122,0
3683,14.833963068871672,0
3684,15.975379163871692,0
3685,16.307505802725306,0
3686,15.493387200244959,0
3687,15.542962861563213,0
3688,15.148711181558287,0
3689,15.75317486028216,0
3690,16.698571105343287,0
3691,16.800514872493423,0
3692,16.51224686013744,0
3693,18.149676042149927,0
3694,17.660857195076108,0
3695,21.418830555516777,0
3696,20.30697781919041,0
3697,20.08672588128046,0
3698,21.760285846219826,0
3699,21.166763394426376,0
3700,22.247496029740375,0
3701,24.59525102593328,0
3702,24.82433386117317,0
3703,22.783194190471217,0
3704,23.213515113661806,0
3705,24.10664889745335,0
3706,27.083941803216614,0
3707,25.01974065261994,0
3708,25.258616343712024,0
3709,24.448358078502398,0
3710,26.157698451758147,0
3711,25.584254540217614,0
3712,22.60125357507155,0
3713,23.119564152898004,0
3714,21.70366701422419,0
3715,21.882352946137104,0
3716,21.684443647805946,0
3717,20.576148532240953,0
3718,20.655766276903766,0
3719,21.34377527981657,0
3720,21.12651253451876,0
3721,19.459813818548987,0
3722,19.43291097620437,0
3723,16.72943799058175,0
3724,18.97354584640126,0
3725,19.250216545430906,0
3726,16.318814993036757,0
3727,16.604745059880678,0
3728,16.025733963269545,0
3729,13.20935748713962,0
3730,16.18850617741858,0
3731,15.52026356038929,0
3732,13.377813453349,0
3733,14.621420582764264,0
3734,16.328289419865296,0
3735,15.954242400728303,0
3736,14.29019694649706,0
3737,15.458223726725002,0
3738,15.772781858352275,0
3739,17.106594388878076,0
3740,16.79098089545019,0
3741,18.1318781142778,0
3742,18.528731542484472,0
3743,17.8604398333136,0
3744,20.403897624109796,0
3745,20.906606625438627,0
3746,20.603217122721073,0
3747,22.650713170837566,0
3748,24.788269236079596,0
3749,21.451848417155723,0
3750,23.749610512881713,0
3751,24.799952642706234,0
3752,24.357233619891392,0
3753,24.032685810264468,0
3754,27.026446388910635,0
3755,24.448190413923108,0
3756,24.86318555719897,0
3757,24.29621375190698,0
3758,26.041680828959088,0
3759,22.469228378118018,0
3760,23.426763711531738,0
3761,23.502851128024766,0
3762,23.84521312611302,0
3763,23.38404798059744,0
3764,23.48742323397444,0
3765,21.78417117865038,0
3766,20.551938998733718,0
3767,20.583725504569145,0
3768,19.122496795622222,0
3769,18.80554100702542,0
3770,18.220927781757908,0
3771,18.38782325932103,0
3772,18.328918746907988,0
3773,15.848093660660325,0
3774,15.86321241956066,0
3775,16.00364547811499,0
3776,15.678954514755922,0
3777,15.120981265258397,0
3778,15.743168653198214,0
3779,14.820255184807847,0
3780,13.249322722817713,0
3781,16.354223461524093,0
3782,13.914834115429338,0
3783,17.011198155037448,0
3784,15.927571283143957,0
3785,16.353600778000207,0
3786,14.993161718557555,0
3787,17.22342777782476,0
3788,17.290309496752464,0
3789,17.243688830140677,0
3790,19.25074993517971,0
3791,20.092284404736642,0
3792,21.183409240961588,0
3793,19.42823123316113,0
3794,20.50641130433058,0
3795,23.296298328274524,0
3796,23.022647933830406,0
3797,23.851660404694304,0
3798,23.01502954730086,0
3799,24.32129835592814,0
3800,25.146391429070764,0
3801,23.40847052886878,0
3802,24.16010364078958,0
3803,25.213292007429946,0
3804,26.377608254158503,0
3805,24.545858550736934,0
3806,25.505380498223023,0
3807,23.803003781394985,0
3808,23.16650939811381,0
3809,24.60587985577306,0
3810,22.540301691304066,0
3811,23.101965627596943,0
3812,21.96651582942767,0
3813,22.44323033818037,0
3814,20.06477858631612,0
3815,19.285284254188813,0
3816,18.616560680566813,0
3817,19.1657546198071,0
3818,19.985967633253146,0
3819,18.914194537851326,0
3820,17.70504822817999,0
3821,16.83018428503785,0
3822,17.67561258631481,0
3823,15.94422862623901,0
3824,16.708043892935073,0
3825,16.72809965413344,0
3826,15.848228193008563,0
3827,15.441434834026536,0
3828,15.390270759730099,0
3829,14.967760449124482,0
3830,15.452829742738519,0
3831,14.518451024672594,0
3832,14.842695805793971,0
3833,17.579542306590742,0
3834,16.346256553741515,0
3835,15.289581101074315,0
3836,18.835405091320926,0
3837,19.422338536176397,0
3838,19.14865997946138,0
3839,18.13177318094749,0
3840,21.90944751084816,0
3841,21.719300545960323,0
3842,22.507634742071804,0
3843,21.669888700832807,0
3844,22.910565668424205,0
3845,22.772596833879373,0
3846,23.301919562590577,0
3847,22.816213801605137,0
3848,23.55727833641989,0
3849,24.116062161067944,0
3850,24.864461227682906,0
3851,25.92443903243896,0
3852,25.54267682915944,0
3853,23.179202764480923,0
3854,25.844346005706992,0
3855,23.129575752144678,0
3856,24.801241377185338,0
3857,23.76559739423847,0
3858,23.59198214539998,0
3859,22.563150231375822,0
3860,21.449871656752723,0
3861,23.50044614079422,0
3862,18.873520489179683,0
3863,19.76469249053989,0
3864,21.286820200591457,0
3865,19.318867295497224,0
3866,18.705388312882413,0
3867,17.225804772333976,0
3868,16.36665930180429,0
3869,17.52245423885693,0
3870,16.277041412907643,0
3871,16.347161403445757,0
3872,16.406459730745347,0
3873,13.663378495972438,0
3874,14.123424037285705,0
3875,14.357805613916378,0
3876,15.198820727320873,0
3877,15.706967837201812,0
3878,14.121472469915092,0
3879,15.140067314469311,0
3880,15.53570593587939,0
3881,15.897498590941913,0
3882,17.982570238889316,0
3883,16.19578217704159,0
3884,17.633318577897317,0
3885,15.765126412713606,0
3886,18.565555744554267,0
3887,19.436280176366104,0
3888,20.670355242653965,0
3889,20.117444424400905,0
3890,20.71271325365983,0
3891,20.688841054400168,0
3892,21.975124642105953,0
3893,25.374154568034808,0
3894,21.80971617576933,0
3895,22.24911900252107,0
3896,24.398721032280296,0
3897,23.6556127392963,0
3898,26.0362522638851,0
3899,23.43586676761242,0
3900,26.610163254264055,0
3901,24.490895825378743,0
3902,23.15838946684776,0
3903,22.38878463492374,0
3904,23.407819512049496,0
3905,23.296730451646706,0
3906,23.869983428154114,0
3907,21.736389931003597,0
3908,25.50728405299143,0
3909,22.724665593347215,0
3910,21.086712008641836,0
3911,20.077781054759228,0
3912,22.662313170192945,0
3913,18.566643903742644,0
3914,19.441400363086583,0
3915,19.54387133966922,0
3916,16.5581250869504,0
3917,17.523782416770718,0
3918,15.956733113452632,0
3919,17.408298446653784,0
3920,17.11135339668983,0
3921,15.917628287713793,0
3922,15.326500017581756,0
3923,13.822383281336105,0
3924,17.440653839933507,0
3925,16.55201229740986,0
3926,15.890008089012236,0
3927,16.87802807681644,0
3928,15.690616266572825,0
3929,14.918294443638334,0
3930,17.408604577573417,0
3931,15.995448641088368,0
3932,16.972909555099026,0
3933,18.84231720549925,0
3934,17.139001559904948,0
3935,19.37973469080782,0
3936,19.70870183004033,0
3937,19.494384128022784,0
3938,20.085304625782737,0
3939,21.698162002041332,0
3940,22.207797010978005,0
3941,23.206692337421057,0
3942,22.041481910880808,0
3943,24.053461938623265,0
3944,23.068894159580665,0
3945,23.811346336680202,0
3946,25.79988749425566,0
3947,24.27809745451258,0
3948,24.50632625517425,0
3949,24.143724344224786,0
3950,24.821311388180455,0
3951,25.45633840966649,0
3952,23.98149865818059,0
3953,24.632896854446734,0
3954,22.23120415239891,0
3955,23.50627777248897,0
3956,22.390728786640484,0
3957,21.98703174340726,0
3958,20.369124464981674,0
3959,20.036303884640233,0
3960,20.30855907322138,0
3961,18.165800994691185,0
3962,19.476598207287427,0
3963,17.64764170504347,0
3964,17.95316175982468,0
3965,15.826851220898709,0
3966,14.840533223774072,0
3967,16.673634942808796,0
3968,16.356157746082864,0
3969,15.337848904839557,0
3970,15.82504653124486,0
3971,15.030053767108267,0
3972,15.660395765676123,0
3973,15.189304653429831,0
3974,14.203256603632681,0
3975,16.48611261461811,0
3976,14.707809728501019,0
3977,18.292731865593385,0
3978,16.317819764951583,0
3979,16.029351576699035,0
3980,17.287429100218656,0
3981,18.15336086931277,0
3982,18.846954905801198,0
3983,19.91182602014408,0
3984,19.40979660301689,0
3985,18.60176427535843,0
3986,20.449755907293053,0
3987,22.3588848559365,0
3988,23.629862628597916,0
3989,21.065935874967582,0
3990,23.65259596213785,0
3991,25.098916390902392,0
3992,22.94068555155122,0
3993,26.345322889788722,0
3994,24.076946137342397,0
3995,24.859141385807465,0
3996,24.52377632334873,0
3997,26.763061134313283,0
3998,25.749511111417295,0
3999,24.775877086134237,0
4000,23.99375060625525,0
4001,22.29883491913426,0
4002,23.261887906600272,0
4003,22.455220357204556,0
4004,22.393463774029012,0
4005,20.01289801918499,0
4006,22.58237907821309,0
4007,21.584773653786755,0
4008,21.624299430621825,0
4009,18.777863926074637,0
4010,18.68836998517193,0
4011,16.875796953385862,0
4012,18.408359796526472,0
4013,16.753204953906184,0
4014,18.16494699669853,0
4015,16.790482983959247,0
4016,16.46462376919233,0
4017,15.953926660825662,0
4018,13.711789901403714,0
4019,15.796508666927776,0
4020,13.408838134343233,0
4021,15.368761259710325,0
4022,15.787787852705288,0
4023,14.243121507134001,0
4024,15.059608916348303,0
4025,15.881259175122079,0
4026,16.75745193084082,0
4027,17.273711912626847,0
4028,17.556489991733685,0
4029,17.23019014271512,0
4030,19.00756974762363,0
4031,21.866121645250068,0
4032,19.441282557386806,0
4033,22.271406695030873,0
4034,20.11362533858113,0
4035,21.286609166152207,0
4036,23.84936067835847,0
4037,23.911681807685103,0
4038,25.166143688011942,0
4039,24.5842247153602,0
4040,23.729775771990784,0
4041,24.706017812051336,0
4042,24.39306726148763,0
4043,26.017693700269135,0
4044,25.626547194802786,0
4045,26.21985232580174,0
4046,24.14717565103575,0
4047,24.374546146118103,0
4048,23.90753161133181,0
4049,23.606315302561793,0
4050,23.383520973771155,0
4051,24.334322748631422,0
4052,22.652213525782766,0
4053,23.105061405974126,0
4054,21.509554000807015,0
4055,18.870074743142144,0
4056,18.61354178449266,0
4057,19.174251911641317,0
4058,19.876412934692837,0
4059,18.10078420905964,0
4060,16.024275230856166,0
4061,17.085789326417697,0
4062,16.218448282541946,0
4063,16.62529498791724,0
4064,16.507868700588123,0
4065,15.670382062224661,0
4066,14.528478957031535,0
4067,14.007422295535942,0
4068,14.646987253851108,0
4069,14.973141370562713,0
4070,15.5382270185914,0
4071,14.92687300000686,0
4072,15.03656764303661,0
4073,16.530496465359512,0
4074,17.289094930681063,0
4075,17.241016960675232,0
4076,16.47451154732951,0
4077,17.780647795471886,0
4078,20.878987897949088,0
4079,18.27680932813873,0
4080,19.640412928299693,0
4081,21.573212554513617,0
4082,20.334873863221265,0
4083,21.603165289227572,0
4084,23.79075259248522,0
4085,24.02660294475547,0
4086,21.739893151020638,0
4087,24.575226543071366,0
4088,24.01401038874369,0
4089,23.234326500747375,0
4090,25.89925176185282,0
4091,24.438177042314635,0
4092,24.962835927561617,0
4093,24.1055661226553,0
4094,25.62970284185044,0
4095,25.533724208938832,0
4096,25.135829858332983,0
4097,26.383028087259362,0
4098,24.178953936678877,0
4099,22.759324592988104,0
4100,23.07964960314184,0
4101,22.311364893417792,0
4102,22.08632606109861,0
4103,18.360973351279313,0
4104,20.94449446479843,0
4105,21.464138825233796,0
4106,19.693656370540552,0
4107,17.589914999257264,0
4108,19.78965357024562,0
4109,17.883755185151863,0
4110,18.695580354713947,0
4111,17.212947096451924,0
4112,15.57426915633917,0
4113,13.961519456433034,0
4114,15.50550203395615,0
4115,15.817016057262503,0
4116,14.852621329651532,0
4117,13.974483305216623,0
4118,16.259721918723734,0
4119,14.889481624927788,0
4120,17.33247745637779,0
4121,15.741134224204485,0
4122,17.102149718379454,0
4123,16.895771886677903,0
4124,18.16419333558166,0
4125,18.890365987961804,0
4126,16.850923977738006,0
4127,18.91825073932808,0
4128,19.68383040765741,0
4129,20.30575658681159,0
4130,21.461336534042186,0
4131,23.2887451091567,0
4132,21.7206247399845,0
4133,23.82134116977396,0
4134,23.368324462385214,0
4135,23.4938217082319,0
4136,23.0610079870983,0
4137,24.062523775722607,0
4138,23.94584867618393,0
4139,25.61562641646148,0
4140,26.726532497688698,0
4141,25.70000699948617,0
4142,25.76545451452798,0
4143,24.003797681632413,0
4144,25.22211542110894,0
4145,23.322430981593634,0
4146,22.80887895262956,0
4147,23.49419815467382,0
4148,22.04819677789002,0
4149,22.724914774283846,0
4150,21.626640185251325,0
4151,20.570477190092763,0
4152,19.60762533417491,0
4153,19.724875710996688,0
4154,19.152224273516705,0
4155,18.353686444328655,0
4156,18.807150735502614,0
4157,16.57237763867389,0
4158,15.280525439040991,0
4159,14.909760143679469,0
4160,14.887745116158747,0
4161,14.657094523446778,0
4162,15.219313696036116,0
4163,16.864653658511386,0
4164,14.180574154649412,0
4165,14.390305431583737,0
4166,14.827855609123185,0
4167,14.585874407038464,0
4168,15.095430627306836,0
4169,16.91639197972193,0
4170,17.917607744526396,0
4171,16.437653171617278,0
4172,17.613464489531747,0
4173,19.178548654195243,0
4174,19.20612530968394,0
4175,19.346095844264173,0
4176,20.53480951798463,0
4177,20.7312432366138,0
4178,20.806821878682538,0
4179,22.596267154882284,0
4180,22.052150181546924,0
4181,22.729007954627725,0
4182,24.007658374125437,0
4183,23.002007922584845,0
4184,25.199205291796442,0
4185,24.075326875892028,0
4186,24.03541413050846,0
4187,25.660896918998322,0
4188,25.81358082073998,0
4189,26.060536402924537,0
4190,26.305762208873567,0
4191,23.804686749106057,0
4192,24.23764452168829,0
4193,23.06540350148628,0
4194,22.95638577407243,0
4195,24.03842056258729,0
4196,22.949821657052528,0
4197,22.31679026334234,0
4198,21.842182259547428,0
4199,20.386451360892817,0
4200,21.373852860015184,0
4201,18.50896308695775,0
4202,19.493879093296282,0
4203,17.64314649822995,0
4204,16.73689703451022,0
4205,19.05332750940885,0
4206,16.226398840610585,0
4207,16.830282155190957,0
4208,15.021952055729649,0
4209,14.77950267584854,0
4210,16.456486802408655,0
4211,15.56200087908285,0
4212,15.182380375997699,0
4213,15.610751328470602,0
4214,15.885525466645687,0
4215,16.322321277936616,0
4216,16.253416308441473,0
4217,16.813012838803182,0
4218,16.877529326792537,0
4219,17.199065364095866,0
4220,18.6948097295181,0
4221,16.057572238853002,0
4222,19.61377279531134,0
4223,19.472394766058805,0
4224,20.27728972514743,0
4225,20.499304708192646,0
4226,20.700205678031075,0
4227,22.59434080747731,0
4228,21.42233223408586,0
4229,22.158873173187754,0
4230,22.639118113061237,0
4231,25.634909647361372,0
4232,24.38842604783306,0
4233,24.653215966324478,0
4234,23.505187381768604,0
4235,25.076830024145064,0
4236,25.865259618419383,0
4237,23.930812521033687,0
4238,24.92611971312702,0
4239,24.84575490549097,0
4240,24.951913425736098,0
4241,24.94028320361927,0
4242,25.47799249957813,0
4243,23.056721618281593,0
4244,22.540657497287526,0
4245,21.303161270442914,0
4246,22.240545847501558,0
4247,20.626382175141938,0
4248,20.462938023023806,0
4249,20.03272518896356,0
4250,18.5674988761683,0
4251,17.915876678104766,0
4252,17.660409235005233,0
4253,17.099654253999883,0
4254,16.52467366341697,0
4255,15.890638717864105,0
4256,15.630083197744783,0
4257,16.564766190717577,0
4258,14.587786907517042,0
4259,15.136018878457737,0
4260,15.01789972132417,0
4261,16.08867748611444,0
4262,14.67736862192251,0
4263,15.163009021021363,0
4264,15.191126018460798,0
4265,16.82574150382072,0
4266,17.098492824147595,0
4267,17.39267822141553,0
4268,17.656149674106036,0
4269,20.281773084428988,0
4270,19.022820085106098,0
4271,17.504839244949988,0
4272,18.606549211301672,0
4273,19.320711795407433,0
4274,20.88892297405706,0
4275,20.45591533704088,0
4276,22.515141758133176,0
4277,21.661567189223533,0
4278,23.485012177217733,0
4279,23.354680339216674,0
4280,24.819244766876572,0
4281,24.74125763499689,0
4282,23.892648535414022,0
4283,26.699375135315833,0
4284,23.904156336739796,0
4285,24.438089771932802,0
4286,23.46977170135507,0
4287,25.56160868589724,0
4288,25.240024734509667,0
4289,23.869547957337257,0
4290,21.145942638066565,0
4291,23.790935640917198,0
4292,24.227206135696317,0
4293,21.052172182195278,0
4294,21.74421562601181,0
4295,21.51826210618876,0
4296,20.032472123942686,0
4297,18.197216799989118,0
4298,18.502603325160727,0
4299,17.449276738185056,0
4300,18.026008502502194,0
4301,15.238218077484778,0
4302,16.961355934213046,0
4303,16.091811440966975,0
4304,14.134324250837413,0
4305,14.385600319777273,0
4306,15.687491233171766,0
4307,16.28070334072705,0
4308,15.827291402705995,0
4309,17.873245340273797,0
4310,15.340121672008069,0
4311,14.19636371009678,0
4312,15.683365053515068,0
4313,15.307242168096145,0
4314,14.097358581607692,0
4315,17.970462895923482,0
4316,16.518877304729106,0
4317,17.159265201246868,0
4318,20.45922136083011,0
4319,18.696110889155165,0
4320,19.14781204430215,0
4321,21.462228091107338,0
4322,23.086179202284193,0
4323,20.052932269619653,0
4324,21.40636120315473,0
4325,22.40883111990715,0
4326,24.286872552410983,0
4327,24.19354091938543,0
4328,25.427943594431085,0
4329,23.161966714936085,0
4330,24.69343586181897,0
4331,26.376798355711504,0
4332,23.172857481801742,0
4333,25.999880839275384,0
4334,23.986555770539145,0
4335,24.874407002208024,0
4336,23.268193156272936,0
4337,24.56763620536283,0
4338,24.285185857051555,0
4339,22.873073184589767,0
4340,24.107602924753014,0
4341,20.904954503731705,0
4342,22.244115395458664,0
4343,19.50536909390652,0
4344,20.93050132280199,0
4345,20.160104747716314,0
4346,17.977953024868228,0
4347,19.631165012809923,0
4348,17.44370726207925,0
4349,15.587093820822709,0
4350,16.1348301998324,0
4351,16.920390521242517,0
4352,15.706688274585911,0
4353,16.282647434173608,0
4354,16.57056814020111,0
4355,15.85899498551776,0
4356,15.53675406775154,0
4357,15.253794536931306,0
4358,15.642066698638345,0
4359,16.8219101242514,0
4360,15.08678669134125,0
4361,15.85034988475286,0
4362,17.259094235525023,0
4363,15.991303526971766,0
4364,18.49700270631958,0
4365,18.123845605659948,0
4366,19.20478969741382,0
4367,18.756638198235773,0
4368,19.804540019905247,0
4369,21.856463368751793,0
4370,20.233168890709383,0
4371,22.932545816004687,0
4372,23.62192175392765,0
4373,23.150945308237954,0
4374,21.62421553909733,0
4375,22.88730538657843,0
4376,24.73143906610454,0
4377,25.681893814586513,0
4378,23.46274129341696,0
4379,25.334102022275232,0
4380,25.250181543510866,0
4381,23.479879780727284,0
4382,25.018672490182436,0
4383,23.88429714430178,0
4384,22.85675699628393,0
4385,25.74948640110658,0
4386,22.797271705554735,0
4387,21.638376968282692,0
4388,21.106233983578267,0
4389,23.837266871211835,0
4390,22.28087530254354,0
4391,21.206803898208324,0
4392,19.185149891910267,0
4393,19.736917155074867,0
4394,18.788895084429903,0
4395,18.82553475474572,0
4396,16.065307711718656,0
4397,17.684807683573784,0
4398,17.448627457963468,0
4399,15.153079405526872,0
4400,14.74700672171584,0
4401,15.269386063466946,0
4402,13.843107252883279,0
4403,14.76151267271855,0
4404,14.712345816911741,0
4405,16.409765948769465,0
4406,14.17660139519749,0
4407,15.064930555907182,0
4408,16.981903758148416,0
4409,14.329140577654604,0
4410,17.49116688401813,0
4411,16.49757512252146,0
4412,18.080350592354026,0
4413,18.076163631744006,0
4414,19.339556642759028,0
4415,16.02662351749143,0
4416,19.289250462777957,0
4417,18.48022017205308,0
4418,20.996691298914843,0
4419,21.257131110995328,0
4420,22.563996245592776,0
4421,24.71313897601249,0
4422,24.065328785837863,0
4423,24.375012235432695,0
4424,24.973280503270303,0
4425,24.387766210064694,0
4426,26.34756851669613,0
4427,25.63461891606076,0
4428,25.059792125241845,0
4429,26.195323414251256,0
4430,24.482042678704516,0
4431,24.129253404141732,0
4432,23.47544243428661,0
4433,22.575757054724033,0
4434,22.342940518430794,0
4435,24.22927064049699,0
4436,22.082140261068755,0
4437,21.885888212646766,0
4438,22.02582040555518,0
4439,20.505780092113955,0
4440,19.027577531548662,0
4441,18.508450572092993,0
4442,18.25771116659194,0
4443,19.105024746480197,0
4444,16.97042688436993,0
4445,16.381309729681142,0
4446,16.98096825537114,0
4447,16.05138041898014,0
4448,15.72333240460715,0
4449,15.59961044133366,0
4450,16.858437512303297,0
4451,14.699227436304971,0
4452,14.529843949543448,0
4453,16.829156416347704,0
4454,14.259867063054136,0
4455,13.646443373434881,0
4456,16.518566687225622,0
4457,15.544323131632689,0
4458,16.43561898550347,0
4459,17.03273298142784,0
4460,16.340338065481866,0
4461,18.575454250001656,0
4462,17.490017937756733,0
4463,20.172775907941297,0
4464,21.123822327354606,0
4465,19.949819870233245,0
4466,22.371534478205746,0
4467,22.080051363270748,0
4468,24.32214781901056,0
4469,23.05881133036993,0
4470,21.731298506236293,0
4471,22.138063382347056,0
4472,25.20642520523594,0
4473,24.147401736351952,0
4474,25.20218563561227,0
4475,23.832299463743762,0
4476,24.408961696881846,0
4477,22.722588510999145,0
4478,25.199212176721673,0
4479,25.388655658965543,0
4480,23.53970306013465,0
4481,24.44637660661016,0
4482,22.78679949113615,0
4483,23.381693516369026,0
4484,22.016627954838903,0
4485,21.00549354434305,0
4486,21.72375845171505,0
4487,18.746763530695173,0
4488,21.783507462074535,0
4489,17.72334501355123,0
4490,16.68235423758872,0
4491,18.31542336118394,0
4492,16.413420944397533,0
4493,17.517363709915188,0
4494,15.018117594538905,0
4495,17.469510333485893,0
4496,16.896407310413814,0
4497,14.281397782009781,0
4498,17.109507078568267,0
4499,14.562179577622555,0
4500,14.960806526772329,0
4501,14.346010807477818,0
4502,15.401805057067964,0
4503,15.727923482949855,0
4504,15.501743094886834,0
4505,16.294181104773642,0
4506,16.55523613817684,0
4507,17.395465577774647,0
4508,16.148709889708872,0
4509,17.61776404467026,0
4510,17.504643733981716,0
4511,19.253273822255583,0
4512,19.89244650795153,0
4513,20.417007908858672,0
4514,20.56871585147305,0
4515,23.69726895968513,0
4516,21.492082124920227,0
4517,23.523867440894545,0
4518,23.04408566519903,0
4519,25.399069161961688,0
4520,25.49525041868234,0
4521,25.007208048217606,0
4522,25.468788270684186,0
4523,24.072326718562778,0
4524,23.93591864320437,0
4525,25.69149411305536,0
4526,24.809127165001584,0
4527,23.03428542461853,0
4528,24.12140856685891,0
4529,22.624022579496632,0
4530,22.05943172022908,0
4531,22.942685541633015,0
4532,22.519447173223355,0
4533,21.552438426331854,0
4534,20.751400285036226,0
4535,19.559121453710357,0
4536,19.749858071311508,0
4537,19.1723110337137,0
4538,18.184321250508823,0
4539,20.390729293269967,0
4540,17.16482610706,0
4541,17.024126154690535,0
4542,15.6412740188899,0
4543,15.809504792122258,0
4544,15.675525125827523,0
4545,15.898947401001935,0
4546,12.112271938906531,0
4547,16.0498835296459,0
4548,15.497426785881,0
4549,15.246246742023674,0
4550,14.099967090104856,0
4551,13.569308960784932,0
4552,14.500367513306683,0
4553,16.68002859799668,0
4554,17.07574530662337,0
4555,16.914057095860013,0
4556,18.182181363280733,0
4557,17.127088639385242,0
4558,17.58267305938592,0
4559,20.568440034745134,0
4560,21.076254243363216,0
4561,21.40477019514735,0
4562,22.366030482698246,0
4563,21.85462597009381,0
4564,20.190248674667117,0
4565,22.76090794461104,0
4566,24.614273309879763,0
4567,23.701030420146388,0
4568,25.008274790225503,0
4569,25.219131383397425,0
4570,23.915826326681007,0
4571,25.45668861779629,0
4572,25.072517019095578,0
4573,23.504925488436857,0
4574,25.880072249875663,0
4575,23.54057078169203,0
4576,24.778923245199675,0
4577,24.455338499375102,0
4578,22.764373452255455,0
4579,22.1122202662464,0
4580,22.92504876164181,0
4581,22.135180116733256,0
4582,22.488040999748144,0
4583,20.816790667907178,0
4584,20.501231075528274,0
4585,19.51175370853377,0
4586,19.635314157128576,0
4587,17.086959140460785,0
4588,15.621554255690471,0
4589,17.43972828867844,0
4590,16.255831315656117,0
4591,15.3932509588339,0
4592,17.32276625979894,0
4593,13.962834437596392,0
4594,14.878175249438824,0
4595,15.934821987934928,0
4596,14.79337920032345,0
4597,14.611819524928128,0
4598,15.474184237094596,0
4599,14.997225108499482,0
4600,13.962433092322177,0
4601,14.709552944685335,0
4602,17.126523942512126,0
4603,17.604766734248752,0
4604,16.31559111975954,0
4605,18.335849602048793,0
4606,19.326985912127455,0
4607,19.999369453735664,0
4608,21.42398177905029,0
4609,21.614078879309826,0
4610,21.222560076683628,0
4611,21.663672002297936,0
4612,23.16639727937441,0
4613,21.90251010663309,0
4614,21.915414943165587,0
4615,24.760791990019822,0
4616,25.443778036740596,0
4617,25.211396346005,0
4618,25.13592367547003,0
4619,23.39040415672284,0
4620,23.59727158411201,0
4621,24.340538951806796,0
4622,26.470094682504175,0
4623,24.329861030159567,0
4624,24.500279188662446,0
4625,23.182078306952707,0
4626,24.85597526700498,0
4627,21.184923935512334,0
4628,24.130326977404764,0
4629,21.92449187760779,0
4630,18.68592768116278,0
4631,20.741734451471785,0
4632,20.582630878994728,0
4633,19.925933997480787,0
4634,19.179544959436395,0
4635,17.798272329360604,0
4636,17.230582481985934,0
4637,17.080301967218865,0
4638,15.874702219289633,0
4639,17.747215471983544,0
4640,14.50577056451028,0
4641,15.531613319928248,0
4642,14.89829790900464,0
4643,13.614603793776165,0
4644,16.416944540684625,0
4645,15.31871230702787,0
4646,14.503543488847573,0
4647,14.536442759242203,0
4648,15.416754357707356,0
4649,17.604653226128907,0
4650,16.69509721661459,0
4651,16.06264759910879,0
4652,17.649169867890446,0
4653,17.40486309755952,0
4654,19.244987813136234,0
4655,19.804038501185957,0
4656,20.766248672992837,0
4657,20.998948368995947,0
4658,21.427896160769887,0
4659,20.66821664677924,0
4660,22.77112552661935,0
4661,24.18040761789186,0
4662,22.144781784276493,0
4663,24.91750964169169,0
4664,23.770671971832382,0
4665,24.032519164225956,0
4666,24.26365062009624,0
4667,25.698838808745464,0
4668,25.080829886564892,0
4669,25.186775410652427,0
4670,23.88343802422876,0
4671,26.227422823094617,0
4672,23.432728079745054,0
4673,25.308682483967008,0
4674,24.81956764741817,0
4675,23.813158701127964,0
4676,21.315731668723675,0
4677,22.023152404563643,0
4678,20.604100927797518,0
4679,22.247849211608894,0
4680,20.32864402682643,0
4681,19.83784448326127,0
4682,18.99102518822138,0
4683,18.41444641097544,0
4684,18.596766261198443,0
4685,19.142283188777643,0
4686,17.296607707224453,0
4687,17.343548139487183,0
4688,16.423723339862658,0
4689,15.893462257013077,0
4690,14.106624099827059,0
4691,14.743737457077792,0
4692,14.48943409253019,0
4693,15.717448793535738,0
4694,12.361504595098515,0
4695,13.316119197671405,0
4696,15.269964843529571,0
4697,16.52464288438992,0
4698,16.210434717452333,0
4699,16.96317785369181,0
4700,18.315537398255714,0
4701,19.608489348224218,0
4702,20.47333504307784,0
4703,20.040344408805307,0
4704,21.19885174783699,0
4705,20.422693480120326,0
4706,20.564378256794893,0
4707,22.663202242314227,0
4708,24.19766405548835,0
4709,23.740328415227356,0
4710,21.823511179344013,0
4711,25.18463991376613,0
4712,26.390274549000875,0
4713,25.53027661702365,0
4714,24.759492696014537,0
4715,24.31778876588088,0
4716,24.094442780424913,0
4717,26.603517413642624,0
4718,24.75738119279529,0
4719,24.592040276905024,0
4720,24.36181684386375,0
4721,24.042135390217386,0
4722,24.10645350526753,0
4723,22.866793072807415,0
4724,23.049327238113907,0
4725,21.601373237911762,0
4726,20.75310347308005,0
4727,19.13872827174195,0
4728,20.332722634905746,0
4729,20.835638105206527,0
4730,19.524054181050563,0
4731,19.378737969088164,0
4732,17.34325512325401,0
4733,16.42227339286748,0
4734,15.920711223854896,0
4735,15.152433809545236,0
4736,16.66887918244497,0
4737,16.8176696048911,0
4738,14.690774068872921,0
4739,15.676466626430452,0
4740,13.828561467800261,0
4741,15.555886173832226,0
4742,16.14492146901293,0
4743,14.766072018619774,0
4744,17.087499428674708,0
4745,15.799933464749158,0
4746,16.918728492464997,0
4747,18.776717921543433,0
4748,16.168322564474472,0
4749,18.743482663059567,0
4750,18.63978128495049,0
4751,20.99174501510644,0
4752,20.151669112309296,0
4753,20.666546501952325,0
4754,21.96240912274059,0
4755,23.82384756008109,0
4756,22.096838061983213,0
4757,22.289728792160293,0
4758,22.939006146320533,0
4759,25.074852531280126,0
4760,22.72794962018422,0
4761,23.636514998293357,0
4762,24.342726816567023,0
4763,24.192785896121926,0
4764,24.95102124103039,0
4765,24.370729451552958,0
4766,22.95774718473671,0
4767,26.97067819564058,0
4768,25.461548173850403,0
4769,23.89981553989181,0
4770,23.087500363920377,0
4771,22.45987261143968,0
4772,20.77716783274645,0
4773,20.900604218542888,0
4774,21.573122386232924,0
4775,21.018001828452256,0
4776,21.493815734197227,0
4777,19.43390098344429,0
4778,18.18530742676082,0
4779,19.094651227028706,0
4780,18.18369591830691,0
4781,15.782387425059914,0
4782,15.853298905954947,0
4783,16.999385367290078,0
4784,15.004807084667998,0
4785,15.558427827234306,0
4786,14.27660191848715,0
4787,16.167302460567957,0
4788,17.137228743660707,0
4789,13.097976275184621,0
4790,14.224123053386093,0
4791,16.168101374083,0
4792,16.046187842012685,0
4793,16.05459973339729,0
4794,15.259810963053901,0
4795,15.292600081036813,0
4796,17.1897401106076,0
4797,19.155410848593988,0
4798,19.791717069386117,0
4799,21.823596962593875,0
4800,18.375249283008056,0
4801,20.969701332824414,0
4802,21.680103503027066,0
4803,23.957510527732197,0
4804,21.944214573420247,0
4805,24.550648225465153,0
4806,22.08690182570915,0
4807,25.16921111758234,0
4808,23.52277733170706,0
4809,23.69573756622283,0
4810,25.3042144672749,0
4811,24.600655246589582,0
4812,25.35379524421154,0
4813,24.916108476420476,0
4814,24.094727306673597,0
4815,25.501949060654837,0
4816,24.138159677780777,0
4817,23.334981483339334,0
4818,22.879546293892965,0
4819,21.185646984869823,0
4820,21.222399564125148,0
4821,22.283656784250297,0
4822,21.552483843137022,0
4823,20.559834861585287,0
4824,21.36822384657256,0
4825,19.39156890981844,0
4826,18.764031636179975,0
4827,18.675141023923647,0
4828,17.897186519362577,0
4829,18.184834185197708,0
4830,15.98910650532196,0
4831,16.190038878840667,0
4832,15.741680839926076,0
4833,15.10103430829076,0
4834,15.158951891373663,0
4835,16.0478053080419,0
4836,16.588408260063062,0
4837,15.162085604164787,0
4838,15.275775620529368,0
4839,15.733959223080829,0
4840,16.8979317667533,0
4841,16.74840016529585,0
4842,18.220620934884902,0
4843,18.94289817402101,0
4844,18.76738721236489,0
4845,17.63648073008427,0
4846,18.468113068525987,0
4847,19.086757860810557,0
4848,19.660080437957255,0
4849,21.775010787211112,0
4850,20.784339927676598,0
4851,22.555413416343953,0
4852,22.224196306779948,0
4853,22.312867796536853,0
4854,24.892590188433022,0
4855,22.682085313153664,0
4856,25.820892518678434,0
4857,23.36649280105596,0
4858,25.46765263527088,0
4859,25.36272523441492,0
4860,25.401512109064758,0
4861,25.005162272900932,0
4862,24.29439433988386,0
4863,24.49424559653898,0
4864,25.826625320063936,0
4865,25.06719111017173,0
4866,25.914849557177906,0
4867,24.331833606760576,0
4868,23.268295944808397,0
4869,22.29186015660957,0
4870,21.309660688614112,0
4871,22.190666295336122,0
4872,19.836698431852817,0
4873,19.229947206504463,0
4874,18.235752812121234,0
4875,18.790687683775488,0
4876,20.874881484299873,0
4877,16.798209559277037,0
4878,14.918493231198976,0
4879,15.448834174157128,0
4880,16.660165165858796,0
4881,15.133279423203588,0
4882,14.798602675556118,0
4883,15.850972424222949,0
4884,15.020497191500995,0
4885,14.271638027672257,0
4886,15.710701393731338,0
4887,14.478738499231712,0
4888,15.644850320533456,0
4889,17.977072747463207,0
4890,14.310089780323102,0
4891,18.63593686556216,0
4892,15.725802175328138,0
4893,18.401066732762168,0
4894,16.671612145888588,0
4895,19.131363057826647,0
4896,19.327830582639766,0
4897,20.08897660145862,0
4898,20.50536689081071,0
4899,23.480498799239033,0
4900,23.54653365904828,0
4901,21.557509307232472,0
4902,21.832994797343428,0
4903,23.86206565934348,0
4904,22.975446181974892,0
4905,26.625223690191444,0
4906,26.296822808955824,0
4907,25.629661465191344,0
4908,23.312117069789668,0
4909,24.301613185404417,0
4910,25.8697469737225,0
4911,23.73132792482471,0
4912,25.108466082990454,0
4913,24.066611128856835,0
4914,24.529604419655747,0
4915,23.038857129389985,0
4916,22.48404211518115,0
4917,20.64904263796017,0
4918,21.204225348126123,0
4919,19.824733262152087,0
4920,20.75696957183624,0
4921,17.96184025880696,0
4922,19.60768920574316,0
4923,19.13685715271902,0
4924,18.18725588493441,0
4925,15.47371856277397,0
4926,15.227742691257179,0
4927,16.248915955407796,0
4928,15.79750894588059,0
4929,15.018708047817203,0
4930,14.977715570034123,0
4931,13.990971549495963,0
4932,13.998709422602747,0
4933,13.980571689332727,0
4934,14.607436346770866,0
4935,15.259200100127208,0
4936,15.330944072272832,0
4937,15.110466261016473,0
4938,17.52456761524941,0
4939,17.157659349198376,0
4940,16.502133417305657,0
4941,20.769585411807668,0
4942,16.150331390758957,0
4943,19.969136516876357,0
4944,20.337066308884378,0
4945,20.075728439108552,0
4946,20.259938212078605,0
4947,21.83069751744211,0
4948,23.56233056540144,0
4949,23.944985231170353,0
4950,24.0253146283623,0
4951,24.179647358704784,0
4952,24.38105738116591,0
4953,25.55794628772386,0
4954,24.964394926617896,0
4955,25.20224014496751,0
4956,26.377757365623886,0
4957,24.44173046308649,0
4958,25.174988725613925,0
4959,24.56340530212926,0
4960,23.502313736072825,0
4961,25.421688755504363,0
4962,22.595134658892594,0
4963,22.689280216312028,0
4964,21.669039550165987,0
4965,22.367433667294776,0
4966,21.89115641721724,0
4967,22.30554308711302,0
4968,21.663030581155486,0
4969,20.9873673926214,0
4970,19.2574240337491,0
4971,19.128059506875626,0
4972,17.2786684546253,0
4973,15.99869398305546,0
4974,17.714444888216068,0
4975,15.272161970903788,0
4976,16.376915722649414,0
4977,16.91645239845391,0
4978,15.198518528780317,0
4979,16.500355272080846,0
4980,15.137805447426615,0
4981,15.039179220551684,0
4982,15.91326888611202,0
4983,17.289941143208644,0
4984,14.521074698032715,0
4985,16.388556565176057,0
4986,15.834346657664598,0
4987,17.315389591651357,0
4988,18.094464361821423,0
4989,16.75677860803989,0
4990,17.729312658155404,0
4991,20.325387854118755,0
4992,20.508117562883527,0
4993,20.097108824831455,0
4994,21.426504651451086,0
4995,22.917996999367162,0
4996,23.467579170472312,0
4997,21.045227909265773,0
4998,23.06664427893966,0
4999,25.69305510735873,0
5000,24.01915372856298,0
5001,24.247029410427622,0
5002,25.028425536760434,0
5003,25.354766393992797,0
5004,25.294736567131537,0
5005,25.3874894371173,0
5006,24.11075196336666,0
5007,25.094019825345033,0
5008,25.17518040072717,0
5009,24.12168518132539,0
5010,23.442266019807576,0
5011,22.410720545706827,0
5012,22.72769888759941,0
5013,20.75579707846537,0
5014,20.882858410825953,0
5015,20.506841720322345,0
5016,17.748404564486965,0
5017,19.58890603488791,0
5018,17.193751326188075,0
5019,17.205748184785,0
5020,16.60833516367029,0
5021,16.542993797457015,0
5022,16.194661952364935,0
5023,16.53685984649979,0
5024,14.532631298109461,0
5025,14.899269919663558,0
5026,15.48182640156715,0
5027,14.396076088489863,0
5028,14.2035654635246,0
5029,15.189258007357,0
5030,15.746752980186018,0
5031,15.820558040778604,0
5032,14.295049073488375,0
5033,16.07491027354349,0
5034,16.337649931176042,0
5035,18.549525585858266,0
5036,17.376874144838915,0
5037,17.735818911531936,0
5038,19.996430152009676,0
5039,18.556712152565087,0
5040,21.16805854012769,0
5041,21.820269790547254,0
5042,21.140232613469966,0
5043,22.12570357604631,0
5044,23.073630108224286,0
5045,25.182749419718753,0
5046,23.749249187138624,0
5047,23.581996401035003,0
5048,25.01934271095973,0
5049,24.7672035401706,0
5050,24.100940685148213,0
5051,25.028582225733377,0
5052,25.437131909530414,0
5053,26.18881571547652,0
5054,25.446337435918252,0
5055,25.210056576018207,0
5056,23.843868853345505,0
5057,25.022739166517848,0
5058,22.91056107116267,0
5059,22.376241798983884,0
5060,22.077519221417568,0
5061,21.158311303148263,0
5062,21.433775567092287,0
5063,21.355321925965047,0
5064,20.10322231685329,0
5065,19.001221391893488,0
5066,18.982538207229283,0
5067,17.62047172228871,0
5068,18.501697324678958,0
5069,18.43787395267183,0
5070,16.26526647739598,0
5071,15.77520497874323,0
5072,16.697341317034375,0
5073,17.665047015441974,0
5074,15.017169400173927,0
5075,16.437413237333637,0
5076,15.586399606055565,0
5077,14.253846053678028,0
5078,15.242199175582847,0
5079,15.81382196847747,0
5080,15.340850382444073,0
5081,17.99318965243532,0
5082,14.214086634036676,0
5083,16.48974484903866,0
5084,17.0059577905917,0
5085,17.36202190454299,0
5086,18.052503120210417,0
5087,19.405111614822207,0
5088,20.507243574167987,0
5089,20.74733374547169,0
5090,21.946325685466885,0
5091,21.76779035157646,0
5092,21.50282687829073,0
5093,22.37697481357619,0
5094,24.75277417134875,0
5095,23.407531850278847,0
5096,23.916145991536652,0
5097,25.00211508356994,0
5098,25.40150374386017,0
5099,24.905453981992654,0
5100,25.8031802840443,0
5101,26.36357558001487,0
5102,26.44001425966641,0
5103,24.82903254421753,0
5104,23.021892854780223,0
5105,22.94218141741403,0
5106,22.513377504750636,0
5107,23.35335499264596,0
5108,23.70718883912589,0
5109,22.387981794774216,0
5110,22.192735988973087,0
5111,23.636886201723357,0
5112,18.83831900273092,0
5113,20.659429892213893,0
5114,18.70510075158757,0
5115,17.504678020780663,0
5116,17.136672512288236,0
5117,16.67255535696708,0
5118,18.403058067911033,0
5119,16.46806001820057,0
5120,17.077630694730725,0
5121,14.118423699742007,0
5122,16.704806439348058,0
5123,15.534676454589755,0
5124,15.974703903655707,0
5125,14.177883166137633,0
5126,15.788341494440793,0
5127,15.563122230198996,0
5128,15.515392709565191,0
5129,16.117293961823314,0
5130,16.707279356031208,0
5131,17.35252775585619,0
5132,16.75331851881122,0
5133,18.905715534918237,0
5134,17.519561902909643,0
5135,18.41204545614463,0
5136,18.370607952332282,0
5137,17.972066722795024,0
5138,23.03832660838268,0
5139,23.66222268487939,0
5140,22.028004505411566,0
5141,22.623443512512996,0
5142,22.627192717729173,0
5143,24.004385298811044,0
5144,24.294088489739785,0
5145,23.515348698670728,0
5146,24.75270124303309,0
5147,23.57084523552397,0
5148,24.754681948465127,0
5149,26.08465351963381,0
5150,25.509284534297525,0
5151,24.8407195773459,0
5152,24.051073030809885,0
5153,25.899079980571273,0
5154,23.306720257718368,0
5155,20.889834282957658,0
5156,22.170161770633616,0
5157,19.6280164344052,0
5158,21.241598550117125,0
5159,20.425634313286785,0
5160,21.44224150582276,0
5161,20.71382792062252,0
5162,18.400274556536075,0
5163,17.888443765252468,0
5164,18.224475696064406,0
5165,15.921830987727665,0
5166,15.68399277547957,0
5167,17.478920622182574,0
5168,14.665982845726052,0
5169,15.600784389296061,0
5170,17.613394481346507,0
5171,14.677323688944982,0
5172,16.934101971371476,0
5173,13.757495869019836,0
5174,14.340709399499636,0
5175,16.78628180422594,0
5176,16.42813466545695,0
5177,16.113871462299173,0
5178,16.430062240291626,0
5179,18.07659806589053,0
5180,19.4105666814348,0
5181,16.985348302879938,0
5182,18.381955343525107,0
5183,20.35706277813075,0
5184,19.768499354978516,0
5185,21.66913198218573,0
5186,20.43201832725806,0
5187,23.379108450748706,0
5188,23.33053723652088,0
5189,23.40070101930548,0
5190,23.987886613977995,0
5191,25.670739024905778,0
5192,23.27566179302958,0
5193,25.033174693709217,0
5194,24.093927729240985,0
5195,24.19818065578091,0
5196,26.51523162278227,0
5197,25.511600685305012,0
5198,25.154365741161374,0
5199,25.434584565065947,0
5200,23.921784014801993,0
5201,25.289697628520322,0
5202,23.219498666802316,0
5203,23.783360523384385,0
5204,22.69586667120389,0
5205,22.944881174789344,0
5206,20.507032408539384,0
5207,21.53093796588959,0
5208,20.915564363510317,0
5209,19.577062373662663,0
5210,18.311253037094065,0
5211,17.132278615524072,0
5212,17.15999925722194,0
5213,17.387798004846175,0
5214,16.070136485545405,0
5215,14.464387460403916,0
5216,16.37256630898948,0
5217,15.952280213280456,0
5218,14.846361613865676,0
5219,13.814021781847183,0
5220,14.44142774377759,0
5221,14.584047389675066,0
5222,14.558687590808379,0
5223,15.576579297778583,0
5224,13.72236828511664,0
5225,16.077630981481438,0
5226,16.12902925249917,0
5227,17.80590798412036,0
5228,16.60752307321165,0
5229,17.95133634694027,0
5230,18.348650798948007,0
5231,17.329707532023782,0
5232,22.241857483312856,0
5233,20.343737203535227,0
5234,21.746720303462098,0
5235,21.992328628960696,0
5236,22.31942589646081,0
5237,22.960312966357524,0
5238,21.583555305682065,0
5239,24.331919715916555,0
5240,23.787797198090864,0
5241,24.371748911884826,0
5242,25.951550164706532,0
5243,24.99771528386634,0
5244,26.97287344757157,0
5245,26.22040760602784,0
5246,25.48666294334133,0
5247,25.055860270013444,0
5248,23.392592529839703,0
5249,26.24196579756765,0
5250,25.323178754759063,0
5251,22.976917172090474,0
5252,22.66191582009839,0
5253,20.50307259290012,0
5254,22.591066103801094,0
5255,21.032523857163213,0
5256,20.383625045031874,0
5257,19.14252901068927,0
5258,18.663204520962946,0
5259,17.87501952873628,0
5260,17.14941295062706,0
5261,16.581198803356827,0
5262,15.995799440037763,0
5263,17.918589720621668,0
5264,18.091729648208855,0
5265,13.46781561579541,0
5266,15.151198925610807,0
5267,14.434268446848806,0
5268,14.386656958424295,0
5269,15.778150501785294,0
5270,11.879095854437367,0
5271,16.180425944394077,0
5272,13.725579989387004,0
5273,16.192811121716698,0
5274,15.990680748314837,0
5275,16.249810245410792,0
5276,17.408567472804197,0
5277,16.96840963544709,0
5278,20.482234060546077,0
5279,17.59557820950962,0
5280,18.333426194125654,0
5281,20.441283310109284,0
5282,21.255310259096145,0
5283,23.191015173178414,0
5284,22.300330134272023,0
5285,21.81964282216653,0
5286,22.91292159166814,0
5287,23.132132290275322,0
5288,23.909722154211025,0
5289,25.076136295525025,0
5290,24.462013756501996,0
5291,24.251759040634184,0
5292,25.590745662398668,0
5293,23.96024581725205,0
5294,24.721165817294782,0
5295,24.907973939948175,0
5296,23.625669478760727,0
5297,24.99492738621352,0
5298,23.268845922305662,0
5299,24.79475417572693,0
5300,22.214495119411378,0
5301,21.372361843928157,0
5302,20.0809123025795,0
5303,20.703835686481792,0
5304,20.608630932380187,0
5305,17.780817035167853,0
5306,16.77874913126037,0
5307,16.743784041983997,0
5308,17.43023170844789,0
5309,16.872095005349347,0
5310,15.453811520687788,0
5311,15.5224887472479,0
5312,15.545277069549208,0
5313,15.730227635245836,0
5314,13.898178228633263,0
5315,13.150229125914693,0
5316,14.464867804157045,0
5317,16.72144176081088,0
5318,14.591069781623,0
5319,14.905459885319246,0
5320,15.74921617898784,0
5321,14.268012864866574,0
5322,17.08720750079416,0
5323,16.058944066427657,0
5324,15.599075143306026,0
5325,17.8075231633139,0
5326,18.443126521092257,0
5327,20.300045524984434,0
5328,20.477357957589685,0
5329,20.153258444370557,0
5330,22.141108541551635,0
5331,22.699904599902872,0
5332,24.284876265665204,0
5333,22.28367167712817,0
5334,23.65092788797773,0
5335,23.205031786098747,0
5336,24.540543997061967,0
5337,25.991580119780686,0
5338,25.795588986842613,0
5339,24.66507764728176,0
5340,22.6342044703617,0
5341,24.286395635301876,0
5342,24.547364861267113,0
5343,25.03009412922837,0
5344,25.564035437962133,0
5345,25.090119508433876,0
5346,23.883616286762027,0
5347,23.997553186479784,0
5348,21.63458097166882,0
5349,21.142229548899998,0
5350,22.62093118718372,0
5351,20.980782524538967,0
5352,20.938367498168983,0
5353,20.209258598934362,0
5354,19.36689575931473,0
5355,17.90488027766604,0
5356,18.311952164353617,0
5357,16.954135807017096,0
5358,17.33256200841638,0
5359,17.03769162847234,0
5360,15.539695436813458,0
5361,17.297197866492713,0
5362,15.270467571366735,0
5363,16.48601690087894,0
5364,13.917452559057386,0
5365,15.9292704412344,0
5366,13.982791890377483,0
5367,14.460635163726776,0
5368,14.18272578342224,0
5369,15.75796016201392,0
5370,16.529955398091122,0
5371,16.471069046258087,0
5372,19.771198041542235,0
5373,19.041919925723047,0
5374,17.71381888024,0
5375,19.403528120998562,0
5376,19.810546541907712,0
5377,20.978180067529593,0
5378,21.310591919018464,0
5379,20.520486231930743,0
5380,24.394599090897245,0
5381,24.25724003735484,0
5382,24.190443744379593,0
5383,25.16782472109011,0
5384,24.758387683162642,0
5385,23.962291706088617,0
5386,23.732826534649664,0
5387,25.628292540282757,0
5388,24.181334554827533,0
5389,24.62453852346116,0
5390,23.71751680438773,0
5391,25.302233247401404,0
5392,23.98141673973172,0
5393,24.220524484492095,0
5394,23.178827404665928,0
5395,21.92973821870192,0
5396,23.0516178967166,0
5397,21.851881427269877,0
5398,20.507043246992826,0
5399,21.46944639968691,0
5400,21.24807793826023,0
5401,21.159229571913855,0
5402,19.539702017628187,0
5403,18.40868374402148,0
5404,18.49859497126658,0
5405,16.2219410189651,0
5406,16.454019385960475,0
5407,16.16890505199756,0
5408,14.032579575942469,0
5409,15.968345908115921,0
5410,16.15149917644378,0
5411,14.87645065390295,0
5412,16.211488915140148,0
5413,14.133988627261788,0
5414,16.19440457429811,0
5415,16.472204322977973,0
5416,15.20240197951575,0
5417,16.121112767611322,0
5418,16.027138181545023,0
5419,15.858997962353063,0
5420,16.1401871685408,0
5421,16.99429986435764,0
5422,19.049150377643926,0
5423,17.74411752854842,0
5424,19.843849066005735,0
5425,23.098135642391945,0
5426,21.972551775878582,0
5427,22.116103100822365,0
5428,22.0204268117833,0
5429,20.739422186696636,0
5430,24.316645933574694,0
5431,24.912567431825337,0
5432,24.156773186787756,0
5433,23.77587162093144,0
5434,24.778991839454278,0
5435,24.141087904125435,0
5436,25.908482269241713,0
5437,24.81846109962969,0
5438,25.52941802520789,0
5439,23.688309712357686,0
5440,22.859405056590884,0
5441,21.53883543909033,0
5442,23.790751926985255,0
5443,21.62838731086983,0
5444,23.66760130416536,0
5445,21.89683798396922,0
5446,21.274948793502052,0
5447,18.786063303466427,0
5448,20.68575648196824,0
5449,19.917495381876982,0
5450,20.081802569888747,0
5451,17.702072164951822,0
5452,17.736220719077952,0
5453,17.327464308115378,0
5454,17.153623603446214,0
5455,16.914610642583085,0
5456,15.933480391934541,0
5457,15.853017026722949,0
5458,15.912031264084577,0
5459,16.479615195662113,0
5460,15.988689135266156,0
5461,15.408123624761028,0
5462,15.044414756811602,0
5463,14.991416302875072,0
5464,16.47911238014953,0
5465,15.18804835540915,0
5466,15.501474440841688,0
5467,16.97684549286807,0
5468,17.03572563161335,0
5469,17.87492481217787,0
5470,19.1078085223238,0
5471,19.27422547339119,0
5472,20.337262946560834,0
5473,21.027066070983885,0
5474,21.307542463328595,0
5475,21.17644154451631,0
5476,23.156409772513392,0
5477,23.152499581694777,0
5478,23.05347396975757,0
5479,23.11079327107891,0
5480,24.433731809049554,0
5481,26.555342152840613,0
5482,24.92302651095643,0
5483,25.820357305731278,0
5484,24.641727568892737,0
5485,24.267964145758068,0
5486,25.99312253619831,0
5487,25.017442730373464,0
5488,23.322068541793517,0
5489,25.183999192048336,0
5490,23.487903224458346,0
5491,24.188280879521507,0
5492,23.745406995782723,0
5493,21.886415002991434,0
5494,20.55754842304615,0
5495,22.011758813513772,0
5496,22.166908487008424,0
5497,19.686983311611392,0
5498,17.269469993662245,0
5499,17.750209226519004,0
5500,18.13857927805563,0
5501,15.23727944816159,0
5502,15.8097846351112,0
5503,15.244020166784768,0
5504,15.264614386544382,0
5505,17.478473531791025,0
5506,15.425725339584544,0
5507,16.772866223757127,0
5508,15.320615991920668,0
5509,15.182388573215855,0
5510,15.130691693236027,0
5511,15.518783895987095,0
5512,17.15989815902002,0
5513,17.12986211867336,0
5514,17.292530079198194,0
5515,18.028084068767328,0
5516,16.475437334222867,0
5517,17.51669357181294,0
5518,17.385897237573317,0
5519,18.760862947109526,0
5520,21.124696887130504,0
5521,19.79311027347178,0
5522,20.451941914612917,0
5523,21.393905083457184,0
5524,21.26015557331762,0
5525,23.165163235611203,0
5526,24.21750359908046,0
5527,25.271329381959294,0
5528,24.577528202247173,0
5529,25.25742397785863,0
5530,25.94206402715036,0
5531,24.485243837913305,0
5532,24.519523525768385,0
5533,25.392895808973698,0
5534,25.013079507203756,0
5535,24.50480290686767,0
5536,24.377135541431592,0
5537,23.491467522734254,0
5538,22.59448546823017,0
5539,23.31061940315329,0
5540,22.056218631993186,0
5541,21.17549803368285,0
5542,22.075762352065933,0
5543,20.874120298359,0
5544,21.18637265908256,0
5545,18.82933641583247,0
5546,19.898423636712007,0
5547,20.070918076259186,0
5548,17.133132348204086,0
5549,16.50279088478309,0
5550,15.741770954052965,0
5551,15.370148560253687,0
5552,15.502573515584745,0
5553,15.702168314961748,0
5554,14.736379487313888,0
5555,15.567479053052331,0
5556,14.04584414111819,0
5557,14.775851984933636,0
5558,16.104958494986942,0
5559,16.639709735979725,0
5560,17.360792536766795,0
5561,17.56510993861129,0
5562,17.620493079962362,0
5563,15.422414175352314,0
5564,16.876464805761398,0
5565,17.599542345361055,0
5566,18.678137253576992,0
5567,19.75860572800537,0
5568,21.432758317498237,0
5569,20.19706010330309,0
5570,18.7597253144961,0
5571,20.63546026787828,0
5572,22.858314153851392,0
5573,23.67398716714795,0
5574,22.509828495002473,0
5575,24.880647090540027,0
5576,24.581269875802647,0
5577,25.989025228172064,0
5578,22.36129474004956,0
5579,25.11935400986283,0
5580,24.87837496376715,0
5581,25.068228900449814,0
5582,24.475877785626405,0
5583,23.925689636923064,0
5584,24.017069252706552,0
5585,22.730803774316644,0
5586,21.28619642278985,0
5587,23.66645828789746,0
5588,21.98823013621999,0
5589,20.970489819133473,0
5590,22.54653190800813,0
5591,20.425991775577945,0
5592,19.863626196534398,0
5593,19.972407182984657,0
5594,18.370011451452473,0
5595,18.281123153692068,0
5596,16.713276926342246,0
5597,18.031530811453116,0
5598,16.548957439638194,0
5599,17.682681973682996,0
5600,16.329113979637725,0
5601,16.623106401563337,0
5602,14.795521682577052,0
5603,14.534115678063602,0
5604,15.89900487221739,0
5605,15.921106122039882,0
5606,14.977856760400908,0
5607,16.032943179704727,0
5608,15.507856095988314,0
5609,16.557699845931914,0
5610,15.793633020348812,0
5611,17.743658649952117,0
5612,17.12068765813179,0
5613,18.619305531213648,0
5614,18.428143575998906,0
5615,19.431515278176708,0
5616,20.131891761044827,0
5617,20.89693561820738,0
5618,22.56506976800695,0
5619,23.652966297238972,0
5620,23.037607769316203,0
5621,21.945377120777206,0
5622,23.566683499882853,0
5623,23.01999133470543,0
5624,25.677062725089772,0
5625,24.686647608861364,0
5626,24.67104356947934,0
5627,25.3641324574718,0
5628,24.62524630500682,0
5629,25.620624318021406,0
5630,25.19166955622335,0
5631,23.441821102354403,0
5632,25.05796734813546,0
5633,23.51464338909076,0
5634,24.360088008681217,0
5635,21.103591478432232,0
5636,24.18642077098855,0
5637,21.567241740492,0
5638,21.042945150643366,0
5639,21.828379521318087,0
5640,19.33582989175408,0
5641,20.313297335495005,0
5642,17.182890247397676,0
5643,19.505097752150988,0
5644,19.031983052111826,0
5645,17.721902935986208,0
5646,15.10720957211243,0
5647,16.539360714850027,0
5648,16.004163594036775,0
5649,15.037107459226469,0
5650,14.40744465110227,0
5651,14.702930447658709,0
5652,14.432706693655057,0
5653,15.11533914270611,0
5654,16.139011795985876,0
5655,15.336952777593469,0
5656,16.297382051003716,0
5657,16.17474963016495,0
5658,16.049296449136904,0
5659,17.245272812573067,0
5660,17.43452588333067,0
5661,18.666333277987864,0
5662,20.516475600211884,0
5663,17.7287849063115,0
5664,20.34999443863672,0
5665,18.91108844652598,0
5666,21.15573365780662,0
5667,20.608716917082297,0
5668,22.982331188156074,0
5669,24.71811180384008,0
5670,22.91547059977392,0
5671,24.271040319874754,0
5672,23.455670565810085,0
5673,24.81174757708899,0
5674,26.155284126583734,0
5675,24.015429977054083,0
5676,24.456756074217957,0
5677,23.51127801939796,0
5678,25.10874803305124,0
5679,25.07425974807741,0
5680,23.876652641671626,0
5681,24.567589153015298,0
5682,21.94658625173344,0
5683,23.358524419124656,0
5684,22.294917556709763,0
5685,20.425709820893317,0
5686,19.756850436791222,0
5687,19.710938801967313,0
5688,20.551244811058616,0
5689,20.29498276844164,0
5690,18.977970302583287,0
5691,19.20069100669155,0
5692,17.460014191908574,0
5693,16.13223604566565,0
5694,17.628278406500193,0
5695,16.394357010995783,0
5696,14.4707748636177,0
5697,14.890726202411281,0
5698,15.884345350018927,0
5699,15.921788693235857,0
5700,15.277707108864933,0
5701,14.052751661334325,0
5702,15.21714259303194,0
5703,16.942244787344713,0
5704,16.34455040138001,0
5705,17.211026831318705,0
5706,15.485258343732786,0
5707,16.55297080519382,0
5708,17.843648646173726,0
5709,18.379797772141863,0
5710,18.55067622794028,0
5711,17.723659658968774,0
5712,20.310269493580694,0
5713,20.843465048908236,0
5714,20.700996254010157,0
5715,22.80338128753984,0
5716,24.867459739270696,0
5717,23.208448670374167,0
5718,23.494499706159154,0
5719,24.942848174185897,0
5720,26.439463516928605,0
5721,24.8493686542157,0
5722,24.796798464935517,0
5723,24.72329229683542,0
5724,27.102052833065034,0
5725,25.918081096418906,0
5726,25.798355348892464,0
5727,24.824928305495288,0
5728,24.030423037567008,0
5729,23.57125577124754,0
5730,24.760182151989437,0
5731,24.87747107296181,0
5732,21.899304040862653,0
5733,23.201603297368713,0
5734,19.757215479941088,0
5735,18.614042921149313,0
5736,19.873630743266432,0
5737,19.854295739603298,0
5738,19.691052940678595,0
5739,17.76479163830114,0
5740,16.845871266111953,0
5741,18.230175219261284,0
5742,13.920045579769619,0
5743,16.7353408408921,0
5744,15.988325933658764,0
5745,14.29749779021463,0
5746,14.664754430146852,0
5747,16.69959072588692,0
5748,12.29875157615577,0
5749,14.601528755439393,0
5750,13.775890761510022,0
5751,15.322630231718529,0
5752,15.816564269866534,0
5753,16.17963935037957,0
5754,16.99061879994436,0
5755,17.71453776939053,0
5756,17.916221665011815,0
5757,16.839024625707776,0
5758,17.917996207986562,0
5759,20.29460159444712,0
5760,19.607711563216466,0
5761,21.41136841501389,0
5762,22.35247580207236,0
5763,19.095093834412527,0
5764,24.495997684720653,0
5765,23.78293736702342,0
5766,24.22092001778333,0
5767,24.997952772136657,0
5768,25.18319135012078,0
5769,25.708761547530806,0
5770,24.23985099476117,0
5771,24.97918838846996,0
5772,24.632916588849405,0
5773,24.812386021742178,0
5774,25.129979159238403,0
5775,24.82360471838212,0
5776,24.13366519761794,0
5777,23.43828190735141,0
5778,22.75106037267205,0
5779,22.86156209137859,0
5780,21.66898022198056,0
5781,21.209030711726324,0
5782,22.03054656029825,0
5783,21.54275569288535,0
5784,19.564374421421878,0
5785,18.66986021326596,0
5786,16.6819159967925,0
5787,17.779856980153383,0
5788,17.650795744622418,0
5789,16.618088502997765,0
5790,16.090262868722156,0
5791,16.957335748688163,0
5792,16.316167142756516,0
5793,14.88417373557579,0
5794,16.8975391444633,0
5795,16.36630711811299,0
5796,17.22900928235909,0
5797,15.214969075701669,0
5798,14.737151955955003,0
5799,15.36709805906905,0
5800,15.675978434349286,0
5801,15.234250393309646,0
5802,17.41750000750469,0
5803,16.35609237265331,0
5804,15.45321127447342,0
5805,18.76194480163168,0
5806,18.66828555372014,0
5807,19.855363789215527,0
5808,19.5238010657137,0
5809,18.67805261351674,0
5810,23.061621623190913,0
5811,22.626664006158798,0
5812,22.504058870967306,0
5813,23.423668813197473,0
5814,25.009803010871593,0
5815,24.45495380482053,0
5816,24.26111989313214,0
5817,24.715957414959632,0
5818,23.617515251641738,0
5819,25.341993082934394,0
5820,25.006911024086893,0
5821,25.644555105522432,0
5822,24.29983708570073,0
5823,24.145611133724938,0
5824,22.671604765095005,0
5825,23.716900609429366,0
5826,23.364415692916612,0
5827,22.666734367953232,0
5828,23.70087339061147,0
5829,22.796360321568727,0
5830,21.447640798011957,0
5831,19.802102532860314,0
5832,20.263983502185408,0
5833,23.095479867519536,0
5834,18.499044556502955,0
5835,17.97340970016749,0
5836,18.29073917747294,0
5837,16.1310647504099,0
5838,17.02522510205811,0
5839,14.745643096761203,0
5840,15.741243714170041,0
5841,15.626649904706234,0
5842,15.461224507436116,0
5843,16.09264521334954,0
5844,15.086007996337791,0
5845,14.96701417316993,0
5846,16.073053317968178,0
5847,15.328967788634486,0
5848,16.451105622289557,0
5849,15.607284545528694,0
5850,16.71823925720796,0
5851,16.67699139400149,0
5852,17.624165036224774,0
5853,17.74554196932817,0
5854,18.72947391348539,0
5855,16.849769277061846,0
5856,21.25636453411033,0
5857,19.645966064677427,0
5858,21.520226518993233,0
5859,21.020688928847218,0
5860,24.53689186522906,0
5861,24.099244277548628,0
5862,25.380314851102025,0
5863,23.54201060757933,0
5864,24.52922129389117,0
5865,25.68111036009301,0
5866,24.528793254611372,0
5867,27.24816130271185,0
5868,25.92683254596601,0
5869,25.70598432611928,0
5870,24.852570478635236,0
5871,26.0228926701709,0
5872,24.418928115962068,0
5873,22.689855653961658,0
5874,23.61494244794815,0
5875,22.102276523696425,0
5876,22.599440908012877,0
5877,22.445222087528887,0
5878,21.159632517234613,0
5879,20.490701898285103,0
5880,18.410138771582524,0
5881,18.73144040057823,0
5882,20.325903488331672,0
5883,17.069732012769578,0
5884,15.588708343815032,0
5885,16.814410759724986,0
5886,17.875440603748135,0
5887,16.961948277099168,0
5888,15.770846385189957,0
5889,15.54083791008867,0
5890,14.87528054704035,0
5891,15.48344347884176,0
5892,15.277618020237774,0
5893,15.00732065444739,0
5894,13.462971094473176,0
5895,14.919500233622133,0
5896,15.020201299672184,0
5897,15.022660538723951,0
5898,16.64118068711809,0
5899,17.134486800922048,0
5900,16.811005409551157,0
5901,18.738840267822603,0
5902,18.526714974270288,0
5903,18.76940219741696,0
5904,20.72796337853524,0
5905,21.23677026106754,0
5906,23.541448467258157,0
5907,22.809735092776982,0
5908,22.900649842599222,0
5909,23.203534221527292,0
5910,22.903167625841174,0
5911,22.33971327505166,0
5912,24.10122566901349,0
5913,24.03637630337838,0
5914,24.95164004841453,0
5915,25.751307236161683,0
5916,24.907060073364608,0
5917,25.64196883673002,0
5918,27.25752219817239,0
5919,24.5250357014795,0
5920,24.019414492292874,0
5921,25.323267636659438,0
5922,24.737663348130386,0
5923,24.73939768826178,0
5924,21.739978915782416,0
5925,20.419054512295126,0
5926,22.863993224527288,0
5927,22.027087493545004,0
5928,20.153230510028514,0
5929,17.03729199854119,0
5930,20.740507027771265,0
5931,19.71192621453447,0
5932,18.726354324914357,0
5933,15.24227098742245,0
5934,16.67378683011112,0
5935,15.273257633490166,0
5936,15.80936377392891,0
5937,16.825395010525316,0
5938,15.015387758647678,0
5939,13.99135647400006,0
5940,13.75715038297528,0
5941,15.412594373832212,0
5942,14.198284527916568,0
5943,14.932930269595776,0
5944,14.995747088509543,0
5945,15.06689850409256,0
5946,15.57831125778154,0
5947,15.494316415949035,0
5948,18.82522371688756,0
5949,18.44283636087909,0
5950,18.269088778128662,0
5951,21.347533565100775,0
5952,20.057996177806032,0
5953,21.519126517924583,0
5954,21.478401627885383,0
5955,21.37726299532043,0
5956,21.599224068379204,0
5957,22.52934698202899,0
5958,24.821887793824928,0
5959,23.100971669202558,0
5960,24.27852691390941,0
5961,24.02434811984104,0
5962,25.034020418529593,0
5963,25.018306270883848,0
5964,24.129846766103313,0
5965,25.263312600348875,0
5966,24.16798181657189,0
5967,25.31871227900798,0
5968,24.673697093421033,0
5969,23.993384086651975,0
5970,23.82872086953935,0
5971,23.5858648488069,0
5972,23.615877949465844,0
5973,23.0724390869419,0
5974,22.422346860192462,0
5975,21.30677985921887,0
5976,20.023669545277595,0
5977,19.929465246502353,0
5978,18.467059311139213,0
5979,17.713625555373312,0
5980,17.77277868700324,0
5981,17.528879709464526,0
5982,15.620697911489163,0
5983,16.759796275517918,0
5984,15.873885644049489,0
5985,15.336910671324096,0
5986,15.137086594785089,0
5987,15.193393263465744,0
5988,16.4882858286855,0
5989,13.714994025625074,0
5990,15.93516036186325,0
5991,14.045855684267972,0
5992,16.320481784607413,0
5993,15.641100337498795,0
5994,15.064590646776256,0
5995,18.15269354624185,0
5996,15.946863384304555,0
5997,17.36208657508451,0
5998,17.667925561248612,0
5999,19.131821546846087,0
6000,18.698741087318545,0
6001,21.06640417328295,0
6002,22.486541641785074,0
6003,23.333983201924863,0
6004,23.712666778068787,0
6005,22.417231073327425,0
6006,23.25949120454835,0
6007,24.285177172796743,0
6008,24.34043207128801,0
6009,24.168809095382905,0
6010,22.472584716751616,0
6011,24.37242858351362,0
6012,25.43038611404465,0
6013,24.852030961183523,0
6014,27.167351239875032,0
6015,21.221185637953635,0
6016,22.64434949601479,0
6017,22.539999581943835,0
6018,24.386421217874513,0
6019,24.439880995613564,0
6020,21.416936994498002,0
6021,21.911097239903977,0
6022,21.868848125663185,0
6023,20.938557619538045,0
6024,20.190074125429803,0
6025,18.56017741043893,0
6026,17.662342516891975,0
6027,16.582049074703193,0
6028,16.156014050195388,0
6029,17.57710093783703,0
6030,16.15903053968063,0
6031,15.578573043217432,0
6032,14.530202885483115,0
6033,15.415162209135557,0
6034,16.16465890817886,0
6035,13.81920380014423,0
6036,16.431070716441678,0
6037,15.510581430022937,0
6038,12.438218686406014,0
6039,15.544633679102791,0
6040,15.9218722995056,0
6041,17.40209441785027,0
6042,16.269876310683216,0
6043,14.466983521378337,0
6044,15.695769396167874,0
6045,16.47827699603974,0
6046,19.14743543545569,0
6047,18.237078200193793,0
6048,18.611333431250678,0
6049,20.92891229773869,0
6050,22.051947022097632,0
6051,20.279444250286566,0
6052,22.467310148397033,0
6053,24.101328239255416,0
6054,24.18077862761449,0
6055,25.37878460441891,0
6056,25.673376673926775,0
6057,25.42207712685129,0
6058,24.255440298587413,0
6059,27.146859194939537,0
6060,25.770098295858865,0
6061,24.99293163091792,0
6062,24.486604451499446,0
6063,25.23040081711358,0
6064,23.82618312261015,0
6065,23.926392320224362,0
6066,24.76127487807115,0
6067,23.577946505744407,0
6068,21.32896332025168,0
6069,22.166270793658683,0
6070,20.93010153147433,0
6071,19.810256404691174,0
6072,19.003950970054362,0
6073,18.447180080302978,0
6074,18.89089492186115,0
6075,19.36446085824492,0
6076,17.31003337821343,0
6077,18.422164539611007,0
6078,15.61923763929808,0
6079,15.826063926489939,0
6080,17.259998594595434,0
6081,15.578879862870455,0
6082,15.498662919013034,0
6083,15.412850776962417,0
6084,14.466400933425598,0
6085,17.445222373610008,0
6086,15.229807077913618,0
6087,16.334610072246527,0
6088,16.23832818178829,0
6089,17.10417322298827,0
6090,18.0712083051207,0
6091,14.60185435210423,0
6092,16.030898782725398,0
6093,15.92244666069091,0
6094,17.847715498687798,0
6095,19.154254871219578,0
6096,20.29222327966149,0
6097,20.103800134278373,0
6098,21.875696719585527,0
6099,22.650305940993686,0
6100,22.615407078103374,0
6101,21.883709364908125,0
6102,22.936119133955582,0
6103,23.778508774944825,0
6104,25.09640618061597,0
6105,24.469758858257673,0
6106,25.186254100562174,0
6107,23.24510485903388,0
6108,22.082646348968648,0
6109,25.07703211563878,0
6110,24.941045391679427,0
6111,23.609621032792887,0
6112,23.869267733885493,0
6113,24.527407146886762,0
6114,24.12879492188005,0
6115,24.326980404189236,0
6116,23.254439935415988,0
6117,21.62391615151788,0
6118,21.832279260672145,0
6119,22.78843171234932,0
6120,21.725827868427174,0
6121,18.478855234279283,0
6122,19.066844331775286,0
6123,19.612216642924416,0
6124,17.656311561788257,0
6125,17.58714411833948,0
6126,17.790507683280826,0
6127,16.322764136532598,0
6128,16.140723603398737,0
6129,14.998151062113623,0
6130,14.17401351996091,0
6131,14.547274218053316,0
6132,15.696333406144754,0
6133,14.853156645940468,0
6134,15.303431355182214,0
6135,17.533182289668375,0
6136,14.879174215256315,0
6137,17.008651654274722,0
6138,15.933485727950156,0
6139,17.577101301557075,0
6140,18.39354987391847,0
6141,19.425888483481142,0
6142,17.93370308883934,0
6143,19.004102400982916,0
6144,20.166419945207316,0
6145,20.583759450949696,0
6146,18.47592078623803,0
6147,22.348450491888226,0
6148,21.27968738668556,0
6149,23.045048247678647,0
6150,22.208844315129255,0
6151,24.23709009059009,0
6152,24.28622825787712,0
6153,27.29392213220929,0
6154,25.5407435387933,0
6155,24.591837341697442,0
6156,25.82990192036545,0
6157,23.34827912228345,0
6158,25.836259262150296,0
6159,25.79025966959881,0
6160,23.888231430515965,0
6161,23.730502626897422,0
6162,21.727064879260233,0
6163,23.447925303281334,0
6164,23.379727432783195,0
6165,20.623891088036164,0
6166,22.006099196208357,0
6167,19.594860909599237,0
6168,21.60130225944408,0
6169,17.15104632537228,0
6170,18.488793749062168,0
6171,19.104636066323657,0
6172,16.29468019844904,0
6173,16.268345693433492,0
6174,16.552338024486176,0
6175,15.933021943469152,0
6176,14.928254982551795,0
6177,14.650269679958711,0
6178,14.778466768819177,0
6179,14.723275658833444,0
6180,14.51315312146553,0
6181,15.965956319621014,0
6182,15.370685753810239,0
6183,15.864296428617223,0
6184,16.25019836540477,0
6185,14.711823086802898,0
6186,15.32570300911007,0
6187,18.9498435374046,0
6188,15.348567627158598,0
6189,17.358319170317554,0
6190,19.34744413052189,0
6191,19.1287847747791,0
6192,19.65903203190058,0
6193,22.351526535555983,0
6194,20.1615147182517,0
6195,23.05426588377759,0
6196,20.950006002896515,0
6197,21.346843825216336,0
6198,23.18461836261859,0
6199,24.21651672090756,0
6200,26.7420026122241,0
6201,25.02102105088292,0
6202,25.073615159586065,0
6203,25.703353860201815,0
6204,25.00476368440581,0
6205,24.273534801874906,0
6206,24.31086368925974,0
6207,25.236865556901932,0
6208,23.89424702319573,0
6209,22.393833654954378,0
6210,22.833464768504506,0
6211,21.266080794431915,0
6212,23.93481389855373,0
6213,20.141187823328274,0
6214,21.919702928209922,0
6215,20.35672758103288,0
6216,21.307801654609783,0
6217,21.199575982060612,0
6218,18.33959937973091,0
6219,18.765956204952516,0
6220,17.732658835876816,0
6221,15.364417786145365,0
6222,18.023201950085383,0
6223,16.864070929896716,0
6224,16.297075734935923,0
6225,16.2122293700561,0
6226,15.526519628721951,0
6227,14.333318715625927,0
6228,15.34117402346003,0
6229,13.847416331861165,0
6230,17.466118075466564,0
6231,14.143225414388443,0
6232,16.782533375099792,0
6233,15.401971860608494,0
6234,16.604038591059584,0
6235,17.536990015992867,0
6236,16.524349236997672,0
6237,18.20665215667426,0
6238,15.846117977473906,0
6239,19.50711073073761,0
6240,21.348392156366707,0
6241,20.399268072508196,0
6242,20.47228891381897,0
6243,21.07827110684946,0
6244,19.86676052518873,0
6245,21.58452591925881,0
6246,23.898752709958874,0
6247,25.8109045256146,0
6248,25.089826444176197,0
6249,24.593981584535477,0
6250,24.765694643528843,0
6251,25.444652946575854,0
6252,26.804916715891558,0
6253,24.783930852074178,0
6254,24.863580699635524,0
6255,25.033086506532026,0
6256,24.933551496425824,0
6257,24.231577505103573,0
6258,22.11650920556655,0
6259,21.273834097339197,0
6260,22.45037259024893,0
6261,22.75945402926305,0
6262,23.293983140019538,0
6263,21.0580912896419,0
6264,18.793696351628547,0
6265,18.92851908725338,0
6266,17.078412255308084,0
6267,17.87334176140023,0
6268,18.638942585727968,0
6269,17.097052177376213,0
6270,18.67170475103964,0
6271,15.776850322869468,0
6272,15.748056889301477,0
6273,15.710353828770495,0
6274,15.616834661014707,0
6275,15.201595449722019,0
6276,15.302924425981494,0
6277,15.957948317008352,0
6278,14.607506908913331,0
6279,15.397941480421288,0
6280,16.08668237904184,0
6281,15.670459108399793,0
6282,15.39348962332245,0
6283,17.321959345361012,0
6284,17.868374249875718,0
6285,17.31550214723124,0
6286,17.707815627642802,0
6287,17.109521620597306,0
6288,18.67357311725713,0
6289,20.87176628386983,0
6290,18.93454150537224,0
6291,21.606136090250708,0
6292,22.573108067984986,0
6293,22.46869371177922,0
6294,22.74894143717074,0
6295,24.92468099309717,0
6296,24.75974080576146,0
6297,23.482417553988466,0
6298,25.82093619617763,0
6299,26.696624346363496,0
6300,24.07379566148094,0
6301,23.8649806139292,0
6302,24.198815730014815,0
6303,24.959384580143325,0
6304,24.256010013497864,0
6305,23.600186797318706,0
6306,22.357343259557254,0
6307,23.784034922328633,0
6308,22.454280108160305,0
6309,22.000522266528865,0
6310,21.255168724631904,0
6311,20.9483082732278,0
6312,18.396846276330674,0
6313,18.798906172911938,0
6314,18.75408628055093,0
6315,18.403281928575485,0
6316,17.97902104231808,0
6317,17.92023617706524,0
6318,16.408325636940447,0
6319,16.846950161721278,0
6320,16.345738994086837,0
6321,15.728179963086426,0
6322,14.998538317317905,0
6323,14.720220112172697,0
6324,15.021569863524904,0
6325,15.832768849193478,0
6326,14.391464503640693,0
6327,14.552567798637956,0
6328,16.15049808823181,0
6329,16.278941230905964,0
6330,17.48059022404288,0
6331,18.21660742989776,0
6332,17.984276131149947,0
6333,16.536404553759272,0
6334,19.76183069982644,0
6335,19.812529855522126,0
6336,20.798398127190776,0
6337,21.215870880582326,0
6338,21.329803878532626,0
6339,22.39505026612722,0
6340,21.284967479353313,0
6341,21.944355037981698,0
6342,23.561854793324308,0
6343,25.486945443545338,0
6344,24.625444692751202,0
6345,25.923617658946515,0
6346,24.84807430347472,0
6347,25.154811583444413,0
6348,26.00723614362234,0
6349,25.909581041169,0
6350,24.95185543751513,0
6351,24.38677332598713,0
6352,25.278847314844686,0
6353,24.32796899177967,0
6354,23.17805026644004,0
6355,22.893679621492765,0
6356,21.613871126006348,0
6357,22.117066237027768,0
6358,22.18020363715167,0
6359,18.439771845993995,0
6360,19.67475190217862,0
6361,18.116590172670247,0
6362,18.30569007399293,0
6363,17.61401282487833,0
6364,16.35689440122811,0
6365,17.095652904597355,0
6366,15.167632112048508,0
6367,15.126998780518678,0
6368,14.250827431588927,0
6369,14.611178324247536,0
6370,15.662066845719155,0
6371,14.645290815052757,0
6372,16.268341464154297,0
6373,14.805275652563685,0
6374,14.527887761722155,0
6375,16.52432880449309,0
6376,16.036528620826203,0
6377,16.841896448426755,0
6378,16.93913359588843,0
6379,18.407462671199518,0
6380,18.415455804497363,0
6381,19.34609548076683,0
6382,17.853867223088265,0
6383,19.96669672218965,0
6384,20.893745485991317,0
6385,20.706151506778248,0
6386,22.53647082921411,0
6387,22.072406025053198,0
6388,22.321551675525765,0
6389,23.591667555338233,0
6390,22.351050699584608,0
6391,22.48956844686681,0
6392,24.15414678044066,0
6393,22.388804127388926,0
6394,25.891216823953926,0
6395,24.417708793381514,0
6396,26.576836478243244,0
6397,25.146552967677138,0
6398,24.18030735836875,0
6399,24.093373146295804,0
6400,24.9409468861034,0
6401,24.940849328265458,0
6402,23.386768772254943,0
6403,21.77770754583079,0
6404,22.729645759718714,0
6405,22.509905545372604,0
6406,22.04284752186217,0
6407,19.433580684791796,0
6408,19.47296174574757,0
6409,20.05330328091404,0
6410,20.573363487954616,0
6411,18.129300538753938,0
6412,16.379654189034117,0
6413,17.55151979686624,0
6414,13.376457624428502,0
6415,16.187383727369347,0
6416,15.203983294754583,0
6417,17.11109897981938,0
6418,14.733848680555429,0
6419,13.858148216238448,0
6420,17.569388544986648,0
6421,15.440228024387652,0
6422,15.232063006947259,0
6423,14.783536049481866,0
6424,14.782149811072257,0
6425,14.33276163771218,0
6426,17.08099944054962,0
6427,16.13483932887723,0
6428,18.2992934573975,0
6429,18.5500262902389,0
6430,19.643349342501445,0
6431,19.048047448731626,0
6432,20.141489887109305,0
6433,20.082196561193733,0
6434,21.039018673558793,0
6435,21.029645197800008,0
6436,20.2180472752791,0
6437,23.26525556487723,0
6438,22.29412208113526,0
6439,26.277139798879542,0
6440,24.335624864224524,0
6441,22.988661829247743,0
6442,24.60593361674094,0
6443,25.568083614775944,0
6444,25.451522800069203,0
6445,24.213040396663846,0
6446,25.117754577970924,0
6447,24.819923651396657,0
6448,23.922589990403676,0
6449,23.75428800547084,0
6450,23.800744524202376,0
6451,23.068744969885763,0
6452,23.04001162575561,0
6453,22.883532203906118,0
6454,22.61286605649977,0
6455,19.593241333729093,0
6456,19.625423096830293,0
6457,19.691148760363742,0
6458,19.020057703606888,0
6459,17.470623775671665,0
6460,17.40958769595104,0
6461,16.90980934098166,0
6462,16.659080511292025,0
6463,16.664849911474334,0
6464,15.214368847473846,0
6465,13.623708989502571,0
6466,14.835664244376353,0
6467,14.828540084367347,0
6468,14.817558785907448,0
6469,15.990869245800072,0
6470,14.184224606677043,0
6471,15.940641684532304,0
6472,17.393900513593017,0
6473,14.903216117026464,0
6474,16.303439384906618,0
6475,16.949082416008178,0
6476,18.190490822239536,0
6477,18.678419443059717,0
6478,18.182185409787312,0
6479,22.063421251789137,0
6480,19.79731478574644,0
6481,20.89079858658442,0
6482,21.860288738846528,0
6483,22.239282725635587,0
6484,22.556242425370655,0
6485,22.534559562347283,0
6486,23.211524914498796,0
6487,23.788265913635023,0
6488,25.682342943424782,0
6489,23.216135889812115,0
6490,24.397460941282244,0
6491,24.582424812772132,0
6492,24.209595005565742,0
6493,25.825076420579443,0
6494,24.583803277317905,0
6495,24.054468442568215,0
6496,23.758267408483253,0
6497,24.858101697614252,0
6498,24.04026819740323,0
6499,22.526460636754273,0
6500,22.86598325956995,0
6501,22.02586969740913,0
6502,22.76166994803926,0
6503,19.595738787166663,0
6504,18.103715741221826,0
6505,18.912196404758035,0
6506,18.01157775033963,0
6507,17.231260069057626,0
6508,17.43354752320211,0
6509,17.239953845345887,0
6510,16.680929476305828,0
6511,16.199749057057772,0
6512,14.92307665812885,0
6513,17.05502630498206,0
6514,14.75151038225482,0
6515,14.014522749121307,0
6516,14.997672963634562,0
6517,15.511807137976811,0
6518,13.410791122929353,0
6519,16.089716890407328,0
6520,16.01361512391045,0
6521,16.152462091547623,0
6522,16.386182409075687,0
6523,18.64731794447312,0
6524,19.41419141867951,0
6525,16.894377662566125,0
6526,18.297006786976876,0
6527,18.729347645191027,0
6528,19.83982073720662,0
6529,19.65882896346853,0
6530,20.056035815782455,0
6531,21.473926898786548,0
6532,22.103697729129696,0
6533,23.90617355397277,0
6534,24.363722344623604,0
6535,24.584545536209493,0
6536,24.80022345648132,0
6537,26.199045543442907,0
6538,24.03706126431727,0
6539,24.65462405103162,0
6540,25.67254505462349,0
6541,24.085816811222713,0
6542,25.502512413419765,0
6543,23.8239978880968,0
6544,23.980214117678653,0
6545,23.30381049893426,0
6546,24.257524163542442,0
6547,22.319490540530616,0
6548,22.61178515696896,0
6549,22.63207284339412,0
6550,21.880322221447297,0
6551,20.680147310174267,0
6552,18.90472448569643,0
6553,19.91085350568528,0
6554,17.838091197145374,0
6555,18.851743328269713,0
6556,17.215876631113936,0
6557,17.948338969243853,0
6558,16.369512385216282,0
6559,16.063517636771373,0
6560,14.619826923558886,0
6561,15.486078141426065,0
6562,16.29572724545532,0
6563,15.170052499685614,0
6564,15.352422639291323,0
6565,14.142036403531552,0
6566,16.642205101616092,0
6567,14.217613527437331,0
6568,17.167885740580317,0
6569,15.623146295573974,0
6570,14.111915467654558,0
6571,17.14674621829082,0
6572,17.3412792148584,0
6573,17.165739152782333,0
6574,17.36882301489708,0
6575,19.616618267358746,0
6576,19.975225493893497,0
6577,20.45177045903048,0
6578,22.609275094309858,0
6579,21.90207532932082,0
6580,22.07771800091309,0
6581,21.47816361444157,0
6582,23.131744380650538,0
6583,24.504044230432704,0
6584,24.833324622772356,0
6585,25.1585327665411,0
6586,24.568162724350998,0
6587,25.42583930084923,0
6588,23.012448962736965,0
6589,24.610461674253212,0
6590,27.14242352021352,0
6591,25.29094691464258,0
6592,24.491070661541652,0
6593,24.623240911752013,0
6594,25.276662721941094,0
6595,23.033572344988645,0
6596,22.973572634373276,0
6597,22.81687740161485,0
6598,21.33255200592415,0
6599,21.45320027186514,0
6600,19.322735225223898,0
6601,21.729847718724233,0
6602,18.472445079234998,0
6603,18.345635121199617,0
6604,19.246670816436154,0
6605,19.297186848425643,0
6606,17.48957155143408,0
6607,16.55629055278069,0
6608,16.71968177539886,0
6609,13.11444626180909,0
6610,15.226865494499872,0
6611,16.440774108348258,0
6612,14.880044480828259,0
6613,16.763522808017893,0
6614,16.616722195537726,0
6615,15.389374007080201,0
6616,16.249576251625175,0
6617,16.847661716174123,0
6618,17.87309665829892,0
6619,16.826330781730917,0
6620,15.882710417952662,0
6621,18.296406570870303,0
6622,21.53796380193843,0
6623,18.5775514908745,0
6624,20.374862151924575,0
6625,20.43168788135785,0
6626,21.7883570108908,0
6627,24.211098257633783,0
6628,23.976172274962046,0
6629,21.66035431592879,0
6630,23.52728334868896,0
6631,24.100165424361187,0
6632,24.37417904745166,0
6633,24.36131996676217,0
6634,23.845992369874388,0
6635,23.65015918392238,0
6636,24.84648453233441,0
6637,25.43374068992594,0
6638,24.601236490188864,0
6639,24.480774873804105,0
6640,26.17901482026677,0
6641,23.76129444416681,0
6642,24.20122348943126,0
6643,23.753237752707168,0
6644,21.91920432883897,0
6645,23.514255744042867,0
6646,20.031313292443965,0
6647,20.070612276564326,0
6648,20.184693213832738,0
6649,20.552109062869988,0
6650,20.16371321145025,0
6651,17.2313863170812,0
6652,17.336084410051342,0
6653,15.589463806534297,0
6654,15.305842838571749,0
6655,17.69573708118079,0
6656,16.197224791755236,0
6657,16.041273709719892,0
6658,14.250311911166715,0
6659,15.235566059435822,0
6660,12.860942664408679,0
6661,15.26018041381042,0
6662,15.557000926835975,0
6663,17.17664323151639,0
6664,15.812094886884278,0
6665,16.34594152008768,0
6666,25.27952411379521,1
6667,27.403257312946707,0
6668,26.842517995826725,0
6669,27.1985915255258,0
6670,26.258494308002494,0
6671,27.501964053952424,0
6672,27.842798200222056,0
6673,27.699241221907116,0
6674,30.090094254208665,0
6675,29.5275834877612,0
6676,31.010170940032584,0
6677,30.23895408075402,0
6678,31.86306402420036,0
6679,30.18364028385402,0
6680,32.320146627044636,0
6681,34.11432593285035,0
6682,32.491773145267295,0
6683,32.25742647365192,0
6684,33.290306358691595,0
6685,32.45057852298231,0
6686,32.64355340299437,0
6687,33.13464028556541,0
6688,31.982959541202113,0
6689,31.43474245161808,0
6690,29.5730809395787,0
6691,29.576482759033826,0
6692,29.653416003435954,0
6693,30.289722376023146,0
6694,29.805675698509212,0
6695,28.99051715310958,0
6696,27.605270367847606,0
6697,27.515723197725283,0
6698,26.834706079729216,0
6699,27.700913815747185,0
6700,25.47967768098568,0
6701,24.230065180925777,0
6702,24.18177331488672,0
6703,24.630020039738625,0
6704,24.398853185671822,0
6705,22.654518165991703,0
6706,23.91080374934525,0
6707,22.55018700300438,0
6708,24.86130490479577,0
6709,23.02617047387632,0
6710,22.810654797830132,0
6711,21.403512471913537,0
6712,25.199599697888583,0
6713,23.275910278331718,0
6714,24.676378447940365,0
6715,24.621438665870055,0
6716,23.366151492518473,0
6717,26.13687758132279,0
6718,26.348825686976532,0
6719,27.15375059197777,0
6720,27.423977789299123,0
6721,28.304192561852158,0
6722,30.446460279872184,0
6723,30.20019094337451,0
6724,31.376653633269484,0
6725,30.59964302675062,0
6726,31.26142887408397,0
6727,31.174166353351115,0
6728,32.6896444095595,0
6729,32.350670940324015,0
6730,32.41869995135918,0
6731,32.66645304392452,0
6732,32.25848364120369,0
6733,33.87989202928975,0
6734,31.834548100566458,0
6735,34.01854803497175,0
6736,32.575062986306605,0
6737,33.29467243351237,0
6738,33.696923645827425,0
6739,31.55911928705455,0
6740,31.15687045813599,0
6741,30.13036034470427,0
6742,30.041248736541256,0
6743,29.867691970708407,0
6744,28.138555546016768,0
6745,27.642220493440348,0
6746,26.459592362766422,0
6747,25.191754700846584,0
6748,26.799240038800892,0
6749,25.963532710285847,0
6750,25.986343398217514,0
6751,23.019647598379493,0
6752,24.152656983080742,0
6753,24.054363505130535,0
6754,24.612735761010466,0
6755,23.5427656030945,0
6756,22.757490359935527,0
6757,23.392791586230288,0
6758,24.64357951020891,0
6759,23.25993050327511,0
6760,23.969752794842286,0
6761,24.235178040052908,0
6762,24.942477269326613,0
6763,25.659641607075585,0
6764,24.768192805449655,0
6765,28.301611744240002,0
6766,25.921744533477444,0
6767,26.57113339928236,0
6768,28.156896099150135,0
6769,29.873486203367218,0
6770,30.650311553670495,0
6771,32.09300966695962,0
6772,30.892748406448007,0
6773,30.569351344786195,0
6774,30.610544204314067,0
6775,31.656604267901923,0
6776,32.78642006202564,0
6777,32.67355979268438,0
6778,30.677238898460246,0
6779,32.940160800315454,0
6780,33.46111443435474,0
6781,32.155410404620355,0
6782,32.06617839449472,0
6783,31.58703210009341,0
6784,33.42056128708199,0
6785,33.711879995525756,0
6786,32.60423184707831,0
6787,30.502517905570024,0
6788,30.06752018691908,0
6789,31.770107529079848,0
6790,31.460169958328066,0
6791,29.918254697450006,0
6792,27.995995267921685,0
6793,25.833860039267172,0
6794,27.436330699652725,0
6795,27.641524268776816,0
6796,25.55349642643852,0
6797,24.19539608966156,0
6798,24.75323872540186,0
6799,24.32686625641682,0
6800,23.357119587650256,0
6801,23.15156340043334,0
6802,21.208686999772663,0
6803,22.94398273123258,0
6804,21.21526569804051,0
6805,22.331570882491533,0
6806,22.394147795108214,0
6807,23.260002400968443,0
6808,24.653547034375254,0
6809,23.150313179592153,0
6810,24.674545053696306,0
6811,23.652148305573842,0
6812,25.460964814869094,0
6813,25.850033822083496,0
6814,26.269914334542136,0
6815,26.66280021197675,0
6816,27.12258460841998,0
6817,26.878220503721778,0
6818,27.86591005563245,0
6819,28.14742178187274,0
6820,30.967324799024816,0
6821,30.108241833748263,0
6822,32.47792574818153,0
6823,32.629582583887824,0
6824,32.126744434655194,0
6825,33.82587104034338,0
6826,32.51746031231842,0
6827,31.096453866022127,0
6828,32.411190599520346,0
6829,32.96228544470107,0
6830,32.71599973431804,0
6831,31.35347164469632,0
6832,33.0243356675355,0
6833,31.317126467424707,0
6834,32.63087726282857,0
6835,31.27478157791107,0
6836,31.983106535008645,0
6837,30.892357009103044,0
6838,28.9692358707865,0
6839,30.02324935175782,0
6840,27.796527992279294,0
6841,27.7003026277901,0
6842,27.949323810644458,0
6843,26.371010827752784,0
6844,26.622171893745186,0
6845,25.99111554907629,0
6846,25.157366470070123,0
6847,23.63557053621755,0
6848,22.155672193864905,0
6849,22.647235854681053,0
6850,22.453119915715202,0
6851,24.444165063281115,0
6852,23.150783989873403,0
6853,23.389655782351465,0
6854,22.967969279814824,0
6855,21.899740674433687,0
6856,23.110634742864395,0
6857,24.55085088071733,0
6858,25.713364206497367,0
6859,26.764928569628545,0
6860,26.598466197307605,0
6861,27.503575347724,0
6862,26.383279979377587,0
6863,28.401050850207337,0
6864,28.846101841792724,0
6865,27.525853571257226,0
6866,29.444593384213686,0
6867,29.95624505034683,0
6868,32.031287624442314,0
6869,31.206253250801147,0
6870,30.192619856872813,0
6871,32.06847840715597,0
6872,34.65991736317812,0
6873,31.34059607316525,0
6874,32.80606742589129,0
6875,33.41098864779108,0
6876,33.073280478566225,0
6877,33.461773594718906,0
6878,31.860982993349182,0
6879,32.22773912440532,0
6880,32.0230160763607,0
6881,32.25687026267965,0
6882,30.742631062809764,0
6883,29.585053375883028,0
6884,31.431622490588364,0
6885,31.28889209455036,0
6886,30.06526198143117,0
6887,28.922812338789303,0
6888,28.953734651231994,0
6889,27.203010912252893,0
6890,27.203596407082127,0
6891,25.050065714416636,0
6892,24.136196211204187,0
6893,24.551456938912338,0
6894,24.58473831693634,0
6895,24.451908973175616,0
6896,24.291965531883697,0
6897,22.214130213969554,0
6898,23.778659603357504,0
6899,24.219878939818763,0
6900,22.740339342836183,0
6901,22.435935283191117,0
6902,22.411127137844087,0
6903,23.814914845469914,0
6904,22.545810499232033,0
6905,25.19964715266785,0
6906,24.842748606467477,0
6907,24.54821204323282,0
6908,26.055074530222157,0
6909,27.034938869954544,0
6910,26.444939719482754,0
6911,26.257458829682566,0
6912,27.618690851714174,0
6913,27.875737152196994,0
6914,29.886759830337642,0
6915,30.487906762104217,0
6916,32.03479531987295,0
6917,31.177859255942813,0
6918,32.14180969394127,0
6919,30.270491005332016,0
6920,30.904675456679517,0
6921,31.280163950261468,0
6922,29.782758648583172,0
6923,33.18172833553147,0
6924,30.73186783209459,0
6925,34.8889026789919,0
6926,31.21606394295022,0
6927,32.44992140555054,0
6928,32.15238615374834,0
6929,33.21329050328247,0
6930,30.83534515919832,0
6931,31.267783476969843,0
6932,30.11595918574806,0
6933,30.180354514488545,0
6934,29.06185177022185,0
6935,27.092049844314047,0
6936,27.3609958974624,0
6937,26.691640950865498,0
6938,27.304070644838156,0
6939,24.51750839786025,0
6940,27.407677227211217,0
6941,23.96235505478002,0
6942,24.686751286405272,0
6943,24.325643617983342,0
6944,23.8805450877607,0
6945,22.09837657159792,0
6946,23.662533281963956,0
6947,21.460110164212264,0
6948,22.682376653783674,0
6949,22.64987858781487,0
6950,22.05120087740432,0
6951,24.379645558269672,0
6952,21.60193678378871,0
6953,25.031228159092418,0
6954,23.936570178806868,0
6955,23.496099679560217,0
6956,25.782977221147412,0
6957,26.330057535102966,0
6958,25.567372670507968,0
6959,27.198619789719594,0
6960,29.68501148888784,0
6961,28.54650018058991,0
6962,29.053639805562618,0
6963,32.44706019014718,0
6964,30.601841350506056,0
6965,31.21207808004546,0
6966,31.70876911006432,0
6967,31.43093087568886,0
6968,31.167883240266256,0
6969,33.19277860393617,0
6970,33.466770937714756,0
6971,32.68776010443324,0
6972,31.844841114211633,0
6973,32.57036460083977,0
6974,33.23385661658331,0
6975,33.60993623869524,0
6976,31.24321313748558,0
6977,31.590463731949082,0
6978,31.8106002243817,0
6979,31.45890092713142,0
6980,30.583523398883013,0
6981,29.622039333044963,0
6982,30.231266124145602,0
6983,29.216023356714935,0
6984,26.750614550531417,0
6985,30.465421168365538,0
6986,27.812105617267132,0
6987,25.16255997977989,0
6988,25.180193643255013,0
6989,23.33635901019173,0
6990,23.52538530424425,0
6991,23.00162177398135,0
6992,23.25629889310573,0
6993,24.429057164064446,0
6994,23.334262880147243,0
6995,22.800575373809014,0
6996,23.080592706822195,0
6997,22.567063200435097,0
6998,23.425998715877366,0
6999,24.185210287649156,0
7000,25.58158869239515,0
7001,24.033910508399963,0
7002,23.433461832188534,0
7003,25.74183537708963,0
7004,24.501149972338307,0
7005,25.078255186759726,0
7006,26.834081543615767,0
7007,28.606270802499676,0
7008,26.95695341068318,0
7009,30.120480910417424,0
7010,29.03915279114382,0
7011,30.828129275849555,0
7012,30.21343651374462,0
7013,30.54012977536596,0
7014,32.07499120479359,0
7015,31.165587431727797,0
7016,31.908660449302975,0
7017,33.7087958641146,0
7018,32.99069045635446,0
7019,33.30168448204826,0
7020,31.21715023092886,0
7021,32.5707993152338,0
7022,32.35568987107084,0
7023,32.262504363570756,0
7024,34.72647336475063,0
7025,31.127431090362276,0
7026,30.554717508805005,0
7027,30.692514501892013,0
7028,30.03995231880638,0
7029,27.570028536867827,0
7030,28.540547967797618,0
7031,29.46337840884285,0
7032,28.49407641401254,0
7033,27.84046373787381,0
7034,26.709218159724742,0
7035,25.98372907272113,0
7036,24.525845398710228,0
7037,25.156724535925026,0
7038,25.952702062451845,0
7039,23.670368008077872,0
7040,24.416068393168207,0
7041,24.86946755453266,0
7042,22.17943630955435,0
7043,23.353180045976487,0
7044,22.72339636219104,0
7045,22.774622436917024,0
7046,22.460975377518018,0
7047,23.52885925722456,0
7048,22.8275071945005,0
7049,22.785941488215727,0
7050,25.84832514276601,0
7051,24.918767956662943,0
7052,24.19947816092628,0
7053,26.19040252358222,0
7054,27.941076110182763,0
7055,28.373556487910978,0
7056,28.51032838514992,0
7057,28.06445084868688,0
7058,30.961354791199774,0
7059,30.530564965574225,0
7060,30.690983035951596,0
7061,31.52905469499,0
7062,31.407914957369492,0
7063,32.87917715638907,0
7064,31.54331518908302,0
7065,32.74534101780111,0
7066,32.73655595488029,0
7067,31.87237794630403,0
7068,33.54111295195023,0
7069,32.42233702718739,0
7070,32.60901288422828,0
7071,34.29041544516752,0
7072,32.65770220486953,0
7073,32.81958295786589,0
7074,30.974248306794006,0
7075,31.955833035499534,0
7076,29.46675215757596,0
7077,29.30969700030888,0
7078,29.037839683924922,0
7079,29.75771498398383,0
7080,27.49086320967522,0
7081,27.461166364819736,0
7082,27.285329710652338,0
7083,24.34025761869541,0
7084,27.46507521742176,0
7085,25.973998281902865,0
7086,23.652349407671093,0
7087,23.48909330172625,0
7088,24.907203824127723,0
7089,24.45017464064482,0
7090,23.586719756484797,0
7091,22.1149562780908,0
7092,24.203287631117064,0
7093,24.50977050024799,0
7094,21.763695131835842,0
7095,23.430887838771746,0
7096,25.209890311452483,0
7097,22.981625530051996,0
7098,24.382100124786525,0
7099,25.95986708624787,0
7100,24.394516186429755,0
7101,26.288767812618033,0
7102,24.718194741666224,0
7103,28.293086622567596,0
7104,29.561525230009792,0
7105,28.86701867502916,0
7106,29.41636405868311,0
7107,30.089622799953883,0
7108,30.959177138500223,0
7109,30.6136708545137,0
7110,31.88609215984172,0
7111,32.72480672102601,0
7112,32.60307697062647,0
7113,33.24730294787429,0
7114,32.8732266111319,0
7115,33.73686142037394,0
7116,32.236451825739245,0
7117,32.71791907992693,0
7118,32.92227080213662,0
7119,34.68372228479035,0
7120,34.099928613055845,0
7121,31.358892092991997,0
7122,31.590716613474196,0
7123,30.810810069777794,0
7124,29.660968438905307,0
7125,29.331256168983455,0
7126,30.172391564037962,0
7127,27.12951134176514,0
7128,29.16087742788512,0
7129,26.788662947566987,0
7130,26.893834863951852,0
7131,26.135975179420218,0
7132,25.046124655686143,0
7133,25.506665672377256,0
7134,24.042606309749594,0
7135,24.18075293927692,0
7136,25.638125359657096,0
7137,22.90879442381681,0
7138,24.502115944080575,0
7139,21.876426732055222,0
7140,25.26880047314826,0
7141,20.76605956250926,0
7142,23.045089760944425,0
7143,21.49589574657227,0
7144,23.55827454881118,0
7145,23.857941800435295,0
7146,23.00093689220903,0
7147,25.063813649302507,0
7148,26.54440523983696,0
7149,26.439690905418022,0
7150,26.257544090168704,0
7151,28.463460774283778,0
7152,29.575771462126227,0
7153,27.808770378708086,0
7154,29.7247859929851,0
7155,28.74777316388278,0
7156,29.820578352922784,0
7157,31.636898952297322,0
7158,32.18874249825724,0
7159,32.91593315333223,0
7160,31.94333770916378,0
7161,33.61110228767908,0
7162,34.7828332946588,0
7163,33.537386703870936,0
7164,33.95451333400252,0
7165,33.0310108248558,0
7166,33.73992349588075,0
7167,34.50728203957734,0
7168,32.62258074186878,0
7169,31.239291899667265,0
7170,31.407065699866404,0
7171,31.559734966299224,0
7172,30.116996290305494,0
7173,31.901762672538922,0
7174,27.578177755382622,0
7175,28.859019780337974,0
7176,28.324744950907874,0
7177,28.320106456468718,0
7178,27.753667179369078,0
7179,25.958352213052418,0
7180,25.867823850220447,0
7181,24.252595661758843,0
7182,23.713902293938848,0
7183,24.209965254004036,0
7184,23.635305089001257,0
7185,23.84287148669532,0
7186,22.73336032940457,0
7187,21.693620873748365,0
7188,23.890196720956244,0
7189,24.14829272528899,0
7190,23.2933017696847,0
7191,24.32174894094895,0
7192,22.978539221880617,0
7193,25.16743963637009,0
7194,23.63527722366268,0
7195,25.620511151410113,0
7196,25.7303430730274,0
7197,27.365054808288154,0
7198,27.497219125428078,0
7199,28.300468856986836,0
7200,28.241482352591873,0
7201,30.279966567679207,0
7202,31.29163936593936,0
7203,29.420088701108078,0
7204,30.82026262524595,0
7205,31.652292132450892,0
7206,31.985366226215024,0
7207,31.267627705623127,0
7208,32.11463882622151,0
7209,32.07630665734651,0
7210,32.027234288438,0
7211,32.710486096995986,0
7212,33.442532828153574,0
7213,32.4575758423998,0
7214,31.582068759097773,0
7215,32.23375349435097,0
7216,31.91740155089143,0
7217,32.14231467206429,0
7218,32.84553943908367,0
7219,32.22039071386605,0
7220,27.715552045044465,0
7221,33.37842020058686,0
7222,31.037972865542113,0
7223,27.597628569025826,0
7224,28.421973190940328,0
7225,26.464720974743074,0
7226,29.014692553246316,0
7227,25.119202591068287,0
7228,26.598205656084716,0
7229,25.022351166767276,0
7230,25.25611318633654,0
7231,24.232307649600447,0
7232,22.37777659692843,0
7233,21.656800066867998,0
7234,23.197003821125197,0
7235,22.973396172136617,0
7236,22.510580379279187,0
7237,24.36617252263695,0
7238,23.1886446139724,0
7239,22.846534415330872,0
7240,25.74627654869279,0
7241,24.26408326186001,0
7242,24.200017341876883,0
7243,24.385117713948194,0
7244,24.937348932645563,0
7245,25.17806304434297,0
7246,25.84663784533521,0
7247,26.468085884880985,0
7248,26.798705429199835,0
7249,27.32794791393841,0
7250,29.615809762285046,0
7251,28.073499887007145,0
7252,30.580632819932816,0
7253,32.13644957449043,0
7254,30.964445550050854,0
7255,31.941037091959096,0
7256,33.60470626740252,0
7257,33.2879292812325,0
7258,31.804990979907306,0
7259,32.88419786482532,0
7260,32.76753331646205,0
7261,34.13133686908745,0
7262,34.829637590383314,0
7263,32.02151963619592,0
7264,33.072783423462596,0
7265,32.84836023756237,0
7266,32.22437996621945,0
7267,29.04322784657822,0
7268,29.366032812983377,0
7269,28.948005421518218,0
7270,28.382652304099356,0
7271,27.25048148289491,0
7272,28.67652514823064,0
7273,27.620062965939844,0
7274,26.472038573151487,0
7275,23.47742364571436,0
7276,26.334239471193,0
7277,23.10964691813829,0
7278,25.047574299463747,0
7279,23.586304243278903,0
7280,24.360592459400557,0
7281,22.868256051401936,0
7282,23.36087236174785,0
7283,22.266271177969614,0
7284,23.709249789476264,0
7285,23.694374449177527,0
7286,23.19581315294365,0
7287,25.009342785784327,0
7288,23.025161426808477,0
7289,20.763134446360862,0
7290,26.926523410097523,0
7291,27.42825675437724,0
7292,26.172318588774964,0
7293,25.277951008143265,0
7294,26.46243522607281,0
7295,24.894749154928114,0
7296,26.62173617720866,0
7297,27.96159918761486,0
7298,29.185461723492235,0
7299,29.2873392380371,0
7300,31.20642945864866,0
7301,31.506277195584687,0
7302,31.673075899060894,0
7303,31.03603388365129,0
7304,32.289280573993985,0
7305,33.577656813067115,0
7306,32.72240552748157,0
7307,34.159680677127184,0
7308,32.68089285049366,0
7309,33.600468556978875,0
7310,31.669164080537023,0
7311,31.39922309615213,0
7312,31.906173592464185,0
7313,33.69410671326267,0
7314,30.41296031978244,0
7315,30.85972025882816,0
7316,30.921647829283806,0
7317,30.810080777503785,0
7318,29.86491510603141,0
7319,28.690777817642815,0
7320,27.939472996491713,0
7321,28.24141802079433,0
7322,28.48330806378231,0
7323,27.5253858250413,0
7324,24.74501757183743,0
7325,23.643659667477674,0
7326,24.268529829744494,0
7327,25.138851134937916,0
7328,25.093253764008175,0
7329,23.232645243908028,0
7330,22.103427831034082,0
7331,22.10454358216535,0
7332,23.52310817298661,0
7333,22.74706825764481,0
7334,25.598109148953565,0
7335,22.77735552287082,0
7336,21.29054665108824,0
7337,26.56072138608585,0
7338,25.798873843508513,0
7339,23.673664429870875,0
7340,24.316931672767186,0
7341,24.65285646456492,0
7342,27.574763729593283,0
7343,27.11921420306404,0
7344,28.520368672752834,0
7345,27.224405111791516,0
7346,28.819539369003923,0
7347,31.307354102046343,0
7348,29.186663018135448,0
7349,30.041426181843146,0
7350,32.889651470667076,0
7351,31.752802492091323,0
7352,32.16756662568098,0
7353,31.472158869940213,0
7354,32.36917571358349,0
7355,31.267451111834934,0
7356,34.842156596141805,0
7357,33.057352846721614,0
7358,33.1562284156366,0
7359,31.90568898503391,0
7360,31.301419202572028,0
7361,31.637002939831117,0
7362,30.286852876654574,0
7363,30.581419673718397,0
7364,29.502260532412432,0
7365,30.341800687207133,0
7366,28.48771655455802,0
7367,29.3866707085193,0
7368,29.201192895542665,0
7369,26.791770602647404,0
7370,26.28830323499169,0
7371,26.126748074295325,0
7372,24.253306823209787,0
7373,25.392178654791064,0
7374,25.383995620502052,0
7375,22.047822273953468,0
7376,24.26524055330966,0
7377,23.155510135930086,0
7378,22.482635628674988,0
7379,22.589994417733674,0
7380,22.280486198712733,0
7381,23.582702537793118,0
7382,22.540569039627588,0
7383,24.897030632656094,0
7384,23.76610133582548,0
7385,25.102607810973346,0
7386,23.53347177618572,0
7387,24.644999171537446,0
7388,26.827557559076944,0
7389,25.761530804324337,0
7390,25.926836710782478,0
7391,29.0997657955392,0
7392,26.491613082073595,0
7393,29.525754504186327,0
7394,28.936108120889195,0
7395,31.573183301384177,0
7396,30.864800032728056,0
7397,30.672575782535418,0
7398,33.44556321036685,0
7399,31.38018414435468,0
7400,35.25250504669456,0
7401,33.27754380553499,0
7402,32.95685009038961,0
7403,32.983668940860234,0
7404,33.42850890956588,0
7405,32.78033327174917,0
7406,33.424250279333165,0
7407,32.70776885512541,0
7408,31.795670672254705,0
7409,32.86720371904435,0
7410,31.47859558541031,0
7411,29.422657557173974,0
7412,30.563755340168118,0
7413,28.25147279964231,0
7414,28.786913597910594,0
7415,27.739206360144717,0
7416,27.788336727087025,0
7417,27.69750835935114,0
7418,27.553819758677765,0
7419,25.679262209295054,0
7420,25.602700717130727,0
7421,24.508916317311357,0
7422,24.808776735580246,0
7423,25.04376927387005,0
7424,25.18346954076615,0
7425,22.443290444350616,0
7426,24.042792692758418,0
7427,22.814680711459996,0
7428,22.99712383763682,0
7429,20.799090607007255,0
7430,24.23839593373291,0
7431,22.31959794531178,0
7432,23.028860917505053,0
7433,23.840784137039673,0
7434,26.53070724039361,0
7435,23.664324926788904,0
7436,24.43255132186454,0
7437,24.498723785401253,0
7438,26.31646014412156,0
7439,26.78426249535979,0
7440,28.692473335334054,0
7441,28.862579938158326,0
7442,28.69175817967688,0
7443,30.224385907747326,0
7444,30.531969901743985,0
7445,31.488233998120023,0
7446,31.78342008374539,0
7447,32.50202312166049,0
7448,32.66121989768944,0
7449,33.41378577710628,0
7450,31.178651233619426,0
7451,33.25838246352122,0
7452,33.247280646183036,0
7453,32.65179445627883,0
7454,33.438081138351194,0
7455,31.967797413628027,0
7456,30.166192241939186,0
7457,30.904492111695873,0
7458,31.886267007263083,0
7459,31.79733522070461,0
7460,30.588904250878603,0
7461,28.94998348217323,0
7462,29.529177475760353,0
7463,29.132482741972673,0
7464,28.161521212813504,0
7465,27.200076670671383,0
7466,26.81463977549976,0
7467,25.36052459031558,0
7468,25.82836657420034,0
7469,24.684401324100953,0
7470,25.000772516697374,0
7471,23.76108566612501,0
7472,21.238902361713443,0
7473,23.098255458966687,0
7474,23.87446198827707,0
7475,23.04696694574228,0
7476,24.302300562914937,0
7477,22.16981621608348,0
7478,24.444467076671106,0
7479,23.71231575948436,0
7480,25.177172756071666,0
7481,25.12782413154417,0
7482,22.933143237020126,0
7483,24.132156924947896,0
7484,26.164746761675893,0
7485,27.15070847138499,0
7486,27.7236206831106,0
7487,26.443740063134257,0
7488,28.49966234251685,0
7489,28.216316580072466,0
7490,30.930938685357965,0
7491,31.056866233545904,0
7492,29.97356310165289,0
7493,33.095327917480596,0
7494,31.44339963502138,0
7495,32.020176795148515,0
7496,32.69516598360784,0
7497,30.705060397050335,0
7498,34.04868700431605,0
7499,33.6492356973368,0
7500,32.893320364941424,0
7501,34.582644453105736,0
7502,31.793555647913674,0
7503,34.18193145951548,0
7504,32.08062204121414,0
7505,33.46885583847376,0
7506,30.40014590994892,0
7507,29.986838276802743,0
7508,31.64125709881896,0
7509,28.731400495278642,0
7510,29.38829380930568,0
7511,28.242974026220917,0
7512,28.466990287210134,0
7513,28.788622829109006,0
7514,26.439427501636022,0
7515,27.690581289999162,0
7516,26.406618194411436,0
7517,25.53465407938444,0
7518,25.79236443808073,0
7519,23.842237957181606,0
7520,25.001907334083814,0
7521,23.217499044926324,0
7522,23.14156971688254,0
7523,24.616144601630133,0
7524,22.788701173553218,0
7525,20.980803440479306,0
7526,23.67317185121232,0
7527,22.558222173000328,0
7528,23.381116923084157,0
7529,25.38500457098298,0
7530,22.66730639646154,0
7531,25.86693353681702,0
7532,26.459103688959242,0
7533,28.011376461492773,0
7534,25.678744077396914,0
7535,25.637997328230128,0
7536,28.28823372571871,0
7537,29.486020558258588,0
7538,28.56785920524023,0
7539,30.56420587452281,0
7540,28.739678487451037,0
7541,31.44469034624562,0
7542,29.905023759231458,0
7543,30.76417328780652,0
7544,32.154276103447486,0
7545,32.632581128527036,0
7546,33.50234772406108,0
7547,33.607263632457965,0
7548,32.90018074246028,0
7549,35.1758532214898,0
7550,32.49911184974048,0
7551,30.79764612838869,0
7552,33.696266267885726,0
7553,32.85031376450693,0
7554,31.76673900193888,0
7555,31.269984016250646,0
7556,29.717629387480184,0
7557,30.849219888271307,0
7558,30.32309829646185,0
7559,30.172034931218956,0
7560,26.6567950509005,0
7561,27.089825272526262,0
7562,25.19288721322563,0
7563,26.331266984307224,0
7564,25.826955523308158,0
7565,25.652224656403558,0
7566,24.94518293143504,0
7567,24.616275897844794,0
7568,23.9824730765472,0
7569,22.826944385726954,0
7570,22.65677470353705,0
7571,24.03676917246611,0
7572,20.838515085630036,0
7573,22.165762354143137,0
7574,20.39564448461579,0
7575,23.767584813182804,0
7576,24.193331285540516,0
7577,25.01748220851468,0
7578,24.463526183420413,0
7579,24.782993144775578,0
7580,26.53144569898436,0
7581,26.821088231236768,0
7582,26.530730158012855,0
7583,26.683281545084586,0
7584,29.681413266269708,0
7585,28.36364544925186,0
7586,29.465872004498717,0
7587,27.328215193268825,0
7588,30.73260091218972,0
7589,32.50474926509469,0
7590,31.861685012672023,0
7591,29.294416596349258,0
7592,31.393871077818748,0
7593,33.213846224223275,0
7594,32.62147620035781,0
7595,32.57905514204773,0
7596,32.71794938176263,0
7597,31.80999011362909,0
7598,31.933718739707324,0
7599,33.80896286026169,0
7600,31.498401375183914,0
7601,31.934498767549023,0
7602,32.65656035726434,0
7603,31.650815278129894,0
7604,31.597368782607067,0
7605,29.504145981808946,0
7606,30.34996961315097,0
7607,29.76270935396153,0
7608,27.173904065103685,0
7609,27.954416892086176,0
7610,24.305350058640997,0
7611,25.713840622230588,0
7612,25.829772340944753,0
7613,25.528380414462966,0
7614,23.270903373734722,0
7615,24.255289974874472,0
7616,24.227762937294152,0
7617,24.281193906484187,0
7618,23.527642181907662,0
7619,23.740483384769995,0
7620,23.591380163423594,0
7621,23.418683926793026,0
7622,23.91331006564003,0
7623,23.570990339496785,0
7624,22.670322263760976,0
7625,24.20914348132897,0
7626,25.868211195536812,0
7627,24.582732764434553,0
7628,24.45673869389751,0
7629,24.729397395777923,0
7630,27.33995845598884,0
7631,26.663409422819075,0
7632,28.149024115001907,0
7633,26.355101267904747,0
7634,28.18077847300446,0
7635,31.526444384277607,0
7636,32.0239904375999,0
7637,32.77867969297768,0
7638,30.698822112384647,0
7639,31.527617402068515,0
7640,32.50369574937219,0
7641,33.83994343734565,0
7642,32.31799367125644,0
7643,32.9708025900144,0
7644,33.184561901726475,0
7645,32.522594045654465,0
7646,32.52719283321863,0
7647,32.824077044701106,0
7648,31.048980725472976,0
7649,32.9250742067878,0
7650,31.540751884822534,0
7651,30.20385937506098,0
7652,31.853719144825032,0
7653,29.5737551307916,0
7654,30.780781774294887,0
7655,30.136761586365235,0
7656,28.679139034125566,0
7657,27.295294529198443,0
7658,27.60939805343806,0
7659,25.952153792726712,0
7660,26.338202435812114,0
7661,24.93261313660656,0
7662,22.794636352721348,0
7663,23.638878523842955,0
7664,24.452949542513934,0
7665,23.205837144100627,0
7666,23.682655552169763,0
7667,22.09517272201351,0
7668,21.10118357286159,0
7669,24.134020346681158,0
7670,24.66911914983402,0
7671,24.17705312662004,0
7672,22.699558308693256,0
7673,23.176474636127914,0
7674,24.47302807611678,0
7675,23.67357398455335,0
7676,25.00502073190306,0
7677,26.635007342028185,0
7678,27.912822576581476,0
7679,30.287133666478685,0
7680,27.993343111421776,0
7681,27.644968369678832,0
7682,29.128245104297196,0
7683,31.181351866198117,0
7684,29.072444823918406,0
7685,31.459291563676285,0
7686,31.262099867738083,0
7687,34.11127580150824,0
7688,33.679198683193924,0
7689,33.240828749264445,0
7690,32.53960253559159,0
7691,33.37138796957217,0
7692,33.01870767953793,0
7693,34.743059872552244,0
7694,33.609583737032935,0
7695,33.87091816892882,0
7696,31.45005485793335,0
7697,32.88105909719331,0
7698,31.856118396655226,0
7699,32.767244410685365,0
7700,29.40039293787651,0
7701,29.927107461574,0
7702,29.455349972996885,0
7703,27.797206345332174,0
7704,29.87417064625273,0
7705,26.46833963517294,0
7706,26.408347330392612,0
7707,25.5664041648538,0
7708,24.821471854416206,0
7709,25.746746273036003,0
7710,24.465697569992397,0
7711,25.60878636360847,0
7712,24.221143677521397,0
7713,24.520113796440402,0
7714,23.214502029609626,0
7715,23.66491948843917,0
7716,22.27378168513655,0
7717,22.473752028076166,0
7718,23.29211073993955,0
7719,23.604823243736035,0
7720,24.679492154942984,0
7721,24.37641120401411,0
7722,24.28385818412657,0
7723,25.693126468438226,0
7724,24.013232927565888,0
7725,23.98294564172625,0
7726,26.64600548923447,0
7727,28.24657508701363,0
7728,27.584173742361347,0
7729,29.30516540235306,0
7730,30.151952257396687,0
7731,30.291660352365003,0
7732,33.45630145834127,0
7733,31.18584798836072,0
7734,32.02243040537228,0
7735,31.726496906533235,0
7736,33.48925920152204,0
7737,32.587650893651926,0
7738,32.24527679528788,0
7739,32.814089547680446,0
7740,32.307980363496505,0
7741,33.26520366552868,0
7742,33.185905562793096,0
7743,32.928684936781835,0
7744,32.23522016941662,0
7745,31.037344960683654,0
7746,32.05983338785699,0
7747,31.03096277731983,0
7748,29.410608278066334,0
7749,29.79391676147493,0
7750,29.562664052617066,0
7751,29.293195892219657,0
7752,27.800443979979608,0
7753,27.63884678072461,0
7754,25.788688912718413,0
7755,24.27275010110389,0
7756,25.046702446073603,0
7757,24.76968524670514,0
7758,23.460363302144,0
7759,23.32220485111708,0
7760,23.768718891916322,0
7761,24.03192145848589,0
7762,25.14226029306217,0
7763,21.621298899665142,0
7764,22.97435100896802,0
7765,22.29337109821087,0
7766,23.101550387995474,0
7767,22.13722847908983,0
7768,24.26215673338194,0
7769,24.19503968261972,0
7770,25.339395595239722,0
7771,25.669461587537217,0
7772,25.469880129928995,0
7773,26.45087039871083,0
7774,27.77107709134958,0
7775,27.04860536151433,0
7776,26.762060225290615,0
7777,27.648553329893964,0
7778,28.806072368643328,0
7779,29.4859960898181,0
7780,28.54688668637748,0
7781,33.18143629090994,0
7782,32.12118735835961,0
7783,32.67977163656064,0
7784,32.7218742754594,0
7785,32.923060249129094,0
7786,32.734409755035955,0
7787,31.878011691537985,0
7788,32.59608797555287,0
7789,31.941267284121114,0
7790,33.17055597712254,0
7791,33.47032164092893,0
7792,31.484485462750847,0
7793,31.587510058457315,0
7794,31.621850471004183,0
7795,30.411414670458317,0
7796,30.945374039415874,0
7797,28.672301890564615,0
7798,27.75568859888653,0
7799,28.118474125488785,0
7800,28.572154414559424,0
7801,27.362386261025954,0
7802,27.3657341992058,0
7803,25.815604989330748,0
7804,25.489165087697977,0
7805,25.832927206527003,0
7806,26.798439972961766,0
7807,24.560160968188214,0
7808,24.378447699637704,0
7809,24.204280708753164,0
7810,23.742779069882687,0
7811,23.04558785900418,0
7812,21.745505329009998,0
7813,23.452060324275628,0
7814,24.57345235142248,0
7815,22.52819422493863,0
7816,25.465589828106047,0
7817,24.627548635116348,0
7818,23.976145585969984,0
7819,23.554023461202643,0
7820,25.983029341058675,0
7821,25.517474316640065,0
7822,26.61309334984383,0
7823,28.393207204143483,0
7824,29.44452882397996,0
7825,29.157551072253806,0
7826,28.125586659984446,0
7827,29.51830769624279,0
7828,30.431355268342234,0
7829,33.001241346893046,0
7830,32.11445082507813,0
7831,31.721391849285084,0
7832,30.951228137590036,0
7833,31.788533453752535,0
7834,33.89678244893221,0
7835,32.346494526229826,0
7836,33.5730279852787,0
7837,32.976081511982436,0
7838,34.46617656172112,0
7839,32.38776676281825,0
7840,31.62292940158872,0
7841,31.91528075841835,0
7842,32.56103593850539,0
7843,31.096094548380304,0
7844,29.862678911823014,0
7845,29.67244618592404,0
7846,27.920121502366126,0
7847,28.711620633769797,0
7848,27.991160216376432,0
7849,26.735421052246103,0
7850,25.631261677631073,0
7851,27.508113055745,0
7852,25.027734050931773,0
7853,24.7652977916915,0
7854,26.49631954741576,0
7855,23.973756126935434,0
7856,23.24002206453161,0
7857,23.70930727687379,0
7858,25.137773678993305,0
7859,23.127102338949392,0
7860,23.248008152861328,0
7861,22.892128878975715,0
7862,22.994829942954777,0
7863,23.00319187003182,0
7864,22.808044643429877,0
7865,23.584463100536986,0
7866,24.410562113375317,0
7867,24.49974764821783,0
7868,27.330235304634108,0
7869,27.495215967552912,0
7870,25.20829152134776,0
7871,27.90170124340691,0
7872,28.463775792367898,0
7873,28.085369162402166,0
7874,29.57878554649945,0
7875,31.94993307370482,0
7876,30.404290618754825,0
7877,32.31104443838796,0
7878,31.75912967752552,0
7879,32.20753362163432,0
7880,31.71767754467802,0
7881,33.55585398638905,0
7882,33.192961296388795,0
7883,32.37494260697766,0
7884,33.020749218582075,0
7885,33.17627572051019,0
7886,33.22338903274806,0
7887,33.08885302867811,0
7888,31.81282767246694,0
7889,32.13624275321317,0
7890,32.64902122917488,0
7891,30.616812752471887,0
7892,32.37310258919365,0
7893,28.756302162469805,0
7894,27.886860309889734,0
7895,29.543796792033273,0
7896,27.674087743667545,0
7897,26.814186480129923,0
7898,26.137422760979867,0
7899,27.68859354289167,0
7900,27.54049618159012,0
7901,25.93941866704171,0
7902,25.911493319766112,0
7903,24.083847419836097,0
7904,23.537642912333375,0
7905,23.946656361020345,0
7906,23.731180654427206,0
7907,24.58173466008743,0
7908,23.016285422723776,0
7909,22.677203685736057,0
7910,23.673753643290265,0
7911,24.179696490107112,0
7912,21.252791425672694,0
7913,24.657172886814646,0
7914,22.509042490407776,0
7915,25.416116732511117,0
7916,25.115795321761567,0
7917,26.217747663850094,0
7918,24.7172453258728,0
7919,27.4616835458894,0
7920,28.18515665749959,0
7921,26.674909104150213,0
7922,28.89837291677619,0
7923,31.537632345457627,0
7924,31.634358118684013,0
7925,30.813503999708438,0
7926,30.86449635009122,0
7927,32.056864443310126,0
7928,32.23397818692492,0
7929,32.126693676039714,0
7930,32.973000069467886,0
7931,33.8106361019645,0
7932,32.65885293361712,0
7933,32.30901571578833,0
7934,33.14492779157107,0
7935,33.42896640057397,0
7936,33.139393379626945,0
7937,32.98848519489162,0
7938,31.930119922361055,0
7939,33.54827995181425,0
7940,30.153769610217328,0
7941,30.43012427415745,0
7942,28.494275380303154,0
7943,29.094728188384114,0
7944,26.58895662110698,0
7945,25.926052690266012,0
7946,26.9003789209922,0
7947,26.57420665066582,0
7948,26.304553828065362,0
7949,23.28241281084554,0
7950,25.20173387131654,0
7951,23.645590161720047,0
7952,26.52888824195345,0
7953,22.676589054278818,0
7954,22.262584025310083,0
7955,23.0362982703177,0
7956,24.367524554281275,0
7957,22.890776062178258,0
7958,22.424960088790307,0
7959,22.685289991077664,0
7960,23.43875747459713,0
7961,22.271252083682732,0
7962,26.593648297041536,0
7963,25.49945334786534,0
7964,25.212019666226468,0
7965,25.817921266139482,0
7966,26.70451978337237,0
7967,26.955815500564853,0
7968,28.212554177455612,0
7969,28.00800267939167,0
7970,28.90996229029786,0
7971,28.567603068087244,0
7972,31.685228764114385,0
7973,30.708293953034907,0
7974,31.077935831069027,0
7975,32.38840926429558,0
7976,30.730520733435732,0
7977,32.791645316095895,0
7978,33.27198122385989,0
7979,32.792804296655156,0
7980,30.611756453261297,0
7981,33.82476783968034,0
7982,33.562150790936066,0
7983,31.6197488376704,0
7984,33.72984003175603,0
7985,30.86129081269889,0
7986,30.708309682799104,0
7987,32.36194922210926,0
7988,31.39801574795945,0
7989,29.693905293908568,0
7990,29.857519816117282,0
7991,27.982174340958345,0
7992,26.96151797159645,0
7993,26.7701278838466,0
7994,28.030363663797758,0
7995,27.211255351225017,0
7996,25.805020439630216,0
7997,27.69152833827492,0
7998,25.309373057942437,0
7999,23.63717932767099,0
8000,24.498793315997247,0
8001,24.08200002327717,0
8002,21.712822110358648,0
8003,21.91149378792323,0
8004,24.421965838916876,0
8005,21.865086692795927,0
8006,23.15280781894907,0
8007,24.557558196039928,0
8008,25.11608490646017,0
8009,23.754994687696275,0
8010,22.00409020038454,0
8011,24.963898757103134,0
8012,26.228488395399822,0
8013,25.744942595994313,0
8014,24.817636129545427,0
8015,26.753971167527936,0
8016,28.878240268851727,0
8017,29.398480333784114,0
8018,28.65441860715219,0
8019,30.1988090170179,0
8020,30.086243218125606,0
8021,31.459540832835227,0
8022,30.665242026971978,0
8023,32.03779842112551,0
8024,31.53248438249456,0
8025,33.875900926293674,0
8026,32.34433593519702,0
8027,33.07988842585288,0
8028,32.13625687789234,0
8029,30.884548325422944,0
8030,32.60376118162314,0
8031,31.326792490571933,0
8032,33.205917344538626,0
8033,33.09821082818129,0
8034,31.178929572673653,0
8035,30.062303060390043,0
8036,31.30418428454616,0
8037,29.517718598147457,0
8038,30.09100402964213,0
8039,29.555994552504206,0
8040,27.741684422032357,0
8041,29.092099911469173,0
8042,27.08085513423692,0
8043,26.87215357649743,0
8044,25.60588928820172,0
8045,23.95874441035974,0
8046,24.675232677238952,0
8047,23.739848350842422,0
8048,24.73612433183793,0
8049,22.63638157437461,0
8050,23.38024163834007,0
8051,23.663083233344672,0
8052,24.71995728552116,0
8053,22.497374112170206,0
8054,23.298805603387986,0
8055,22.5863767525856,0
8056,22.71934457981076,0
8057,23.49927059472534,0
8058,25.60225642064718,0
8059,26.011258539167954,0
8060,25.509992251481524,0
8061,25.268540547906518,0
8062,27.82982055687859,0
8063,27.62268070773852,0
8064,28.433503904525033,0
8065,29.150508533968505,0
8066,30.628410785366057,0
8067,30.439301904886975,0
8068,30.42115877909554,0
8069,30.71066651474676,0
8070,31.374682507245577,0
8071,31.787478959694226,0
8072,31.410758337889188,0
8073,31.74315526510487,0
8074,34.57324353350367,0
8075,34.08078438190887,0
8076,32.44158271285793,0
8077,32.96721808930785,0
8078,32.5589143612467,0
8079,33.113977962362526,0
8080,31.986890915138826,0
8081,31.973729036020842,0
8082,31.827083849345513,0
8083,32.285347071029605,0
8084,30.276718621361987,0
8085,29.846502260980422,0
8086,28.11006974811785,0
8087,27.673701845327354,0
8088,27.823322062092704,0
8089,26.365844327300664,0
8090,24.551835323726827,0
8091,24.98977598908481,0
8092,25.19535144136685,0
8093,24.383760233039542,0
8094,24.253216690372202,0
8095,23.203414865026083,0
8096,24.033340749127838,0
8097,24.243738905010776,0
8098,24.756180648050773,0
8099,23.69029998547399,0
8100,22.855401536500942,0
8101,23.957626600342426,0
8102,21.81516993055302,0
8103,21.082026173729457,0
8104,25.24979234696349,0
8105,24.04966876083671,0
8106,23.17427344430366,0
8107,26.384628024445078,0
8108,26.999007472360034,0
8109,26.631343360570774,0
8110,26.258112824364176,0
8111,29.549934500397345,0
8112,27.543778517782556,0
8113,28.38257194852422,0
8114,28.920793868932112,0
8115,29.958795199491853,0
8116,28.83849495426705,0
8117,30.456443572587098,0
8118,32.01724491524552,0
8119,33.85492333530249,0
8120,32.030840345183705,0
8121,32.354773224440194,0
8122,33.08280425656154,0
8123,33.84982880837659,0
8124,34.27821517141246,0
8125,32.54027795064464,0
8126,31.191499737963092,0
8127,30.099950831013732,0
8128,33.83053943895047,0
8129,32.286554898286404,0
8130,32.37170062075826,0
8131,31.886592373694597,0
8132,31.13005139956408,0
8133,31.943402347223945,0
8134,29.73062618986595,0
8135,30.127900189697073,0
8136,27.42841539035186,0
8137,27.892093409564712,0
8138,26.181778420186177,0
8139,25.56407979252789,0
8140,23.907053895529756,0
8141,25.063331359643538,0
8142,24.45419017656949,0
8143,25.255139466113395,0
8144,23.20709984813589,0
8145,22.59280376882924,0
8146,22.54947696500221,0
8147,22.112426850537105,0
8148,23.915396246969067,0
8149,23.82401437103792,0
8150,21.11400508368442,0
8151,24.27070259231081,0
8152,22.892362658973862,0
8153,24.510769342112,0
8154,23.28405813273715,0
8155,26.27920609923686,0
8156,23.890696033915628,0
8157,25.24054363023429,0
8158,27.058738682018678,0
8159,26.255180068044755,0
8160,28.494571279546783,0
8161,27.514123217774298,0
8162,29.836361786053008,0
8163,31.090478008565388,0
8164,28.06634347881162,0
8165,31.796851485170986,0
8166,32.05396117655017,0
8167,30.894210815310824,0
8168,32.39507724925962,0
8169,32.55012205738962,0
8170,34.955369820280175,0
8171,32.72446159884413,0
8172,33.629298085242105,0
8173,32.54953065696531,0
8174,32.981014509323316,0
8175,33.02865117342411,0
8176,31.939186610876018,0
8177,32.73290279384965,0
8178,31.054508290267936,0
8179,30.68243161366284,0
8180,30.00224199138425,0
8181,29.499068135848002,0
8182,29.752590924446995,0
8183,29.27313791603562,0
8184,26.108919122120014,0
8185,26.141923392535208,0
8186,26.558377232288922,0
8187,26.14232872651498,0
8188,23.72073054161981,0
8189,25.716487916446027,0
8190,26.5141561870424,0
8191,23.809884814066937,0
8192,23.091926838554542,0
8193,22.201235090662074,0
8194,22.687711310726314,0
8195,22.157783001305038,0
8196,22.846130857464125,0
8197,23.13268806380777,0
8198,21.368576983243134,0
8199,23.968021051067392,0
8200,23.986797093364448,0
8201,22.819668271369483,0
8202,25.44155657090311,0
8203,26.385537007924544,0
8204,24.590846296933805,0
8205,26.50621478008149,0
8206,26.022744918617516,0
8207,26.77433805623886,0
8208,27.719865711369525,0
8209,26.738940527338436,0
8210,29.191568189194673,0
8211,29.113805513542317,0
8212,29.960266483031905,0
8213,30.582000460458403,0
8214,30.623887661787393,0
8215,33.08743392205499,0
8216,32.22478053209411,0
8217,33.948757187991625,0
8218,31.554826377864067,0
8219,32.375484416037594,0
8220,31.97850876602125,0
8221,32.10553201141837,0
8222,33.009174596497594,0
8223,33.2625550628023,0
8224,34.47627509661676,0
8225,31.41269345267376,0
8226,32.0542180357714,0
8227,31.039202970725693,0
8228,30.024706869727282,0
8229,29.54777507237353,0
8230,28.772517556458183,0
8231,30.702641176427328,0
8232,28.27394230159481,0
8233,28.09312852414432,0
8234,26.136581551662296,0
8235,26.6101787037827,0
8236,25.45702221664819,0
8237,24.509225542977447,0
8238,24.396642876636786,0
8239,23.250586976537395,0
8240,25.07681557216114,0
8241,22.955959616413022,0
8242,22.53195991291154,0
8243,22.094374696217994,0
8244,22.102230641765992,0
8245,22.2983833012207,0
8246,21.2367213396753,0
8247,22.61205876788542,0
8248,24.151534262350093,0
8249,25.463892890764395,0
8250,25.16009821837989,0
8251,25.551276781534444,0
8252,26.60528863033814,0
8253,24.976808833066734,0
8254,27.81201554237938,0
8255,28.060103725199504,0
8256,28.206124116144224,0
8257,28.38607263717945,0
8258,29.78615137816935,0
8259,30.654043742371996,0
8260,28.82822683235368,0
8261,31.30236008162793,0
8262,32.07273953016192,0
8263,32.545751734565904,0
8264,31.258716941161286,0
8265,32.00055380098003,0
8266,32.02387718089869,0
8267,33.615687950960364,0
8268,35.48889248257722,0
8269,33.546236286419095,0
8270,33.65770707836706,0
8271,31.331264523230463,0
8272,31.700246556585828,0
8273,32.554805541480086,0
8274,31.326514112184693,0
8275,30.52893176345932,0
8276,30.022884877770117,0
8277,29.750151585852347,0
8278,29.959010842272125,0
8279,29.113076472445403,0
8280,29.03709457880223,0
8281,27.407716014130756,0
8282,28.44425297492406,0
8283,23.266373715695597,0
8284,25.21731641565247,0
8285,26.68178364558554,0
8286,24.121539135948904,0
8287,22.979016200068223,0
8288,22.863564322780842,0
8289,23.507405115763436,0
8290,23.890926878506516,0
8291,22.129629464181928,0
8292,23.39041793437876,0
8293,21.933859975518192,0
8294,23.275122641934885,0
8295,23.095901181483423,0
8296,24.411423221535973,0
8297,24.444479589036426,0
8298,25.692111528684396,0
8299,24.212906715685758,0
8300,21.65132964810233,0
8301,26.82105431807997,0
8302,27.118474367834057,0
8303,27.167713779134125,0
8304,27.278285661583528,0
8305,27.364807735170306,0
8306,29.13858712885924,0
8307,30.371996763658856,0
8308,31.333842271215715,0
8309,30.401530095128123,0
8310,30.102242822788302,0
8311,32.60537273083997,0
8312,33.56725684938631,0
8313,32.877648133564584,0
8314,30.78932971096919,0
8315,34.206127134598006,0
8316,31.259549356581847,0
8317,33.62522833864239,0
8318,30.126065819208687,0
8319,31.32091296779793,0
8320,32.49468274843162,0
8321,31.398927329919662,0
8322,31.61956102340182,0
8323,31.445556097567685,0
8324,31.494830832642332,0
8325,30.69148542047281,0
8326,27.52737828278128,0
8327,28.003406504698944,0
8328,29.977299289300767,0
8329,26.9250252039494,0
8330,24.78194134069808,0
8331,26.907866176952034,0
8332,25.255768541341904,0
8333,24.72642418700213,0
8334,25.760793488003156,0
8335,25.09242228132195,0
8336,23.708267485439777,0
8337,24.842814755890423,0
8338,23.147765144137118,0
8339,23.125759531151935,0
8340,23.927418272193222,0
8341,22.69853245541819,0
8342,23.272327842595164,0
8343,23.945965854779374,0
8344,23.817853554803914,0
8345,23.53275562850471,0
8346,26.499588784657604,0
8347,25.026289062861146,0
8348,26.578075272337404,0
8349,25.62552891277988,0
8350,27.11809888758865,0
8351,26.604921590024777,0
8352,29.624508477282053,0
8353,28.68324486890221,0
8354,29.409387491012858,0
8355,33.146933384410666,0
8356,29.057561062984306,0
8357,31.119841133076445,0
8358,31.554555954944004,0
8359,32.11366705670759,0
8360,32.716014245811365,0
8361,31.59808134011904,0
8362,32.07193340589715,0
8363,33.66973338401511,0
8364,32.48192522464165,0
8365,33.316645627481876,0
8366,32.95388448927316,0
8367,33.78788520907946,0
8368,33.46531146010051,0
8369,33.11486364603376,0
8370,29.963458426198628,0
8371,31.613006028886232,0
8372,30.608404176546717,0
8373,31.123409043230854,0
8374,29.676732918114755,0
8375,30.09152833981534,0
8376,26.74133575113984,0
8377,29.397562898401844,0
8378,26.898665835735105,0
8379,26.46191773572696,0
8380,25.280541436691305,0
8381,24.298390296170354,0
8382,25.423905014493652,0
8383,23.85800734038452,0
8384,25.058769498730673,0
8385,24.931753548986443,0
8386,24.473506386422677,0
8387,23.76459418051749,0
8388,22.963489900927453,0
8389,22.54693878156149,0
8390,22.1464059651981,0
8391,23.27004530125461,0
8392,24.781380331035226,0
8393,22.801512169252508,0
8394,24.63843090671336,0
8395,24.710578359743515,0
8396,24.509900253847146,0
8397,25.78412225832769,0
8398,26.361121152951675,0
8399,25.614247415829535,0
8400,25.84983449660651,0
8401,26.296398869216567,0
8402,30.572413972514248,0
8403,30.598819668395002,0
8404,29.669438963782763,0
8405,31.955758868766388,0
8406,31.743039884745315,0
8407,31.50111847794629,0
8408,33.3603684855283,0
8409,31.285279584014646,0
8410,31.003098103246074,0
8411,31.953559930621687,0
8412,32.26043865987127,0
8413,34.26426239849852,0
8414,34.10714806361239,0
8415,31.14811524442696,0
8416,32.15419757025921,0
8417,33.290048473141276,0
8418,32.89162060923153,0
8419,29.78359905032694,0
8420,31.742560148678766,0
8421,30.308173818610598,0
8422,29.41338274481704,0
8423,29.503503655844955,0
8424,26.889459715038292,0
8425,27.587191236443605,0
8426,26.158322749274525,0
8427,26.32539887772782,0
8428,25.067276847323964,0
8429,25.42532429266815,0
8430,25.9458601426937,0
8431,23.976234515803156,0
8432,23.27043880600667,0
8433,22.835999769225147,0
8434,22.857374133496787,0
8435,22.659084321126784,0
8436,23.772306714694672,0
8437,22.573477301879592,0
8438,21.572758401594644,0
8439,23.441206912728447,0
8440,23.8711973467809,0
8441,24.506440736526454,0
8442,24.73933181063001,0
8443,24.236362796756353,0
8444,25.421953693646632,0
8445,26.865305187110078,0
8446,27.60028559846378,0
8447,25.92135848523799,0
8448,28.882634686099646,0
8449,27.670516699632724,0
8450,29.051680889216897,0
8451,30.740090524342087,0
8452,31.148322086289596,0
8453,31.317996308048567,0
8454,31.789646569009847,0
8455,32.53512732865946,0
8456,31.48054445437227,0
8457,32.58258055717693,0
8458,32.93703287614813,0
8459,33.21541638364785,0
8460,32.44468838801637,0
8461,35.495747406690526,0
8462,33.35271032840353,0
8463,33.95965051904193,0
8464,32.39246064505464,0
8465,32.56642416697853,0
8466,31.713736419425835,0
8467,31.125982813964697,0
8468,30.857619365764176,0
8469,29.530096369770227,0
8470,30.054139741054843,0
8471,30.105527769311138,0
8472,27.239436911726656,0
8473,26.599639242726653,0
8474,25.337912487732993,0
8475,26.803580206353146,0
8476,26.791497792879706,0
8477,25.6398581342133,0
8478,23.62664213066773,0
8479,24.07523713648462,0
8480,24.266463064025587,0
8481,24.27466960206447,0
8482,23.94674018980694,0
8483,21.624109216733277,0
8484,21.07319725817864,0
8485,22.52709802227544,0
8486,21.46933680031122,0
8487,25.41674897693734,0
8488,22.79311066788078,0
8489,25.603250888993582,0
8490,25.25509935196274,0
8491,24.69988420176553,0
8492,25.216954424327927,0
8493,26.816976325786623,0
8494,27.890701874835305,0
8495,26.38215135658342,0
8496,27.504999842967653,0
8497,27.08755446275174,0
8498,29.68687482150588,0
8499,28.8955954078091,0
8500,30.27055846488632,0
8501,30.27322928924787,0
8502,30.348679427076426,0
8503,31.93629276857728,0
8504,32.095332912167414,0
8505,34.178399635523085,0
8506,32.857842517964094,0
8507,31.029949513830005,0
8508,34.03399726913773,0
8509,32.67415717590956,0
8510,33.178088362691355,0
8511,33.62140218150237,0
8512,30.382654576663022,0
8513,30.457081785493706,0
8514,29.814780662338315,0
8515,31.402809041137015,0
8516,29.87965830946098,0
8517,30.589216717143945,0
8518,29.985582032559524,0
8519,27.843681317639785,0
8520,27.705814935868336,0
8521,28.351937875856724,0
8522,28.443747821428794,0
8523,27.750644497223377,0
8524,25.604004859029608,0
8525,25.719303826137466,0
8526,25.45304403245786,0
8527,25.03163727676634,0
8528,23.428854868825553,0
8529,24.308711741256037,0
8530,22.863625911352354,0
8531,22.073086501051716,0
8532,25.670448048659818,0
8533,21.88514390657252,0
8534,22.40190868752463,0
8535,23.33137152759715,0
8536,23.20102310127761,0
8537,24.670807082501383,0
8538,24.157193169580655,0
8539,23.8116504811325,0
8540,25.818803453834445,0
8541,25.25058693932514,0
8542,26.52482562633164,0
8543,26.584303969864223,0
8544,26.67753079149484,0
8545,29.71578278460441,0
8546,29.887526686869915,0
8547,29.55282998194331,0
8548,30.467228043883065,0
8549,29.673647844359053,0
8550,30.358991016486375,0
8551,31.889275813820053,0
8552,33.24522889332771,0
8553,31.91810254865151,0
8554,32.416425209795264,0
8555,31.386354575451367,0
8556,33.17833299991358,0
8557,31.913100372774004,0
8558,31.81126466738263,0
8559,30.978807700167415,0
8560,32.18472678388365,0
8561,33.68925292617812,0
8562,32.45599059724232,0
8563,29.58415418099823,0
8564,32.20037629168294,0
8565,29.390352726612694,0
8566,29.76927072285159,0
8567,28.987987823123085,0
8568,30.509570350377373,0
8569,26.092955647586145,0
8570,27.241834492390616,0
8571,26.021476293192546,0
8572,24.92687569423857,0
8573,25.40208466784096,0
8574,23.185822431276474,0
8575,26.12619274944088,0
8576,24.53363473318704,0
8577,21.734757479967826,0
8578,23.330249316628052,0
8579,21.948814101671218,0
8580,23.400392312473738,0
8581,22.859688120074196,0
8582,24.973509287519093,0
8583,25.108554914301823,0
8584,22.59621379999706,0
8585,24.057934650473324,0
8586,23.33591127414665,0
8587,25.842233403307382,0
8588,25.843238180165443,0
8589,27.35925186871305,0
8590,28.43356034771872,0
8591,27.129092046141405,0
8592,28.512636833498696,0
8593,26.457819814422773,0
8594,29.854117348645193,0
8595,29.95714864679786,0
8596,30.94620166194811,0
8597,30.651165581123703,0
8598,34.19396915411712,0
8599,31.05453948123486,0
8600,31.904520210315972,0
8601,32.20470869198533,0
8602,34.07549763364925,0
8603,33.63090651040599,0
8604,33.61353374650725,0
8605,31.83583899059098,0
8606,33.99838284681336,0
8607,33.029477590782,0
8608,31.53966924639884,0
8609,29.20896165740749,0
8610,32.3676741513437,0
8611,31.007444249857986,0
8612,28.080897737645394,0
8613,31.150852337588532,0
8614,30.54988036544758,0
8615,26.800158875221147,0
8616,28.809051054742273,0
8617,28.065238875316176,0
8618,25.89913012891492,0
8619,25.62285501877209,0
8620,25.194283425062334,0
8621,26.3678790152775,0
8622,23.988068256416657,0
8623,24.0897499714348,0
8624,23.395266407610507,0
8625,22.53974137132099,0
8626,23.55575641789942,0
8627,21.50998520417528,0
8628,21.232516424954763,0
8629,21.23639768550545,0
8630,23.91429537561587,0
8631,25.765817888269652,0
8632,24.23222305496742,0
8633,24.058378258896678,0
8634,24.630411853009598,0
8635,25.5921846741979,0
8636,25.444776134875426,0
8637,25.36495921391854,0
8638,28.15463226518084,0
8639,27.47897846366392,0
8640,27.905842656500255,0
8641,29.38127829982824,0
8642,30.782025630507658,0
8643,30.082542688395108,0
8644,31.20969131815681,0
8645,30.616128589443328,0
8646,31.168723158512275,0
8647,32.67897685701905,0
8648,33.2073917182917,0
8649,33.080858697476174,0
8650,33.84598012297811,0
8651,32.40085012429729,0
8652,31.613956334582465,0
8653,31.580444400683902,0
8654,33.24380901467593,0
8655,30.946775579248218,0
8656,33.03916325720671,0
8657,32.288227123875025,0
8658,32.49562128315135,0
8659,30.431760092079728,0
8660,29.647812582773412,0
8661,30.617634784486572,0
8662,28.56076384655751,0
8663,28.490934447434444,0
8664,28.14907779314926,0
8665,27.257739357451758,0
8666,26.933100112931296,0
8667,26.48365736212012,0
8668,25.26056696487079,0
8669,25.036449763347374,0
8670,24.97038825192152,0
8671,22.247686641653186,0
8672,24.838869767595675,0
8673,23.703277230250823,0
8674,22.39463583039761,0
8675,22.834456433638778,0
8676,23.93432348133893,0
8677,22.860306515386824,0
8678,23.405302939860007,0
8679,24.23096859539331,0
8680,24.82709375714417,0
8681,24.01674514380218,0
8682,24.50066115682516,0
8683,24.484515774495,0
8684,25.40169174043043,0
8685,26.858481646904664,0
8686,27.08434431390546,0
8687,26.722351726298395,0
8688,28.856228955442962,0
8689,28.147191219231605,0
8690,28.649488649034385,0
8691,29.364750655950875,0
8692,29.15506579537825,0
8693,32.48362512913585,0
8694,29.57951343922009,0
8695,31.91537181829684,0
8696,32.674776337136514,0
8697,31.449630776297827,0
8698,33.71332644527931,0
8699,33.97500627915093,0
8700,33.77622099109752,0
8701,32.700897184159544,0
8702,33.95521207637063,0
8703,30.282443745350804,0
8704,33.971095050140306,0
8705,32.22550599975429,0
8706,31.79741341390748,0
8707,30.725889149048314,0
8708,31.248491880923158,0
8709,29.10100219995996,0
8710,29.192420535858528,0
8711,28.79806218391472,0
8712,28.793397005079107,0
8713,25.65275758003394,0
8714,26.832963921307808,0
8715,26.181434329025187,0
8716,26.47709738542285,0
8717,24.365345809802264,0
8718,23.41103890778747,0
8719,23.99577924270938,0
8720,23.676818320919065,0
8721,22.776921990246365,0
8722,22.776077033289482,0
8723,23.9623016491683,0
8724,23.20901431279488,0
8725,23.76022000537782,0
8726,21.826992017735318,0
8727,23.133477927437085,0
8728,22.293415452519444,0
8729,24.872786839568544,0
8730,25.567849565357964,0
8731,27.679230823830167,0
8732,25.937223016873318,0
8733,25.766247814781302,0
8734,28.554972598222463,0
8735,28.885601783522183,0
8736,26.82569739161234,0
8737,28.196739445857947,0
8738,27.81673730361296,0
8739,28.679619746864372,0
8740,28.757568989215166,0
8741,29.968241346624975,0
8742,32.45785773329514,0
8743,32.73152195798424,0
8744,33.540611836886555,0
8745,31.445210758869962,0
8746,33.108153589776286,0
8747,33.12965508487888,0
8748,32.16792725487263,0
8749,34.03625357526692,0
8750,34.067853434792916,0
8751,32.670874836649084,0
8752,33.22248933173199,0
8753,31.942254647478286,0
8754,32.85332950529959,0
8755,32.291772094023806,0
8756,29.237995048064516,0
8757,29.284250127050502,0
8758,30.330753933528392,0
8759,28.968980376104575,0
8760,29.9298887596478,0
8761,27.16897011360409,0
8762,25.93952549348712,0
8763,26.833521176383726,0
8764,25.189934643572112,0
8765,23.340772364176892,0
8766,23.689179399396608,0
8767,24.718432749151265,0
8768,23.742749440313975,0
8769,23.39903371164006,0
8770,23.459683898801025,0
8771,23.506264087382224,0
8772,23.675511384041457,0
8773,22.752197427034268,0
8774,24.244012460823225,0
8775,23.628797878564225,0
8776,22.989126421939638,0
8777,24.88976661927582,0
8778,25.903860220371826,0
8779,23.886362758926342,0
8780,26.12055109584143,0
8781,27.862540148622937,0
8782,27.212386599890007,0
8783,25.55464332770331,0
8784,28.139856412269967,0
8785,29.836414980922243,0
8786,30.400798149064812,0
8787,29.932203226112282,0
8788,30.55463415698406,0
8789,30.65032798876057,0
8790,30.648747321719622,0
8791,31.1927112687824,0
8792,32.843564886852306,0
8793,32.39704359695295,0
8794,31.60679556482427,0
8795,31.109758143055046,0
8796,32.30895515250058,0
8797,34.31666715722835,0
8798,31.058264890074614,0
8799,32.82893313215166,0
8800,29.145457574769722,0
8801,33.37167606258853,0
8802,33.270479731287026,0
8803,31.885182766341725,0
8804,31.443782898978778,0
8805,30.591159086311983,0
8806,29.383167120538204,0
8807,29.506556255127386,0
8808,26.464285277788484,0
8809,27.193582404884392,0
8810,25.876938219192066,0
8811,26.969129471184942,0
8812,26.760300000283998,0
8813,26.491853537331348,0
8814,25.584860919384234,0
8815,24.338651532793474,0
8816,24.968087969540143,0
8817,24.721287696860923,0
8818,23.686594227310646,0
8819,23.591799648287797,0
8820,23.019049582898596,0
8821,22.18706536923616,0
8822,24.338543151633843,0
8823,23.86569490628394,0
8824,24.57061292833463,0
8825,24.583689105273113,0
8826,26.197334474979964,0
8827,23.66265614671868,0
8828,25.76340802099091,0
8829,27.35604520418995,0
8830,28.168248735709977,0
8831,27.43603104671099,0
8832,29.138031284610516,0
8833,28.918117173126806,0
8834,28.927773493207624,0
8835,29.759066942883408,0
8836,30.796410441586307,0
8837,32.740091744221644,0
8838,30.910401443211224,0
8839,31.442362707882207,0
8840,31.879466126174695,0
8841,31.2765402660059,0
8842,32.878600564632514,0
8843,31.212478697155206,0
8844,34.54748588760383,0
8845,33.715429579235625,0
8846,31.350343739156,0
8847,32.818399276209284,0
8848,31.66376565909354,0
8849,32.377062681713866,0
8850,32.17562754915547,0
8851,31.170460487523545,0
8852,28.453251386128642,0
8853,32.048374295305976,0
8854,30.373977071962866,0
8855,28.771185088882763,0
8856,26.527522832724685,0
8857,27.17133647410446,0
8858,24.610797024071324,0
8859,26.977584649747588,0
8860,25.80653985424739,0
8861,24.85924583898699,0
8862,25.069886493390467,0
8863,26.218690120833728,0
8864,23.435903772860858,0
8865,23.73521777276404,0
8866,22.946484604422206,0
8867,20.617992328158685,0
8868,24.698900954686074,0
8869,23.83225978009391,0
8870,24.11904335892933,0
8871,23.501320534967356,0
8872,25.85470181349823,0
8873,24.61547204766222,0
8874,24.37739752234931,0
8875,26.0947261905159,0
8876,25.671384999994633,0
8877,25.18684375787506,0
8878,26.939177811391666,0
8879,29.398750647528477,0
8880,26.66458768577918,0
8881,28.477887854577485,0
8882,29.18485644014133,0
8883,29.71571972147365,0
8884,31.141918689059093,0
8885,31.83807474919712,0
8886,30.25560395010703,0
8887,32.85862721732443,0
8888,33.869126084628384,0
8889,31.70288506707011,0
8890,31.22538179473121,0
8891,32.8331256972606,0
8892,32.57879725649884,0
8893,32.63927406750595,0
8894,32.3690217405492,0
8895,31.441367877214713,0
8896,33.329034432758306,0
8897,33.11628329285664,0
8898,30.508066672834232,0
8899,31.38967424608947,0
8900,31.144293189994766,0
8901,30.472388509665407,0
8902,28.366984911600866,0
8903,27.517312616202076,0
8904,30.09849522446979,0
8905,25.798425631479954,0
8906,26.027589060388404,0
8907,25.95507628293389,0
8908,25.94196452266294,0
8909,23.825233134879333,0
8910,23.983737278410782,0
8911,25.536820654151136,0
8912,25.16437683389917,0
8913,23.442381979286058,0
8914,22.443663106662406,0
8915,22.270654041633158,0
8916,23.67412684876208,0
8917,21.96707239140702,0
8918,24.04255161017015,0
8919,22.65921990307042,0
8920,22.2870786395037,0
8921,22.762618333507344,0
8922,26.05689746700809,0
8923,24.123083288604565,0
8924,25.314018669088036,0
8925,25.934610455592654,0
8926,25.068697007137374,0
8927,27.39846717849634,0
8928,28.251853029086394,0
8929,29.567067996170707,0
8930,28.540594246182337,0
8931,29.10721083806627,0
8932,30.49857143671074,0
8933,31.46740921732737,0
8934,32.482886137787744,0
8935,30.161444220669335,0
8936,31.44206875394973,0
8937,33.194699536005345,0
8938,33.00899833982282,0
8939,34.93989774776185,0
8940,34.02983470109085,0
8941,31.298425312330387,0
8942,34.598539766886304,0
8943,32.49290040607612,0
8944,32.29691936927792,0
8945,32.11658890321274,0
8946,30.454430347624072,0
8947,32.81481411772547,0
8948,29.635883414260327,0
8949,28.888486533592655,0
8950,29.70491176855047,0
8951,29.14200105464972,0
8952,29.397102033667597,0
8953,26.118530335908936,0
8954,26.998419224831068,0
8955,26.09769073283735,0
8956,24.347112757200115,0
8957,24.013584599801565,0
8958,26.25917572148965,0
8959,22.83795446782591,0
8960,23.86539785970792,0
8961,21.84703850895191,0
8962,23.10188598904808,0
8963,23.973714427437052,0
8964,20.91513784899403,0
8965,22.85639619924074,0
8966,25.163244502353766,0
8967,23.470278699019808,0
8968,24.182959225014176,0
8969,22.626196029280166,0
8970,24.31153288278346,0
8971,24.089314982932343,0
8972,26.443139955385817,0
8973,25.641494673730204,0
8974,26.08318614368774,0
8975,27.28667597131263,0
8976,26.2872243203491,0
8977,28.349804781755818,0
8978,28.572154620326973,0
8979,29.80677272222389,0
8980,30.52259913376286,0
8981,31.088282455466324,0
8982,32.04835168746866,0
8983,32.26209005577729,0
8984,31.062679966407487,0
8985,29.78038396718398,0
8986,33.73411159893621,0
8987,33.685245923917506,0
8988,33.75075343104968,0
8989,32.79702494271918,0
8990,34.12199171637988,0
8991,31.635092015706096,0
8992,31.15441702974928,0
8993,34.95440622132073,0
8994,30.94211942309195,0
8995,31.586965757825737,0
8996,30.966058825837212,0
8997,30.782738171823105,0
8998,29.32356087284117,0
8999,29.42295742678356,0
9000,29.262188832268322,0
9001,26.426701562271216,0
9002,24.277770377547963,0
9003,26.832569561239186,0
9004,23.382919361074258,0
9005,25.56215943445626,0
9006,24.69645347896464,0
9007,25.41887435561297,0
9008,24.114500028266963,0
9009,24.92119947050928,0
9010,23.06656461113599,0
9011,21.37127653777172,0
9012,24.09338847107802,0
9013,23.94671648360737,0
9014,23.46451397843865,0
9015,24.29457152086407,0
9016,23.914444561781682,0
9017,22.860233423552426,0
9018,23.70045970293542,0
9019,25.42538100847101,0
9020,27.881403220889013,0
9021,26.91328077310133,0
9022,23.71795236856493,0
9023,27.030579946248533,0
9024,26.270265199022916,0
9025,27.76891473103655,0
9026,27.53049792503335,0
9027,30.248410588839455,0
9028,30.685040564818234,0
9029,31.08695358964873,0
9030,31.962044740649343,0
9031,31.82932033937162,0
9032,32.68613931953369,0
9033,34.452289888627654,0
9034,32.949464192798196,0
9035,32.19014478359311,0
9036,34.28080816934629,0
9037,32.08701710587852,0
9038,34.93149725735218,0
9039,33.05921101865964,0
9040,33.47531888604011,0
9041,31.731189278020228,0
9042,33.33836104497587,0
9043,30.91715808694908,0
9044,29.826032818334202,0
9045,29.852178038110633,0
9046,29.21859575455836,0
9047,28.884187409234706,0
9048,28.75451472024142,0
9049,28.391215072000897,0
9050,27.30635768879109,0
9051,26.49228714929134,0
9052,25.343100666362165,0
9053,23.676894793711938,0
9054,24.35914826959855,0
9055,25.19642871105615,0
9056,24.117615980929305,0
9057,24.456772964823607,0
9058,23.7789879839,0
9059,24.477387973145124,0
9060,21.760981491874652,0
9061,21.81826509853636,0
9062,20.65916704709612,0
9063,22.07100267923268,0
9064,23.653069392551288,0
9065,22.659012206194905,0
9066,26.653242583573988,0
9067,24.831129500281065,0
9068,24.90997835422677,0
9069,27.043729259592563,0
9070,27.526902866434984,0
9071,28.842228280063782,0
9072,27.94672730880172,0
9073,28.622489485014405,0
9074,30.03171466254271,0
9075,31.41502350009646,0
9076,31.422993214324077,0
9077,31.506771619994723,0
9078,30.748290661365345,0
9079,30.71894143261651,0
9080,33.42646869372751,0
9081,32.30781782415437,0
9082,33.16226634862502,0
9083,31.746464410700774,0
9084,34.55719049017254,0
9085,34.300296058291025,0
9086,33.142186427274886,0
9087,33.725792837564356,0
9088,31.321243235911393,0
9089,30.892033648849303,0
9090,29.905550699004323,0
9091,32.49742807796215,0
9092,30.786363239870987,0
9093,30.346120969099985,0
9094,29.996335159001983,0
9095,28.73252869984562,0
9096,27.16799794591272,0
9097,24.314432424806,0
9098,26.709518849247406,0
9099,26.74563336579217,0
9100,25.426467163848244,0
9101,23.628407112881824,0
9102,23.888678780625813,0
9103,25.07741363263746,0
9104,23.949833782419702,0
9105,22.08496236224531,0
9106,23.351612418487964,0
9107,25.098971858223937,0
9108,22.202010623632255,0
9109,21.599023731252196,0
9110,23.273161869697,0
9111,23.19312130764595,0
9112,25.064445151377647,0
9113,23.281861721026218,0
9114,23.12312219988038,0
9115,25.23342021788826,0
9116,24.420577443982904,0
9117,26.66099352013801,0
9118,25.110275613480653,0
9119,26.68593900371235,0
9120,27.17259864132327,0
9121,28.8516924136042,0
9122,31.243699459200098,0
9123,31.429883964401764,0
9124,28.98599889592824,0
9125,32.995276480002836,0
9126,29.411865990805932,0
9127,33.42065015364392,0
9128,31.422753700405426,0
9129,32.483352503910595,0
9130,33.0996390154106,0
9131,33.052253587420154,0
9132,30.66375662623545,0
9133,34.98495466754651,0
9134,33.73721753731694,0
9135,33.18699147764131,0
9136,30.562434103002182,0
9137,31.74297052918123,0
9138,30.29912140323929,0
9139,31.64211589403097,0
9140,30.076172485426735,0
9141,32.08373900788978,0
9142,28.89780199449191,0
9143,28.93972554410018,0
9144,28.50084903913024,0
9145,26.650903854568504,0
9146,26.902917969737356,0
9147,25.191338243128538,0
9148,25.078803492841462,0
9149,23.300024017657893,0
9150,24.174082905486564,0
9151,23.284996843769274,0
9152,24.57798518234785,0
9153,22.71127375868327,0
9154,22.22778573006367,0
9155,23.175227961171217,0
9156,21.134364292949805,0
9157,22.90212043650686,0
9158,21.093888216227384,0
9159,22.744895789975924,0
9160,23.96710776179387,0
9161,23.36881496971522,0
9162,23.87888318057859,0
9163,25.68110098787507,0
9164,24.88231356759461,0
9165,26.996790859122136,0
9166,27.557523108992736,0
9167,27.795615716662986,0
9168,26.68950338876485,0
9169,29.530847425039678,0
9170,28.04828100774377,0
9171,28.62762791457032,0
9172,29.9089597578708,0
9173,29.74987056008248,0
9174,32.52207397399406,0
9175,30.59631588936155,0
9176,32.24197936299035,0
9177,33.27510591162098,0
9178,33.7358570973636,0
9179,34.00906395557518,0
9180,33.02969375707456,0
9181,34.207252921372685,0
9182,34.51162481102898,0
9183,33.24735523282152,0
9184,33.61179739972977,0
9185,32.52322795193737,0
9186,31.606386797866847,0
9187,31.52630177385264,0
9188,29.592301911318206,0
9189,30.363563026149556,0
9190,27.69436139185034,0
9191,29.591149763132425,0
9192,28.139954539912715,0
9193,28.533910598631376,0
9194,25.802839856506434,0
9195,25.66922619203598,0
9196,24.826937224150956,0
9197,23.802327838822055,0
9198,24.001080166755763,0
9199,24.060187387191164,0
9200,22.034169681513692,0
9201,23.48329409705509,0
9202,21.929362741290763,0
9203,22.58497013724921,0
9204,22.592657752673734,0
9205,23.625692671948165,0
9206,22.61468762859102,0
9207,24.65120827018843,0
9208,21.52755724859301,0
9209,24.587172617080395,0
9210,25.12236568015189,0
9211,25.524112258274283,0
9212,26.62187902888918,0
9213,23.403664490310163,0
9214,27.278175457603183,0
9215,27.725304807625914,0
9216,28.047274409976612,0
9217,28.42959645580789,0
9218,26.99878453328688,0
9219,30.392747914915223,0
9220,32.24131986809203,0
9221,31.109278121641935,0
9222,30.899389996525308,0
9223,30.325627085539487,0
9224,33.60694253512826,0
9225,32.21355865081657,0
9226,32.155224068476365,0
9227,31.795608763617118,0
9228,31.925133741086647,0
9229,32.95571569584269,0
9230,32.1380365438129,0
9231,33.029712671078634,0
9232,31.36726073785599,0
9233,29.840601243700217,0
9234,31.38516126842457,0
9235,32.21791765359678,0
9236,30.98832194015322,0
9237,29.40511005810569,0
9238,28.826174922839787,0
9239,28.635629165176418,0
9240,26.08472089905637,0
9241,25.339562140624924,0
9242,27.40224181834155,0
9243,24.659260170820897,0
9244,25.627763620365833,0
9245,25.057375339036454,0
9246,25.7661210204904,0
9247,24.831960932079557,0
9248,23.016742540074834,0
9249,20.452583174180315,0
9250,22.36156876637642,0
9251,22.746799097472216,0
9252,22.433030151029918,0
9253,24.09006559648466,0
9254,21.716767534091773,0
9255,23.25961845962684,0
9256,25.12291715099279,0
9257,23.202150620323035,0
9258,24.311347144677427,0
9259,24.68604537788497,0
9260,25.808184728808637,0
9261,27.467653522545273,0
9262,25.531498917620254,0
9263,27.757727381557675,0
9264,28.710364124193983,0
9265,28.48938535330314,0
9266,29.393177026140272,0
9267,31.01326260669295,0
9268,33.56493703396512,0
9269,31.702954189489144,0
9270,31.594774506653994,0
9271,31.719060121847566,0
9272,34.92846921698493,0
9273,33.73025099668888,0
9274,31.665578052495498,0
9275,35.42819863662284,0
9276,32.3750873066166,0
9277,33.89321405074126,0
9278,31.759191746595533,0
9279,32.66237023213122,0
9280,30.937510646116294,0
9281,33.05993886673889,0
9282,31.673643641648614,0
9283,30.75410393744874,0
9284,31.686871012590533,0
9285,29.40755737047108,0
9286,29.812208523790012,0
9287,29.34022620015766,0
9288,27.64989337002093,0
9289,28.461382162769514,0
9290,26.261675601873154,0
9291,25.68785984918509,0
9292,24.615700744875415,0
9293,24.723757614628408,0
9294,25.20177063838313,0
9295,23.943434591689073,0
9296,23.93547350375848,0
9297,23.62188772047553,0
9298,23.768495151952383,0
9299,22.651670986300427,0
9300,23.884617471173303,0
9301,24.167697084824358,0
9302,22.04284139046134,0
9303,24.61349133434128,0
9304,23.351725804097164,0
9305,22.481434158432208,0
9306,24.470401981131545,0
9307,25.308598871671492,0
9308,26.101497839983654,0
9309,26.712021000552895,0
9310,26.919005214382548,0
9311,28.910970582293135,0
9312,26.776212189774338,0
9313,28.8808070439081,0
9314,27.217866710095013,0
9315,31.362887593686093,0
9316,32.39766379587132,0
9317,29.70108089539927,0
9318,30.04770881899425,0
9319,32.70342981281562,0
9320,31.08904987693201,0
9321,32.63042745517439,0
9322,34.68288133149783,0
9323,33.52864940644326,0
9324,34.87872352725799,0
9325,32.60911875480734,0
9326,32.74705931689233,0
9327,33.9242926633254,0
9328,30.424853083846692,0
9329,32.80500689476429,0
9330,31.356471184148774,0
9331,32.05759859506649,0
9332,29.441422719986605,0
9333,30.121002991963564,0
9334,26.76568705650512,0
9335,29.609528023511835,0
9336,28.957350046956776,0
9337,26.821580055908136,0
9338,27.29915588576489,0
9339,25.72995460300367,0
9340,25.542680922092032,0
9341,25.85785815193246,0
9342,23.362284682691378,0
9343,23.441927367328024,0
9344,25.16417037220768,0
9345,23.052730231031575,0
9346,22.498260020531077,0
9347,22.914720530677638,0
9348,21.35552244837101,0
9349,22.451404264113286,0
9350,21.418664222903733,0
9351,23.04928202198318,0
9352,24.598631703934625,0
9353,26.92808866662489,0
9354,25.877985285356132,0
9355,23.502846978725053,0
9356,25.79569251386845,0
9357,25.714668671772987,0
9358,27.394265151616,0
9359,27.52404513576939,0
9360,27.548407883955637,0
9361,28.95680720572016,0
9362,28.983359896295358,0
9363,30.413573521265402,0
9364,30.781295770426595,0
9365,31.222376619146143,0
9366,29.286688923013998,0
9367,32.67055591688392,0
9368,31.662459391832247,0
9369,31.450357310362147,0
9370,34.88527741435106,0
9371,34.33598821383197,0
9372,32.41852566868273,0
9373,33.10048405007462,0
9374,33.04058614052639,0
9375,31.408179169762704,0
9376,31.704170066686356,0
9377,31.716805847128303,0
9378,32.78635175099213,0
9379,30.293847315825293,0
9380,30.12688242948492,0
9381,31.225139781205648,0
9382,27.77807388808659,0
9383,30.727563983150873,0
9384,29.931468392629444,0
9385,25.914518894915325,0
9386,27.93555694085146,0
9387,24.850624975401406,0
9388,25.282157490528128,0
9389,25.869351991431827,0
9390,23.50922032519891,0
9391,24.006163344637592,0
9392,23.580691690388836,0
9393,22.0104539475396,0
9394,22.274191484459298,0
9395,22.61510082175184,0
9396,22.366209063786652,0
9397,24.06999347819789,0
9398,25.668203716057082,0
9399,23.44907986809867,0
9400,23.416382518313902,0
9401,22.311038494891754,0
9402,24.600574763112466,0
9403,24.490684820621826,0
9404,23.85638183912225,0
9405,23.86420211200469,0
9406,27.64434059765823,0
9407,26.675510812088806,0
9408,30.78831998473985,0
9409,29.398493827826105,0
9410,29.929467284494464,0
9411,27.724538409665428,0
9412,28.83461425420901,0
9413,31.304330209921194,0
9414,31.31945352996551,0
9415,33.95595186314366,0
9416,30.40341714501565,0
9417,32.26121592119667,0
9418,32.74758159996788,0
9419,32.6752435454063,0
9420,34.055795327651275,0
9421,34.54058135941862,0
9422,34.07500553557733,0
9423,31.591582663152344,0
9424,29.618937151987712,0
9425,32.7129260561716,0
9426,30.379484638443532,0
9427,31.769535544527038,0
9428,30.10517679735071,0
9429,29.89867770149596,0
9430,30.48728316320512,0
9431,29.839555114758053,0
9432,27.07212524503494,0
9433,25.676179376976616,0
9434,27.840807803040526,0
9435,25.00382233500634,0
9436,25.63225872611101,0
9437,23.37116983308212,0
9438,24.25129322800968,0
9439,23.38129322918348,0
9440,24.194457394804715,0
9441,24.707029324372563,0
9442,23.445140037654202,0
9443,22.90073388055237,0
9444,23.058413170933363,0
9445,21.737127940538215,0
9446,22.42096885289317,0
9447,24.848648691411718,0
9448,23.017804932290577,0
9449,22.700364826151464,0
9450,24.11298482794515,0
9451,24.38126615575632,0
9452,25.01586108168987,0
9453,26.54901548599016,0
9454,26.06781585612493,0
9455,27.214911808562203,0
9456,27.059672377175254,0
9457,29.62915352680746,0
9458,29.52241295393634,0
9459,32.061356110181656,0
9460,30.825503795236447,0
9461,29.751092322009935,0
9462,29.9284894946521,0
9463,31.337622477232618,0
9464,32.472636380127824,0
9465,32.51921904222249,0
9466,32.41817840019808,0
9467,33.30099374489949,0
9468,33.42010105322195,0
9469,33.85838301255254,0
9470,34.64036042947804,0
9471,31.180274039601798,0
9472,31.54804930807394,0
9473,32.357736575000004,0
9474,30.979701987976195,0
9475,29.49254169082731,0
9476,31.620907245567377,0
9477,28.9777656222184,0
9478,27.702201480347387,0
9479,29.0973347081606,0
9480,29.6215589460747,0
9481,27.229759595023392,0
9482,24.00703960976711,0
9483,26.38103777334608,0
9484,26.82869455735334,0
9485,27.427328011106262,0
9486,26.705077650019227,0
9487,25.53352766179696,0
9488,23.267720634275356,0
9489,23.406796415297357,0
9490,23.550055503927837,0
9491,22.914654379864633,0
9492,23.183367934983096,0
9493,23.60755820504068,0
9494,22.954537211637863,0
9495,22.791518758045104,0
9496,23.71682626307887,0
9497,24.147175147513032,0
9498,23.574695083817232,0
9499,24.00411735433553,0
9500,25.5431747271823,0
9501,24.85907828159464,0
9502,27.993758327753152,0
9503,27.828046494204457,0
9504,29.729581595662225,0
9505,27.894273860380306,0
9506,29.08255360319137,0
9507,28.333458377589555,0
9508,29.74504716408116,0
9509,31.42743095721873,0
9510,32.10423882765929,0
9511,30.36309289805865,0
9512,31.221645026318676,0
9513,32.45756347597335,0
9514,32.40669951427819,0
9515,33.418563490786376,0
9516,32.20019257526624,0
9517,32.76964103382038,0
9518,31.258018405566048,0
9519,34.06759043977561,0
9520,32.64382275465118,0
9521,32.467560193150305,0
9522,32.231242257826764,0
9523,31.33148311856823,0
9524,31.3184399949653,0
9525,31.19265612241913,0
9526,29.906202401714566,0
9527,29.886926345254153,0
9528,29.717269782161015,0
9529,27.05159260436509,0
9530,28.307715321618428,0
9531,24.612339847816674,0
9532,25.73401939330334,0
9533,25.42616450343968,0
9534,25.597209339055087,0
9535,24.190200275870282,0
9536,23.762384158547295,0
9537,23.09585047531512,0
9538,23.655702654096682,0
9539,23.955577960021987,0
9540,22.67008923128248,0
9541,24.820781592695212,0
9542,23.092588875341946,0
9543,24.36717650408601,0
9544,23.897945800026562,0
9545,23.375026916895255,0
9546,23.31915324802221,0
9547,24.648050245300862,0
9548,24.22705453279651,0
9549,25.983762281753556,0
9550,26.87565202634154,0
9551,27.685647536722453,0
9552,27.562018681879447,0
9553,27.351921244500733,0
9554,29.274784197586513,0
9555,30.353372170227026,0
9556,31.19008150898538,0
9557,31.41367826792278,0
9558,30.278343866527496,0
9559,31.382043656150962,0
9560,32.61440201866353,0
9561,32.67846659978366,0
9562,32.32290361964307,0
9563,32.50544067478561,0
9564,32.63486383553398,0
9565,33.96889266104684,0
9566,31.69510429726561,0
9567,34.71265290050154,0
9568,32.49281436836738,0
9569,33.19012875231686,0
9570,31.98390398907989,0
9571,32.908386467224176,0
9572,30.70877276634056,0
9573,26.74335481876247,0
9574,28.619502286145586,0
9575,30.419689820132326,0
9576,27.01343642862872,0
9577,26.221739376904672,0
9578,24.41412083854506,0
9579,26.680198732914235,0
9580,27.676467242650073,0
9581,24.281610576900416,0
9582,23.05266109570795,0
9583,25.02636444169949,0
9584,23.85068942805999,0
9585,22.412192655105056,0
9586,21.996016231616554,0
9587,23.695861987693476,0
9588,22.686361450675108,0
9589,21.9621976169695,0
9590,21.945302469210294,0
9591,22.730540982828803,0
9592,21.34817297463574,0
9593,25.084071519511355,0
9594,24.364263650071205,0
9595,25.57953899289146,0
9596,25.684311828210088,0
9597,25.7367310035564,0
9598,27.669965281008164,0
9599,25.8261708411133,0
9600,26.125583444162814,0
9601,28.11742121099116,0
9602,28.469045806542532,0
9603,32.571172278730465,0
9604,30.06075348889148,0
9605,30.98479797001376,0
9606,31.420149177392204,0
9607,33.066903437769696,0
9608,32.177834958124684,0
9609,33.413390691626105,0
9610,32.93540077769642,0
9611,33.604435400534406,0
9612,33.16004632533206,0
9613,32.64414345721975,0
9614,33.10775480140248,0
9615,33.73579332413797,0
9616,32.78139011399578,0
9617,31.156314493070955,0
9618,32.327619075978276,0
9619,30.192458041242,0
9620,29.928176935118955,0
9621,30.011862924425696,0
9622,29.712453983906766,0
9623,29.327729756002935,0
9624,28.625183804925452,0
9625,26.44231951333657,0
9626,27.52590374079753,0
9627,25.973009851294385,0
9628,24.323523151408548,0
9629,25.76941549318594,0
9630,24.772231949721725,0
9631,24.58910424383104,0
9632,23.251466163210566,0
9633,24.662609362743236,0
9634,24.003074212825094,0
9635,25.64018400713595,0
9636,25.07879139685282,0
9637,23.012872521843228,0
9638,23.217466991396964,0
9639,24.231606338478848,0
9640,23.300303285132703,0
9641,23.45843374389337,0
9642,24.232000891406912,0
9643,24.172079390038608,0
9644,25.48924050292386,0
9645,29.05342472324182,0
9646,28.509757122315364,0
9647,27.18844321712199,0
9648,29.44120957482501,0
9649,29.24051036658557,0
9650,29.910457273973723,0
9651,29.685471798527033,0
9652,31.323038760324593,0
9653,31.642831917485864,0
9654,31.052394294398145,0
9655,33.05494530533875,0
9656,31.749705792714632,0
9657,31.120011359492292,0
9658,31.838184459797674,0
9659,33.75835906888553,0
9660,32.118571409695704,0
9661,32.29510925666072,0
9662,32.56737672067195,0
9663,29.866046025466453,0
9664,32.843587023162556,0
9665,32.02209089175424,0
9666,32.095184060231624,0
9667,31.535019726257378,0
9668,29.52564848726558,0
9669,29.833243123711433,0
9670,29.12098438116961,0
9671,28.679654823609077,0
9672,26.225406921190622,0
9673,28.20474732631742,0
9674,26.11286361536384,0
9675,26.909051035580656,0
9676,22.588356617939795,0
9677,23.55804999051959,0
9678,24.121084984244916,0
9679,24.27114467365129,0
9680,24.234878787688046,0
9681,24.367900081266107,0
9682,22.297077547112313,0
9683,23.278182371772637,0
9684,22.601286114962836,0
9685,21.755756550650336,0
9686,21.391994018196325,0
9687,22.23695575417611,0
9688,23.679706926791287,0
9689,23.82800388494473,0
9690,25.873997222636763,0
9691,24.598498028573175,0
9692,25.682940225676727,0
9693,24.73877687672092,0
9694,26.153022482603145,0
9695,28.975639076606953,0
9696,28.427937619753997,0
9697,28.923068803301035,0
9698,29.63823287639976,0
9699,27.810480321440636,0
9700,31.56434439818341,0
9701,31.820619219404023,0
9702,31.479139855864037,0
9703,32.27682964771138,0
9704,32.62012192533496,0
9705,32.3743306429671,0
9706,33.83587431874734,0
9707,32.196029022379264,0
9708,32.80623863379249,0
9709,33.19079837587973,0
9710,33.136061311564966,0
9711,32.68528513761296,0
9712,31.371098072783578,0
9713,31.518006895237317,0
9714,32.12262303490808,0
9715,30.855503973310636,0
9716,31.0351483967213,0
9717,29.158958815829347,0
9718,29.242533166180955,0
9719,28.80856865488388,0
9720,27.92970626515255,0
9721,28.433879459798256,0
9722,26.322210309994652,0
9723,26.320602214971174,0
9724,25.31048809212746,0
9725,24.981894129103626,0
9726,23.655039654329364,0
9727,24.40518414312715,0
9728,22.371374190199933,0
9729,23.124792143512295,0
9730,23.723782096075922,0
9731,22.92450457713456,0
9732,23.50743151677295,0
9733,22.888595104087358,0
9734,22.66594556583825,0
9735,23.653973397055182,0
9736,23.647848553493503,0
9737,23.403226152119828,0
9738,23.187608912634783,0
9739,23.99993555905524,0
9740,25.195323348135556,0
9741,26.721224884152186,0
9742,25.00411041055768,0
9743,27.356533956037957,0
9744,29.425009126359196,0
9745,27.430131436860506,0
9746,28.632060975667237,0
9747,29.42560154265892,0
9748,29.94710747844885,0
9749,31.004682944820836,0
9750,30.757109922896095,0
9751,32.45245150556212,0
9752,30.435310157973618,0
9753,33.55279900746799,0
9754,33.133251455323524,0
9755,34.61768657057661,0
9756,31.993208012658837,0
9757,32.7980036541864,0
9758,34.21758793872889,0
9759,35.389603126283006,0
9760,34.38907418094771,0
9761,31.497832200666497,0
9762,31.756828090315466,0
9763,30.405927203536297,0
9764,28.88029264802069,0
9765,28.970387433374015,0
9766,29.623532574703628,0
9767,27.368389203595946,0
9768,27.64688557690558,0
9769,27.271478082086325,0
9770,26.196857988949663,0
9771,26.723609407239483,0
9772,22.886599140732795,0
9773,24.92532071343092,0
9774,24.925360728146863,0
9775,24.78285403738372,0
9776,23.49543906736095,0
9777,23.080915142141198,0
9778,23.097031633227058,0
9779,22.27170810672656,0
9780,22.951175243142696,0
9781,23.34439345447258,0
9782,22.559809683706174,0
9783,24.912792922185258,0
9784,23.660640184442276,0
9785,25.003635344875825,0
9786,22.61731513300997,0
9787,24.74845713230058,0
9788,27.2249443519697,0
9789,25.87770351225095,0
9790,26.66492624433326,0
9791,28.823339515682004,0
9792,27.761124809446986,0
9793,28.28580526797126,0
9794,29.528582740861662,0
9795,29.12238024171347,0
9796,30.15919530330991,0
9797,30.511677071982316,0
9798,30.49940927697361,0
9799,33.053285183695074,0
9800,32.09906352659899,0
9801,33.04555975438712,0
9802,33.29676746129455,0
9803,34.03600181043632,0
9804,34.07967898446625,0
9805,32.71725680818157,0
9806,32.47186912016761,0
9807,33.042521974929954,0
9808,31.379668236251774,0
9809,32.83040437036902,0
9810,32.280607125186485,0
9811,29.613378126087447,0
9812,33.470042686968156,0
9813,30.05699156253673,0
9814,30.573688617967495,0
9815,27.07343384709661,0
9816,28.411180465811604,0
9817,28.02064905277686,0
9818,28.44885826734712,0
9819,25.584774232681276,0
9820,27.125930525276015,0
9821,24.25870083545488,0
9822,24.27273021766367,0
9823,25.510893665416344,0
9824,23.2097312304382,0
9825,21.812236500676935,0
9826,22.626723060827786,0
9827,22.90132379386143,0
9828,23.819992136930093,0
9829,24.265348176024727,0
9830,23.46625354355409,0
9831,25.42629602984004,0
9832,22.24505916568126,0
9833,23.45528556256592,0
9834,25.016021319830077,0
9835,24.80928883926198,0
9836,24.198793969773927,0
9837,26.463567605625432,0
9838,27.247438434037512,0
9839,27.10616670020977,0
9840,27.74433283898733,0
9841,28.331842295329547,0
9842,27.790598346635566,0
9843,30.497468301661392,0
9844,29.9764202768662,0
9845,31.624945260825868,0
9846,32.55473195413916,0
9847,31.449395077146896,0
9848,32.32254317937734,0
9849,34.03619481167729,0
9850,33.12899786391183,0
9851,32.59397884269352,0
9852,31.59394529643717,0
9853,31.230261530093692,0
9854,33.57765717381634,0
9855,31.381647449934395,0
9856,32.372775291331855,0
9857,33.20268095619874,0
9858,32.545515616155605,0
9859,30.23324737447837,0
9860,32.07690270403629,0
9861,27.438126805810477,0
9862,29.27840506599751,0
9863,28.879457301109937,0
9864,28.221571744469387,0
9865,27.826980595552357,0
9866,26.97770585029929,0
9867,26.020677549766127,0
9868,25.273312333217547,0
9869,24.34613195972381,0
9870,23.90822742838994,0
9871,25.35357170393812,0
9872,24.85106100184955,0
9873,22.483981381196244,0
9874,23.037536665125018,0
9875,20.847709741490544,0
9876,22.482255011037964,0
9877,22.776238353230028,0
9878,22.626384297115415,0
9879,24.12973392553669,0
9880,23.97989331566641,0
9881,23.644942776373565,0
9882,23.52074582601817,0
9883,24.704300169513633,0
9884,27.677510337078704,0
9885,24.465614841164,0
9886,26.3719977385676,0
9887,28.41131036671798,0
9888,27.776634727142465,0
9889,27.91068721478051,0
9890,28.59742832781514,0
9891,30.56743655681395,0
9892,31.87082644075797,0
9893,28.272094464758652,0
9894,31.90982444805972,0
9895,31.651394473354515,0
9896,33.65741171887062,0
9897,33.35994020677986,0
9898,33.78277058476042,0
9899,33.44747914471172,0
9900,32.9295365966832,0
9901,31.921748382810936,0
9902,32.5303874292768,0
9903,32.8958757358872,0
9904,34.12630159874751,0
9905,32.16750069471396,0
9906,30.40826612205397,0
9907,31.33666959429333,0
9908,31.40042739005628,0
9909,31.418978527053376,0
9910,30.508320449922326,0
9911,28.379503742879805,0
9912,27.77411853737835,0
9913,25.083526464795,0
9914,26.21934255222873,0
9915,24.20555390804504,0
9916,25.328432442503868,0
9917,26.210216830054534,0
9918,24.838527379034797,0
9919,22.40422647746111,0
9920,24.4411998851748,0
9921,23.890889900363593,0
9922,21.586122283135165,0
9923,22.187813628882573,0
9924,23.790027654828222,0
9925,23.190130143640623,0
9926,23.58502177380949,0
9927,21.652588435781016,0
9928,23.692862688245448,0
9929,24.830405123136643,0
9930,23.72268685092167,0
9931,24.782519696324695,0
9932,25.102133313988546,0
9933,25.93297622252965,0
9934,26.883732316863444,0
9935,25.962366560569002,0
9936,28.187896779198066,0
9937,28.2641700005479,0
9938,31.280772749455814,0
9939,29.749335678506295,0
9940,30.59745191022296,0
9941,30.374888655257493,0
9942,31.33890282320668,0
9943,30.863783007945813,0
9944,31.895316433967018,0
9945,31.963102095604313,0
9946,30.94928222783146,0
9947,31.591995463038224,0
9948,32.55106452775358,0
9949,33.42799635905233,0
9950,31.905532695506075,0
9951,31.89654597951797,0
9952,31.528042183409895,0
9953,30.583448570188803,0
9954,31.24724571326229,0
9955,32.33290550509709,0
9956,30.097023865413433,0
9957,29.05308589519836,0
9958,29.53839313268509,0
9959,29.774409216776334,0
9960,29.14198678286344,0
9961,27.585259131411014,0
9962,27.85020715817056,0
9963,24.797255078314777,0
9964,24.626135107433697,0
9965,24.511669566818757,0
9966,25.372746777876625,0
9967,21.914092908994,0
9968,23.704023151254592,0
9969,22.900440635998628,0
9970,24.57800045809262,0
9971,22.255587044448664,0
9972,23.74754693155461,0
9973,23.23833319849776,0
9974,23.752663398455425,0
9975,24.446348510427185,0
9976,24.281562800628468,0
9977,24.174597409888946,0
9978,24.36070882595878,0
9979,24.085893569692203,0
9980,24.605419964477804,0
9981,26.61529651712874,0
9982,25.351355169253747,0
9983,26.930642485842146,0
9984,25.78786057931655,0
9985,28.795964532770256,0
9986,29.87696729082746,0
9987,29.712872201467793,0
9988,29.582404909989847,0
9989,30.83491724997703,0
9990,31.901965558968794,0
9991,30.324511436659385,0
9992,32.89884411516311,0
9993,31.608650319579866,0
9994,33.96569619306654,0
9995,33.11441724488751,0
9996,32.936308866902436,0
9997,32.74825518735681,0
9998,31.784792158448916,0
9999,32.79516616032304,0
10000,31.34014466545368,0
10001,32.4094727005363,0
10002,31.142969212460127,0
10003,30.179474641518055,0
10004,29.680801882996615,0
10005,30.408238455853308,0
10006,31.13321028793515,0
10007,26.92301983169743,0
10008,29.01306130319803,0
10009,27.780685793316504,0
10010,24.585957762964384,0
10011,25.758749784975585,0
10012,24.081067040721695,0
10013,23.99468639474825,0
10014,24.10496835655866,0
10015,24.97183447554618,0
10016,22.444678050626703,0
10017,25.17930669490933,0
10018,23.231943477742995,0
10019,23.63022851178671,0
10020,23.332724704572275,0
10021,21.623094587322846,0
10022,22.358029403966682,0
10023,23.31874610698846,0
10024,24.332002035992854,0
10025,22.20499301928095,0
10026,23.939649288210365,0
10027,26.059842158169978,0
10028,25.122415454610987,0
10029,27.962947120456796,0
10030,24.286469631811798,0
10031,25.64496755034088,0
10032,26.3058587243844,0
10033,30.44008322894481,0
10034,28.86673364988093,0
10035,31.311833115146513,0
10036,31.310577912173333,0
10037,30.152164800256667,0
10038,30.096178187694992,0
10039,32.08367604440802,0
10040,34.73006107692702,0
10041,32.1775290612588,0
10042,34.47025119403131,0
10043,31.463501975837257,0
10044,34.28420602119604,0
10045,31.997663255530046,0
10046,32.01723697362893,0
10047,32.675570080679655,0
10048,32.92188798929398,0
10049,31.330104051455084,0
10050,32.33078330184977,0
10051,31.26165707777616,0
10052,29.034081704009793,0
10053,29.87315591100985,0
10054,29.484417033381632,0
10055,28.80944757883654,0
10056,26.981969135758952,0
10057,28.973788117634342,0
10058,27.06233305152977,0
10059,26.80705788718391,0
10060,25.938864411053547,0
10061,24.668560923670587,0
10062,23.166764737131246,0
10063,25.23742734125927,0
10064,23.1920591140445,0
10065,23.967660876977657,0
10066,23.974580448618614,0
10067,23.083554747358328,0
10068,22.675194878081516,0
10069,22.887145265310362,0
10070,22.09571535773589,0
10071,24.499729438841094,0
10072,23.49091022737308,0
10073,24.73429625391776,0
10074,26.597671550905773,0
10075,24.336836041356264,0
10076,26.815486143373107,0
10077,26.047523108177057,0
10078,27.509525148507045,0
10079,25.909387926222227,0
10080,28.99272482403876,0
10081,26.705092829922346,0
10082,28.51471211975003,0
10083,29.92153786621935,0
10084,32.248112186871175,0
10085,31.975673013366567,0
10086,29.942316477093474,0
10087,33.47196390920337,0
10088,33.95652618244587,0
10089,31.05272257365697,0
10090,30.403778248758066,0
10091,32.71801307817429,0
10092,32.60328974256476,0
10093,32.8938240235068,0
10094,32.51951915372462,0
10095,32.169345768803396,0
10096,31.059348064849782,0
10097,31.480274381078733,0
10098,31.368312933416757,0
10099,29.208282940538524,0
10100,31.432934180616662,0
10101,31.683808602432048,0
10102,30.50845253045506,0
10103,28.002353168740616,0
10104,28.021921144209,0
10105,26.809898064778636,0
10106,26.179503897994707,0
10107,27.015944709014686,0
10108,23.514600735127807,0
10109,24.880131051216306,0
10110,26.99998064511857,0
10111,24.10246765498202,0
10112,25.289425420880285,0
10113,24.608749067369985,0
10114,22.929412905952347,0
10115,22.69416247851212,0
10116,24.561205313989934,0
10117,24.2595356501795,0
10118,24.042218418323245,0
10119,22.373425945667723,0
10120,23.568140044051624,0
10121,23.93557700906594,0
10122,24.222362288113118,0
10123,25.125686486941714,0
10124,25.134392276838412,0
10125,26.888076572856132,0
10126,24.46513105155078,0
10127,25.76824003455601,0
10128,28.517477693540567,0
10129,28.46092130508719,0
10130,28.299906027635945,0
10131,29.438164752509188,0
10132,29.132062603587418,0
10133,31.99237198565327,0
10134,31.764233392379264,0
10135,32.51003621911068,0
10136,34.200133858357496,0
10137,31.96829895456809,0
10138,33.64177704915346,0
10139,32.754894431714575,0
10140,33.41243924957022,0
10141,33.70879642787472,0
10142,32.79772258735508,0
10143,34.70309447768449,0
10144,32.61732844434441,0
10145,30.39632999426004,0
10146,31.49232002066523,0
10147,29.821420939467423,0
10148,29.573773187336446,0
10149,28.11561443123294,0
10150,29.804187217142832,0
10151,26.367170481839636,0
10152,27.387933738180074,0
10153,28.225453464673638,0
10154,26.311081436560528,0
10155,24.769279153642564,0
10156,25.59115698811943,0
10157,24.164022405018372,0
10158,23.366174134312168,0
10159,24.616293690524113,0
10160,24.331563310228784,0
10161,24.63815591181598,0
10162,24.03906493405631,0
10163,22.99105895906113,0
10164,23.819247642809277,0
10165,22.78402389065965,0
10166,23.084761187327423,0
10167,24.553560244651393,0
10168,23.069027778242663,0
10169,22.46499781660207,0
10170,24.10738377181008,0
10171,26.824597836120176,0
10172,25.68169199438716,0
10173,26.173984722478956,0
10174,27.321050703307122,0
10175,25.831416955083498,0
10176,27.02877188483807,0
10177,29.134340754993524,0
10178,28.706345350539838,0
10179,28.466177377209924,0
10180,29.089124432536426,0
10181,31.33044575274672,0
10182,30.554727168608533,0
10183,31.763950695576508,0
10184,31.08731294535005,0
10185,32.05401790629562,0
10186,31.05340279930136,0
10187,32.46325094987169,0
10188,33.867951920817966,0
10189,32.696341208786734,0
10190,32.80839606937391,0
10191,31.426531462821426,0
10192,32.69253736433519,0
10193,31.135457562778225,0
10194,31.1467147195308,0
10195,30.33185283742581,0
10196,31.287470472433437,0
10197,31.275632677331828,0
10198,28.67050303490015,0
10199,29.60982268294869,0
10200,28.11519885651246,0
10201,28.759789141192794,0
10202,26.00078347795973,0
10203,25.12340183341418,0
10204,26.059943168739956,0
10205,23.017243767376094,0
10206,25.43996336697227,0
10207,25.04898987947962,0
10208,23.75462460454127,0
10209,22.90643215460971,0
10210,21.797986146461845,0
10211,22.649609778365974,0
10212,23.706249338463145,0
10213,23.749353607785757,0
10214,24.12317173822728,0
10215,22.792755556769187,0
10216,25.045287345352364,0
10217,23.67643247456262,0
10218,25.284446514065174,0
10219,24.8088654035783,0
10220,25.698391415988965,0
10221,26.44800048751249,0
10222,26.994189803789382,0
10223,27.446924974295978,0
10224,27.871374802735357,0
10225,28.60778380177025,0
10226,28.932161442627045,0
10227,29.482865940801695,0
10228,32.41144988936766,0
10229,29.57415585410098,0
10230,31.926952479506607,0
10231,31.139699376350094,0
10232,32.10347071366738,0
10233,33.561039952474616,0
10234,32.071448363025084,0
10235,33.12797728820187,0
10236,32.963311628200934,0
10237,34.51884071880656,0
10238,33.66213989065426,0
10239,33.58696198066807,0
10240,31.855324478395488,0
10241,32.90695434320667,0
10242,33.94185297130543,0
10243,30.23878135006125,0
10244,30.442988570717148,0
10245,30.360636938759832,0
10246,30.096736128552408,0
10247,29.27613957834065,0
10248,28.106258535316744,0
10249,26.303099512494477,0
10250,26.28048373980114,0
10251,26.080940884007862,0
10252,24.513087149777117,0
10253,26.02965431079638,0
10254,23.945963281375466,0
10255,25.278376447936466,0
10256,22.18986578122856,0
10257,23.538194540207165,0
10258,22.02676323426035,0
10259,21.783523870947914,0
10260,23.27480090050007,0
10261,24.257187899633742,0
10262,22.482137214585862,0
10263,24.219781676909474,0
10264,23.437044372484515,0
10265,23.98432026846657,0
10266,24.268857516807177,0
10267,25.253195767146654,0
10268,26.190974730829712,0
10269,25.862693053886062,0
10270,26.881196573657004,0
10271,27.567417186747917,0
10272,28.84623617691752,0
10273,29.194015347608833,0
10274,28.794635607974502,0
10275,30.707432301538685,0
10276,30.780390573361114,0
10277,31.24585269830037,0
10278,30.487661562900563,0
10279,31.513157758786683,0
10280,32.201973296938625,0
10281,32.438482815749985,0
10282,31.713162186516488,0
10283,34.312733035758136,0
10284,32.10637525507779,0
10285,33.78671165671972,0
10286,32.702533369406446,0
10287,31.04655839163874,0
10288,33.90376106886337,0
10289,32.923979544841075,0
10290,31.138169229071373,0
10291,32.32146414407163,0
10292,30.91955142361563,0
10293,29.304474322424102,0
10294,29.58311776251986,0
10295,29.714252198762814,0
10296,27.98597114317527,0
10297,28.157664797161463,0
10298,26.55996502279284,0
10299,25.572010367236665,0
10300,24.200400315357463,0
10301,25.34820405370481,0
10302,26.135456308588747,0
10303,23.770594704598516,0
10304,22.503482515234374,0
10305,23.094123927136017,0
10306,23.38352010443213,0
10307,24.36462642570617,0
10308,22.8856820821048,0
10309,23.461146149477333,0
10310,23.159067925430318,0
10311,22.56645760001794,0
10312,23.344808198668716,0
10313,23.599189265965194,0
10314,23.673296405212895,0
10315,24.651733351920655,0
10316,25.414674530887897,0
10317,24.546473578330918,0
10318,28.67791880163161,0
10319,28.787198849050355,0
10320,28.16967382612984,0
10321,27.794158233694098,0
10322,28.36558858193485,0
10323,29.279768644199223,0
10324,29.60030231475629,0
10325,31.53206142603583,0
10326,28.702076885311598,0
10327,31.007836192716745,0
10328,30.774108811083604,0
10329,32.408067424845,0
10330,31.762050546909396,0
10331,33.36876102031044,0
10332,31.30743879163085,0
10333,33.97810511827983,0
10334,32.934033369129644,0
10335,34.662647400448485,0
10336,32.63852154170487,0
10337,32.631075916426795,0
10338,31.899732575471365,0
10339,28.174609959479255,0
10340,30.978781259436115,0
10341,28.761878577892002,0
10342,27.82824979630871,0
10343,30.354878842494074,0
10344,28.811388012900686,0
10345,27.174876382795656,0
10346,27.897810547561225,0
10347,24.956340053105865,0
10348,26.46810974171125,0
10349,25.156715991717142,0
10350,23.89613493001473,0
10351,25.300220899038035,0
10352,23.922311592411667,0
10353,21.93294244537266,0
10354,21.234617687475396,0
10355,21.059649315503307,0
10356,21.729447207788827,0
10357,24.41109127582789,0
10358,22.507061772021903,0
10359,23.56597272602226,0
10360,23.048105639474844,0
10361,23.965276181442118,0
10362,24.66930188474792,0
10363,26.344159630487844,0
10364,27.640226277171777,0
10365,25.08486495054966,0
10366,25.76373150524206,0
10367,27.299732012558923,0
10368,29.481509790619867,0
10369,27.69362089441155,0
10370,29.961516791196313,0
10371,29.770754968402724,0
10372,30.334664876891797,0
10373,30.41053017300408,0
10374,32.91021478914656,0
10375,31.161976053634994,0
10376,31.35136739177835,0
10377,30.251545786125053,0
10378,33.218888304298154,0
10379,30.81098036612133,0
10380,30.441941929937713,0
10381,32.79674486406703,0
10382,33.35701632508143,0
10383,34.86286001949246,0
10384,31.47252244367824,0
10385,30.48280713265748,0
10386,32.20508202691359,0
10387,30.17381956663614,0
10388,29.30503158913352,0
10389,28.817018031292484,0
10390,27.113861496484695,0
10391,30.264572946744313,0
10392,28.43879415092061,0
10393,26.2828433857451,0
10394,27.428396845499734,0
10395,26.302457504277218,0
10396,25.772420829122495,0
10397,25.29243722452648,0
10398,24.075993756903635,0
10399,23.334616994403564,0
10400,24.570109307292373,0
10401,25.99958620322718,0
10402,23.72137271710032,0
10403,23.10806569789907,0
10404,24.3899274231102,0
10405,23.87764735532119,0
10406,23.356421834748858,0
10407,25.73994540891091,0
10408,23.530764952521377,0
10409,23.550331505101006,0
10410,23.361448176832234,0
10411,25.848261365668655,0
10412,25.16231645247696,0
10413,26.542738030470524,0
10414,28.11769374173967,0
10415,24.968809699391937,0
10416,26.41577550753134,0
10417,28.3881582073611,0
10418,27.971848874198834,0
10419,28.62462372658718,0
10420,30.30994049200831,0
10421,30.237325119075276,0
10422,33.00179113023636,0
10423,33.519946073914696,0
10424,32.48954880968953,0
10425,32.420250083255766,0
10426,32.04488334447782,0
10427,33.072387330331985,0
10428,31.958810451163338,0
10429,32.734222126788524,0
10430,33.56454320247247,0
10431,32.076628138155584,0
10432,32.44187537308181,0
10433,31.47456981228114,0
10434,31.257880755759658,0
10435,31.824888690135566,0
10436,31.058070775973075,0
10437,30.252371697585765,0
10438,28.52347296790674,0
10439,29.297698928632983,0
10440,25.56789081806467,0
10441,27.618973479724293,0
10442,26.51565452350503,0
10443,26.22482011447563,0
10444,26.344605278888196,0
10445,25.376508490850384,0
10446,24.281392698615804,0
10447,23.2500932042633,0
10448,23.56237744469472,0
10449,23.64809221633281,0
10450,24.529326002921124,0
10451,22.74951592818912,0
10452,21.267034801472235,0
10453,21.57063927578558,0
10454,24.15329571058108,0
10455,22.322136643936773,0
10456,23.27872159936545,0
10457,24.628969329395538,0
10458,23.4039859999361,0
10459,26.18097235632315,0
10460,26.500138402725696,0
10461,27.51961514756144,0
10462,27.31551598399895,0
10463,28.656153516771635,0
10464,28.35286162167793,0
10465,27.976459323455128,0
10466,29.434951055820445,0
10467,31.432697904920442,0
10468,31.190337893834474,0
10469,29.76824771858481,0
10470,31.811838753367184,0
10471,32.52897011667056,0
10472,31.078335541762517,0
10473,30.574206474801983,0
10474,33.227932362710895,0
10475,34.19511885964184,0
10476,33.07963134955024,0
10477,31.266461773428876,0
10478,32.168221551963995,0
10479,31.556469250495766,0
10480,32.918592334826734,0
10481,31.216789251023183,0
10482,32.5310758273264,0
10483,30.551343173765698,0
10484,31.600937736202265,0
10485,30.72714034549912,0
10486,28.76500955944396,0
10487,31.399522465457643,0
10488,27.966319459039422,0
10489,26.148889755161417,0
10490,27.395099844974883,0
10491,23.866335137900215,0
10492,26.42779311263493,0
10493,25.372958768296694,0
10494,25.471686005781088,0
10495,24.548199553229015,0
10496,22.44534694035035,0
10497,22.103262322756624,0
10498,23.943081365765877,0
10499,23.21238723674457,0
10500,23.383021032618526,0
10501,23.36832312377297,0
10502,21.860149264797105,0
10503,22.282981614751037,0
10504,25.502174666466658,0
10505,24.731664194422024,0
10506,23.142106212312353,0
10507,25.450913917677898,0
10508,24.857691387265874,0
10509,23.781835511932076,0
10510,26.167040393681106,0
10511,28.189579060180094,0
10512,28.665589976058648,0
10513,27.147206006348043,0
10514,28.785593791105818,0
10515,29.998375035372984,0
10516,30.48255761221571,0
10517,30.297885105006237,0
10518,30.54600458585728,0
10519,31.074005949911065,0
10520,32.478853519061616,0
10521,33.45848488700938,0
10522,32.72712812972647,0
10523,32.4588953921049,0
10524,32.66566767661368,0
10525,34.60282632648931,0
10526,32.77897647609717,0
10527,32.89334006413389,0
10528,31.3511450424917,0
10529,32.15800898215334,0
10530,29.803278459463307,0
10531,28.91350130558858,0
10532,30.49993817808776,0
10533,30.16509637792028,0
10534,29.226107419904043,0
10535,30.034100690365847,0
10536,29.069307141864197,0
10537,27.211398069797163,0
10538,25.759744186914066,0
10539,25.18067344212079,0
10540,25.773833479107548,0
10541,24.225570055590474,0
10542,22.44759054490057,0
10543,24.988015521905208,0
10544,25.758316778258695,0
10545,23.274608946961166,0
10546,24.527664527281036,0
10547,25.59373563075156,0
10548,23.013624413660647,0
10549,23.197396478450248,0
10550,25.01488428238724,0
10551,23.429845099518985,0
10552,24.71236437405689,0
10553,22.5824964277135,0
10554,24.471624257421357,0
10555,24.374157925971275,0
10556,25.601932568759914,0
10557,25.62137060607248,0
10558,25.128474911303922,0
10559,27.18868447656974,0
10560,25.539547410458134,0
10561,29.971832015795307,0
10562,30.503639469883485,0
10563,29.948087484098988,0
10564,28.88671188869451,0
10565,30.05501374269956,0
10566,33.60965841255957,0
10567,32.84998805530899,0
10568,32.127433308984095,0
10569,32.58533962068614,0
10570,33.677594251890305,0
10571,33.053841579309726,0
10572,34.174037030051274,0
10573,32.16895982293325,0
10574,33.30314714655729,0
10575,32.79753886999472,0
10576,30.88650037032569,0
10577,32.16377950695764,0
10578,31.044654966973688,0
10579,30.577928919053043,0
10580,29.447830460764575,0
10581,30.78055672487153,0
10582,29.737686485846126,0
10583,28.98829742696046,0
10584,27.955452747200752,0
10585,28.89358665204229,0
10586,26.681532880682443,0
10587,25.579183898772975,0
10588,25.87669966419284,0
10589,25.882147007270945,0
10590,25.20189215663453,0
10591,24.625765964274777,0
10592,24.0339406285857,0
10593,24.2030637320746,0
10594,23.17282427608629,0
10595,21.808447277402163,0
10596,21.066769897814208,0
10597,22.038654081008666,0
10598,23.4774344859354,0
10599,23.989878109304172,0
10600,24.169247124855215,0
10601,23.788267050589848,0
10602,24.540136784833336,0
10603,26.307345063302225,0
10604,25.45666993532385,0
10605,26.18427238600317,0
10606,25.248456308237106,0
10607,26.69043612995771,0
10608,27.49142121513888,0
10609,26.37107682304899,0
10610,29.9975054792197,0
10611,30.882815132120918,0
10612,31.851978432309373,0
10613,31.17387013038195,0
10614,32.51086971298767,0
10615,30.1369500878469,0
10616,32.18624425882046,0
10617,32.148401184060916,0
10618,30.825124920888584,0
10619,32.841555485154956,0
10620,33.90964089334754,0
10621,32.065214652923025,0
10622,32.97340517354881,0
10623,31.610792843578064,0
10624,32.91433103331388,0
10625,32.65129927037333,0
10626,29.955066843608876,0
10627,29.904891899742797,0
10628,30.95378395662103,0
10629,30.187326143452953,0
10630,29.193154081149007,0
10631,27.270707878339714,0
10632,28.784923205368663,0
10633,26.78316159438387,0
10634,25.371951968442623,0
10635,27.20470935411565,0
10636,25.86836171136509,0
10637,24.429193836106634,0
10638,23.903620579373474,0
10639,24.111571594997184,0
10640,23.56634420109891,0
10641,23.35925262837817,0
10642,22.554117581368832,0
10643,22.3314819601919,0
10644,23.797394779011675,0
10645,22.858263263375697,0
10646,23.406219551567624,0
10647,23.364474509948316,0
10648,24.964532288339004,0
10649,24.012462218621017,0
10650,25.769046966230935,0
10651,26.49946626666423,0
10652,24.308432036468364,0
10653,25.361839321902394,0
10654,25.88482081167448,0
10655,27.466776589385702,0
10656,28.10104234970091,0
10657,28.428316350360593,0
10658,30.840524261088998,0
10659,29.45509025664187,0
10660,28.96533682660045,0
10661,30.54490640287557,0
10662,32.7253517045118,0
10663,31.66310310758114,0
10664,32.82542058155506,0
10665,32.27436794262795,0
10666,31.246409993402494,0
10667,32.876603736027164,0
10668,32.58994491573373,0
10669,35.99368507768981,0
10670,32.488938829981336,0
10671,31.036423189148653,0
10672,33.20475214383616,0
10673,32.50538054561346,0
10674,30.784779127971586,0
10675,31.169561899059904,0
10676,31.025118193302045,0
10677,29.808692773527017,0
10678,29.061954965984338,0
10679,26.850489094207582,0
10680,28.226325719665322,0
10681,26.044872783448664,0
10682,27.489607993034493,0
10683,25.591692745053606,0
10684,27.46901222119128,0
10685,25.42665162008715,0
10686,25.28664564769095,0
10687,22.923560447680977,0
10688,23.2901404358857,0
10689,21.96292117265626,0
10690,21.527529053333247,0
10691,21.675734926940354,0
10692,22.08397300835943,0
10693,21.698151311133962,0
10694,23.594956782581423,0
10695,23.773422220164605,0
10696,24.54498065280055,0
10697,24.43649155296077,0
10698,24.56149024543987,0
10699,24.445749862840724,0
10700,25.285789465720157,0
10701,25.730718866819508,0
10702,26.696314208004306,0
10703,27.772450214379482,0
10704,27.774179995232508,0
10705,29.29807575078164,0
10706,29.487105774726313,0
10707,30.270400242271478,0
10708,30.34810420323472,0
10709,32.3754723401585,0
10710,30.970502729193573,0
10711,33.270782971079136,0
10712,32.665102397538874,0
10713,33.50700075729399,0
10714,32.444442028071876,0
10715,31.70786482408616,0
10716,33.207851232387014,0
10717,32.198768553855096,0
10718,31.40054894602806,0
10719,32.753924956041864,0
10720,32.51477390294968,0
10721,32.06774310289216,0
10722,30.598884618725673,0
10723,32.025562473129106,0
10724,30.776885435390234,0
10725,28.439798194367782,0
10726,29.48290162855745,0
10727,27.328841765459174,0
10728,28.216279571703428,0
10729,28.280198304762372,0
10730,29.05172888437987,0
10731,25.75926276032686,0
10732,24.921429788683504,0
10733,26.46242107926492,0
10734,24.811581371996507,0
10735,24.080762988066557,0
10736,22.661820889658237,0
10737,22.496022056728542,0
10738,22.859415958996415,0
10739,24.12086463001148,0
10740,24.35577137528796,0
10741,23.910156722415426,0
10742,23.32047275068619,0
10743,25.52164830366573,0
10744,24.183408207576562,0
10745,23.589733596222963,0
10746,24.393877537544835,0
10747,25.20539712821926,0
10748,26.402193932182374,0
10749,24.86506660101603,0
10750,27.19928922521608,0
10751,26.047365205734394,0
10752,27.258132498547155,0
10753,27.419862541743313,0
10754,29.281185164269015,0
10755,30.275557284069375,0
10756,30.895813772060226,0
10757,31.886897529913117,0
10758,32.58224845460279,0
10759,33.688130645463175,0
10760,31.4196178692991,0
10761,32.87581927370871,0
10762,31.44785545791889,0
10763,35.06863555774269,0
10764,32.11415607363186,0
10765,33.41509266741204,0
10766,31.63110496518131,0
10767,32.00776513247249,0
10768,33.59279014067856,0
10769,31.561227818657063,0
10770,32.19494223639283,0
10771,30.813089868576046,0
10772,30.035947926009623,0
10773,30.202649215858813,0
10774,30.37082495272126,0
10775,30.438674963864468,0
10776,26.679143375526916,0
10777,28.56130305555257,0
10778,28.278924528325625,0
10779,26.05796702005571,0
10780,26.157494479796636,0
10781,24.4027349214008,0
10782,23.700597904600357,0
10783,24.98375054395046,0
10784,23.649041317963892,0
10785,24.21931898137012,0
10786,24.044860846937166,0
10787,23.478228177993458,0
10788,22.471247852747872,0
10789,26.05933244782495,0
10790,22.14613178219714,0
10791,24.406746636655793,0
10792,24.43446672335716,0
10793,23.54860398169293,0
10794,25.42405199313328,0
10795,24.97945299663127,0
10796,25.303436003408944,0
10797,23.82807540864635,0
10798,26.21557916100069,0
10799,27.11884349152243,0
10800,29.505435862370824,0
10801,27.934064309462528,0
10802,29.96542935487749,0
10803,28.022897513377313,0
10804,30.797455452179296,0
10805,29.569685728988915,0
10806,32.53084481477263,0
10807,32.59352165335576,0
10808,34.00335480112124,0
10809,32.825431434685534,0
10810,32.55631503207591,0
10811,33.395674796050066,0
10812,32.29632439755974,0
10813,34.80343275156617,0
10814,33.209957217821135,0
10815,31.952318144357967,0
10816,30.87128267274005,0
10817,33.70237037968142,0
10818,33.186038459206024,0
10819,31.28707975364506,0
10820,31.05462643852249,0
10821,28.391715186280813,0
10822,30.606072258158886,0
10823,28.969660426166346,0
10824,28.996748007617015,0
10825,28.76960193003809,0
10826,27.952517344419064,0
10827,25.84090864332988,0
10828,26.101251713685006,0
10829,25.947560592158723,0
10830,22.06767016819667,0
10831,24.134133136576033,0
10832,25.13461227601786,0
10833,24.7383698495457,0
10834,22.557258791774714,0
10835,22.678286111872417,0
10836,24.402905884955377,0
10837,22.45333901948673,0
10838,23.01617741073485,0
10839,23.455232607482568,0
10840,24.887255614462443,0
10841,24.410833172628365,0
10842,24.533818677947718,0
10843,25.269166495610115,0
10844,24.752505175044924,0
10845,25.083102475152376,0
10846,28.321564486331937,0
10847,27.40066253013891,0
10848,27.02518049841047,0
10849,28.19847558104014,0
10850,29.25550100493999,0
10851,31.91475152506186,0
10852,30.27040378641511,0
10853,31.79493448390262,0
10854,33.16202484984979,0
10855,32.395837082899185,0
10856,32.66161868550579,0
10857,32.47464642530516,0
10858,31.148344276673335,0
10859,32.30986515272729,0
10860,32.19592939152007,0
10861,33.18803157439431,0
10862,32.265639227963376,0
10863,32.308756181178126,0
10864,33.2292452872705,0
10865,33.51073564968165,0
10866,30.713980449577615,0
10867,31.65819565377862,0
10868,30.70819333558955,0
10869,29.25598395112165,0
10870,29.467484060675403,0
10871,27.61203596932953,0
10872,28.085625140239493,0
10873,27.34681483902686,0
10874,24.947675946009642,0
10875,26.67589743183907,0
10876,25.334375033267374,0
10877,25.666944824859286,0
10878,24.61161134274299,0
10879,24.575772671919335,0
10880,23.26976599357336,0
10881,23.287305229052276,0
10882,23.64981624984366,0
10883,23.172401674667658,0
10884,23.466839155217567,0
10885,22.943965923496282,0
10886,24.25107182326344,0
10887,23.7558272097382,0
10888,23.31626913227923,0
10889,24.586800664293165,0
10890,23.923615926133447,0
10891,23.570362621785456,0
10892,25.925155483687213,0
10893,25.91996414144734,0
10894,26.267014150488315,0
10895,28.68288774833206,0
10896,28.779922795716068,0
10897,28.942251224271487,0
10898,29.704973157482332,0
10899,29.62076885705727,0
10900,30.634937737599234,0
10901,30.778759214008733,0
10902,31.447106412811884,0
10903,31.771748516462665,0
10904,34.837132095160186,0
10905,32.91258698949146,0
10906,32.932927493788576,0
10907,33.69755657985205,0
10908,32.43800575732261,0
10909,32.9994997439796,0
10910,31.532724058556944,0
10911,31.985532194666092,0
10912,33.224175508333495,0
10913,31.83538602150369,0
10914,31.273157973202768,0
10915,31.79185598089646,0
10916,31.677079307974864,0
10917,31.175111809337476,0
10918,29.078769627462634,0
10919,28.932454801786538,0
10920,29.32583968977345,0
10921,29.07012500642965,0
10922,26.680724707154358,0
10923,26.73585723174193,0
10924,25.481766351768165,0
10925,26.137462025813626,0
10926,22.843113372011643,0
10927,23.758901347656128,0
10928,24.954737494193523,0
10929,22.054427419083595,0
10930,22.14793374323329,0
10931,22.38267850063756,0
10932,23.177543889094796,0
10933,22.577364273677247,0
10934,22.641685581546476,0
10935,24.543890556779235,0
10936,22.661759460111924,0
10937,24.892192136610806,0
10938,24.760228049280524,0
10939,24.294416234755356,0
10940,25.62571544905491,0
10941,25.256883823239203,0
10942,27.371539443601513,0
10943,26.57661337038307,0
10944,29.423339249474825,0
10945,30.252607680625893,0
10946,28.35103973475679,0
10947,30.40444662322596,0
10948,31.094942392066713,0
10949,30.949105933887427,0
10950,32.356062424863346,0
10951,31.115191996545196,0
10952,30.46817493372177,0
10953,31.415654337828943,0
10954,34.917601444186644,0
10955,32.392999965566645,0
10956,31.875390399245315,0
10957,33.66042689110711,0
10958,32.007465318002026,0
10959,31.27201720771833,0
10960,34.19665454564709,0
10961,30.65279000241626,0
10962,33.4788082317452,0
10963,32.07133696132064,0
10964,30.850498763444392,0
10965,29.714367669241398,0
10966,27.70250755802763,0
10967,28.47019712083603,0
10968,27.57197443811136,0
10969,26.266293420464862,0
10970,28.09195948605259,0
10971,25.46114861420669,0
10972,26.045582500127974,0
10973,24.613427036320417,0
10974,25.01338778533459,0
10975,23.46736317742267,0
10976,23.677564282722578,0
10977,22.84796287188835,0
10978,23.4048559526242,0
10979,23.470867422731008,0
10980,21.889825433770998,0
10981,23.920635365849687,0
10982,23.900494722753066,0
10983,22.080342462586337,0
10984,24.8277631533125,0
10985,23.115209974857002,0
10986,23.165087651892,0
10987,24.580543353180676,0
10988,25.299986327010142,0
10989,26.477434846482918,0
10990,26.13245846316198,0
10991,28.148825631401888,0
10992,28.438364654123614,0
10993,28.389671615300934,0
10994,29.837392955490582,0
10995,29.18461765279649,0
10996,31.413464161447134,0
10997,33.478303493036755,0
10998,32.06538839993825,0
10999,31.67385621853495,0
11000,34.41162207511745,0
11001,34.15130433324124,0
11002,31.863038164726078,0
11003,32.8781846848394,0
11004,32.90050521954728,0
11005,32.92766674880577,0
11006,33.29603675832703,0
11007,32.3273320840267,0
11008,32.64373415660312,0
11009,30.90432461836499,0
11010,30.900433907856485,0
11011,30.188595340444223,0
11012,31.06250840061834,0
11013,29.02079632792545,0
11014,28.917596016950732,0
11015,28.92241554513102,0
11016,29.088858256449175,0
11017,27.835175101014542,0
11018,27.461050346168385,0
11019,27.141582342032955,0
11020,24.119669846468106,0
11021,24.777525623016242,0
11022,26.13541128811372,0
11023,24.291955679350824,0
11024,26.02005651155369,0
11025,24.390509153541586,0
11026,21.86858322548799,0
11027,19.370083096897805,0
11028,22.632276042816525,0
11029,25.699299712977055,0
11030,23.53050647741107,0
11031,24.08948363139769,0
11032,22.983010234576184,0
11033,23.421325913559304,0
11034,25.927570733358657,0
11035,27.010734926533683,0
11036,25.711970070164654,0
11037,27.437328313338593,0
11038,26.820231646828024,0
11039,25.309480589518245,0
11040,25.777551605160113,0
11041,28.491602194955806,0
11042,30.60300805667638,0
11043,29.26972174776335,0
11044,28.932803236914026,0
11045,31.21169186122102,0
11046,31.259517394534974,0
11047,31.581292604285437,0
11048,32.23869914186665,0
11049,32.39732699784501,0
11050,33.20920446528113,0
11051,33.00497368183603,0
11052,33.18214282218611,0
11053,33.262065025278574,0
11054,33.75843793471689,0
11055,32.899731430862005,0
11056,32.326477199791036,0
11057,32.972036848843096,0
11058,30.610337749453418,0
11059,30.922554067568964,0
11060,30.50409702698914,0
11061,29.655762997286434,0
11062,29.742630028944927,0
11063,28.595861030012426,0
11064,29.217941104023428,0
11065,27.715573542777857,0
11066,25.59936185597166,0
11067,25.254865657295806,0
11068,27.639882676820413,0
11069,25.701077497561567,0
11070,23.493798860887367,0
11071,24.989323469748832,0
11072,22.8256199596094,0
11073,21.912518299246592,0
11074,21.967386903378067,0
11075,23.337323600640477,0
11076,24.015257655576193,0
11077,24.131468253382963,0
11078,22.911543438678255,0
11079,22.770062998274557,0
11080,23.524224711844127,0
11081,23.920863543752166,0
11082,23.660928557273934,0
11083,25.190142144832386,0
11084,24.521149362907412,0
11085,27.626068874349535,0
11086,27.704379683913995,0
11087,26.560199549670923,0
11088,26.739706181425824,0
11089,28.52537234000737,0
11090,28.473184512777006,0
11091,30.48909827721725,0
11092,31.183037006210167,0
11093,29.362262874279363,0
11094,31.123576534860778,0
11095,33.0164216907037,0
11096,31.016391969867623,0
11097,31.953464746059097,0
11098,32.29432804745722,0
11099,31.64468660269235,0
11100,31.35732818564121,0
11101,34.07164801077545,0
11102,33.28946547877522,0
11103,32.1825294209767,0
11104,33.80574904347205,0
11105,31.818567492598874,0
11106,32.655113428815255,0
11107,30.871355358327108,0
11108,30.382736786218608,0
11109,29.21133678540149,0
11110,28.234835763559893,0
11111,29.36579652815498,0
11112,30.31940209351331,0
11113,26.579363978298083,0
11114,25.53159064919016,0
11115,25.909901943847554,0
11116,26.660641098810924,0
11117,25.117310242555345,0
11118,21.825678880494074,0
11119,23.52742656000849,0
11120,22.695020484117354,0
11121,23.07592452876089,0
11122,23.101413321763324,0
11123,22.30098033997032,0
11124,23.22251861326393,0
11125,23.366607820685207,0
11126,24.028123016288646,0
11127,22.17302794514641,0
11128,23.73296110932468,0
11129,24.08129319532179,0
11130,24.967688478931557,0
11131,24.049372464591034,0
11132,26.71592868353975,0
11133,25.186799568981876,0
11134,27.59490149184412,0
11135,28.210905090471776,0
11136,29.542953512923418,0
11137,27.213474800926495,0
11138,28.160188419859907,0
11139,28.955828313554342,0
11140,31.190998616568773,0
11141,32.22413399148834,0
11142,31.30072712708449,0
11143,32.750032102846134,0
11144,32.266378965986654,0
11145,32.03889507590109,0
11146,32.204086654658234,0
11147,32.17369528175761,0
11148,32.068192297985036,0
11149,33.0946495757681,0
11150,32.73898069534541,0
11151,32.63414192968816,0
11152,31.66090824029337,0
11153,30.66754972369016,0
11154,31.1539649495748,0
11155,30.584537150465998,0
11156,30.67683386636243,0
11157,29.863474369419894,0
11158,31.43457469853314,0
11159,28.04492080016615,0
11160,30.143201054894774,0
11161,27.00616517652946,0
11162,26.753072546479775,0
11163,27.60687342188406,0
11164,25.290474910084804,0
11165,23.570198334405546,0
11166,23.920233196597177,0
11167,24.577027929869384,0
11168,23.999949975166196,0
11169,24.418491995786265,0
11170,24.689456942490217,0
11171,22.188097649681357,0
11172,23.44787962663534,0
11173,22.63001473126066,0
11174,22.490281417331715,0
11175,23.678896953316976,0
11176,27.18263647548821,0
11177,24.618970681780006,0
11178,23.892898405012648,0
11179,26.102412611953678,0
11180,24.6790593916519,0
11181,26.34177232339332,0
11182,25.138356428424668,0
11183,27.114493994760153,0
11184,28.172149485186488,0
11185,27.33068063322631,0
11186,28.704835101305218,0
11187,29.7833414728878,0
11188,29.92211212260018,0
11189,31.96355404460315,0
11190,31.75192161298946,0
11191,31.64235725852082,0
11192,32.20496489471146,0
11193,32.9694776398082,0
11194,33.10626954690952,0
11195,32.09079127052821,0
11196,33.97116994390258,0
11197,34.463959322521696,0
11198,35.47476436942383,0
11199,32.09344357310189,0
11200,35.03079003229831,0
11201,31.651126849363266,0
11202,30.81851677038782,0
11203,30.62282737776411,0
11204,30.51308221372085,0
11205,29.855349561456766,0
11206,29.480838496889593,0
11207,28.459056787840225,0
11208,28.708365242876148,0
11209,27.467599265618084,0
11210,25.926267747013593,0
11211,25.923492518534445,0
11212,24.35192227617651,0
11213,26.12008351104559,0
11214,24.944401556725097,0
11215,22.674896570783037,0
11216,22.433965575643285,0
11217,23.291169513735028,0
11218,22.74495352302923,0
11219,21.082606047624317,0
11220,22.70931972329837,0
11221,22.160733994767522,0
11222,21.85535881869765,0
11223,21.823257799824567,0
11224,24.72060046973866,0
11225,24.533973962962428,0
11226,25.64912707350497,0
11227,25.97616226317986,0
11228,26.144309229493917,0
11229,26.63609734812682,0
11230,28.26083463974651,0
11231,29.313271316548892,0
11232,27.456929145216122,0
11233,28.604447290569695,0
11234,29.936749734888622,0
11235,30.829557450419035,0
11236,32.01112515915463,0
11237,32.080252007101,0
11238,31.883143852362505,0
11239,31.83144431625385,0
11240,32.92893759581565,0
11241,34.33526688350402,0
11242,31.252032335726415,0
11243,31.772092627909373,0
11244,33.85630474265098,0
11245,30.018958238706407,0
11246,33.09222125744955,0
11247,31.41350333427699,0
11248,33.04972869803118,0
11249,32.946025050335095,0
11250,31.522652377882064,0
11251,31.32385394475261,0
11252,29.607420188221678,0
11253,31.329213613912405,0
11254,31.633896270541904,0
11255,30.18908433977111,0
11256,27.32820495664883,0
11257,25.244448310500655,0
11258,28.288296528318096,0
11259,25.070137641136725,0
11260,26.56958821812482,0
11261,22.663181600462632,0
11262,22.915508820129354,0
11263,24.21544391720059,0
11264,23.043958072630534,0
11265,24.113100744496485,0
11266,22.59133658529199,0
11267,22.77297417550935,0
11268,25.15105266652459,0
11269,22.464485550045687,0
11270,23.207269802841186,0
11271,23.599772731785702,0
11272,24.126121217594836,0
11273,23.416045830396598,0
11274,25.74491197154747,0
11275,25.47424332520554,0
11276,25.897031355009837,0
11277,27.214179310955764,0
11278,26.241894009231473,0
11279,28.33694419937779,0
11280,27.607849668812243,0
11281,26.945682216240282,0
11282,30.21356746586855,0
11283,30.419896671305064,0
11284,29.169442327233917,0
11285,30.684426333266288,0
11286,31.30434170074509,0
11287,32.61973639611673,0
11288,32.73348869609068,0
11289,33.81400077959804,0
11290,34.204402151405134,0
11291,34.95246969668325,0
11292,33.07799878714526,0
11293,33.75191095616552,0
11294,33.11177508726558,0
11295,32.34649974935241,0
11296,32.51991330182788,0
11297,32.337063673659124,0
11298,32.56193568998024,0
11299,30.86869660996737,0
11300,31.226044024807376,0
11301,29.520796676214367,0
11302,29.313768023098273,0
11303,28.040425600963594,0
11304,26.22015656610315,0
11305,27.30665075553973,0
11306,27.448349986079393,0
11307,26.99950237479295,0
11308,24.14916532013814,0
11309,25.993623999298055,0
11310,23.03050779431606,0
11311,24.412296784428566,0
11312,22.537221130149003,0
11313,21.539504521613182,0
11314,22.114991491259726,0
11315,23.708392467271576,0
11316,21.00153376744534,0
11317,21.37132882082642,0
11318,22.997685006259076,0
11319,20.708993801064686,0
11320,23.665651805324607,0
11321,24.53409405736986,0
11322,24.69883188583708,0
11323,25.206960810304064,0
11324,24.87949456969959,0
11325,26.916268142255433,0
11326,25.34606734347874,0
11327,26.448311346314714,0
11328,28.409452002025922,0
11329,28.573295309405598,0
11330,30.54775522757606,0
11331,29.296735636707755,0
11332,30.830108816049517,0
11333,30.968800061213066,0
11334,31.464992348179205,0
11335,30.00623174815427,0
11336,32.520629325208326,0
11337,30.299560506071764,0
11338,31.534537728183423,0
11339,32.98502993785409,0
11340,32.321541246450245,0
11341,32.84077222978655,0
11342,32.95890812838383,0
11343,31.4564719156096,0
11344,32.168764319513286,0
11345,32.55270490125461,0
11346,30.768812719412722,0
11347,29.496593027180815,0
11348,31.22916885483209,0
11349,29.677705914136578,0
11350,28.90031043528934,0
11351,28.58968924339884,0
11352,29.55605370683547,0
11353,29.391757635271315,0
11354,26.095797145263006,0
11355,28.26567562010116,0
11356,23.984668805229216,0
11357,25.21106460381743,0
11358,24.176632062251926,0
11359,23.86656357502027,0
11360,22.607797763433034,0
11361,24.06613379905111,0
11362,22.187264596318318,0
11363,22.88907765282786,0
11364,23.46158389239999,0
11365,23.27043384200079,0
11366,24.03629493959689,0
11367,24.20495309283209,0
11368,23.801643582382468,0
11369,24.506305261290056,0
11370,24.913478093064185,0
11371,26.014342508290103,0
11372,25.01101544256402,0
11373,25.60412756394383,0
11374,26.623941796774105,0
11375,26.419632361446983,0
11376,28.099354022067185,0
11377,27.69008049874523,0
11378,27.991860198229364,0
11379,30.30282903022821,0
11380,30.545748788423886,0
11381,29.74403366541625,0
11382,30.676379631645098,0
11383,30.9323305332011,0
11384,33.85384788678982,0
11385,32.522363441915374,0
11386,32.69469567252976,0
11387,32.37595167454881,0
11388,32.83673111215529,0
11389,33.88897933801253,0
11390,33.17219190301621,0
11391,32.68523804153743,0
11392,32.59705964368658,0
11393,32.9839490925752,0
11394,32.44536919416076,0
11395,32.50312854956761,0
11396,29.165453460920624,0
11397,30.32528482862954,0
11398,29.086286121510742,0
11399,29.474098217083636,0
11400,27.558997891995425,0
11401,27.9626661569867,0
11402,27.793791494066845,0
11403,25.246917381597235,0
11404,25.656563486796106,0
11405,24.174414187720878,0
11406,24.811323519679306,0
11407,22.356301205551752,0
11408,22.61872171234407,0
11409,24.8256719080196,0
11410,23.87392626493592,0
11411,23.129323501118705,0
11412,22.30795720340514,0
11413,22.20919235851468,0
11414,22.45009544277879,0
11415,22.867584567863602,0
11416,23.1809931392336,0
11417,23.97620892103567,0
11418,24.425950709867234,0
11419,25.17279765335238,0
11420,24.79331115784079,0
11421,27.502736765578454,0
11422,26.13137515173019,0
11423,26.877595777900268,0
11424,28.070706665644977,0
11425,30.003110159238908,0
11426,29.00499903042384,0
11427,29.80515423064777,0
11428,29.704060315295305,0
11429,33.31156970598795,0
11430,31.546356063700614,0
11431,30.67576975003706,0
11432,32.973235254055645,0
11433,32.90750266214435,0
11434,33.08270658365808,0
11435,32.95337415080754,0
11436,32.894990610101395,0
11437,32.65275756324268,0
11438,32.298104198333185,0
11439,30.93120390389855,0
11440,32.71415896246722,0
11441,31.455584527159026,0
11442,32.47109125993396,0
11443,31.90620796542208,0
11444,30.284127752078916,0
11445,29.044765065739387,0
11446,26.58847377216655,0
11447,28.95765586097908,0
11448,28.02605541680995,0
11449,27.299906820916927,0
11450,25.859659131896013,0
11451,24.993486202211706,0
11452,26.750448405550113,0
11453,23.76004454742951,0
11454,25.244212981461004,0
11455,24.129676033683964,0
11456,22.594279217079517,0
11457,25.365661100223807,0
11458,22.105443303310608,0
11459,22.681511055519557,0
11460,22.41297627837769,0
11461,23.052876251049028,0
11462,22.216878521385475,0
11463,23.90920785819546,0
11464,23.39659365755195,0
11465,22.838741264896832,0
11466,25.040420346121717,0
11467,24.196530451727455,0
11468,27.32129329173573,0
11469,24.9047289233795,0
11470,27.09822445996097,0
11471,27.819175842817028,0
11472,29.16156928020089,0
11473,30.178541067767966,0
11474,27.95608613216519,0
11475,28.63207463738134,0
11476,29.41327899580202,0
11477,30.730869390929904,0
11478,34.1812343350444,0
11479,31.275971915938626,0
11480,33.236311444007974,0
11481,32.449931210938196,0
11482,31.954297742906842,0
11483,33.33894002777073,0
11484,31.25374185344444,0
11485,31.833399758353586,0
11486,32.59783710569896,0
11487,32.47288298033325,0
11488,33.38485703051135,0
11489,31.56092549153279,0
11490,31.498481711039396,0
11491,31.731659987765138,0
11492,31.459058455491473,0
11493,30.196387767278242,0
11494,28.54892601023045,0
11495,29.588006960916662,0
11496,28.82713804494354,0
11497,26.44520971168528,0
11498,26.537265110490942,0
11499,26.875381587290587,0
11500,25.9304353974787,0
11501,25.184839306430103,0
11502,22.971791991684565,0
11503,24.808012018481037,0
11504,23.83996291637483,0
11505,22.911418253055647,0
11506,22.31370184286937,0
11507,22.124376126228523,0
11508,23.271685827752968,0
11509,22.707562598812235,0
11510,23.756281238325908,0
11511,21.35179581273228,0
11512,24.60501802842351,0
11513,23.951612184674275,0
11514,24.088786486908226,0
11515,25.917801461002586,0
11516,26.829539192786953,0
11517,25.02686808851537,0
11518,25.319954963408364,0
11519,26.50040799935682,0
11520,27.589636419638577,0
11521,28.67713007189671,0
11522,29.088914408707055,0
11523,29.828097992111545,0
11524,29.800984599218754,0
11525,31.047324930222644,0
11526,31.730331813161417,0
11527,31.833720023634655,0
11528,31.982123594144227,0
11529,31.739572030358488,0
11530,34.93586655370178,0
11531,34.36267593448862,0
11532,32.23151888804874,0
11533,34.25045425948646,0
11534,31.50812244712549,0
11535,33.13706320279267,0
11536,31.597234656519667,0
11537,31.705773157272276,0
11538,32.68149094358239,0
11539,30.704138410316066,0
11540,30.899565334454774,0
11541,28.282300729106808,0
11542,29.835225183804127,0
11543,29.423722110867512,0
11544,30.445701401563937,0
11545,27.883105619279878,0
11546,25.807083506847476,0
11547,25.91525674574877,0
11548,24.79644514444741,0
11549,23.610137493142428,0
11550,25.152856764288174,0
11551,22.393416700945078,0
11552,22.556862378400115,0
11553,23.87598329455565,0
11554,22.347145224111138,0
11555,22.86178523946926,0
11556,22.67891421976461,0
11557,23.174528799384667,0
11558,23.62362376734632,0
11559,23.5849587862993,0
11560,21.88994157278753,0
11561,23.7009350562307,0
11562,23.778516148423883,0
11563,24.20365809227259,0
11564,25.522692204229042,0
11565,25.966286035269686,0
11566,26.90402745710953,0
11567,26.990552625992464,0
11568,27.200249283414973,0
11569,29.7667712909883,0
11570,29.495372567373376,0
11571,30.282094760589644,0
11572,28.631125854480278,0
11573,29.35578304819024,0
11574,31.408394582032948,0
11575,31.356756816705587,0
11576,33.190724547467894,0
11577,33.69038814955164,0
11578,33.14993010104122,0
11579,32.89894803387138,0
11580,32.395641971384116,0
11581,33.19181785074196,0
11582,32.4020585908627,0
11583,32.29637658236557,0
11584,33.128026805412816,0
11585,32.926479877200016,0
11586,32.33334598689451,0
11587,31.17846553686316,0
11588,30.823979760464074,0
11589,29.44836326751123,0
11590,30.60104181588819,0
11591,26.903233769007862,0
11592,27.551968333872875,0
11593,27.20389427030687,0
11594,26.805658819350775,0
11595,24.004832592875676,0
11596,25.682840847356243,0
11597,23.177785987334172,0
11598,23.7425254339997,0
11599,23.55279180586065,0
11600,23.52496993840896,0
11601,22.536353920789225,0
11602,21.954643811314014,0
11603,22.7781802847173,0
11604,23.732262851288464,0
11605,23.28902762143717,0
11606,23.14905245259811,0
11607,23.861193526676413,0
11608,23.934622975639595,0
11609,22.958471592622853,0
11610,25.04367815762991,0
11611,26.08545201574322,0
11612,27.423585042387234,0
11613,24.005250388411312,0
11614,29.65940743295926,0
11615,28.39630017289279,0
11616,27.636175868004514,0
11617,28.698965932400785,0
11618,29.30154019233588,0
11619,29.036974320950996,0
11620,32.15605109494088,0
11621,30.989946445143254,0
11622,30.329252899192475,0
11623,31.584730007936653,0
11624,33.45095821181841,0
11625,32.48766954082154,0
11626,34.643484793226115,0
11627,32.61961276554472,0
11628,32.78376520420512,0
11629,31.418219384984,0
11630,31.18617095317245,0
11631,31.568170976254326,0
11632,31.768017355472324,0
11633,31.351021899221596,0
11634,30.952674568952194,0
11635,32.010030318746246,0
11636,28.886617186422292,0
11637,29.53461259392223,0
11638,29.32583697303253,0
11639,28.813518996688796,0
11640,27.877988505650123,0
11641,28.088040639047733,0
11642,25.72205279392669,0
11643,27.569823852295755,0
11644,26.213494287113896,0
11645,25.006812253567656,0
11646,24.48992796621677,0
11647,24.02915509462995,0
11648,23.16729765664619,0
11649,24.688840843498845,0
11650,24.12222515412683,0
11651,24.101678876935548,0
11652,22.222876664414898,0
11653,23.365432570406828,0
11654,25.270961812447993,0
11655,22.007528532495947,0
11656,24.489215404347107,0
11657,24.379539657160183,0
11658,25.269042035447033,0
11659,25.613154087756865,0
11660,25.992485454323848,0
11661,28.221389796779942,0
11662,26.72634174891969,0
11663,27.48062062475784,0
11664,28.945858447409496,0
11665,26.68264318184023,0
11666,29.342341572341343,0
11667,30.627082597380905,0
11668,30.297307117659464,0
11669,30.647138658127595,0
11670,33.193575631592665,0
11671,31.49051380281112,0
11672,32.560205414458785,0
11673,33.0058928447692,0
11674,33.45153565542092,0
11675,34.60678701506369,0
11676,34.3174365249042,0
11677,32.69984600462002,0
11678,32.55705375637955,0
11679,33.68154304046199,0
11680,31.881069794113365,0
11681,31.6560409916556,0
11682,31.357638201209124,0
11683,30.93754291914554,0
11684,29.277663091124992,0
11685,29.34975699951332,0
11686,29.16582419341716,0
11687,27.15580701014437,0
11688,27.73738288277666,0
11689,27.15849909188483,0
11690,27.252594804825513,0
11691,27.021873718331154,0
11692,26.767831400175844,0
11693,27.588705316553952,0
11694,24.255837964344792,0
11695,23.49762894017659,0
11696,24.137953714570457,0
11697,23.21908868561352,0
11698,22.7203272848421,0
11699,23.138145687981822,0
11700,22.82134742279474,0
11701,22.20809822020784,0
11702,21.989699600393813,0
11703,22.32525629324252,0
11704,23.009428002058776,0
11705,24.912678988133678,0
11706,25.17000845655791,0
11707,25.72964433735685,0
11708,24.82043164872747,0
11709,25.18666023315245,0
11710,28.93436942337288,0
11711,27.975150922611792,0
11712,27.81618935199305,0
11713,27.971897619677982,0
11714,30.193829501582442,0
11715,29.8338687225724,0
11716,30.48510913146165,0
11717,30.351336338476383,0
11718,31.367981873900984,0
11719,31.744891590120492,0
11720,33.15336242640615,0
11721,34.47185773004111,0
11722,34.3475850356095,0
11723,29.657139867203426,0
11724,33.765323103158266,0
11725,33.985377751498184,0
11726,31.963583563423196,0
11727,32.629504177664685,0
11728,31.845820348251863,0
11729,30.70123913843298,0
11730,30.49765851825777,0
11731,30.022352940638562,0
11732,29.318380075559492,0
11733,31.772057998943232,0
11734,28.820607304958976,0
11735,28.364515626394905,0
11736,28.08647165413694,0
11737,27.73521767311715,0
11738,27.474038034969404,0
11739,25.47113658834381,0
11740,24.606825384757244,0
11741,25.544806287285827,0
11742,26.293399528928365,0
11743,25.127527015884883,0
11744,25.61574259546769,0
11745,23.496813120737727,0
11746,23.19236614959938,0
11747,24.334763066293814,0
11748,22.728252001261186,0
11749,23.24177324351558,0
11750,22.235613593198238,0
11751,23.886444811898205,0
11752,25.006223959763105,0
11753,22.554961127180274,0
11754,23.754315245556064,0
11755,26.898078121662287,0
11756,25.989779807052976,0
11757,25.64488798539058,0
11758,27.671948177503737,0
11759,25.7767984524415,0
11760,27.560391623772457,0
11761,28.67535660409058,0
11762,28.97925554149673,0
11763,30.64408065114061,0
11764,30.217362566005214,0
11765,30.188993888379972,0
11766,32.29514575184315,0
11767,32.587610182198446,0
11768,33.018656375822346,0
11769,33.18443981313418,0
11770,33.985474821259196,0
11771,33.45454068467999,0
11772,33.95490701701114,0
11773,32.337143573902026,0
11774,32.58708634750454,0
11775,33.47008114724293,0
11776,31.9841544875098,0
11777,31.56144738206841,0
11778,32.06945287877842,0
11779,31.151912204107244,0
11780,29.854391506895592,0
11781,31.719674127040815,0
11782,28.71230124334582,0
11783,29.68188596815523,0
11784,28.701801639272986,0
11785,26.851452554696838,0
11786,26.23376717417791,0
11787,27.369610096520702,0
11788,26.553334491888705,0
11789,25.084998930006744,0
11790,23.001772979219066,0
11791,23.93881474133875,0
11792,23.127583317547202,0
11793,21.883815939993216,0
11794,21.15806104289153,0
11795,24.390354239810996,0
11796,22.05711468983745,0
11797,22.848119175701292,0
11798,22.46566565432648,0
11799,25.21255538693192,0
11800,25.243036090524786,0
11801,25.683436807806828,0
11802,23.88319265508167,0
11803,26.358989640723706,0
11804,24.455330501366134,0
11805,26.058072114141062,0
11806,27.345780663188098,0
11807,25.89094272849352,0
11808,27.978458305671353,0
11809,29.43918755025553,0
11810,29.090972007584377,0
11811,29.863523384694343,0
11812,30.753981778177074,0
11813,31.483931967975373,0
11814,30.8276965408342,0
11815,31.83279916163895,0
11816,31.190200741368248,0
11817,31.481564614546343,0
11818,33.12027859517784,0
11819,34.49334476176885,0
11820,33.740396488888884,0
11821,32.48856763767343,0
11822,31.254515161567795,0
11823,32.52140073100428,0
11824,33.52478704165999,0
11825,30.85913424125136,0
11826,31.094223331911667,0
11827,31.34007233957289,0
11828,29.68643888582929,0
11829,29.65748159855647,0
11830,30.26102990644839,0
11831,28.783950849506855,0
11832,28.305589421876917,0
11833,27.251553423594135,0
11834,27.21724422897825,0
11835,26.670406282602112,0
11836,24.937195714471443,0
11837,23.72557064518822,0
11838,24.864739547494914,0
11839,24.88072598596571,0
11840,23.66309314167506,0
11841,22.31146859581318,0
11842,22.19045351365362,0
11843,22.445552859871015,0
11844,22.084893761395673,0
11845,24.55178958761017,0
11846,23.84776726462681,0
11847,22.50465087714186,0
11848,23.889377934724415,0
11849,25.41989935535791,0
11850,22.815186828222696,0
11851,24.058660273890755,0
11852,25.165109561329665,0
11853,25.668854918767146,0
11854,27.017639922079,0
11855,26.179464569081855,0
11856,28.88277407751824,0
11857,28.91710362984585,0
11858,29.002806367991482,0
11859,29.629674342866135,0
11860,29.956056850060097,0
11861,30.809635011680317,0
11862,32.070082141851955,0
11863,31.022319947780524,0
11864,32.92091703771274,0
11865,32.68280139293645,0
11866,32.676123577866974,0
11867,32.609836069766914,0
11868,32.851728247696514,0
11869,31.741355204094212,0
11870,32.76508133328009,0
11871,30.797912968168276,0
11872,30.41736989371326,0
11873,32.80600820112502,0
11874,31.73180640835413,0
11875,30.21526290492541,0
11876,30.41613617988912,0
11877,28.952529561467248,0
11878,28.073214974801637,0
11879,29.81700306810897,0
11880,31.38781851614809,0
11881,28.4017292147159,0
11882,26.193340749880356,0
11883,28.038360225882236,0
11884,24.233620546995006,0
11885,26.21894668601746,0
11886,25.25063294359072,0
11887,24.580009767273395,0
11888,22.39580291601547,0
11889,24.325760735953413,0
11890,23.44318387767427,0
11891,23.83205452249803,0
11892,21.796228824646057,0
11893,23.59458747903886,0
11894,24.147448191947166,0
11895,23.446296648046893,0
11896,23.38694681584173,0
11897,24.248919723548713,0
11898,25.039628265936358,0
11899,25.671654759086245,0
11900,25.27538461452507,0
11901,27.58621353111906,0
11902,26.663788301082974,0
11903,27.925161875738098,0
11904,27.515149377605383,0
11905,29.24909458407471,0
11906,28.982163890514958,0
11907,27.964410050490685,0
11908,30.641007166118577,0
11909,32.046040850130424,0
11910,30.203510805355336,0
11911,30.306297807712255,0
11912,32.5137874289397,0
11913,31.4956076267541,0
11914,32.09986959270519,0
11915,32.121568905660695,0
11916,32.06565863109341,0
11917,31.71384500955843,0
11918,32.37547399575924,0
11919,31.927070942563052,0
11920,32.02548797120992,0
11921,30.931154463493165,0
11922,32.52678600887294,0
11923,30.749336001177006,0
11924,29.506151823469853,0
11925,29.489895927542367,0
11926,29.557207663551228,0
11927,29.64694878313712,0
11928,27.233143132627927,0
11929,27.35824508762713,0
11930,26.75643252632885,0
11931,26.939102059277577,0
11932,24.589753646164397,0
11933,23.692246516470796,0
11934,24.121385678451247,0
11935,24.149781210533536,0
11936,23.11680750766375,0
11937,22.602011511990497,0
11938,23.768957259780922,0
11939,20.84515816846858,0
11940,21.174733246246404,0
11941,21.334214898292366,0
11942,23.337906074635228,0
11943,23.09418153287407,0
11944,23.81272826110169,0
11945,21.918341481963562,0
11946,22.432546538448378,0
11947,26.263095821318597,0
11948,26.23344273653752,0
11949,24.334245310885805,0
11950,26.82789041623039,0
11951,28.182375553041364,0
11952,29.179098304705708,0
11953,28.15453935672335,0
11954,28.03377638926134,0
11955,27.585660939120388,0
11956,29.635622922823107,0
11957,30.610826231635844,0
11958,32.24056931873309,0
11959,30.413585742468648,0
11960,32.164758234105776,0
11961,33.00803666341188,0
11962,33.128590925231606,0
11963,32.858384365674084,0
11964,35.27698494011074,0
11965,32.678832136008154,0
11966,31.74526885505746,0
11967,34.49537419272813,0
11968,34.57779823746918,0
11969,31.22852340287194,0
11970,30.28403373536906,0
11971,32.51987026815509,0
11972,30.429274688313733,0
11973,28.914950807606477,0
11974,27.910155421505515,0
11975,31.42052376936114,0
11976,28.17706524747539,0
11977,25.88845288087883,0
11978,27.48478329778772,0
11979,26.43327728716728,0
11980,26.69168249164499,0
11981,25.279482265991568,0
11982,25.47817417955185,0
11983,22.843184425050865,0
11984,25.283265079759566,0
11985,23.136953917160717,0
11986,23.23206944691451,0
11987,22.63439537279579,0
11988,23.379060684864612,0
11989,23.66353418615694,0
11990,24.674831320987057,0
11991,22.837004337988137,0
11992,24.58849280304125,0
11993,25.791659470904445,0
11994,23.9195579732971,0
11995,25.661683288596684,0
11996,24.89990572763295,0
11997,24.745953286861784,0
11998,27.5914003890373,0
11999,26.88717345412942,0
12000,28.493184851270573,0
12001,29.04032367393954,0
12002,29.999312701037514,0
12003,29.335331317383893,0
12004,28.696411816353287,0
12005,29.668730738337327,0
12006,31.19279378788947,0
12007,31.14685670572817,0
12008,32.86418737544061,0
12009,33.300653822062195,0
12010,32.31860089432572,0
12011,34.53555388105354,0
12012,32.95058975083957,0
12013,33.59226868674135,0
12014,32.55139047183424,0
12015,31.912937084711015,0
12016,32.699630613731586,0
12017,33.6440801563274,0
12018,29.84279687418911,0
12019,31.23811970872759,0
12020,32.64824309195761,0
12021,27.95247220145974,0
12022,27.986694256432283,0
12023,26.946149542003518,0
12024,27.745071874692307,0
12025,26.92370046164891,0
12026,26.30435090917089,0
12027,26.367664274635064,0
12028,26.45252223895557,0
12029,23.75135723886058,0
12030,24.786034202018406,0
12031,24.961145422907585,0
12032,24.910637081912338,0
12033,23.75862475141059,0
12034,23.315233367583488,0
12035,22.49129537578785,0
12036,23.37638347215748,0
12037,24.343705449878193,0
12038,24.460558980721448,0
12039,24.691476959795164,0
12040,24.59996836161832,0
12041,23.784607885889134,0
12042,24.193181146621683,0
12043,24.31186335837048,0
12044,23.59770416607754,0
12045,25.133967263205992,0
12046,25.12498233970195,0
12047,27.29074829776847,0
12048,27.246757993399502,0
12049,29.305443497779336,0
12050,29.66186845221667,0
12051,29.443528360365427,0
12052,31.209563733632073,0
12053,30.80483224911731,0
12054,30.348035806206752,0
12055,31.305125282340402,0
12056,32.142867814768486,0
12057,31.800144356629527,0
12058,32.7456494440521,0
12059,31.30531013169119,0
12060,35.4167362888179,0
12061,32.76480002830171,0
12062,32.699702696750364,0
12063,33.12608332343124,0
12064,30.95464508029415,0
12065,33.264315189327114,0
12066,33.03519122585521,0
12067,30.690793940076322,0
12068,30.078623173136727,0
12069,30.9410144180932,0
12070,29.078099488407958,0
12071,28.086712674433894,0
12072,27.75602530768262,0
12073,28.30767851581398,0
12074,24.344711631564902,0
12075,25.03481484985425,0
12076,27.355023354952703,0
12077,25.612442282035953,0
12078,23.31657463595336,0
12079,24.11392062700062,0
12080,23.51676865447665,0
12081,24.6549165853693,0
12082,23.896656990817153,0
12083,22.687274751546607,0
12084,24.523208101481693,0
12085,22.485751948438466,0
12086,23.882725831182803,0
12087,23.325209765153236,0
12088,24.364320067521465,0
12089,25.242953057242712,0
12090,24.478483082718853,0
12091,26.525930780035225,0
12092,26.35149992077101,0
12093,25.336841623806134,0
12094,27.663418893732103,0
12095,28.3234768077683,0
12096,27.672294197237324,0
12097,28.875138932654266,0
12098,30.35109128751794,0
12099,30.91855997867958,0
12100,29.80028925926947,0
12101,27.964991125523518,0
12102,32.65090881454526,0
12103,31.60290508309987,0
12104,30.994962598672696,0
12105,32.00400930107619,0
12106,31.980136497286672,0
12107,32.83078017800603,0
12108,32.65978485949262,0
12109,33.55785693650181,0
12110,33.02961693109508,0
12111,32.10217525850794,0
12112,32.60543666295008,0
12113,31.062009320538788,0
12114,32.80430788452329,0
12115,30.355886686395863,0
12116,30.223397677899083,0
12117,28.858376870780262,0
12118,29.329582125607043,0
12119,27.997422290635544,0
12120,28.779111722117676,0
12121,27.268254723431586,0
12122,25.901469121072047,0
12123,23.953602070704754,0
12124,25.352369770339035,0
12125,25.409829283196796,0
12126,24.433281460234245,0
12127,23.241524475932493,0
12128,21.805241131130394,0
12129,23.58956776467615,0
12130,22.403879019844112,0
12131,23.15551261958205,0
12132,23.58830393240347,0
12133,22.85568626465178,0
12134,25.199090143507867,0
12135,23.321937201982042,0
12136,24.012776002335183,0
12137,24.690455772752973,0
12138,25.444209340870447,0
12139,24.254559445076737,0
12140,26.07563401091904,0
12141,25.810446378562737,0
12142,25.386140471281657,0
12143,27.551368848241,0
12144,28.668619197684432,0
12145,27.584031871069158,0
12146,29.679899993205115,0
12147,30.784416660768045,0
12148,29.977246528941887,0
12149,29.645054545409334,0
12150,31.69313563586353,0
12151,32.47764181006741,0
12152,31.660805348333813,0
12153,30.95479702730282,0
12154,32.37428184374925,0
12155,31.600646201925297,0
12156,32.37391711713706,0
12157,33.90930616374608,0
12158,33.306758443968725,0
12159,33.58331602389524,0
12160,32.04571890447102,0
12161,31.116335877904245,0
12162,30.677419867418056,0
12163,32.20906619534135,0
12164,30.526489276394752,0
12165,29.43567341699616,0
12166,29.786869568061643,0
12167,27.630373831749502,0
12168,28.987028122363217,0
12169,25.012473394743065,0
12170,26.995477269286102,0
12171,25.25840503449366,0
12172,26.05739506904365,0
12173,25.24542189312997,0
12174,25.712423054044624,0
12175,23.02899580818095,0
12176,22.58724430847854,0
12177,23.75502668610049,0
12178,22.390337475686422,0
12179,23.61261733141321,0
12180,22.42881434551148,0
12181,23.21123865950983,0
12182,23.523180035523296,0
12183,22.707091593544988,0
12184,23.099241764572433,0
12185,22.46602696997454,0
12186,23.09963526515092,0
12187,23.99166464849845,0
12188,26.271592808156953,0
12189,27.95836399220043,0
12190,25.355851812252634,0
12191,28.55241462082814,0
12192,27.915060170503068,0
12193,27.74741602016496,0
12194,29.440586329456316,0
12195,30.239910685064796,0
12196,30.933883567662228,0
12197,32.13331068492668,0
12198,29.80898827232432,0
12199,31.807873851451262,0
12200,33.97674026055534,0
12201,32.48939889676617,0
12202,33.99364451496598,0
12203,31.223021668047622,0
12204,32.965986948106725,0
12205,32.32650192846535,0
12206,31.24644945626519,0
12207,31.912769459103608,0
12208,32.489875168757614,0
12209,32.50619116289953,0
12210,31.28327911757832,0
12211,30.245996569380747,0
12212,28.529957716494152,0
12213,30.048379279115345,0
12214,30.596911801054866,0
12215,29.759574223672395,0
12216,29.00249418393843,0
12217,26.503190270508885,0
12218,28.55603745534375,0
12219,25.931704657600132,0
12220,23.72502162605147,0
12221,24.30656490515884,0
12222,24.05191576488964,0
12223,23.662239085160103,0
12224,23.596517172563118,0
12225,24.22105129212959,0
12226,24.03469272878245,0
12227,22.31273920354799,0
12228,21.512751828945785,0
12229,22.514754728148127,0
12230,21.85201172820801,0
12231,24.85527397706533,0
12232,23.684732691886303,0
12233,23.733327925981296,0
12234,24.73008319330685,0
12235,24.64933748205179,0
12236,28.002480235670692,0
12237,25.409957753528026,0
12238,25.0083140791409,0
12239,27.09299236289464,0
12240,28.23333608343197,0
12241,27.60887859966461,0
12242,28.716577940129,0
12243,27.640366529838857,0
12244,31.233722273853875,0
12245,32.96130420985174,0
12246,31.13126047800186,0
12247,31.22302671599062,0
12248,33.06384346159672,0
12249,32.29769893259404,0
12250,34.7101460167278,0
12251,32.907405686969845,0
12252,32.2659486220855,0
12253,33.956096895128724,0
12254,32.49524913845571,0
12255,33.32750922254064,0
12256,33.521880588889715,0
12257,29.595912215137268,0
12258,33.433447612635,0
12259,31.13767494808844,0
12260,29.38085187168227,0
12261,29.13230615821522,0
12262,30.05792225322835,0
12263,29.62081565559595,0
12264,28.01186527265102,0
12265,26.937445399113518,0
12266,25.719783948997616,0
12267,27.75545224984564,0
12268,26.074643903184608,0
12269,24.33697203278209,0
12270,27.050822711825532,0
12271,25.00712550540678,0
12272,25.118646812224853,0
12273,23.830455866583527,0
12274,23.312427948399645,0
12275,20.55751504357586,0
12276,23.316966408406916,0
12277,22.881626845272507,0
12278,24.690046911694743,0
12279,22.96715540063538,0
12280,25.739976507301837,0
12281,25.35166586398962,0
12282,23.970925251867993,0
12283,22.41496662142185,0
12284,25.24846563705447,0
12285,24.588718401481863,0
12286,27.988899107835454,0
12287,27.94000394105016,0
12288,26.888749743002062,0
12289,29.769133576905286,0
12290,29.270022351944345,0
12291,31.043653314641585,0
12292,30.06625834067254,0
12293,32.47692350494671,0
12294,32.14586271190603,0
12295,32.66786497566611,0
12296,32.35766472274722,0
12297,33.81585711500102,0
12298,33.8328407670232,0
12299,31.664393584757203,0
12300,34.78414265457594,0
12301,34.29981904554371,0
12302,32.25508927357103,0
12303,33.433395462300325,0
12304,31.77276350740746,0
12305,32.792683990571255,0
12306,31.600570609809317,0
12307,31.858833600287024,0
12308,30.030966011855437,0
12309,30.91118392870189,0
12310,31.263556755976875,0
12311,28.352994216595185,0
12312,27.436233228740534,0
12313,25.95076572561643,0
12314,26.237603009599255,0
12315,26.974503100720682,0
12316,24.835921012801936,0
12317,23.61602296492712,0
12318,22.07497519113636,0
12319,24.44513081892293,0
12320,23.043875593800692,0
12321,22.500339397061097,0
12322,24.22315769939003,0
12323,23.384394118090203,0
12324,21.93343259420942,0
12325,22.63200556556583,0
12326,23.38011060320649,0
12327,22.877863137054465,0
12328,23.81201158650396,0
12329,25.170797432632664,0
12330,25.450952111109395,0
12331,23.791602840786545,0
12332,24.339736424346665,0
12333,24.785739647985423,0
12334,26.175242560885422,0
12335,27.940260927341416,0
12336,27.5510318741809,0
12337,27.69273070303964,0
12338,28.01561775539627,0
12339,31.741901133307806,0
12340,32.04084525159806,0
12341,30.44168024216316,0
12342,31.185794171750214,0
12343,31.488123082708185,0
12344,31.35388385584152,0
12345,32.54429965957653,0
12346,31.85228471268453,0
12347,32.61089463683658,0
12348,33.56499470444356,0
12349,32.425756456221556,0
12350,32.97702825365329,0
12351,33.13869664955053,0
12352,31.977615215568605,0
12353,32.07912186775945,0
12354,32.5576697676025,0
12355,31.40876815452232,0
12356,30.230507999229665,0
12357,30.284218799421698,0
12358,29.138526360926548,0
12359,27.52157335155323,0
12360,28.370747984130716,0
12361,26.725479453669735,0
12362,26.011490252566826,0
12363,25.86330830947518,0
12364,26.277668058955225,0
12365,25.291629955857005,0
12366,24.709570410467915,0
12367,23.020387280273567,0
12368,23.18864778846445,0
12369,23.696116283518556,0
12370,22.061487572516135,0
12371,22.16192327771607,0
12372,22.112466728653594,0
12373,23.1376277697515,0
12374,23.026588107060157,0
12375,22.979661415165296,0
12376,24.77132927295783,0
12377,23.37651716167287,0
12378,22.633895912989807,0
12379,23.607789242168494,0
12380,25.436885538582693,0
12381,27.059497396176116,0
12382,25.760379113488415,0
12383,25.513831016239497,0
12384,29.048125218455404,0
12385,27.64611889501172,0
12386,27.70113834030795,0
12387,29.63528080821454,0
12388,31.87079628137871,0
12389,30.331269209425894,0
12390,30.492163921794447,0
12391,31.493829254655047,0
12392,32.385792761463996,0
12393,33.34690138062458,0
12394,33.433126607990616,0
12395,34.74053577903705,0
12396,33.33730919864978,0
12397,32.31433481531869,0
12398,32.67252980996869,0
12399,32.891338027080245,0
12400,32.387837802918455,0
12401,31.785950195920403,0
12402,30.085413022754054,0
12403,29.449256075156278,0
12404,30.652192055450993,0
12405,30.257423771965364,0
12406,27.698921580712216,0
12407,30.380379682757063,0
12408,29.663139655914627,0
12409,27.677055431799765,0
12410,26.31175395677471,0
12411,28.5650217978178,0
12412,26.538925822489727,0
12413,23.15536113190096,0
12414,26.065982660401694,0
12415,24.658783574914423,0
12416,24.067689328642576,0
12417,24.531644988531344,0
12418,21.97857571052598,0
12419,24.247741867426125,0
12420,22.999055387047914,0
12421,22.450547222220838,0
12422,24.131678998647896,0
12423,23.164296990493305,0
12424,24.13453390746496,0
12425,24.843161905737905,0
12426,24.2593379120523,0
12427,25.885771177253606,0
12428,25.542650454748898,0
12429,26.442682303074992,0
12430,26.185593034703636,0
12431,28.45658447153298,0
12432,28.304480916547075,0
12433,28.989056550206683,0
12434,30.45124319730063,0
12435,30.459075883638864,0
12436,30.123474460446275,0
12437,30.789112573476924,0
12438,31.953139620106988,0
12439,33.066638313140174,0
12440,33.084373261813354,0
12441,33.05495521940285,0
12442,33.80510452335426,0
12443,32.64496381820559,0
12444,32.13705361934518,0
12445,33.60320952960653,0
12446,30.812508876843374,0
12447,32.78236010458635,0
12448,30.403545731670835,0
12449,32.06025761739965,0
12450,30.516615140328895,0
12451,28.97178677537082,0
12452,30.058601935631753,0
12453,31.221781904124896,0
12454,28.543693392436396,0
12455,28.678957647811526,0
12456,27.003092837742667,0
12457,26.772300429712864,0
12458,25.080669801578768,0
12459,25.476212795385702,0
12460,24.8367078272262,0
12461,24.442733920069983,0
12462,24.72900131316533,0
12463,23.633310526643648,0
12464,24.22935170460101,0
12465,23.75870847518804,0
12466,21.437924571982816,0
12467,24.587202753835665,0
12468,23.23859825540714,0
12469,23.51929153726271,0
12470,23.181158896828396,0
12471,24.324914627677998,0
12472,23.174967264615862,0
12473,24.136605336154382,0
12474,23.509672151033737,0
12475,25.482881747071083,0
12476,25.527719918097286,0
12477,26.298880284680504,0
12478,27.79727755716216,0
12479,27.97806765601255,0
12480,28.881447640088115,0
12481,29.031281394790987,0
12482,27.558028169748397,0
12483,28.900378808222683,0
12484,29.93199621692112,0
12485,32.144382931633416,0
12486,32.873011587805344,0
12487,30.590191908293395,0
12488,30.39711260040047,0
12489,32.99564595114024,0
12490,34.063674413883305,0
12491,33.536834342803594,0
12492,32.251280387002545,0
12493,33.39226797368686,0
12494,32.430996492476645,0
12495,32.44717154322451,0
12496,31.70916243983507,0
12497,31.587831668991484,0
12498,31.209497752213508,0
12499,30.82026528346813,0
12500,30.512421750371153,0
12501,30.99155682007489,0
12502,28.342919473535872,0
12503,27.94367848412879,0
12504,27.283092233874775,0
12505,28.1243485063195,0
12506,26.29544588175412,0
12507,25.631171014564735,0
12508,23.721408861052133,0
12509,26.07981682674275,0
12510,24.064804463354715,0
12511,24.949843900716616,0
12512,23.406455614985134,0
12513,24.03290205398234,0
12514,20.998256265677163,0
12515,22.366766380979794,0
12516,22.405233166817148,0
12517,24.390856291483495,0
12518,23.204164952467877,0
12519,23.913747926025973,0
12520,23.199711467930705,0
12521,23.771777416644554,0
12522,25.587050689929235,0
12523,26.21926098256312,0
12524,25.067800016102332,0
12525,26.37593022413472,0
12526,27.772437678745632,0
12527,25.26937479740728,0
12528,28.764242416810102,0
12529,27.759373535018856,0
12530,28.329526228389362,0
12531,29.037682285948456,0
12532,31.459735002996197,0
12533,30.191978383878748,0
12534,31.05520281324836,0
12535,31.569877583076934,0
12536,31.665871428163484,0
12537,35.334472022239844,0
12538,31.1033159418322,0
12539,33.10493164001189,0
12540,32.57591815898529,0
12541,33.16077767942649,0
12542,32.13800603793043,0
12543,33.36199057031997,0
12544,33.33638146323093,0
12545,31.95335874619813,0
12546,31.064381088366876,0
12547,29.793986971776462,0
12548,31.011947515835136,0
12549,29.745766014303342,0
12550,30.465353216724264,0
12551,27.798898097564035,0
12552,27.65672161304787,0
12553,28.659536570833932,0
12554,27.219561922299672,0
12555,26.54097209519192,0
12556,26.158924218278393,0
12557,25.676465663222938,0
12558,23.0005503896473,0
12559,23.861378455238075,0
12560,25.116397111843447,0
12561,23.224403064711687,0
12562,22.196277745425597,0
12563,23.44832299585603,0
12564,21.799100966954406,0
12565,22.71625231056159,0
12566,21.327551423287368,0
12567,22.291717440081747,0
12568,23.588993592148643,0
12569,24.866688921337506,0
12570,24.24545954465246,0
12571,25.877988872553633,0
12572,23.44261661544515,0
12573,25.945119327989847,0
12574,27.37886471070441,0
12575,27.13530124965009,0
12576,28.21527481333916,0
12577,27.32961176522978,0
12578,29.012062845699297,0
12579,28.799170125094292,0
12580,32.47696547835605,0
12581,30.0127139794525,0
12582,32.51634127024003,0
12583,31.682208578359912,0
12584,32.13920763170705,0
12585,33.07192954931878,0
12586,34.20726621544801,0
12587,31.726375909747947,0
12588,32.049536997409945,0
12589,32.60031719791308,0
12590,32.834592773308245,0
12591,32.17189518908008,0
12592,33.00344432228261,0
12593,32.539314599216915,0
12594,31.64803977853479,0
12595,32.07320139401269,0
12596,30.198224343240213,0
12597,29.636756059095028,0
12598,30.098462747242397,0
12599,28.650221928469612,0
12600,27.671764518471004,0
12601,26.15154782920936,0
12602,26.27564871822598,0
12603,25.26112407941432,0
12604,24.31788246935789,0
12605,24.010533889356083,0
12606,25.137546242979067,0
12607,25.024027419889098,0
12608,22.875001648810006,0
12609,24.952676598943032,0
12610,24.222241305162534,0
12611,23.195643584694015,0
12612,23.066816346644206,0
12613,22.717508510297293,0
12614,24.777235634745697,0
12615,24.017852676033893,0
12616,22.056823179983464,0
12617,24.678927340943872,0
12618,24.064268271473615,0
12619,25.773394749912274,0
12620,27.15701771077776,0
12621,24.852600965145516,0
12622,26.89712877457256,0
12623,26.51393725434641,0
12624,28.83158784526586,0
12625,27.99257973497583,0
12626,29.25204672027543,0
12627,30.50719967609171,0
12628,30.347765629917518,0
12629,32.65109348079868,0
12630,31.613840518667327,0
12631,32.24829442122638,0
12632,31.335233754032373,0
12633,31.323198808109687,0
12634,33.04769517055764,0
12635,34.43169222562452,0
12636,33.80790779057632,0
12637,33.76301625312292,0
12638,33.44805103899417,0
12639,31.665402482662206,0
12640,32.15051046660266,0
12641,31.409344122686612,0
12642,30.80253838627457,0
12643,29.030050630551084,0
12644,30.603155143340256,0
12645,31.94393009722436,0
12646,29.310212782723,0
12647,28.345002574527513,0
12648,26.483887599739095,0
12649,28.14629178595498,0
12650,24.86470822753935,0
12651,23.958994991277702,0
12652,24.063625032558246,0
12653,25.29544901198824,0
12654,24.375000619449178,0
12655,23.934870839085363,0
12656,22.861076711260033,0
12657,21.677188692386082,0
12658,22.19564361698378,0
12659,25.811826012927497,0
12660,23.166782555542895,0
12661,23.294927945046943,0
12662,23.796672155080618,0
12663,22.059181384396936,0
12664,25.188530704491452,0
12665,23.71161818366465,0
12666,23.46390679969366,0
12667,25.228203903457388,0
12668,24.124252411005827,0
12669,26.16450832365513,0
12670,26.289746916682343,0
12671,27.804418513704427,0
12672,26.812667552142063,0
12673,27.501356534149714,0
12674,29.086012590842692,0
12675,30.986005778837633,0
12676,30.027857881526156,0
12677,31.3013244288427,0
12678,31.112834311522132,0
12679,34.246324896682104,0
12680,33.17732506590774,0
12681,32.93874566450893,0
12682,33.23588532210452,0
12683,35.13260287685623,0
12684,32.74904777891983,0
12685,33.30384811031806,0
12686,31.182902979720076,0
12687,32.54207387896456,0
12688,32.63934860662519,0
12689,34.47117263141506,0
12690,30.49669276122316,0
12691,30.567520467399262,0
12692,30.520912045677658,0
12693,28.974367702687715,0
12694,31.49729818317486,0
12695,28.2196403885023,0
12696,28.29661291242524,0
12697,27.44126373467024,0
12698,25.174651310108246,0
12699,26.868181851546122,0
12700,25.191480029134034,0
12701,24.154055340718283,0
12702,25.16187443345098,0
12703,24.28802937830153,0
12704,22.979978206282482,0
12705,24.362498646320258,0
12706,23.016427045199286,0
12707,23.312653584171144,0
12708,23.1388466912739,0
12709,22.612404260680936,0
12710,22.957458883807842,0
12711,21.835475492303352,0
12712,23.98764036049666,0
12713,26.20811318759034,0
12714,23.866637851584475,0
12715,25.264298665716534,0
12716,25.459024759757796,0
12717,26.546607604348445,0
12718,26.18813599195486,0
12719,26.998436375726662,0
12720,28.517063228565785,0
12721,28.801374065781545,0
12722,31.463709952807818,0
12723,30.386814729780053,0
12724,30.775635313248607,0
12725,31.349241463747127,0
12726,32.078411186995154,0
12727,31.067288610870477,0
12728,33.637570637388166,0
12729,32.31329169984754,0
12730,32.49896438675122,0
12731,32.95557699021835,0
12732,33.73053868387659,0
12733,32.44687866941664,0
12734,33.242083610982824,0
12735,32.00663009105122,0
12736,33.1805134085939,0
12737,33.444165373798306,0
12738,31.24232235836838,0
12739,29.963626441676645,0
12740,29.480572362965706,0
12741,29.152945924646442,0
12742,30.296048481908958,0
12743,30.34099664642014,0
12744,28.278918254609305,0
12745,27.072645190671963,0
12746,24.777630549985247,0
12747,25.53719002670993,0
12748,26.072541706974402,0
12749,25.016932144027813,0
12750,26.64711743925551,0
12751,22.0588807310794,0
12752,23.700308184139487,0
12753,24.520551257861975,0
12754,23.837106792299064,0
12755,23.455221921589718,0
12756,23.47852647596091,0
12757,22.525621692886666,0
12758,23.750159140056393,0
12759,23.473642980413242,0
12760,24.047577869186043,0
12761,26.553980523991225,0
12762,25.091803490542336,0
12763,25.32837221080068,0
12764,24.159197033743304,0
12765,26.52769856251659,0
12766,27.899085835222383,0
12767,28.157092870644437,0
12768,28.137677904060443,0
12769,29.52776546873183,0
12770,30.144389777691316,0
12771,29.71595299379602,0
12772,30.6174258502713,0
12773,30.51524924149484,0
12774,32.303881945140034,0
12775,32.376666331690224,0
12776,31.823226913274656,0
12777,32.514454515875784,0
12778,33.283086670992965,0
12779,31.694840126466957,0
12780,32.18041454902137,0
12781,33.80780654968682,0
12782,33.24058476135906,0
12783,31.667769605016883,0
12784,32.49476899538942,0
12785,33.145760930381506,0
12786,30.203187676067692,0
12787,30.97081845067698,0
12788,30.056230244864555,0
12789,29.49256362166978,0
12790,29.281931127932534,0
12791,28.492605623249617,0
12792,27.699978510103684,0
12793,29.040597718134315,0
12794,27.526989371583255,0
12795,27.17128290042613,0
12796,26.66818196283752,0
12797,24.89523989944532,0
12798,25.174834237927232,0
12799,23.68475133982738,0
12800,22.975719106117733,0
12801,22.353903222776374,0
12802,23.110036384219057,0
12803,22.771284952830225,0
12804,23.932006266216867,0
12805,23.321950994946516,0
12806,22.648546121534746,0
12807,23.487395467767776,0
12808,22.93534577720751,0
12809,24.50101855010009,0
12810,25.24847335281257,0
12811,26.00950020174004,0
12812,26.53753752253531,0
12813,25.95835160945954,0
12814,27.029394864289944,0
12815,26.41095725466968,0
12816,27.086674999018573,0
12817,28.509723371819426,0
12818,28.647801884190955,0
12819,29.846224739749633,0
12820,30.63667878909521,0
12821,31.320693877434433,0
12822,29.26981040510416,0
12823,32.74511919617531,0
12824,32.61826953957717,0
12825,34.47610927755595,0
12826,31.679751262543096,0
12827,32.03006055449024,0
12828,32.1471802157873,0
12829,34.392181299121134,0
12830,32.486277752715004,0
12831,33.233852964315474,0
12832,32.36790184311254,0
12833,33.82967657254462,0
12834,33.33968710766106,0
12835,32.291052788224675,0
12836,30.84207413671783,0
12837,29.10527383937145,0
12838,29.54363634819634,0
12839,28.457883969314366,0
12840,27.773529389573525,0
12841,28.042535002815075,0
12842,27.812691696232367,0
12843,26.28197367847235,0
12844,26.610979936739888,0
12845,24.60483830678221,0
12846,23.57241843534739,0
12847,23.380122352676565,0
12848,21.10520808684459,0
12849,25.897532415574155,0
12850,23.052608875203777,0
12851,21.808606396273856,0
12852,23.97936515165684,0
12853,23.285366625220817,0
12854,22.571756975204416,0
12855,23.788405520296077,0
12856,25.60783590248171,0
12857,23.335819146147564,0
12858,24.5100775484563,0
12859,25.05699775427617,0
12860,25.07801504732764,0
12861,26.419195132180928,0
12862,26.83046966666465,0
12863,29.37885834394674,0
12864,28.77674296532655,0
12865,29.48496487475601,0
12866,29.753553735203955,0
12867,29.808193225042128,0
12868,32.161737585026366,0
12869,31.08374198961953,0
12870,31.524995417045346,0
12871,32.187424956033745,0
12872,33.09701415673321,0
12873,32.33400084896232,0
12874,32.499857453537196,0
12875,32.94466425483618,0
12876,32.53637494798865,0
12877,33.73751943360064,0
12878,32.377097219965215,0
12879,33.735300829585576,0
12880,33.53301787417062,0
12881,33.04320810236368,0
12882,31.62433873727006,0
12883,30.88423939968122,0
12884,30.265146725982586,0
12885,29.1365011890164,0
12886,28.235703422125635,0
12887,28.29511143859917,0
12888,26.60676665654406,0
12889,27.3268786510544,0
12890,24.982471838944438,0
12891,26.07387169197116,0
12892,25.676629997788396,0
12893,25.26827526714673,0
12894,23.477854124537807,0
12895,22.810168543213173,0
12896,24.49363108917828,0
12897,24.31161404486416,0
12898,21.919246451959427,0
12899,22.772072341626835,0
12900,25.154359497958122,0
12901,24.155570157731944,0
12902,23.046487408299853,0
12903,24.21635303661447,0
12904,23.17239316806122,0
12905,23.995292958166377,0
12906,24.890214972085314,0
12907,24.31375593650875,0
12908,26.161527469590315,0
12909,25.32469088840948,0
12910,25.720195547728732,0
12911,26.94723633170229,0
12912,27.65829022290373,0
12913,28.098907678563684,0
12914,29.359468462216707,0
12915,30.150812842587396,0
12916,31.440447512283797,0
12917,30.263160925591272,0
12918,32.68396412938918,0
12919,31.487501198096464,0
12920,31.720756594436292,0
12921,32.66724506723578,0
12922,32.0854292130913,0
12923,33.46887620230515,0
12924,32.19870537729345,0
12925,33.467715363988944,0
12926,33.19808315713762,0
12927,33.9671649909837,0
12928,34.27802841934219,0
12929,31.687788225154183,0
12930,31.698240023119567,0
12931,30.715963318878604,0
12932,31.581296202413903,0
12933,30.680219762210786,0
12934,28.51763624109555,0
12935,29.70240183366979,0
12936,29.427587794332744,0
12937,25.519944325199177,0
12938,26.929876535884244,0
12939,26.399881220784206,0
12940,25.56302974603879,0
12941,24.607776174157237,0
12942,23.742485738002006,0
12943,23.15116591459254,0
12944,24.28665547144757,0
12945,23.289253530245364,0
12946,22.699133510868034,0
12947,22.8455307765593,0
12948,22.457987537811608,0
12949,22.976842129098195,0
12950,23.597384824080457,0
12951,20.4170957583601,0
12952,23.82706452281025,0
12953,25.043140204899398,0
12954,24.42292354315673,0
12955,24.80808073151699,0
12956,25.278819471456806,0
12957,26.832886013891123,0
12958,26.795858211223663,0
12959,27.365351810432358,0
12960,28.150468997857885,0
12961,30.00147132638755,0
12962,28.160729230206563,0
12963,30.346049536151064,0
12964,30.26763133995973,0
12965,29.69784970124571,0
12966,31.187520859126696,0
12967,32.9393498238734,0
12968,31.46213683368327,0
12969,31.698371217137957,0
12970,31.54512986438029,0
12971,35.49908480195394,0
12972,31.478705622205634,0
12973,33.39656983502232,0
12974,32.80524655689261,0
12975,34.53787997363008,0
12976,33.455146557546485,0
12977,32.5772168942585,0
12978,31.93385542296156,0
12979,30.90606806885516,0
12980,31.611009038068378,0
12981,29.769900402293477,0
12982,30.473049768094057,0
12983,27.034303946964148,0
12984,29.15144450732716,0
12985,28.05122176917032,0
12986,27.244221236374695,0
12987,25.87417710096095,0
12988,23.722103212270532,0
12989,25.735750329667294,0
12990,24.586124067609926,0
12991,24.69069424728382,0
12992,22.424191736405007,0
12993,22.62683404495187,0
12994,23.42992610401735,0
12995,25.389012080417633,0
12996,22.140940113905266,0
12997,23.69560119195207,0
12998,22.522012518993154,0
12999,24.304404843682285,0
13000,23.83758197872243,0
13001,24.920300022160912,0
13002,23.182588621875578,0
13003,26.212947225185165,0
13004,26.293190936040233,0
13005,25.48951747407818,0
13006,27.964301860095706,0
13007,26.17295358965437,0
13008,28.03333749103713,0
13009,28.70326760001579,0
13010,28.270447357154847,0
13011,29.972076705974846,0
13012,30.743765308491117,0
13013,32.26275174750568,0
13014,32.310777257543606,0
13015,31.930004654933185,0
13016,31.62145945359876,0
13017,32.5239302640219,0
13018,33.19516349307443,0
13019,31.587199782205087,0
13020,32.14032913933529,0
13021,33.69596795362654,0
13022,34.327150864106784,0
13023,32.72790373868644,0
13024,31.88568162456802,0
13025,32.50225300800916,0
13026,31.613971985436798,0
13027,29.817346310837895,0
13028,29.327798869474854,0
13029,30.8252021147379,0
13030,29.29099153847588,0
13031,28.570122960174974,0
13032,28.51380670888783,0
13033,27.333087443468898,0
13034,27.627827121077058,0
13035,26.183919494816042,0
13036,26.553618954466764,0
13037,25.68075840031097,0
13038,26.394240477311435,0
13039,24.0749466337449,0
13040,22.19373863769766,0
13041,23.830694639097953,0
13042,23.96163734611954,0
13043,22.810568523219324,0
13044,24.217644875996527,0
13045,23.688581933271468,0
13046,22.604292458443037,0
13047,23.137708548682976,0
13048,21.940352180850372,0
13049,22.83282521005965,0
13050,24.813663532949562,0
13051,22.945427430562255,0
13052,26.586493046358353,0
13053,25.853999079911457,0
13054,26.23228097246996,0
13055,27.955364861692367,0
13056,29.288879339737505,0
13057,28.949902175013737,0
13058,29.71984867324591,0
13059,30.234763670676816,0
13060,33.162253459376295,0
13061,31.739180300888684,0
13062,32.529674955073666,0
13063,32.35587369684261,0
13064,32.07274277530886,0
13065,31.55255077151156,0
13066,34.16296128057782,0
13067,32.31763414181748,0
13068,34.188339271084324,0
13069,32.094082906578315,0
13070,31.3921899920731,0
13071,32.975976966501804,0
13072,32.75249264317113,0
13073,31.496697522314797,0
13074,31.330269127727583,0
13075,30.960357739584676,0
13076,29.96364308027021,0
13077,29.689254782159633,0
13078,27.87829516699632,0
13079,27.571405116051242,0
13080,27.239886126387006,0
13081,28.140682760917066,0
13082,28.003837574648685,0
13083,24.790586368180865,0
13084,26.857317146362863,0
13085,26.04975312965879,0
13086,24.83662970146736,0
13087,24.928732206161857,0
13088,25.215719964340717,0
13089,23.588692879099792,0
13090,22.88398129989757,0
13091,22.491199403885894,0
13092,23.2166902026693,0
13093,23.132286915322705,0
13094,23.18935158098871,0
13095,23.354669970874063,0
13096,24.35877727900743,0
13097,23.761183100680345,0
13098,25.17305063178301,0
13099,24.651322620654476,0
13100,25.95566406686283,0
13101,25.646208810651913,0
13102,26.87160611534506,0
13103,26.717899279444644,0
13104,27.243441386089348,0
13105,28.974149956078726,0
13106,28.108474058856252,0
13107,30.443378901271743,0
13108,29.84895463286081,0
13109,31.30786249231315,0
13110,31.107166608971884,0
13111,30.423224239344083,0
13112,32.750399389522045,0
13113,34.299622175342456,0
13114,34.548657825737045,0
13115,33.30382315891932,0
13116,32.920049487972605,0
13117,32.29427075566831,0
13118,33.73928990896057,0
13119,32.88488360515322,0
13120,31.510618981103327,0
13121,31.509393485251987,0
13122,31.25792793398561,0
13123,30.396668676345307,0
13124,28.207173669133272,0
13125,30.23761833000311,0
13126,30.060545325242714,0
13127,29.01134422816869,0
13128,29.10569969431392,0
13129,27.1206725007112,0
13130,25.408886329107315,0
13131,25.764074925937095,0
13132,27.164146123463826,0
13133,24.25230290480284,0
13134,24.655634245588335,0
13135,25.28260123819363,0
13136,24.910052834682837,0
13137,22.62661084507276,0
13138,21.8833990124372,0
13139,21.922363546197072,0
13140,22.97522239975564,0
13141,22.737105694808463,0
13142,22.57148743729238,0
13143,23.79232106019424,0
13144,25.034809217833768,0
13145,23.420822372363535,0
13146,25.59599478026929,0
13147,24.368996305081133,0
13148,25.74557995469535,0
13149,25.274584442336394,0
13150,25.17232627048213,0
13151,28.21728840593437,0
13152,29.36099987690809,0
13153,28.831631307379062,0
13154,29.07174291402813,0
13155,29.728696167519548,0
13156,31.63054481587374,0
13157,29.14977172463953,0
13158,31.11552207889155,0
13159,33.77742780137753,0
13160,32.17504756537302,0
13161,32.39742235251386,0
13162,31.80545576685584,0
13163,35.094914003637896,0
13164,34.1568613651378,0
13165,34.29332303359252,0
13166,33.42687126908205,0
13167,31.257045237871573,0
13168,33.03810065739679,0
13169,33.746345079201774,0
13170,32.27495343364386,0
13171,30.759658470530017,0
13172,31.201059096212838,0
13173,29.4206626496511,0
13174,29.221949109177526,0
13175,28.3035094263372,0
13176,26.60715307572682,0
13177,26.83186398252544,0
13178,29.593101322281676,0
13179,25.104614798862904,0
13180,25.45813216288452,0
13181,23.964465697294468,0
13182,25.191808264761654,0
13183,22.491766407231474,0
13184,24.345231786742303,0
13185,23.825100314665615,0
13186,24.21501502080498,0
13187,24.068062565728315,0
13188,21.57507405716442,0
13189,23.524753007105105,0
13190,23.23156440043054,0
13191,24.07493298371842,0
13192,22.488530393277955,0
13193,24.409505949022194,0
13194,25.70834671852276,0
13195,23.549425220065586,0
13196,27.928272042642828,0
13197,27.02282251045453,0
13198,27.945401771083503,0
13199,27.301704131024376,0
13200,28.268322996674602,0
13201,28.76796712231884,0
13202,31.060390208307933,0
13203,29.305482961629775,0
13204,30.74020409903332,0
13205,32.99266992720733,0
13206,33.28916349585734,0
13207,30.735320311448138,0
13208,31.404637745059016,0
13209,32.76641101924091,0
13210,32.0990441639688,0
13211,33.063475522237155,0
13212,33.12906146754268,0
13213,31.138029401652652,0
13214,31.96666146360754,0
13215,32.60887354992372,0
13216,32.46752479047289,0
13217,30.479027613501042,0
13218,31.01780693743693,0
13219,29.151854402246943,0
13220,30.18921684266486,0
13221,31.671195471721262,0
13222,29.720570326899285,0
13223,27.39557188640698,0
13224,28.24816893279327,0
13225,26.827028686662786,0
13226,26.2170304075841,0
13227,24.54547603866148,0
13228,25.247906869441927,0
13229,24.364442537949856,0
13230,23.830284928651153,0
13231,24.216025506571093,0
13232,23.690618625179674,0
13233,24.553053718627964,0
13234,23.13609423572478,0
13235,21.91783351101117,0
13236,24.121135000323424,0
13237,24.639793320133226,0
13238,23.479509481730858,0
13239,23.6540079800888,0
13240,24.830358267306583,0
13241,26.06084826516806,0
13242,25.573885627023383,0
13243,23.569578211693308,0
13244,25.23004347573652,0
13245,25.048126101427815,0
13246,26.85576824986332,0
13247,25.517776016954457,0
13248,29.45468707032353,0
13249,29.104847442302066,0
13250,28.12307000524267,0
13251,30.751630690064278,0
13252,30.758537561390504,0
13253,30.77194341528005,0
13254,30.725956125745434,0
13255,32.13809115385839,0
13256,32.70523882618998,0
13257,31.977734801770758,0
13258,32.97877247176623,0
13259,32.304277285213644,0
13260,33.707177350186996,0
13261,32.58061322278927,0
13262,34.0455604713561,0
13263,32.17086385336591,0
13264,33.21462574594124,0
13265,33.426085077562206,0
13266,31.389863289429496,0
13267,30.22726631779395,0
13268,29.505657589174888,0
13269,29.17623888679367,0
13270,28.274053201114175,0
13271,29.076956682924884,0
13272,26.34410560220257,0
13273,26.02138247710258,0
13274,30.060579787651918,0
13275,26.072670062741043,0
13276,25.409529598461337,0
13277,26.541467763993197,0
13278,25.761966695661,0
13279,23.022103426985332,0
13280,24.97322950271987,0
13281,23.446765466968074,0
13282,22.71265399796571,0
13283,22.80984966067399,0
13284,21.71327701319495,0
13285,22.329676994601215,0
13286,24.308858365798464,0
13287,23.74072895440335,0
13288,23.263480510856073,0
13289,23.328857254974075,0
13290,24.97728334539474,0
13291,26.122338017265108,0
13292,26.184979083749035,0
13293,26.98355423490388,0
13294,25.708913609895518,0
13295,27.481199181987844,0
13296,25.76039432371472,0
13297,28.870103699067243,0
13298,28.97672273254141,0
13299,30.981989370973036,0
13300,31.12553603942331,0
13301,30.222456827221926,0
13302,31.559538442790586,0
13303,32.291420718354864,0
13304,32.894545223572386,0
13305,33.72929798577208,0
13306,34.811860450315535,0
13307,33.05540061648631,0
13308,33.504003020926504,0
13309,33.51441909976979,0
13310,32.14683123363079,0
13311,31.815811481928346,0
13312,30.619645334661335,0
13313,30.184275842830637,0
13314,31.419718477179938,0
13315,31.52166941947484,0
13316,30.70570631229338,0
13317,30.533203461071714,0
13318,28.15886582149248,0
13319,29.324371323946828,0
13320,29.319878889747038,0
13321,29.105799847779465,0
13322,27.32304249929977,0
13323,27.584888179109797,0
13324,23.476721705233672,0
13325,26.40609908997654,0
13326,23.375589746672734,0
13327,24.342678249363132,0
13328,24.779464489152762,0
13329,22.592179776261837,0
13330,22.808009620183547,0
13331,22.50910978858113,0
13332,21.99447829714017,0
13333,13.953077712135538,1
13334,17.02282384499896,0
13335,13.883239043049112,0
13336,15.697162475706085,0
13337,15.107043365239079,0
13338,17.60574264550565,0
13339,16.87807307175914,0
13340,18.263129443276043,0
13341,17.149058091938198,0
13342,17.394986706053512,0
13343,19.772454574089956,0
13344,21.142231043181773,0
13345,19.60646282107803,0
13346,21.005961294222118,0
13347,22.110008004198793,0
13348,23.037320756099,0
13349,22.777484057891133,0
13350,23.684894066192662,0
13351,23.80084424521103,0
13352,27.052284936954408,0
13353,24.12949736779727,0
13354,25.468429433878512,0
13355,24.127824385867576,0
13356,25.386164088314363,0
13357,23.158896336043316,0
13358,24.050658212214625,0
13359,25.469911526599642,0
13360,25.09801603308699,0
13361,24.5820147512118,0
13362,22.424513387303374,0
13363,23.97491968703528,0
13364,21.497544744329513,0
13365,21.89332132357678,0
13366,21.348279645144313,0
13367,22.25667336238861,0
13368,19.973059627991667,0
13369,17.828307209401395,0
13370,18.095043903883173,0
13371,19.13343186993104,0
13372,18.06101563582612,0
13373,17.77711135572256,0
13374,17.605700720300053,0
13375,16.404501965601202,0
13376,15.596208573740277,0
13377,13.797747727397375,0
13378,15.328995495112288,0
13379,15.801905968137042,0
13380,15.669173878413698,0
13381,15.646130579374887,0
13382,15.091383276886377,0
13383,15.053757624704902,0
13384,15.891770564949432,0
13385,15.072687520244635,0
13386,16.685267606305064,0
13387,17.75927606042133,0
13388,19.338693318776393,0
13389,17.100698066984425,0
13390,17.72430442630826,0
13391,17.9233658909661,0
13392,21.175889566352595,0
13393,20.96066532636213,0
13394,22.281229191900973,0
13395,21.80627853373979,0
13396,22.616283133587835,0
13397,23.16842475072024,0
13398,23.150328384455303,0
13399,25.897171824424884,0
13400,23.90563387486239,0
13401,26.004660214636644,0
13402,24.64740138700184,0
13403,26.002527309784213,0
13404,26.331912355786237,0
13405,26.149776419534696,0
13406,25.275763893152565,0
13407,24.557017674721195,0
13408,24.89464294546339,0
13409,24.05213672621807,0
13410,22.708876347313172,0
13411,20.68917227002893,0
13412,23.438581109527586,0
13413,20.92239726184885,0
13414,22.277672998663995,0
13415,18.820880725853385,0
13416,18.861636406394297,0
13417,18.01244350876663,0
13418,17.503088027184912,0
13419,16.787562196543607,0
13420,19.18159071026867,0
13421,17.61328128442495,0
13422,18.138942010978486,0
13423,16.818575612888438,0
13424,16.752820688171628,0
13425,15.870631172076239,0
13426,17.053797943931013,0
13427,15.785156212513304,0
13428,16.289640051570426,0
13429,15.182532191836358,0
13430,15.773844015393507,0
13431,13.695053877626636,0
13432,16.481594031689134,0
13433,16.03568780437726,0
13434,17.019970270299584,0
13435,18.04556538595729,0
13436,18.36469899296246,0
13437,17.18329569434578,0
13438,19.1879006426824,0
13439,19.23976618032447,0
13440,19.104412798377975,0
13441,21.417392733019994,0
13442,22.770346723008192,0
13443,22.1104177754431,0
13444,22.5218043219662,0
13445,22.55476834913206,0
13446,24.013534707077476,0
13447,24.103070715530553,0
13448,24.313189327378264,0
13449,23.796342743345186,0
13450,25.9230042949448,0
13451,24.650611183460896,0
13452,24.87031632233255,0
13453,25.119297580208034,0
13454,25.99590383590826,0
13455,24.075446898125453,0
13456,24.345414269155274,0
13457,23.466824864567915,0
13458,23.813770920359474,0
13459,23.60688686205625,0
13460,21.854497040323896,0
13461,20.875035896063686,0
13462,22.070869972463317,0
13463,19.32021136674268,0
13464,20.989885122347847,0
13465,19.219106158555956,0
13466,20.324414245093845,0
13467,17.0376010290554,0
13468,18.429402968275657,0
13469,16.609153429728632,0
13470,14.473323401691022,0
13471,16.91063467661708,0
13472,17.946635113462424,0
13473,16.20182685123928,0
13474,13.694888624594453,0
13475,15.11494199904243,0
13476,16.707894043733628,0
13477,15.72934436458776,0
13478,14.707325544095294,0
13479,14.11390204325136,0
13480,16.31121985923246,0
13481,15.179633712362657,0
13482,17.824600797759167,0
13483,16.81028727586046,0
13484,16.972505534446118,0
13485,18.095935221494663,0
13486,19.31884768378728,0
13487,20.712649372216955,0
13488,19.764464449591085,0
13489,20.655840734828374,0
13490,23.744394765084877,0
13491,22.19750519258481,0
13492,21.403011782249717,0
13493,22.640537956417973,0
13494,23.13815648399171,0
13495,22.228238376788724,0
13496,22.71088727327705,0
13497,25.011288849756983,0
13498,24.123527270029875,0
13499,23.63361613229303,0
13500,24.47433386706514,0
13501,23.4429524669597,0
13502,24.51787869389743,0
13503,20.71380787157418,0
13504,23.354567551988012,0
13505,23.25633578547078,0
13506,22.48484865127393,0
13507,23.98607393302923,0
13508,20.768897353640032,0
13509,21.251430557868474,0
13510,20.89850245529851,0
13511,21.33057791124531,0
13512,19.731231568229095,0
13513,18.842651317146085,0
13514,19.0279735556266,0
13515,16.660233740738953,0
13516,16.835592264701308,0
13517,16.861069245349494,0
13518,15.377843885660758,0
13519,16.481197528350215,0
13520,15.68668365976368,0
13521,15.457558481354011,0
13522,15.818197703853613,0
13523,14.560094392126675,0
13524,14.306643714311946,0
13525,16.841181748053152,0
13526,15.370003357356838,0
13527,15.868273383194358,0
13528,14.743508408224857,0
13529,16.089318491097686,0
13530,15.434846477705769,0
13531,16.79842541244406,0
13532,17.245831343287023,0
13533,16.829190535617553,0
13534,18.19238803327347,0
13535,19.0198077555896,0
13536,19.38642850577388,0
13537,21.26394408428843,0
13538,20.781932268051982,0
13539,21.85460300330325,0
13540,22.10719278222296,0
13541,22.230861259981808,0
13542,22.969352096193408,0
13543,24.71530280455837,0
13544,24.614167887560306,0
13545,22.805247579167784,0
13546,25.61439921146451,0
13547,24.128353793391742,0
13548,25.463884791108356,0
13549,25.33578742542121,0
13550,26.785205663221934,0
13551,24.822763782582633,0
13552,24.309135545583022,0
13553,23.927857619883802,0
13554,24.227595077199766,0
13555,24.023692590205506,0
13556,24.074727634028385,0
13557,19.602510515960088,0
13558,21.065128573879342,0
13559,22.11124853715676,0
13560,20.038846072565562,0
13561,17.254111024499753,0
13562,18.867762555682972,0
13563,19.608032504732176,0
13564,18.96813578501292,0
13565,18.176352614511433,0
13566,17.578226346778152,0
13567,15.90349872248008,0
13568,15.431575136739525,0
13569,16.050830428717966,0
13570,16.83750312346511,0
13571,15.361475018118787,0
13572,15.398993407690343,0
13573,14.243882528334822,0
13574,15.367268978240006,0
13575,13.633307804463113,0
13576,16.29507570342739,0
13577,16.33560142488752,0
13578,16.034363567369223,0
13579,17.233693674437912,0
13580,17.59524078958928,0
13581,16.77151694248382,0
13582,18.040951143175377,0
13583,19.66982754864385,0
13584,21.254617594750382,0
13585,21.936893636091167,0
13586,20.984852431829257,0
13587,21.78438311871812,0
13588,22.97075761320764,0
13589,24.97766525374424,0
13590,22.28135517114588,0
13591,24.845636933159962,0
13592,23.32648297632148,0
13593,23.88442437452604,0
13594,26.07145935212331,0
13595,25.57535021370015,0
13596,23.981571710271428,0
13597,25.120104440130802,0
13598,26.018960722776253,0
13599,24.698298054334803,0
13600,24.22296740690121,0
13601,23.349620431742903,0
13602,23.333249634935104,0
13603,24.083349545943758,0
13604,22.840398101011303,0
13605,24.128951374190535,0
13606,21.52345627243631,0
13607,21.008206491145195,0
13608,18.641455888617827,0
13609,19.70032007503,0
13610,16.24134734889939,0
13611,19.05970513980407,0
13612,16.59404108481508,0
13613,16.894277020959553,0
13614,17.77192218042994,0
13615,17.20139930925308,0
13616,16.775043547131133,0
13617,15.55871290759346,0
13618,15.80926689684994,0
13619,14.274130452506634,0
13620,15.717475815281269,0
13621,15.94389435104967,0
13622,14.485287991384645,0
13623,15.745432046511961,0
13624,17.05219992624399,0
13625,15.975114029570435,0
13626,16.904746132594436,0
13627,17.17393461545778,0
13628,19.94548094991169,0
13629,19.012500266158014,0
13630,18.4148091983653,0
13631,19.727234967434075,0
13632,20.284365339198303,0
13633,19.580347082304215,0
13634,21.486368463152896,0
13635,21.75795538814575,0
13636,22.029381280160973,0
13637,23.09105881348871,0
13638,23.149835976069213,0
13639,24.722540953056487,0
13640,25.39731157317596,0
13641,26.138860071518543,0
13642,25.643793368894023,0
13643,24.753682378993535,0
13644,24.27451434346479,0
13645,26.225588965913108,0
13646,24.09384320578042,0
13647,24.12710103311152,0
13648,24.06327303733703,0
13649,23.143522286490146,0
13650,21.754461982050152,0
13651,24.064657356752466,0
13652,22.59559782733308,0
13653,23.21802117594791,0
13654,21.421877409418858,0
13655,21.934080683210823,0
13656,19.43329422881766,0
13657,19.233866960100514,0
13658,17.360111517027093,0
13659,17.94199125413717,0
13660,16.099386482084707,0
13661,16.376265611090467,0
13662,17.189075233891856,0
13663,15.75142554589131,0
13664,16.346708739930364,0
13665,15.017078019102136,0
13666,15.015937750125955,0
13667,13.035936743547584,0
13668,15.775020609736469,0
13669,14.275992055094328,0
13670,16.52120736708854,0
13671,14.47360300386327,0
13672,15.185660805387814,0
13673,15.417661666873745,0
13674,15.60440451076673,0
13675,15.806616651937933,0
13676,16.30247122609311,0
13677,19.719523823458925,0
13678,19.604134973626646,0
13679,19.516100092922358,0
13680,19.38926381652763,0
13681,19.645906282115263,0
13682,20.277033237467286,0
13683,21.669449345063573,0
13684,21.04264219500188,0
13685,22.3316089178212,0
13686,23.574605702117534,0
13687,23.650199815482125,0
13688,24.518934498143807,0
13689,24.023924953625002,0
13690,22.892073860575717,0
13691,23.691401337186377,0
13692,24.456140822167015,0
13693,25.063292239066627,0
13694,23.63887797137441,0
13695,24.341102528370918,0
13696,26.841537980755138,0
13697,23.474399726210496,0
13698,23.288649468298058,0
13699,23.307365581472588,0
13700,21.8280605209076,0
13701,21.44278538248868,0
13702,20.751431802208348,0
13703,20.399829682554675,0
13704,21.606636822390744,0
13705,19.91450967989732,0
13706,18.795001810446117,0
13707,18.340035390898652,0
13708,18.08160372594359,0
13709,18.694523581815,0
13710,16.07567626878589,0
13711,15.211394401730898,0
13712,15.07274355241077,0
13713,14.96192036259699,0
13714,15.24198398821864,0
13715,15.976205494883509,0
13716,14.409211767015861,0
13717,14.951922956560974,0
13718,16.799966551390906,0
13719,14.385682566150374,0
13720,14.052347791324111,0
13721,16.107193602993853,0
13722,16.531621251071837,0
13723,17.84059506798171,0
13724,16.80545667776893,0
13725,20.078527577787632,0
13726,18.46325180381848,0
13727,19.756340263903446,0
13728,20.886249365225833,0
13729,20.88105257208135,0
13730,20.699524962091278,0
13731,21.693801253465374,0
13732,22.871054016221244,0
13733,22.845034285780354,0
13734,24.021614374456185,0
13735,24.248775357016154,0
13736,25.165269718913965,0
13737,23.862040713501592,0
13738,25.66512780920791,0
13739,24.936218129586173,0
13740,24.80902410899915,0
13741,23.946250838002243,0
13742,24.612951327290574,0
13743,25.499783986239027,0
13744,24.34381213290335,0
13745,23.09419047894098,0
13746,23.867595878570683,0
13747,23.027102989609304,0
13748,21.501153359541057,0
13749,21.41345844130458,0
13750,20.24712195980954,0
13751,20.220412210371,0
13752,19.854502224055622,0
13753,18.04316347788324,0
13754,19.819853365617284,0
13755,18.462537674934282,0
13756,19.321718174130037,0
13757,16.442493500772457,0
13758,18.09278413287488,0
13759,16.482311079451133,0
13760,16.33871201223911,0
13761,14.935579335301234,0
13762,13.520386791922153,0
13763,15.369130707647864,0
13764,15.792517010997107,0
13765,13.992595085056417,0
13766,15.59667968769001,0
13767,15.510170276472998,0
13768,13.510517343045514,0
13769,16.736380524105357,0
13770,17.82587959698523,0
13771,14.269724182288739,0
13772,18.23951644974763,0
13773,17.52308456525292,0
13774,17.387452878053363,0
13775,17.609530118049044,0
13776,18.776479350424086,0
13777,20.614022384031106,0
13778,21.44625509248157,0
13779,22.49775278044455,0
13780,23.028915571456835,0
13781,22.2651830484581,0
13782,23.174500991738324,0
13783,25.31781448378083,0
13784,23.92586856002157,0
13785,24.753548113367863,0
13786,24.57713210604514,0
13787,27.136786841339326,0
13788,24.380208964541332,0
13789,24.842165825228744,0
13790,23.40660770454883,0
13791,25.026138131782318,0
13792,23.46350059151343,0
13793,25.17758492362403,0
13794,23.07915418987217,0
13795,22.858518395602612,0
13796,23.800075508502573,0
13797,22.589988735710698,0
13798,19.77827517257658,0
13799,20.937261557397417,0
13800,18.874607115563418,0
13801,18.53401212580889,0
13802,20.45509983207869,0
13803,18.476342581942433,0
13804,16.91822228080784,0
13805,17.589932891855767,0
13806,14.60972665731917,0
13807,16.26658313631008,0
13808,13.428783844979275,0
13809,16.75902506223535,0
13810,15.099010132628248,0
13811,14.153929483094537,0
13812,14.065239793061693,0
13813,15.563606843510605,0
13814,15.310136802954842,0
13815,15.136749966377558,0
13816,14.84127433345953,0
13817,14.225377361348361,0
13818,16.972750734985652,0
13819,17.211776215519222,0
13820,17.564288668543178,0
13821,17.20652632399014,0
13822,19.025887461598433,0
13823,17.8773471243103,0
13824,19.966062463214428,0
13825,22.68199905351313,0
13826,20.616003274140912,0
13827,20.592158184205626,0
13828,22.848101094930417,0
13829,24.72987875278454,0
13830,23.20203678993548,0
13831,22.84692596770825,0
13832,22.93286667009255,0
13833,22.460255764300637,0
13834,24.88402029588146,0
13835,26.576594416072968,0
13836,24.621194483125816,0
13837,22.9075837797341,0
13838,25.794559244724383,0
13839,24.57126637034442,0
13840,26.009275755863307,0
13841,25.058650572691636,0
13842,22.381136794825366,0
13843,23.69915867951545,0
13844,23.48122658177725,0
13845,21.931207393749418,0
13846,19.642356702864124,0
13847,20.882655357422774,0
13848,20.560744116386722,0
13849,20.499359790816683,0
13850,16.941639384526297,0
13851,16.757970224020205,0
13852,17.808784036932682,0
13853,15.57768793552869,0
13854,17.52375138667387,0
13855,15.345590580428345,0
13856,16.09168661308463,0
13857,17.218364265615406,0
13858,15.27309579115099,0
13859,15.97773703553924,0
13860,14.746712901627228,0
13861,15.931592008300738,0
13862,15.401523142896783,0
13863,15.174689820465106,0
13864,16.196011313445766,0
13865,16.411704050516544,0
13866,17.898689639359947,0
13867,17.453402875115,0
13868,17.73223228201852,0
13869,16.98516380623449,0
13870,19.214070381630115,0
13871,19.14197365671108,0
13872,21.37804607403364,0
13873,18.902175269694872,0
13874,22.1088322464444,0
13875,21.333859208634873,0
13876,24.443430329217765,0
13877,21.022934801111333,0
13878,22.048866481479365,0
13879,23.41535747463741,0
13880,23.671372806185246,0
13881,25.805825563911604,0
13882,24.956538753283944,0
13883,24.027658860006053,0
13884,25.248227629832666,0
13885,27.081900630274877,0
13886,24.72734000197777,0
13887,24.243775413745183,0
13888,26.13462346319915,0
13889,22.72399933994392,0
13890,23.701313311192667,0
13891,23.345342545351013,0
13892,21.10672885278013,0
13893,22.279684059104234,0
13894,22.637122967973685,0
13895,18.976415712963263,0
13896,20.04642348837885,0
13897,20.882325293021072,0
13898,19.01960296111368,0
13899,17.889196865499763,0
13900,18.2278589581255,0
13901,17.74422285893142,0
13902,17.847538223085365,0
13903,15.898602172755833,0
13904,16.699288659866447,0
13905,16.61152114016437,0
13906,16.313683697643803,0
13907,13.06882297944612,0
13908,14.897548706591444,0
13909,16.714664813745685,0
13910,15.808701496241625,0
13911,15.603285275731727,0
13912,14.836415941099538,0
13913,14.458929951504542,0
13914,14.56366523619827,0
13915,18.572305903034213,0
13916,16.954561350520674,0
13917,18.191746146663966,0
13918,18.206536628985514,0
13919,19.497637125163156,0
13920,20.685948025269795,0
13921,19.770993830443654,0
13922,22.35072569664292,0
13923,22.40289919459898,0
13924,22.06241603919387,0
13925,21.384346329779277,0
13926,24.513927197603845,0
13927,25.653829395537777,0
13928,25.534645115399538,0
13929,25.188031908206636,0
13930,25.218334056110287,0
13931,24.933094217952764,0
13932,25.74554158026162,0
13933,24.067841178790946,0
13934,26.31733582193587,0
13935,25.596939015774755,0
13936,24.699430629572003,0
13937,23.662808636792107,0
13938,20.965882748534945,0
13939,23.758634506276792,0
13940,22.52125315984464,0
13941,23.212971656155826,0
13942,21.06073363844162,0
13943,21.55981831933741,0
13944,19.964645283158912,0
13945,19.90319997945844,0
13946,18.598205115472258,0
13947,17.742772116611867,0
13948,16.601486516479984,0
13949,16.057136770697024,0
13950,17.39179808951572,0
13951,15.767089733965642,0
13952,15.226101942708295,0
13953,15.325942603633116,0
13954,15.543270920868636,0
13955,15.39878625882192,0
13956,14.278537421314873,0
13957,16.138727803638904,0
13958,15.687560950598368,0
13959,14.703001792244265,0
13960,14.655965463767423,0
13961,15.880454516890632,0
13962,16.837794411375718,0
13963,17.518799429054226,0
13964,18.281946017207442,0
13965,17.382663611586388,0
13966,19.450412786257044,0
13967,19.705745541932643,0
13968,21.887498640480114,0
13969,20.818564399218175,0
13970,21.98057348592246,0
13971,22.37411986068438,0
13972,22.03929907017421,0
13973,23.01782856000859,0
13974,23.095738878397754,0
13975,23.873752033181074,0
13976,23.889167123285524,0
13977,24.493632015874063,0
13978,26.020854353060074,0
13979,27.899855652096424,0
13980,24.682455075108635,0
13981,24.22015543068066,0
13982,25.536404166647,0
13983,24.15540602715475,0
13984,24.673181683868282,0
13985,22.852875795095425,0
13986,23.372546213424346,0
13987,22.514778749919188,0
13988,22.89843322449067,0
13989,22.439258230846402,0
13990,20.35802777288301,0
13991,21.797535898610988,0
13992,20.62482346985206,0
13993,19.053473312376724,0
13994,20.2094542267491,0
13995,17.459474089235346,0
13996,15.635859867046065,0
13997,18.431866877875994,0
13998,17.451978064884607,0
13999,16.642224617111125,0
14000,16.211659075579497,0
14001,16.37671011199432,0
14002,15.596391790294447,0
14003,15.26741659891228,0
14004,13.875272784529335,0
14005,14.8296403801811,0
14006,16.40777295088211,0
14007,16.380107903863717,0
14008,16.007147202365886,0
14009,16.481689421226715,0
14010,15.321532063638417,0
14011,17.96400808774681,0
14012,17.23663213456468,0
14013,17.828444202494072,0
14014,18.517825261684994,0
14015,19.295611638566935,0
14016,19.72752668976761,0
14017,20.280743655428378,0
14018,20.900416430315328,0
14019,23.11221103133552,0
14020,22.15154793225767,0
14021,23.278147262591595,0
14022,24.12477722075491,0
14023,23.53770746711144,0
14024,24.47821950093813,0
14025,26.718717314200518,0
14026,26.235244350784054,0
14027,24.850602365687415,0
14028,26.030665872662,0
14029,24.788346066034045,0
14030,25.139456164364272,0
14031,25.749811227879306,0
14032,24.446088206508175,0
14033,22.714508076140632,0
14034,23.400651700316622,0
14035,21.339609320652702,0
14036,21.98292023811076,0
14037,20.34704646859236,0
14038,21.980459320831837,0
14039,21.938269320296367,0
14040,20.25530283906091,0
14041,18.21310231904805,0
14042,19.38020277979096,0
14043,17.707435418792265,0
14044,18.430403940330336,0
14045,16.781091588816917,0
14046,16.09856384651829,0
14047,16.81710389113841,0
14048,15.924342282512688,0
14049,14.971192873899566,0
14050,15.651595127331442,0
14051,16.36736254848971,0
14052,12.433116779594336,0
14053,14.708781352575471,0
14054,14.056101179283846,0
14055,16.01919382779735,0
14056,17.255870296778415,0
14057,16.235157703295833,0
14058,16.93875486023883,0
14059,15.135981725843036,0
14060,18.859049861083907,0
14061,18.866269791517954,0
14062,18.8326607215568,0
14063,19.533648664195503,0
14064,18.279059137081774,0
14065,21.420210540555907,0
14066,21.004244683187412,0
14067,22.568701641651923,0
14068,21.870753738286936,0
14069,22.906675610654737,0
14070,21.58872734956743,0
14071,24.039565897808874,0
14072,24.245258861708685,0
14073,24.526199518710328,0
14074,24.99100475119765,0
14075,24.817594174189363,0
14076,26.175275507425013,0
14077,24.670755019258813,0
14078,24.394169536757417,0
14079,24.446390244744777,0
14080,24.379818559663722,0
14081,25.786559647839702,0
14082,22.545093636799333,0
14083,23.48019319482164,0
14084,23.849630448661674,0
14085,21.96646482810602,0
14086,19.691075812842826,0
14087,20.434477654915955,0
14088,20.745902730899513,0
14089,18.849080102588196,0
14090,18.675088631269617,0
14091,18.74461006244752,0
14092,18.77480309950868,0
14093,18.407215613572607,0
14094,16.748875295445853,0
14095,16.379043235901424,0
14096,15.784257998117814,0
14097,13.053956342951091,0
14098,14.351523733667825,0
14099,14.314836423552691,0
14100,14.75328198590093,0
14101,14.06887020763871,0
14102,14.835859718462157,0
14103,15.39556289704685,0
14104,14.886079868409084,0
14105,16.469968492170903,0
14106,16.734305339763118,0
14107,15.763902926303048,0
14108,18.04007041332337,0
14109,18.184130916611945,0
14110,18.704048310921785,0
14111,19.68595220293169,0
14112,18.096752804093757,0
14113,21.442265453370748,0
14114,21.21544653875352,0
14115,23.784097657956263,0
14116,23.460614433594156,0
14117,22.99361830753788,0
14118,23.780640032391133,0
14119,24.71749037819119,0
14120,25.369218157554418,0
14121,24.73693102007175,0
14122,24.55979865640659,0
14123,24.61086787472082,0
14124,26.252090976656312,0
14125,26.53649289847877,0
14126,25.91980859097079,0
14127,24.946650274090796,0
14128,23.493355047435482,0
14129,25.053192555772323,0
14130,23.21271023146702,0
14131,21.52304860200392,0
14132,23.070743212068653,0
14133,22.851928649335427,0
14134,21.643281911293055,0
14135,22.130845857271613,0
14136,19.211322513283204,0
14137,20.136717004334326,0
14138,19.926589615537942,0
14139,18.27011313278114,0
14140,19.90458281951157,0
14141,14.995641464096018,0
14142,15.83473472603116,0
14143,14.177571261195004,0
14144,13.552635643815428,0
14145,13.446883869040176,0
14146,14.999220728694686,0
14147,14.73765986704723,0
14148,14.361902477467321,0
14149,16.441261340818308,0
14150,14.383034017403453,0
14151,15.685353524499908,0
14152,15.619866722508387,0
14153,17.00726315812917,0
14154,16.114288258349617,0
14155,16.140221998614944,0
14156,16.23457029932094,0
14157,17.916531046875825,0
14158,20.481962868772843,0
14159,17.102789461407376,0
14160,19.72201204324499,0
14161,18.742323511963843,0
14162,22.59881955277521,0
14163,19.075073503951472,0
14164,21.948100228126503,0
14165,23.956849754425086,0
14166,23.563586401485274,0
14167,24.57723822904707,0
14168,25.440293782986995,0
14169,23.853568661609703,0
14170,26.621848465979618,0
14171,25.46725017479994,0
14172,23.632525508847777,0
14173,23.978272574560002,0
14174,24.383500181360397,0
14175,23.024817560413318,0
14176,25.68542859405866,0
14177,23.769067519642533,0
14178,23.649286312004516,0
14179,23.50800110406807,0
14180,23.795660532425238,0
14181,21.890787290948584,0
14182,21.04958423198296,0
14183,21.352056116244725,0
14184,21.351063551575493,0
14185,18.647608086123867,0
14186,20.088777503960923,0
14187,18.413522958560016,0
14188,16.835370914743248,0
14189,17.804579001171266,0
14190,16.509130247358282,0
14191,14.032801163001707,0
14192,16.776609892675157,0
14193,13.941995784371914,0
14194,14.913361639328455,0
14195,15.063798260796922,0
14196,15.229259127284728,0
14197,16.400948667935968,0
14198,15.551563257662576,0
14199,12.985223262063904,0
14200,15.713753891960243,0
14201,15.781981413754085,0
14202,15.426130214418901,0
14203,17.326460046625304,0
14204,17.62923710227734,0
14205,20.4160922801562,0
14206,20.707389491535213,0
14207,17.95297540020133,0
14208,19.367518135154473,0
14209,20.414692514875725,0
14210,22.808104920305357,0
14211,22.69472045619961,0
14212,21.98081786011489,0
14213,23.473454993261544,0
14214,25.268098103094715,0
14215,24.7907454880781,0
14216,24.00738089960347,0
14217,25.03389108729299,0
14218,25.105456514442537,0
14219,25.17760692078031,0
14220,23.86960973514673,0
14221,26.375559062667353,0
14222,24.319853383898746,0
14223,26.27067796728261,0
14224,23.32382354575685,0
14225,24.077455599629406,0
14226,22.788024855879094,0
14227,23.0236446710805,0
14228,23.463706028638093,0
14229,22.188156708115432,0
14230,21.946796224569304,0
14231,20.002257789205657,0
14232,20.8645805946945,0
14233,18.5729444828175,0
14234,18.524374231347856,0
14235,18.105582900607462,0
14236,15.309262346420972,0
14237,15.111612669667007,0
14238,17.301822829114244,0
14239,16.229803077791445,0
14240,16.101677621158235,0
14241,16.689649630660682,0
14242,14.910061326764376,0
14243,14.642843077171808,0
14244,15.681588169656987,0
14245,15.884099230662326,0
14246,14.91406580259885,0
14247,15.651429523001543,0
14248,14.989906990840595,0
14249,15.013047393026238,0
14250,17.087938956276883,0
14251,16.27070748837649,0
14252,16.489033068483145,0
14253,17.69063356744504,0
14254,18.980137979515455,0
14255,18.434016393178315,0
14256,17.741698366305663,0
14257,21.79115539041025,0
14258,21.06423731477365,0
14259,20.845518624061306,0
14260,22.236814834521514,0
14261,23.40974893034268,0
14262,22.55053625748757,0
14263,23.652024242966466,0
14264,23.190437757592118,0
14265,24.569141404392624,0
14266,25.88970757013525,0
14267,23.356518757501636,0
14268,25.501254677963274,0
14269,23.770622236354903,0
14270,24.66529273694262,0
14271,25.790155115192224,0
14272,24.694549253622128,0
14273,25.036946802150382,0
14274,22.99706546985144,0
14275,23.838383070735677,0
14276,20.26882840272257,0
14277,21.44906285546666,0
14278,20.820066838425756,0
14279,19.35260046833976,0
14280,18.66296506574286,0
14281,17.474247127007132,0
14282,18.956909190805902,0
14283,18.92808179049319,0
14284,15.79018257703826,0
14285,17.241161524946406,0
14286,16.435098420177127,0
14287,16.254826918579088,0
14288,15.78829182937653,0
14289,16.537813573717138,0
14290,15.205662793338224,0
14291,15.262972437666981,0
14292,15.55911968534264,0
14293,14.684732919831466,0
14294,16.809831694460296,0
14295,16.83163557089236,0
14296,14.924835530067032,0
14297,15.638398495884712,0
14298,14.491219614491031,0
14299,16.433799854413394,0
14300,19.72284231906206,0
14301,18.040575013737598,0
14302,20.085710815338555,0
14303,17.384332874887427,0
14304,21.057164782912263,0
14305,21.949805754519133,0
14306,20.980878870201952,0
14307,20.4182578655836,0
14308,21.733830586856204,0
14309,21.862302747889622,0
14310,22.67016427507948,0
14311,22.589790012862046,0
14312,24.655310634567087,0
14313,24.828816197667127,0
14314,25.440038444599953,0
14315,26.329181194533966,0
14316,24.246917342619103,0
14317,24.431682605957256,0
14318,25.065788974170545,0
14319,25.046764636951178,0
14320,24.75389032794809,0
14321,23.517837128909118,0
14322,23.660686274348716,0
14323,25.753549321238786,0
14324,22.25927915220177,0
14325,21.0232704667676,0
14326,22.786947448616676,0
14327,20.384058345282206,0
14328,18.9641384518932,0
14329,19.483856804361977,0
14330,18.06426483399067,0
14331,19.564147771054333,0
14332,18.243465534891772,0
14333,17.060693997711965,0
14334,18.925262344181277,0
14335,15.727203814480498,0
14336,17.22765632134653,0
14337,14.193514345268131,0
14338,14.915860940102537,0
14339,14.347738632992957,0
14340,16.19883108908019,0
14341,16.610253255395552,0
14342,14.515720860071124,0
14343,16.004862487151012,0
14344,16.942671650667197,0
14345,15.951872774229654,0
14346,15.218466841732763,0
14347,16.698715439364076,0
14348,17.122120745015835,0
14349,18.599909259222787,0
14350,19.72488234947094,0
14351,20.15660285874488,0
14352,19.1548207443521,0
14353,20.70463775093746,0
14354,21.71687198989321,0
14355,21.511749728524777,0
14356,23.331208021416533,0
14357,23.165252175288913,0
14358,23.998138243809528,0
14359,22.99908876491575,0
14360,24.885331836145447,0
14361,24.896719368724657,0
14362,26.326963569992643,0
14363,25.87410759427746,0
14364,24.436670387552905,0
14365,24.562444956647617,0
14366,26.73709665755127,0
14367,23.24460289123969,0
14368,24.779464152606053,0
14369,22.793865493492003,0
14370,23.120551806346963,0
14371,22.136404965171693,0
14372,23.35207234019547,0
14373,22.9255759922862,0
14374,20.77020328498436,0
14375,18.969472767197697,0
14376,19.88771768002716,0
14377,18.53728195614276,0
14378,16.86393670840182,0
14379,17.46516113103195,0
14380,14.58725110362904,0
14381,17.730370574589895,0
14382,15.74918285587624,0
14383,14.209575217102948,0
14384,15.864028719130022,0
14385,14.914261373237153,0
14386,15.95339878894552,0
14387,14.907006119145363,0
14388,15.206746951278381,0
14389,15.671095700504182,0
14390,14.708426161613703,0
14391,14.41179511014243,0
14392,13.390610903721456,0
14393,18.35661505107281,0
14394,17.00340394410979,0
14395,16.507881741982448,0
14396,17.034965253832276,0
14397,17.2228372186815,0
14398,20.116796141055303,0
14399,18.966374649407793,0
14400,19.815891054867624,0
14401,20.752141829876226,0
14402,18.938955667469273,0
14403,21.336648104749173,0
14404,21.66464258338138,0
14405,24.739780159394602,0
14406,23.73303450530466,0
14407,23.819655889208544,0
14408,23.03623832758577,0
14409,24.094355926668403,0
14410,24.808815347036663,0
14411,23.92863889276292,0
14412,25.13643027348546,0
14413,24.164992693226775,0
14414,25.40670048171946,0
14415,23.716836082775842,0
14416,25.036058824395845,0
14417,24.449419091285442,0
14418,23.70753046788133,0
14419,23.45207268191784,0
14420,22.690066755403553,0
14421,21.394752926277974,0
14422,24.15273379703395,0
14423,19.94270018142245,0
14424,18.919634175432204,0
14425,17.64824850985493,0
14426,18.62306840179781,0
14427,20.167842716193768,0
14428,17.209259678846674,0
14429,16.359191422413623,0
14430,16.573344887796175,0
14431,16.259373467442934,0
14432,14.905737259891573,0
14433,14.603665152843238,0
14434,14.568090749546268,0
14435,16.008927104330713,0
14436,15.573057587321552,0
14437,16.044714191116224,0
14438,16.648405078476067,0
14439,16.57045058591095,0
14440,15.238746988207321,0
14441,16.645518077314392,0
14442,15.74377071055304,0
14443,17.768982818499477,0
14444,16.504606245587624,0
14445,18.842739045595746,0
14446,19.068569811119357,0
14447,17.454404530007633,0
14448,20.550836357226302,0
14449,20.821828558554433,0
14450,21.796077560725713,0
14451,22.218583766029056,0
14452,23.136281792667358,0
14453,22.3310504404466,0
14454,22.721735336399792,0
14455,23.002379359911806,0
14456,22.703734257653146,0
14457,25.466441001891244,0
14458,24.442580220191086,0
14459,26.360836227748553,0
14460,24.238155708289057,0
14461,25.23812520992254,0
14462,25.11352018403063,0
14463,24.62745374439184,0
14464,25.16700804962044,0
14465,25.570799517337527,0
14466,25.361558001411094,0
14467,23.226557553877683,0
14468,23.973832376590803,0
14469,23.51112264434804,0
14470,20.280937745942403,0
14471,21.29449458146165,0
14472,19.597110347585144,0
14473,20.397480145152993,0
14474,19.737559848262684,0
14475,19.61356330326953,0
14476,18.04287678214337,0
14477,16.637025844953744,0
14478,17.306577306609455,0
14479,15.77557881921726,0
14480,19.1511345383504,0
14481,16.1971308828001,0
14482,14.719203100368134,0
14483,15.413671195195217,0
14484,16.357380758597046,0
14485,14.572346747728353,0
14486,15.601261222203677,0
14487,15.19514430641915,0
14488,13.338712046001747,0
14489,16.82042124340065,0
14490,16.89823647820173,0
14491,16.259755806225776,0
14492,17.842544220941306,0
14493,17.387063231437967,0
14494,20.487433349686892,0
14495,18.299313264163487,0
14496,20.77235058977634,0
14497,22.50013321445927,0
14498,20.62092746770297,0
14499,22.248284951431106,0
14500,21.768854822190075,0
14501,21.197725878517932,0
14502,24.984431385225697,0
14503,24.00334515934247,0
14504,25.69303826013897,0
14505,25.881290216437247,0
14506,26.497461434697968,0
14507,24.868213045055526,0
14508,25.174848851693465,0
14509,23.935027504182766,0
14510,25.90903191654637,0
14511,22.839408852444205,0
14512,24.028581879473915,0
14513,23.21949315673077,0
14514,24.177759850691526,0
14515,22.082695470538727,0
14516,24.168523459768476,0
14517,22.12627716868034,0
14518,21.95803233158066,0
14519,20.97839359332959,0
14520,19.835302313478223,0
14521,19.182352744436773,0
14522,17.38417118473613,0
14523,19.22556620515833,0
14524,17.78156731443691,0
14525,16.97802702436011,0
14526,14.438337945447428,0
14527,15.514396001822739,0
14528,14.902438859617549,0
14529,14.460083626043938,0
14530,16.030579941147362,0
14531,15.355598509664443,0
14532,16.065412110169312,0
14533,15.19386287416458,0
14534,14.962324072704511,0
14535,15.838270098708925,0
14536,15.852601179097999,0
14537,15.955171060612443,0
14538,15.239087275467504,0
14539,18.728331206262187,0
14540,16.75511378149608,0
14541,18.909817883980786,0
14542,19.31624721601542,0
14543,20.350343859632275,0
14544,19.472678064582,0
14545,21.463180834812363,0
14546,20.125699513485106,0
14547,22.54185387056107,0
14548,23.04268000030157,0
14549,22.621654411787986,0
14550,25.723199734713024,0
14551,22.409702323428533,0
14552,23.737210350176614,0
14553,23.970263237689217,0
14554,24.16740035319839,0
14555,26.049098113055653,0
14556,24.837945435171154,0
14557,25.155819533747977,0
14558,23.43192455753399,0
14559,22.62828713794132,0
14560,26.116764539056874,0
14561,24.38205326010458,0
14562,26.152339361213958,0
14563,22.65211365765336,0
14564,20.815798665999537,0
14565,22.13510777845033,0
14566,22.33414261352395,0
14567,22.329333302014035,0
14568,19.568097145991892,0
14569,18.970001115751547,0
14570,18.295492257692096,0
14571,17.238168737883697,0
14572,18.443629815117816,0
14573,15.910160211882424,0
14574,16.27389437617535,0
14575,17.085339836996138,0
14576,16.562986011422552,0
14577,17.079402939883423,0
14578,15.906017092870549,0
14579,13.688504591826959,0
14580,15.77671177800184,0
14581,14.750124594885184,0
14582,15.849267773888716,0
14583,14.839555956398755,0
14584,16.76642304175679,0
14585,15.64956598857809,0
14586,16.655771509846147,0
14587,17.5758245314658,0
14588,16.095455818720264,0
14589,16.34307750914735,0
14590,18.615264598943387,0
14591,19.486018958257702,0
14592,19.104183604693954,0
14593,22.4530852125521,0
14594,22.313969522705094,0
14595,22.490845071573304,0
14596,23.515233162899637,0
14597,25.574543675655786,0
14598,24.759179167182594,0
14599,26.560879420532036,0
14600,25.607229668515664,0
14601,24.18592199325599,0
14602,27.30762508225136,0
14603,24.411272528697104,0
14604,24.090661865588373,0
14605,26.652594886736566,0
14606,25.4255960735549,0
14607,24.322419322751372,0
14608,23.121273561865518,0
14609,23.478254234944327,0
14610,23.79021636767464,0
14611,24.409031132644134,0
14612,22.511052961346273,0
14613,20.116746840827496,0
14614,22.60335434707725,0
14615,20.29666581157688,0
14616,21.831020562118827,0
14617,18.41001623735331,0
14618,18.38115592061797,0
14619,18.413719899274362,0
14620,16.4852263408993,0
14621,16.019991165069275,0
14622,17.320277616712623,0
14623,17.038247375473937,0
14624,15.796022509109816,0
14625,13.601426397912647,0
14626,14.934335585573509,0
14627,14.103486185282259,0
14628,16.49157784225594,0
14629,14.683380921815443,0
14630,14.885472327037972,0
14631,15.053994066423723,0
14632,14.449856944793979,0
14633,14.81708031074313,0
14634,16.542539196798064,0
14635,18.852101586386866,0
14636,15.570073445925761,0
14637,17.58038256886338,0
14638,18.992112269420808,0
14639,19.104557057409295,0
14640,18.038821142484963,0
14641,20.605358410461424,0
14642,23.01537991619264,0
14643,21.65194967106468,0
14644,20.87996821058025,0
14645,22.36548187930367,0
14646,24.211971839410197,0
14647,25.636107520023117,0
14648,23.657694169874592,0
14649,24.427871630881796,0
14650,26.265207308226895,0
14651,26.73044424188996,0
14652,25.54424847916083,0
14653,24.345950464515127,0
14654,25.91155195852791,0
14655,23.562340977616014,0
14656,26.047097214441504,0
14657,23.805462974890485,0
14658,22.323442094301623,0
14659,22.355350699530103,0
14660,24.12684481850647,0
14661,21.9405674238272,0
14662,22.07951285847934,0
14663,20.672874552500936,0
14664,19.349074872876418,0
14665,19.835491522702043,0
14666,20.408093574272797,0
14667,17.55828530430689,0
14668,17.73548253604896,0
14669,15.455338065741062,0
14670,16.884594876437916,0
14671,15.584461764685477,0
14672,15.033288993729219,0
14673,14.741942366053978,0
14674,13.769045182514539,0
14675,14.656210881593685,0
14676,13.141992305769632,0
14677,15.350948521083204,0
14678,15.297651155186323,0
14679,16.77587851195385,0
14680,15.968642107926058,0
14681,15.968055971939538,0
14682,15.798618195422014,0
14683,17.913078990851076,0
14684,19.119434480863628,0
14685,18.247818804575626,0
14686,19.48562511612606,0
14687,19.744700469195443,0
14688,17.873643045074644,0
14689,19.745005838468195,0
14690,22.16920132131758,0
14691,23.283557344256295,0
14692,22.422327499705155,0
14693,23.060657114044773,0
14694,23.609716929575495,0
14695,24.72725527164043,0
14696,24.483488403723847,0
14697,25.86870045449906,0
14698,26.228482805580114,0
14699,24.067617730596687,0
14700,25.567706242935294,0
14701,24.103626301350726,0
14702,24.57351808358085,0
14703,26.44417198229621,0
14704,26.045058607157106,0
14705,23.71667133864513,0
14706,22.369296513006166,0
14707,22.74993954860511,0
14708,22.882058269024668,0
14709,23.129884942556192,0
14710,19.855314427723002,0
14711,21.210205455806037,0
14712,19.604370136789733,0
14713,20.571886993098648,0
14714,18.31109250472794,0
14715,16.16424317835724,0
14716,18.062934187940854,0
14717,17.761693330615554,0
14718,16.58016277605404,0
14719,16.499303181251673,0
14720,13.947410181309499,0
14721,14.473713914160172,0
14722,14.760447822855713,0
14723,15.968967347144764,0
14724,13.091388928540935,0
14725,16.346654622287943,0
14726,13.777989323625158,0
14727,16.60222666623276,0
14728,14.013078746460602,0
14729,15.583435321968436,0
14730,15.226984748913925,0
14731,17.019652373347352,0
14732,17.739922737835844,0
14733,18.186158629276477,0
14734,17.649308208911425,0
14735,18.747419652960357,0
14736,20.794127268852545,0
14737,21.285395274679892,0
14738,20.969223327218813,0
14739,23.246116931635996,0
14740,21.591062498827373,0
14741,22.91584393389294,0
14742,23.865884488229234,0
14743,24.354249805001427,0
14744,24.624872520958256,0
14745,25.131536383343626,0
14746,25.363292299882804,0
14747,25.05976594404148,0
14748,26.334804468030033,0
14749,24.415691415160243,0
14750,26.390319089061965,0
14751,26.485048948289602,0
14752,24.32078307296989,0
14753,25.356747338680545,0
14754,23.71362696325055,0
14755,23.712426754302527,0
14756,22.27950816253043,0
14757,21.91825751758683,0
14758,23.627105572089864,0
14759,19.287230434038104,0
14760,18.986044630601725,0
14761,21.032374165638437,0
14762,18.983469818390535,0
14763,18.446716905874222,0
14764,18.13062912565215,0
14765,16.839652408357697,0
14766,16.73836094867101,0
14767,15.772709543519374,0
14768,13.977436259067865,0
14769,14.659342451967985,0
14770,17.160302877689677,0
14771,15.863177525797067,0
14772,14.929496198118706,0
14773,15.83575370322452,0
14774,16.76018329563415,0
14775,15.55623505438628,0
14776,15.757646000115948,0
14777,16.724116013152827,0
14778,16.276735173543575,0
14779,14.634200471948084,0
14780,16.905602667002103,0
14781,19.825338210096433,0
14782,17.1939487775704,0
14783,19.27950137141824,0
14784,18.90496832652781,0
14785,20.550680008237713,0
14786,22.188231784041523,0
14787,23.660848873706108,0
14788,22.695562072306686,0
14789,25.11922257966476,0
14790,21.555538310382175,0
14791,23.77981021665075,0
14792,24.644575656153854,0
14793,25.213511490880386,0
14794,26.054987495525204,0
14795,24.46087664305711,0
14796,24.80250940274289,0
14797,26.34730922479737,0
14798,24.762734527999598,0
14799,23.672345523637446,0
14800,24.299283188499846,0
14801,24.653378968450877,0
14802,24.793706291950528,0
14803,26.102604075078226,0
14804,23.995644799716562,0
14805,21.225813702059483,0
14806,23.127719765141265,0
14807,19.495872878113797,0
14808,21.56475784760506,0
14809,18.17207423960199,0
14810,17.26705727988883,0
14811,18.44027287257437,0
14812,17.33520369965979,0
14813,17.545964649017762,0
14814,17.49570642682494,0
14815,16.20902644678421,0
14816,15.555974261281225,0
14817,16.109362618201985,0
14818,15.590277981028242,0
14819,16.501912761115737,0
14820,14.030040296016399,0
14821,16.144255902088595,0
14822,14.564845883153247,0
14823,15.004972110828994,0
14824,16.189110216896687,0
14825,16.4745067614591,0
14826,17.747066108149564,0
14827,17.920697661759267,0
14828,15.375857519356236,0
14829,18.20569042988887,0
14830,19.073662769959313,0
14831,19.138767922525716,0
14832,20.09199841698053,0
14833,20.311817706366032,0
14834,20.742428903204587,0
14835,21.574267641990026,0
14836,21.506506930078817,0
14837,24.35121191241864,0
14838,22.17371587901296,0
14839,25.179043961667546,0
14840,25.82278944114391,0
14841,24.040883511012442,0
14842,25.11298714137283,0
14843,25.653170110930226,0
14844,24.888534705113546,0
14845,25.208851906038998,0
14846,26.047458292381293,0
14847,24.954951771991155,0
14848,24.50166853703419,0
14849,23.5507426367743,0
14850,24.828476782096814,0
14851,23.98852255817266,0
14852,23.67521178098322,0
14853,21.673411820244525,0
14854,23.070849377912776,0
14855,20.202913434834006,0
14856,20.785407237262348,0
14857,20.132596160712357,0
14858,20.079149377322157,0
14859,18.385036662727536,0
14860,17.9502605647334,0
14861,15.941820869844912,0
14862,16.158225542820016,0
14863,14.927110309071947,0
14864,16.1287308362395,0
14865,16.380665825623954,0
14866,14.966633641083687,0
14867,14.058025549740819,0
14868,14.964315523873546,0
14869,16.7015948214524,0
14870,15.699155929827523,0
14871,14.615630067975742,0
14872,15.141568078465166,0
14873,15.810816217762492,0
14874,15.557059105010714,0
14875,17.538228404321035,0
14876,18.30702100950583,0
14877,17.58772660034376,0
14878,18.169482382729804,0
14879,18.896810765551475,0
14880,19.096271651625266,0
14881,20.701120719774337,0
14882,19.307467458777083,0
14883,22.3193135196388,0
14884,22.185866288174278,0
14885,22.65323120318988,0
14886,24.43900287044502,0
14887,23.98248885587508,0
14888,24.14698116155256,0
14889,27.02094465189612,0
14890,25.044010708480272,0
14891,24.359336450586092,0
14892,24.238106369000047,0
14893,25.227816469572737,0
14894,25.608695384899573,0
14895,24.99410796841602,0
14896,25.08271817593667,0
14897,24.875238933950325,0
14898,25.359742845265988,0
14899,21.65332837936317,0
14900,23.729286412830128,0
14901,22.115228104552177,0
14902,22.105112491291496,0
14903,21.16065251544291,0
14904,19.624938940311612,0
14905,19.028781798760637,0
14906,18.546818845394192,0
14907,18.54962406493025,0
14908,16.111581990892216,0
14909,17.25665528410218,0
14910,16.858713956104012,0
14911,15.043015221079248,0
14912,15.280203762532864,0
14913,14.627121107893604,0
14914,15.88742752599035,0
14915,13.891961689078881,0
14916,16.28418262500816,0
14917,16.714610131208754,0
14918,14.233801278172672,0
14919,14.896536373836103,0
14920,16.998274595956318,0
14921,15.570510787574738,0
14922,15.87986189730689,0
14923,16.366673601219677,0
14924,18.096264234745785,0
14925,18.271485216068463,0
14926,18.165165761701306,0
14927,17.992892601155457,0
14928,20.78245476286,0
14929,20.737228893193734,0
14930,20.279827242450377,0
14931,21.639856370758846,0
14932,22.28504140645064,0
14933,22.679358859451746,0
14934,22.59140234494695,0
14935,22.83512757095581,0
14936,24.63250326264012,0
14937,25.505544479705847,0
14938,23.66327734703239,0
14939,26.351396570100572,0
14940,26.001983259697635,0
14941,24.807675515618588,0
14942,23.4432740727606,0
14943,26.61758204593669,0
14944,24.066963839128025,0
14945,23.929786285813606,0
14946,21.867648262446366,0
14947,23.093894114117667,0
14948,21.437318041627737,0
14949,21.276954777210076,0
14950,21.24428662946047,0
14951,23.060654042434702,0
14952,19.061428569407198,0
14953,20.385385615472,0
14954,19.23292683711823,0
14955,17.162475791343798,0
14956,16.040277582947514,0
14957,15.267359006688125,0
14958,16.563473947938768,0
14959,17.02422710605227,0
14960,15.559735855268446,0
14961,15.068810111364007,0
14962,14.714332494933574,0
14963,14.186957093907747,0
14964,16.11135208327278,0
14965,15.643612794703278,0
14966,16.021907615853454,0
14967,16.301515366665353,0
14968,14.485740760085985,0
14969,16.21793446785344,0
14970,15.236685266044395,0
14971,16.146775827415095,0
14972,19.038047322923386,0
14973,17.754631706082407,0
14974,17.913019035232125,0
14975,18.43086270070411,0
14976,20.233899623810057,0
14977,21.214470139400827,0
14978,21.67751474172822,0
14979,21.87475772652829,0
14980,22.112384741175887,0
14981,22.09615725572152,0
14982,21.986520271423576,0
14983,21.277576703259257,0
14984,25.16997447765697,0
14985,23.799469208133097,0
14986,26.70542736057449,0
14987,25.401344079943698,0
14988,23.225369917464,0
14989,26.392027744497025,0
14990,24.905023984667018,0
14991,24.533781480357167,0
14992,25.595640790982458,0
14993,24.105556129071143,0
14994,23.49166319691444,0
14995,22.72478961622594,0
14996,23.42232097718704,0
14997,23.302575523023343,0
14998,19.395566027183015,0
14999,21.54695825595855,0
15000,19.924006710699903,0
15001,19.00750445873318,0
15002,17.958533390106513,0
15003,17.959973017846867,0
15004,16.327129213564014,0
15005,14.677689261788782,0
15006,17.288335419688625,0
15007,15.209935682278227,0
15008,15.970082881805256,0
15009,13.953428468058062,0
15010,16.17399691810707,0
15011,15.85101610020632,0
15012,15.338723553595436,0
15013,14.21612558935746,0
15014,16.643033204938313,0
15015,15.179669586367297,0
15016,16.103727595732984,0
15017,15.523442812137354,0
15018,14.617137435511172,0
15019,15.51976913195583,0
15020,17.748926455067597,0
15021,17.92970936272862,0
15022,16.621390064651617,0
15023,18.41767577156831,0
15024,21.080206610569526,0
15025,21.866200843815765,0
15026,21.437457567737436,0
15027,22.412607843873392,0
15028,22.697667642536462,0
15029,24.009496444460922,0
15030,22.99954889171456,0
15031,23.4487499211908,0
15032,24.132049788572363,0
15033,24.76856982991493,0
15034,26.56260756987142,0
15035,24.85687729850416,0
15036,25.65276243168472,0
15037,26.24993835387974,0
15038,26.185167699797844,0
15039,24.687715521775317,0
15040,21.924918430875802,0
15041,23.008730149985492,0
15042,21.2273636005304,0
15043,23.21039931670457,0
15044,21.227619024048547,0
15045,20.84520400361241,0
15046,22.625887005751924,0
15047,21.774637349803875,0
15048,21.354539500975285,0
15049,20.156895157106874,0
15050,17.985324295003632,0
15051,18.98081905494319,0
15052,17.510216292090487,0
15053,17.860872691439837,0
15054,16.975812887694662,0
15055,16.83510899747754,0
15056,14.376823157455728,0
15057,15.364550244863182,0
15058,15.979811641644726,0
15059,16.88292712387643,0
15060,12.994751863690274,0
15061,16.279480866208495,0
15062,13.737475009993897,0
15063,15.300372381876674,0
15064,16.68555979676658,0
15065,16.224196094064574,0
15066,15.501217710904113,0
15067,15.813938702495987,0
15068,17.29188351498706,0
15069,18.92562389342922,0
15070,18.299919564687816,0
15071,18.1898301085049,0
15072,18.754842101074427,0
15073,19.96007285703754,0
15074,21.79599101642229,0
15075,22.27983003164291,0
15076,20.75808690834635,0
15077,23.001565631597668,0
15078,23.969608851690307,0
15079,24.466010501873626,0
15080,24.136312449070186,0
15081,24.391540089302794,0
15082,24.257730365990785,0
15083,26.42169379852546,0
15084,25.01156475195016,0
15085,25.7324760312739,0
15086,24.333642337972265,0
15087,23.414856428329198,0
15088,23.797748522016644,0
15089,24.614103208194386,0
15090,22.681752705216578,0
15091,23.922927476857332,0
15092,23.163883813095048,0
15093,20.554751241912882,0
15094,21.60933246759482,0
15095,20.316261560509542,0
15096,20.230126002210778,0
15097,19.383836778651382,0
15098,17.58919859354343,0
15099,17.878281574721676,0
15100,18.682940911106105,0
15101,18.369375135478418,0
15102,16.40213372287435,0
15103,16.130785958763617,0
15104,15.933919868115735,0
15105,15.372949231602657,0
15106,14.284092101526152,0
15107,14.62683162816632,0
15108,13.485249443527977,0
15109,14.038006250605214,0
15110,15.643374384937765,0
15111,15.059617145902509,0
15112,15.444858305672065,0
15113,15.841773736725498,0
15114,14.935214525815418,0
15115,17.905858694799374,0
15116,19.097437469442447,0
15117,18.09436392503905,0
15118,17.406669044925753,0
15119,20.252191670863873,0
15120,17.860810890012758,0
15121,20.53524601048424,0
15122,20.077788045592193,0
15123,21.609038098811855,0
15124,22.376770925518446,0
15125,21.835505403841204,0
15126,22.891234149101873,0
15127,25.390366155879537,0
15128,23.52373444390398,0
15129,25.95940517886739,0
15130,25.73914928249915,0
15131,25.26422122516164,0
15132,25.06963210350973,0
15133,25.6674076657069,0
15134,24.986591021821496,0
15135,25.40828393309935,0
15136,24.355273792379904,0
15137,23.31195149758914,0
15138,23.098523632485804,0
15139,22.994007234056564,0
15140,22.013138454088818,0
15141,20.899612474102913,0
15142,21.853974896867438,0
15143,17.390599249669005,0
15144,19.505127731279273,0
15145,17.742712969851492,0
15146,18.557493299709616,0
15147,19.954209562515196,0
15148,16.610726514897213,0
15149,15.933689255272666,0
15150,16.080890686339536,0
15151,16.93641750060316,0
15152,15.833770471876168,0
15153,16.045305862040248,0
15154,13.512305093384631,0
15155,15.4965726101075,0
15156,14.643787583733996,0
15157,15.616138738826315,0
15158,14.574070504602076,0
15159,15.317185761621012,0
15160,15.855777698687412,0
15161,16.88388854326944,0
15162,16.123424426970672,0
15163,18.1035929498972,0
15164,15.977242664738748,0
15165,19.01191224516767,0
15166,17.764257641576638,0
15167,18.574873723021792,0
15168,20.354252172808504,0
15169,20.487372515831392,0
15170,21.958125726947138,0
15171,21.881516347277838,0
15172,22.496306270960133,0
15173,23.712761713010014,0
15174,21.930396305426385,0
15175,24.488312618061176,0
15176,23.72338903284851,0
15177,23.608244257467927,0
15178,25.79609056972679,0
15179,24.64943179759606,0
15180,24.774937779365874,0
15181,23.930635356248903,0
15182,25.39343027159014,0
15183,24.696981768296542,0
15184,24.202041003102707,0
15185,24.402660428306994,0
15186,24.425979036772077,0
15187,25.1933670746806,0
15188,22.139281046535174,0
15189,21.353317457314045,0
15190,23.373045129770524,0
15191,20.57876557196629,0
15192,21.404339059583975,0
15193,19.149265282777176,0
15194,17.181577053866086,0
15195,17.047575599053758,0
15196,17.479612604094527,0
15197,17.774854336723802,0
15198,18.33830134009892,0
15199,16.73826275000812,0
15200,14.696052803596142,0
15201,17.345078025308748,0
15202,13.753216769543515,0
15203,14.654342296778427,0
15204,13.368933220918107,0
15205,15.568389806038601,0
15206,13.868153280813061,0
15207,15.222689181514012,0
15208,15.820611151091855,0
15209,16.526643796209655,0
15210,17.715134043247048,0
15211,17.819026325323488,0
15212,18.019945250046845,0
15213,19.182067943714223,0
15214,20.113683330962854,0
15215,17.13797880025546,0
15216,21.40467844750361,0
15217,19.326587989945853,0
15218,21.292391851298365,0
15219,24.059056327075147,0
15220,23.391163167583525,0
15221,23.501006931052007,0
15222,23.832054376635266,0
15223,23.8774797348511,0
15224,23.145355180794184,0
15225,23.40490818961103,0
15226,23.907131067662196,0
15227,24.370626818084446,0
15228,25.383552743170974,0
15229,25.41724955904634,0
15230,24.78604366708883,0
15231,24.52293565758254,0
15232,24.982888179029125,0
15233,23.247189943218526,0
15234,23.325427037650023,0
15235,23.27665464591181,0
15236,22.81603293992649,0
15237,22.48878862065083,0
15238,20.981138466336734,0
15239,21.49155936744288,0
15240,18.954639588634453,0
15241,18.502639927498247,0
15242,19.21227136144365,0
15243,19.038664539197942,0
15244,18.6136981653401,0
15245,17.49702279452854,0
15246,17.479958718176604,0
15247,17.796356074408834,0
15248,15.731776085784773,0
15249,15.43445688602313,0
15250,14.777844215197026,0
15251,13.063567390661042,0
15252,15.574502107438343,0
15253,14.359019857817337,0
15254,13.337298384890497,0
15255,14.015023492220113,0
15256,16.805964023406283,0
15257,16.197270047323798,0
15258,15.635874697183704,0
15259,16.86681704315271,0
15260,17.671492275594062,0
15261,18.29298554611314,0
15262,18.72818726426163,0
15263,18.520294294663056,0
15264,19.96249855526485,0
15265,18.767400713984294,0
15266,23.170839174551546,0
15267,20.506852422024345,0
15268,22.702334348115073,0
15269,24.2485161516329,0
15270,23.594458554998717,0
15271,23.837309401385003,0
15272,24.972158215956256,0
15273,24.06984619288902,0
15274,25.192198203141547,0
15275,24.3232137032373,0
15276,23.328454234701894,0
15277,26.420081154767107,0
15278,23.74484614990883,0
15279,24.899646154063372,0
15280,24.17981615632088,0
15281,22.9597042092191,0
15282,22.406882420847584,0
15283,22.234121599460607,0
15284,23.983220390100325,0
15285,21.207537452275197,0
15286,19.188204136726686,0
15287,19.55808674939432,0
15288,20.740328638287785,0
15289,19.756921219630552,0
15290,17.87757957731038,0
15291,17.395235898700765,0
15292,17.53282715302059,0
15293,18.644448734835724,0
15294,14.350444075333865,0
15295,16.32149438414675,0
15296,14.31991421737984,0
15297,14.906985849053493,0
15298,15.590280558109361,0
15299,15.220510482396762,0
15300,16.43631118601006,0
15301,16.105684121098495,0
15302,15.581560874647462,0
15303,15.957418638679822,0
15304,15.906466366598936,0
15305,17.011583830855862,0
15306,16.615468380255965,0
15307,16.43861253806946,0
15308,17.69908564756966,0
15309,19.731999804239393,0
15310,19.55502553097065,0
15311,19.17110979399106,0
15312,22.048828778928435,0
15313,19.676255572733258,0
15314,21.447841819677517,0
15315,20.927206515901027,0
15316,23.605213831470675,0
15317,24.34858685646401,0
15318,25.20469972881474,0
15319,21.86368604952581,0
15320,25.074266532028957,0
15321,25.101169157720552,0
15322,25.22585863543693,0
15323,25.54037368885482,0
15324,25.74872822287078,0
15325,23.647216550417127,0
15326,24.248952648659305,0
15327,24.26096793714575,0
15328,24.818811527644556,0
15329,23.726080060869595,0
15330,23.002862743179847,0
15331,23.95498959443539,0
15332,23.824085973965406,0
15333,22.969624574628824,0
15334,19.518496699895792,0
15335,20.23524576178358,0
15336,18.469650806168623,0
15337,18.624354671374682,0
15338,16.64294633392976,0
15339,16.819742726061918,0
15340,18.38838361671845,0
15341,16.88591314001753,0
15342,14.786162974831242,0
15343,16.272812074147982,0
15344,15.796418000535875,0
15345,15.59244673045542,0
15346,15.550674118098534,0
15347,14.498495598422597,0
15348,13.623775265066444,0
15349,15.118322963443182,0
15350,16.120035606240904,0
15351,15.099055679011403,0
15352,14.259131214271376,0
15353,15.289334192726034,0
15354,18.131974787886215,0
15355,16.579264481125545,0
15356,17.187278151624405,0
15357,19.14395293214268,0
15358,17.22412058166406,0
15359,18.681364523538456,0
15360,21.639599757378043,0
15361,21.17745288179424,0
15362,21.366680128722216,0
15363,21.518621144256954,0
15364,22.386329364015104,0
15365,20.013186129536187,0
15366,23.504347922653015,0
15367,25.543218430857486,0
15368,22.59017139487146,0
15369,24.077595364070323,0
15370,24.684994011412208,0
15371,24.99716529823912,0
15372,23.18427868924842,0
15373,23.135218899224242,0
15374,23.00030211777248,0
15375,24.31050823165368,0
15376,26.50314051807824,0
15377,23.471061114314146,0
15378,25.425438333660985,0
15379,21.41163492806445,0
15380,22.94651176538646,0
15381,23.60427213309599,0
15382,23.00878134909439,0
15383,20.17384958544827,0
15384,20.528523852922053,0
15385,18.6631034605554,0
15386,17.946627446595755,0
15387,16.980970705942045,0
15388,16.574845028219926,0
15389,15.84129796171839,0
15390,16.67347018477143,0
15391,17.06523311274618,0
15392,16.598077735537384,0
15393,16.119707376763827,0
15394,14.198017826399811,0
15395,14.921518384734421,0
15396,14.155736903601705,0
15397,16.187881755847663,0
15398,15.28871868700983,0
15399,14.55702083798688,0
15400,15.060560573764292,0
15401,15.6560004072768,0
15402,17.056160355651407,0
15403,17.63201200383088,0
15404,18.461362282673786,0
15405,17.67672745812885,0
15406,17.760431359915533,0
15407,18.747020076971832,0
15408,20.390201784335385,0
15409,17.54066943744212,0
15410,23.283080280640885,0
15411,21.294795696034498,0
15412,22.942601608052602,0
15413,22.112345105609002,0
15414,24.19967725837953,0
15415,23.90192003361461,0
15416,22.87345615071486,0
15417,24.181974227523654,0
15418,24.5718103233889,0
15419,24.248913831447503,0
15420,24.132620944794915,0
15421,23.652319635993006,0
15422,26.89867558902507,0
15423,24.459579406865586,0
15424,24.903408478039815,0
15425,24.013784025357403,0
15426,22.033938333031454,0
15427,23.809620411609313,0
15428,22.420774226044166,0
15429,22.353554199399543,0
15430,20.881333874768764,0
15431,20.032499958409606,0
15432,21.712436048560175,0
15433,18.049980761098926,0
15434,17.57082700833078,0
15435,18.197104728110236,0
15436,17.071364197788053,0
15437,16.947557823463022,0
15438,17.927070142709898,0
15439,16.073756933926102,0
15440,15.466078514356676,0
15441,17.382631361345517,0
15442,14.104735071354114,0
15443,15.480659896147083,0
15444,14.548316413479574,0
15445,15.611064440571596,0
15446,16.031376579281705,0
15447,15.202724740292133,0
15448,14.757034452414944,0
15449,15.495240409191355,0
15450,18.53367154620194,0
15451,17.044215037320956,0
15452,19.61902346757493,0
15453,18.63250771887954,0
15454,18.53168926382451,0
15455,18.895413696733087,0
15456,18.93188936054024,0
15457,20.943409381511763,0
15458,21.70810108672387,0
15459,20.172292825006945,0
15460,23.108638695982602,0
15461,23.150066361453916,0
15462,24.633800945876732,0
15463,24.61409933227742,0
15464,26.20152947032222,0
15465,24.300471054362863,0
15466,24.391880213093057,0
15467,23.524559261359887,0
15468,24.35492172164865,0
15469,24.22404827904973,0
15470,26.557247714047257,0
15471,25.04799022258994,0
15472,24.007096018648078,0
15473,23.56412040461267,0
15474,23.371240937613436,0
15475,22.201951402528543,0
15476,20.833903877941324,0
15477,21.02352050603453,0
15478,22.49194268402969,0
15479,21.77565589674543,0
15480,19.82717885970019,0
15481,18.208671962984116,0
15482,17.430903515887884,0
15483,17.051962612904283,0
15484,17.44034553806437,0
15485,18.357281235002056,0
15486,14.185858202766351,0
15487,14.919585159084233,0
15488,15.238773928433513,0
15489,16.533439589876394,0
15490,16.179034277431434,0
15491,15.543287132798556,0
15492,14.446411722896027,0
15493,15.489473918983338,0
15494,15.68560142694194,0
15495,15.282460721194438,0
15496,14.468442921915004,0
15497,15.51765001715884,0
15498,16.289677797680657,0
15499,15.806931781076301,0
15500,16.862724330273508,0
15501,15.984699411327576,0
15502,17.815776248835956,0
15503,18.34672907308777,0
15504,20.77766623133982,0
15505,21.023475916500512,0
15506,21.820512157567805,0
15507,21.578426267939577,0
15508,23.48061695601974,0
15509,25.130292636872216,0
15510,24.387820411805265,0
15511,23.342304188461046,0
15512,23.86566368760841,0
15513,25.74413684891831,0
15514,25.32047079126677,0
15515,26.61361899661544,0
15516,25.90299190502326,0
15517,25.762963231955155,0
15518,24.461716440489155,0
15519,23.89031375493158,0
15520,25.181346833311352,0
15521,21.729857283337026,0
15522,22.268513756089202,0
15523,23.763447796744355,0
15524,21.46416973857851,0
15525,23.5457597485319,0
15526,21.265467874317363,0
15527,20.12565472607668,0
15528,22.891366615781305,0
15529,20.074908762359478,0
15530,18.532662197110614,0
15531,18.345834590125172,0
15532,17.870677318963768,0
15533,16.213533923505295,0
15534,16.485474286878233,0
15535,18.39017827768917,0
15536,14.684949812777802,0
15537,15.28689152869388,0
15538,15.340722029853216,0
15539,13.719786162059728,0
15540,13.527114442628495,0
15541,14.041799789892666,0
15542,14.151042741760934,0
15543,15.212866531891459,0
15544,15.620640548192561,0
15545,17.472170269033075,0
15546,16.56206638312871,0
15547,17.241402280931197,0
15548,18.7365929468193,0
15549,19.873979799795823,0
15550,17.910440808789165,0
15551,20.698791973727197,0
15552,21.143919227053367,0
15553,19.929437084920192,0
15554,20.150207990483715,0
15555,21.39900129036777,0
15556,22.95802952000203,0
15557,23.758045081947778,0
15558,23.340118775783797,0
15559,23.686731199939388,0
15560,26.7895252741174,0
15561,25.141316718536764,0
15562,25.452270837095305,0
15563,24.374539814906317,0
15564,25.729342638123455,0
15565,25.63037340453973,0
15566,25.341395205774216,0
15567,25.339279373252886,0
15568,24.844782890472512,0
15569,23.914007670479027,0
15570,24.23404801733154,0
15571,22.333043290933595,0
15572,23.096928893208485,0
15573,22.04973343861898,0
15574,21.926491780484675,0
15575,20.343520029215483,0
15576,19.556393473348816,0
15577,18.35771900072943,0
15578,18.930164277355377,0
15579,18.389504410150707,0
15580,16.061419070635132,0
15581,17.59616967461716,0
15582,16.264481811857316,0
15583,16.59735276440078,0
15584,14.700404737024316,0
15585,14.700393887261226,0
15586,16.535022450498406,0
15587,15.14317653566306,0
15588,15.633137640671624,0
15589,15.039790356411482,0
15590,16.35550104046391,0
15591,14.990991674115515,0
15592,16.11649193200875,0
15593,16.764794189233527,0
15594,17.505173759433042,0
15595,17.05349314754684,0
15596,17.478466405336057,0
15597,17.967181011940763,0
15598,16.375427105597716,0
15599,19.057218201947123,0
15600,19.029328905890228,0
15601,21.439226736707063,0
15602,22.392887609323143,0
15603,21.09494492353823,0
15604,22.68261917974528,0
15605,22.166718474150176,0
15606,24.42610880962456,0
15607,24.593433034707413,0
15608,24.02926409012687,0
15609,23.504859474441798,0
15610,24.741088862854564,0
15611,25.256109113108895,0
15612,25.615831411316037,0
15613,26.914593102311922,0
15614,26.878226058315924,0
15615,24.7223058972208,0
15616,23.454684037622044,0
15617,23.792122384838162,0
15618,23.011780413019196,0
15619,23.052087436271655,0
15620,21.19737929761832,0
15621,21.424871593446355,0
15622,20.104413221807146,0
15623,20.732140449532356,0
15624,18.213890648305576,0
15625,19.14651836901666,0
15626,19.510764925729575,0
15627,17.415976198814676,0
15628,17.934903411352142,0
15629,15.762098989783276,0
15630,18.14081765238627,0
15631,15.391933333456773,0
15632,16.440639877282962,0
15633,13.495053387283397,0
15634,14.952318970092554,0
15635,16.152097866601345,0
15636,13.9311458493938,0
15637,14.384633854280636,0
15638,14.42119783043921,0
15639,16.152068638326867,0
15640,15.645371622854867,0
15641,15.000949825758406,0
15642,16.073133271889336,0
15643,17.486556320673497,0
15644,17.313392448176206,0
15645,17.988690618306595,0
15646,18.647573828201267,0
15647,18.939772911683015,0
15648,21.758667731638695,0
15649,19.91852622339007,0
15650,21.22952213655276,0
15651,22.886750478411802,0
15652,22.004894169764718,0
15653,22.62726465243015,0
15654,23.49580802356754,0
15655,23.83829496839355,0
15656,24.25443456054413,0
15657,23.400052072902096,0
15658,26.196440288494383,0
15659,25.255933006397147,0
15660,25.710070900128628,0
15661,24.42359652627926,0
15662,26.845960608623198,0
15663,26.042914381787288,0
15664,23.439887028868668,0
15665,23.48191705027601,0
15666,21.346544474295555,0
15667,24.665177336023497,0
15668,23.090796938368893,0
15669,21.477072031534536,0
15670,22.384936774320117,0
15671,20.661710844426754,0
15672,19.89563791602461,0
15673,19.80200172772449,0
15674,17.46282472094684,0
15675,17.800118648283004,0
15676,16.42258444426741,0
15677,17.376705875911984,0
15678,16.85950226192024,0
15679,16.54636483356198,0
15680,14.753963388014725,0
15681,14.547542583350374,0
15682,16.241199172009534,0
15683,13.612422050079013,0
15684,14.942371676700706,0
15685,16.14590717852159,0
15686,15.91322843533844,0
15687,15.529881510753249,0
15688,17.01364602530209,0
15689,16.787523478751403,0
15690,16.39887578885789,0
15691,16.675593636148413,0
15692,18.790982454597103,0
15693,18.960933470891472,0
15694,18.58336617991041,0
15695,20.659238495742624,0
15696,21.416278851268913,0
15697,21.915011068846823,0
15698,19.953129813120192,0
15699,22.046699447096668,0
15700,22.642706149920606,0
15701,23.067438296214124,0
15702,22.988580977769956,0
15703,24.42102897430474,0
15704,25.916592555800715,0
15705,24.03375155461146,0
15706,23.71731057513852,0
15707,26.51453753846438,0
15708,22.8630079257466,0
15709,25.623676076335403,0
15710,24.894259750213926,0
15711,22.996303577808764,0
15712,23.62163936091558,0
15713,22.031538357925577,0
15714,22.02581536123708,0
15715,23.44824021989089,0
15716,24.467472587178328,0
15717,23.468634735083583,0
15718,21.365507158308933,0
15719,19.979973024872805,0
15720,21.491225845462136,0
15721,19.73186509809312,0
15722,18.760712319391217,0
15723,19.45964635310758,0
15724,18.73473223408139,0
15725,18.872498353946842,0
15726,16.19627539274459,0
15727,15.20117615321492,0
15728,16.83861582040344,0
15729,16.918192978099043,0
15730,13.195397685254,0
15731,15.526274636758158,0
15732,13.483300633906724,0
15733,15.838005306668379,0
15734,17.222714353168072,0
15735,15.269978124879398,0
15736,16.38196395204378,0
15737,16.3956904264461,0
15738,16.09950573232819,0
15739,18.41554729889987,0
15740,17.071587857060468,0
15741,17.91558164327847,0
15742,20.109080740959087,0
15743,19.332082862602714,0
15744,18.44942757998199,0
15745,20.63250621020821,0
15746,22.139920117294864,0
15747,21.109661379323974,0
15748,23.222650185852583,0
15749,22.270002993997092,0
15750,22.266050516070006,0
15751,24.244138513681854,0
15752,24.41531474346739,0
15753,23.641638109003374,0
15754,25.09859983070227,0
15755,23.962705736218,0
15756,25.563574743165233,0
15757,25.08736220324703,0
15758,25.339782610369564,0
15759,25.54763371104698,0
15760,23.419817704231384,0
15761,24.61920385175084,0
15762,23.668054624302567,0
15763,23.598710818223914,0
15764,22.353039137250512,0
15765,21.098258740409722,0
15766,21.765032558907766,0
15767,19.397103392207597,0
15768,19.50985962958294,0
15769,20.224111841348076,0
15770,18.71293154210281,0
15771,17.826801118804866,0
15772,18.251138085687902,0
15773,16.14587074746733,0
15774,15.188143211795417,0
15775,16.81537807281905,0
15776,16.247558888074987,0
15777,14.66346045519317,0
15778,13.781368083160633,0
15779,14.621582705448398,0
15780,15.529475614355489,0
15781,13.807761201667965,0
15782,15.815387390029352,0
15783,13.775403814450351,0
15784,15.40255702106647,0
15785,15.435593215790748,0
15786,16.246841093694556,0
15787,16.851802208483733,0
15788,17.810614160960238,0
15789,17.349179085268272,0
15790,18.99070394477567,0
15791,19.69439676964006,0
15792,19.90212289786353,0
15793,21.15763520873275,0
15794,20.595506368059283,0
15795,21.036907049224375,0
15796,21.52241586915949,0
15797,22.4736263919574,0
15798,24.870208350460185,0
15799,23.583510640450687,0
15800,24.29178465112653,0
15801,25.534290111654688,0
15802,27.957897337733232,0
15803,23.950908518078,0
15804,26.688989082393732,0
15805,24.531228251470452,0
15806,25.554465780693867,0
15807,25.335962814000617,0
15808,22.65329334737775,0
15809,24.63218401383668,0
15810,23.261480669960488,0
15811,22.100296069396677,0
15812,22.51527210992783,0
15813,23.0959001081035,0
15814,21.40978522013329,0
15815,20.281389157218065,0
15816,20.379930533461604,0
15817,18.649773523768822,0
15818,17.8330620932545,0
15819,15.835010286200085,0
15820,16.547536882033533,0
15821,16.47958282812597,0
15822,16.945937339291568,0
15823,14.035309013861635,0
15824,15.369593314709673,0
15825,15.38788497209694,0
15826,15.011110589665892,0
15827,15.618119532060945,0
15828,16.104484537362005,0
15829,16.009683287358058,0
15830,14.56842311760704,0
15831,15.001894332574166,0
15832,16.06091284398917,0
15833,15.140239409081703,0
15834,15.99669624989168,0
15835,16.784793567703055,0
15836,16.175363222714147,0
15837,17.551730429846604,0
15838,17.288541006228783,0
15839,19.794799767156775,0
15840,20.83512689135713,0
15841,21.590461401482862,0
15842,20.666470310683916,0
15843,21.7692811845914,0
15844,21.951504101428394,0
15845,23.399292555327637,0
15846,24.041065035242518,0
15847,23.401634458744596,0
15848,25.075852868600965,0
15849,24.3272252038981,0
15850,24.15192300661086,0
15851,25.266907665771672,0
15852,23.84096718177785,0
15853,24.26388242982708,0
15854,25.910982006009757,0
15855,26.898192548260617,0
15856,23.497073720394813,0
15857,23.88461198217081,0
15858,23.649935296418924,0
15859,22.6496558286955,0
15860,20.46304499551404,0
15861,22.621244297981086,0
15862,20.583559353718805,0
15863,21.043078380407124,0
15864,18.88272736000934,0
15865,20.36903904266151,0
15866,17.561111483024227,0
15867,19.820794876307133,0
15868,17.967721164436096,0
15869,19.19734567347025,0
15870,15.750803304720053,0
15871,16.905563634848885,0
15872,16.431987382142765,0
15873,14.874840944466854,0
15874,15.26937215894397,0
15875,15.36050652617805,0
15876,15.575800377216005,0
15877,14.285528581313567,0
15878,13.69255301980251,0
15879,15.270040589203575,0
15880,16.002954180624762,0
15881,16.256094494542012,0
15882,15.757127162011615,0
15883,16.3105046027217,0
15884,18.30688179157107,0
15885,19.095635012789508,0
15886,17.97518818289928,0
15887,21.003700880636647,0
15888,19.687547331374162,0
15889,19.3258519408058,0
15890,21.504504714330693,0
15891,22.14994935890033,0
15892,23.140594617780433,0
15893,24.118354872732763,0
15894,22.90360688636061,0
15895,22.395888872078192,0
15896,25.32910877501855,0
15897,25.51182248023741,0
15898,24.91076644910496,0
15899,27.005465739773303,0
15900,25.006925943197185,0
15901,26.06559549791029,0
15902,23.984367723861382,0
15903,24.4428944753917,0
15904,24.214886427809798,0
15905,25.830382463004593,0
15906,23.79734266810253,0
15907,21.67269231991356,0
15908,22.90531021473478,0
15909,22.524698660946946,0
15910,21.51042458319067,0
15911,19.636119236764088,0
15912,19.818351428375173,0
15913,19.53809356619096,0
15914,19.60647273299013,0
15915,19.333651303808907,0
15916,17.324098246426665,0
15917,16.757887635609254,0
15918,17.336030305640023,0
15919,15.857165719606792,0
15920,14.98484994648631,0
15921,15.874147024073963,0
15922,14.960907279479056,0
15923,15.882664778724974,0
15924,16.325168059317253,0
15925,15.003403314105636,0
15926,16.114752568113357,0
15927,15.375386886545117,0
15928,18.14973770748265,0
15929,14.8500438919349,0
15930,17.634812597111825,0
15931,16.155004397261305,0
15932,15.824463178469735,0
15933,17.664788249483845,0
15934,17.688866056728386,0
15935,19.385817500244674,0
15936,20.72682794540043,0
15937,21.602171708621974,0
15938,21.000487342833992,0
15939,21.176143677009502,0
15940,22.730912429221863,0
15941,23.65161876287998,0
15942,21.6570176832168,0
15943,24.51358986039105,0
15944,23.33650457101063,0
15945,26.03081263122517,0
15946,22.960580862978137,0
15947,24.59997515453375,0
15948,25.374203147137706,0
15949,25.765526620759136,0
15950,25.490557714065577,0
15951,23.73084847219006,0
15952,24.23534561396814,0
15953,24.60290648157093,0
15954,21.43613847698631,0
15955,21.690498969966512,0
15956,22.149377374478302,0
15957,22.932223545538584,0
15958,22.544571896308867,0
15959,22.349681490589095,0
15960,20.077142364315417,0
15961,20.186198437609583,0
15962,20.568340552632776,0
15963,19.366679315999185,0
15964,18.725132286764634,0
15965,17.553032539072273,0
15966,16.318334354180916,0
15967,15.362017901936857,0
15968,15.691521839883997,0
15969,15.292499725799232,0
15970,13.963199980325337,0
15971,15.167511482932637,0
15972,15.83278501967716,0
15973,15.351105335096776,0
15974,14.66857856441825,0
15975,14.47757697404115,0
15976,15.579978867293754,0
15977,15.421258952241525,0
15978,15.990124150451829,0
15979,18.907212001207444,0
15980,17.449781801435773,0
15981,18.23780057303096,0
15982,18.160908481339455,0
15983,19.495354700568907,0
15984,18.774838972490187,0
15985,19.904748108863732,0
15986,21.07283448257936,0
15987,22.715567658358587,0
15988,23.695348078054945,0
15989,23.06342248552587,0
15990,23.724873191174595,0
15991,23.414143146578784,0
15992,24.425544903105596,0
15993,24.43524735818306,0
15994,25.354212546321527,0
15995,23.299818057911853,0
15996,25.307221468909432,0
15997,24.450266764825244,0
15998,25.41521311148694,0
15999,24.11819120015717,0
16000,24.13990953744753,0
16001,24.606039432480756,0
16002,22.925021488873107,0
16003,23.342021363553116,0
16004,23.385153664435535,0
16005,21.662932426807878,0
16006,23.062079779789975,0
16007,20.083221250490478,0
16008,18.93646170603781,0
16009,19.726289754616896,0
16010,19.106295434046253,0
16011,18.627429403983985,0
16012,18.193405018218908,0
16013,15.967686755867058,0
16014,16.61029269868226,0
16015,15.331799603371417,0
16016,15.907793394887678,0
16017,14.952431955484968,0
16018,16.08280357490849,0
16019,15.888526125983093,0
16020,16.003232015459947,0
16021,13.482224390013453,0
16022,15.406032857799602,0
16023,15.031337132282655,0
16024,16.268660349968634,0
16025,16.5322225142497,0
16026,16.29018647546704,0
16027,16.705466080921642,0
16028,17.713489004582563,0
16029,17.216708616642673,0
16030,18.35215671676987,0
16031,18.56557178795864,0
16032,19.899070574859163,0
16033,20.19053418205302,0
16034,22.23440107119214,0
16035,20.99986336851417,0
16036,21.72889627511114,0
16037,23.201197198454892,0
16038,24.61707022951851,0
16039,23.72158825478293,0
16040,24.73822247447003,0
16041,24.47871343119326,0
16042,25.628919000806444,0
16043,23.968072181241464,0
16044,25.260974280495404,0
16045,25.258600123321333,0
16046,25.2769217307527,0
16047,25.55874071717173,0
16048,25.607190904002906,0
16049,22.964981685218376,0
16050,23.021363569552115,0
16051,22.565828985672184,0
16052,20.6184017787234,0
16053,23.612564969229826,0
16054,22.189196717329217,0
16055,21.938454179908213,0
16056,19.106221574734075,0
16057,19.186683742097863,0
16058,18.241005829897713,0
16059,18.812993547766936,0
16060,16.580567993865568,0
16061,17.650408208749578,0
16062,15.22585291756104,0
16063,18.21720631697823,0
16064,16.024306569928846,0
16065,15.366179780462602,0
16066,15.973010316249326,0
16067,14.166003263139165,0
16068,14.2070095600167,0
16069,13.814510728495401,0
16070,14.098157509514039,0
16071,14.20459370806623,0
16072,16.140047741673687,0
16073,16.10939375724254,0
16074,14.332117125500101,0
16075,16.638919347121398,0
16076,18.037826428925342,0
16077,19.094950790984193,0
16078,18.308564406629632,0
16079,21.35809634663293,0
16080,19.611010314463176,0
16081,19.535791027203892,0
16082,19.221425077399296,0
16083,21.754539377947367,0
16084,22.677614083619744,0
16085,22.77655493603335,0
16086,23.66868929716773,0
16087,24.69701887673075,0
16088,24.144557978710232,0
16089,23.724336940608882,0
16090,24.796474083857206,0
16091,24.782407718329807,0
16092,23.77580133280817,0
16093,25.745266136251388,0
16094,26.238199180402336,0
16095,23.3732766938007,0
16096,24.232114343082554,0
16097,23.367694149170045,0
16098,24.253959511527913,0
16099,23.928716395843644,0
16100,20.480726007165206,0
16101,22.98528439705769,0
16102,20.974196423239167,0
16103,21.470722639524382,0
16104,18.79161773105006,0
16105,17.63285924551164,0
16106,17.96022649977696,0
16107,19.23273053643999,0
16108,18.533373596402956,0
16109,15.8580347807451,0
16110,17.859917380300494,0
16111,14.66603147423208,0
16112,15.388419136385767,0
16113,16.470730039419525,0
16114,15.206046092932247,0
16115,14.787141872332585,0
16116,16.554792389717036,0
16117,16.62231780216916,0
16118,14.743989962410406,0
16119,17.60954037326418,0
16120,16.451141356861648,0
16121,16.663776011975795,0
16122,15.957009077287104,0
16123,15.802917802318017,0
16124,17.141466318756475,0
16125,19.33280532733044,0
16126,17.47593933833081,0
16127,19.8468469728822,0
16128,20.291612938900236,0
16129,21.82368967052608,0
16130,22.032612275825496,0
16131,22.550084653625024,0
16132,20.175304773205358,0
16133,23.254048005088002,0
16134,23.61953713542583,0
16135,24.887140218598965,0
16136,26.518801638211315,0
16137,23.923519090127943,0
16138,22.57837997519259,0
16139,24.795275504763538,0
16140,25.383608992565886,0
16141,23.192234561832922,0
16142,24.93425403366159,0
16143,24.462636459237398,0
16144,26.744808508165285,0
16145,24.114119269677406,0
16146,22.22335018916205,0
16147,23.840158638889356,0
16148,21.6664529551044,0
16149,22.17955675976317,0
16150,22.642303329984234,0
16151,21.764414759195798,0
16152,20.573055822123365,0
16153,19.52374383862455,0
16154,16.39055807138091,0
16155,19.117123993218826,0
16156,17.578316164837148,0
16157,19.342378699707517,0
16158,18.335871723742724,0
16159,16.036372439787172,0
16160,13.745731250713295,0
16161,14.523402452703767,0
16162,15.932912655304216,0
16163,14.411253275204254,0
16164,14.369637639266127,0
16165,14.53582516784549,0
16166,17.945887030238804,0
16167,15.007347819954136,0
16168,14.746000275663398,0
16169,16.50972868633581,0
16170,18.108683063029407,0
16171,16.279675633141174,0
16172,15.352632221754451,0
16173,16.7290221936644,0
16174,19.00962853452822,0
16175,20.071015720436996,0
16176,20.2351261939552,0
16177,22.909109122413287,0
16178,20.428002113111013,0
16179,21.944234360632603,0
16180,24.02466446918352,0
16181,22.655504475091206,0
16182,23.07616254338596,0
16183,23.024645656437162,0
16184,24.176920064169252,0
16185,23.90701699238959,0
16186,23.388502199396182,0
16187,26.11214682188738,0
16188,24.409947073413836,0
16189,25.700199484410955,0
16190,23.715431707354206,0
16191,25.429104485446402,0
16192,24.79091037355712,0
16193,24.161118135096462,0
16194,23.30255025995251,0
16195,22.627600583671935,0
16196,22.395944811554166,0
16197,21.07542115787998,0
16198,22.121690354036957,0
16199,20.290506541571922,0
16200,18.489588836688796,0
16201,18.182199087252027,0
16202,18.30090778297364,0
16203,17.463989746137738,0
16204,18.395684413521565,0
16205,16.45008886978818,0
16206,16.557361608273027,0
16207,15.494668121706384,0
16208,14.824105973005922,0
16209,15.309451848738927,0
16210,16.326267427475866,0
16211,15.562084876343867,0
16212,15.54716279204296,0
16213,15.873887648495677,0
16214,15.217142364698917,0
16215,15.260160453213715,0
16216,15.522959851515727,0
16217,15.957223653415081,0
16218,17.24818810354593,0
16219,17.025861836244445,0
16220,15.258824668769744,0
16221,19.040919675692923,0
16222,19.159122221944667,0
16223,19.59637328868237,0
16224,19.561448052033708,0
16225,20.21157597796465,0
16226,21.536672210095862,0
16227,24.07405180215967,0
16228,23.778126533298096,0
16229,22.73141932394036,0
16230,24.61304471761835,0
16231,24.789742944208648,0
16232,24.973569877878113,0
16233,24.567692807408307,0
16234,23.98337576016337,0
16235,24.262587467215038,0
16236,24.725865056789054,0
16237,25.23251786225376,0
16238,25.262257418530403,0
16239,22.544599093357697,0
16240,23.962128977702392,0
16241,23.25368613867806,0
16242,25.359949409456533,0
16243,23.22489586870105,0
16244,21.36421868345408,0
16245,21.115715565322255,0
16246,21.22849170996628,0
16247,18.94667096096937,0
16248,19.81898103428971,0
16249,17.445469400642835,0
16250,18.073743662391735,0
16251,18.47309835867044,0
16252,18.01251850387133,0
16253,17.700345093223568,0
16254,16.144780047088528,0
16255,16.40939925186378,0
16256,15.316068672644548,0
16257,14.703423554423487,0
16258,16.582490837555497,0
16259,16.317230466745123,0
16260,15.725787926704736,0
16261,14.165178203093578,0
16262,16.54755645964189,0
16263,15.1323085594286,0
16264,15.838109606778636,0
16265,15.284701500726833,0
16266,16.16919829726645,0
16267,17.27873898715391,0
16268,16.670744195505126,0
16269,19.02398499400217,0
16270,21.218905188797592,0
16271,18.92457783369068,0
16272,20.32098155706893,0
16273,21.741162171743362,0
16274,22.002899510530995,0
16275,22.11704662623236,0
16276,24.354183322727224,0
16277,23.264142965715852,0
16278,25.05722840594064,0
16279,24.524951823491765,0
16280,23.418873651342444,0
16281,25.15704752819035,0
16282,26.444562958631543,0
16283,23.773262530056243,0
16284,25.151460888903795,0
16285,25.330279670914237,0
16286,22.38188173987662,0
16287,23.930282418617608,0
16288,24.462145268118302,0
16289,24.556586539062387,0
16290,22.610572312466868,0
16291,23.718441354546844,0
16292,22.761992779223423,0
16293,22.923647583253302,0
16294,21.583532015201627,0
16295,22.070929877465932,0
16296,21.12534060934238,0
16297,20.276869955654433,0
16298,19.46168388348312,0
16299,19.924492792920233,0
16300,18.609932446627624,0
16301,14.958486102260638,0
16302,17.16367862631332,0
16303,15.776526776874942,0
16304,17.041800492854218,0
16305,15.246827354361823,0
16306,15.828750891837661,0
16307,14.167201118717225,0
16308,14.71614895556067,0
16309,13.701026759640818,0
16310,16.075217789230514,0
16311,13.382016262315036,0
16312,13.93174569487944,0
16313,17.168071834168455,0
16314,15.487587453966707,0
16315,15.549619091087479,0
16316,17.4479519304959,0
16317,17.00742050529911,0
16318,18.461140966669007,0
16319,20.21210635574585,0
16320,19.426285212837158,0
16321,21.600168268306376,0
16322,21.609221467634413,0
16323,20.763795291241316,0
16324,22.0487874280599,0
16325,21.95052248728735,0
16326,24.40532985215835,0
16327,24.76988481381076,0
16328,23.89006422073698,0
16329,23.218538731414235,0
16330,25.519420505987025,0
16331,26.83991841493491,0
16332,25.661340660628326,0
16333,24.73252718665909,0
16334,25.35710750791245,0
16335,25.227597430319147,0
16336,25.148764318466107,0
16337,23.227467377776723,0
16338,21.925172231587464,0
16339,23.9700341381181,0
16340,21.43764108781752,0
16341,21.881094547238263,0
16342,22.540440924194257,0
16343,20.869437968694363,0
16344,19.708147620286624,0
16345,18.615181571088716,0
16346,19.17001337601064,0
16347,18.250401411780114,0
16348,17.570896605432242,0
16349,17.708175107146705,0
16350,15.642443624897115,0
16351,17.422640537362,0
16352,16.798980238739492,0
16353,15.777568513849115,0
16354,15.159890089364785,0
16355,15.646720374347629,0
16356,15.95894642381361,0
16357,16.639562811024867,0
16358,15.995435556763987,0
16359,17.298604999096995,0
16360,16.377925982033137,0
16361,16.469861031608925,0
16362,15.667034274384692,0
16363,17.050642425905856,0
16364,18.40586086846418,0
16365,17.279048100207504,0
16366,19.113129447343162,0
16367,21.013824729851567,0
16368,21.349621124356492,0
16369,21.270860969897836,0
16370,21.53236078079539,0
16371,20.644857324563386,0
16372,22.272078757263134,0
16373,22.284745737152704,0
16374,24.158727300637466,0
16375,23.224823054935165,0
16376,23.90976699947961,0
16377,23.23306047628313,0
16378,25.085670388663317,0
16379,25.84659600650345,0
16380,26.170685415915848,0
16381,23.749591778775276,0
16382,25.56294868424845,0
16383,25.081913893308116,0
16384,24.80058646421085,0
16385,24.074934301654018,0
16386,24.487918225884727,0
16387,23.357782863403383,0
16388,23.878729209160706,0
16389,22.41411816881482,0
16390,21.873137947305537,0
16391,20.206152363192537,0
16392,21.43028781952566,0
16393,19.53687609270415,0
16394,19.150626374644474,0
16395,16.94244113319003,0
16396,18.99147678710043,0
16397,17.335206539292084,0
16398,16.84230310912093,0
16399,16.87524545443099,0
16400,16.2815668540455,0
16401,15.046799975801202,0
16402,14.732283547179378,0
16403,15.013578200822474,0
16404,12.588622634040666,0
16405,15.326949328185796,0
16406,15.097329903686761,0
16407,15.110148914418723,0
16408,14.624048414352963,0
16409,20.04838646568738,0
16410,14.737848385180335,0
16411,17.11674768350545,0
16412,16.077930623720125,0
16413,19.03923767384255,0
16414,18.720672518855455,0
16415,18.440351754404965,0
16416,20.753730325563307,0
16417,20.32551281988172,0
16418,20.284310632387243,0
16419,21.411022611254328,0
16420,22.40837915971989,0
16421,21.366612197322354,0
16422,23.491714093258885,0
16423,23.366872728028735,0
16424,23.57234473343491,0
16425,23.72060183317643,0
16426,23.82996588704679,0
16427,25.48732938261731,0
16428,23.974737279388073,0
16429,25.013354291499844,0
16430,25.445501935982172,0
16431,23.208606956250467,0
16432,25.625757945104347,0
16433,23.72125940868609,0
16434,22.92444862088624,0
16435,22.536041721949182,0
16436,20.731104636224472,0
16437,21.45963541611007,0
16438,22.445589367531394,0
16439,21.09500716883433,0
16440,21.643108966978673,0
16441,19.823207744537118,0
16442,17.249538317876745,0
16443,18.729096268048927,0
16444,14.826704453930848,0
16445,16.51956183005673,0
16446,17.060668986803044,0
16447,15.277710719967613,0
16448,15.800195454421697,0
16449,15.270908638627924,0
16450,15.0832339499338,0
16451,15.628245341341678,0
16452,14.487952596748633,0
16453,14.29708182200197,0
16454,14.646041553836856,0
16455,16.4014963505253,0
16456,15.018827883806537,0
16457,15.922895523036592,0
16458,14.916828108562324,0
16459,16.211755977001797,0
16460,17.03024583713158,0
16461,16.96412719996738,0
16462,19.514854051483393,0
16463,22.062235245286818,0
16464,20.504734108596235,0
16465,18.849218975868613,0
16466,20.569487940755927,0
16467,20.763926510839376,0
16468,22.777580726402405,0
16469,22.70999940859998,0
16470,22.830807846683566,0
16471,22.88752755714641,0
16472,21.912147793008707,0
16473,24.037401268617998,0
16474,24.37398155411258,0
16475,23.842321507154455,0
16476,25.025919500025555,0
16477,23.344094853767253,0
16478,26.197899786418535,0
16479,25.146630549211448,0
16480,25.796423764398202,0
16481,22.94933239157924,0
16482,23.046967337392402,0
16483,23.406177263740524,0
16484,23.744756478713523,0
16485,21.587582496179277,0
16486,21.14094944889141,0
16487,20.34312977225756,0
16488,19.171860933723984,0
16489,20.36773450401458,0
16490,17.991396659197868,0
16491,18.562113041544627,0
16492,16.798046229222713,0
16493,17.90507427958994,0
16494,14.472386753131364,0
16495,15.728970519398972,0
16496,16.35298910391359,0
16497,16.17348616517129,0
16498,13.918038146888343,0
16499,13.984235088932243,0
16500,14.994117476380707,0
16501,13.21410821071017,0
16502,15.285313412109753,0
16503,13.344316609355285,0
16504,14.722932546268249,0
16505,14.543508104380145,0
16506,14.236003341403604,0
16507,15.9281995820702,0
16508,17.940664854668285,0
16509,18.19854472105241,0
16510,18.33481941340609,0
16511,20.4853327353124,0
16512,20.8127102929525,0
16513,20.543990290462048,0
16514,21.957560326926856,0
16515,21.791721012726118,0
16516,22.72128454009072,0
16517,24.4240236673057,0
16518,24.430656597386875,0
16519,23.703379639898504,0
16520,24.5110687909929,0
16521,25.533613129251957,0
16522,26.27958337865768,0
16523,26.869698516689024,0
16524,25.226045965733054,0
16525,24.614282196534067,0
16526,25.261756877726015,0
16527,25.31506169274495,0
16528,24.58056563151397,0
16529,23.706326363800514,0
16530,22.613124824606732,0
16531,22.868883170731,0
16532,21.375637083163816,0
16533,22.011038943872173,0
16534,22.46927146344844,0
16535,20.80290996763086,0
16536,18.79287704197825,0
16537,19.70007809359477,0
16538,19.558507572428237,0
16539,17.696545111300473,0
16540,17.49353842937388,0
16541,17.14596493610594,0
16542,17.01629122430602,0
16543,15.839898506464813,0
16544,15.619497800171485,0
16545,14.858073801894811,0
16546,14.782187635528183,0
16547,15.818106036729256,0
16548,17.06039565350826,0
16549,15.066566322652905,0
16550,15.642041548490742,0
16551,15.544416640362645,0
16552,16.151798686988013,0
16553,16.73365271462446,0
16554,16.450007603221557,0
16555,15.612755362232654,0
16556,17.258817182499207,0
16557,17.369444519688994,0
16558,17.152876209368376,0
16559,19.86260561643594,0
16560,20.486418855287454,0
16561,20.517178129469574,0
16562,21.062006971880606,0
16563,21.46088096711516,0
16564,21.734829793144574,0
16565,23.337779691951706,0
16566,24.03746012625297,0
16567,23.76680552307081,0
16568,23.04831693585171,0
16569,24.557034460161116,0
16570,23.9024864106455,0
16571,24.152275095560192,0
16572,24.04503438266185,0
16573,25.983077823294277,0
16574,23.05220754264961,0
16575,24.746661402662365,0
16576,25.09316274015091,0
16577,24.150353999624098,0
16578,22.936845415206236,0
16579,22.537692491937896,0
16580,23.08548362890123,0
16581,20.80388553394684,0
16582,21.410762901108566,0
16583,19.594324502800653,0
16584,20.999028905126632,0
16585,19.350185631757203,0
16586,18.609128618416868,0
16587,17.996148364197627,0
16588,16.820878149615048,0
16589,17.63086325956846,0
16590,15.8703444463981,0
16591,16.370242861595734,0
16592,14.35329413830392,0
16593,13.63565777244472,0
16594,14.463530127368,0
16595,15.620535535654751,0
16596,14.595939382543023,0
16597,16.876899978208705,0
16598,14.077079978665076,0
16599,14.395410095411266,0
16600,15.774275927219295,0
16601,14.948194637230698,0
16602,17.693019328352143,0
16603,17.461024321910912,0
16604,15.622464689516201,0
16605,17.365152160643106,0
16606,18.305390594680983,0
16607,18.77888664062227,0
16608,21.387559995675648,0
16609,20.809730899335186,0
16610,20.965280516652452,0
16611,21.211288874881877,0
16612,21.573194431943087,0
16613,22.692411598275985,0
16614,21.33084116900526,0
16615,24.41238423015724,0
16616,24.732751937341693,0
16617,25.54070647530181,0
16618,24.633650092331802,0
16619,26.206216723868003,0
16620,25.012134996733703,0
16621,23.90530434703814,0
16622,24.73545205481936,0
16623,24.64863396659222,0
16624,24.352049410286256,0
16625,25.320328371248856,0
16626,24.556197287218794,0
16627,23.288636295807034,0
16628,22.67596586516422,0
16629,21.989531873003276,0
16630,21.06585002108714,0
16631,19.02383542822942,0
16632,19.139720317395685,0
16633,18.653076851149788,0
16634,18.611188138715846,0
16635,17.718742374650642,0
16636,17.384715400553414,0
16637,16.20475618846999,0
16638,16.528022392993446,0
16639,15.693732642326927,0
16640,16.8966966468925,0
16641,14.022671430584268,0
16642,14.092100139500863,0
16643,13.671726353696812,0
16644,14.316000312456623,0
16645,16.06538826332087,0
16646,15.532001917689776,0
16647,16.818274811966084,0
16648,17.72864025851628,0
16649,15.859767985048514,0
16650,16.061345749811956,0
16651,15.592504805066932,0
16652,17.041061196666696,0
16653,18.76119961736353,0
16654,19.15756866134833,0
16655,19.836642116948354,0
16656,20.12176259091821,0
16657,20.491533289081854,0
16658,20.23149750422553,0
16659,21.928702322713647,0
16660,23.08467333349748,0
16661,24.169949793801248,0
16662,22.65043449997783,0
16663,22.186236685609927,0
16664,23.865407808627808,0
16665,24.934174405995616,0
16666,24.657000051011607,0
16667,25.529152579449367,0
16668,24.444062256693023,0
16669,25.74774887395873,0
16670,25.184147138354717,0
16671,24.464249211217243,0
16672,24.727298523475298,0
16673,22.577253758796083,0
16674,22.9015027660674,0
16675,23.18941105996347,0
16676,23.405254081453965,0
16677,22.22276960919129,0
16678,21.235502608524165,0
16679,21.094616166115674,0
16680,19.62939799608849,0
16681,19.566502131748255,0
16682,20.347688910830165,0
16683,18.514257823345535,0
16684,17.971440663663305,0
16685,16.648029302939104,0
16686,17.638314888068983,0
16687,15.130898932108689,0
16688,16.731408379591635,0
16689,14.087890025191985,0
16690,15.605103127679373,0
16691,14.868683544143122,0
16692,15.728734336783916,0
16693,15.401647091298413,0
16694,15.448729071161655,0
16695,15.894009294027068,0
16696,16.06714354689588,0
16697,14.28085787527591,0
16698,17.376112376437085,0
16699,16.878938056029213,0
16700,16.603120202320593,0
16701,20.144119994779892,0
16702,19.513645659948775,0
16703,18.416404262177647,0
16704,20.252209010056255,0
16705,19.943661407660258,0
16706,20.642094164524032,0
16707,22.41055545742014,0
16708,22.455665461084273,0
16709,24.098910343379405,0
16710,24.12070446064897,0
16711,24.09942264930743,0
16712,24.101656439949554,0
16713,23.488035312560143,0
16714,22.53251175759868,0
16715,24.922879386026327,0
16716,24.570889830376647,0
16717,23.39461006187036,0
16718,23.598713776768932,0
16719,25.762331671304487,0
16720,24.458785176541305,0
16721,23.10837757022148,0
16722,23.80520160118437,0
16723,24.564406418576898,0
16724,22.8519866020901,0
16725,22.154989414803993,0
16726,22.49531771565585,0
16727,21.677173557162963,0
16728,18.911810021445092,0
16729,19.8936199733852,0
16730,17.58601625925456,0
16731,18.57536794887459,0
16732,17.48934141911331,0
16733,16.41854448300324,0
16734,16.395505775221785,0
16735,15.265176792525477,0
16736,16.60491876810624,0
16737,15.199204819612051,0
16738,14.46334418815899,0
16739,14.290121049902039,0
16740,14.019337668971295,0
16741,14.245195708088117,0
16742,16.538069097227897,0
16743,16.113579119905424,0
16744,15.899597291126844,0
16745,15.767390030248611,0
16746,14.882768769840036,0
16747,16.238108028351935,0
16748,16.64028455162686,0
16749,18.050342446139517,0
16750,17.11005139063921,0
16751,17.92311335633737,0
16752,20.49397096409841,0
16753,19.833922297608577,0
16754,21.989961269285782,0
16755,22.384520188103608,0
16756,23.44470176535913,0
16757,23.948339494819155,0
16758,22.57490680682203,0
16759,22.79108267152211,0
16760,25.43623108360434,0
16761,26.600163618973486,0
16762,23.689559802530233,0
16763,24.02341634527196,0
16764,26.193189249905682,0
16765,25.212785807091265,0
16766,26.10540301391422,0
16767,25.74861903717276,0
16768,24.277802911073884,0
16769,22.0912245322817,0
16770,22.46991612077524,0
16771,23.159895760052784,0
16772,24.760194341942764,0
16773,23.462477882285388,0
16774,19.60215298770985,0
16775,20.508247617859723,0
16776,22.538539308121162,0
16777,17.86537505266807,0
16778,15.586235084468996,0
16779,16.241582161139842,0
16780,17.91016116861249,0
16781,15.373831856958265,0
16782,15.215966147850837,0
16783,17.8042915047666,0
16784,16.00805017600724,0
16785,15.004314067614962,0
16786,13.356589664742692,0
16787,14.862518182749755,0
16788,15.257528031288619,0
16789,14.076925674721974,0
16790,15.71260893251007,0
16791,15.269315672100564,0
16792,13.409996261158524,0
16793,15.338785094196005,0
16794,15.639941668850495,0
16795,17.979557541668257,0
16796,16.265732938270837,0
16797,16.200302146842972,0
16798,18.17928931560823,0
16799,19.848444058183553,0
16800,19.750480098244015,0
16801,21.714359376128954,0
16802,19.70729809148463,0
16803,23.809040034241157,0
16804,22.58254003133867,0
16805,24.651626210066887,0
16806,24.04621031178586,0
16807,23.580957797837726,0
16808,23.908830073376972,0
16809,25.646206703818947,0
16810,26.440316150127003,0
16811,26.773708157245707,0
16812,24.813980319367044,0
16813,24.38279791867321,0
16814,24.529353199244426,0
16815,25.30595904450359,0
16816,24.392670262186257,0
16817,23.42902114415779,0
16818,24.161860646279827,0
16819,23.90621131943974,0
16820,21.553039816182974,0
16821,22.823848501776002,0
16822,20.424378382374204,0
16823,20.972101884416695,0
16824,19.964687299081373,0
16825,20.704613806436942,0
16826,19.46951732309161,0
16827,17.3144042264003,0
16828,16.46243357321696,0
16829,18.024833061306662,0
16830,16.709555022684704,0
16831,16.094303590106456,0
16832,15.24500701186893,0
16833,15.42192382402693,0
16834,15.55944473643238,0
16835,15.504763772147292,0
16836,13.985859829627223,0
16837,14.447666895678973,0
16838,13.800251611973106,0
16839,14.953033018133167,0
16840,16.074809410354643,0
16841,16.54904389673584,0
16842,17.027619932134108,0
16843,16.77829618790145,0
16844,16.056987908593296,0
16845,17.39941769800327,0
16846,19.743462436725693,0
16847,19.298644136765223,0
16848,21.320452958097388,0
16849,21.042005896418218,0
16850,20.92457370895699,0
16851,22.112344416479242,0
16852,22.998162132229456,0
16853,22.890672918838266,0
16854,22.129754243319095,0
16855,24.765371353540804,0
16856,25.005496626531592,0
16857,25.3039623276252,0
16858,25.282449319056205,0
16859,24.598380178147774,0
16860,24.158677840324533,0
16861,24.30621707878652,0
16862,25.994806359471557,0
16863,24.040581173588315,0
16864,24.53524665287415,0
16865,22.276728153008555,0
16866,22.02513368898419,0
16867,24.418306486345315,0
16868,20.82514887682985,0
16869,22.25696817829786,0
16870,21.904468677324335,0
16871,20.62135127003682,0
16872,18.759873541819548,0
16873,18.55674810783937,0
16874,17.020769815710413,0
16875,19.331610172063062,0
16876,17.49379323258814,0
16877,15.38304470413091,0
16878,15.092269308900542,0
16879,18.890983745613703,0
16880,16.63530367640587,0
16881,16.666271346071955,0
16882,17.05658173466712,0
16883,15.934146267008682,0
16884,15.406831515586383,0
16885,14.584122597659885,0
16886,14.98731570413676,0
16887,14.021349382444148,0
16888,16.179081318360364,0
16889,17.507404244852346,0
16890,16.254562454319846,0
16891,17.24632281304379,0
16892,17.525302886160517,0
16893,18.196936439685366,0
16894,19.17566432748761,0
16895,18.428141127326494,0
16896,20.86783289075575,0
16897,21.998807243891736,0
16898,21.14458747339747,0
16899,22.082279496318566,0
16900,22.21086764040896,0
16901,24.29736909871662,0
16902,23.87713406281972,0
16903,24.572498267188926,0
16904,24.6617939782383,0
16905,22.086959707751625,0
16906,25.11965963571355,0
16907,25.99888605905346,0
16908,24.50293446956029,0
16909,24.75649926020308,0
16910,22.98232347925925,0
16911,24.259598692691057,0
16912,24.104678934104495,0
16913,23.821327730637233,0
16914,24.792959585521494,0
16915,22.74959113129576,0
16916,23.046052802495634,0
16917,22.548667445206718,0
16918,21.85632981245515,0
16919,21.54592348613472,0
16920,21.472423551312453,0
16921,19.68436539940994,0
16922,18.355636093548107,0
16923,17.44361194004354,0
16924,17.92296821944995,0
16925,17.346423889360185,0
16926,15.730677774666766,0
16927,17.74749281785273,0
16928,16.020071593049888,0
16929,15.421676184767305,0
16930,16.03813766507361,0
16931,15.740745282119427,0
16932,13.683475108918326,0
16933,15.020468845083473,0
16934,15.513498784268602,0
16935,15.166625130481993,0
16936,14.518767897831813,0
16937,16.95054773601026,0
16938,16.377259252609434,0
16939,16.559556739520005,0
16940,17.39065229999205,0
16941,19.116611584055654,0
16942,19.59135736695299,0
16943,19.641656712137724,0
16944,19.240735666834137,0
16945,21.009919388454495,0
16946,22.308725418522,0
16947,22.946768008337074,0
16948,22.870759074541482,0
16949,22.27081092622834,0
16950,23.397646113730772,0
16951,23.376111845128918,0
16952,24.840408462541845,0
16953,24.620787036210263,0
16954,24.263818876099407,0
16955,23.077462182867766,0
16956,25.34339418558887,0
16957,26.676657301252718,0
16958,24.880886045035368,0
16959,22.977534914615642,0
16960,25.08415663591549,0
16961,23.868508949613048,0
16962,22.982462580820556,0
16963,24.703784039234915,0
16964,23.070411644219384,0
16965,20.683161830573617,0
16966,21.447689204281343,0
16967,20.533717325106004,0
16968,20.948360023451865,0
16969,16.93671780799643,0
16970,17.800680003989488,0
16971,16.63483801026204,0
16972,18.134906551323503,0
16973,16.542082772230312,0
16974,15.110987624940238,0
16975,15.471257578114203,0
16976,17.85522558475433,0
16977,14.727085706361967,0
16978,17.075508813523612,0
16979,16.75739737823239,0
16980,15.767504803725911,0
16981,15.126737537813177,0
16982,15.22390724874604,0
16983,14.790534619329614,0
16984,13.93103523348514,0
16985,18.38326985067109,0
16986,16.180093737940517,0
16987,16.903965306340385,0
16988,18.100842205223536,0
16989,17.459255871567404,0
16990,20.122825538787403,0
16991,18.81606350887769,0
16992,20.467213112287116,0
16993,21.268839432840622,0
16994,21.11450935971769,0
16995,21.245893963101185,0
16996,22.673540140251465,0
16997,20.11665386204561,0
16998,23.168134561144072,0
16999,23.82023541640916,0
17000,25.16620698839323,0
17001,25.22299320862148,0
17002,24.694865845833036,0
17003,22.43823622936334,0
17004,24.257162851914632,0
17005,23.068464167686045,0
17006,23.027005658214186,0
17007,24.44111790612761,0
17008,22.99636413031717,0
17009,23.278603232098842,0
17010,24.086409460859386,0
17011,22.289227303160875,0
17012,23.530650615508222,0
17013,23.040009471884026,0
17014,21.326656399457093,0
17015,20.913857296662876,0
17016,21.30386499060426,0
17017,17.772374806363914,0
17018,20.77475514607132,0
17019,18.985304460388864,0
17020,19.422429635061093,0
17021,19.24551967646246,0
17022,17.312854205817754,0
17023,15.540625115313162,0
17024,14.98143828789527,0
17025,15.233405605417339,0
17026,12.80574331104232,0
17027,15.906197876604361,0
17028,14.288533338612828,0
17029,15.626726399890911,0
17030,14.212109209099689,0
17031,14.917700427816433,0
17032,12.92306818978959,0
17033,16.97507074177791,0
17034,17.031233947741615,0
17035,17.860398369661265,0
17036,16.778288644868667,0
17037,19.53788230114542,0
17038,18.460463675630397,0
17039,19.64421285890524,0
17040,20.237434309112754,0
17041,19.20488126878766,0
17042,21.86355496068633,0
17043,20.173667263978604,0
17044,24.35719551503228,0
17045,23.86111332538742,0
17046,22.40524986986395,0
17047,24.891665227256233,0
17048,23.645472502329078,0
17049,24.865763129380344,0
17050,25.201656831743154,0
17051,24.527391685816557,0
17052,24.999002188891836,0
17053,23.538120375151667,0
17054,25.596250494829675,0
17055,24.733792578927353,0
17056,23.9102020934013,0
17057,23.868522626632934,0
17058,23.46161583257332,0
17059,22.01942306492523,0
17060,24.41830146641316,0
17061,21.636464362301897,0
17062,21.643211398079885,0
17063,21.849662706345132,0
17064,21.108544790945967,0
17065,18.641237491037735,0
17066,16.899085536241085,0
17067,18.48148573091829,0
17068,16.97523122809582,0
17069,16.974758362976978,0
17070,15.076137460030328,0
17071,16.215264984607778,0
17072,13.922963778993543,0
17073,14.02741978008268,0
17074,15.179509925079696,0
17075,15.094034419427508,0
17076,14.832317852790704,0
17077,15.324627921917395,0
17078,14.64401966072267,0
17079,15.127316972210151,0
17080,18.19691905309576,0
17081,14.528935904956414,0
17082,16.736523744388315,0
17083,18.31414891474214,0
17084,16.741033214418767,0
17085,17.71264687171039,0
17086,18.73631848278165,0
17087,19.610372748421025,0
17088,21.184845287838634,0
17089,19.681128458986144,0
17090,21.8599167506594,0
17091,22.501395274800636,0
17092,21.45300162367525,0
17093,21.20805290647755,0
17094,24.18553782919972,0
17095,24.26499067092405,0
17096,24.558878717591128,0
17097,26.204343984205927,0
17098,24.66637990263216,0
17099,25.549477399833734,0
17100,23.42090753874243,0
17101,24.611736392181854,0
17102,23.65657041708196,0
17103,22.08806388360912,0
17104,23.98071150043048,0
17105,23.950851543063926,0
17106,24.96863816488615,0
17107,22.22843715292299,0
17108,23.90361534759689,0
17109,21.60813363070174,0
17110,21.472550320721506,0
17111,21.060798397387533,0
17112,20.239403216386947,0
17113,18.267114164881285,0
17114,19.414821324217712,0
17115,17.942607774900587,0
17116,17.4093990958678,0
17117,16.471724433083565,0
17118,16.462563573457707,0
17119,15.346756318496372,0
17120,17.33185743376328,0
17121,16.818691695034218,0
17122,15.179983505923694,0
17123,14.33091024486382,0
17124,14.535353829431749,0
17125,12.937308666263185,0
17126,15.33942978632988,0
17127,16.667035234496673,0
17128,13.47219552990695,0
17129,15.394040667200589,0
17130,16.154892021990175,0
17131,17.49894455123966,0
17132,16.390875597169966,0
17133,18.535812255349676,0
17134,19.44751890509068,0
17135,18.49255756300005,0
17136,18.672350324731433,0
17137,19.525755824332737,0
17138,21.322202762445052,0
17139,23.508190076286667,0
17140,21.983192759965142,0
17141,23.047567661456135,0
17142,22.928039400746588,0
17143,21.71751101921442,0
17144,24.731086551914746,0
17145,23.455732792825014,0
17146,24.6631582734225,0
17147,26.654597572077407,0
17148,23.69364237641877,0
17149,24.838888268200453,0
17150,23.77978542336728,0
17151,22.247426790222196,0
17152,22.311578562229187,0
17153,24.20745738394556,0
17154,23.042629110567514,0
17155,22.485271613351674,0
17156,23.28075732820905,0
17157,21.9925091498041,0
17158,21.798314509074807,0
17159,21.753433988457587,0
17160,22.032427275449443,0
17161,19.575752516122385,0
17162,18.579177866400236,0
17163,16.944218905015585,0
17164,16.614102518820996,0
17165,16.21171781509056,0
17166,17.178685224267557,0
17167,15.206795839341439,0
17168,15.881097952167526,0
17169,16.832576768851876,0
17170,14.560709457837536,0
17171,14.694668158627184,0
17172,14.528331428604181,0
17173,14.497229806104244,0
17174,16.70417029787588,0
17175,15.716410251149895,0
17176,15.139357534962421,0
17177,16.346933350279233,0
17178,17.299804059830652,0
17179,17.55512520327887,0
17180,18.078692763207194,0
17181,16.921532841688148,0
17182,19.006242806337646,0
17183,18.92843000146027,0
17184,19.787507482730568,0
17185,21.63609670949586,0
17186,21.566648552205326,0
17187,21.980606918546627,0
17188,21.488268754752774,0
17189,25.272956898653412,0
17190,22.639018148247047,0
17191,23.409758993484427,0
17192,25.76560609467151,0
17193,26.2346777184859,0
17194,25.88171103427647,0
17195,26.61415295619385,0
17196,23.44015577689636,0
17197,23.10873810421522,0
17198,23.2969626447241,0
17199,25.92884547491031,0
17200,25.801022351139032,0
17201,23.566260473649702,0
17202,23.616716769783835,0
17203,22.79465783173862,0
17204,22.068017966112066,0
17205,20.989714087362437,0
17206,20.540815657225078,0
17207,21.52720946726645,0
17208,20.514515904875402,0
17209,19.239633887304347,0
17210,20.213820061124153,0
17211,18.696909390908846,0
17212,18.547625665397973,0
17213,18.106069915017237,0
17214,13.654482769629128,0
17215,15.999168852085171,0
17216,16.39266453410301,0
17217,14.636352560659503,0
17218,13.870523895887022,0
17219,13.620345282202257,0
17220,15.711469265300392,0
17221,14.116780395037448,0
17222,16.50464857275967,0
17223,15.952870138807336,0
17224,16.839630331567175,0
17225,16.557164018182306,0
17226,13.99272477683955,0
17227,17.00944846378846,0
17228,17.86321983376391,0
17229,19.084018272990193,0
17230,18.698751231453056,0
17231,19.092818260583133,0
17232,22.182575276919405,0
17233,21.030621710403828,0
17234,21.986087133098312,0
17235,21.697952640186333,0
17236,23.251786291330983,0
17237,22.768118810328886,0
17238,23.70975912945277,0
17239,23.277245013059826,0
17240,23.186215568404343,0
17241,24.797815818733483,0
17242,24.078440197184637,0
17243,24.36078437073882,0
17244,25.282357813121283,0
17245,24.339524606939097,0
17246,25.042309453444727,0
17247,24.759599991268665,0
17248,21.320355369724474,0
17249,24.738600611294,0
17250,23.32420609313151,0
17251,22.759350999500583,0
17252,22.335816759306386,0
17253,22.14176126628614,0
17254,21.5876252673604,0
17255,21.913856932039497,0
17256,19.784216716634436,0
17257,18.91305055288315,0
17258,18.037601385811815,0
17259,18.685584281446353,0
17260,16.47683293456731,0
17261,16.627492683328995,0
17262,17.4805966412124,0
17263,15.21655825143225,0
17264,14.888266122921696,0
17265,14.970299006402545,0
17266,15.646974745341412,0
17267,14.588406960282413,0
17268,14.729628551587831,0
17269,16.180915365534972,0
17270,15.646258423086007,0
17271,14.27067822862758,0
17272,16.22425521063538,0
17273,16.867137516413635,0
17274,17.711423829097342,0
17275,17.100354741022993,0
17276,17.343277654522762,0
17277,17.13963282391431,0
17278,20.44499179574222,0
17279,18.7453892955064,0
17280,19.524375299292025,0
17281,20.92326287856035,0
17282,21.187652295935248,0
17283,20.115624068293553,0
17284,20.388149337060895,0
17285,21.746537462229693,0
17286,21.838323024287966,0
17287,25.028811080383704,0
17288,24.700715824794866,0
17289,24.57362660390499,0
17290,23.959234185872553,0
17291,25.48372992867159,0
17292,25.427902373739787,0
17293,24.338367269446152,0
17294,23.65665343305518,0
17295,24.120344486987786,0
17296,23.69862371645144,0
17297,23.007271841034587,0
17298,23.83305296455495,0
17299,24.43780549695985,0
17300,21.73984244968495,0
17301,21.23894015725662,0
17302,22.424577985573695,0
17303,19.425944374140585,0
17304,19.871556956112386,0
17305,19.480461966533596,0
17306,20.16476868500351,0
17307,17.754090219031955,0
17308,16.383708177184943,0
17309,17.4254456159957,0
17310,17.099855264233067,0
17311,16.25430358038086,0
17312,15.068353653227835,0
17313,14.355263711551245,0
17314,15.304221959241904,0
17315,15.0968911701144,0
17316,16.262212209023765,0
17317,14.20845156135337,0
17318,14.438845014414492,0
17319,14.848960280879528,0
17320,15.095529465570664,0
17321,15.358918267929031,0
17322,16.755021071542266,0
17323,15.83058921386906,0
17324,17.752170105433564,0
17325,17.525930805788743,0
17326,19.47641945082007,0
17327,19.667359891007607,0
17328,19.611565780800422,0
17329,20.05906432795012,0
17330,20.901360361254426,0
17331,22.63653398815065,0
17332,21.933723907547744,0
17333,21.21453838233213,0
17334,24.459226557477603,0
17335,23.02878099080348,0
17336,24.99618257090639,0
17337,25.46267431993791,0
17338,25.079582418404442,0
17339,24.675593069760943,0
17340,25.853859861748106,0
17341,23.586931379620108,0
17342,24.228634879472466,0
17343,24.61140673693118,0
17344,25.436722519788372,0
17345,25.313015685397566,0
17346,23.522150468670766,0
17347,22.461474526003713,0
17348,21.928938150751044,0
17349,22.515395679631375,0
17350,21.773828536383924,0
17351,23.26897254718751,0
17352,19.57697353569268,0
17353,18.955057472670727,0
17354,19.505479942115368,0
17355,18.323086039912265,0
17356,17.732027429149618,0
17357,17.795630216339585,0
17358,18.273292069674078,0
17359,14.649574019683058,0
17360,15.173570987177127,0
17361,15.774796600418249,0
17362,14.20665762058704,0
17363,15.072057012880549,0
17364,15.694318385545687,0
17365,14.160066664901798,0
17366,16.16891247884273,0
17367,15.723469796391026,0
17368,14.092315136609626,0
17369,16.73018498155641,0
17370,15.088542653456003,0
17371,15.834790656891638,0
17372,17.906578457050905,0
17373,17.381570966535246,0
17374,17.61890265586586,0
17375,17.438971464727,0
17376,20.604408217352876,0
17377,21.1424385913678,0
17378,20.252560297614657,0
17379,19.325001042522615,0
17380,20.608740855812183,0
17381,22.003442513047773,0
17382,22.654212725587854,0
17383,23.41545118583534,0
17384,22.571711013173896,0
17385,25.103911696978123,0
17386,22.577114271334263,0
17387,25.674626633894576,0
17388,24.748849504896477,0
17389,25.50252750584218,0
17390,23.99394704596195,0
17391,24.54595579487681,0
17392,22.36488556131234,0
17393,24.729966386486797,0
17394,23.964003733233856,0
17395,22.437420175987473,0
17396,20.76524848720295,0
17397,23.408602917759964,0
17398,21.24176414285854,0
17399,19.68165100590612,0
17400,19.599821538961564,0
17401,18.838306190742315,0
17402,18.149124195345756,0
17403,17.85600029968946,0
17404,18.518287441411932,0
17405,14.856739009223272,0
17406,16.545367412070583,0
17407,15.30782300807955,0
17408,14.314962718495877,0
17409,14.492744982205124,0
17410,14.577884718028082,0
17411,14.65178503877331,0
17412,15.262209785164023,0
17413,16.599631591745172,0
17414,15.563048695135011,0
17415,13.380274414665102,0
17416,14.979087113270754,0
17417,16.569472260954406,0
17418,16.458128459469595,0
17419,17.178629486938807,0
17420,16.30492360671145,0
17421,16.41132798585398,0
17422,17.556069914898764,0
17423,19.83349451377949,0
17424,20.693189260027637,0
17425,21.591157027623954,0
17426,21.075769245161716,0
17427,23.24110800871842,0
17428,22.48785124237099,0
17429,24.39131646160958,0
17430,23.501841195747392,0
17431,23.84958968608766,0
17432,23.791651372641326,0
17433,22.930957796121707,0
17434,25.395907331595087,0
17435,23.130097592885278,0
17436,24.22364165253531,0
17437,24.928993726280154,0
17438,24.566383270994322,0
17439,22.39551545778899,0
17440,24.58415012202547,0
17441,24.569728687487153,0
17442,23.180095758678807,0
17443,22.48599962931327,0
17444,23.437326653651148,0
17445,22.126973667137886,0
17446,21.605924225201154,0
17447,20.018656405503755,0
17448,20.6312531123599,0
17449,19.35320933681147,0
17450,16.64984453607258,0
17451,18.085442607594874,0
17452,16.59781609531389,0
17453,16.598799430438895,0
17454,18.253002343731488,0
17455,16.420798998443026,0
17456,16.78078492881383,0
17457,16.02777116883473,0
17458,17.155141341046324,0
17459,16.007018160329075,0
17460,14.535072023850393,0
17461,14.836292973449561,0
17462,15.233203458844343,0
17463,15.402060750940237,0
17464,16.169357184564564,0
17465,15.708253151037407,0
17466,16.751111839090758,0
17467,17.794758875303177,0
17468,15.984818531684265,0
17469,17.12013089482757,0
17470,17.615470506642033,0
17471,21.606382600549395,0
17472,21.060227588986578,0
17473,21.382104801944166,0
17474,22.28051055627704,0
17475,22.31780729774,0
17476,24.085828760030804,0
17477,22.664561454551023,0
17478,23.941881389384086,0
17479,24.839699625764766,0
17480,25.378366629457553,0
17481,24.20331869701166,0
17482,25.56842888224146,0
17483,24.95546085588775,0
17484,25.60408280328792,0
17485,23.448868430581225,0
17486,24.13878238741009,0
17487,23.166996381623505,0
17488,26.004320220927557,0
17489,24.025842170989996,0
17490,24.37410845032056,0
17491,23.325026150400653,0
17492,23.046685241258196,0
17493,21.487558347406793,0
17494,20.20922412837454,0
17495,20.070898656976393,0
17496,20.212937665239533,0
17497,21.534506158099703,0
17498,19.68638640624059,0
17499,17.613008098410152,0
17500,17.67292653342292,0
17501,19.075685896366274,0
17502,16.3985130298554,0
17503,16.983004316407552,0
17504,15.73691337067422,0
17505,14.132633692263617,0
17506,16.526930047079297,0
17507,14.402614634665385,0
17508,15.22305927706531,0
17509,15.751440907763529,0
17510,13.638994426551715,0
17511,16.579707382850327,0
17512,14.912123210889144,0
17513,15.753638920871543,0
17514,17.11804396200744,0
17515,16.790522802995437,0
17516,19.32455586437752,0
17517,17.48022392275507,0
17518,17.848853089423418,0
17519,18.585062422841556,0
17520,20.387101142188058,0
17521,21.57920761343813,0
17522,21.790007099748077,0
17523,21.701242669554205,0
17524,22.656203644870388,0
17525,22.77892358443651,0
17526,24.811007708419986,0
17527,24.62748789947601,0
17528,24.310404234946056,0
17529,24.931989266122834,0
17530,25.763654320082498,0
17531,25.215691851428993,0
17532,23.772716435847403,0
17533,25.346634476964873,0
17534,23.82972162735411,0
17535,22.5795668577073,0
17536,25.12741900208467,0
17537,25.779958666058867,0
17538,23.185798609771382,0
17539,22.017113584128868,0
17540,22.89634147835936,0
17541,20.476781306944435,0
17542,23.861062492414813,0
17543,20.89689500361178,0
17544,20.12504123895556,0
17545,20.21415424324305,0
17546,18.378056454930054,0
17547,17.410213341593074,0
17548,19.636988692513462,0
17549,15.986634004086214,0
17550,17.107893489257407,0
17551,16.193007973234472,0
17552,14.878933029087582,0
17553,13.84878207527285,0
17554,15.90657249568791,0
17555,16.721141389243634,0
17556,14.7094868938894,0
17557,14.177114477874639,0
17558,14.287379283247166,0
17559,15.458273323830431,0
17560,14.665878153100103,0
17561,14.835994783445722,0
17562,15.831479693261853,0
17563,17.78640364770568,0
17564,16.997107571741402,0
17565,18.850030548523087,0
17566,19.589515706242445,0
17567,20.228718080015888,0
17568,20.264477446365674,0
17569,20.886676138904026,0
17570,21.999547434768672,0
17571,21.18857544862239,0
17572,23.35756553068965,0
17573,23.631097591492374,0
17574,21.613191862158516,0
17575,23.931099734401034,0
17576,24.87757639232287,0
17577,24.410289929823676,0
17578,25.418449418236573,0
17579,24.13035484836874,0
17580,25.35743893641306,0
17581,27.024184484769396,0
17582,26.678796535306983,0
17583,26.31877044099264,0
17584,24.37278552247585,0
17585,23.785526450256278,0
17586,24.09136272526241,0
17587,23.473820666029475,0
17588,24.021836001731298,0
17589,23.185023737348548,0
17590,19.3132573614781,0
17591,19.933879935498197,0
17592,19.887845981468054,0
17593,20.44072186854898,0
17594,19.02347911694151,0
17595,17.880534496860605,0
17596,17.986908355949737,0
17597,16.978451376921463,0
17598,17.912837987645343,0
17599,17.278253371319575,0
17600,15.275937839934784,0
17601,17.730606964147793,0
17602,15.78611671729492,0
17603,15.661616366458775,0
17604,15.194843976007924,0
17605,17.476407485275228,0
17606,15.50687228556673,0
17607,15.413277958792968,0
17608,14.85868879039783,0
17609,15.236199289858131,0
17610,17.574486722685716,0
17611,16.81464667770813,0
17612,18.350763034303878,0
17613,17.207225551584532,0
17614,18.25704669503801,0
17615,19.88874217389229,0
17616,18.425729009202936,0
17617,21.07193479694598,0
17618,21.210100359698487,0
17619,21.439794817915757,0
17620,22.54422083368957,0
17621,21.828414686172287,0
17622,25.11697902070568,0
17623,23.838800369427155,0
17624,23.96651991727042,0
17625,26.273396309526387,0
17626,26.146880504769072,0
17627,24.433198537569584,0
17628,25.57205502097964,0
17629,23.911726816232193,0
17630,25.470899176812882,0
17631,25.52486839233065,0
17632,25.245504183987634,0
17633,22.311024828213,0
17634,23.298822951548324,0
17635,24.94114800130723,0
17636,22.15940877357998,0
17637,21.903453980927832,0
17638,19.27277260215774,0
17639,21.166733899477112,0
17640,19.744197227328733,0
17641,20.112611619299344,0
17642,17.892705286067315,0
17643,17.6746484621564,0
17644,16.746543198550796,0
17645,15.173333996621562,0
17646,16.64444949459728,0
17647,15.590039182794257,0
17648,17.585151606707306,0
17649,16.102951630439215,0
17650,15.92653919746266,0
17651,16.545987719306563,0
17652,14.451158794243849,0
17653,15.153657401233744,0
17654,16.427917254591655,0
17655,16.40083235948645,0
17656,18.290090498038573,0
17657,14.976195926886705,0
17658,18.502166844204517,0
17659,16.792965869062265,0
17660,19.173504166867225,0
17661,15.942062135251104,0
17662,20.609728699315117,0
17663,18.811706867251402,0
17664,20.262031285730856,0
17665,18.593888739678192,0
17666,23.07560045827135,0
17667,21.626259173125998,0
17668,23.985773304890472,0
17669,23.604378981509655,0
17670,23.291246927987494,0
17671,23.66318679058505,0
17672,27.53948339191386,0
17673,25.344935200662686,0
17674,25.387993517264125,0
17675,24.58454213250527,0
17676,25.985113166336486,0
17677,24.670340839262195,0
17678,25.293228713368215,0
17679,24.115024336391354,0
17680,22.880779814275947,0
17681,25.310660610864264,0
17682,23.390279175613834,0
17683,23.727246882816292,0
17684,24.925973605712514,0
17685,19.678553092858515,0
17686,22.007490131242875,0
17687,20.59915106125215,0
17688,19.951457412077456,0
17689,19.60620188391962,0
17690,18.43206700450934,0
17691,18.250211621756435,0
17692,17.8843397554057,0
17693,17.095270636861574,0
17694,17.434125543082683,0
17695,14.781615962698048,0
17696,14.87110162711834,0
17697,15.466440870722865,0
17698,14.31675962753374,0
17699,13.804006760490001,0
17700,13.574340236809414,0
17701,13.998182423789283,0
17702,14.46063106538906,0
17703,14.360344436636266,0
17704,15.422316585945941,0
17705,16.693678969193247,0
17706,17.28654804683488,0
17707,16.62765712393999,0
17708,16.594793153767657,0
17709,18.160978990909737,0
17710,19.332889257045046,0
17711,18.27925831964284,0
17712,20.957268154966908,0
17713,20.052536987583892,0
17714,20.769273031516985,0
17715,19.099030218908577,0
17716,22.92001086389634,0
17717,22.408066552018955,0
17718,23.977761987022284,0
17719,24.283430703266436,0
17720,23.288543169909996,0
17721,25.066926754025015,0
17722,23.527772835043084,0
17723,24.62267004804881,0
17724,24.214301895613286,0
17725,24.68507289883065,0
17726,23.13258119915909,0
17727,27.345875906584304,0
17728,24.42606806067632,0
17729,24.674364006732617,0
17730,23.67308469371719,0
17731,24.047333999379443,0
17732,22.141728377450768,0
17733,20.325861661616727,0
17734,21.599171150931785,0
17735,20.946711366121704,0
17736,19.35980101168613,0
17737,20.29613972389717,0
17738,19.900091588907586,0
17739,19.109522118451324,0
17740,17.218161044855133,0
17741,16.382012879139253,0
17742,16.650221879888726,0
17743,16.567326181633398,0
17744,14.40936909422538,0
17745,15.442873501123488,0
17746,15.212599445065885,0
17747,13.912501021067177,0
17748,16.18514445191401,0
17749,16.044495954977954,0
17750,14.8546874750649,0
17751,15.932059517619024,0
17752,15.895830938363202,0
17753,16.581383209424768,0
17754,16.479630663061997,0
17755,16.43239755834725,0
17756,16.794427890469944,0
17757,17.461980575293353,0
17758,18.405486289220377,0
17759,20.134501625843114,0
17760,18.820883253276286,0
17761,20.464044508974222,0
17762,22.533765032277376,0
17763,20.167301875483787,0
17764,21.934297691808453,0
17765,22.124567506470548,0
17766,23.717085521232203,0
17767,22.662481653083685,0
17768,24.853221753155673,0
17769,24.788526068999534,0
17770,25.033228956701805,0
17771,24.120847997344843,0
17772,25.797965990055257,0
17773,26.58465365488301,0
17774,22.643593313400142,0
17775,25.472453444082795,0
17776,23.18620594010621,0
17777,23.939457396270225,0
17778,23.853322974590633,0
17779,23.85037015545596,0
17780,23.521050910612335,0
17781,20.147968061571213,0
17782,20.861711622905386,0
17783,19.59840705240593,0
17784,18.89902004426732,0
17785,19.49163393750369,0
17786,19.262852387236066,0
17787,17.03593433375825,0
17788,17.576857791830257,0
17789,16.27362745213706,0
17790,16.71102148690973,0
17791,16.964061971148112,0
17792,15.581885485033245,0
17793,14.36580330267197,0
17794,13.947887347829067,0
17795,15.4420759981867,0
17796,14.377354948254016,0
17797,14.286266400539416,0
17798,14.345789458745298,0
17799,15.26952700596785,0
17800,17.059420167525918,0
17801,15.514089316600382,0
17802,15.606064220343558,0
17803,14.093268770614047,0
17804,17.241026656569574,0
17805,16.91186955959369,0
17806,18.739671749208398,0
17807,20.003279123669707,0
17808,18.311152503748534,0
17809,21.619607070960548,0
17810,21.996608118102294,0
17811,23.079052080979764,0
17812,20.996549770643075,0
17813,25.06105857666448,0
17814,23.648608638222097,0
17815,23.701881666304384,0
17816,23.27797414185217,0
17817,24.43659741477596,0
17818,25.797315226974913,0
17819,24.206213975732403,0
17820,24.66386143425838,0
17821,24.240821807674976,0
17822,24.662127018336037,0
17823,24.603128676098937,0
17824,24.05814342248373,0
17825,25.66326306254707,0
17826,24.066266990098494,0
17827,22.535586092324884,0
17828,21.71606975835675,0
17829,21.69624585183307,0
17830,21.502654618210318,0
17831,21.797370671956443,0
17832,20.025445722199485,0
17833,19.682139397114266,0
17834,18.18845248923242,0
17835,18.694657041479147,0
17836,18.209371926209297,0
17837,15.549540136481818,0
17838,17.156121466179805,0
17839,13.967803406276424,0
17840,14.939635638833584,0
17841,15.07030454955415,0
17842,17.147755123557424,0
17843,15.61470609926989,0
17844,14.8285275529619,0
17845,15.17149814266161,0
17846,14.870272049495867,0
17847,16.557936867241924,0
17848,17.255707082211313,0
17849,16.53049894698097,0
17850,17.509665442208043,0
17851,17.40403822203651,0
17852,16.713153790191154,0
17853,17.75776932336519,0
17854,19.097824373803352,0
17855,19.809005223023064,0
17856,18.88278800084202,0
17857,20.50832220601114,0
17858,21.791562413183755,0
17859,20.937864466325223,0
17860,23.102230527633818,0
17861,22.56705941239171,0
17862,23.28665502039824,0
17863,25.50637551293688,0
17864,23.874761578666412,0
17865,24.834130404444508,0
17866,24.57625022253841,0
17867,24.83922205539266,0
17868,25.000497706183882,0
17869,24.884160694475785,0
17870,24.488302421479982,0
17871,24.791142252012428,0
17872,25.495408726569902,0
17873,24.52868021035009,0
17874,23.415517353208354,0
17875,22.592145831700382,0
17876,23.4158491537057,0
17877,21.95944319064251,0
17878,21.147830789164114,0
17879,20.366832821621035,0
17880,21.059590155943162,0
17881,18.79105440395918,0
17882,20.632215166996424,0
17883,18.320503464964204,0
17884,17.734429740598774,0
17885,15.421987447534129,0
17886,15.970950924043503,0
17887,14.073814918202643,0
17888,18.040506376018396,0
17889,15.303243973457908,0
17890,14.583302576357028,0
17891,14.370335827161941,0
17892,17.945054862974757,0
17893,16.047046095254466,0
17894,13.679702974083334,0
17895,13.01557642654782,0
17896,14.740314788379692,0
17897,15.98183837519269,0
17898,17.50298214408468,0
17899,16.87448082817087,0
17900,19.02764596192303,0
17901,17.71091741288236,0
17902,19.64335583077398,0
17903,19.55469599651703,0
17904,18.080162525332874,0
17905,21.675820382222582,0
17906,20.747074688230786,0
17907,20.57456106894097,0
17908,20.842462405242077,0
17909,23.355491495308165,0
17910,23.733680881907805,0
17911,24.018092323711038,0
17912,23.111217374329268,0
17913,25.006390203799853,0
17914,24.919875740062135,0
17915,25.328126215396473,0
17916,25.618739342276594,0
17917,25.172927807518683,0
17918,23.182207195634604,0
17919,23.475433584335182,0
17920,26.433296356237385,0
17921,23.8622719343025,0
17922,22.848122673121523,0
17923,21.456951775311545,0
17924,22.11672663771723,0
17925,22.87235539117002,0
17926,20.632660579738964,0
17927,20.709355383466796,0
17928,20.907927762711957,0
17929,20.34960815490768,0
17930,18.31166364891805,0
17931,19.002487628112043,0
17932,17.71155188300858,0
17933,17.358461420253658,0
17934,16.921155613212996,0
17935,16.058191076612744,0
17936,15.320394339912124,0
17937,14.124689784859854,0
17938,17.184195230396462,0
17939,15.248185108120826,0
17940,14.612732405290519,0
17941,15.698615611404026,0
17942,14.96489799819254,0
17943,14.191378935382891,0
17944,16.10356539181229,0
17945,15.72729691955084,0
17946,14.666767498965289,0
17947,17.146335010872306,0
17948,17.767972620145184,0
17949,17.44194793953365,0
17950,17.59246512675621,0
17951,19.724149650182166,0
17952,20.405908996387204,0
17953,21.1877083983265,0
17954,21.135002966857364,0
17955,21.358692391372752,0
17956,22.025693507958742,0
17957,23.114059642545055,0
17958,22.86210904718106,0
17959,26.041327195418738,0
17960,23.86572716517862,0
17961,25.697845631692918,0
17962,25.063136917302778,0
17963,25.352845198298454,0
17964,25.02205755671834,0
17965,26.709271151272446,0
17966,22.636056691828337,0
17967,23.728509180253745,0
17968,24.901602267547958,0
17969,25.56793841933546,0
17970,23.96701382663567,0
17971,24.417245735860085,0
17972,22.382258268589503,0
17973,22.64690777206097,0
17974,21.26406098757053,0
17975,19.485923916945495,0
17976,20.96971725309182,0
17977,18.86328863130157,0
17978,19.042773560197624,0
17979,19.022062802701935,0
17980,18.075656114871478,0
17981,15.732422308294876,0
17982,16.306806248696834,0
17983,15.40785603984873,0
17984,15.382283373235618,0
17985,16.418030900048645,0
17986,14.289590420165611,0
17987,12.827069567156261,0
17988,13.997768942035725,0
17989,15.71465387834871,0
17990,13.68837719807986,0
17991,15.40437552180422,0
17992,15.138382032712018,0
17993,17.417062422389904,0
17994,16.591477715175554,0
17995,14.408768998697507,0
17996,17.50253553680577,0
17997,17.455069699966405,0
17998,19.796566135061138,0
17999,19.025534724313033,0
18000,19.79543653984422,0
18001,22.47252518948011,0
18002,22.879129198204556,0
18003,21.77376263029214,0
18004,20.686085056143565,0
18005,23.50355881433476,0
18006,22.24351235861773,0
18007,24.158368609965496,0
18008,24.122110063299306,0
18009,23.95041707607287,0
18010,23.838528407276943,0
18011,24.648434284413074,0
18012,27.190329632306785,0
18013,24.63924836964927,0
18014,27.46535511375926,0
18015,24.145997537597044,0
18016,25.670910434977326,0
18017,22.560050559959375,0
18018,25.118334837509817,0
18019,23.22089694580577,0
18020,22.432446588392935,0
18021,22.501672889953394,0
18022,20.687258187666394,0
18023,20.569058748145153,0
18024,20.128045994938393,0
18025,19.08719659606451,0
18026,17.044794976660935,0
18027,18.83052130597497,0
18028,17.074222084995444,0
18029,18.17325368867285,0
18030,17.70572283644516,0
18031,16.36046135461643,0
18032,15.394590949832875,0
18033,15.505938974094686,0
18034,15.170584164449563,0
18035,15.35800384311773,0
18036,15.764017565032152,0
18037,13.186877372938158,0
18038,14.251267909554043,0
18039,14.902920700655576,0
18040,12.932264514762238,0
18041,17.358343860816312,0
18042,15.955498492717597,0
18043,18.740358132816464,0
18044,18.589330974922348,0
18045,19.116613842409407,0
18046,17.681816097986353,0
18047,17.88353972467141,0
18048,20.83077961544976,0
18049,20.632786150968297,0
18050,21.26242744335059,0
18051,21.4669172083723,0
18052,23.48539596308927,0
18053,22.439314665111407,0
18054,23.875364509004587,0
18055,23.929211781299337,0
18056,22.68024991993377,0
18057,24.789423573149527,0
18058,24.991190670211434,0
18059,24.99097913237852,0
18060,24.20705516451644,0
18061,24.885289351476743,0
18062,26.229358336481507,0
18063,25.734708174374965,0
18064,23.562788927103675,0
18065,22.271649818637886,0
18066,23.617518747210877,0
18067,23.44190445837845,0
18068,22.1022894725917,0
18069,22.350058946808222,0
18070,21.654565358368405,0
18071,21.556229332363124,0
18072,18.584780574898424,0
18073,19.374612673750004,0
18074,18.415715694959808,0
18075,18.986619702464463,0
18076,18.82478842886325,0
18077,17.361043853770127,0
18078,17.823855968200856,0
18079,16.045485141912955,0
18080,14.82149422031521,0
18081,16.267711782397622,0
18082,13.912948558552163,0
18083,14.74412636922733,0
18084,15.824781909699826,0
18085,15.241788660138424,0
18086,15.465693821625134,0
18087,14.537011082444568,0
18088,14.318544513601818,0
18089,15.122510085613579,0
18090,15.704012081639823,0
18091,18.1074630993658,0
18092,17.72728611547554,0
18093,17.751900076447953,0
18094,16.813498058473357,0
18095,17.31340205777068,0
18096,21.26235742165567,0
18097,21.285947315279103,0
18098,20.86136609717325,0
18099,22.633103372329003,0
18100,22.447365666420634,0
18101,20.877266298241025,0
18102,23.27637306105412,0
18103,24.072140759472976,0
18104,23.7143006357531,0
18105,25.296917502076408,0
18106,24.779264128780092,0
18107,25.497064165018134,0
18108,24.485151336661296,0
18109,24.88143912961139,0
18110,24.38664922185004,0
18111,24.299148620705292,0
18112,25.105290956019147,0
18113,22.298895848506064,0
18114,23.981906617462297,0
18115,24.478843089254067,0
18116,23.539073714656922,0
18117,21.35378001584998,0
18118,20.396427362938535,0
18119,21.284846116815363,0
18120,20.209806895873836,0
18121,18.710914478324476,0
18122,18.64105940565484,0
18123,17.724047991483918,0
18124,17.907242012318555,0
18125,18.055042685989903,0
18126,15.087660241612205,0
18127,15.964001446498253,0
18128,15.48813154144,0
18129,13.789960592146336,0
18130,16.25145472088993,0
18131,16.45917841440712,0
18132,15.56919247781315,0
18133,16.50923249627543,0
18134,13.09987266782692,0
18135,16.192362601955345,0
18136,15.819951400381544,0
18137,15.905858447510905,0
18138,15.899565965828272,0
18139,17.452002846097404,0
18140,16.625206377107546,0
18141,17.307379921733002,0
18142,19.25317002725973,0
18143,19.876147623634807,0
18144,20.75721644624925,0
18145,20.93152632058902,0
18146,21.70597055405442,0
18147,21.140089710339264,0
18148,22.919507353277922,0
18149,22.362981767338237,0
18150,24.4389948515622,0
18151,24.128931744224666,0
18152,24.994088376634163,0
18153,24.647512985488046,0
18154,24.67641602326591,0
18155,24.230297614874672,0
18156,25.123925986983746,0
18157,24.07783423884563,0
18158,24.68377356368762,0
18159,23.73009419977244,0
18160,26.113109733261396,0
18161,24.662408187175657,0
18162,24.31370025956524,0
18163,23.651090835162773,0
18164,22.750124196499392,0
18165,24.090836337821727,0
18166,21.87676139436575,0
18167,19.000541221056594,0
18168,19.48574342180493,0
18169,19.40535231493494,0
18170,19.99669183070773,0
18171,17.080705411476835,0
18172,14.60666649081493,0
18173,17.246202004046108,0
18174,18.005009546812346,0
18175,16.563447078310375,0
18176,13.98202173819347,0
18177,15.246556820775426,0
18178,15.03824569830173,0
18179,15.223949408746224,0
18180,15.403693698935877,0
18181,15.522558642653012,0
18182,15.026425073515682,0
18183,17.49265235484165,0
18184,15.730917371194645,0
18185,16.800048476939956,0
18186,15.582362403427878,0
18187,17.630529461768614,0
18188,17.30916343419278,0
18189,18.24232096227592,0
18190,18.635296411390012,0
18191,19.697036694485316,0
18192,19.841308926623363,0
18193,20.445064604003232,0
18194,22.41434346182227,0
18195,21.937027011878925,0
18196,23.31797759426779,0
18197,24.246331837509327,0
18198,21.59717740039043,0
18199,23.935705876547665,0
18200,24.131186206598784,0
18201,23.559004885831616,0
18202,23.879529708367336,0
18203,26.23443828772836,0
18204,24.86563223880473,0
18205,26.583115124738462,0
18206,25.521688116699504,0
18207,24.58593148818698,0
18208,23.24038692052724,0
18209,22.949179216898276,0
18210,23.10524713503417,0
18211,23.78902674112161,0
18212,22.067291478855672,0
18213,22.252045855176974,0
18214,20.42384123107036,0
18215,20.137718989929454,0
18216,19.618475359674825,0
18217,18.826768314651233,0
18218,19.0691127239505,0
18219,18.111892156681726,0
18220,16.890106965252834,0
18221,18.050717661568697,0
18222,15.16899978385096,0
18223,16.27980571063522,0
18224,17.548693348829094,0
18225,14.76593652704674,0
18226,15.911119058792615,0
18227,14.671866107036454,0
18228,15.657343334207388,0
18229,16.530409899318766,0
18230,15.165378077064092,0
18231,14.022854620535904,0
18232,16.189604272357872,0
18233,16.646297139397507,0
18234,17.83215952450296,0
18235,17.8541776947515,0
18236,17.993250606254115,0
18237,18.04133210827457,0
18238,17.991988451186273,0
18239,18.255065435117455,0
18240,18.304857999219454,0
18241,20.00347946599378,0
18242,20.797250081391333,0
18243,20.37377906535607,0
18244,20.84256263206947,0
18245,22.138725311673358,0
18246,23.011902065400513,0
18247,23.653004142762956,0
18248,23.664215660252385,0
18249,24.921192812245852,0
18250,23.98572713118558,0
18251,24.505164532415634,0
18252,25.355053164877997,0
18253,24.846148644320706,0
18254,25.723500503551286,0
18255,23.047111530330984,0
18256,23.892651714467497,0
18257,24.7327282439444,0
18258,22.992152367221298,0
18259,24.646579823524053,0
18260,23.38095743167568,0
18261,22.06449805254501,0
18262,21.73232453842712,0
18263,21.54171670974373,0
18264,19.414812691061602,0
18265,16.44764459143589,0
18266,19.145928879942616,0
18267,18.075401718233262,0
18268,16.99587811448888,0
18269,18.19905197034314,0
18270,18.05605216831985,0
18271,16.177041589449605,0
18272,14.753053887731543,0
18273,16.478839589734633,0
18274,15.870844096223031,0
18275,15.189878497986737,0
18276,14.49334856199432,0
18277,16.625543858003244,0
18278,15.935719405883967,0
18279,15.88575473016598,0
18280,17.081399619265163,0
18281,16.12079499965414,0
18282,17.576933142231056,0
18283,17.774048327239502,0
18284,16.85298203183156,0
18285,18.483992796352005,0
18286,18.923123091891284,0
18287,18.651299305982523,0
18288,18.973523523852148,0
18289,21.7429193397239,0
18290,21.6721506186125,0
18291,24.35973973470736,0
18292,21.625686543133398,0
18293,23.799911768643785,0
18294,21.208048421356974,0
18295,24.973016006779893,0
18296,25.340273280835138,0
18297,26.22926226854582,0
18298,24.137924063103917,0
18299,22.861560122051312,0
18300,23.4391088862525,0
18301,26.65858784135164,0
18302,26.420320389478082,0
18303,23.49575808226328,0
18304,23.230461384959945,0
18305,23.14026571335162,0
18306,23.356102676992197,0
18307,21.938384379281338,0
18308,21.675615983610108,0
18309,19.96436042757431,0
18310,20.738067570762432,0
18311,21.86278374817756,0
18312,19.520232306383637,0
18313,20.265835666433926,0
18314,17.34994710069658,0
18315,19.396061470693244,0
18316,18.373192703889746,0
18317,16.298500686346873,0
18318,16.592904177718605,0
18319,16.080612219059947,0
18320,15.751786311269598,0
18321,14.434346167346707,0
18322,16.510438759423295,0
18323,15.417639375059842,0
18324,15.653427612550441,0
18325,15.05124951755606,0
18326,14.26560304152337,0
18327,15.451983123713477,0
18328,17.047838534573465,0
18329,17.774681602171565,0
18330,16.03389727692152,0
18331,15.016482080778765,0
18332,18.176156158020035,0
18333,19.320727478194073,0
18334,19.066491479674927,0
18335,19.890828109669055,0
18336,20.290802067323835,0
18337,20.758934394803507,0
18338,22.901462864981873,0
18339,20.998271341483488,0
18340,22.52960753030277,0
18341,24.629434607633957,0
18342,25.132237978947206,0
18343,23.28666570630106,0
18344,23.631276726456512,0
18345,22.86945033149617,0
18346,23.374904606289938,0
18347,24.75691341989196,0
18348,25.112641117767083,0
18349,24.733312051180757,0
18350,22.995419640563952,0
18351,24.42769660930535,0
18352,26.833686873499357,0
18353,24.84004274514111,0
18354,21.272839506673417,0
18355,24.454876441781447,0
18356,20.75710112443557,0
18357,21.528109301520345,0
18358,21.06080309233488,0
18359,20.540640093543264,0
18360,18.838032943407335,0
18361,18.775316513837364,0
18362,18.290573662408697,0
18363,18.39544915434896,0
18364,18.127506392285483,0
18365,18.285566892945567,0
18366,17.099618444249415,0
18367,16.62384176339046,0
18368,15.336039227743399,0
18369,15.15353565828878,0
18370,14.400169816198417,0
18371,15.567149013858808,0
18372,15.378252711735398,0
18373,15.426368165563353,0
18374,13.590187170788639,0
18375,17.387665597506036,0
18376,14.36692746469847,0
18377,16.359540121158066,0
18378,14.448859245027746,0
18379,16.383415342210384,0
18380,16.728773989764537,0
18381,17.653534629674795,0
18382,19.197406500375457,0
18383,18.258537609305336,0
18384,20.52779852237361,0
18385,21.093755870377585,0
18386,20.72787650764945,0
18387,21.733003167259888,0
18388,23.47301746837731,0
18389,21.618990400736926,0
18390,24.23977885456261,0
18391,24.92061085677002,0
18392,23.752727052707986,0
18393,26.100326130570746,0
18394,25.078627759066467,0
18395,25.827331050017396,0
18396,24.64624808148301,0
18397,25.92431570026418,0
18398,24.416012997637132,0
18399,25.16470418720712,0
18400,25.385652407833607,0
18401,25.8124234957528,0
18402,24.195731287811356,0
18403,22.612794440066146,0
18404,23.08546670999551,0
18405,20.43921197917977,0
18406,22.267092798952127,0
18407,20.133673940021538,0
18408,19.30811527336409,0
18409,17.488136519095555,0
18410,20.255220825196126,0
18411,16.707766601585114,0
18412,18.417584050196666,0
18413,16.50479896955727,0
18414,16.826408363835235,0
18415,16.462975804961665,0
18416,15.720362128866341,0
18417,15.99390268563859,0
18418,14.476655758174914,0
18419,14.172508797638635,0
18420,14.9162036636264,0
18421,13.304095996204282,0
18422,15.330532199195268,0
18423,16.26950729834625,0
18424,15.658674849185681,0
18425,17.023153234512638,0
18426,14.324438997191743,0
18427,16.466394517262923,0
18428,17.676340394740468,0
18429,17.062651086504165,0
18430,19.72641848605668,0
18431,18.698667977830834,0
18432,20.509119626261512,0
18433,19.57860207940077,0
18434,20.89010880977001,0
18435,21.606670157971074,0
18436,23.042814395449597,0
18437,22.012472068961568,0
18438,23.572925385583865,0
18439,22.945820282027558,0
18440,23.30456541741941,0
18441,24.94573712538333,0
18442,24.58042625727254,0
18443,23.468779603157582,0
18444,24.494628640871667,0
18445,24.01480672322807,0
18446,26.4272977910743,0
18447,22.939049759840625,0
18448,22.759808997623193,0
18449,23.015813056250884,0
18450,23.99989061639131,0
18451,24.238020856592247,0
18452,22.14617425019753,0
18453,21.30174926733088,0
18454,21.686073771659714,0
18455,21.34430709647378,0
18456,19.760026522490996,0
18457,20.252339083855738,0
18458,18.867152453412334,0
18459,20.688251664879623,0
18460,17.31895502158713,0
18461,17.61484122616369,0
18462,15.85195929633378,0
18463,16.26451268086218,0
18464,15.34896190473766,0
18465,16.176172074003414,0
18466,14.031893838848553,0
18467,15.353485956596078,0
18468,13.699372972042635,0
18469,13.754535638234895,0
18470,15.252600952145821,0
18471,15.368700393030137,0
18472,14.610360769398769,0
18473,16.41294440715713,0
18474,16.79705284195366,0
18475,16.838539200860154,0
18476,17.322817680996447,0
18477,18.93698630502288,0
18478,21.301360125999764,0
18479,18.74794337023278,0
18480,21.165886699630583,0
18481,20.909993421652512,0
18482,22.54360959448989,0
18483,22.018446345394125,0
18484,21.92714181127269,0
18485,22.52028281306428,0
18486,25.08117492274846,0
18487,23.39615093058877,0
18488,25.33096711267313,0
18489,23.50402872044839,0
18490,24.603396984700215,0
18491,24.12347463518843,0
18492,26.642060614309635,0
18493,26.305592090490418,0
18494,24.860835855507396,0
18495,23.219892402254057,0
18496,23.562492645983554,0
18497,24.143426410402824,0
18498,23.489939577950512,0
18499,24.096307833550018,0
18500,22.033163989380483,0
18501,21.173962402197063,0
18502,21.844946533012212,0
18503,19.86947720388455,0
18504,20.385184682674183,0
18505,19.61902589058685,0
18506,18.413847195093435,0
18507,18.05955076787223,0
18508,18.674458374025612,0
18509,15.745204099259448,0
18510,17.22922886874909,0
18511,14.552734065724238,0
18512,15.397120394962641,0
18513,15.752820733803116,0
18514,14.85207026845861,0
18515,14.54598917501913,0
18516,16.576233376702973,0
18517,14.92680109173157,0
18518,14.08081318866189,0
18519,15.812036392854402,0
18520,16.404100587350683,0
18521,15.717028001428659,0
18522,18.2621426626469,0
18523,16.6558453884689,0
18524,16.784542516986612,0
18525,16.643915872911737,0
18526,18.34152164953394,0
18527,20.13992940402718,0
18528,19.899328528994765,0
18529,20.721243376039972,0
18530,20.63340063446894,0
18531,20.783653779366542,0
18532,23.151691401687916,0
18533,22.285524071554832,0
18534,25.20540645119824,0
18535,24.34698048600568,0
18536,23.26258992200058,0
18537,22.373838511687865,0
18538,24.32025208074544,0
18539,25.201292154508014,0
18540,23.524644841994167,0
18541,26.080527887130447,0
18542,25.761632390987003,0
18543,26.34114468150641,0
18544,24.09214592636012,0
18545,24.82745960777722,0
18546,22.13727812776091,0
18547,24.39198708097795,0
18548,22.145850734907228,0
18549,20.863386842512305,0
18550,21.66720905100717,0
18551,19.8654897032488,0
18552,20.09237154283994,0
18553,18.311651852571913,0
18554,20.008849067337632,0
18555,18.77040668328594,0
18556,17.70937247136466,0
18557,18.765610039410042,0
18558,16.101870549729153,0
18559,17.534035006787203,0
18560,15.0031719552718,0
18561,16.91864625247355,0
18562,12.956501198235568,0
18563,14.859744444227067,0
18564,14.496367965756924,0
18565,14.933896822490505,0
18566,14.325113828526002,0
18567,14.620694478318622,0
18568,15.383648634574833,0
18569,16.763958071393347,0
18570,17.733356799989952,0
18571,17.325465833429124,0
18572,19.28596022156084,0
18573,16.367204767251902,0
18574,18.24353843093293,0
18575,19.836621218502756,0
18576,18.82458112632714,0
18577,21.52743938424879,0
18578,22.0602063242487,0
18579,22.156150461836308,0
18580,20.944350269184664,0
18581,24.81623872779613,0
18582,22.67353312151816,0
18583,24.20459236441119,0
18584,22.972338127892968,0
18585,24.89657045600734,0
18586,26.03673934190572,0
18587,23.119047873405506,0
18588,25.469275631067323,0
18589,25.586630328269933,0
18590,23.439936922478555,0
18591,24.339163827978176,0
18592,22.40755584399516,0
18593,23.10451369431837,0
18594,22.631689728926332,0
18595,21.604834941478938,0
18596,21.41443750026858,0
18597,21.719447775606465,0
18598,21.99051800630931,0
18599,20.088410883594292,0
18600,20.412803339443013,0
18601,18.694322115001835,0
18602,17.407853866162473,0
18603,19.384628166231582,0
18604,17.441152213610764,0
18605,16.99031739400909,0
18606,17.092233173978858,0
18607,16.81584390773255,0
18608,15.994069910943944,0
18609,16.31034433772535,0
18610,15.474908313747163,0
18611,15.543846977179527,0
18612,15.640431038687288,0
18613,15.99405651153538,0
18614,16.0683643355856,0
18615,13.932755112832794,0
18616,13.353960725308191,0
18617,14.698044637013403,0
18618,17.090065224851873,0
18619,17.38338775490793,0
18620,16.905395898921956,0
18621,17.732619046073907,0
18622,18.370175284603615,0
18623,20.152910449357694,0
18624,20.518791904100294,0
18625,18.72269265195864,0
18626,21.094556249039076,0
18627,21.97667618661643,0
18628,22.444850076811623,0
18629,24.077416370100885,0
18630,23.481680267262053,0
18631,24.927544501675566,0
18632,24.106468938413602,0
18633,23.02438806437725,0
18634,25.375761445414412,0
18635,24.21879078037823,0
18636,24.553947332463473,0
18637,25.043811977833727,0
18638,23.558079942731123,0
18639,24.645931315063123,0
18640,24.559593248788193,0
18641,23.286020588317985,0
18642,23.568750885191054,0
18643,23.426485791575246,0
18644,22.64099011937257,0
18645,21.230376049281244,0
18646,22.05339135720229,0
18647,18.338818212672386,0
18648,20.715886227398304,0
18649,19.724277462090004,0
18650,18.846072463877523,0
18651,16.611162682001382,0
18652,19.004185566242064,0
18653,16.88064918111139,0
18654,15.65455088013977,0
18655,16.709460416310254,0
18656,16.279419037138425,0
18657,14.686578736367016,0
18658,14.778290732171651,0
18659,16.334502609107375,0
18660,14.225088746833636,0
18661,15.271730256490672,0
18662,14.16972884029623,0
18663,14.759669552316634,0
18664,16.95203809742816,0
18665,16.477582229132036,0
18666,17.971551055746026,0
18667,16.26461445270521,0
18668,18.158287118302948,0
18669,18.75127707406399,0
18670,20.619268485626637,0
18671,20.46878215023378,0
18672,19.923461890620608,0
18673,21.206480062215615,0
18674,20.52983857444858,0
18675,21.454463018901283,0
18676,22.493813104294105,0
18677,20.328401159078577,0
18678,23.33084770567819,0
18679,23.309838008324512,0
18680,24.646956578647632,0
18681,26.1265429965879,0
18682,26.18074417632124,0
18683,24.93006379681727,0
18684,24.43735091407764,0
18685,24.989540762072608,0
18686,23.45819477293608,0
18687,23.932757081882517,0
18688,24.76777376836483,0
18689,23.950220896230487,0
18690,24.408087347384637,0
18691,23.337224846477522,0
18692,22.296668327213517,0
18693,21.109092156724554,0
18694,21.64815125598813,0
18695,21.743571531782745,0
18696,20.693453608219222,0
18697,19.38939008668922,0
18698,19.337365804769778,0
18699,18.0782070216907,0
18700,17.91665953679072,0
18701,17.18780847638145,0
18702,15.808455961937772,0
18703,16.121309837137773,0
18704,16.077991115887002,0
18705,15.209500432828394,0
18706,15.965362231247905,0
18707,14.375340547057117,0
18708,15.33201213732034,0
18709,13.788058099408943,0
18710,15.116128138217176,0
18711,14.812420034140883,0
18712,14.110509312505497,0
18713,15.571326213526163,0
18714,15.317123234178833,0
18715,15.09501470454907,0
18716,16.350998689876207,0
18717,18.196477890900383,0
18718,19.32467614173228,0
18719,20.05206806870882,0
18720,20.314388230705138,0
18721,20.026793973071776,0
18722,20.885705897230903,0
18723,24.013275172562242,0
18724,22.043166800376554,0
18725,22.724087210751698,0
18726,22.468606102538004,0
18727,22.26092954299425,0
18728,25.12743080632632,0
18729,24.67192645477282,0
18730,25.151043768765945,0
18731,22.89026050112837,0
18732,25.727131935572963,0
18733,26.50996858975476,0
18734,22.854162897788285,0
18735,23.838297171545193,0
18736,24.823017782899107,0
18737,25.629892616495994,0
18738,24.58589750872897,0
18739,22.91454272324208,0
18740,21.883132415210127,0
18741,21.110023971378823,0
18742,22.94016758869917,0
18743,20.89277190511058,0
18744,21.120918603453596,0
18745,18.809754316812974,0
18746,18.883317562950328,0
18747,18.766970180392804,0
18748,18.97445848899146,0
18749,17.735738484896366,0
18750,18.10098864907152,0
18751,16.1637496002529,0
18752,15.212414087162252,0
18753,13.906947220632546,0
18754,15.643306354603965,0
18755,14.663046599847382,0
18756,16.304895824969986,0
18757,17.08613456153566,0
18758,15.472862783019373,0
18759,14.345618146889692,0
18760,14.867040040540662,0
18761,15.075498834375866,0
18762,16.183715095747903,0
18763,13.953827819694043,0
18764,17.97092883324194,0
18765,18.724682183349284,0
18766,18.969181623550007,0
18767,19.086877440506832,0
18768,19.349774132989783,0
18769,19.221587975433195,0
18770,20.873585010380577,0
18771,22.21280358744801,0
18772,22.210369693725244,0
18773,23.520531326304514,0
18774,24.54832349258156,0
18775,23.36861237125376,0
18776,24.37287265726073,0
18777,25.19518239707183,0
18778,25.55939436240528,0
18779,23.591166064734935,0
18780,23.99937378476801,0
18781,24.78150451637808,0
18782,23.8340094882982,0
18783,23.968460347560992,0
18784,24.378379373815697,0
18785,23.963101115623978,0
18786,21.46266451330199,0
18787,21.50750364330033,0
18788,22.070706557382866,0
18789,22.060612337347255,0
18790,21.209990736719742,0
18791,20.39099700776093,0
18792,18.60301738702443,0
18793,19.653904624949472,0
18794,20.088022992986375,0
18795,17.16330382300176,0
18796,18.37120911599344,0
18797,16.062429514267375,0
18798,16.38382156488838,0
18799,14.696304077272018,0
18800,14.327474875655913,0
18801,15.435049695971816,0
18802,16.362759867489878,0
18803,13.93171521715145,0
18804,16.152030340155488,0
18805,13.11869042585104,0
18806,14.87201669564599,0
18807,14.049517928807914,0
18808,14.34115508205354,0
18809,15.670822184590973,0
18810,16.569742881463522,0
18811,17.802002447311917,0
18812,17.237954788583405,0
18813,18.80806050296474,0
18814,18.449406931368635,0
18815,19.29168411413151,0
18816,19.736108770058344,0
18817,20.471404511317456,0
18818,20.727111261048172,0
18819,22.07212364147068,0
18820,24.81072775139449,0
18821,21.922839869254464,0
18822,23.621726125262253,0
18823,23.357480149003504,0
18824,25.812839690772968,0
18825,24.832473875692095,0
18826,23.712329543518734,0
18827,26.561259224112078,0
18828,25.845755866294127,0
18829,25.933219258271123,0
18830,24.03907504804905,0
18831,23.72548372423547,0
18832,22.208867274170423,0
18833,23.44061306761285,0
18834,23.213515330504926,0
18835,23.099468599005768,0
18836,22.10377327321701,0
18837,21.46752052737278,0
18838,21.256708209411634,0
18839,18.86490310065826,0
18840,19.42568448603502,0
18841,18.01054392816624,0
18842,18.089194558432435,0
18843,17.240776154128614,0
18844,17.017118996827673,0
18845,16.57098493678189,0
18846,15.153211826573525,0
18847,17.901892878829283,0
18848,15.162133219223573,0
18849,13.66038965244996,0
18850,13.991817750342351,0
18851,16.029278902506217,0
18852,12.954964079466036,0
18853,15.5211574489304,0
18854,16.63982693419775,0
18855,15.76246013700847,0
18856,14.693672386881865,0
18857,17.3824794543984,0
18858,15.883358563081117,0
18859,17.682386119814613,0
18860,17.783927392376647,0
18861,17.485375910063684,0
18862,19.862298862624215,0
18863,18.81597866943479,0
18864,17.691047849203848,0
18865,20.969641376200627,0
18866,21.732068144465313,0
18867,22.63593479012341,0
18868,22.295497360561768,0
18869,23.47034395399467,0
18870,22.75290887940168,0
18871,23.715731989618224,0
18872,23.34360248882303,0
18873,23.390315018621646,0
18874,24.78131772440681,0
18875,24.921932757280427,0
18876,23.62724860883011,0
18877,24.870636819092518,0
18878,24.853200017191337,0
18879,23.612460611627974,0
18880,23.570798523071748,0
18881,26.881206776959576,0
18882,22.513626771135797,0
18883,23.464272407182925,0
18884,24.432257417576235,0
18885,20.360362655854352,0
18886,21.349124262724125,0
18887,19.95829156322431,0
18888,20.789917706461676,0
18889,21.03388995934955,0
18890,20.01864088494052,0
18891,18.063340006327127,0
18892,17.789138354714897,0
18893,16.305326342184266,0
18894,16.22960672319928,0
18895,17.04741245354482,0
18896,15.998499189893993,0
18897,15.033224223476394,0
18898,15.242405294940054,0
18899,15.70099908990872,0
18900,16.0300649552711,0
18901,14.82568125106349,0
18902,14.562752459244543,0
18903,14.694470104333572,0
18904,14.8047955926198,0
18905,16.53506421888493,0
18906,16.274641413225503,0
18907,17.384709731381502,0
18908,17.664236899442944,0
18909,18.85527681787464,0
18910,18.21064658399908,0
18911,17.884179023274825,0
18912,19.44938151078471,0
18913,20.67352789316671,0
18914,20.610219647005586,0
18915,22.768796274371397,0
18916,22.326571508881596,0
18917,23.389987630018055,0
18918,24.621120829568035,0
18919,23.838594812321865,0
18920,24.44417481611103,0
18921,23.47579257239378,0
18922,25.297402406410942,0
18923,25.088133940236915,0
18924,26.4899664228721,0
18925,24.523775503708656,0
18926,24.88621090763608,0
18927,22.938357503235956,0
18928,24.658014458757446,0
18929,22.380648373490413,0
18930,21.932521050138096,0
18931,23.839814190741905,0
18932,21.862932371336502,0
18933,22.687209819467938,0
18934,21.667600228311652,0
18935,21.341622157049834,0
18936,21.392318172568775,0
18937,17.82335802821598,0
18938,18.07165179206077,0
18939,18.938158142532863,0
18940,17.825704837225054,0
18941,16.188181363980988,0
18942,14.996332193925006,0
18943,17.4526066872535,0
18944,16.16695124824448,0
18945,15.30744744094597,0
18946,16.76572598280931,0
18947,15.023081884822627,0
18948,14.794391236453766,0
18949,14.46330282418771,0
18950,14.50063076073602,0
18951,16.944799725694647,0
18952,15.464336393280602,0
18953,17.481889433521655,0
18954,16.576407786280264,0
18955,17.241016574691255,0
18956,18.114664483691897,0
18957,17.71490943353872,0
18958,17.460850466901327,0
18959,17.008332576846016,0
18960,20.16002675955027,0
18961,22.788625343791907,0
18962,21.03488325281781,0
18963,22.5111941020796,0
18964,22.50413939785209,0
18965,21.32529544664761,0
18966,25.192717860496884,0
18967,23.91480140880291,0
18968,24.287708395777116,0
18969,23.684855652547895,0
18970,23.587257254713066,0
18971,26.156898500311502,0
18972,24.534183685575005,0
18973,24.884103820780464,0
18974,26.29325356102283,0
18975,25.014473481958376,0
18976,26.003530026829395,0
18977,22.745616373050158,0
18978,23.412811154768374,0
18979,23.29363275976254,0
18980,22.009902925918002,0
18981,21.740542817519906,0
18982,19.879189225520218,0
18983,20.46065215256853,0
18984,19.938856473994097,0
18985,18.76625316827891,0
18986,18.007503476234373,0
18987,17.859678874094012,0
18988,17.22212844669536,0
18989,16.172801338473718,0
18990,16.230717522202195,0
18991,15.898935985531937,0
18992,16.194086100588766,0
18993,14.788309869743802,0
18994,14.518062654406238,0
18995,14.768173517805646,0
18996,13.796058183764547,0
18997,15.522435217089418,0
18998,14.234694585863197,0
18999,17.067630155061572,0
19000,16.21167557951074,0
19001,16.479575117917815,0
19002,15.883761490918943,0
19003,16.514441006476606,0
19004,18.0493201894418,0
19005,16.78452189136094,0
19006,17.666824582125084,0
19007,20.163513176062388,0
19008,20.387593645546026,0
19009,21.452541049262265,0
19010,22.00984091746045,0
19011,21.011195520587012,0
19012,22.406941637820324,0
19013,24.04232172230714,0
19014,23.54239444010991,0
19015,24.978026443875983,0
19016,22.088420515736466,0
19017,25.443100955215332,0
19018,24.367208992438403,0
19019,25.400636908953807,0
19020,27.678949193502465,0
19021,24.553827154479954,0
19022,25.00459639536409,0
19023,25.000158552850074,0
19024,24.023468696444564,0
19025,22.285527323207212,0
19026,24.398971967661648,0
19027,24.177020835260958,0
19028,24.258522408334255,0
19029,22.548134507042953,0
19030,20.151394350811483,0
19031,21.40013333063153,0
19032,19.073053710711044,0
19033,19.7608015533482,0
19034,17.640401773454805,0
19035,18.157369408650876,0
19036,18.13568343000794,0
19037,18.264534052739897,0
19038,16.238929145618357,0
19039,16.471639988290345,0
19040,16.6929709953022,0
19041,15.585413922868938,0
19042,16.058379061826617,0
19043,15.650258121846601,0
19044,14.556275020394809,0
19045,15.228540196214851,0
19046,14.367988541059818,0
19047,14.95958105664286,0
19048,16.915478090454755,0
19049,14.709459723141892,0
19050,15.534085355184986,0
19051,17.043347958181737,0
19052,16.794435846874368,0
19053,18.79746979294539,0
19054,17.18205744067055,0
19055,21.36446471135017,0
19056,20.75507232962259,0
19057,20.448980505887658,0
19058,21.05075921199109,0
19059,21.131115125885454,0
19060,21.49419360970514,0
19061,23.406517909255687,0
19062,24.275523401772734,0
19063,23.061854417305614,0
19064,24.192261324088054,0
19065,24.581459512187493,0
19066,25.937656961993937,0
19067,24.222613178609308,0
19068,25.14418528838241,0
19069,25.122262319413796,0
19070,24.792019556497756,0
19071,22.693394749390386,0
19072,26.12879454759824,0
19073,22.68205457860055,0
19074,22.702635022454256,0
19075,23.98496413218032,0
19076,21.68931496876922,0
19077,21.580235051254704,0
19078,21.581064591544067,0
19079,17.454451949535358,0
19080,21.07785294135057,0
19081,19.05502181228892,0
19082,19.656281885964987,0
19083,18.559379966964507,0
19084,17.83363574663888,0
19085,16.647380134635313,0
19086,16.190488223772924,0
19087,14.493090143924562,0
19088,15.975826882084016,0
19089,16.086670119674828,0
19090,15.505807743280272,0
19091,15.195455782625247,0
19092,14.958670070201453,0
19093,14.150760741002578,0
19094,15.178211277909176,0
19095,15.588974760036495,0
19096,16.97178356782293,0
19097,15.252353769729053,0
19098,17.516282596600732,0
19099,15.619524089399047,0
19100,18.05230633437172,0
19101,18.91833646331407,0
19102,18.301515636573786,0
19103,18.104854320002946,0
19104,19.33857282686129,0
19105,21.700826205658885,0
19106,23.105742648030002,0
19107,22.5741869934247,0
19108,21.848582641985736,0
19109,21.6982681910117,0
19110,23.367969647119114,0
19111,25.267461912748164,0
19112,24.446237866817103,0
19113,25.065255064998716,0
19114,26.0420830051416,0
19115,26.35668847392084,0
19116,24.60318113598082,0
19117,25.389466011621852,0
19118,25.907095916911896,0
19119,24.8483119820798,0
19120,24.055538041367228,0
19121,24.040118180004374,0
19122,22.196977554173138,0
19123,23.072859726541836,0
19124,24.893110544302743,0
19125,20.867836927892156,0
19126,23.06549132594604,0
19127,20.62725549735651,0
19128,20.243373860021833,0
19129,19.879719135476353,0
19130,19.069058321108297,0
19131,16.86783545422495,0
19132,19.05877952414255,0
19133,16.48106652068514,0
19134,16.870158090159656,0
19135,17.397545417655582,0
19136,15.606074489097036,0
19137,15.26189770216341,0
19138,15.80959883155867,0
19139,13.002583877317388,0
19140,16.945284590175287,0
19141,15.503881237397135,0
19142,14.928350381071912,0
19143,16.5194955243921,0
19144,15.315199291759557,0
19145,17.11409449491142,0
19146,15.576365701821096,0
19147,18.682061971810118,0
19148,17.464693813129355,0
19149,16.70811925040791,0
19150,19.225250178091088,0
19151,19.416776749185825,0
19152,20.72909967139734,0
19153,18.71056074332683,0
19154,21.68527715562223,0
19155,21.036096029924355,0
19156,23.069616321424476,0
19157,22.07424745565765,0
19158,23.620524311708266,0
19159,23.460413678749212,0
19160,23.109969746255327,0
19161,23.02338402152445,0
19162,23.455641985525535,0
19163,24.335347227156962,0
19164,24.733626390522737,0
19165,26.63445439043401,0
19166,24.56413748760023,0
19167,25.37436611838737,0
19168,22.87961654538575,0
19169,24.73500810762215,0
19170,23.109092604524594,0
19171,23.210886939781513,0
19172,20.279027484448466,0
19173,22.870981214558974,0
19174,20.947020681420508,0
19175,22.689125471230184,0
19176,20.718795762383532,0
19177,16.66009713243372,0
19178,19.13901248537936,0
19179,18.920326098929934,0
19180,17.243116429369802,0
19181,16.88666395212741,0
19182,16.13301164693192,0
19183,16.230157404322934,0
19184,13.140918307092171,0
19185,14.815163540807047,0
19186,15.343775961541999,0
19187,14.54836669824664,0
19188,15.37426660650521,0
19189,16.251060285854646,0
19190,15.629855861308636,0
19191,13.972713438875761,0
19192,15.74319810129379,0
19193,17.43400059652065,0
19194,17.1890945386356,0
19195,16.84378384418633,0
19196,16.887701602400828,0
19197,19.44420276236498,0
19198,16.890477069217752,0
19199,18.494691545889584,0
19200,20.387765651756382,0
19201,19.389232586762095,0
19202,21.82691053318385,0
19203,20.99838535617033,0
19204,22.209568111611404,0
19205,24.386398982613954,0
19206,21.98762065555428,0
19207,24.216851382190747,0
19208,25.616730138550807,0
19209,25.77354337423428,0
19210,23.572778131297508,0
19211,25.77611420521749,0
19212,25.982022149971037,0
19213,24.91386100031964,0
19214,25.308877767393177,0
19215,23.88844259441339,0
19216,23.492076716813738,0
19217,25.496926149093984,0
19218,23.00621668871426,0
19219,23.290156051629374,0
19220,22.92463379186261,0
19221,22.450116640508934,0
19222,22.64522604482246,0
19223,20.97456496094096,0
19224,20.950518937135257,0
19225,22.06803207935206,0
19226,17.318593131319695,0
19227,18.284351016527697,0
19228,18.074585365552693,0
19229,16.862490834629863,0
19230,14.923414254170247,0
19231,17.61257041434283,0
19232,14.045489766495875,0
19233,16.25439068493484,0
19234,17.49500656450033,0
19235,15.950018476458036,0
19236,15.320399092329446,0
19237,16.009127408483334,0
19238,15.28977333075405,0
19239,17.891101038438396,0
19240,15.799384682606442,0
19241,14.919520433346879,0
19242,14.589509698861388,0
19243,18.346607404152266,0
19244,16.605030684680944,0
19245,17.489278694478223,0
19246,18.81221767318526,0
19247,19.63370907045922,0
19248,20.6865169874296,0
19249,20.29471505516488,0
19250,20.623108308966607,0
19251,22.160148089129812,0
19252,21.59149406361215,0
19253,21.719861497223615,0
19254,21.01759429351671,0
19255,23.58879087253035,0
19256,24.972261997458848,0
19257,23.241074831741773,0
19258,24.93808295863896,0
19259,27.142052098167724,0
19260,24.20857468190077,0
19261,23.1357979670355,0
19262,23.43039242477776,0
19263,22.596622916911652,0
19264,24.54760237872381,0
19265,24.188193774608227,0
19266,22.32809473470644,0
19267,23.300087538013763,0
19268,24.2564746400698,0
19269,23.36292384092288,0
19270,19.404684787974126,0
19271,21.806324448193518,0
19272,20.944568433370353,0
19273,17.70497387519385,0
19274,19.581415626220704,0
19275,18.210450790070933,0
19276,17.427086819958607,0
19277,17.324709481157313,0
19278,17.14439151117785,0
19279,15.503549649284686,0
19280,16.428383188048834,0
19281,15.780403995196682,0
19282,14.17393723860423,0
19283,15.688057971137635,0
19284,15.123291779340095,0
19285,14.447076091928016,0
19286,15.921557338964151,0
19287,14.883930227935226,0
19288,15.257480048656857,0
19289,16.123050118655378,0
19290,16.499061112485244,0
19291,18.03886065708665,0
19292,17.166906024080706,0
19293,17.83940125643922,0
19294,19.25591375755107,0
19295,19.806372146420014,0
19296,20.406830968464686,0
19297,22.63908978467697,0
19298,19.50119654059402,0
19299,21.563122172620737,0
19300,22.83591470254855,0
19301,22.271373898696286,0
19302,24.234504089931892,0
19303,25.02721365543858,0
19304,22.890742427555242,0
19305,23.772545859785968,0
19306,26.338368980694213,0
19307,25.593349276806325,0
19308,24.67591053610899,0
19309,25.141343368859154,0
19310,23.714389913597397,0
19311,24.440269814749175,0
19312,26.01689638219506,0
19313,24.420772671397284,0
19314,23.583384135177987,0
19315,21.71810734986599,0
19316,22.14623801358465,0
19317,21.18776181839559,0
19318,21.971819588597118,0
19319,21.16853142563277,0
19320,18.998768391676798,0
19321,17.960682340999508,0
19322,17.7490881142276,0
19323,19.236379130916976,0
19324,17.484519295027795,0
19325,18.088021277513462,0
19326,16.856959705791294,0
19327,15.272197770159512,0
19328,16.388270845656074,0
19329,17.191456652897486,0
19330,16.559974938531624,0
19331,14.964700090868169,0
19332,13.186271775464633,0
19333,14.594899920776326,0
19334,15.891040055055326,0
19335,17.157247078608112,0
19336,17.496731743537737,0
19337,16.570253115004274,0
19338,16.272218242043717,0
19339,17.892874930270807,0
19340,16.62439392338562,0
19341,19.080952002622062,0
19342,18.299906832529118,0
19343,20.96650377830789,0
19344,19.598945470020602,0
19345,20.58092322772231,0
19346,22.308569169788132,0
19347,23.322948887983696,0
19348,22.48599678660692,0
19349,23.894823649872173,0
19350,23.172768638936482,0
19351,23.745114955773523,0
19352,24.59366228162768,0
19353,24.50637129744312,0
19354,25.85692637418499,0
19355,24.918641425629087,0
19356,24.842107738211475,0
19357,25.57602172488173,0
19358,24.72788432952499,0
19359,23.25303221514081,0
19360,24.524085276873464,0
19361,23.395989266867506,0
19362,23.971364198613852,0
19363,22.51577939404019,0
19364,20.342910110136962,0
19365,22.20280400766778,0
19366,21.509360207871143,0
19367,20.05452497812039,0
19368,20.37230684163475,0
19369,20.843112872421184,0
19370,19.64068329655396,0
19371,17.377871487824446,0
19372,17.292364777210594,0
19373,16.565541821378748,0
19374,17.722939426498684,0
19375,17.300823614942235,0
19376,15.151960442239043,0
19377,15.021460619993533,0
19378,15.746879177749115,0
19379,15.354014400500033,0
19380,13.919413753392133,0
19381,14.514962542954661,0
19382,15.878829382082445,0
19383,15.875761769960771,0
19384,16.817772425060454,0
19385,17.799677191255505,0
19386,15.115209713745829,0
19387,16.40885652054375,0
19388,16.97716594569821,0
19389,18.075767890568123,0
19390,19.128307734799602,0
19391,19.98933214678825,0
19392,20.612959245763907,0
19393,20.560513456901404,0
19394,21.433387143436274,0
19395,22.350764104285133,0
19396,20.481736334512874,0
19397,20.520278250604363,0
19398,23.57779870241221,0
19399,25.698173337528857,0
19400,23.553558290208787,0
19401,23.86171845948646,0
19402,24.793418049067068,0
19403,25.34509829742356,0
19404,23.91241939088743,0
19405,24.64053132055329,0
19406,25.359646101668016,0
19407,24.427861798477313,0
19408,24.75809227681928,0
19409,26.372676173498093,0
19410,22.139592997546497,0
19411,23.086455900998576,0
19412,22.228056348103014,0
19413,22.463487773447287,0
19414,20.64919565414257,0
19415,19.139171758009578,0
19416,19.679436904891624,0
19417,18.69742329680701,0
19418,20.064001358520404,0
19419,16.80361436401623,0
19420,17.81057054336991,0
19421,16.610795031198904,0
19422,14.981988077766001,0
19423,14.802810326629228,0
19424,15.663555213757656,0
19425,15.976074531517185,0
19426,16.59993791037168,0
19427,16.04225811726697,0
19428,15.61328804203652,0
19429,13.470803562963624,0
19430,15.592458781702907,0
19431,14.144117772866917,0
19432,15.2067528732942,0
19433,16.44021334290129,0
19434,16.659332461971527,0
19435,17.680805132552088,0
19436,17.759624409137285,0
19437,17.88495049397122,0
19438,18.98562589076306,0
19439,18.75084833905009,0
19440,21.45849981493095,0
19441,21.341433842636377,0
19442,22.035757052945037,0
19443,20.58533889607566,0
19444,22.839390705979667,0
19445,23.095144574884966,0
19446,24.486977869736975,0
19447,23.19832129271755,0
19448,24.48045262577842,0
19449,23.899042321411418,0
19450,24.932935863223868,0
19451,23.178414850356116,0
19452,23.194017177743333,0
19453,26.172043343640212,0
19454,25.182580816102064,0
19455,25.962199679214475,0
19456,24.138628997153837,0
19457,24.848234206434878,0
19458,22.96855393215867,0
19459,25.9415868050425,0
19460,22.439570062747546,0
19461,21.116727684550003,0
19462,22.82272947585587,0
19463,20.51757837202461,0
19464,20.497064587504592,0
19465,20.467847357018304,0
19466,19.675082830309474,0
19467,19.231170974823527,0
19468,17.838832957128425,0
19469,17.16756690710707,0
19470,14.675752830909964,0
19471,15.105574859481273,0
19472,14.707485368415124,0
19473,14.393917569280717,0
19474,14.928695969973557,0
19475,15.142257969795505,0
19476,13.631974818827942,0
19477,14.69199566644578,0
19478,14.540032981519051,0
19479,15.068890458623365,0
19480,15.312860248862759,0
19481,12.700456998650175,0
19482,16.92719163224107,0
19483,15.471077415435733,0
19484,17.78187027424206,0
19485,16.950434694209925,0
19486,19.847326221547355,0
19487,18.771094663676,0
19488,17.76082806092624,0
19489,22.207069535669138,0
19490,21.7722684830938,0
19491,24.381481340098443,0
19492,22.03035164809289,0
19493,21.91317776298383,0
19494,24.736079884811605,0
19495,24.855341850646237,0
19496,25.30824294809774,0
19497,24.518586161265322,0
19498,23.535361198066745,0
19499,25.016289430480292,0
19500,24.636592069623465,0
19501,26.100649103786285,0
19502,24.519938763432734,0
19503,23.909506481605025,0
19504,24.946751448526935,0
19505,22.500604747311762,0
19506,23.42227330399225,0
19507,21.111299477300584,0
19508,22.498807083776786,0
19509,22.106265475027385,0
19510,22.339899188962303,0
19511,19.884571107762667,0
19512,20.67192836374874,0
19513,19.345568397665335,0
19514,18.583225659296435,0
19515,18.808271580642426,0
19516,17.4678784735268,0
19517,16.955353452501672,0
19518,17.059202473662854,0
19519,14.910047826136784,0
19520,16.217789532475685,0
19521,15.850409186978215,0
19522,15.741177401318254,0
19523,14.451487756217357,0
19524,13.552250374772493,0
19525,14.806582147252575,0
19526,14.745395806881106,0
19527,17.337382382359912,0
19528,16.78213108809341,0
19529,17.000980709626905,0
19530,17.18497066306996,0
19531,15.749522282922282,0
19532,18.346180329082756,0
19533,18.002844090932687,0
19534,17.543595044500044,0
19535,19.375221516267086,0
19536,20.783604319738515,0
19537,21.34887263582019,0
19538,21.45457028512139,0
19539,20.63794023405688,0
19540,23.0918552426485,0
19541,23.0454481343606,0
19542,23.50781623231097,0
19543,25.30351386870014,0
19544,24.661049483307668,0
19545,25.719825271299776,0
19546,25.14773114329557,0
19547,24.22964520030197,0
19548,23.57419374738885,0
19549,25.425141280397654,0
19550,24.692275347468833,0
19551,24.154017292368298,0
19552,23.991844841984484,0
19553,23.090461783641732,0
19554,24.308750505755054,0
19555,23.815892386027105,0
19556,21.10990338720866,0
19557,21.698304823960292,0
19558,20.41820822890323,0
19559,19.491652842980084,0
19560,19.744453316161955,0
19561,19.917963790647843,0
19562,18.843207197857737,0
19563,19.49855337095823,0
19564,18.224264645390413,0
19565,17.69583388330719,0
19566,15.106065101444955,0
19567,17.300759083561015,0
19568,16.655206694017238,0
19569,15.145290965616129,0
19570,14.161493040717435,0
19571,14.400950404118893,0
19572,14.525063060645977,0
19573,15.663536269097259,0
19574,15.711040116473944,0
19575,16.85604863262633,0
19576,15.589535989718836,0
19577,16.070437887303527,0
19578,15.855244379440904,0
19579,16.546558610572742,0
19580,19.185450789995837,0
19581,18.180163274599433,0
19582,20.261950853007786,0
19583,20.22372871941693,0
19584,21.155918143215256,0
19585,21.15234586263453,0
19586,22.340113384234556,0
19587,20.977621616567582,0
19588,21.696347591023383,0
19589,23.234665730733642,0
19590,23.941783144933517,0
19591,25.240724963404176,0
19592,25.728927538887923,0
19593,22.98698761499954,0
19594,23.521023270834615,0
19595,25.578774359400427,0
19596,25.414783355643568,0
19597,24.735689598105868,0
19598,26.859975784910304,0
19599,24.785228070898317,0
19600,23.27138197762661,0
19601,24.877713761716564,0
19602,24.366128934464907,0
19603,24.20775022710639,0
19604,21.540800841964497,0
19605,23.672872558853737,0
19606,22.63390465498581,0
19607,20.804846229927335,0
19608,19.352274178965608,0
19609,19.551052813755703,0
19610,19.88727211179064,0
19611,18.557912096454505,0
19612,17.32922033594634,0
19613,16.194548628306187,0
19614,16.045233429179618,0
19615,16.84121637245513,0
19616,16.432921777951623,0
19617,15.139212346623703,0
19618,15.957102712791459,0
19619,13.138951986908868,0
19620,14.910305950458937,0
19621,12.792462315234726,0
19622,15.646801725477388,0
19623,15.165887847158631,0
19624,15.598665414129647,0
19625,16.23726575609141,0
19626,14.011905832839755,0
19627,14.838712065199086,0
19628,18.017752923579163,0
19629,18.49646902767006,0
19630,18.09776977596429,0
19631,20.91322151186384,0
19632,18.952579006732286,0
19633,21.71750576643896,0
19634,21.085766822460926,0
19635,22.325995119323395,0
19636,21.12562341737913,0
19637,23.149530150310774,0
19638,24.240052899707866,0
19639,25.182175181495033,0
19640,25.920878882676394,0
19641,26.035864705051942,0
19642,23.3089330351753,0
19643,25.006344197597226,0
19644,24.04247991867193,0
19645,24.19255947101065,0
19646,24.660347915831103,0
19647,24.178270128404446,0
19648,23.330923059234845,0
19649,23.571203946236214,0
19650,24.06206656706923,0
19651,23.025297723680552,0
19652,21.894566865432992,0
19653,20.570342860231992,0
19654,20.55969765867903,0
19655,18.37839553505676,0
19656,20.373088064314135,0
19657,19.531745817878846,0
19658,18.424649079787315,0
19659,18.582413836080416,0
19660,18.24913151118128,0
19661,15.632756404464644,0
19662,17.800993605953096,0
19663,17.46693561768695,0
19664,16.18886272870627,0
19665,15.479027631292071,0
19666,16.144903719617997,0
19667,13.291062725367128,0
19668,15.720604063733802,0
19669,15.691850933141787,0
19670,16.183138265200757,0
19671,14.093479391635572,0
19672,16.064705331492203,0
19673,17.02998473377189,0
19674,17.483365608396916,0
19675,16.860287442713396,0
19676,17.003686435773687,0
19677,18.203507815633866,0
19678,18.18144920863675,0
19679,18.185198680852082,0
19680,21.136120132676485,0
19681,21.77981310238021,0
19682,20.210854371416183,0
19683,20.270961083531063,0
19684,22.83895063911349,0
19685,21.307985066168357,0
19686,24.29763525603262,0
19687,23.596188306735545,0
19688,24.684831320764456,0
19689,25.385531660164173,0
19690,25.880866638166395,0
19691,26.323617121480037,0
19692,24.55561859751151,0
19693,24.91027523760392,0
19694,24.190196990336112,0
19695,21.985799720728426,0
19696,24.10091161513579,0
19697,23.137605029013077,0
19698,25.338765880962367,0
19699,23.715972018381233,0
19700,22.47315429199591,0
19701,22.36296619242137,0
19702,21.578968484567927,0
19703,20.898745965842675,0
19704,19.08304315815487,0
19705,17.08763887693909,0
19706,17.723713252395854,0
19707,17.345676052772465,0
19708,16.69281778769157,0
19709,17.91780843728737,0
19710,15.340354910137245,0
19711,16.757607968972735,0
19712,15.175691849859177,0
19713,16.755795594900235,0
19714,14.883300468800643,0
19715,15.854589187859851,0
19716,16.564086936573414,0
19717,14.275758810566405,0
19718,13.561707689109545,0
19719,14.657459516588276,0
19720,14.094389669202968,0
19721,15.449365287827053,0
19722,17.151893164439763,0
19723,16.235156956968954,0
19724,17.47615965698524,0
19725,16.359571074973935,0
19726,17.29061571306774,0
19727,18.917006709933258,0
19728,19.310205089552362,0
19729,21.12758650403533,0
19730,21.642101775418354,0
19731,20.757760965223685,0
19732,23.178900195314945,0
19733,23.454551469511895,0
19734,26.55660075942921,0
19735,23.75578388221273,0
19736,24.96322886971366,0
19737,24.20106708946236,0
19738,25.920319816668407,0
19739,23.32097725341854,0
19740,25.20349879047886,0
19741,25.318883079921214,0
19742,25.00854298295811,0
19743,25.330678100554632,0
19744,23.899780623648834,0
19745,22.641661981569495,0
19746,23.341154053999553,0
19747,23.09143424037852,0
19748,22.342768837149826,0
19749,22.351517503930992,0
19750,22.200902767039572,0
19751,23.80788713949747,0
19752,20.459219080968385,0
19753,19.445342424724416,0
19754,19.76374403809656,0
19755,18.05655162012021,0
19756,17.264277865415053,0
19757,17.596109946457897,0
19758,18.216837327753304,0
19759,14.442613750169064,0
19760,16.33030757457904,0
19761,16.199924957680082,0
19762,15.98155125966114,0
19763,14.793846120573512,0
19764,14.217403781686889,0
19765,17.327726582129092,0
19766,15.083112518334369,0
19767,14.709569144063709,0
19768,14.73661460238284,0
19769,17.587292198638487,0
19770,15.649371050095745,0
19771,15.812224006279532,0
19772,16.607691599147024,0
19773,17.933236087781637,0
19774,19.486471104360316,0
19775,19.431991666655666,0
19776,19.39650081201306,0
19777,20.930823432920455,0
19778,22.392633297231498,0
19779,22.666424793053853,0
19780,21.96608500814932,0
19781,21.514404276383086,0
19782,23.130267811657454,0
19783,26.034888906072794,0
19784,24.88860458862791,0
19785,24.37326489023242,0
19786,24.433062168187746,0
19787,25.197078836536907,0
19788,26.054902373698518,0
19789,25.88998692639935,0
19790,23.657881753458106,0
19791,22.48867216443007,0
19792,23.425535617977303,0
19793,24.17283146980013,0
19794,24.09737373023656,0
19795,22.480098088073984,0
19796,23.316996006962672,0
19797,21.575707019474304,0
19798,22.985836133064208,0
19799,20.32579341688795,0
19800,21.15514927998243,0
19801,18.647200318439552,0
19802,18.29485169268567,0
19803,18.097744560809193,0
19804,18.760519676523103,0
19805,16.80610934258755,0
19806,15.632708007345721,0
19807,16.928141090626816,0
19808,16.444061589690087,0
19809,14.025394941306837,0
19810,15.149570184158978,0
19811,15.901330051956425,0
19812,15.65333874048023,0
19813,15.220095919145345,0
19814,16.191436222383444,0
19815,14.943921029968335,0
19816,17.028389504909942,0
19817,16.306970837292468,0
19818,17.383009793318223,0
19819,17.612480712320487,0
19820,16.973524996161434,0
19821,14.843511703220658,0
19822,18.64473819256744,0
19823,21.054821327019646,0
19824,20.811126880069544,0
19825,21.94048423842531,0
19826,20.197059098293106,0
19827,21.91855296161076,0
19828,22.91645578736935,0
19829,23.444574693363172,0
19830,23.349003760129367,0
19831,24.91803444176473,0
19832,23.866255333923267,0
19833,24.323387976760056,0
19834,23.78290805951148,0
19835,23.978645094279567,0
19836,25.734779660019868,0
19837,25.517856255780057,0
19838,23.837893791306204,0
19839,22.92819129535103,0
19840,26.03418052295736,0
19841,26.957790844518527,0
19842,24.370990358197787,0
19843,23.850279311611303,0
19844,21.918728442209137,0
19845,21.520867006006643,0
19846,19.66107861764168,0
19847,21.48206161961644,0
19848,19.90082845215808,0
19849,19.455167405769537,0
19850,17.910821463751933,0
19851,18.079939671108182,0
19852,17.134987938192253,0
19853,15.80992908939341,0
19854,15.314533488063649,0
19855,15.043240622246254,0
19856,14.125323725665911,0
19857,15.346967978213215,0
19858,12.886366277433599,0
19859,16.004269412482643,0
19860,15.813150984194463,0
19861,15.742943033058108,0
19862,14.468351071326703,0
19863,14.591779103868147,0
19864,14.865472040893938,0
19865,18.018684114445232,0
19866,17.11920186868027,0
19867,15.229073964336608,0
19868,18.2764285804472,0
19869,18.397820786906056,0
19870,18.74525391128822,0
19871,18.975631848620356,0
19872,19.684370039092556,0
19873,19.099695408513263,0
19874,20.50586413707693,0
19875,20.48871415324213,0
19876,20.622112391024384,0
19877,22.615863877433338,0
19878,22.562947524670292,0
19879,23.248742539429195,0
19880,23.26245805747854,0
19881,25.48487310467603,0
19882,24.981974977952724,0
19883,23.906754093252626,0
19884,26.571698537818108,0
19885,24.651956611777468,0
19886,24.978990057038494,0
19887,24.592779941808757,0
19888,23.63592697791225,0
19889,21.51828181598239,0
19890,25.447813437405955,0
19891,24.158415752207002,0
19892,21.64858948591121,0
19893,21.79101964928302,0
19894,22.335216130037033,0
19895,20.729175555807473,0
19896,20.68684057065496,0
19897,19.32145138684492,0
19898,19.16905679826306,0
19899,16.312908802281278,0
19900,18.832867016983,0
19901,17.880682107763928,0
19902,15.396986712723619,0
19903,15.448030633805136,0
19904,15.110152171040964,0
19905,16.091386500894767,0
19906,16.192265530665097,0
19907,15.143667333138186,0
19908,15.762913258264966,0
19909,13.751723163458145,0
19910,15.64980321548824,0
19911,15.425343309783067,0
19912,15.171359752434634,0
19913,15.540899717400755,0
19914,16.250300409780706,0
19915,19.05779686985964,0
19916,16.702824211160628,0
19917,18.47896457168294,0
19918,19.290706495695293,0
19919,19.144134960569303,0
19920,18.93621643787093,0
19921,20.20746190362253,0
19922,20.221905986410174,0
19923,21.612038233107846,0
19924,22.966761741435434,0
19925,22.437124003924453,0
19926,26.42482956629841,0
19927,24.605405774626874,0
19928,22.373422479328642,0
19929,24.509685527806717,0
19930,25.29552954612508,0
19931,25.31211332831467,0
19932,27.26342408198871,0
19933,25.9228235353932,0
19934,23.880118664238015,0
19935,25.139972156282553,0
19936,25.10346220477506,0
19937,23.867236646032275,0
19938,21.57018508833108,0
19939,22.980040004385884,0
19940,21.57765717165048,0
19941,21.080986918778454,0
19942,21.5292919339319,0
19943,18.53798379504476,0
19944,19.055643438150547,0
19945,20.03266915529105,0
19946,18.43355848335085,0
19947,17.531621121534425,0
19948,15.403962950180976,0
19949,17.44322013205405,0
19950,16.95318486426051,0
19951,16.725781580339593,0
19952,16.28147581759047,0
19953,15.665269694629137,0
19954,15.247003590363787,0
19955,14.29337413296968,0
19956,14.289725908764902,0
19957,15.917277543802628,0
19958,14.409305879913834,0
19959,14.440565497000394,0
19960,13.85276345625184,0
19961,15.961500221202831,0
19962,16.375903992485405,0
19963,15.697328446118293,0
19964,16.188540869413263,0
19965,19.54333486022242,0
19966,17.701627876981863,0
19967,22.233273116898282,0
19968,21.476976991828863,0
19969,20.816851193324727,0
19970,20.320121052307652,0
19971,20.62062750208211,0
19972,22.433498350756885,0
19973,22.941647415466747,0
19974,25.091563576170696,0
19975,23.202722188265962,0
19976,24.503688186298305,0
19977,23.912188568621843,0
19978,25.13506614449199,0
19979,25.34124695711367,0
19980,25.21596393194146,0
19981,24.149783932902718,0
19982,24.499933037046127,0
19983,23.267515427942296,0
19984,24.506464991751216,0
19985,24.20925552230196,0
19986,21.781243294262325,0
19987,22.888868717419047,0
19988,22.744790569439807,0
19989,21.06081586285062,0
19990,20.411055168155677,0
19991,20.93035659195074,0
19992,20.628455228162156,0
19993,18.619066367695787,0
19994,17.53844086251661,0
19995,17.953213812411043,0
19996,17.01710949508113,0
19997,16.68623257294655,0
19998,16.03201566349287,0
19999,16.106267691482714,0
