,mae
10000,
10001,
10002,
10003,
10004,
10005,
10006,
10007,
10008,
10009,
10010,
10011,
10012,
10013,
10014,
10015,
10016,
10017,
10018,
10019,
10020,
10021,
10022,
10023,
10024,
10025,
10026,
10027,
10028,
10029,
10030,
10031,
10032,
10033,
10034,
10035,
10036,
10037,
10038,
10039,
10040,
10041,
10042,
10043,
10044,
10045,
10046,
10047,
10048,
10049,
10050,
10051,
10052,
10053,
10054,
10055,
10056,
10057,
10058,
10059,
10060,
10061,
10062,
10063,
10064,
10065,
10066,
10067,
10068,
10069,
10070,
10071,
10072,
10073,
10074,
10075,
10076,
10077,
10078,
10079,
10080,
10081,
10082,
10083,
10084,
10085,
10086,
10087,
10088,
10089,
10090,
10091,
10092,
10093,
10094,
10095,
10096,
10097,
10098,
10099,
10100,
10101,
10102,
10103,
10104,
10105,
10106,
10107,
10108,
10109,
10110,
10111,
10112,
10113,
10114,
10115,
10116,
10117,
10118,
10119,
10120,
10121,
10122,
10123,
10124,
10125,
10126,
10127,
10128,
10129,
10130,
10131,
10132,
10133,
10134,
10135,
10136,
10137,
10138,
10139,
10140,
10141,
10142,
10143,
10144,
10145,
10146,
10147,
10148,
10149,
10150,
10151,
10152,
10153,
10154,
10155,
10156,
10157,
10158,
10159,
10160,
10161,
10162,
10163,
10164,
10165,
10166,
10167,
10168,
10169,
10170,
10171,
10172,
10173,
10174,
10175,
10176,
10177,
10178,
10179,
10180,
10181,
10182,
10183,
10184,
10185,
10186,
10187,
10188,
10189,
10190,
10191,
10192,
10193,
10194,
10195,
10196,
10197,
10198,
10199,
10200,
10201,
10202,
10203,
10204,
10205,
10206,
10207,
10208,
10209,
10210,
10211,
10212,
10213,
10214,
10215,
10216,
10217,
10218,
10219,
10220,
10221,
10222,
10223,
10224,
10225,
10226,
10227,
10228,
10229,
10230,
10231,
10232,
10233,
10234,
10235,
10236,
10237,
10238,
10239,8.025790568615871
10240,8.023720802906379
10241,8.019810426917918
10242,8.007885236687114
10243,8.001887927803557
10244,8.014074874042503
10245,8.006536063033366
10246,8.0096709209701
10247,8.020587112586211
10248,8.02099999312526
10249,8.01943680191698
10250,8.01188683272864
10251,8.012462769408785
10252,8.006095924433323
10253,8.007292181617906
10254,8.015127132471862
10255,8.012536609676959
10256,8.003597042112668
10257,8.00402089529723
10258,8.008433686520625
10259,8.01013042897648
10260,8.010590346913533
10261,8.008598432195338
10262,8.00472218563791
10263,7.993104379310334
10264,7.993971378133887
10265,8.001703806403137
10266,7.99599056893303
10267,8.001752753961362
10268,8.001264729442317
10269,8.003026979199038
10270,7.996737589485909
10271,8.000709074540758
10272,8.01097765801608
10273,8.008273582444419
10274,8.00325520571517
10275,7.996608379875725
10276,8.001514825366135
10277,8.010903555608458
10278,8.010331946456345
10279,8.002483024999513
10280,8.00266531568067
10281,8.007088143207543
10282,8.015148029849978
10283,8.01901645079775
10284,8.023267600528984
10285,8.03004172351706
10286,8.037612646044982
10287,8.040600271932746
10288,8.0516666380115
10289,8.046187965177523
10290,8.045153918735755
10291,8.051154646574167
10292,8.04393358494468
10293,8.039055065751358
10294,8.03637799766684
10295,8.043282985676536
10296,8.03682892149066
10297,8.030863161011627
10298,8.038008497066453
10299,8.04258133922533
10300,8.029116895275772
10301,8.032849208082494
10302,8.026586695343848
10303,8.020386552731704
10304,8.014180956704514
10305,8.018284565276609
10306,8.0177122210884
10307,8.027930734783444
10308,8.031149516295471
10309,8.040696859491188
10310,8.040319707223818
10311,8.036194370943997
10312,8.044560180113942
10313,8.053195686185195
10314,8.05535132172061
10315,8.066457974123216
10316,8.069900757593464
10317,8.059175130733719
10318,8.068936996769285
10319,8.069526081164584
10320,8.07500261603035
10321,8.07330788162486
10322,8.070337465783682
10323,8.071757530366629
10324,8.075618711462983
10325,8.075548431049073
10326,8.062838734472379
10327,8.057292162985572
10328,8.061888662952448
10329,8.054935515471698
10330,8.03899924023108
10331,8.04309971621705
10332,8.048749543665524
10333,8.050404066498386
10334,8.054622453183665
10335,8.054451441301232
10336,8.047327037324461
10337,8.041572138359898
10338,8.042759142616742
10339,8.043644509819037
10340,8.046140019966254
10341,8.048648550644169
10342,8.045309538111999
10343,8.0386418802154
10344,8.04661757344866
10345,8.04792289158887
10346,8.047022121009473
10347,8.038610764239708
10348,8.03558423931756
10349,8.040023762313018
10350,8.046668766798371
10351,8.05023375047933
10352,8.061003563901856
10353,8.07152092636652
10354,8.075140170648105
10355,8.068453272227703
10356,8.076161512833666
10357,8.070236789129694
10358,8.074813788466711
10359,8.084871814391501
10360,8.092912748603851
10361,8.08819529212216
10362,8.095422110899257
10363,8.088979485836939
10364,8.092269948511134
10365,8.087462974641358
10366,8.080651789500092
10367,8.084966518367263
10368,8.083428464241472
10369,8.086029003840327
10370,8.078662598308316
10371,8.082600763307447
10372,8.076927746213169
10373,8.07357427650397
10374,8.074541151700243
10375,8.076737999116967
10376,8.078008626274832
10377,8.086434057593056
10378,8.096585145308588
10379,8.089681458857406
10380,8.0886344647775
10381,8.088269381850639
10382,8.073801889166354
10383,8.078118116063173
10384,8.076107773112561
10385,8.078588631667786
10386,8.080165505654145
10387,8.078658243088288
10388,8.089936011388456
10389,8.094803391367892
10390,8.084397236831785
10391,8.082090948349535
10392,8.081257232984983
10393,8.089126234765425
10394,8.094204492113128
10395,8.08161120046267
10396,8.072468314802274
10397,8.07065613858673
10398,8.064040949477102
10399,8.05538317044148
10400,8.060287511999519
10401,8.061435956802347
10402,8.060405640795526
10403,8.047282993075981
10404,8.04751387460347
10405,8.042021492604801
10406,8.05368505592551
10407,8.057722457977755
10408,8.058882176002237
10409,8.056157152640663
10410,8.039525104513695
10411,8.036073299843968
10412,8.022731203971865
10413,8.02407369029855
10414,8.021984930103999
10415,8.038323705124936
10416,8.039715405312728
10417,8.042231409969643
10418,8.050013027961002
10419,8.051137998007492
10420,8.048473364702684
10421,8.048553570550123
10422,8.056030662166808
10423,8.045149109165537
10424,8.044931835628665
10425,8.041194822762055
10426,8.037698725504944
10427,8.030896401065238
10428,8.025449947472492
10429,8.024389348556982
10430,8.025116986558594
10431,8.02543742610991
10432,8.018438197685944
10433,8.014107627091075
10434,8.012923724116337
10435,8.008096008978768
10436,8.00854794802888
10437,8.000819675874464
10438,8.00381925656119
10439,7.9970569632956305
10440,7.998823359807857
10441,7.997937952083673
10442,8.008765211022034
10443,8.005179468286064
10444,8.00656011772862
10445,7.99312191996818
10446,7.9905195773442355
10447,7.98044590153336
10448,7.98469789105796
10449,7.982733929318098
10450,7.978789145924193
10451,7.989146475419882
10452,7.9883166486490325
10453,7.990255865825375
10454,7.991723403817497
10455,7.985789805346519
10456,7.990343700301312
10457,7.988124868127488
10458,7.99296201791312
10459,7.997549351943026
10460,7.990916608784033
10461,7.981149007143118
10462,7.975516668000398
10463,7.974386912783416
10464,7.971643947915969
10465,7.973024576878765
10466,7.9675520736545815
10467,7.978665686050116
10468,7.975836610258799
10469,7.964103445920613
10470,7.970994278868667
10471,7.976687914223253
10472,7.979363146982151
10473,7.982784222725432
10474,7.972418890748934
10475,7.967175148367661
10476,7.964273044752586
10477,7.963083556788467
10478,7.964576585839221
10479,7.970115346554328
10480,7.974151977648099
10481,7.979392737479906
10482,7.9881236453293285
10483,7.987102978956454
10484,7.978605790625262
10485,7.981935478562421
10486,7.9757962292780045
10487,7.984958481635073
10488,7.98463158321215
10489,7.980891485873934
10490,7.9820460357825755
10491,7.9680340010803965
10492,7.970847126854253
10493,7.96857744845316
10494,7.969611043934152
10495,7.966891057980827
10496,7.972424277751042
10497,7.974947215706596
10498,7.974419240238422
10499,7.966849685419571
10500,7.969579706890168
10501,7.9753067779740165
10502,7.979297836923659
10503,7.975860227559524
10504,7.980812194913329
10505,7.97727104805001
10506,7.978536289284799
10507,7.974318005696136
10508,7.974404837824681
10509,7.975626001707619
10510,7.971432266488938
10511,7.9615546805237845
10512,7.959088513946486
10513,7.9606371018980315
10514,7.967261823570891
10515,7.965392126353396
10516,7.961515636061536
10517,7.957312117544118
10518,7.957029492292045
10519,7.960633177299077
10520,7.9613369450589095
10521,7.961839987674538
10522,7.955465062730967
10523,7.948968536554093
10524,7.944682138296408
10525,7.939078257000745
10526,7.9345217142984295
10527,7.934366635449477
10528,7.921889922457262
10529,7.926933711826303
10530,7.942022073587989
10531,7.938020203461675
10532,7.942216095500939
10533,7.938191129926824
10534,7.944834168626781
10535,7.939074683692261
10536,7.941886421810011
10537,7.954802281916945
10538,7.95399223355022
10539,7.958139756667255
10540,7.963110259911193
10541,7.953775665425596
10542,7.963745068343591
10543,7.969496082583308
10544,7.975097307015246
10545,7.963280123308093
10546,7.962567599759074
10547,7.955085862240247
10548,7.946605958825236
10549,7.939486947734836
10550,7.942065103351279
10551,7.946323426070787
10552,7.945735151451526
10553,7.937230789528163
10554,7.928235474991013
10555,7.920227452135726
10556,7.928839111160217
10557,7.938153549516923
10558,7.931390600009309
10559,7.931385064736177
10560,7.932961571586935
10561,7.935339232775446
10562,7.935454192188804
10563,7.934355847039823
10564,7.937489146827423
10565,7.93614007614454
10566,7.9404334712678315
10567,7.9421751665201015
10568,7.941758280694794
10569,7.943211473440425
10570,7.954572983810881
10571,7.956121780813784
10572,7.953302716113684
10573,7.952621552721993
10574,7.9587478888642105
10575,7.96287684093221
10576,7.966555718827497
10577,7.974094014713972
10578,7.967088860061816
10579,7.966171596712436
10580,7.959307398273114
10581,7.957464486430342
10582,7.9636278086134995
10583,7.970931979421377
10584,7.975546978846091
10585,7.9714771729061455
10586,7.970497777768359
10587,7.968000101174732
10588,7.966687781617761
10589,7.971988275677172
10590,7.965164294231623
10591,7.958918382585746
10592,7.949531128695658
10593,7.9468354218577355
10594,7.942211888358778
10595,7.956470459918804
10596,7.951869763159391
10597,7.957773447000294
10598,7.962465075544574
10599,7.961413467449103
10600,7.962988031050747
10601,7.962081835086644
10602,7.955052229505069
10603,7.963312982630897
10604,7.960993700073263
10605,7.968358291130574
10606,7.972287680594545
10607,7.958651137670964
10608,7.952087457036345
10609,7.945846733000149
10610,7.95136815738158
10611,7.947500063701223
10612,7.94817523965964
10613,7.956625839457601
10614,7.960372042534636
10615,7.961159870288012
10616,7.956339201911992
10617,7.954375224726395
10618,7.950838384119455
10619,7.950306232457026
10620,7.956961894338078
10621,7.953636008795916
10622,7.96699970354091
10623,7.963548684804301
10624,7.9608484656697325
10625,7.957505591393896
10626,7.9600182697840625
10627,7.953937307764774
10628,7.944178346189657
10629,7.940122944429482
10630,7.946535976561162
10631,7.943091786072626
10632,7.949139171771228
10633,7.945273448655602
10634,7.939049995443998
10635,7.945774141204658
10636,7.94356856010551
10637,7.941871377954624
10638,7.940014356189979
10639,7.939876023509533
10640,7.929613183306061
10641,7.92739028625557
10642,7.928530629829809
10643,7.93733746995264
10644,7.939544191689793
10645,7.945709028539732
10646,7.934581963252147
10647,7.932703722984623
10648,7.9280404126864585
10649,7.936002259490961
10650,7.944797738452471
10651,7.940578327684787
10652,7.945217664196682
10653,7.944911823525625
10654,7.945175057969508
10655,7.93804086179918
10656,7.940926397005473
10657,7.936264132243774
10658,7.926064456800218
10659,7.930572681833009
10660,7.926553902245047
10661,7.925414710171818
10662,7.93077787321815
10663,7.93112083224267
10664,7.93313911642997
10665,7.926338343764645
10666,7.929294010869345
10667,7.927821707935603
10668,7.925697964970033
10669,7.927966983395669
10670,7.926205466895097
10671,7.912296546606584
10672,7.919311380566869
10673,7.914162249749003
10674,7.922711374334627
10675,7.927130284548296
10676,7.927735684373922
10677,7.93937727904394
10678,7.936495577622415
10679,7.942326879711989
10680,7.938979997598358
10681,7.94192767684464
10682,7.931049860954652
10683,7.9336085975818325
10684,7.9349921343439975
10685,7.939507644844555
10686,7.941304018886177
10687,7.945804946538905
10688,7.938824446882529
10689,7.938846149216929
10690,7.939618831727313
10691,7.9372970755079395
10692,7.94167159785014
10693,7.934884179083176
10694,7.9343996186084444
10695,7.93108060658258
10696,7.930374611448918
10697,7.928689276540697
10698,7.925822706170584
10699,7.923507885730702
10700,7.923596808389758
10701,7.925217709193277
10702,7.919273031333318
10703,7.919200101986088
10704,7.925415102581666
10705,7.919058840250429
10706,7.919440083114918
10707,7.912584199063536
10708,7.907931538475997
10709,7.914350910208902
10710,7.907887224011534
10711,7.905787445783468
10712,7.913902432509569
10713,7.904527742933258
10714,7.930210215028742
10715,7.934742483887949
10716,7.943930185603755
10717,7.946943620146273
10718,7.9488963591160315
10719,7.954432291672886
10720,7.951001464118201
10721,7.9469933294859105
10722,7.943255204639639
10723,7.9470684468746535
10724,7.947298199200344
10725,7.945186052390974
10726,7.955757591690738
10727,7.951716206832992
10728,7.959950251700957
10729,7.96516240845448
10730,7.972269826411473
10731,7.989609874318483
10732,7.986397047700288
10733,7.987609044515536
10734,7.98740515183553
10735,7.981501270162374
10736,7.975223742601382
10737,7.974086335049913
10738,7.980838406892873
10739,7.987371609216383
10740,7.982508676980763
10741,7.974120320435203
10742,7.970984380510854
10743,7.978492241308647
10744,7.9748061902549825
10745,7.969874717228513
10746,7.969995988009353
10747,7.969755268988023
10748,7.965252848017695
10749,7.9587930724184535
10750,7.962641645351557
10751,7.9724920344975745
10752,7.969976762160808
10753,7.973125652330188
10754,7.965515418733508
10755,7.968469101880992
10756,7.967973962757152
10757,7.953159570643782
10758,7.958679148671299
10759,7.96434703267469
10760,7.96789904737068
10761,7.965807994998516
10762,7.963933195196855
10763,7.957171989766851
10764,7.951094327292542
10765,7.945041657754677
10766,7.949552072896763
10767,7.949695823152408
10768,7.953232590698281
10769,7.94356852849631
10770,7.9299792211465325
10771,7.921986835217771
10772,7.927251050326527
10773,7.930962880932198
10774,7.928233216613793
10775,7.931633287519397
10776,7.922656819415183
10777,7.918284104768179
10778,7.922477211575777
10779,7.916084690012095
10780,7.920511847199124
10781,7.92402690986719
10782,7.917411966168077
10783,7.92070257396451
10784,7.911932283330981
10785,7.91687745925511
10786,7.915219557489409
10787,7.921834278239779
10788,7.933761006295218
10789,7.929121535026713
10790,7.918985495879301
10791,7.9152239948497245
10792,7.915133122437027
10793,7.914554700159644
10794,7.920592908561186
10795,7.9219409569616035
10796,7.921141520207625
10797,7.917723071818449
10798,7.92054906555874
10799,7.91471941841941
10800,7.917005715158509
10801,7.920973688410238
10802,7.91932924904729
10803,7.914416138576048
10804,7.912999562790465
10805,7.914252857026859
10806,7.914441142235748
10807,7.915167866720212
10808,7.919848925855677
10809,7.927131206051046
10810,7.9262940339527574
10811,7.92383483079885
10812,7.926825295068406
10813,7.924116617308147
10814,7.914995444301758
10815,7.914859481450775
10816,7.917716730297529
10817,7.922549619344254
10818,7.922699976315793
10819,7.921407317034721
10820,7.92076265775262
10821,7.924444844897139
10822,7.926117672742132
10823,7.920438559937074
10824,7.9231931586747875
10825,7.916059739795343
10826,7.913965046992354
10827,7.915489138304801
10828,7.906092226294638
10829,7.903149944857205
10830,7.899770110281696
10831,7.898746828188127
10832,7.90620486936706
10833,7.908239625230293
10834,7.913321832730468
10835,7.910303265389919
10836,7.90236384511796
10837,7.905205951849343
10838,7.90478953201984
10839,7.896358871000762
10840,7.888604586490405
10841,7.89207199024143
10842,7.891967748883746
10843,7.890985949592634
10844,7.893802095802794
10845,7.893107453338922
10846,7.8981354586581025
10847,7.90507994644179
10848,7.898496601316336
10849,7.907318284229782
10850,7.905717866557631
10851,7.901681036292863
10852,7.904050409707447
10853,7.897211804968271
10854,7.887176055794569
10855,7.894740800214848
10856,7.891303142616781
10857,7.892727791394938
10858,7.887536473855679
10859,7.889420252627549
10860,7.888767881403995
10861,7.895786269208888
10862,7.892476348502712
10863,7.895346976387653
10864,7.888845829481236
10865,7.893230124927543
10866,7.89000259560273
10867,7.8901333795967705
10868,7.889767881780007
10869,7.897553637252477
10870,7.902262926390419
10871,7.9017460235979575
10872,7.900652666062184
10873,7.898627940522641
10874,7.896517669678317
10875,7.899645805603465
10876,7.8963965432307495
10877,7.9000596337763
10878,7.904444489136935
10879,7.903832488176233
10880,7.916146392016892
10881,7.918982957947364
10882,7.925557345142351
10883,7.928752997193997
10884,7.923770962332709
10885,7.917582847539977
10886,7.924890433398793
10887,7.924924893313519
10888,7.9326640201404315
10889,7.930439826430078
10890,7.930389067064707
10891,7.935848553693855
10892,7.942200508415622
10893,7.937792484219274
10894,7.933750651159646
10895,7.938298312193701
10896,7.938719545611578
10897,7.94765971428576
10898,7.9496987084323285
10899,7.944362625646381
10900,7.945157292590782
10901,7.941947319895509
10902,7.936157801403112
10903,7.934673523304137
10904,7.93467544761133
10905,7.944572887497492
10906,7.952007115192742
10907,7.959261641779648
10908,7.959229701392649
10909,7.963793725578317
10910,7.968352868845657
10911,7.9683214197281
10912,7.963848668891782
10913,7.967465118580935
10914,7.959653401811507
10915,7.964871960845935
10916,7.962518466802745
10917,7.96187978574817
10918,7.959481148879088
10919,7.956628517952906
10920,7.9615996291932
10921,7.963940354779
10922,7.965912731333139
10923,7.958810250525334
10924,7.96295297996359
10925,7.954021729718957
10926,7.9581718982630365
10927,7.952276686995211
10928,7.956213267968659
10929,7.9569286813146975
10930,7.948115982863467
10931,7.948013759479909
10932,7.943067031847107
10933,7.94733023320932
10934,7.95013298135291
10935,7.959743557457001
10936,7.9633192646021
10937,7.962183854189649
10938,7.965494451506716
10939,7.968374459860694
10940,7.970994533355768
10941,7.97099648676381
10942,7.975416273802436
10943,7.974530346993096
10944,7.9660651604108645
10945,7.968929610385812
10946,7.965799404403127
10947,7.966780440534309
10948,7.969846426539612
10949,7.9758714687246455
10950,7.972979451666281
10951,7.970791670587675
10952,7.958931259192994
10953,7.969946901659635
10954,7.955394627917744
10955,7.956913422996968
10956,7.950474924056135
10957,7.946056962862861
10958,7.940055291096693
10959,7.9410444263538995
10960,7.954157177773921
10961,7.959741792311855
10962,7.96729043022894
10963,7.967370199188599
10964,7.973336121274069
10965,7.974084915983797
10966,7.970015949562566
10967,7.963226577298576
10968,7.959402962999698
10969,7.956065944003324
10970,7.958470397936988
10971,7.9522596922478535
10972,7.95467545952577
10973,7.95087040936222
10974,7.947840981720764
10975,7.952121550032987
10976,7.95180619050782
10977,7.954425995934134
10978,7.947408421709494
10979,7.944534177886061
10980,7.949628552623866
10981,7.951310763638463
10982,7.951712985696702
10983,7.953551110408937
10984,7.952464214488216
10985,7.957403692650647
10986,7.953409104458265
10987,7.9574472780578285
10988,7.959389851050111
10989,7.956100699419354
10990,7.956354847011339
10991,7.95553216084561
10992,7.963670795265822
10993,7.961264591572162
10994,7.9637018351188384
10995,7.9613645664838355
10996,7.9589229732899485
10997,7.97120665004735
10998,7.965444308248374
10999,7.9617697463457455
11000,7.959543034570617
11001,7.960428321433479
11002,7.964015362763484
11003,7.97179036975656
11004,7.970114164006504
11005,7.974534732703546
11006,7.97269652467878
11007,7.9653377438385045
11008,7.958864358256791
11009,7.967080379974422
11010,7.966904449869113
11011,7.96762614712557
11012,7.962193455898072
11013,7.965151724698912
11014,7.967923882368138
11015,7.973110463068449
11016,7.981616137503767
11017,7.985281316888538
11018,7.975299023447582
11019,7.975265888345196
11020,7.974024616973923
11021,7.980665295373344
11022,7.990927705224634
11023,7.988147253436576
11024,7.993324042264463
11025,7.985039567419099
11026,7.995298366532548
11027,7.997279655938616
11028,7.998576257654638
11029,7.993238957430233
11030,8.00131206648459
11031,7.996470630271113
11032,7.9838312926789
11033,7.984065711170023
11034,7.983818477165698
11035,7.983539884608437
11036,7.9784581896862194
11037,7.97776466480988
11038,7.983200334802016
11039,7.985299765040569
11040,7.9739052795808885
11041,7.964381016710692
11042,7.968786854957036
11043,7.968546849294686
11044,7.971498812214413
11045,7.968090133889317
11046,7.961964244097085
11047,7.957987343166004
11048,7.951530042562016
11049,7.942148613267451
11050,7.940853740854706
11051,7.943819708711204
11052,7.942768836292616
11053,7.947200840287677
11054,7.944396442917347
11055,7.9436061016818895
11056,7.936127069006619
11057,7.931552836386263
11058,7.938313370943425
11059,7.939642272023333
11060,7.946968527916979
11061,7.9438584501325336
11062,7.935151556211609
11063,7.93619000784011
11064,7.93010495395053
11065,7.941509658417264
11066,7.940840102007104
11067,7.943179609989069
11068,7.957620437522327
11069,7.961613467678059
11070,7.959989041161502
11071,7.970135506471675
11072,7.958934516490917
11073,7.950241150827112
11074,7.94682972953912
11075,7.944803476266616
11076,7.949949892703974
11077,7.9474991974027125
11078,7.945690825084819
11079,7.948400766205785
11080,7.952090196543215
11081,7.950615079344238
11082,7.949292058092234
11083,7.956931471295548
11084,7.947603983001089
11085,7.94544443335972
11086,7.945037002246035
11087,7.947037877737205
11088,7.954325740365717
11089,7.953413253434019
11090,7.957801916364265
11091,7.965082574310595
11092,7.964966936740724
11093,7.972358403279082
11094,7.969774383267776
11095,7.963208089973436
11096,7.969879696326953
11097,7.964392579362296
11098,7.968905955341756
11099,7.970366332262129
11100,7.971525891105
11101,7.971853239315641
11102,7.97559979154935
11103,7.971943388308876
11104,7.984870042177859
11105,7.976967174157468
11106,7.971182663158351
11107,7.983620341758486
11108,7.9820784444627995
11109,7.977279409242657
11110,7.970254009292543
11111,7.963651595762257
11112,7.968909088126176
11113,7.966808075981342
11114,7.972589335260249
11115,7.968822111495099
11116,7.978204607669039
11117,7.989174748863908
11118,7.989840702533579
11119,7.995493105341885
11120,7.985257504284283
11121,7.986315132917555
11122,7.975848851921742
11123,7.970506397898111
11124,7.971257545290479
11125,7.974686698752767
11126,7.964665890081646
11127,7.969664188964043
11128,7.958770454434981
11129,7.963076530762815
11130,7.965019949609481
11131,7.964135083019285
11132,7.960880907256052
11133,7.959612773935368
11134,7.962226186610755
11135,7.952096777157233
11136,7.951835234825376
11137,7.953238246504638
11138,7.942961136697314
11139,7.933899416175453
11140,7.943961156654747
11141,7.949587923398152
11142,7.9478183553103685
11143,7.949194197313999
11144,7.94404304558253
11145,7.93909709937728
11146,7.936713070264504
11147,7.931472602753595
11148,7.931423039441179
11149,7.924187818934453
11150,7.921257609335894
11151,7.933407863235886
11152,7.942174052872351
11153,7.934462657283295
11154,7.936434873199291
11155,7.923645562571963
11156,7.9304021911864915
11157,7.918099867622343
11158,7.922795662156673
11159,7.925320890677713
11160,7.924309433414641
11161,7.915551395795432
11162,7.919022641861468
11163,7.929634465582826
11164,7.925103087373785
11165,7.933902586304579
11166,7.941110455035838
11167,7.944657581793199
11168,7.945878297632969
11169,7.940102314089744
11170,7.948475495846809
11171,7.948174681952063
11172,7.945466566897918
11173,7.94037758135379
11174,7.942930797609957
11175,7.93490798499442
11176,7.925311865879923
11177,7.928891667974281
11178,7.930515909734278
11179,7.927440389138644
11180,7.929726655241989
11181,7.927581582013755
11182,7.935710675613657
11183,7.93700702825183
11184,7.939855881305238
11185,7.938748377614746
11186,7.949712786775782
11187,7.953013856043651
11188,7.965640162337793
11189,7.957821713481837
11190,7.963639931935731
11191,7.965961726787821
11192,7.963968333730917
11193,7.956438391567583
11194,7.955285606548076
11195,7.957987734454409
11196,7.964210080458607
11197,7.96191844803514
11198,7.968744733560659
11199,7.955036631383293
11200,7.946751971015204
11201,7.9479274100980755
11202,7.951074474633324
11203,7.951144426220092
11204,7.9376411866989445
11205,7.941638545981684
11206,7.949453621652751
11207,7.950359891892579
11208,7.9518811563304475
11209,7.9493520860453275
11210,7.946010184661345
11211,7.938058025989021
11212,7.945223697093464
11213,7.952814323589581
11214,7.947318345182207
11215,7.952074829027014
11216,7.951405949066525
11217,7.949094383075764
11218,7.955386359436006
11219,7.961213436189635
11220,7.962512458390397
11221,7.9644824825693075
11222,7.965996539974075
11223,7.970885564992747
11224,7.9783997858331865
11225,7.979061826671702
11226,7.982718387861697
11227,7.981988688486421
11228,7.991937380677742
11229,8.00139345108554
11230,8.001187687111438
11231,8.000957635690524
11232,7.993833291504871
11233,7.989242031503465
11234,7.986872243153721
11235,7.9820815202542645
11236,7.981862982824756
11237,7.985595041926393
11238,7.9885199447896245
11239,7.986385057266421
11240,7.984524793325332
11241,7.973128474560486
11242,7.975723975524603
11243,7.978887665023746
11244,7.982967747277612
11245,7.9784589580391065
11246,7.974648417957629
11247,7.981001411561805
11248,7.989280796788236
11249,7.983536616263794
11250,7.983493509191621
11251,7.988753230384304
11252,7.9907399707574
11253,7.9963812739144435
11254,7.989980962862374
11255,7.983937911466839
11256,7.984491100846022
11257,7.977107434239167
11258,7.978268289376553
11259,7.971457133112651
11260,7.970883181051817
11261,7.967774892937322
11262,7.959493884621796
11263,7.961342420631002
11264,7.966943159593746
11265,7.975644802717169
11266,7.9713747893748295
11267,7.969574272471201
11268,7.966152928074435
11269,7.979057694712756
11270,7.976725108492619
11271,7.984068409143945
11272,7.999931634766014
11273,8.005680755130577
11274,8.003557454706232
11275,8.005172454969792
11276,8.0060518372327
11277,8.006631070593636
11278,7.995827304302829
11279,7.992743476967684
11280,8.001244263806766
11281,8.00659552327056
11282,8.008404800253002
11283,8.013724730556874
11284,8.015197806526464
11285,8.017103140630267
11286,8.0288114419919
11287,8.032802823831116
11288,8.040854888476451
11289,8.046686375547885
11290,8.049162738298639
11291,8.052123063696147
11292,8.047316398377633
11293,8.043824814635519
11294,8.050003765828821
11295,8.04248937667768
11296,8.048825281212135
11297,8.046378492613004
11298,8.050157166279593
11299,8.04965921801388
11300,8.049176747664706
11301,8.042068711117784
11302,8.04453763465206
11303,8.041727359953606
11304,8.050308211042553
11305,8.043482203595763
11306,8.041966703088715
11307,8.043537795268849
11308,8.031322220830852
11309,8.031166764306509
11310,8.034640678348486
11311,8.025616602478836
11312,8.027072409586395
11313,8.029697110839258
11314,8.036832209099286
11315,8.035457211000303
11316,8.034623149543235
11317,8.03571061528179
11318,8.03893857427772
11319,8.036378718595198
11320,8.040847189086518
11321,8.04492441347745
11322,8.04884591190497
11323,8.038467762957355
11324,8.04386834857679
11325,8.041186694730849
11326,8.036235155266853
11327,8.029368954915235
11328,8.031850418301948
11329,8.03201125569984
11330,8.024004966459708
11331,8.02256457141703
11332,8.02624033957746
11333,8.014855816760495
11334,8.017094340928727
11335,8.015093969454853
11336,8.009232115087794
11337,8.01869698535961
11338,8.022710918489016
11339,8.030021201700045
11340,8.024768942979847
11341,8.02635271051899
11342,8.022254429626805
11343,8.025011018827664
11344,8.021738240812903
11345,8.028015424629736
11346,8.033873017514617
11347,8.031512230219539
11348,8.034681704003312
11349,8.038217542566747
11350,8.039221944534335
11351,8.046323271134925
11352,8.038848499870046
11353,8.041855100424247
11354,8.039329845154985
11355,8.029881333417247
11356,8.020814250136407
11357,8.011379063225991
11358,8.009190793461029
11359,8.000474228028297
11360,8.004599066184898
11361,8.007911562637412
11362,8.015110305237773
11363,8.012798195725242
11364,8.01464715940504
11365,8.006656559441147
11366,8.011090085811878
11367,8.006659057870701
11368,8.015642781839217
11369,8.006630717002212
11370,8.002102857591842
11371,8.00266008532371
11372,8.010716293156861
11373,8.008900928008597
11374,8.01090747254592
11375,8.012754732757395
11376,8.007764461145646
11377,8.003909288574798
11378,8.013298014871717
11379,8.024066825105097
11380,8.018993204912594
11381,8.019524480936465
11382,8.02372142750524
11383,8.0310909174862
11384,8.034516692852783
11385,8.041109921274623
11386,8.031162506835715
11387,8.033407893320664
11388,8.038756698501587
11389,8.047228112245794
11390,8.047790058605518
11391,8.049222346045443
11392,8.039660505142255
11393,8.043945833449586
11394,8.044041591762872
11395,8.049582967840875
11396,8.044557172703836
11397,8.04555839146912
11398,8.039100921494782
11399,8.04159165652236
11400,8.046109612948488
11401,8.051120202852537
11402,8.05584532002019
11403,8.050917714802193
11404,8.05249455558111
11405,8.048930775949964
11406,8.049385924473258
11407,8.038909332435052
11408,8.037607386210247
11409,8.031426200769895
11410,8.033105166906322
11411,8.033599653241373
11412,8.038715472652816
11413,8.040651270282849
11414,8.039319817302228
11415,8.039839008386863
11416,8.045812295795661
11417,8.046033431115388
11418,8.043288751155437
11419,8.050574635643605
11420,8.050395411335025
11421,8.059260037363664
11422,8.056998588735691
11423,8.056797889383976
11424,8.053471532697204
11425,8.062239572118736
11426,8.050947571227049
11427,8.051701193560296
11428,8.045955282648885
11429,8.045195842925697
11430,8.050937463954003
11431,8.051386611359701
11432,8.058387446259127
11433,8.059128106507474
11434,8.067067278720456
11435,8.05465819758496
11436,8.05528582728871
11437,8.057659898718349
11438,8.062345078185007
11439,8.07091138567679
11440,8.068286432789273
11441,8.072762270163524
11442,8.065395464468596
11443,8.07110175480889
11444,8.081359303500664
11445,8.080193979035009
11446,8.075017490174705
11447,8.076247123109455
11448,8.078628481325802
11449,8.079845999432212
11450,8.080617172188107
11451,8.081962940874678
11452,8.082160908118246
11453,8.064423584489191
11454,8.063708420360854
11455,8.063960318668277
11456,8.066835937137878
11457,8.069959622704772
11458,8.059094508007494
11459,8.05372733487152
11460,8.048370207225954
11461,8.045342349790996
11462,8.044139047906064
11463,8.033959927556863
11464,8.029078688862445
11465,8.023329442653527
11466,8.017867705430197
11467,8.013131262365993
11468,8.003409587371888
11469,7.99305987484886
11470,7.995004446226988
11471,7.9985288841673245
11472,7.997387030444932
11473,8.006477200853684
11474,8.015881783183344
11475,8.0241100459174
11476,8.018673418789865
11477,8.011727868900262
11478,8.017111278058461
11479,8.01970766979785
11480,8.026704877441441
11481,8.037208931124955
11482,8.033905265199541
11483,8.0275990525503
11484,8.032747668412213
11485,8.03081573279975
11486,8.032396845599791
11487,8.030785755863578
11488,8.026605565233988
11489,8.024510862786297
11490,8.016503131979027
11491,8.010243194258331
11492,8.004724553671615
11493,8.00801600921849
11494,8.00972949811378
11495,8.011312800839828
11496,8.005326813062196
11497,8.008199339244731
11498,8.013979514825
11499,8.018147976080439
11500,8.019173857232502
11501,8.021354932031516
11502,8.021209988807824
11503,8.020759098603468
11504,8.008434397995991
11505,8.00344484254171
11506,8.010910666711487
11507,8.005417971940608
11508,8.005245247655454
11509,8.00439832530048
11510,8.007784771965468
11511,8.010002765444254
11512,8.000722955978251
11513,7.9876981225621755
11514,7.99133459771518
11515,7.994983969106641
11516,7.995480949107522
11517,7.9962728394813025
11518,7.998683579410098
11519,8.00287401165338
11520,7.9982979359166215
11521,8.000478843986116
11522,8.010543854385618
11523,8.013558334194968
11524,8.007918610650217
11525,8.011395232897067
11526,8.005826237687808
11527,8.00808159565289
11528,8.000412088090789
11529,7.996299936492918
11530,7.9940671309146705
11531,7.99250981914363
11532,7.996994014594093
11533,7.991217287725786
11534,7.9913605898666145
11535,7.9935028002752615
11536,8.001573798434055
11537,8.004718070567641
11538,8.005257279296346
11539,8.00721958113827
11540,8.004668476645259
11541,8.013283256311423
11542,8.008502285394849
11543,8.008639117938579
11544,8.007617180053844
11545,8.010935138730792
11546,8.014858652217516
11547,8.008923341175626
11548,8.020290372533019
11549,8.00953082578171
11550,8.001789305326223
11551,8.004724333232058
11552,8.012880742194232
11553,8.012108672133758
11554,8.000024315403586
11555,8.002523814728168
11556,8.001118467806277
11557,7.998850961050119
11558,7.992259803341068
11559,7.99212702285159
11560,7.993863005155778
11561,7.991762481551297
11562,7.991359800480262
11563,7.99534316700505
11564,7.998385866372653
11565,8.01072584119546
11566,8.000121314024776
11567,8.010166685016364
11568,8.01107103907197
11569,8.003747466144073
11570,8.00717771291803
11571,8.009532110447562
11572,8.004411254706397
11573,8.00956915981354
11574,8.011164294271405
11575,8.007996460667012
11576,8.014253836784832
11577,8.012314786609062
11578,8.008672864761637
11579,8.007528865055072
11580,8.012795570996152
11581,8.007936580707959
11582,8.006301369676835
11583,8.009779451669548
11584,8.008647287890856
11585,8.015434542836207
11586,8.011906974932847
11587,8.003741878320772
11588,7.994413983176093
11589,7.992298230698493
11590,7.992553435331977
11591,7.991493784698078
11592,8.001218824835345
11593,8.004413868710248
11594,8.001446262296925
11595,8.010286048891736
11596,8.016747593814118
11597,8.020732237173473
11598,8.02152205153888
11599,8.0292508714524
11600,8.023597310447268
11601,8.019522955426376
11602,8.017394249926804
11603,8.018718831542722
11604,8.013086077073336
11605,8.023547396206224
11606,8.018196150256731
11607,8.029365387263054
11608,8.017196839559004
11609,8.017189785565954
11610,8.014401455124188
11611,8.012332193805335
11612,8.010180972497903
11613,8.009231165718466
11614,7.999316797550955
11615,8.004479761154558
11616,8.011182268825468
11617,8.010766356242112
11618,8.00476509308985
11619,8.003603806663532
11620,7.996548973261932
11621,7.993312207260636
11622,8.00047737702367
11623,7.991993454903818
11624,7.996708516481371
11625,7.9961107552388
11626,7.996301432115065
11627,8.004378992107435
11628,7.999175774485814
11629,7.996520176837037
11630,7.994612093602718
11631,7.995440056922466
11632,7.994741209405835
11633,7.993791280918103
11634,7.9980097502942975
11635,7.997086798575157
11636,7.997995355553211
11637,8.006678168669568
11638,8.016321920940518
11639,8.009438187440436
11640,8.004830886674467
11641,8.002713862933225
11642,7.995557184642249
11643,7.997605812587019
11644,7.991996264671223
11645,7.989361928833782
11646,7.976920932958617
11647,7.986552241274735
11648,7.987133290737502
11649,7.994608453617947
11650,7.992220690430012
11651,7.989206586327858
11652,7.988343181169403
11653,7.985069092488536
11654,7.981926957618445
11655,7.988069357667979
11656,7.985738839734949
11657,7.984478094421183
11658,7.984817811000506
11659,7.976000060268485
11660,7.977281240778579
11661,7.970293477434721
11662,7.973397089855897
11663,7.978633813000244
11664,7.98154982230505
11665,7.978398498309832
11666,7.981159374275532
11667,7.982365484738441
11668,7.983132670600457
11669,7.982974260197308
11670,7.976963304436839
11671,7.974013777903739
11672,7.979312090813985
11673,7.977604587033656
11674,7.975330931993496
11675,7.981611674325663
11676,7.980476799030352
11677,7.979553734020185
11678,7.9763831845225
11679,7.981703416887233
11680,7.980521478156374
11681,7.979894397074381
11682,7.989800670045782
11683,7.975474267068264
11684,7.977602140852285
11685,7.977221421190398
11686,7.971077273530085
11687,7.967138601858866
11688,7.962749831827224
11689,7.964404269281957
11690,7.966639296373982
11691,7.96587874890135
11692,7.964371506639055
11693,7.969208723923448
11694,7.9792780407328285
11695,7.977264084690369
11696,7.9724559586508486
11697,7.968721944743872
11698,7.972322102135626
11699,7.9789528938209004
11700,7.976501421634768
11701,7.975110685375506
11702,7.975791664774003
11703,7.981373729467318
11704,7.9800288543737805
11705,7.982223900021486
11706,7.983927518198386
11707,7.990191326916924
11708,7.990363007679702
11709,7.994932903414265
11710,7.99093345601767
11711,7.988176205069408
11712,7.992377746959024
11713,7.981533251833667
11714,7.9727922854298106
11715,7.972919491192707
11716,7.982844403038118
11717,7.985711112391053
11718,7.98533387313142
11719,7.995027986594489
11720,7.990179989443079
11721,7.982105303803561
11722,7.979954542853893
11723,7.9799268714514175
11724,7.980837722633415
11725,7.981376548574497
11726,7.979492097199674
11727,7.979949182659909
11728,7.984782562497804
11729,7.993777509926994
11730,8.007196372709208
11731,8.004391869446078
11732,8.005518617568587
11733,8.000387579544602
11734,8.006371872955656
11735,8.0063142478105
11736,8.009339060195467
11737,8.0090297364668
11738,8.00171679218515
11739,8.007957260277687
11740,8.004489252939425
11741,7.998128869912729
11742,8.002248991022268
11743,8.000279896978165
11744,8.004430027878184
11745,7.99988499760491
11746,7.999355835125317
11747,8.004680314151809
11748,7.997384118129762
11749,7.988618802866842
11750,7.984484147722105
11751,7.985257488799378
11752,7.990358911435849
11753,7.992748070139173
11754,8.00011667912326
11755,8.000960692283892
11756,7.999299122017481
11757,7.991394622064206
11758,7.992613112030951
11759,7.998186124451421
11760,7.995194806790589
11761,7.996386692501724
11762,7.987453386626179
11763,7.9850978729167155
11764,7.98852474777737
11765,7.993109632163018
11766,7.991489245926465
11767,7.986360198306204
11768,7.98515848085274
11769,7.985279822819626
11770,7.985833548547714
11771,7.987931043589065
11772,7.979808439896393
11773,7.99343546446202
11774,7.984659201247949
11775,8.001384732031573
11776,7.997857695575975
11777,7.995840916787002
11778,7.988824342524842
11779,7.990725174107204
11780,7.980365457667611
11781,7.969684773198906
11782,7.985561532689031
11783,7.986386883294269
11784,7.98108739872291
11785,7.972708622783762
11786,7.9701844513722495
11787,7.966995019215464
11788,7.957853752425029
11789,7.962135935801531
11790,7.967885636064575
11791,7.973719705170818
11792,7.968507006903277
11793,7.971654364271436
11794,7.983326211519398
11795,7.987987361114426
11796,7.990132619385411
11797,7.983943455395236
11798,7.992018967884241
11799,7.995510047303409
11800,7.995474090328161
11801,7.9942349996566255
11802,7.996239349898506
11803,7.995774376830281
11804,7.992186547104522
11805,7.978453329847054
11806,7.98154554566879
11807,7.977670170012497
11808,7.9790433113489545
11809,7.984119066143887
11810,7.987157017935684
11811,7.985427950513369
11812,7.98385777098331
11813,7.979446891148806
11814,7.980072857391255
11815,7.981444949394519
11816,7.977046002235986
11817,7.975757393539991
11818,7.976318817964491
11819,7.969632889027671
11820,7.970188501762888
11821,7.978357320685876
11822,7.9761920800721615
11823,7.9777336238137
11824,7.979112111284877
11825,7.9707575952267
11826,7.982524881335367
11827,7.9861904495448774
11828,7.994277222490767
11829,7.991642362802436
11830,7.993912736370588
11831,7.9973657480325375
11832,7.993472468930188
11833,7.989679796826519
11834,7.989655112464444
11835,7.996468868347988
11836,7.996070552234184
11837,7.986116166078217
11838,7.98593113831535
11839,7.987454361882828
11840,7.996449723867441
11841,7.992722676953494
11842,7.992836207599722
11843,7.9926186968913555
11844,8.000215503333395
11845,8.000178031340969
11846,8.014440994186481
11847,8.001910899283123
11848,8.012101160913732
11849,8.014672467792272
11850,8.012414268907822
11851,8.020039923460905
11852,8.01867314713435
11853,8.024634424593513
11854,8.033551848335666
11855,8.03115702732196
11856,8.029849678929056
11857,8.03024410445232
11858,8.039089326063923
11859,8.033535279117107
11860,8.030098044768758
11861,8.023499557848506
11862,8.020391886637096
11863,8.033113892919562
11864,8.033128318931604
11865,8.03136529238713
11866,8.03291190931603
11867,8.025509127967736
11868,8.027116994833259
11869,8.0291179161451
11870,8.031513751336416
11871,8.022634653049515
11872,8.028865641605467
11873,8.036351921444005
11874,8.035440592595968
11875,8.037849270452437
11876,8.034770006407179
11877,8.03800956649112
11878,8.03427197505057
11879,8.038713849585768
11880,8.040193302713146
11881,8.036295558629675
11882,8.035672230753105
11883,8.028055796430293
11884,8.025116732493936
11885,8.027703544837328
11886,8.028627101067967
11887,8.037903205039559
11888,8.033620377871818
11889,8.034209356048214
11890,8.037328444015523
11891,8.045359090291358
11892,8.044672365288953
11893,8.049527603208356
11894,8.05140716295147
11895,8.042918551876738
11896,8.044768580058138
11897,8.048951097085569
11898,8.047310478686024
11899,8.050071972422847
11900,8.047181622775614
11901,8.056936320121252
11902,8.058955325819005
11903,8.05619970606289
11904,8.054625730441112
11905,8.05123720323069
11906,8.046962211709483
11907,8.042847242871911
11908,8.041126836601363
11909,8.046421725844882
11910,8.042487697515574
11911,8.043139224639534
11912,8.036364368077795
11913,8.039643745602177
11914,8.039917169828778
11915,8.040355487158097
11916,8.036475249835451
11917,8.03697645622277
11918,8.030972768711601
11919,8.025341338435739
11920,8.026872436411464
11921,8.017118142192189
11922,8.006303795147511
11923,8.018031062990634
11924,8.008077823329941
11925,8.002844124491594
11926,8.006115625549132
11927,8.019963168438236
11928,8.022867615544346
11929,8.019678398494152
11930,8.014839856996245
11931,8.022727404401342
11932,8.025175595239684
11933,8.034635236034688
11934,8.02513706535102
11935,8.023412324721843
11936,8.02660345379974
11937,8.026786832706241
11938,8.031991186493226
11939,8.028920937148804
11940,8.029589048966747
11941,8.038353858180553
11942,8.037971306625753
11943,8.02450772787994
11944,8.025763006310738
11945,8.025621008460224
11946,8.030255267896267
11947,8.034034532281536
11948,8.040547947803985
11949,8.037793125688262
11950,8.040287873822297
11951,8.041104746528243
11952,8.03577269217806
11953,8.04453767592127
11954,8.045848424366943
11955,8.046541998003459
11956,8.041837711492672
11957,8.036607535732658
11958,8.034555338659338
11959,8.020779090989977
11960,8.030435476829748
11961,8.035228275146855
11962,8.031435495918734
11963,8.02859476897681
11964,8.022869060019726
11965,8.018803533431862
11966,8.026299613422132
11967,8.036564114050387
11968,8.031479323580628
11969,8.026690701243313
11970,8.02707288208239
11971,8.035300480346018
11972,8.041441758160614
11973,8.041150025029431
11974,8.028522556831673
11975,8.02976713355205
11976,8.033251095403957
11977,8.032572961895157
11978,8.03488235184827
11979,8.03595208795468
11980,8.046562454941588
11981,8.05044410117524
11982,8.03715681725641
11983,8.035238835080294
11984,8.039707999578324
11985,8.047460351818765
11986,8.040620129922893
11987,8.03538598889364
11988,8.040433005733918
11989,8.03796113391059
11990,8.04843072263925
11991,8.043324877128297
11992,8.038951214365479
11993,8.051589669716922
11994,8.044450321924334
11995,8.041736715749723
11996,8.052191652399701
11997,8.05504404267284
11998,8.056309286140932
11999,8.054764008848744
12000,8.062619374518503
12001,8.056178605855292
12002,8.052104457532309
12003,8.047049883010953
12004,8.048613767375688
12005,8.041852593143942
12006,8.038457502538197
12007,8.043075646778693
12008,8.04874200686847
12009,8.048244032103005
12010,8.040914207724247
12011,8.030907980392925
12012,8.037067025869977
12013,8.028659715454673
12014,8.03036953730352
12015,8.01915797668077
12016,8.01198453479755
12017,8.01200053427171
12018,8.011455158645283
12019,8.003846687788275
12020,8.014264411260159
12021,8.020488622900167
12022,8.013072403517791
12023,8.006964229373144
12024,8.009190924346417
12025,8.023463526173536
12026,8.022927885124652
12027,8.02922802827347
12028,8.032076528136859
12029,8.033898056798726
12030,8.038096726949226
12031,8.035441371096105
12032,8.041274752700689
12033,8.033129419879725
12034,8.027893080338266
12035,8.02137883771535
12036,8.014777061014978
12037,8.010712291657743
12038,8.009232400473142
12039,8.010256133967065
12040,8.007519047533213
12041,8.003715183200478
12042,8.00668393340199
12043,8.013508057597713
12044,8.019075463438368
12045,8.028574547922101
12046,8.040728364197356
12047,8.040915451183533
12048,8.04276391484849
12049,8.036598770043927
12050,8.033349523657659
12051,8.038092791904848
12052,8.044869434427586
12053,8.051977845134992
12054,8.051317748718255
12055,8.046718369703594
12056,8.048376524969333
12057,8.053446975363986
12058,8.045995543948104
12059,8.051877400374662
12060,8.046166409660241
12061,8.036012050363244
12062,8.032053551608449
12063,8.033133593016526
12064,8.031271323402727
12065,8.034177138965998
12066,8.03553540136675
12067,8.032747484980636
12068,8.03356522000273
12069,8.036340837527753
12070,8.03623540614951
12071,8.034817975726407
12072,8.026653947286649
12073,8.023848407443868
12074,8.022058768066708
12075,8.01163958410275
12076,8.012394611402051
12077,8.011307872497161
12078,8.015777116903026
12079,8.017478412781882
12080,8.014893349336763
12081,8.016878091592963
12082,8.019196522629095
12083,8.019271039659523
12084,8.017252288823926
12085,8.01926323328783
12086,8.010606752054851
12087,8.01973896941838
12088,8.021371157075897
12089,8.019767600619746
12090,8.027222195447202
12091,8.025458480966698
12092,8.020160967130593
12093,8.021763438544388
12094,8.010981764928271
12095,8.009861574455975
12096,8.001804740631263
12097,8.002551078483732
12098,8.001032363038124
12099,8.009840899098348
12100,8.014241819813805
12101,8.027197628170216
12102,8.02766037163122
12103,8.01696030923609
12104,8.018254009561419
12105,8.022679975442257
12106,8.023818485272455
12107,8.024630373168227
12108,8.028091878184119
12109,8.02834006666608
12110,8.027685890443816
12111,8.037473218606245
12112,8.033504756319214
12113,8.032491109486395
12114,8.027551489631067
12115,8.024784877545587
12116,8.01900756298766
12117,8.015830851933886
12118,8.015138523816075
12119,8.012836100898934
12120,8.013099511388967
12121,8.01469653508509
12122,8.012095153089895
12123,8.017328423663617
12124,8.01463854156342
12125,8.012978807769251
12126,8.015747850124324
12127,8.005436006900648
12128,8.009275723700842
12129,8.005517731388327
12130,8.001566018359009
12131,7.988428571117168
12132,7.992299029861327
12133,7.989634055517951
12134,7.990156740692529
12135,7.996589312676862
12136,8.004256925235458
12137,7.99563012206517
12138,7.997392903688556
12139,7.993251024088832
12140,7.989779821217936
12141,7.982606967382076
12142,7.972916866941337
12143,7.975796710760037
12144,7.978643247954272
12145,7.975413062361413
12146,7.978769518268105
12147,7.977585349196065
12148,7.9796729631520735
12149,7.982522943021981
12150,7.994409838559478
12151,7.987579631808185
12152,7.988179760494499
12153,7.996239135545077
12154,7.992594717815009
12155,7.993202252599762
12156,7.996830388130875
12157,7.9975332590919335
12158,8.00883705150697
12159,8.00364284510548
12160,8.013570342504124
12161,8.018641281917821
12162,8.029449985370785
12163,8.023867874521008
12164,8.02817218663454
12165,8.026976084306925
12166,8.025438720600828
12167,8.019296901481644
12168,8.019095361907734
12169,8.023645091406111
12170,8.023354884033402
12171,8.02407541336627
12172,8.020971790183166
12173,8.025596862167038
12174,8.02715817758956
12175,8.033723627858986
12176,8.041453967453847
12177,8.048316251565998
12178,8.0471009076805
12179,8.046343432808527
12180,8.048670017800431
12181,8.045931003952504
12182,8.044494627490842
12183,8.051581185391788
12184,8.055793036035322
12185,8.062228515542706
12186,8.063895704687111
12187,8.052701089122934
12188,8.053545918864774
12189,8.058069484746758
12190,8.054210937790424
12191,8.05416471831527
12192,8.053838887897605
12193,8.046923089205853
12194,8.048397942707352
12195,8.037911044275035
12196,8.040009706898926
12197,8.045188354376704
12198,8.040472372263968
12199,8.045444337179616
12200,8.035971999924074
12201,8.041097128140253
12202,8.059129007809744
12203,8.060243104035473
12204,8.058138818551987
12205,8.071553102610581
12206,8.059840518138843
12207,8.045146885715472
12208,8.050388355379804
12209,8.047809753472336
12210,8.035765652333112
12211,8.04085148670629
12212,8.031788692004485
12213,8.033731211639912
12214,8.036821026827544
12215,8.036336301500741
12216,8.030304275445735
12217,8.035255142873932
12218,8.030445502232983
12219,8.021949356709353
12220,8.01915501485215
12221,8.025689021608493
12222,8.033325296566751
12223,8.035685775791265
12224,8.039739337092316
12225,8.039393411789844
12226,8.041472135249487
12227,8.037858279622863
12228,8.03420040388072
12229,8.042915006079964
12230,8.034045722075538
12231,8.031550169937844
12232,8.030947026159339
12233,8.029904585314508
12234,8.024634509866763
12235,8.020632693417626
12236,8.016907368386693
12237,8.02337280782172
12238,8.021325036139247
12239,8.018912089876732
12240,8.016947208588505
12241,8.013507637804715
12242,8.021732689950476
12243,8.02437798136098
12244,8.019813197350869
12245,8.023775160334674
12246,8.024242609870493
12247,8.029032026592848
12248,8.023833152702256
12249,8.0269576018407
12250,8.041944148839203
12251,8.043153060460375
12252,8.038822143936773
12253,8.042257603335992
12254,8.041506268775365
12255,8.039967933662675
12256,8.044142315187297
12257,8.045032521528507
12258,8.051821155864774
12259,8.057489328681172
12260,8.058849573898023
12261,8.05222088668687
12262,8.046367645591165
12263,8.061916034567664
12264,8.05870682832114
12265,8.061617145130763
12266,8.058935985687116
12267,8.058913837239722
12268,8.061642907835472
12269,8.072265384875118
12270,8.078674465983523
12271,8.071859256973163
12272,8.075591755542433
12273,8.086318593986865
12274,8.089609572115751
12275,8.098651838557851
12276,8.10406965517326
12277,8.114347506418857
12278,8.102285264320058
12279,8.103361208874446
12280,8.095619224687391
12281,8.100909561604755
12282,8.088872828590906
12283,8.079507100329199
12284,8.081694126813098
12285,8.078044539241601
12286,8.06918583888899
12287,8.071696418555511
12288,8.062300130847843
12289,8.071163385260654
12290,8.07385226211411
12291,8.072803261942758
12292,8.06597586640577
12293,8.061562358449335
12294,8.054713933717009
12295,8.06955506859171
12296,8.07149849121298
12297,8.062182836899051
12298,8.067072588247298
12299,8.059392531569737
12300,8.056061740341258
12301,8.056718818746804
12302,8.059919738167842
12303,8.051579987621091
12304,8.057136862692882
12305,8.05393383365731
12306,8.045961969781027
12307,8.045561949009599
12308,8.044945700625815
12309,8.033813369056935
12310,8.030112451573123
12311,8.02394176641945
12312,8.035000422323476
12313,8.036753480447425
12314,8.03609728041545
12315,8.045178881292054
12316,8.050917118526778
12317,8.056800224071887
12318,8.050830247495963
12319,8.04893372459542
12320,8.051371279020398
12321,8.046797313016246
12322,8.041202377247945
12323,8.058800531537008
12324,8.057191011635537
12325,8.054913956209669
12326,8.054524733182223
12327,8.042795222602729
12328,8.041403372269203
12329,8.040553722628527
12330,8.039579634176794
12331,8.041869089091515
12332,8.042873945681508
12333,8.039690121801055
12334,8.039255884771604
12335,8.042476969221543
12336,8.048948838307734
12337,8.044197643543887
12338,8.042762999345518
12339,8.039889274604086
12340,8.039690443970779
12341,8.033647371058743
12342,8.02131074279176
12343,8.021020795010752
12344,8.012256971608974
12345,8.007450801619717
12346,8.022043970447918
12347,8.034083583060115
12348,8.02795625424826
12349,8.032466643439507
12350,8.037014996228756
12351,8.038305790400617
12352,8.04367963501645
12353,8.042022473616056
12354,8.045380494382455
12355,8.052071998777661
12356,8.055659683880899
12357,8.053915562042823
12358,8.056025594270723
12359,8.062757648197959
12360,8.066615035804494
12361,8.065486159054384
12362,8.071854044752037
12363,8.071921127809674
12364,8.077552380434218
12365,8.081107674868656
12366,8.07944572460571
12367,8.08330378261596
12368,8.085851347323805
12369,8.091789355137847
12370,8.096385467793441
12371,8.097116085883165
12372,8.095339513837635
12373,8.097937835818376
12374,8.097561881457882
12375,8.096250636257626
12376,8.088184743413098
12377,8.094176113054603
12378,8.089625819838623
12379,8.101662972478914
12380,8.103104412034716
12381,8.107811005574993
12382,8.110485347786419
12383,8.11157466853446
12384,8.108594213236824
12385,8.113960080490715
12386,8.115271411153845
12387,8.117670523704312
12388,8.114728691622624
12389,8.119576665372913
12390,8.116746659229664
12391,8.120007212602463
12392,8.122221850246925
12393,8.118941521805244
12394,8.124266191495385
12395,8.126120744392304
12396,8.126623621374792
12397,8.128682965336932
12398,8.123639898917562
12399,8.127060400656765
12400,8.121878343024925
12401,8.125617223395775
12402,8.117283949094528
12403,8.114350123772715
12404,8.11627036111387
12405,8.119931145000868
12406,8.121716323996042
12407,8.11846014185397
12408,8.118200380992567
12409,8.116174881122843
12410,8.122376065255697
12411,8.116142034268153
12412,8.118903761706694
12413,8.10923798010374
12414,8.110687321088095
12415,8.111109228499716
12416,8.114666082923941
12417,8.103901825132686
12418,8.100255720724734
12419,8.100522469260316
12420,8.101418590376552
12421,8.099471716111873
12422,8.103798054619649
12423,8.101355092804756
12424,8.10268668606327
12425,8.09912357846007
12426,8.108414099951156
12427,8.10982109816407
12428,8.107184856445965
12429,8.109335201753735
12430,8.111443033114323
12431,8.11386774712906
12432,8.111261815807007
12433,8.112277466875414
12434,8.121625331865303
12435,8.12891565560386
12436,8.129101009181017
12437,8.133290256131724
12438,8.131921473765471
12439,8.126138605193718
12440,8.12557647598643
12441,8.116374223991702
12442,8.114009383923873
12443,8.119749591189768
12444,8.123733357128762
12445,8.123649669551671
12446,8.133089507924018
12447,8.13135628626223
12448,8.130817449919412
12449,8.127982239796875
12450,8.135808653499234
12451,8.138041947379527
12452,8.148368882386103
12453,8.143665582522374
12454,8.146892166074412
12455,8.152370566344574
12456,8.151914872716182
12457,8.156024616909924
12458,8.158753199372448
12459,8.16178260065099
12460,8.152612292093023
12461,8.150722136180024
12462,8.149504508193967
12463,8.147928438839012
12464,8.142757328112422
12465,8.145607615132437
12466,8.138718989820694
12467,8.140508935832804
12468,8.143647686228743
12469,8.141427796079917
12470,8.13996819301339
12471,8.141601957590574
12472,8.154080952812167
12473,8.14652855206224
12474,8.151968575359993
12475,8.156540817594957
12476,8.15666370464105
12477,8.155348285985097
12478,8.145691910171296
12479,8.152883755177813
12480,8.150212941940017
12481,8.156073180518197
12482,8.148179790802068
12483,8.151061186076582
12484,8.156071431974135
12485,8.155682259096054
12486,8.159002918444129
12487,8.152143863343104
12488,8.15538495319276
12489,8.158262263436793
12490,8.150487161827717
12491,8.149270808187536
12492,8.15854203150662
12493,8.158348348999143
12494,8.158165315310113
12495,8.159626531686634
12496,8.159914287542929
12497,8.163502323321302
12498,8.163980297343057
12499,8.163342976886353
12500,8.163160309107408
12501,8.176536355649693
12502,8.1833358427321
12503,8.178524169591153
12504,8.184077830792118
12505,8.179300988998486
12506,8.182461228444375
12507,8.179476948861998
12508,8.179043393930685
12509,8.170961981229377
12510,8.164513585517659
12511,8.161103795001067
12512,8.150534954686869
12513,8.147555652796216
12514,8.152395671083779
12515,8.141767725587457
12516,8.140053470854264
12517,8.136747141671432
12518,8.152987263486173
12519,8.154583077767189
12520,8.15588833068777
12521,8.150851705779191
12522,8.154254956362447
12523,8.156969271189032
12524,8.149242149118008
12525,8.157039256045678
12526,8.154796520654639
12527,8.149021514409817
12528,8.155007585515225
12529,8.150108278861163
12530,8.149841501373642
12531,8.146771120521398
12532,8.152881022376011
12533,8.14741080069491
12534,8.153876607879909
12535,8.145770723887134
12536,8.154601527829639
12537,8.161735657626494
12538,8.158339458613689
12539,8.165012976840792
12540,8.167764789291747
12541,8.170802106887209
12542,8.168138196987227
12543,8.173742588040602
12544,8.166602573462203
12545,8.165149025300698
12546,8.161270224957665
12547,8.171606129275677
12548,8.165149125220099
12549,8.172145746930394
12550,8.177454168255794
12551,8.18677997169751
12552,8.178770541956062
12553,8.182363272371834
12554,8.190611405322171
12555,8.184493438362468
12556,8.181380853219729
12557,8.176316996607316
12558,8.182346304081504
12559,8.18230439628126
12560,8.176401188772005
12561,8.173964150254813
12562,8.183704724746926
12563,8.168041152098036
12564,8.176868409911197
12565,8.177340515731144
12566,8.180030696959449
12567,8.187173904270376
12568,8.188158211725046
12569,8.190297843433832
12570,8.188039733491845
12571,8.18274172050587
12572,8.183484502612485
12573,8.182480876232601
12574,8.187903493515966
12575,8.182534564792743
12576,8.180380077176038
12577,8.182994756695207
12578,8.18155284210375
12579,8.184756597345876
12580,8.186973129447379
12581,8.188720128397673
12582,8.192771421251166
12583,8.197211677716846
12584,8.201364323802949
12585,8.202498547159895
12586,8.187584759470104
12587,8.176881098158841
12588,8.180410398125831
12589,8.177210276958048
12590,8.171141339499478
12591,8.164361655559881
12592,8.163363281046726
12593,8.163586789100624
12594,8.161474856624675
12595,8.152987090391457
12596,8.159398422469515
12597,8.161237713727742
12598,8.163181664460442
12599,8.158289773298229
12600,8.156824019678142
12601,8.164104078034194
12602,8.162476928795316
12603,8.159661911114354
12604,8.15848865582581
12605,8.157097879788425
12606,8.156439208480618
12607,8.149762234020066
12608,8.149703787630802
12609,8.140684846145625
12610,8.14183436911899
12611,8.143880270718872
12612,8.143465548986383
12613,8.139914069730072
12614,8.139181905366701
12615,8.128960629247443
12616,8.1274398298436
12617,8.125194796157547
12618,8.127359813917066
12619,8.120783104835589
12620,8.1217899817958
12621,8.122873848096905
12622,8.129292601420236
12623,8.122289825093079
12624,8.118217618147145
12625,8.115008674038947
12626,8.119015752913056
12627,8.123692473838982
12628,8.121207071602658
12629,8.113392731271956
12630,8.105544790076783
12631,8.098875485865983
12632,8.092776346447142
12633,8.08618069468598
12634,8.086410293830946
12635,8.078255702656548
12636,8.075501074097017
12637,8.073845783924899
12638,8.068964908998373
12639,8.070127982749627
12640,8.073997326207547
12641,8.064818088312077
12642,8.067853180842302
12643,8.074703792000092
12644,8.072712812879374
12645,8.071769162981537
12646,8.067815402367863
12647,8.075176317738697
12648,8.080057627621148
12649,8.078873273080227
12650,8.071590681803611
12651,8.075442865675626
12652,8.071377199512993
12653,8.072233159539383
12654,8.071332142874589
12655,8.060832032484347
12656,8.044061896209424
12657,8.045512160159497
12658,8.052872274569252
12659,8.049095738500668
12660,8.047405168112089
12661,8.043711547256844
12662,8.04044071261986
12663,8.046105100873651
12664,8.04319566809412
12665,8.041901908332994
12666,8.032875364192028
12667,8.030701119259788
12668,8.024040557897639
12669,8.023268695443942
12670,8.020518229454867
12671,8.015457783345237
12672,8.018221385625584
12673,8.019848923631917
12674,8.017744448205857
12675,8.020205485805713
12676,8.028490004920839
12677,8.023060812584246
12678,8.025358881725216
12679,8.031644775939007
12680,8.042614016121952
12681,8.050297169913332
12682,8.049615043386108
12683,8.053665402151696
12684,8.05733117331082
12685,8.052500128922402
12686,8.04496667873769
12687,8.049895816082296
12688,8.052734322257853
12689,8.059879043914869
12690,8.053524531106437
12691,8.04532733976025
12692,8.042321467142562
12693,8.043650341680666
12694,8.049337484965907
12695,8.052737013235275
12696,8.049454854713874
12697,8.035090899262798
12698,8.032115832782877
12699,8.034480318821947
12700,8.044820378955533
12701,8.041528567357348
12702,8.0436696441407
12703,8.04144953263634
12704,8.041475270235587
12705,8.036923630027934
12706,8.043072017739307
12707,8.043800114795918
12708,8.04570339393265
12709,8.045743416961653
12710,8.042451058265117
12711,8.043466936613175
12712,8.03891054456131
12713,8.046937473645654
12714,8.049986684528793
12715,8.051133209782256
12716,8.037193411224177
12717,8.032896535975944
12718,8.05036651371606
12719,8.044150181956372
12720,8.049137782918862
12721,8.055811372448824
12722,8.04756444290933
12723,8.049914678487186
12724,8.049663937957533
12725,8.046728486470775
12726,8.050197352807686
12727,8.050571494002943
12728,8.047815030342376
12729,8.046162703033882
12730,8.05067934553582
12731,8.053511704905828
12732,8.048489607059505
12733,8.044987675179142
12734,8.048846652480709
12735,8.044211397436964
12736,8.039923564965799
12737,8.035358143227343
12738,8.025005475483612
12739,8.020357069713155
12740,8.018038033268493
12741,8.010357533546651
12742,8.012746753493634
12743,8.005458259947098
12744,7.998614178656177
12745,7.9987567574324965
12746,8.002581085699454
12747,8.004399885041718
12748,8.009935246180422
12749,8.003004277355567
12750,8.002467768518907
12751,8.009655544829581
12752,8.011164205557957
12753,8.013821407283688
12754,8.013046954488207
12755,8.017998715740955
12756,8.019363618511328
12757,8.025824112345777
12758,8.016850016160653
12759,8.014563435946846
12760,8.02250828139674
12761,8.027857113595667
12762,8.023920660332369
12763,8.020638820131555
12764,8.023169202907923
12765,8.019044156038353
12766,8.023701969472716
12767,8.023974927555404
12768,8.024367320915877
12769,8.021577990722777
12770,8.016213613537861
12771,8.018180398866702
12772,8.012475274664315
12773,8.015533685279133
12774,8.024432388460593
12775,8.023498313747245
12776,8.011361109497248
12777,8.010155732012443
12778,8.028146650561219
12779,8.02741577370714
12780,8.035532845385525
12781,8.041530526781505
12782,8.049428438171095
12783,8.043962240936072
12784,8.044156783738034
12785,8.05391021419619
12786,8.062043289509694
12787,8.044650925121339
12788,8.05550046812757
12789,8.055831915474824
12790,8.055055836071569
12791,8.05543279240146
12792,8.056599976464362
12793,8.056359388104813
12794,8.062160296062313
12795,8.07159351580916
12796,8.06248769605586
12797,8.070438156853644
12798,8.059868683098326
12799,8.052789573645775
12800,8.060443613735035
12801,8.06326644853709
12802,8.055609118496088
12803,8.05928246384718
12804,8.055788417080608
12805,8.047882117532634
12806,8.042700564336336
12807,8.04112089301239
12808,8.033273498648374
12809,8.03644947233851
12810,8.04470139996866
12811,8.049231993797198
12812,8.044741250620854
12813,8.047580361595136
12814,8.046006435841482
12815,8.049896842877233
12816,8.048490383838676
12817,8.050251422719603
12818,8.052258826783726
12819,8.040261129519267
12820,8.046465689867537
12821,8.037667463272697
12822,8.047674729773597
12823,8.050910585334114
12824,8.053529466526545
12825,8.053801205297734
12826,8.060976964264407
12827,8.055406908346253
12828,8.054004973382794
12829,8.04129056655744
12830,8.045066509090967
12831,8.04042360798525
12832,8.034398398965326
12833,8.030704795757726
12834,8.033839955095997
12835,8.038946901633302
12836,8.028221565153238
12837,8.02791368843455
12838,8.027081048409729
12839,8.021398875259116
12840,8.013921401718358
12841,8.011803922072861
12842,8.00674575214733
12843,8.009549192683583
12844,8.013274050790576
12845,8.019850896476141
12846,8.013116530352494
12847,8.015010530313917
12848,8.005987184572916
12849,8.013779336764834
12850,8.005359514987084
12851,8.000635864186567
12852,7.995877586094529
12853,7.999005227250546
12854,7.996573526291622
12855,8.00335212474986
12856,8.006306005471606
12857,8.016449218538414
12858,8.021911041923067
12859,8.012958688336631
12860,8.01231205800746
12861,8.010680636038899
12862,8.0087910496335
12863,8.017879337537103
12864,8.028911923682081
12865,8.028631888060486
12866,8.024480510973165
12867,8.02643365345895
12868,8.023571404861022
12869,8.01591118152687
12870,8.017128258099572
12871,8.024542012366915
12872,8.027451925421353
12873,8.027534591227868
12874,8.023718860365884
12875,8.034305007919635
12876,8.033254922203668
12877,8.032240785690993
12878,8.031625128597977
12879,8.02911411247793
12880,8.024205417323389
12881,8.026650120795997
12882,8.030560934451918
12883,8.024010648944857
12884,8.028141643721858
12885,8.039524993830039
12886,8.04545116248761
12887,8.03736929742794
12888,8.028142401383871
12889,8.024742520886724
12890,8.025783314049814
12891,8.02499412895115
12892,8.020226861932699
12893,8.022466957962736
12894,8.022552892227527
12895,8.027841915990606
12896,8.032338109039745
12897,8.036032533730266
12898,8.031327945331604
12899,8.028193638693585
12900,8.021287761999202
12901,8.026111780445142
12902,8.028242279330861
12903,8.022903204805813
12904,8.01254918449433
12905,8.015050293030194
12906,8.016865413264066
12907,8.029681886829247
12908,8.03523016726003
12909,8.034116023219834
12910,8.043240998373323
12911,8.041550426192698
12912,8.046826790252842
12913,8.045962610463171
12914,8.041069137621372
12915,8.042831053422363
12916,8.031304468277648
12917,8.031929980482861
12918,8.034682044485548
12919,8.032529015537014
12920,8.025697861960232
12921,8.0252571927223
12922,8.016896249030264
12923,8.006940251686428
12924,8.007853634947088
12925,8.007265351751235
12926,8.011512096820512
12927,8.020042467325839
12928,8.013834291924944
12929,8.015892603007256
12930,8.022242184673365
12931,8.026702666726207
12932,8.021102177793487
12933,8.017776432705245
12934,8.013160786043965
12935,8.003839397954115
12936,8.008276344329548
12937,8.007001670648256
12938,8.000729952517254
12939,7.996086089055556
12940,7.9841818494810655
12941,7.97848936838958
12942,7.975842073051031
12943,7.980542580291378
12944,7.980330913543173
12945,7.979013598406433
12946,7.976424395577364
12947,7.971821859970239
12948,7.970550609766547
12949,7.96673542950158
12950,7.970675006003273
12951,7.9718406508482325
12952,7.964658838926022
12953,7.966749497192458
12954,7.96190786415897
12955,7.959955871866429
12956,7.97108263686405
12957,7.974681876003434
12958,7.978646319241048
12959,7.976511705457804
12960,7.971413833834254
12961,7.96437754923837
12962,7.977819915395658
12963,7.973431897569259
12964,7.96773292841135
12965,7.966679362078753
12966,7.964313353115663
12967,7.966797347905384
12968,7.968003106231763
12969,7.969613120873151
12970,7.969025618652088
12971,7.96893656283412
12972,7.966807274527688
12973,7.968383476706122
12974,7.976408467303088
12975,7.976573997104641
12976,7.978737170006976
12977,7.97618501804724
12978,7.982955646102988
12979,7.98990390136734
12980,7.989695211738921
12981,7.998433685307331
12982,7.997187495657754
12983,7.991059460795571
12984,7.991595294277922
12985,7.985688723935068
12986,7.994244837852356
12987,7.99385367586871
12988,7.988035270941182
12989,7.9914030905354325
12990,7.991640702341219
12991,7.9893740449319415
12992,7.990862621231384
12993,7.984173608624719
12994,7.983373968425963
12995,7.982821739179423
12996,7.983100323896091
12997,7.98443381600072
12998,7.988544690128496
12999,7.985945747341938
13000,7.984201907377661
13001,7.9815495421181355
13002,7.984294137759432
13003,7.981927348782066
13004,7.979480010027146
13005,7.972360493755471
13006,7.975928908868801
13007,7.980416750631993
13008,7.977604182925274
13009,7.983740619145768
13010,7.986206464520278
13011,7.988952338504352
13012,7.988700153868459
13013,7.988136103215546
13014,7.987922893139276
13015,7.9816581769347845
13016,7.98560963850544
13017,7.98084441063014
13018,7.9699031421974
13019,7.96960486910437
13020,7.969042865642683
13021,7.96512850155521
13022,7.955323904095028
13023,7.955319486087731
13024,7.950657131050607
13025,7.936357319740653
13026,7.926943313940596
13027,7.9334237145776125
13028,7.9226834784758955
13029,7.929049745668567
13030,7.932620403794689
13031,7.926781104521827
13032,7.93091651866228
13033,7.936085596916687
13034,7.925584713270648
13035,7.915597645699597
13036,7.92187734211532
13037,7.919201554091196
13038,7.929914996504476
13039,7.935326102607629
13040,7.92776747126696
13041,7.929132225847834
13042,7.930049466379212
13043,7.924578961861553
13044,7.919946489465832
13045,7.916052480128446
13046,7.921341890335924
13047,7.92475035872491
13048,7.932419370591794
13049,7.922386471894653
13050,7.915132118451013
13051,7.910776557337084
13052,7.9023255174280385
13053,7.90009512169697
13054,7.90842019108286
13055,7.911277344484223
13056,7.910137299247923
13057,7.91324820059102
13058,7.920589305585193
13059,7.928210894049611
13060,7.92740638900251
13061,7.939273774028403
13062,7.937292606984083
13063,7.927644550156766
13064,7.928811902915752
13065,7.926361380405146
13066,7.921727765427713
13067,7.9199699250129845
13068,7.921225107903841
13069,7.927344160482035
13070,7.924500436876002
13071,7.9334024232934475
13072,7.933239184223636
13073,7.931507448976086
13074,7.930809448101649
13075,7.939062972114156
13076,7.945197921966914
13077,7.93782852160415
13078,7.93309069184696
13079,7.938618092048147
13080,7.944011279697633
13081,7.939572392726933
13082,7.942770951418465
13083,7.942010182466749
13084,7.944664760068081
13085,7.934926511608622
13086,7.948260118887645
13087,7.947514881520764
13088,7.957238729253116
13089,7.96029712025142
13090,7.96310576681161
13091,7.969580522728221
13092,7.9713573459774505
13093,7.969869988690205
13094,7.973841357037145
13095,7.978690018561202
13096,7.97369395949843
13097,7.9619213197687
13098,7.964231075678474
13099,7.967925071109236
13100,7.969012390328121
13101,7.958963062401639
13102,7.96384018024211
13103,7.9618680150401415
13104,7.961558001680957
13105,7.9677090614920845
13106,7.975363468398997
13107,7.972346568587933
13108,7.970246650357337
13109,7.971438558815256
13110,7.965011131837399
13111,7.963890884547957
13112,7.96889863935766
13113,7.968790215130142
13114,7.966368001713892
13115,7.960088470817703
13116,7.968123663160687
13117,7.971710787849705
13118,7.9818594179203295
13119,7.989081215686326
13120,7.983819064739189
13121,7.9831027511581985
13122,7.973860889410974
13123,7.980184427879082
13124,7.973959589702223
13125,7.960078473255976
13126,7.9599550307746245
13127,7.960904159601555
13128,7.971975344484575
13129,7.976193107651099
13130,7.984537390674779
13131,7.9824449934356645
13132,7.9776294360328865
13133,7.970685878468429
13134,7.9819430495659
13135,7.986502831098806
13136,7.991686747564359
13137,7.991015475430364
13138,7.9874865478240284
13139,8.00061020718058
13140,8.006497377883179
13141,8.004541657097764
13142,8.000348256120882
13143,8.000967647956456
13144,8.009281717464775
13145,8.009716800616228
13146,8.009719910900706
13147,8.001690201114439
13148,8.004628030764776
13149,7.999167281536034
13150,7.994048174653796
13151,7.993393998521568
13152,7.9887559031764095
13153,7.997196199678243
13154,7.99385815711
13155,7.986830153948396
13156,7.99249476941989
13157,7.986617273066389
13158,7.978149672102727
13159,7.982647788299045
13160,7.98045628040976
13161,7.974640999786313
13162,7.9722379718649155
13163,7.971434816453342
13164,7.965945815348068
13165,7.9778526676269355
13166,7.974059335092295
13167,7.962083402069338
13168,7.964052778394412
13169,7.96330551920613
13170,7.949960840249428
13171,7.944152016375893
13172,7.950853088906409
13173,7.9490260179369665
13174,7.9499817112736055
13175,7.9474587639301175
13176,7.9478511336968305
13177,7.9497705231264755
13178,7.958679308620465
13179,7.961744158917442
13180,7.969081243220317
13181,7.980878271498995
13182,7.983307025267367
13183,7.977812909432686
13184,7.974945588802195
13185,7.9722786369473635
13186,7.972911352995969
13187,7.98308897979164
13188,7.985322820358814
13189,7.979594739596974
13190,7.9724349980504465
13191,7.9759564578442115
13192,7.988809108843094
13193,7.9855700211155005
13194,7.991159716499719
13195,7.988332618838763
13196,7.983405475797901
13197,7.984193305985773
13198,7.970766257190471
13199,7.9667687401598135
13200,7.96863619660714
13201,7.964651130662562
13202,7.9564274334137135
13203,7.949826119958386
13204,7.953757030599946
13205,7.95756115052025
13206,7.954910127710084
13207,7.948848881769132
13208,7.944397758264348
13209,7.940098524243316
13210,7.937220258008682
13211,7.9365707386043995
13212,7.933958852746352
13213,7.929824549299291
13214,7.917782955593231
13215,7.91619052036442
13216,7.9159299581368945
13217,7.915616943149002
13218,7.915461514651964
13219,7.91637525101287
13220,7.913241355780398
13221,7.904554801759122
13222,7.903639407127252
13223,7.912531755570275
13224,7.921337344426557
13225,7.923248731754569
13226,7.919915183359464
13227,7.926241467432684
13228,7.924706584196345
13229,7.9307149997230555
13230,7.930706390253181
13231,7.939109661218632
13232,7.943048028510495
13233,7.954526676398285
13234,7.946315885437315
13235,7.941642037254457
13236,7.951951178185236
13237,7.948361453840775
13238,7.943741633413247
13239,7.939913537354448
13240,7.940015103669582
13241,7.942180457765342
13242,7.951629911247948
13243,7.9577289077143805
13244,7.954770579386113
13245,7.96036971246564
13246,7.955125269153849
13247,7.9459913312563
13248,7.951919127613752
13249,7.946328915078177
13250,7.945578289186703
13251,7.943244830300234
13252,7.94543788495138
13253,7.947161527450067
13254,7.932908324871423
13255,7.947986179739198
13256,7.940886654501432
13257,7.947303948497363
13258,7.945316505649647
13259,7.941403254136387
13260,7.936661799831826
13261,7.932547413993052
13262,7.940574039466119
13263,7.9442958329842694
13264,7.955197344318416
13265,7.967330069906301
13266,7.966136444746499
13267,7.975425979479387
13268,7.982365317927812
13269,7.969890620642274
13270,7.97078248720289
13271,7.969244714834018
13272,7.965558731592842
13273,7.959438801246953
13274,7.962975441840902
13275,7.966152132463537
13276,7.972139251003305
13277,7.968215627418892
13278,7.962262418629104
13279,7.960979293482264
13280,7.972810765759158
13281,7.982031009356122
13282,7.977830074594482
13283,7.986692545615282
13284,7.987804327116149
13285,7.985856096617727
13286,7.987675141410222
13287,7.976996788964135
13288,7.966344630217268
13289,7.976174765735108
13290,7.982511260659532
13291,7.980153963519385
13292,7.987213611641079
13293,7.987102277233759
13294,7.98095799909875
13295,7.9770793125986
13296,7.979592791079824
13297,7.974383149201012
13298,7.963290428506842
13299,7.959090681233123
13300,7.957502628918445
13301,7.946377208020965
13302,7.944263182161405
13303,7.949770188594788
13304,7.940270716476396
13305,7.937000315824008
13306,7.9346504651521705
13307,7.937243420394646
13308,7.93600582701925
13309,7.943149318566623
13310,7.940007731355807
13311,7.93777510248651
13312,7.937773652062986
13313,7.945077316452787
13314,7.945014982524133
13315,7.931266247466526
13316,7.931292285229598
13317,7.9375773345183624
13318,7.943133075243542
13319,7.940741370980614
13320,7.943005317123651
13321,7.9448974720380185
13322,7.945068605346322
13323,7.94069494336355
13324,7.9280881539039685
13325,7.928437470422861
13326,7.926281084499568
13327,7.930457860260565
13328,7.925289679804795
13329,7.927060120721452
13330,7.931108475949928
13331,7.924286422765824
13332,7.928508772827361
13333,7.927869456760352
13334,7.9261491242582585
13335,7.920486498986284
13336,7.928091533062737
13337,7.93354958073363
13338,7.924074623188273
13339,7.9291614142161535
13340,7.923698252968409
13341,7.929489002256623
13342,7.923658841911091
13343,7.923253499282348
13344,7.916554621639203
13345,7.916880011399864
13346,7.909179221811201
13347,7.905464895352726
13348,7.9084844240539995
13349,7.927652623225246
13350,7.933326287231014
13351,7.936283783553991
13352,7.931070758629475
13353,7.937661370920258
13354,7.9461444675683435
13355,7.942695448308308
13356,7.93811953968587
13357,7.934185912123865
13358,7.927269500013066
13359,7.920896282735168
13360,7.931404693347137
13361,7.9338553533930725
13362,7.9402551798259084
13363,7.9437238815186
13364,7.944611983535331
13365,7.955594190533323
13366,7.952346670881765
13367,7.9510275991585475
13368,7.939700155146989
13369,7.94253523243436
13370,7.937735860717413
13371,7.935516439559714
13372,7.943007536592929
13373,7.9396476090354895
13374,7.922323925254791
13375,7.923849734338808
13376,7.915080507218017
13377,7.9088230835494135
13378,7.912934673149176
13379,7.902424162054918
13380,7.900823880077245
13381,7.898214963911813
13382,7.89835776548628
13383,7.901876089878422
13384,7.904137930773405
13385,7.903542209017384
13386,7.9067008734358915
13387,7.902385346362436
13388,7.9004305754890565
13389,7.912967154074523
13390,7.912286092572335
13391,7.922685547487805
13392,7.925862217400158
13393,7.913045270068193
13394,7.912423708357463
13395,7.91704124482961
13396,7.915686449264708
13397,7.9214529155879365
13398,7.928564373668833
13399,7.921895553384553
13400,7.9216197125750005
13401,7.926500256265909
13402,7.931619693523042
13403,7.941826471546355
13404,7.942152006661096
13405,7.939367115681478
13406,7.947422485223429
13407,7.954904595384557
13408,7.952584049041741
13409,7.949296808997786
13410,7.96432067799378
13411,7.972287922648888
13412,7.978436740970144
13413,7.9738835410784406
13414,7.969408376020758
13415,7.961746819288501
13416,7.961598588828843
13417,7.967587462543554
13418,7.968701605667486
13419,7.972731664458709
13420,7.978122799995865
13421,7.964349842749966
13422,7.9639355489688874
13423,7.967657175988647
13424,7.964031693399885
13425,7.973586094591296
13426,7.97123717396603
13427,7.961688161079092
13428,7.958107134350315
13429,7.968672948837821
13430,7.975281768098487
13431,7.97298599141997
13432,7.963098938031033
13433,7.9550597808189805
13434,7.954302114983074
13435,7.950423217699812
13436,7.948923884963595
13437,7.94115479382636
13438,7.94858945582582
13439,7.96565874152628
13440,7.96233546300852
13441,7.9722587476790325
13442,7.976283112622569
13443,7.983483558748647
13444,7.979448068025913
13445,7.97467909293006
13446,7.9731133619609
13447,7.973312853041299
13448,7.974302878544129
13449,7.973764982572131
13450,7.978314598417239
13451,7.983317135912985
13452,7.991952330726203
13453,8.004554259660958
13454,7.999522390329629
13455,7.99307891948421
13456,7.994937128287349
13457,7.999606866696568
13458,7.996561544311901
13459,7.993561750770341
13460,7.990630519580307
13461,7.9890462047301884
13462,7.984210671059335
13463,7.9957539339535275
13464,7.988171367056163
13465,7.992396742154859
13466,7.993921487242032
13467,7.990854087800538
13468,7.9894236323648435
13469,7.9862969097848096
13470,7.982973373719299
13471,7.981430884372265
13472,7.972227578055746
13473,7.959772501540593
13474,7.967813901075589
13475,7.965847587776313
13476,7.949057892138867
13477,7.946649219537002
13478,7.947120200071543
13479,7.95342056669635
13480,7.952405169921417
13481,7.950330914098051
13482,7.950734153299619
13483,7.9453447765139265
13484,7.951597113607295
13485,7.957965169821377
13486,7.961528961824949
13487,7.970710860154209
13488,7.968160327878645
13489,7.97072091913901
13490,7.9697217807945995
13491,7.962011204689586
13492,7.966741780696885
13493,7.970276047487128
13494,7.978931762004502
13495,7.968505203948794
13496,7.976486481910979
13497,7.977550812610372
13498,7.977931678391736
13499,7.985003665850764
13500,7.979258241104211
13501,7.98056452620855
13502,7.97115700596294
13503,7.968215627563466
13504,7.964093558196189
13505,7.96586545573706
13506,7.975302588685769
13507,7.969181050959226
13508,7.96635402659076
13509,7.974749640203767
13510,7.973249373509763
13511,7.979592604479782
13512,7.981946974100467
13513,7.979426885707639
13514,7.972399008875795
13515,7.968954729638584
13516,7.962855288162427
13517,7.969110629315103
13518,7.961220772639352
13519,7.963546229788679
13520,7.955143674301129
13521,7.951434245830976
13522,7.9559796163308345
13523,7.955846143937508
13524,7.954495446544372
13525,7.9624944413988805
13526,7.961844358439586
13527,7.968150898827011
13528,7.974309394408381
13529,7.961661839292679
13530,7.954582519460729
13531,7.965502830089821
13532,7.970824133380604
13533,7.971121871456085
13534,7.970994558709452
13535,7.972208723087466
13536,7.973632639745937
13537,7.977152107111056
13538,7.98468851087357
13539,7.984175902202311
13540,7.977742054136472
13541,7.981723549542292
13542,7.983323570097622
13543,7.9802601076026605
13544,7.985894997096548
13545,7.995023521382733
13546,7.99374391599876
13547,7.989187950385638
13548,7.988308811148745
13549,7.982003155629814
13550,7.991999253872071
13551,7.987490337525726
13552,7.991267517676769
13553,7.991566343702083
13554,7.991698794504476
13555,7.990882093470352
13556,7.9933491950463615
13557,7.988891919195336
13558,7.979805645364277
13559,7.973613184942053
13560,7.968471073591222
13561,7.9684035448003145
13562,7.977373670259268
13563,7.988610675247269
13564,7.988389948943161
13565,7.990816071241201
13566,7.990865667436735
13567,7.993396924335544
13568,8.003638111734306
13569,7.999883915989457
13570,8.001072710497896
13571,8.009807098071155
13572,8.010537248051783
13573,8.007110379694598
13574,8.002911469498958
13575,8.012555919733126
13576,8.0063207395942
13577,8.004033835597927
13578,8.00311516688227
13579,8.002445360080229
13580,8.006428741965271
13581,8.013080130182216
13582,8.006784099594643
13583,8.000522698227105
13584,8.001733074214659
13585,7.994306491057646
13586,7.992556260622724
13587,7.9937275265316465
13588,7.998969621255211
13589,7.991011863456465
13590,7.9880216191603335
13591,7.994132418854812
13592,7.998555294916063
13593,7.9969873122915756
13594,7.992101363092943
13595,7.997893942361903
13596,7.999430720419766
13597,8.008355171584363
13598,8.007057351752005
13599,8.009328551120257
13600,8.001277810897076
13601,8.006279092142453
13602,8.009243808804866
13603,7.997494490553404
13604,8.004794421431196
13605,8.001886610024435
13606,8.010589159470793
13607,8.01285353538803
13608,8.011547124334292
13609,8.01466493458536
13610,8.012090191552938
13611,8.018760396058918
13612,8.022230590982009
13613,8.035533231719699
13614,8.04082182185568
13615,8.025343353541285
13616,8.03547521364145
13617,8.039168059460675
13618,8.036926928768185
13619,8.04020120859785
13620,8.037944384581708
13621,8.041034442880617
13622,8.042868116442914
13623,8.041047969458642
13624,8.029057411140917
13625,8.021888464568333
13626,8.026648583964645
13627,8.024279431236904
13628,8.029626750371525
13629,8.0274547439237
13630,8.025666408374331
13631,8.018377652316932
13632,8.015622922877956
13633,8.01327863967481
13634,8.006278135023788
13635,8.008275383367502
13636,8.005193042213463
13637,8.000476302114443
13638,7.995376837263086
13639,8.002894415439776
13640,8.003275552500071
13641,8.001759537031997
13642,8.000587562790228
13643,7.99472272332944
13644,7.992397183711655
13645,7.985439603478836
13646,7.985295454985844
13647,7.9788600513699315
13648,7.98103060664849
13649,7.978431596495843
13650,7.972209778150453
13651,7.970777011448667
13652,7.961095306269488
13653,7.9623531323974595
13654,7.968626251335027
13655,7.972764216380671
13656,7.970076695986789
13657,7.966992166811739
13658,7.968930685855026
13659,7.9628384509022
13660,7.959745381667404
13661,7.968839810059085
13662,7.966894458127512
13663,7.963060086712239
13664,7.9695641139835365
13665,7.962462318938094
13666,7.963657920626327
13667,7.980551317586821
13668,7.98103486246082
13669,7.97515714094309
13670,7.980428001180654
13671,7.981815955314432
13672,7.984866761414319
13673,7.983116661713157
13674,7.97933272033819
13675,7.983656370623097
13676,7.9903002587305645
13677,7.990285683411458
13678,7.9906819175154995
13679,7.97617157263662
13680,7.985852020100705
13681,7.979488951315138
13682,7.98402845425861
13683,7.989158667251676
13684,7.988221599412936
13685,7.986067775634437
13686,7.987531480160943
13687,7.991335089426287
13688,7.994197214833614
13689,7.991787804799267
13690,7.982899183665802
13691,7.972926296947915
13692,7.966693989408813
13693,7.960603174404171
13694,7.9709738341621055
13695,7.978024673324995
13696,7.9740800893264305
13697,7.97400050940345
13698,7.982980884357711
13699,7.978170205553578
13700,7.987333865945144
13701,7.9872118339060485
13702,7.9887184912971865
13703,7.981459559531955
13704,7.982687370560682
13705,7.977269370944886
13706,7.965601757099469
13707,7.973480055989546
13708,7.9714534190334225
13709,7.9691049606946915
13710,7.983254956771274
13711,7.976937370495516
13712,7.985550949296462
13713,7.992902156302213
13714,7.989627522993956
13715,7.9938790510287445
13716,8.008369361500026
13717,8.006179474389283
13718,7.999092197875099
13719,8.007061697099921
13720,8.003862682275097
13721,7.997532278637421
13722,7.997252891919805
13723,8.00641444731439
13724,8.006045398148844
13725,7.999267130984941
13726,7.993960187796694
13727,7.995215218598697
13728,7.9968441074971155
13729,7.993234519086503
13730,7.995464251076358
13731,7.999229737876234
13732,7.9929492275725105
13733,7.984468007915614
13734,7.974179965350318
13735,7.976494708615816
13736,7.976455378827558
13737,7.9717981217268585
13738,7.975845143645403
13739,7.965789295268177
13740,7.971474947503653
13741,7.97350472514637
13742,7.979907204115546
13743,7.976558127559676
13744,7.978534448607214
13745,7.974611120125908
13746,7.968188171464373
13747,7.975305646120949
13748,7.970457703559296
13749,7.965985036760847
13750,7.959809871627815
13751,7.95999583983951
13752,7.955454777016089
13753,7.956628170855936
13754,7.9529731395655325
13755,7.955289742695892
13756,7.950832376162478
13757,7.94258425538131
13758,7.951702189548203
13759,7.946986026146711
13760,7.945733249219826
13761,7.9414103968608325
13762,7.942838450883271
13763,7.937834214049293
13764,7.93566058359484
13765,7.937288513794122
13766,7.92797066520777
13767,7.924851854982123
13768,7.92452917305555
13769,7.935748231767336
13770,7.945934302954461
13771,7.945816491766355
13772,7.944319536975656
13773,7.936054469600375
13774,7.937366370319997
13775,7.943274147231244
13776,7.94742948740774
13777,7.946071377865084
13778,7.943539501425297
13779,7.949504595661369
13780,7.947568568316189
13781,7.9446093968568645
13782,7.941469502702727
13783,7.9410804916236915
13784,7.937601613998724
13785,7.933788660697645
13786,7.935126214446603
13787,7.943290687974969
13788,7.9466166831755904
13789,7.950210116959392
13790,7.946460203006887
13791,7.949030147407986
13792,7.948521249633199
13793,7.943529016872785
13794,7.9354729685185195
13795,7.937738232531411
13796,7.938765408360447
13797,7.940908288026859
13798,7.947660157775503
13799,7.963386299590635
13800,7.964599177709643
13801,7.967457748702768
13802,7.958631974495548
13803,7.955669307503464
13804,7.96401503943107
13805,7.962303184493391
13806,7.959863528084406
13807,7.955956308310663
13808,7.94710994075724
13809,7.946416198993481
13810,7.942611108376709
13811,7.94221530231667
13812,7.935580701323229
13813,7.941790165703604
13814,7.948599883158666
13815,7.937960644533968
13816,7.93855372944901
13817,7.939395278000726
13818,7.94318955840043
13819,7.9452415132157075
13820,7.946832593334663
13821,7.941632718226424
13822,7.938241399003548
13823,7.935644519145815
13824,7.93802122262167
13825,7.940366208444938
13826,7.9426986378894835
13827,7.943504138634725
13828,7.936579495422593
13829,7.925734420786996
13830,7.923772823924339
13831,7.9190447600124125
13832,7.9160185169725175
13833,7.904960181607537
13834,7.91077241655728
13835,7.911133469896118
13836,7.912863908333379
13837,7.906365210197924
13838,7.910817692958019
13839,7.906150809085348
13840,7.900928279807084
13841,7.895846658485365
13842,7.885524893820763
13843,7.8935493481760535
13844,7.891078728349687
13845,7.886073629045045
13846,7.876990161229988
13847,7.874866526050086
13848,7.879510169268454
13849,7.87895786786311
13850,7.881888525919152
13851,7.883621982153339
13852,7.889922825582731
13853,7.883255438536892
13854,7.887447386559085
13855,7.89887726627354
13856,7.892588727869145
13857,7.895906474827711
13858,7.89147588263993
13859,7.886273801224409
13860,7.890047570393923
13861,7.888660430818377
13862,7.888096731776871
13863,7.889255454154837
13864,7.900494337493702
13865,7.908511212458106
13866,7.897519160044697
13867,7.901433074872526
13868,7.895872099694314
13869,7.884552167433579
13870,7.8841899188566344
13871,7.882476934003578
13872,7.877692837810912
13873,7.882211000838214
13874,7.887987675385107
13875,7.877838348598851
13876,7.880964149461065
13877,7.882477754766396
13878,7.890703668159284
13879,7.884717627517147
13880,7.888904687837201
13881,7.885771402544569
13882,7.885118703809658
13883,7.879578704391625
13884,7.876103329800227
13885,7.878196141139166
13886,7.871153174303664
13887,7.870632489385243
13888,7.871470279392546
13889,7.865466079354558
13890,7.867392410681235
13891,7.865257099382367
13892,7.86705309438763
13893,7.868178839071798
13894,7.858607272685816
13895,7.865461449152416
13896,7.872052697409974
13897,7.875386640870586
13898,7.8772023202792045
13899,7.87912929832441
13900,7.874795627648644
13901,7.876717762074388
13902,7.880721688335488
13903,7.8895287721255265
13904,7.888078703905887
13905,7.891881214020409
13906,7.896692892251235
13907,7.88367737409728
13908,7.886683635047623
13909,7.890205726477079
13910,7.879987275545537
13911,7.8694367507011345
13912,7.867230502092635
13913,7.867275072686221
13914,7.871947488977019
13915,7.873977426152692
13916,7.869052803153453
13917,7.878159019526072
13918,7.875816464408686
13919,7.878547315622568
13920,7.867563433129612
13921,7.861822327936508
13922,7.858498013630414
13923,7.852580133036974
13924,7.8496338139877215
13925,7.854724182122843
13926,7.850123757107974
13927,7.856883089535226
13928,7.84610526606505
13929,7.8537279688654245
13930,7.854733609703049
13931,7.851737591768932
13932,7.855583945264913
13933,7.846213323313874
13934,7.8556585873583735
13935,7.853120930937703
13936,7.852231043522903
13937,7.854548732155609
13938,7.845115059772099
13939,7.861053521964926
13940,7.859916396256188
13941,7.854630696836207
13942,7.8568065376831315
13943,7.848178593061599
13944,7.851720325662684
13945,7.85932653197436
13946,7.864867594186596
13947,7.851064876213934
13948,7.854112010428125
13949,7.861829152758961
13950,7.848416821204646
13951,7.843923203605598
13952,7.837600981114126
13953,7.839178641333238
13954,7.842240702732912
13955,7.836506006060262
13956,7.822975610681892
13957,7.8208088153521
13958,7.83194668055415
13959,7.818708444885482
13960,7.8238542791943795
13961,7.830948348446408
13962,7.824986405834576
13963,7.827285201857946
13964,7.822025745117017
13965,7.824899830653139
13966,7.825358280046439
13967,7.819189968945946
13968,7.814202410642865
13969,7.823604848133714
13970,7.828314284351222
13971,7.832434734372915
13972,7.836663331148495
13973,7.843462514494862
13974,7.856145877887353
13975,7.860096804800397
13976,7.859448297447248
13977,7.8731716438704025
13978,7.869795899128566
13979,7.872809511646234
13980,7.870997258162448
13981,7.872053165243934
13982,7.879014295559366
13983,7.8915390876928075
13984,7.892937953174656
13985,7.889663511401909
13986,7.890861502210374
13987,7.890647332835607
13988,7.896538602304682
13989,7.904394380690253
13990,7.912492989455521
13991,7.913818243110994
13992,7.923620502787557
13993,7.9248344992694415
13994,7.935956608786743
13995,7.9258258958187575
13996,7.93368315974613
13997,7.944828935961896
13998,7.944490020327071
13999,7.9525337328897
14000,7.9604494968422665
14001,7.963191570631178
14002,7.964076683904197
14003,7.962358019800678
14004,7.966097869423237
14005,7.965826293006005
14006,7.9714149617674
14007,7.971782223122141
14008,7.978564847383781
14009,7.979128041252398
14010,7.970068528045063
14011,7.960729985778177
14012,7.963043252380855
14013,7.9725697107929285
14014,7.972871797134817
14015,7.966446533856767
14016,7.964602807776952
14017,7.961788221053665
14018,7.95839090772783
14019,7.954055222407574
14020,7.963368599558112
14021,7.968782979139349
14022,7.969194973929345
14023,7.974854767092916
14024,7.97668075094027
14025,7.977339054647673
14026,7.977668410768857
14027,7.969342219639582
14028,7.974686092502657
14029,7.968437265583017
14030,7.961754261446055
14031,7.962506481191951
14032,7.964809357990862
14033,7.965924693783077
14034,7.970126360077585
14035,7.9726518569799625
14036,7.967319513677625
14037,7.9738247333401056
14038,7.979475607929966
14039,7.970169825156144
14040,7.970856167737396
14041,7.971031231776151
14042,7.972727154597422
14043,7.96707512472867
14044,7.9667669019817735
14045,7.9710968683802825
14046,7.9736590300767665
14047,7.96618250002334
14048,7.964107215689534
14049,7.963996675079078
14050,7.961871806447769
14051,7.963919467857695
14052,7.967696202508666
14053,7.959583790773914
14054,7.962626901554279
14055,7.961835095406403
14056,7.9668492311397054
14057,7.966162519032443
14058,7.9683142622046566
14059,7.963192263637691
14060,7.961180854889434
14061,7.962796056109473
14062,7.965778742071548
14063,7.967608873243333
14064,7.968365089007293
14065,7.961171475467279
14066,7.966650498282424
14067,7.960263674585812
14068,7.968279165450716
14069,7.97079326910925
14070,7.974173529767705
14071,7.96702741980057
14072,7.971010760545367
14073,7.971303797131688
14074,7.957824032461451
14075,7.952280043973144
14076,7.938247780088885
14077,7.940231730854255
14078,7.940126540182875
14079,7.945115331807516
14080,7.9479724796780555
14081,7.956408044826318
14082,7.959929768672671
14083,7.959747485634836
14084,7.9574110313949395
14085,7.957217387429755
14086,7.957723495804984
14087,7.951514924652252
14088,7.95209129646453
14089,7.942940656855433
14090,7.945142309435803
14091,7.941625432682177
14092,7.933992217508455
14093,7.930686867415982
14094,7.932534658774231
14095,7.9306424494473795
14096,7.931437491990902
14097,7.931632791933165
14098,7.933824989214053
14099,7.946438231560885
14100,7.941112826802268
14101,7.94135305643385
14102,7.944619595864215
14103,7.947933824592151
14104,7.940607073775246
14105,7.930826421726095
14106,7.928297725904145
14107,7.934623151546161
14108,7.932893448744497
14109,7.940072375803642
14110,7.941481208612602
14111,7.943111293892782
14112,7.947067741060975
14113,7.953753957541431
14114,7.953765832815856
14115,7.969244960761059
14116,7.9635418731054965
14117,7.9652667731170705
14118,7.961541849708141
14119,7.963786045689326
14120,7.9560374996927115
14121,7.965550038688945
14122,7.961656693145661
14123,7.955182931361663
14124,7.968671898672727
14125,7.964001873929008
14126,7.969439338133615
14127,7.977631092333862
14128,7.981449247098719
14129,7.98636687280184
14130,7.97908586092731
14131,7.978504117886044
14132,7.982144321613063
14133,7.9928914580136246
14134,7.990302151100112
14135,7.9921678657971285
14136,7.996533719080849
14137,8.003260700253119
14138,8.008577908829244
14139,8.00597545176589
14140,8.004295647810972
14141,7.99988540128992
14142,7.999265136755495
14143,7.9926914083386595
14144,7.99371656322921
14145,7.995746689388209
14146,7.9915246315834
14147,7.996400558078566
14148,8.000386064317848
14149,8.003660420468298
14150,8.00528208954365
14151,8.022616442432343
14152,8.021690165818098
14153,8.032486087470282
14154,8.02686062120849
14155,8.021406173992826
14156,8.027984738672371
14157,8.021961550652097
14158,8.018768147828693
14159,8.017653945322486
14160,8.024301095067317
14161,8.033249694702613
14162,8.030177703797913
14163,8.03011215975362
14164,8.032419314664605
14165,8.043272063499657
14166,8.051312245393392
14167,8.041855525920313
14168,8.052351960695853
14169,8.04829669620887
14170,8.050909591701936
14171,8.06241823720425
14172,8.05768643442445
14173,8.056716563219176
14174,8.04686021528258
14175,8.061817620057163
14176,8.068508245927918
14177,8.068143728664758
14178,8.072941955647714
14179,8.062961752049306
14180,8.061696291169604
14181,8.071100050253191
14182,8.073060800821265
14183,8.076965237263495
14184,8.070840833409347
14185,8.065037180574315
14186,8.06226258150954
14187,8.06924157816079
14188,8.066064099567926
14189,8.06485968001211
14190,8.073616398552863
14191,8.079787868958142
14192,8.092470731739978
14193,8.084422459568096
14194,8.070071440361318
14195,8.073477412144797
14196,8.077821285458544
14197,8.077148267756378
14198,8.07972423201743
14199,8.078390491063308
14200,8.065629467102287
14201,8.070041530001522
14202,8.066674520245295
14203,8.059570222997868
14204,8.064220280349744
14205,8.053508697439277
14206,8.054917830537256
14207,8.04822315515539
14208,8.050552949258812
14209,8.045899920312426
14210,8.040011902374145
14211,8.03744909959775
14212,8.030338041635874
14213,8.024577111816258
14214,8.02114180991679
14215,8.019742099014058
14216,8.019293563340518
14217,8.003372203624366
14218,7.998367074699424
14219,8.003055962897788
14220,8.005690412127885
14221,7.9976210243744
14222,7.985080693376373
14223,7.979304242254708
14224,7.979936925655325
14225,7.9882090041748
14226,7.987158108938055
14227,7.976598236081056
14228,7.976365556304737
14229,7.9622058947739385
14230,7.954525006975335
14231,7.945722308837515
14232,7.935874140027249
14233,7.929355675134402
14234,7.929528851524639
14235,7.931547983173153
14236,7.926521391121307
14237,7.916477260606695
14238,7.913299570505895
14239,7.910398672153757
14240,7.904611426716924
14241,7.899925219663704
14242,7.90116685276063
14243,7.902217806020875
14244,7.903096787625592
14245,7.904492951484765
14246,7.9028527720635555
14247,7.906503993106203
14248,7.901415859907116
14249,7.899303755069256
14250,7.899342614506876
14251,7.903390832980558
14252,7.904557114782571
14253,7.901182742689894
14254,7.907007378122295
14255,7.905639551875933
14256,7.900655280334096
14257,7.902226279842687
14258,7.904582847800303
14259,7.903475498719284
14260,7.900479450147135
14261,7.899970938920608
14262,7.894447721031019
14263,7.889282842363442
14264,7.897214973333323
14265,7.89503294099917
14266,7.899281445843304
14267,7.900665665113736
14268,7.900731468330151
14269,7.904187437212953
14270,7.904873854636388
14271,7.901986231325324
14272,7.902071145391335
14273,7.900793339504948
14274,7.895349082145784
14275,7.899840010620559
14276,7.902266863206034
14277,7.888654088395135
14278,7.8835703821434
14279,7.881953402593118
14280,7.879902762326359
14281,7.872549814030216
14282,7.87432529116675
14283,7.879500720666883
14284,7.877396285458373
14285,7.877969837462798
14286,7.8802818998658175
14287,7.8916244692211395
14288,7.895772966552378
14289,7.891143205629659
14290,7.894375220708557
14291,7.8882190122237255
14292,7.890303624537918
14293,7.90066085600112
14294,7.8960683130647356
14295,7.905753628987278
14296,7.913818609450433
14297,7.913575485210109
14298,7.9123251921977795
14299,7.91359549055169
14300,7.9204266862041255
14301,7.917104078904275
14302,7.914655968964487
14303,7.924095123479626
14304,7.919299703987965
14305,7.933482757047643
14306,7.930691855474829
14307,7.936607479244078
14308,7.939790126074867
14309,7.940055248832423
14310,7.9480214854597415
14311,7.962581975104217
14312,7.955539255591286
14313,7.973558738620293
14314,7.979986269469319
14315,7.988502760310678
14316,7.993088528756716
14317,7.9866839828914395
14318,7.984390388015131
14319,7.9760832542567695
14320,7.975652731376782
14321,7.967227413455517
14322,7.980481223789012
14323,7.979264274428582
14324,7.974962426820771
14325,7.969739885342569
14326,7.966848266731536
14327,7.9728425530819145
14328,7.965355968602697
14329,7.974072901296809
14330,7.97303556713505
14331,7.97055506335657
14332,7.968442935239882
14333,7.982838144180959
14334,7.9741643933650925
14335,7.98167826319604
14336,7.9807320300839075
14337,7.9754993380044565
14338,7.970841245548343
14339,7.967067477697688
14340,7.968188450558677
14341,7.967988083233901
14342,7.965245557623585
14343,7.954950738859401
14344,7.95647552714401
14345,7.956223302396228
14346,7.967471994299933
14347,7.960204090926518
14348,7.964221824204205
14349,7.964547625382272
14350,7.967119135868523
14351,7.974652167889312
14352,7.971033970667965
14353,7.964608033969979
14354,7.962892350310791
14355,7.9609488489093705
14356,7.961005012103913
14357,7.96003548901278
14358,7.9656275960330865
14359,7.963468331572603
14360,7.966926439574712
14361,7.959332826510189
14362,7.9565750737951495
14363,7.971800458466456
14364,7.966980314956957
14365,7.963688117546378
14366,7.959970485821461
14367,7.951034774638656
14368,7.949852777199058
14369,7.95434373989521
14370,7.9564325967398615
14371,7.945993842902908
14372,7.942697338301227
14373,7.940929323137174
14374,7.950821423511629
14375,7.951315070056305
14376,7.943790001580819
14377,7.931874821669173
14378,7.920745598859287
14379,7.923359482203659
14380,7.932529526114021
14381,7.934349188514929
14382,7.9337851607719285
14383,7.940133599910668
14384,7.942265068207173
14385,7.942135649140512
14386,7.948512726895432
14387,7.944922595355006
14388,7.935516780922331
14389,7.936604321537589
14390,7.9386664757472705
14391,7.923927354141636
14392,7.92225660197806
14393,7.923710289800241
14394,7.921252985076484
14395,7.9224555318643555
14396,7.918917102143205
14397,7.9231306882973955
14398,7.922678020315922
14399,7.9248288217002445
14400,7.917830792900323
14401,7.924057639460388
14402,7.927669418475457
14403,7.926483487791726
14404,7.937916365458251
14405,7.931936226200394
14406,7.928723556965783
14407,7.934200484698717
14408,7.93795370728481
14409,7.936933046441066
14410,7.937239893051834
14411,7.939374045200038
14412,7.93695015530149
14413,7.939083593173185
14414,7.934425812320227
14415,7.926449906946539
14416,7.918625637463611
14417,7.914764234191732
14418,7.913198756944186
14419,7.915962263141762
14420,7.906304647845203
14421,7.908390834786747
14422,7.913421972101468
14423,7.917262405010525
14424,7.910211442907955
14425,7.912680384454857
14426,7.913412758226189
14427,7.901362847616519
14428,7.900679936279998
14429,7.896901050449998
14430,7.879887971434579
14431,7.882490237827205
14432,7.872895512063459
14433,7.883448807690288
14434,7.894380731896535
14435,7.893658338670893
14436,7.896520338438992
14437,7.898526796925373
14438,7.8886798420185364
14439,7.899166659859589
14440,7.911527797653056
14441,7.903715864232035
14442,7.906292504608231
14443,7.912069810448833
14444,7.906454769577211
14445,7.9145329637992
14446,7.917284177098844
14447,7.936876847912316
14448,7.9360641624070265
14449,7.944446014105141
14450,7.953703029606433
14451,7.950210921286845
14452,7.95375221728215
14453,7.96063633817954
14454,7.957773505598129
14455,7.954478537314502
14456,7.956203220726011
14457,7.9520374613022105
14458,7.949451407564704
14459,7.953244081436034
14460,7.961217076773535
14461,7.960732821096341
14462,7.965756089407484
14463,7.962893260548367
14464,7.952708969052256
14465,7.951781523501345
14466,7.961823420485897
14467,7.964181092977011
14468,7.966323466001815
14469,7.974358029610957
14470,7.97626171956616
14471,7.972468840648108
14472,7.982629341917269
14473,7.9887936678535665
14474,7.986424883068815
14475,7.994959599987016
14476,8.003521538429647
14477,8.004227585425832
14478,8.003474089379527
14479,7.997425420020537
14480,8.000435634546834
14481,8.010089557145344
14482,8.01372388232654
14483,8.020612847008824
14484,8.01125126265009
14485,8.017072793562553
14486,8.024470001555377
14487,8.02595109972442
14488,8.02332839763257
14489,8.018121637151397
14490,8.023402890703094
14491,8.019156290626634
14492,8.010424362100865
14493,8.013856057807399
14494,8.014373634069319
14495,8.010695288832837
14496,8.01259752188593
14497,8.007500989126761
14498,8.010161650490817
14499,8.011196776088768
14500,8.010641512499086
14501,8.009562188992604
14502,8.01684821674238
14503,8.022929439362233
14504,8.020164516216273
14505,8.02006137024493
14506,8.019468833002994
14507,8.023802114363688
14508,8.018698651905545
14509,8.02073475908214
14510,8.018646694683516
14511,8.016249952381754
14512,8.013902006521798
14513,8.00723389705225
14514,8.009538638911117
14515,8.00773304006086
14516,8.009726801605424
14517,8.021283014459085
14518,8.017171894328
14519,8.019152717427128
14520,8.018143110968321
14521,8.02606980134773
14522,8.025377379501176
14523,8.020242182518166
14524,8.01669674315795
14525,8.010245355223827
14526,8.006175121644304
14527,8.002986170572001
14528,8.000595797726453
14529,8.003320172271613
14530,8.00055682466056
14531,7.999278319086952
14532,7.9883660787995145
14533,7.987425453880471
14534,7.990441234315412
14535,7.98880334186016
14536,7.9760636900023485
14537,7.982550969686835
14538,7.981808954672455
14539,7.985193216068874
14540,7.9772247106398435
14541,7.976004574971904
14542,7.983197294462262
14543,7.977093485979874
14544,7.978200367880752
14545,7.975495070468682
14546,7.967940545048577
14547,7.964520857412503
14548,7.961885688875581
14549,7.964578661952927
14550,7.963426642867613
14551,7.953989137229372
14552,7.960479066901127
14553,7.953250632865599
14554,7.947931584484539
14555,7.9428446468710945
14556,7.951924488984892
14557,7.959653197034978
14558,7.961252957670215
14559,7.958817351951599
14560,7.963050662656802
14561,7.968157973758197
14562,7.948378800448443
14563,7.949592095908205
14564,7.955269962254996
14565,7.9671922634055425
14566,7.969229190717359
14567,7.971155535468053
14568,7.981446792293434
14569,7.9765528414651925
14570,7.976995320620576
14571,7.981083474305545
14572,7.982916268876429
14573,7.969088104496213
14574,7.974953688848606
14575,7.96683981783689
14576,7.973419480252174
14577,7.9738162706758065
14578,7.976948738506892
14579,7.970021497730802
14580,7.9798856789617405
14581,7.98234448491139
14582,7.9851320752099975
14583,7.987710643101596
14584,7.994681392962429
14585,8.003339910716365
14586,7.988839694589957
14587,7.990331245429349
14588,7.989430411150918
14589,7.990867003367169
14590,7.985492513220752
14591,7.971680498152267
14592,7.978291641698693
14593,7.987362511369506
14594,7.990906025498295
14595,7.986173931567594
14596,7.996373278128429
14597,7.994375484868324
14598,7.987170880763677
14599,7.993336951457113
14600,7.994919924488213
14601,7.994833575904615
14602,8.002853178838208
14603,8.000495280861927
14604,7.992789673597875
14605,7.9950991615943305
14606,8.002398669555062
14607,8.007629384796411
14608,8.001149553074743
14609,7.9967026205594145
14610,8.003576306939548
14611,8.016136377266754
14612,8.015052020622948
14613,8.013201103731477
14614,8.011070460214109
14615,8.011691589201387
14616,8.014895015311739
14617,8.01717164734117
14618,8.025919320059396
14619,8.021849429502513
14620,8.020775165724173
14621,8.02533526352215
14622,8.022656113735326
14623,8.014000357023125
14624,8.007871944633424
14625,8.000974972650132
14626,7.9929513869550695
14627,7.9916268206536705
14628,7.9919416811513715
14629,7.9945884123599855
14630,7.99319845812279
14631,7.9994713921868215
14632,8.003818007936491
14633,7.9963837849779615
14634,7.998693576603153
14635,8.006151289601782
14636,8.010305381205347
14637,8.006356455305271
14638,8.004490681991683
14639,8.012643346561426
14640,8.0174722992429
14641,8.016742512868928
14642,8.013644686202571
14643,8.019185801690371
14644,8.007364253965077
14645,7.998584198953361
14646,7.997423075283178
14647,7.990392924390037
14648,7.9909915377094105
14649,8.000771946619434
14650,8.000788854302234
14651,7.9966788616518505
14652,8.002435857093731
14653,8.00203444506284
14654,8.00336460607399
14655,8.007052189167394
14656,8.006157506862095
14657,8.012656773991532
14658,8.014366973141339
14659,8.00415365910819
14660,8.02051312156734
14661,8.016448861618041
14662,8.003956277592529
14663,7.99829251154139
14664,8.00417615454521
14665,7.989572796798924
14666,7.996089981792024
14667,8.004816385810885
14668,8.01445140154179
14669,8.011741765458467
14670,8.022214552775454
14671,8.017379547081344
14672,8.019237518730405
14673,8.01642475557952
14674,8.01229109441866
14675,8.014542980145091
14676,8.004286353482394
14677,8.00073918901168
14678,8.010298735487849
14679,8.003453773425788
14680,7.9938352884514305
14681,7.996736363459806
14682,8.000184138078179
14683,7.994800056613896
14684,7.99583657380461
14685,7.991793756840575
14686,7.988911130851194
14687,7.990893358050665
14688,7.98999527768029
14689,7.97784986683467
14690,7.974665323201787
14691,7.98375585205538
14692,7.98687917675334
14693,7.9848835296994745
14694,7.985503752900464
14695,7.984281735369496
14696,7.978917314414285
14697,7.98936758293547
14698,8.000478949885013
14699,7.995471863591808
14700,7.990882326115872
14701,7.997927272525129
14702,7.999107667296948
14703,8.005873501862009
14704,8.01487530610927
14705,8.006134709184543
14706,8.000960991008956
14707,8.004438653482318
14708,8.00597586618589
14709,8.000700666386921
14710,7.994490204106419
14711,7.999349318119027
14712,7.996215233875194
14713,7.999335958464852
14714,7.991704253287458
14715,7.995135250440502
14716,7.990059401945908
14717,7.9937910643276515
14718,8.010237096379033
14719,8.009335148884066
14720,8.002727640900465
14721,7.994700224493675
14722,7.989724051764783
14723,7.976964831489151
14724,7.98071232437992
14725,7.976136483939942
14726,7.964621000071737
14727,7.961869562833493
14728,7.969994843290908
14729,7.969189245090722
14730,7.962120214971708
14731,7.964203057161803
14732,7.975963657847259
14733,7.979431819346524
14734,7.971329908324335
14735,7.982616654642665
14736,7.987535874709666
14737,7.989969891047881
14738,7.988032200083037
14739,7.991328894182581
14740,7.988108377141571
14741,7.99229483421006
14742,7.988771809940286
14743,7.988043790002754
14744,7.985438026136591
14745,7.986104600045831
14746,7.986677944094883
14747,7.9934107626336965
14748,7.995858817447538
14749,7.99492039830606
14750,8.003550093475782
14751,8.005838595465582
14752,8.007505555569317
14753,8.022460317288607
14754,8.033433354319286
14755,8.031112409184788
14756,8.032396198112941
14757,8.03332170584245
14758,8.025869585659517
14759,8.017093942534808
14760,8.018704042202902
14761,8.015462955213657
14762,8.02029367615418
14763,8.030785045757735
14764,8.037654089126951
14765,8.042934589982542
14766,8.040295852405857
14767,8.04018845544018
14768,8.037177415582862
14769,8.03896013386777
14770,8.042929160434117
14771,8.042883922867627
14772,8.049551288199718
14773,8.043413158778469
14774,8.041009517815823
14775,8.039051504561648
14776,8.04674718000212
14777,8.042690919743578
14778,8.039469301828786
14779,8.038080546824151
14780,8.043294702534164
14781,8.048443180766396
14782,8.049317078571145
14783,8.047371805732993
14784,8.049265380626787
14785,8.039209258249022
14786,8.047596908315077
14787,8.05157969999603
14788,8.047965272857544
14789,8.050734112137468
14790,8.044492104890878
14791,8.045816332985488
14792,8.048442882829523
14793,8.050007230606806
14794,8.055954507385437
14795,8.054742659231511
14796,8.056685538234708
14797,8.056289594277649
14798,8.047189029544054
14799,8.047869285839962
14800,8.04732023787924
14801,8.052396320013818
14802,8.062081825692717
14803,8.051077878244373
14804,8.04547607686082
14805,8.039814988110084
14806,8.03491557481584
14807,8.041939123167344
14808,8.039774357776754
14809,8.041396441182522
14810,8.04118736768452
14811,8.040595109076351
14812,8.034721521683933
14813,8.035245786494384
14814,8.035408753754469
14815,8.037530515801969
14816,8.030044274242403
14817,8.03884645731952
14818,8.053562412495166
14819,8.057260989317083
14820,8.052057389166489
14821,8.050314818184063
14822,8.050396378682253
14823,8.053801429026885
14824,8.039763213454838
14825,8.04772747619336
14826,8.05526676479847
14827,8.044626977073984
14828,8.0363144720551
14829,8.026719748134264
14830,8.03947911797422
14831,8.042535784678693
14832,8.040446572485823
14833,8.037093467843613
14834,8.033795917592359
14835,8.032106609838909
14836,8.023343553032666
14837,8.026900791041987
14838,8.027760574058028
14839,8.029545951610949
14840,8.022292544615617
14841,8.027585688506566
14842,8.029365455659404
14843,8.032777080951991
14844,8.038501818104404
14845,8.038820365311818
14846,8.03198690361553
14847,8.029156089061681
14848,8.034514936830758
14849,8.03145686874772
14850,8.031594543368437
14851,8.030911672957721
14852,8.025044025212866
14853,8.025900935270732
14854,8.031495000165256
14855,8.027446217082403
14856,8.019262818226736
14857,8.01402599722883
14858,8.006157336077576
14859,8.01066864215536
14860,8.00680369385852
14861,7.999836654441063
14862,7.995949086744604
14863,7.997323855837956
14864,7.999769851138156
14865,7.9998588630763185
14866,7.9991720432424085
14867,8.01358506179754
14868,8.008389616236865
14869,8.002457414286855
14870,8.006012178814046
14871,7.999616562877721
14872,8.002461183160126
14873,8.00167736928763
14874,8.001071561778534
14875,7.995657496576652
14876,7.990803598388587
14877,7.992988561867295
14878,7.989943665685124
14879,7.985226850636532
14880,7.984427347157312
14881,7.982846920980003
14882,7.990092322091537
14883,7.986518876473492
14884,7.986120969618569
14885,7.994256530813211
14886,7.993032832406992
14887,7.993817844617932
14888,7.985680893424399
14889,7.97528443920112
14890,7.969534084992383
14891,7.966163690744337
14892,7.9658568483302865
14893,7.975337423570166
14894,7.974257842197421
14895,7.973356973349097
14896,7.979687022785907
14897,7.972223823999337
14898,7.9772170265972955
14899,7.990625221005147
14900,7.986444795317258
14901,7.979241849748531
14902,7.980236366085125
14903,7.988745879485413
14904,7.991060978058053
14905,8.006061259367852
14906,8.007526529118595
14907,8.013065058489625
14908,8.008757408654152
14909,8.016082817335636
14910,8.02112800457174
14911,8.022776549136331
14912,8.016931724979168
14913,8.020350806965741
14914,8.018757422514067
14915,8.01962932933753
14916,8.030926454072135
14917,8.043736528594685
14918,8.04397978485633
14919,8.042477090171271
14920,8.04947069660323
14921,8.047408189535084
14922,8.038744787679969
14923,8.034645878843866
14924,8.032385816170075
14925,8.032212503334852
14926,8.034093293682803
14927,8.019827384560637
14928,8.021089529584076
14929,8.020199291158685
14930,8.014097374780311
14931,8.004622557737243
14932,8.003358796698041
14933,8.009200655613599
14934,8.005461444990742
14935,8.004865203796268
14936,8.007584445546122
14937,8.00181426068411
14938,7.9988224791051765
14939,8.00611658803832
14940,8.003045635010853
14941,8.0049993820118
14942,8.01369964368674
14943,8.014349679073785
14944,8.004955645923427
14945,8.009870090351436
14946,8.00707488505868
14947,8.004819943574303
14948,8.003035278865692
14949,8.008192467959502
14950,8.007169331006283
14951,8.003429587086883
14952,7.991318832978221
14953,7.989426874324294
14954,7.9906715948621345
14955,7.990758876382542
14956,7.985639807726339
14957,7.9873863353302506
14958,7.984732250933491
14959,7.98464119856246
14960,7.990254030426878
14961,7.991187214064053
14962,7.989542869676021
14963,7.996678165765095
14964,8.004905447142553
14965,8.004200736397499
14966,8.013941266533186
14967,8.010215364325845
14968,8.01069083665134
14969,8.01633174266525
14970,8.01631100555712
14971,8.015195280919842
14972,8.014140054726514
14973,8.010885118786904
14974,8.015984301567435
14975,8.012634612237916
14976,8.013274635656582
14977,8.013226957132257
14978,8.01627732448793
14979,8.012558283949723
14980,8.021246572719775
14981,8.016036062956955
14982,8.022836564722764
14983,8.019509250880953
14984,8.01618682202924
14985,8.013712542556705
14986,8.006533423169717
14987,7.995782858982138
14988,7.9998468979473065
14989,7.997660961293913
14990,7.995750970920857
14991,7.99712205300726
14992,7.990046985190906
14993,7.976755960220817
14994,7.970578483694551
14995,7.972912786309645
14996,7.966520932945577
14997,7.955019950258636
14998,7.974507025663835
14999,7.979768132622287
15000,7.977264321918708
15001,7.976098672145781
15002,7.970270496066694
15003,7.965730663985059
15004,7.973163169229308
15005,7.973938098527048
15006,7.971683566821332
15007,7.9717397923667725
15008,7.980994784809127
15009,7.979420499979169
15010,7.981506522614116
15011,7.980047600520166
15012,7.983296035249493
15013,7.987511749227724
15014,7.993748115848626
15015,7.990397269348171
15016,7.988048782386013
15017,7.9927176814949235
15018,8.000338329271347
15019,7.997901059410097
15020,7.993796097450347
15021,7.991284754976999
15022,7.9884696006279565
15023,7.988049886945898
15024,7.991895438650953
15025,8.000027942555937
15026,8.005143416507249
15027,8.000605526879076
15028,8.004517062514179
15029,8.003219937565182
15030,8.006399820018734
15031,8.00664069017817
15032,8.007064010839379
15033,7.995986773121272
15034,7.987760210446353
15035,7.99016293811795
15036,7.99769221761673
15037,7.999139964768451
15038,8.000634670234682
15039,8.017741969090025
15040,8.020447485869825
15041,8.008660283965702
15042,7.998907777494954
15043,8.00959458687279
15044,8.011547716833196
15045,8.016432461857795
15046,8.0174929895681
15047,8.012963893710799
15048,8.016760944914017
15049,8.014095524007109
15050,8.005959406969223
15051,8.010186962308588
15052,8.011635962981721
15053,8.016650955232715
15054,8.0245326897838
15055,8.023977670908414
15056,8.030369494783708
15057,8.02711029104945
15058,8.01808897296652
15059,8.021924962395374
15060,8.02945974541381
15061,8.030826519477735
15062,8.03235342536473
15063,8.030133251491545
15064,8.041563433248054
15065,8.034852682898455
15066,8.034434122583274
15067,8.048103057411373
15068,8.051828687782502
15069,8.062293938147604
15070,8.056141507302463
15071,8.065208906910735
15072,8.063689330222436
15073,8.059461569388379
15074,8.066513311911686
15075,8.06655067496621
15076,8.07046689027728
15077,8.07082887997209
15078,8.066997494078738
15079,8.06210639553735
15080,8.063998311746545
15081,8.061424740435251
15082,8.05620375591054
15083,8.056189175940421
15084,8.053846844525179
15085,8.060060656637816
15086,8.059411675193095
15087,8.061843012039528
15088,8.05568690871425
15089,8.058668774816734
15090,8.046321638431879
15091,8.046279194023528
15092,8.05568776027141
15093,8.051331844087198
15094,8.038912095744342
15095,8.03583117943883
15096,8.045994190424432
15097,8.055376183062688
15098,8.055743250811577
15099,8.048626452828719
15100,8.054015005618997
15101,8.057613971783637
15102,8.058007663774049
15103,8.061316536730471
15104,8.066979850686032
15105,8.075655477370193
15106,8.077833781589355
15107,8.067360696976342
15108,8.082045285260783
15109,8.0856420160091
15110,8.079295864862964
15111,8.083828916356948
15112,8.07965057181793
15113,8.079391612255668
15114,8.078540441201968
15115,8.07835475221731
15116,8.076043348859375
15117,8.075678889201246
15118,8.079692725385293
15119,8.067674135749764
15120,8.073617234903192
15121,8.067964864387527
15122,8.063553191968062
15123,8.064854464265641
15124,8.060388039589917
15125,8.05512773489131
15126,8.056868440318134
15127,8.061764857519064
15128,8.07048466085409
15129,8.072104245717538
15130,8.08525295996868
15131,8.086040613568693
15132,8.086241912026168
15133,8.07110721378734
15134,8.08219829665416
15135,8.079356698479481
15136,8.074106266871874
15137,8.074166989899972
15138,8.067438821410105
15139,8.07086356424218
15140,8.06884428448526
15141,8.072935999534078
15142,8.082751024026845
15143,8.075670922652547
15144,8.07489205078556
15145,8.076631548192143
15146,8.067102049974125
15147,8.062902703543402
15148,8.064420898303236
15149,8.055849164854724
15150,8.054411003714314
15151,8.055744342448365
15152,8.059663135965547
15153,8.051444186812217
15154,8.055921872028941
15155,8.051806982414552
15156,8.045891793705144
15157,8.042929923697885
15158,8.040751168387484
15159,8.039838078815098
15160,8.04240053615373
15161,8.04172164340151
15162,8.04545614035018
15163,8.050920720683413
15164,8.052531861039096
15165,8.06482119452405
15166,8.063399262567511
15167,8.065770904675388
15168,8.061766918168818
15169,8.064657435449286
15170,8.0682708825975
15171,8.07887748727848
15172,8.077341098745583
15173,8.07882248648011
15174,8.076713990397886
15175,8.07866398664664
15176,8.0810542432261
15177,8.084704731211863
15178,8.08271537862615
15179,8.079347818607724
15180,8.07121305757832
15181,8.063189783083075
15182,8.063635363179747
15183,8.064305460246086
15184,8.072399083167126
15185,8.064786521784415
15186,8.066874399689166
15187,8.06116014592189
15188,8.063292297360526
15189,8.065050277364746
15190,8.067609578861365
15191,8.08166445224432
15192,8.09188954547337
15193,8.092192516708518
15194,8.097485414768936
15195,8.089467986715384
15196,8.088022289407002
15197,8.087810052553134
15198,8.081597802875946
15199,8.092219466138959
15200,8.094318358945694
15201,8.094619560742762
15202,8.08787097008462
15203,8.08921183675718
15204,8.0843738201759
15205,8.082073041091805
15206,8.08140086594303
15207,8.088361356730696
15208,8.088502170280366
15209,8.089234637568543
15210,8.097393811501481
15211,8.104213145282795
15212,8.106609652715104
15213,8.102725772761922
15214,8.100744599816853
15215,8.093127485851683
15216,8.088197833689396
15217,8.082420333377806
15218,8.071853273567202
15219,8.075255436506414
15220,8.073572553497714
15221,8.080928535509411
15222,8.073784824003242
15223,8.074292895864456
15224,8.078826119297759
15225,8.089428424587098
15226,8.091087130395938
15227,8.089909375330162
15228,8.082358350097033
15229,8.076591828626148
15230,8.074847901341752
15231,8.077291040307662
15232,8.080365395240866
15233,8.08573411948878
15234,8.082819895408358
15235,8.08066690639188
15236,8.087061933707185
15237,8.093160324912395
15238,8.082723897681142
15239,8.085990112117843
15240,8.094617557104106
15241,8.095351418247406
15242,8.09431867742993
15243,8.101004070083574
15244,8.090195202397402
15245,8.085364622197526
15246,8.090737912812882
15247,8.09626027847559
15248,8.089218605345724
15249,8.09506197984922
15250,8.09119469195321
15251,8.098630682700831
15252,8.088265653374728
15253,8.089047548400075
15254,8.090538183214859
15255,8.095711802277185
15256,8.092751080170276
15257,8.090211354254183
15258,8.083007691180045
15259,8.082951695516988
15260,8.087386086784468
15261,8.090553949164585
15262,8.090915953701682
15263,8.099780384687735
15264,8.097231850716362
15265,8.090243902509926
15266,8.089782334177647
15267,8.09561162465287
15268,8.088809835488789
15269,8.079530406696106
15270,8.080106788804985
15271,8.084346761855162
15272,8.08514292931571
15273,8.095099585326512
15274,8.097132942199982
15275,8.091551854985102
15276,8.080529062334683
15277,8.08082813524943
15278,8.084438023789874
15279,8.078867131298576
15280,8.084013200316454
15281,8.084211660642024
15282,8.090128625512515
15283,8.099948871067722
15284,8.103272822120976
15285,8.100976453499934
15286,8.104599050289332
15287,8.097869508308094
15288,8.087035534598932
15289,8.085036782233653
15290,8.091068529029572
15291,8.089263771861834
15292,8.089190295753333
15293,8.086689589143312
15294,8.078817623778994
15295,8.074235243011108
15296,8.068956004702528
15297,8.070432757659951
15298,8.06930674055116
15299,8.061843183372746
15300,8.056492955388388
15301,8.053173218201817
15302,8.046783883599284
15303,8.04718726088577
15304,8.04771762693454
15305,8.040557919737902
15306,8.04511838427775
15307,8.04345727809894
15308,8.04373219260085
15309,8.04213492567602
15310,8.048449315677063
15311,8.040497900189866
15312,8.045211355485456
15313,8.049157286071678
15314,8.043591461349504
15315,8.041233163711414
15316,8.04010591078789
15317,8.03706200961847
15318,8.038669790433282
15319,8.041429371826052
15320,8.049194200811353
15321,8.040988946223196
15322,8.042779049857957
15323,8.046847650308619
15324,8.048600318643969
15325,8.044281946957424
15326,8.043227569627899
15327,8.046847904076337
15328,8.05499324454793
15329,8.059208429141623
15330,8.072211299544731
15331,8.076187289872292
15332,8.074943879117859
15333,8.075711498829858
15334,8.079573968869292
15335,8.077940911098299
15336,8.066649362838325
15337,8.064949266890691
15338,8.064500121021485
15339,8.072381831381954
15340,8.068542194888034
15341,8.075614532657978
15342,8.080125498956175
15343,8.076245118900424
15344,8.0757294445546
15345,8.070389298176838
15346,8.071646178072344
15347,8.068950732925583
15348,8.068233712174191
15349,8.066082559289836
15350,8.073536941121374
15351,8.075543630707292
15352,8.07124175567791
15353,8.068435041480807
15354,8.068397184564605
15355,8.068933303066602
15356,8.075386356845678
15357,8.080765648564988
15358,8.077355601866296
15359,8.090780165893523
15360,8.093633118756268
15361,8.092052734574644
15362,8.092907691676134
15363,8.097192968275582
15364,8.108738250330251
15365,8.10642668214979
15366,8.105976844389671
15367,8.105603090066053
15368,8.098547642603743
15369,8.096649107268329
15370,8.09058612932385
15371,8.098087133726514
15372,8.085239450652661
15373,8.092309338110887
15374,8.084560126695632
15375,8.086084645436499
15376,8.08722381171346
15377,8.082778239671281
15378,8.085893715201367
15379,8.076630624463332
15380,8.076090468867681
15381,8.078728167375731
15382,8.072343790205952
15383,8.080272815326431
15384,8.082702016498123
15385,8.073508644281722
15386,8.077923977814281
15387,8.07304625954156
15388,8.070181760357322
15389,8.07335066035043
15390,8.064226241982745
15391,8.058106783598204
15392,8.063503320709959
15393,8.063836685549587
15394,8.069934901360279
15395,8.066832271112398
15396,8.072755224421396
15397,8.070098623650802
15398,8.070037777031393
15399,8.073622615648546
15400,8.067368511507727
15401,8.063377726674387
15402,8.071288535008415
15403,8.062790012597945
15404,8.059985738250644
15405,8.055233347807848
15406,8.061648739012883
15407,8.060386508490186
15408,8.059547516684107
15409,8.067303895352717
15410,8.060586188991177
15411,8.056604881755996
15412,8.063505392184876
15413,8.051962350552845
15414,8.05337037791059
15415,8.051113079043066
15416,8.04700662553235
15417,8.053231528243275
15418,8.051882754094834
15419,8.051322167042242
15420,8.06738845043179
15421,8.064419216117077
15422,8.049855037298661
15423,8.039887248739772
15424,8.034285025660733
15425,8.042587430648585
15426,8.0351891909962
15427,8.043123346436428
15428,8.04240323191944
15429,8.039802733396778
15430,8.043266805432852
15431,8.03505887829576
15432,8.027648248456863
15433,8.029255342797228
15434,8.034811903670281
15435,8.043276318619885
15436,8.044792480153362
15437,8.040954322985847
15438,8.038334222105506
15439,8.028903951653435
15440,8.023712895140438
15441,8.0212702984276
15442,8.02813758604689
15443,8.022044582822181
15444,8.02689260421973
15445,8.027605426913333
15446,8.020995286804741
15447,8.023630487660249
15448,8.017465182765871
15449,8.014974200183056
15450,8.008860205494093
15451,8.003360295019045
15452,7.991475121159618
15453,7.996986832659649
15454,8.002682533811981
15455,8.011258914681266
15456,8.011834839659635
15457,8.015853605512627
15458,8.026008689915601
15459,8.024125363067885
15460,8.016132961513815
15461,8.016864858055971
15462,8.015640433507889
15463,8.015662540128353
15464,8.012684081676767
15465,8.012904114331104
15466,8.017344086578573
15467,8.017156410755954
15468,8.016348388819036
15469,8.022536604018967
15470,8.01525943689003
15471,8.018716259400755
15472,8.030512457557181
15473,8.036765665198741
15474,8.035965669760857
15475,8.038936549911886
15476,8.032192883632382
15477,8.03938687341286
15478,8.036841481932225
15479,8.0331064180451
15480,8.031631052476962
15481,8.034702965633878
15482,8.037723456421428
15483,8.030832599917039
15484,8.03854046771682
15485,8.042079427015619
15486,8.03635123380767
15487,8.023602009837862
15488,8.026475508002223
15489,8.031473840347767
15490,8.035843998807055
15491,8.03461058681471
15492,8.046462888310723
15493,8.048689717574247
15494,8.037520230680665
15495,8.038980006013324
15496,8.043377618039168
15497,8.036029718798385
15498,8.036216772709986
15499,8.035295075769262
15500,8.035846567045166
15501,8.044427095495355
15502,8.039448259064747
15503,8.030961615499841
15504,8.023104447277793
15505,8.027415727852157
15506,8.013929682566335
15507,8.013912389374044
15508,8.016372590481685
15509,8.020068376396956
15510,8.017185588169854
15511,8.01737194154519
15512,8.012883164747942
15513,8.00503817468456
15514,8.00754656790005
15515,8.003078507005217
15516,7.99919888210823
15517,7.987052319579089
15518,7.984128707547871
15519,7.984421584438147
15520,7.973754122643675
15521,7.973327683770749
15522,7.973264543667784
15523,7.9621966437227485
15524,7.959310014341649
15525,7.951964534048725
15526,7.957706866163287
15527,7.964519902327974
15528,7.971553903016163
15529,7.974108697375245
15530,7.966572416581216
15531,7.969955215882304
15532,7.974104520417902
15533,7.964098268565727
15534,7.964892106042872
15535,7.963358737286016
15536,7.966008611742435
15537,7.951713623970743
15538,7.949822157434925
15539,7.948303373302987
15540,7.947992825906559
15541,7.952418105748022
15542,7.952434333401216
15543,7.957855403811435
15544,7.958827800974089
15545,7.968601977919863
15546,7.9573675872704746
15547,7.955451095410926
15548,7.950886036962733
15549,7.947613095059082
15550,7.940753125499388
15551,7.944476804673484
15552,7.946251441569158
15553,7.948467686868425
15554,7.949175409857143
15555,7.95259884098313
15556,7.954554507393023
15557,7.963273089971405
15558,7.96423021254586
15559,7.957517982294442
15560,7.9517023188840374
15561,7.954807271749144
15562,7.956158884443989
15563,7.949483932462889
15564,7.961945836261527
15565,7.961619027617817
15566,7.964593090999811
15567,7.952149095689222
15568,7.950579276611758
15569,7.9470338716548925
15570,7.94038361813126
15571,7.928487130735141
15572,7.928022605198434
15573,7.920759212437262
15574,7.92437962666263
15575,7.930241365764812
15576,7.932920456319618
15577,7.938532279914016
15578,7.941265646092174
15579,7.934081096050428
15580,7.939244099919078
15581,7.939164470253108
15582,7.933703398681648
15583,7.9364102288852605
15584,7.936373798268876
15585,7.937735837461199
15586,7.941354731981688
15587,7.945186802356977
15588,7.940405712890042
15589,7.942093797269351
15590,7.935314049850055
15591,7.933700167564
15592,7.92599578292314
15593,7.926675427566877
15594,7.925942900995591
15595,7.925457547337143
15596,7.923583107216383
15597,7.91694842148137
15598,7.924711432702222
15599,7.917286777651796
15600,7.899642680189837
15601,7.896753825042722
15602,7.891734716183681
15603,7.88747239466034
15604,7.887694909208151
15605,7.890885823573186
15606,7.892970041415997
15607,7.885934780053123
15608,7.89110739795922
15609,7.900673256485462
15610,7.898553515378223
15611,7.897321047107612
15612,7.907913087337268
15613,7.909703617582389
15614,7.909831314993767
15615,7.910474030595406
15616,7.907952158482256
15617,7.914781652966578
15618,7.9094704259234
15619,7.913329600715537
15620,7.910591555217149
15621,7.9089109148257135
15622,7.905864658885016
15623,7.901122442903128
15624,7.905028724765957
15625,7.900423905890386
15626,7.898557008533304
15627,7.902181526889778
15628,7.902612382618659
15629,7.900692692380234
15630,7.903561619668177
15631,7.913062041145565
15632,7.909244971102679
15633,7.905387979610648
15634,7.895845997374748
15635,7.897607147203635
15636,7.898141969211705
15637,7.901278735953135
15638,7.890490779356719
15639,7.886653387639328
15640,7.890267299387101
15641,7.895416749404823
15642,7.890006395807183
15643,7.893460468795022
15644,7.899905044171562
15645,7.895028718998688
15646,7.88641882508996
15647,7.889231111582543
15648,7.8915179303825544
15649,7.87872809956393
15650,7.880486006537217
15651,7.8847179177666185
15652,7.876294754812359
15653,7.881272989632641
15654,7.882309707526567
15655,7.886463964975139
15656,7.8834729189812744
15657,7.871445151508644
15658,7.869625937223834
15659,7.859080795872889
15660,7.844968967137683
15661,7.855827869844564
15662,7.863283244534858
15663,7.868345325346713
15664,7.868790533046508
15665,7.868148737028999
15666,7.865855848417961
15667,7.865005597236908
15668,7.863059028356408
15669,7.860632626467195
15670,7.858067600509858
15671,7.855794389605731
15672,7.866927929968685
15673,7.859102698350433
15674,7.848290895710398
15675,7.848879383600347
15676,7.853795018586731
15677,7.852154222982412
15678,7.85490851587663
15679,7.861204799993306
15680,7.866093891627185
15681,7.866119504340917
15682,7.867384789517493
15683,7.870556196191044
15684,7.874649850088285
15685,7.869750881615906
15686,7.86949662111088
15687,7.864364629260615
15688,7.8623368272325544
15689,7.862782966537228
15690,7.869833372233838
15691,7.867679680783523
15692,7.873590592746169
15693,7.877663646877202
15694,7.867827236224036
15695,7.873232691897417
15696,7.8687648036882125
15697,7.870750776515781
15698,7.870780248055804
15699,7.876427614499954
15700,7.8812374307407085
15701,7.884159199506991
15702,7.874203692988427
15703,7.876637611874017
15704,7.88033200422407
15705,7.8805755451039365
15706,7.885736533136953
15707,7.895292347920108
15708,7.903771886986103
15709,7.903512399949021
15710,7.9080077733525735
15711,7.903997317900465
15712,7.892691014399117
15713,7.880856711636822
15714,7.883664435747622
15715,7.882979019321935
15716,7.892347030009157
15717,7.891075048602781
15718,7.893657540142142
15719,7.896284387139952
15720,7.890303895732329
15721,7.889149130091697
15722,7.87711701830891
15723,7.877595156716969
15724,7.870673415916687
15725,7.871863556800544
15726,7.877896684275549
15727,7.88760178834974
15728,7.887669498782166
15729,7.887431334800926
15730,7.87907939886045
15731,7.874684658111071
15732,7.869876001949653
15733,7.864658145430823
15734,7.866935020401988
15735,7.862428613731364
15736,7.855988182044632
15737,7.8697159512782155
15738,7.87581765708194
15739,7.87509634704362
15740,7.871857277407018
15741,7.861162106625903
15742,7.862352236645422
15743,7.8668078782321365
15744,7.866061592602828
15745,7.8720082654344985
15746,7.878085636549002
15747,7.873583748411345
15748,7.8787755428987625
15749,7.876548339313282
15750,7.88176879088354
15751,7.876618298746251
15752,7.878426560977332
15753,7.883507539438307
15754,7.886006659748031
15755,7.8955686431958245
15756,7.902449097249851
15757,7.9057012883397
15758,7.908054903623235
15759,7.909179443860626
15760,7.913619885580885
15761,7.9175531330993865
15762,7.915469463954476
15763,7.915223990783159
15764,7.909841018851463
15765,7.916429804729938
15766,7.91558416573642
15767,7.9128940906688365
15768,7.913875766471082
15769,7.916220817058137
15770,7.924121020107711
15771,7.920520892499732
15772,7.91393607033548
15773,7.919420291084744
15774,7.920722216721203
15775,7.921097660950898
15776,7.9239640127894075
15777,7.930582051172534
15778,7.935581466912715
15779,7.943536965368939
15780,7.938480075922006
15781,7.934901449856363
15782,7.928846729682261
15783,7.928166544878857
15784,7.923265400807097
15785,7.912387823306918
15786,7.923241326289308
15787,7.923180478545316
15788,7.934161429654648
15789,7.9352001714421885
15790,7.932993896813692
15791,7.931498881517948
15792,7.917732277440866
15793,7.912357220252632
15794,7.918220728870969
15795,7.909382141275219
15796,7.908087838952459
15797,7.901774491012813
15798,7.897341380642518
15799,7.894444460498236
15800,7.897841071748287
15801,7.900745936037404
15802,7.905382673958261
15803,7.903194222584898
15804,7.892571937891711
15805,7.894731040735736
15806,7.897294913461978
15807,7.907833249102969
15808,7.912197774563835
15809,7.9166789762609
15810,7.924421274117009
15811,7.933123347874266
15812,7.929999619059582
15813,7.9376442266036005
15814,7.942097702315978
15815,7.931944403972139
15816,7.941438483505959
15817,7.92974510911058
15818,7.928922623276981
15819,7.926610148410956
15820,7.921664370306391
15821,7.914824056663312
15822,7.921011329509876
15823,7.91828150254882
15824,7.916392517028255
15825,7.9141541746572255
15826,7.90868016203123
15827,7.910125674311959
15828,7.909836077090742
15829,7.912122007808477
15830,7.9181729175234015
15831,7.919229539244762
15832,7.925570611426317
15833,7.928692739818823
15834,7.934815278723401
15835,7.930101447657534
15836,7.9320147886463985
15837,7.932925966617918
15838,7.93582076021808
15839,7.94037875874703
15840,7.954242930038272
15841,7.954873775310869
15842,7.961484983565368
15843,7.963459564312653
15844,7.951848189819389
15845,7.946253472355792
15846,7.946412939206076
15847,7.949496610617298
15848,7.945747713679288
15849,7.930736242875742
15850,7.936526041189582
15851,7.935159967737888
15852,7.939113088746669
15853,7.937556819170384
15854,7.937786672437935
15855,7.935491344056103
15856,7.94356708950612
15857,7.943659128825426
15858,7.942454735288054
15859,7.950609872043606
15860,7.957780785264149
15861,7.966151843225609
15862,7.971108234590844
15863,7.970823697079642
15864,7.961781011698526
15865,7.9669848457725685
15866,7.965345593153491
15867,7.961839569991427
15868,7.967752589297181
15869,7.9728202815978015
15870,7.976841962973114
15871,7.976983325967508
15872,7.976494715498107
15873,7.973729206357785
15874,7.981251092693981
15875,7.993293386567788
15876,7.98911255123697
15877,7.985231758310374
15878,7.988676103656671
15879,8.000297199539968
15880,7.99669472787013
15881,8.001760121619373
15882,7.996671144340589
15883,7.9962064771113885
15884,7.994249033718403
15885,7.997439104887706
15886,8.00502258028936
15887,8.005098686291698
15888,8.004025460694185
15889,8.00424221069966
15890,8.010522426940874
15891,8.00775602415029
15892,8.008975188337269
15893,8.005926430463868
15894,8.010963026294311
15895,8.002734053138944
15896,8.002419654145656
15897,8.003791057448781
15898,8.000223044041727
15899,8.00389426218174
15900,8.01117897795449
15901,8.010228215875319
15902,8.009447980186948
15903,8.005188566982968
15904,8.008361902278526
15905,8.003482083719485
15906,8.00994081676498
15907,8.011609187867005
15908,8.016339685994355
15909,8.021745125902092
15910,8.021234436036066
15911,8.027356463715332
15912,8.022561895153096
15913,8.0301376010423
15914,8.033319706663129
15915,8.023590874447526
15916,8.019067453424723
15917,8.023474572454358
15918,8.02032806807634
15919,8.010511847592598
15920,8.01194088900797
15921,8.01315250124777
15922,8.00962082945437
15923,8.006827292612407
15924,7.9963320720793964
15925,8.00605752996298
15926,8.020326670936266
15927,8.018673456731909
15928,8.026886664088435
15929,8.025354742441236
15930,8.02342149476301
15931,8.022660792769589
15932,8.028993215794516
15933,8.016586281878832
15934,8.013262133780655
15935,8.005620687502061
15936,8.014634074848871
15937,8.016793328902189
15938,8.010609589203241
15939,8.005797470567368
15940,8.008285183395866
15941,7.995671718809514
15942,8.009861879235839
15943,8.00892253476725
15944,8.011930230350485
15945,8.005121157899927
15946,8.006549453130264
15947,7.999063747265176
15948,7.9943048189150145
15949,8.001637366187293
15950,8.00665153426334
15951,8.012749968378408
15952,8.022482876144547
15953,8.027757949188763
15954,8.032804597800158
15955,8.027190633824477
15956,8.023293843961737
15957,8.022711852145186
15958,8.027431985669727
15959,8.029704224263938
15960,8.035040352493024
15961,8.030212998123384
15962,8.037046546909266
15963,8.036507096283641
15964,8.039225732251534
15965,8.038335083728121
15966,8.030847988396577
15967,8.030872113942529
15968,8.02382004083251
15969,8.022504863238641
15970,8.035410810014692
15971,8.035380252160065
15972,8.035862586068289
15973,8.03761072116814
15974,8.032515306600175
15975,8.03644625353598
15976,8.031790104671625
15977,8.020655112161753
15978,8.014997441144924
15979,8.021423023797464
15980,8.018392669946325
15981,8.01678381293933
15982,8.030289079870498
15983,8.0268993634802
15984,8.036188362864054
15985,8.026945952904772
15986,8.025128729331701
15987,8.023945487052035
15988,8.016742791695876
15989,8.023329042782523
15990,8.019044672394505
15991,8.02022097393066
15992,8.021174958287455
15993,8.02242555537966
15994,8.021671213896648
15995,8.021635959724163
15996,8.021821782392115
15997,8.023675742186928
15998,8.021534486074119
15999,8.02089099594304
16000,8.0232640602236
16001,8.025902682251832
16002,8.030376570302282
16003,8.033982195523361
16004,8.046386410372532
16005,8.041609314582479
16006,8.034590311688838
16007,8.035403280268277
16008,8.035883291866476
16009,8.040298675822578
16010,8.038699394540956
16011,8.035899046000559
16012,8.04088139573394
16013,8.047776177390318
16014,8.048733763373324
16015,8.05693287294037
16016,8.057747098439496
16017,8.067615142843623
16018,8.064380774778579
16019,8.066038801996392
16020,8.060693741631246
16021,8.059370410922956
16022,8.069195027983683
16023,8.070485812202572
16024,8.07430838002333
16025,8.08232821028661
16026,8.075543844422748
16027,8.083981432302734
16028,8.077946724438423
16029,8.075190925263971
16030,8.07242205159549
16031,8.067408629563328
16032,8.081588854009937
16033,8.089960981212315
16034,8.09077145356159
16035,8.098129506063346
16036,8.094383391369856
16037,8.096507960799824
16038,8.105192809148065
16039,8.104264339254536
16040,8.106531581059722
16041,8.104756197724424
16042,8.09791839342028
16043,8.094510010757459
16044,8.100239457189629
16045,8.103406321910304
16046,8.098657056909692
16047,8.094528888578244
16048,8.094690446366984
16049,8.085918131333226
16050,8.079873983553412
16051,8.071947473386068
16052,8.077751889689017
16053,8.07055387982857
16054,8.068248955222758
16055,8.081597488817486
16056,8.066773528146374
16057,8.072206363045943
16058,8.073839289135083
16059,8.084409577133886
16060,8.082971658692898
16061,8.082242046171324
16062,8.078735700016336
16063,8.089183512213022
16064,8.090361169768581
16065,8.091432886618186
16066,8.091085135468658
16067,8.09017001933776
16068,8.089086626919643
16069,8.089244845034335
16070,8.086301409117194
16071,8.084431173155837
16072,8.09139214638271
16073,8.094338286448156
16074,8.096582068136648
16075,8.105597102641239
16076,8.098278343585793
16077,8.093587320638752
16078,8.092201286273447
16079,8.091834393272427
16080,8.090894243123374
16081,8.092204706845214
16082,8.09226354776355
16083,8.093792787245087
16084,8.101180414773271
16085,8.10861397520071
16086,8.100849545085781
16087,8.112686569053018
16088,8.108823992167414
16089,8.11300046312899
16090,8.114680792429901
16091,8.113805769931153
16092,8.114396078080167
16093,8.115106123391081
16094,8.113175347215883
16095,8.118564556477873
16096,8.115423462541495
16097,8.11640184936489
16098,8.12076667262226
16099,8.119137822744843
16100,8.11801523665842
16101,8.119399887808644
16102,8.123247372330301
16103,8.118233669125862
16104,8.124765268175066
16105,8.132753581963362
16106,8.141086407545425
16107,8.15093962523995
16108,8.147786999794587
16109,8.142315775378233
16110,8.142690286680269
16111,8.142348056224943
16112,8.141649003473814
16113,8.147822527441408
16114,8.14027805999935
16115,8.131017146681204
16116,8.131520928368348
16117,8.132497102268271
16118,8.137227415815184
16119,8.13103188353933
16120,8.133263394497519
16121,8.122461481167171
16122,8.12748286513306
16123,8.133792197764548
16124,8.13262168733932
16125,8.131758968580561
16126,8.120544739920646
16127,8.119603627062634
16128,8.120232517810232
16129,8.125635116234815
16130,8.122674286308115
16131,8.12428982029726
16132,8.122852415852645
16133,8.13045750890519
16134,8.130558156202639
16135,8.141168059790548
16136,8.14612297472621
16137,8.155192245372081
16138,8.156674258635855
16139,8.16370388651092
16140,8.16411294066345
16141,8.161390042083458
16142,8.165795196779543
16143,8.166315499400302
16144,8.17022032599225
16145,8.175184924442853
16146,8.171349688545998
16147,8.170458642176083
16148,8.170049792081082
16149,8.175813269870869
16150,8.185083363703002
16151,8.184407929418681
16152,8.181558902513942
16153,8.17765220718701
16154,8.172544961687915
16155,8.18411023454895
16156,8.192576934553538
16157,8.196593083059422
16158,8.195964416410073
16159,8.207328545411757
16160,8.196622711096605
16161,8.203618925010334
16162,8.206525516653356
16163,8.213288762535544
16164,8.211600223015042
16165,8.210854882044014
16166,8.194389605786458
16167,8.191725999594292
16168,8.190343836806678
16169,8.195596492382597
16170,8.186893905496115
16171,8.18736741685522
16172,8.175534508052131
16173,8.179349617299598
16174,8.188969812576563
16175,8.19394957814087
16176,8.187584453953168
16177,8.184533354620566
16178,8.190772644264197
16179,8.190973457858451
16180,8.19132611819823
16181,8.190768672242084
16182,8.188842255318997
16183,8.19268301079374
16184,8.18283512037213
16185,8.17534639363708
16186,8.173430680635558
16187,8.175318737233779
16188,8.178209788378702
16189,8.16981076642905
16190,8.16555893262615
16191,8.16311082279532
16192,8.15280016409829
16193,8.148324287490311
16194,8.13632038000436
16195,8.137555544014106
16196,8.132729421617084
16197,8.126626334832899
16198,8.123893286390015
16199,8.125393777515457
16200,8.126682832544542
16201,8.127027766989478
16202,8.127755089239017
16203,8.12263015310945
16204,8.119089168196293
16205,8.111680487633189
16206,8.115994756965884
16207,8.118920625364638
16208,8.119758361390524
16209,8.108326381148261
16210,8.099553080421806
16211,8.102879233594283
16212,8.096850465444938
16213,8.099676727806395
16214,8.110503705346787
16215,8.106164210626124
16216,8.119257116912319
16217,8.114752669832624
16218,8.11917514776933
16219,8.106772841929567
16220,8.108522870174038
16221,8.106878806342088
16222,8.092961534402692
16223,8.094854526976036
16224,8.092486525248624
16225,8.104435845181422
16226,8.10869361036286
16227,8.102425019834962
16228,8.102940597341329
16229,8.096996827879025
16230,8.09580150360967
16231,8.099804018808987
16232,8.096493893684423
16233,8.094907562452391
16234,8.095640833900706
16235,8.095309845807131
16236,8.091431725286203
16237,8.094792438179484
16238,8.095270281523716
16239,8.090040407224327
16240,8.081607650919732
16241,8.078782352643444
16242,8.076062843750629
16243,8.075991611550064
16244,8.072251179202828
16245,8.083498858067971
16246,8.086832644591993
16247,8.08418955583807
16248,8.070835606232714
16249,8.069694805272368
16250,8.065966998045498
16251,8.067899639387262
16252,8.072725226685902
16253,8.066351930797063
16254,8.066392577327976
16255,8.054279199768642
16256,8.052842893175221
16257,8.046882257204315
16258,8.043023107606981
16259,8.041854099174119
16260,8.053488566746209
16261,8.061737959009202
16262,8.056899062164192
16263,8.05683850861097
16264,8.048196249783242
16265,8.046794101047393
16266,8.048335693272296
16267,8.039976654317082
16268,8.045873343374618
16269,8.05367988234278
16270,8.051325840266383
16271,8.057386034645559
16272,8.050386560481213
16273,8.046579616781834
16274,8.040836531035144
16275,8.046701593380662
16276,8.045211709432927
16277,8.049146412696523
16278,8.052602518687438
16279,8.06114908142253
16280,8.057869986013712
16281,8.054340633586285
16282,8.058633085791417
16283,8.062610040775954
16284,8.054962891483582
16285,8.05222000784457
16286,8.056998276109875
16287,8.05780075724677
16288,8.05298091563232
16289,8.058143219391287
16290,8.064347808443461
16291,8.065683071060615
16292,8.06182459306052
16293,8.060703259226564
16294,8.061256091792362
16295,8.058765777990635
16296,8.073537310352485
16297,8.069398778316629
16298,8.065581039326066
16299,8.05935530225337
16300,8.064469533958103
16301,8.070757037901183
16302,8.071574827194135
16303,8.063698069761777
16304,8.061824725406543
16305,8.06031097846777
16306,8.065319710854926
16307,8.06548085668805
16308,8.066162890942286
16309,8.064227731522088
16310,8.070139398884633
16311,8.066097941216222
16312,8.067629236826285
16313,8.059457458655121
16314,8.059809123772538
16315,8.055688951382349
16316,8.061592873242976
16317,8.06400018179686
16318,8.063692455060464
16319,8.066208075277775
16320,8.0676478175775
16321,8.067595688695622
16322,8.06453186551905
16323,8.060710582132806
16324,8.063041365507681
16325,8.061886117111067
16326,8.062955886093096
16327,8.058116794693818
16328,8.06555520824745
16329,8.06712540127942
16330,8.059892274470913
16331,8.05691237608049
16332,8.047946496796483
16333,8.051297894874043
16334,8.05350936114105
16335,8.047769250274474
16336,8.052118071309238
16337,8.050462895727438
16338,8.053600151443838
16339,8.041413425086658
16340,8.043670795188714
16341,8.027306759736115
16342,8.019784677313261
16343,8.02629154844097
16344,8.024709913954487
16345,8.020372071311362
16346,8.01094754825575
16347,8.003159246350249
16348,8.003238167706105
16349,8.005072748490571
16350,7.999802900330707
16351,7.996938714023119
16352,8.001409181053717
16353,8.00557357845545
16354,8.01289996206498
16355,8.01981637625368
16356,8.01983217308789
16357,8.019776476628149
16358,8.024853182616798
16359,8.03118819681469
16360,8.032688276451942
16361,8.04245319534646
16362,8.046380205442151
16363,8.037177757260697
16364,8.035607682626956
16365,8.031069757629615
16366,8.034645354905884
16367,8.0415131270563
16368,8.044553399354491
16369,8.04819946585237
16370,8.050465618347124
16371,8.05066061282905
16372,8.049394850998118
16373,8.051822767904245
16374,8.047819975341351
16375,8.04219114209098
16376,8.04441801778648
16377,8.045244921518346
16378,8.049918034291126
16379,8.052386977148798
16380,8.052109755824477
16381,8.04944878932662
16382,8.042284118538813
16383,8.043500559004151
16384,8.045093209840887
16385,8.035641260526114
16386,8.041585092606576
16387,8.038011814292597
16388,8.030382697290888
16389,8.023481376130952
16390,8.020071948367669
16391,8.010002829124332
16392,8.015355666657264
16393,8.017912830389637
16394,8.031092744864424
16395,8.017446195036182
16396,8.016086864409472
16397,8.009310815133121
16398,8.004685462765996
16399,8.003735325776153
16400,8.010223475249786
16401,7.997504014735591
16402,7.98709784599682
16403,7.97874139654379
16404,7.982460953782625
16405,7.984700784238685
16406,7.994023417973528
16407,7.997816873534919
16408,7.991690729429653
16409,7.990773574844416
16410,7.994171905817306
16411,7.992806765257656
16412,8.000725259558545
16413,7.998977744157667
16414,8.002447574587288
16415,7.995679281942232
16416,8.00416386188947
16417,8.010171874575107
16418,8.010790738685243
16419,8.009903633130532
16420,8.003525162791222
16421,8.005265834263387
16422,8.008046250041524
16423,8.003562460256203
16424,8.009994195859123
16425,8.01812484014223
16426,8.015095566489322
16427,8.014480268065599
16428,8.006535375265452
16429,8.010347446984323
16430,8.01174700714804
16431,8.010508502118011
16432,8.012400945634699
16433,8.0181673183158
16434,8.018568015195248
16435,8.016937199771634
16436,8.030522952350836
16437,8.035321408925276
16438,8.03430336706942
16439,8.032334255571886
16440,8.027350281744928
16441,8.032188072292373
16442,8.028432978874397
16443,8.031879344016476
16444,8.039716414976532
16445,8.048636553404155
16446,8.044426326298046
16447,8.04161065097357
16448,8.048349517558865
16449,8.053361207972678
16450,8.0547384802687
16451,8.050536108684826
16452,8.062576124171533
16453,8.054699853483548
16454,8.05226731191341
16455,8.054553819353043
16456,8.045564806600805
16457,8.050698353725222
16458,8.042226567149338
16459,8.045381603637361
16460,8.045975022903203
16461,8.056139923823155
16462,8.063295460633684
16463,8.057545318922617
16464,8.058908764779968
16465,8.05936514262803
16466,8.052216298281039
16467,8.061288734280485
16468,8.061280065114248
16469,8.066104032069866
16470,8.068276967591272
16471,8.0628407120871
16472,8.06100698611576
16473,8.061602809394369
16474,8.063068259272715
16475,8.06605664625215
16476,8.065927959677685
16477,8.066660224383892
16478,8.075624798013635
16479,8.080825759278941
16480,8.082621001505734
16481,8.078673505157434
16482,8.078456784929676
16483,8.080366672066695
16484,8.08060399833007
16485,8.073439372082596
16486,8.072484749783602
16487,8.07435331136778
16488,8.082432970317761
16489,8.073852917705207
16490,8.075044364386056
16491,8.064698649264946
16492,8.058238260659609
16493,8.059517662938166
16494,8.05614765475773
16495,8.065148350414121
16496,8.064233461266216
16497,8.067471409631233
16498,8.06839338139137
16499,8.061917538301536
16500,8.058437784607749
16501,8.049656429419281
16502,8.05578973615096
16503,8.054242741526243
16504,8.056614834901863
16505,8.058817367136594
16506,8.05279505095946
16507,8.053129399921877
16508,8.051638743947292
16509,8.052134965857778
16510,8.062440228219428
16511,8.055646356773563
16512,8.055319169852282
16513,8.055327317348532
16514,8.058382212368107
16515,8.054969394253174
16516,8.057802436974594
16517,8.057513838347242
16518,8.057320861253052
16519,8.056876771532266
16520,8.061309967025572
16521,8.067428765366888
16522,8.061658169837422
16523,8.062492788892566
16524,8.065269786835042
16525,8.066197133802072
16526,8.06201830727805
16527,8.06162858928862
16528,8.061494316614935
16529,8.06029766172114
16530,8.054265891626766
16531,8.057308168791943
16532,8.054340066871042
16533,8.062557112347479
16534,8.05429007184657
16535,8.050859561775763
16536,8.049688140405939
16537,8.051177875806935
16538,8.05463276263022
16539,8.053148043086772
16540,8.049599004394768
16541,8.04460805157333
16542,8.04996232032905
16543,8.0439476439423
16544,8.040812248469498
16545,8.045238953709662
16546,8.040932672311984
16547,8.042097925707655
16548,8.037975004806581
16549,8.03842021498222
16550,8.034099456728013
16551,8.033206519852188
16552,8.03112829004213
16553,8.030691427912613
16554,8.026648974807681
16555,8.022548498006083
16556,8.020110547445904
16557,8.021869011859518
16558,8.0187504787135
16559,8.024056914021811
16560,8.019636005518684
16561,8.019534644163963
16562,8.019413647699073
16563,8.016155559038161
16564,8.012305246824122
16565,8.013246906051549
16566,8.022323974862404
16567,8.015264864662429
16568,8.021242347705007
16569,8.021411071796802
16570,8.024612975657833
16571,8.025955726091158
16572,8.032591404152235
16573,8.030622443311785
16574,8.031655405866639
16575,8.033835165178694
16576,8.029709866363076
16577,8.030229093405206
16578,8.025894743052566
16579,8.02628763920444
16580,8.020336918968347
16581,8.028567167118833
16582,8.032229684018832
16583,8.031731533455773
16584,8.029753908914588
16585,8.03954524074269
16586,8.041115343322996
16587,8.04299616229187
16588,8.036139314913287
16589,8.033094462891242
16590,8.036326492575368
16591,8.04196278848891
16592,8.037455963431059
16593,8.033275212807231
16594,8.034061807615116
16595,8.030614106518177
16596,8.03682481052425
16597,8.032020309415092
16598,8.029709440317074
16599,8.024799835076298
16600,8.021470457971017
16601,8.01843200167382
16602,8.012106395393898
16603,8.020988944417853
16604,8.029582178343572
16605,8.030517852977976
16606,8.027848652144863
16607,8.009272914961238
16608,8.004740099301209
16609,8.000836213883796
16610,7.999875179216923
16611,7.986833249728318
16612,7.992609137235076
16613,7.99801366160447
16614,8.007400788843306
16615,8.0196077194606
16616,8.023086126066627
16617,8.025650152003774
16618,8.025945392163898
16619,8.026158440161419
16620,8.023169552816725
16621,8.018127338667489
16622,8.020194059298593
16623,8.01987649253353
16624,8.013871212494978
16625,8.023863744337811
16626,8.020988045289464
16627,8.023485052314033
16628,8.019755788496939
16629,8.018555693570189
16630,8.012838937564435
16631,8.019308171517224
16632,8.019681084091651
16633,8.012642893731586
16634,8.010441637336688
16635,8.021424644719712
16636,8.009101832227143
16637,8.010909646304915
16638,8.020776525175886
16639,8.018251986362284
16640,8.016224623953475
16641,8.020349984972366
16642,8.026493445356254
16643,8.035128252540366
16644,8.036847696561251
16645,8.032789748501584
16646,8.030041786863116
16647,8.027488273550482
16648,8.036811991748484
16649,8.03347629058317
16650,8.040706459576562
16651,8.041876372104968
16652,8.044631357814811
16653,8.047990536808962
16654,8.037809512034668
16655,8.038856539841909
16656,8.032275247618049
16657,8.035340343901305
16658,8.025886322707382
16659,8.02129553177439
16660,8.018896009853488
16661,8.026127329142152
16662,8.01887583848134
16663,8.020540163273703
16664,8.01750396308084
16665,8.007207833221845
16666,8.00804017212903
16667,8.01399509524078
16668,8.009629541182203
16669,8.00456744246761
16670,8.00633878186787
16671,8.002353936118118
16672,8.000205273362855
16673,8.001182120478559
16674,8.009688055588535
16675,8.008263903257868
16676,7.994193456349344
16677,7.996808517036345
16678,7.997742024073899
16679,7.990216695270565
16680,8.003039069714857
16681,8.004899604014607
16682,8.004004030395377
16683,7.9966201139473405
16684,7.993701053813695
16685,7.997767945872075
16686,8.001156904090877
16687,7.996396538850743
16688,7.9932464661302465
16689,7.983664207056575
16690,7.98544615921749
16691,7.9937080294403975
16692,7.9932054954518765
16693,7.994681902128165
16694,7.98872967900105
16695,7.988050611321251
16696,7.999540323845961
16697,7.998642758747652
16698,8.005712872451292
16699,8.012456312992759
16700,8.00623397901278
16701,8.001657064260577
16702,8.003281731542884
16703,8.004328339584584
16704,7.994046396443551
16705,7.985288080416854
16706,7.992734606983348
16707,7.994477182112632
16708,8.00015332681512
16709,7.994873714938911
16710,7.996398269537461
16711,7.995391700855062
16712,7.9927801839468815
16713,7.985263878241887
16714,7.987948439052659
16715,7.982058646050398
16716,7.979945836329191
16717,7.9707119485783124
16718,7.96784217601426
16719,7.965650935652031
16720,7.967132327689509
16721,7.974776074412043
16722,7.973682894233336
16723,7.968993599137236
16724,7.963404505240532
16725,7.96158357878915
16726,7.9640014378266955
16727,7.960977400183065
16728,7.974380902348049
16729,7.978100701420749
16730,7.973115972746386
16731,7.98279425038572
16732,7.982321371884664
16733,7.983284765326736
16734,7.984921083994422
16735,7.980080368131775
16736,7.979635308259682
16737,7.968359928283444
16738,7.979960513004977
16739,7.985510015012163
16740,7.986061336474825
16741,7.9860539744480405
16742,7.9797418540922616
16743,7.979487306771059
16744,7.983018333994409
16745,7.975989043812012
16746,7.977744533054863
16747,7.976487977102751
16748,7.972950620354805
16749,7.971658190017433
16750,7.966543884042655
16751,7.969172660107731
16752,7.970373543406741
16753,7.961493174923876
16754,7.9545589934481775
16755,7.9441811191288965
16756,7.943132045113594
16757,7.937362549904311
16758,7.931724956158463
16759,7.933113275815886
16760,7.9318042233730575
16761,7.9275071586938894
16762,7.934137473149991
16763,7.940894313014648
16764,7.945685202787548
16765,7.944604447056656
16766,7.949968933276495
16767,7.9581084128417805
16768,7.953782579219399
16769,7.955306406979566
16770,7.955075697581011
16771,7.9493644477295975
16772,7.9478721698563515
16773,7.9514563829607185
16774,7.957944676502757
16775,7.958944862791628
16776,7.950576644726325
16777,7.9483895896160535
16778,7.9554854069675365
16779,7.961228159012098
16780,7.957917486203584
16781,7.957511311742662
16782,7.958808301146758
16783,7.960889237113757
16784,7.958156602816131
16785,7.9558124462324855
16786,7.957762282915691
16787,7.9569610637261565
16788,7.960410057666291
16789,7.951742575435989
16790,7.954599602956781
16791,7.961855608338582
16792,7.960243393210083
16793,7.963430299492594
16794,7.966621445085293
16795,7.969410061277026
16796,7.971932031116356
16797,7.972868480252083
16798,7.973870063702687
16799,7.961746029917256
16800,7.9626718572128645
16801,7.969482391690671
16802,7.9634051421584084
16803,7.970453384546319
16804,7.968550477863319
16805,7.968883902716286
16806,7.9630286664217955
16807,7.961388788839279
16808,7.950512794453062
16809,7.952795585226322
16810,7.952789232494279
16811,7.948050153165079
16812,7.942790468770294
16813,7.949862703964504
16814,7.948022692590153
16815,7.948777230093982
16816,7.942021115899477
16817,7.948386930162159
16818,7.944600075751217
16819,7.9423257459175955
16820,7.946303788089159
16821,7.950831593454498
16822,7.948709162083693
16823,7.949746209058656
16824,7.947893912618685
16825,7.940839298274472
16826,7.9414729647157625
16827,7.9397727250661365
16828,7.9421608635681356
16829,7.945942805172521
16830,7.942397988199064
16831,7.9296035822006115
16832,7.93489825567957
16833,7.940886466291434
16834,7.936847318874835
16835,7.937291801830373
16836,7.931634889768485
16837,7.939552882776836
16838,7.931314559893026
16839,7.9251148463718675
16840,7.931618526610104
16841,7.929932353503066
16842,7.935641786301697
16843,7.94012556139271
16844,7.927323209307517
16845,7.926324793112242
16846,7.925166532681996
16847,7.935623726583032
16848,7.9461857764362005
16849,7.945669684047384
16850,7.94452485809176
16851,7.953392884783237
16852,7.946486450176879
16853,7.938439087563017
16854,7.928026053030973
16855,7.911140718089138
16856,7.907232668238519
16857,7.906409447959771
16858,7.902715953904378
16859,7.899083977568386
16860,7.89613519242891
16861,7.909065670089962
16862,7.906298842063683
16863,7.910470196066058
16864,7.910395248482628
16865,7.908576673192801
16866,7.912110737073799
16867,7.911015323157261
16868,7.918614485478839
16869,7.915564941513165
16870,7.9161653176974704
16871,7.914695602067892
16872,7.913528244703999
16873,7.907651261743248
16874,7.902577513550257
16875,7.890708440006849
16876,7.902142861954119
16877,7.901192878401771
16878,7.896157459496268
16879,7.896806894801343
16880,7.9022514170042415
16881,7.903125664067646
16882,7.904677932654412
16883,7.900887749119415
16884,7.8994145465199725
16885,7.899621958212809
16886,7.901500466247258
16887,7.905473231486307
16888,7.894706199905529
16889,7.897718860603297
16890,7.896333832131368
16891,7.89332432283568
16892,7.8869067208530375
16893,7.884499658276521
16894,7.886060545544108
16895,7.884721923118165
16896,7.890134086321457
16897,7.884483678250949
16898,7.895400804888928
16899,7.894463538442516
16900,7.902342966372513
16901,7.897641760230218
16902,7.896183984788577
16903,7.886695716925107
16904,7.885865062840257
16905,7.890579732968364
16906,7.8860003700415
16907,7.887897641103019
16908,7.895547845467432
16909,7.8938979978894235
16910,7.9001712565653985
16911,7.908370657440048
16912,7.907385066050926
16913,7.906029859370095
16914,7.904580042267946
16915,7.90998475098734
16916,7.909592426449963
16917,7.912901022910662
16918,7.91510699309214
16919,7.923484955707144
16920,7.911235782428225
16921,7.906879434699001
16922,7.9222259559988535
16923,7.931010305506837
16924,7.933310684261445
16925,7.9224850342234046
16926,7.925611965973922
16927,7.9221843713602205
16928,7.923657184637689
16929,7.936155907621306
16930,7.927844896322176
16931,7.923335610233587
16932,7.923838224077598
16933,7.927972941032806
16934,7.934307653716015
16935,7.9291680807614044
16936,7.920657049920886
16937,7.924455316704788
16938,7.914784376050172
16939,7.915632246749651
16940,7.920726134289489
16941,7.916568140401796
16942,7.9217951535864755
16943,7.9277247794434675
16944,7.935670554111966
16945,7.941472591018676
16946,7.935872529623606
16947,7.935195671389165
16948,7.934500200904426
16949,7.934365527704426
16950,7.934562841405262
16951,7.931502081701421
16952,7.93104273332799
16953,7.9425995899071244
16954,7.93061637138959
16955,7.935372205361029
16956,7.940863623753027
16957,7.955624445289475
16958,7.954616614606796
16959,7.959825864694365
16960,7.95661707684213
16961,7.956448877758434
16962,7.9569483740674265
16963,7.960178574319618
16964,7.962892565078138
16965,7.96596221106371
16966,7.964077221722038
16967,7.962284899486116
16968,7.947558426460592
16969,7.945469502064322
16970,7.943669117538813
16971,7.932496650256921
16972,7.94389950523558
16973,7.936724212724059
16974,7.93327407879861
16975,7.938449736501298
16976,7.9396064620532885
16977,7.952388023158286
16978,7.944881963483363
16979,7.938829398256056
16980,7.940103447529955
16981,7.949880340660329
16982,7.9531228003049
16983,7.952705571343244
16984,7.959762022066394
16985,7.959953630133156
16986,7.963440785115636
16987,7.968539944227472
16988,7.97644340898339
16989,7.972210807150807
16990,7.971961155073447
16991,7.970046549551682
16992,7.968803542212428
16993,7.97686212035168
16994,7.98420162328623
16995,7.986834882522743
16996,7.993456633946652
16997,7.994375538406057
16998,7.994497315152541
16999,7.993680308609613
17000,7.98881543433669
17001,7.991800201275322
17002,7.992788081228531
17003,7.990075009032462
17004,7.986561361214634
17005,7.986219618029812
17006,7.98374909121925
17007,7.9726720971454
17008,7.969889080484569
17009,7.9699343756068455
17010,7.97068579050116
17011,7.970342975449712
17012,7.973040542584917
17013,7.969656145073378
17014,7.9798904163047455
17015,7.975199050182911
17016,7.973066684402648
17017,7.978652734114109
17018,7.967705769211967
17019,7.972045685927093
17020,7.9667237306438885
17021,7.964679160658476
17022,7.958419102846045
17023,7.957688780140251
17024,7.967301348423607
17025,7.971003412606859
17026,7.974059771913641
17027,7.975132383028056
17028,7.9718739281728555
17029,7.97583870750345
17030,7.973976925771521
17031,7.976264157005215
17032,7.979177649102684
17033,7.9855234186179755
17034,7.984008024423122
17035,7.978835625504149
17036,7.974829296265197
17037,7.978891405367105
17038,7.979192893432216
17039,7.981245838791326
17040,7.985471524364788
17041,7.984015246588467
17042,7.989498129137794
17043,7.99611104395539
17044,7.9960339280416886
17045,7.995801031276584
17046,8.000057506942175
17047,7.995011997026043
17048,7.996924785870594
17049,7.994936212198056
17050,7.989824444741669
17051,7.998792483404693
17052,7.999748331775665
17053,7.9930255263011984
17054,7.992642094921939
17055,7.982786649664627
17056,7.996741647240956
17057,7.9894636369794805
17058,7.997835091916719
17059,8.004379933222161
17060,8.002714385898907
17061,8.007063972846002
17062,8.00881685584382
17063,8.0057586305508
17064,8.009377165932435
17065,8.00309030283371
17066,8.001228339162257
17067,8.005083347704392
17068,8.001382486855777
17069,8.004489279212548
17070,8.008803850433287
17071,8.009769789299728
17072,8.001052438344578
17073,7.998959916774485
17074,7.997056795976115
17075,8.00283317000213
17076,7.996452230878263
17077,7.991602749468524
17078,7.997376672461061
17079,7.9985022649973505
17080,7.997028271141704
17081,7.997886278019433
17082,8.005212327455988
17083,8.00468800356778
17084,8.014339938517452
17085,8.016368179746072
17086,8.02443170969983
17087,8.022305687134432
17088,8.019155702362555
17089,8.019495958202299
17090,8.022885893654834
17091,8.019348433702126
17092,8.020604483795326
17093,8.020377810744533
17094,8.022400300566938
17095,8.031820860465508
17096,8.034215920212336
17097,8.027534485627825
17098,8.031510360829495
17099,8.027371312564522
17100,8.028877381426941
17101,8.025257580044833
17102,8.018628326018975
17103,8.014591549523365
17104,8.019285966589576
17105,8.023837024191609
17106,8.024571401993569
17107,8.032779797651285
17108,8.033912957264796
17109,8.040119794279995
17110,8.04048198789538
17111,8.048238518585354
17112,8.043091263606053
17113,8.054989818321097
17114,8.060470971202925
17115,8.07123961115432
17116,8.072785125255423
17117,8.074405628909195
17118,8.065951323570433
17119,8.063568489725489
17120,8.060066214624772
17121,8.06262163930708
17122,8.061882800654379
17123,8.06182279423376
17124,8.060569962378588
17125,8.063010252170608
17126,8.056091981747393
17127,8.052499250673664
17128,8.050014205054879
17129,8.04685408263107
17130,8.04221454591826
17131,8.052719383620802
17132,8.051763847679366
17133,8.057320152034015
17134,8.066715198471643
17135,8.059787455198057
17136,8.049834143332513
17137,8.043633196201924
17138,8.040302620403567
17139,8.04734222539129
17140,8.037761683434926
17141,8.029753071587747
17142,8.037251069247894
17143,8.041925756278138
17144,8.03764261865874
17145,8.038692144028882
17146,8.040766040813523
17147,8.03732447758718
17148,8.048318276115335
17149,8.050204285500564
17150,8.04308014681901
17151,8.043749045911257
17152,8.050204854593519
17153,8.055616574172806
17154,8.052081349716763
17155,8.052815257726293
17156,8.053553795774311
17157,8.048120633570596
17158,8.043007703539699
17159,8.04159224854362
17160,8.042046261767771
17161,8.044277673954301
17162,8.04071708841553
17163,8.039809218910722
17164,8.038938895379577
17165,8.054579260655911
17166,8.054945936562955
17167,8.061584586420652
17168,8.06029306385733
17169,8.054579302081482
17170,8.049735325418185
17171,8.053067308918493
17172,8.050736373032075
17173,8.049386956279509
17174,8.047530135778604
17175,8.051802551500627
17176,8.048526535577444
17177,8.05423505312583
17178,8.060950037511661
17179,8.058015446828728
17180,8.0573591299454
17181,8.056919655592095
17182,8.05302435965599
17183,8.054205077698334
17184,8.049997721840075
17185,8.046465464564312
17186,8.050512972500448
17187,8.06345975201625
17188,8.053485054224332
17189,8.05669015259188
17190,8.05510223002027
17191,8.05635398753684
17192,8.05890686973185
17193,8.05178496054939
17194,8.061616024200907
17195,8.059287328735858
17196,8.058850236521435
17197,8.051922063780104
17198,8.04999801216369
17199,8.049981705952376
17200,8.050620047534906
17201,8.0497891423942
17202,8.052096188193302
17203,8.042935906555506
17204,8.044680101445273
17205,8.046526703665805
17206,8.04659858040764
17207,8.056864925843154
17208,8.05479220229187
17209,8.059495099729444
17210,8.069948883865859
17211,8.084121037305952
17212,8.07232806369575
17213,8.07621360216559
17214,8.077568577585426
17215,8.071054488211356
17216,8.068304447901344
17217,8.06798436877204
17218,8.07201151663535
17219,8.07615218227094
17220,8.069720604078956
17221,8.058103382721546
17222,8.062849052423749
17223,8.062369283603704
17224,8.055823312798118
17225,8.05834018331328
17226,8.05393958837652
17227,8.04950488442359
17228,8.03868465016276
17229,8.049064491759735
17230,8.047410797097962
17231,8.053242440623226
17232,8.047194303665645
17233,8.048981298928934
17234,8.045511338173144
17235,8.045584364725936
17236,8.039426068793114
17237,8.040232953492955
17238,8.041909933026853
17239,8.03754102039129
17240,8.035052241433604
17241,8.035107993099551
17242,8.02850221811249
17243,8.023615000905576
17244,8.021881719962801
17245,8.019965470690336
17246,8.004933024624012
17247,8.008398394024006
17248,8.01381006454198
17249,8.007359529057494
17250,8.005606542061502
17251,8.006267291371197
17252,8.005055821751474
17253,8.002095734950666
17254,7.998621044992651
17255,8.009147129127827
17256,8.012833942813698
17257,8.00950522349399
17258,8.010800671188719
17259,8.005065756818004
17260,8.020945419667372
17261,8.027317114702967
17262,8.020409180986999
17263,8.02473933078344
17264,8.013507577486221
17265,8.015302086380427
17266,8.006663859290796
17267,8.003468569534316
17268,8.002236372249365
17269,8.002277290810014
17270,8.002370984172416
17271,7.999803193422509
17272,7.996472303655093
17273,7.990679677541601
17274,7.986575962870091
17275,7.999098580097352
17276,7.998676799342243
17277,7.989047333737717
17278,7.989038774503244
17279,7.9846684922071365
17280,7.975823346601755
17281,7.980936678619796
17282,7.987601128524753
17283,7.978893881838305
17284,7.980208346108303
17285,7.985955505476428
17286,7.972644315863568
17287,7.976421895449814
17288,7.973939561664532
17289,7.9780587090097494
17290,7.970759049469278
17291,7.965058664851154
17292,7.965150151903123
17293,7.971262069480127
17294,7.9672260732977405
17295,7.989087116571228
17296,7.988796989976975
17297,7.987393951431544
17298,7.984848007566701
17299,7.980975145208868
17300,7.980326510277062
17301,7.9652137803825
17302,7.968988589823035
17303,7.972119853017277
17304,7.97234452680381
17305,7.983542118314094
17306,7.979791752637985
17307,7.974806408016092
17308,7.985555255822069
17309,7.982851474910219
17310,7.978686196317073
17311,7.988454598292578
17312,7.988926630851067
17313,7.992778416129337
17314,7.997617065912129
17315,7.991320323284114
17316,8.001372770218234
17317,8.000511146640646
17318,7.997452648130068
17319,8.003167673568997
17320,8.000099639717611
17321,8.00314203898272
17322,7.996155914186204
17323,7.98855214955852
17324,7.978235612701337
17325,7.978350269628749
17326,7.981778021860723
17327,7.978982449674609
17328,7.981074840773939
17329,7.981035235562209
17330,7.9738140361562655
17331,7.9747450330914464
17332,7.971653364411395
17333,7.971475816671151
17334,7.982306786852435
17335,7.982692688247571
17336,7.979331587988164
17337,7.975120596521417
17338,7.973932077675577
17339,7.980141791436138
17340,7.985584734282256
17341,7.983346827693769
17342,7.996238317618255
17343,8.001871028512506
17344,7.9916201919022
17345,7.989034603054464
17346,7.979414522161755
17347,7.970947267562149
17348,7.971390457993618
17349,7.9754949571721605
17350,7.976995343924313
17351,7.9697831097126075
17352,7.9707335236672066
17353,7.971850207514929
17354,7.966541711226504
17355,7.961609258497296
17356,7.95932372190876
17357,7.9567225494152805
17358,7.972626045129799
17359,7.974217052264814
17360,7.966068188547037
17361,7.970083750076471
17362,7.975314747634666
17363,7.976811273744959
17364,7.979936717374057
17365,7.976665767812647
17366,7.975624368201746
17367,7.972085101675773
17368,7.977707697199285
17369,7.981848559645673
17370,7.978499488699598
17371,7.972666060223147
17372,7.973446101338797
17373,7.964532751949152
17374,7.954641252642869
17375,7.959069224499724
17376,7.957947077740331
17377,7.963355519839402
17378,7.9565518507959005
17379,7.959258973151481
17380,7.965618823588242
17381,7.97384693831533
17382,7.980282031278546
17383,7.9782908825749645
17384,7.984974321749912
17385,7.982066183409728
17386,7.981204235065417
17387,7.975017644674961
17388,7.961480183044798
17389,7.97033899704073
17390,7.967898411793658
17391,7.954537462745943
17392,7.948785915200016
17393,7.944785284231551
17394,7.948427611726982
17395,7.947554409701774
17396,7.9418292804608495
17397,7.939162433843184
17398,7.951350538980915
17399,7.949825213262641
17400,7.949164886404983
17401,7.950642207082769
17402,7.936206489502367
17403,7.930740391262246
17404,7.93131404473102
17405,7.922131761677267
17406,7.917682941502203
17407,7.9138346102690695
17408,7.911107850393118
17409,7.916095286797238
17410,7.930542891481225
17411,7.921761665743109
17412,7.922696565259996
17413,7.92000213883535
17414,7.922004904191343
17415,7.926170054146686
17416,7.931036976357538
17417,7.926198441620894
17418,7.92744504811135
17419,7.9319665022549435
17420,7.933209160322895
17421,7.936850018047939
17422,7.9329823233533165
17423,7.926957107111492
17424,7.927906805087319
17425,7.923325608098616
17426,7.926578446272058
17427,7.910200573602682
17428,7.916950663058317
17429,7.927289960795667
17430,7.919648275258028
17431,7.919113859137471
17432,7.91839111524055
17433,7.920144800127131
17434,7.91503316334701
17435,7.922224697546759
17436,7.91518405835792
17437,7.910412010086087
17438,7.911219910111657
17439,7.904171864076411
17440,7.906517898615778
17441,7.903065332262666
17442,7.900977188593155
17443,7.910379543043097
17444,7.902425660825413
17445,7.909032201408343
17446,7.913595883447361
17447,7.910521990258601
17448,7.922516697306875
17449,7.918405504336557
17450,7.917062916161712
17451,7.917200362615906
17452,7.921172223351015
17453,7.9257174400238455
17454,7.929138640396129
17455,7.933840473309433
17456,7.92866540115448
17457,7.918493982129899
17458,7.913469300901679
17459,7.914353092482338
17460,7.913253346494515
17461,7.919595759945557
17462,7.919039088057997
17463,7.922643302918886
17464,7.922761520510417
17465,7.917585994302277
17466,7.920084471267656
17467,7.915843780697826
17468,7.91608597138976
17469,7.902219092965054
17470,7.910695409279784
17471,7.905565599524285
17472,7.914704809946723
17473,7.912620971904327
17474,7.910132597754887
17475,7.926566025800397
17476,7.926894621170106
17477,7.91723004836492
17478,7.913779774608487
17479,7.912938725438037
17480,7.915123874840507
17481,7.9147736256871175
17482,7.920764055935321
17483,7.922474485802714
17484,7.9328078616789055
17485,7.928719375158548
17486,7.948008676753273
17487,7.957661614789225
17488,7.955991091907506
17489,7.97233577344083
17490,7.978093420423111
17491,7.98710517223905
17492,7.998031284358888
17493,8.003127178434342
17494,7.993966205462311
17495,7.993329624697371
17496,7.994813277996888
17497,7.999734588403672
17498,8.004312008557973
17499,8.001602757838643
17500,7.993649666761835
17501,7.988666466524057
17502,7.994071697111839
17503,7.987175308437075
17504,7.992735943848529
17505,7.989491611609631
17506,7.996675707796559
17507,7.996735188953897
17508,8.003773211408463
17509,8.00699603056765
17510,8.00394123976844
17511,8.003545692993155
17512,8.000667454183
17513,8.006236576429819
17514,8.013301030930734
17515,8.012358041496805
17516,8.01136893676057
17517,8.020904655919807
17518,8.023058969510938
17519,8.022611928323174
17520,8.025577956157214
17521,8.014936030807624
17522,8.010345403750279
17523,8.016447086552756
17524,8.016847424685867
17525,8.005356339017654
17526,8.009879440014457
17527,8.014378433452796
17528,8.016921376783891
17529,8.022615701292615
17530,8.027040986896344
17531,8.029681131507816
17532,8.034703690923585
17533,8.033215427863343
17534,8.03493215157369
17535,8.022514202193966
17536,8.008870385366421
17537,8.007819087252384
17538,8.008646839825976
17539,8.005989861836234
17540,8.003600508991374
17541,8.013204911425673
17542,8.005321471444589
17543,7.997666680266154
17544,7.992798733044343
17545,7.989537062724154
17546,7.996669679392283
17547,7.995704610876884
17548,7.98771942262213
17549,7.987082283257023
17550,7.99386682692137
17551,7.991129937531365
17552,7.9950971377316655
17553,7.987023808260775
17554,7.9790625883116935
17555,7.979823124214591
17556,7.979659675492458
17557,7.983808759329025
17558,7.984828183796892
17559,7.986108816788105
17560,7.989645242442284
17561,7.979021181165919
17562,7.961408057531698
17563,7.959666347679875
17564,7.96748937183716
17565,7.971567431984179
17566,7.968922737334141
17567,7.971532455491041
17568,7.965181754074938
17569,7.968013789446429
17570,7.967807837680977
17571,7.967831846187592
17572,7.979274486894801
17573,7.975956789804349
17574,7.9619528197550125
17575,7.9548105450354605
17576,7.9508184902527255
17577,7.95283713078226
17578,7.946844395883215
17579,7.942529663567473
17580,7.939099777983185
17581,7.94589076763429
17582,7.944006854444425
17583,7.931531664877538
17584,7.939653601559888
17585,7.940035847258217
17586,7.938409252054132
17587,7.941934627991274
17588,7.939120008528559
17589,7.933675838474827
17590,7.928634854339446
17591,7.927599966737935
17592,7.93437572634574
17593,7.935907223583024
17594,7.939376129149834
17595,7.938765584074031
17596,7.940189564416022
17597,7.9378002057446215
17598,7.92750000723519
17599,7.929986802604781
17600,7.93219212487916
17601,7.9282010841915875
17602,7.919480303359675
17603,7.912249995535758
17604,7.914026240527726
17605,7.908644945708806
17606,7.909909680713807
17607,7.918290898241939
17608,7.918318730200124
17609,7.9196317134729295
17610,7.92762558406314
17611,7.925633877760293
17612,7.9228409468936825
17613,7.9258204270026065
17614,7.928822107717222
17615,7.9342038089869185
17616,7.938441102770124
17617,7.93774542945521
17618,7.945687360762501
17619,7.941866458251557
17620,7.941148477704334
17621,7.938894704806915
17622,7.939871426709349
17623,7.945965009121206
17624,7.937395935132259
17625,7.943758878097516
17626,7.946010973781341
17627,7.954274488322266
17628,7.956948504137992
17629,7.948495426501784
17630,7.9460241268283465
17631,7.951262853232296
17632,7.9510721963233255
17633,7.949055632819915
17634,7.951450440100468
17635,7.949701937532173
17636,7.961437035657528
17637,7.9630601990548895
17638,7.954733168722906
17639,7.9578497439248
17640,7.96490257818033
17641,7.956997708063553
17642,7.960874154398297
17643,7.965621368044177
17644,7.963936430776808
17645,7.967421740805017
17646,7.968358731307146
17647,7.963701755482633
17648,7.966171567712852
17649,7.961393897580355
17650,7.954652698398573
17651,7.960822684430613
17652,7.955044446758533
17653,7.957066358084407
17654,7.952596144669442
17655,7.9515410548839345
17656,7.959889192166482
17657,7.954806540982684
17658,7.954536248980841
17659,7.955281985732401
17660,7.95225308649871
17661,7.944945872649361
17662,7.950079223492991
17663,7.945085810827476
17664,7.943265037766357
17665,7.951180003376863
17666,7.952253863893619
17667,7.947953522357021
17668,7.946480585725325
17669,7.93804565695593
17670,7.937424868286895
17671,7.942433169475747
17672,7.942315747974433
17673,7.949752486798965
17674,7.946431420222464
17675,7.937750841474012
17676,7.940018313303731
17677,7.941480551246283
17678,7.9400209930023316
17679,7.941037206974405
17680,7.939988251941698
17681,7.943393479442718
17682,7.943083747735828
17683,7.935419150749595
17684,7.937375764658897
17685,7.9356042479963325
17686,7.9363979064907975
17687,7.932982162555583
17688,7.927404760340181
17689,7.928784792853008
17690,7.929895696989446
17691,7.92926835597804
17692,7.924618694957159
17693,7.931399966065308
17694,7.92648027066151
17695,7.92748544933995
17696,7.930006644614687
17697,7.940872773508383
17698,7.938394471067058
17699,7.939722531888319
17700,7.95087010525259
17701,7.944619086553059
17702,7.936736930348258
17703,7.935765917003892
17704,7.936924314434557
17705,7.937523629876113
17706,7.945192129637588
17707,7.958509905645297
17708,7.965109262436731
17709,7.97260658741067
17710,7.973383853744723
17711,7.979833302623549
17712,7.975456823979313
17713,7.971470645656031
17714,7.980575105963819
17715,7.96693549880493
17716,7.965746197031108
17717,7.9734825585516065
17718,7.977318598988907
17719,7.981745770980462
17720,7.983335587143466
17721,7.989751492926995
17722,7.982402543594833
17723,7.9802866743111425
17724,7.967514252207519
17725,7.967379416786688
17726,7.958795214982784
17727,7.9512274744746385
17728,7.954756697356381
17729,7.944701212005624
17730,7.94049886641797
17731,7.93703270917535
17732,7.931948516392355
17733,7.930800343193493
17734,7.935677887904632
17735,7.931488988492506
17736,7.933102404629349
17737,7.931498767987022
17738,7.924881428922086
17739,7.926988294990317
17740,7.930580618721132
17741,7.9233317961287515
17742,7.9223532983273754
17743,7.9207529441091
17744,7.915623218512542
17745,7.917966275323158
17746,7.911549685750907
17747,7.907443334824813
17748,7.899348507900015
17749,7.898751179916403
17750,7.903924567885828
17751,7.905699192333693
17752,7.901176811928352
17753,7.902196973807116
17754,7.896762899756365
17755,7.887075218183948
17756,7.896628048333323
17757,7.8964588820040245
17758,7.892419140359064
17759,7.886903307222918
17760,7.884000851563389
17761,7.882279751568933
17762,7.888895583859742
17763,7.8843723260992995
17764,7.888798304381352
17765,7.897562513509595
17766,7.907222157698359
17767,7.9096284233667
17768,7.910522427705553
17769,7.905883719643282
17770,7.912419242308122
17771,7.914861029587073
17772,7.913430646785659
17773,7.902767202604584
17774,7.911314524885631
17775,7.909481315093031
17776,7.913237333939201
17777,7.918373079300624
17778,7.917173461610636
17779,7.921992843582197
17780,7.921936829781749
17781,7.918937434196084
17782,7.922937348055901
17783,7.9321577800843475
17784,7.936458416849513
17785,7.935641238507551
17786,7.93221026915574
17787,7.93755486766345
17788,7.934023954016464
17789,7.938548912946136
17790,7.939517249985847
17791,7.936434681525388
17792,7.933999105049878
17793,7.931773370999318
17794,7.9381177137851315
17795,7.942010799966724
17796,7.930485902823424
17797,7.926662699209194
17798,7.927973703729102
17799,7.928583638669253
17800,7.924510688811192
17801,7.925862304371197
17802,7.940506998238109
17803,7.947045151023835
17804,7.950626518165004
17805,7.945063169869619
17806,7.940674227877421
17807,7.950972394119437
17808,7.951012758308246
17809,7.952359707981596
17810,7.962244667739493
17811,7.960345173394116
17812,7.960009261844328
17813,7.966561884823639
17814,7.973319836941353
17815,7.976503315412034
17816,7.985655830140657
17817,7.987733565465759
17818,7.988949426284494
17819,7.990390702191919
17820,7.990557511347543
17821,7.991596090727373
17822,7.997356154355534
17823,8.007693977850277
17824,8.010873291637482
17825,8.001934194014266
17826,8.013366892778874
17827,8.010291402354726
17828,8.013258490201316
17829,8.022456715368486
17830,8.02989133432349
17831,8.036204644918401
17832,8.025657973232713
17833,8.018307964664332
17834,8.0174467887211
17835,8.017158418378962
17836,8.014734775853217
17837,8.01367267025888
17838,8.021253015225723
17839,8.0191935710995
17840,8.025414511562598
17841,8.029931261011619
17842,8.041054449719008
17843,8.043268291219977
17844,8.043670352538355
17845,8.047919282037665
17846,8.056257340471493
17847,8.055625408167744
17848,8.059254895569277
17849,8.058753566903473
17850,8.06279235006367
17851,8.062980592366193
17852,8.05870884388539
17853,8.059921033792154
17854,8.054206940337052
17855,8.051068295001263
17856,8.044213278707568
17857,8.044537549977033
17858,8.04392308503639
17859,8.047310804610142
17860,8.046934309627622
17861,8.045537545603628
17862,8.035631431630827
17863,8.031113555511483
17864,8.029237014666412
17865,8.025417399497332
17866,8.025209485137216
17867,8.022211219190492
17868,8.025748971523457
17869,8.030241490401538
17870,8.03547732564254
17871,8.041329873377153
17872,8.041013555903264
17873,8.040742232465224
17874,8.038953146745428
17875,8.039246391610236
17876,8.041663695927706
17877,8.042346044004988
17878,8.038056412702433
17879,8.030341418005099
17880,8.018149214123973
17881,8.018082454728724
17882,8.025539286859393
17883,8.023498932584102
17884,8.015062609073597
17885,8.014432760138652
17886,8.019491754155654
17887,8.02438221174957
17888,8.035077656844594
17889,8.026411707633793
17890,8.032125141600051
17891,8.026022551829861
17892,8.03126507944357
17893,8.035167981758994
17894,8.036623871508032
17895,8.027997755900964
17896,8.022046064544993
17897,8.019446053211873
17898,8.026018815540505
17899,8.02250141514633
17900,8.029648275497491
17901,8.03640851942455
17902,8.037935133087329
17903,8.044738975733695
17904,8.048044741597844
17905,8.047253466028197
17906,8.031164527900863
17907,8.032205124850256
17908,8.041949051530471
17909,8.044255186367161
17910,8.050283649652599
17911,8.057195738911155
17912,8.064647883749199
17913,8.056749944919376
17914,8.062095832114762
17915,8.071761298201833
17916,8.075522910980899
17917,8.078001131375347
17918,8.074901749075067
17919,8.076040765504315
17920,8.07539122467737
17921,8.07635850342063
17922,8.074094633719946
17923,8.075831052655714
17924,8.075405066128381
17925,8.069635043190184
17926,8.064864205406478
17927,8.068002707843757
17928,8.070427392063925
17929,8.073355873453416
17930,8.072815310242817
17931,8.06270003234238
17932,8.069032429246528
17933,8.063062547522927
17934,8.070540874218754
17935,8.069003165591415
17936,8.075224088513782
17937,8.064961583273567
17938,8.066374712492907
17939,8.065065373513963
17940,8.062684597885545
17941,8.074809797672062
17942,8.082031079512447
17943,8.073283227461026
17944,8.08014468783691
17945,8.086939891097465
17946,8.084170846489267
17947,8.079001791748645
17948,8.077992252692683
17949,8.070340342263272
17950,8.064478749903799
17951,8.064685725104148
17952,8.069943307276516
17953,8.070837282193576
17954,8.072121830426479
17955,8.069381424794155
17956,8.076942153536402
17957,8.086019792401062
17958,8.083815465526747
17959,8.087656088216908
17960,8.088460552959447
17961,8.087696779420943
17962,8.091251570405825
17963,8.089267554899745
17964,8.084372171408397
17965,8.086312133286118
17966,8.089417950434118
17967,8.089082586367892
17968,8.08231275921747
17969,8.081632228892097
17970,8.08669057865662
17971,8.09658499667326
17972,8.093614340658318
17973,8.083160219944029
17974,8.080289107376055
17975,8.084094041892495
17976,8.08662423928128
17977,8.084986442613564
17978,8.091564661636706
17979,8.093023817367841
17980,8.097619910368334
17981,8.095455824062025
17982,8.099871590534717
17983,8.105962418581102
17984,8.109939869349985
17985,8.102350562698545
17986,8.101798883331698
17987,8.09160825357385
17988,8.10743329227559
17989,8.097515311527424
17990,8.092365205069138
17991,8.086010749850683
17992,8.086574991620004
17993,8.082433744606591
17994,8.081414524208293
17995,8.09171044511584
17996,8.08070065809874
17997,8.078102905309558
17998,8.070378039570942
17999,8.082138913076676
18000,8.089871269764355
18001,8.095297954082406
18002,8.0935607912871
18003,8.09115963901194
18004,8.089117205575812
18005,8.082470613705366
18006,8.077427792352001
18007,8.07438380577545
18008,8.077364739595705
18009,8.081347510684543
18010,8.07957881070218
18011,8.074319627289016
18012,8.078216582914154
18013,8.088910891834658
18014,8.08793933271685
18015,8.086654842928544
18016,8.086092090624934
18017,8.086964704769816
18018,8.093713599967225
18019,8.091627529900684
18020,8.098344760833303
18021,8.102727207699422
18022,8.10910216046786
18023,8.104293530338214
18024,8.107639605276594
18025,8.110562326831424
18026,8.115166552236866
18027,8.119093070054287
18028,8.123964902269801
18029,8.117135229962164
18030,8.101556207320142
18031,8.105054188335876
18032,8.109042960497979
18033,8.117011983902668
18034,8.112285982517824
18035,8.110327912330982
18036,8.119812977365507
18037,8.121862337606023
18038,8.120067607058239
18039,8.109065599820136
18040,8.10994381126294
18041,8.113791830157707
18042,8.105676143947761
18043,8.095744474871243
18044,8.091513053055477
18045,8.10106299626233
18046,8.105731816995352
18047,8.090952310518611
18048,8.089960502118542
18049,8.08998670612406
18050,8.08825722866935
18051,8.09024405521593
18052,8.08699638674779
18053,8.077894565312963
18054,8.080346319677762
18055,8.087982430869952
18056,8.081513624087437
18057,8.081057516374939
18058,8.089313602038425
18059,8.092222460918942
18060,8.098695166379816
18061,8.095580156644198
18062,8.089608607126637
18063,8.081982945633039
18064,8.072859504241665
18065,8.077074148552615
18066,8.07183161560856
18067,8.075136097714838
18068,8.0667763103295
18069,8.05447700897627
18070,8.052020945471137
18071,8.058106527519584
18072,8.070151006643934
18073,8.074291691298836
18074,8.07338107399177
18075,8.077902975393492
18076,8.075374080682641
18077,8.08012116463553
18078,8.075521925245685
18079,8.075730671627992
18080,8.073652051538405
18081,8.07262095555823
18082,8.064576448224745
18083,8.07086992811858
18084,8.062517085671074
18085,8.064334467605857
18086,8.057030447173362
18087,8.057060801393748
18088,8.054381005959709
18089,8.054847256263724
18090,8.050649715765276
18091,8.052209329360293
18092,8.063455997667687
18093,8.06183584449669
18094,8.076215216639307
18095,8.0732705207577
18096,8.08220396312904
18097,8.083650393659848
18098,8.080112382884995
18099,8.080848992628765
18100,8.080260986243312
18101,8.083159240329957
18102,8.08404527255857
18103,8.084321269032426
18104,8.092286455881947
18105,8.094582727114945
18106,8.097946724494047
18107,8.09937668853703
18108,8.094269741713177
18109,8.094871321114134
18110,8.098805105987738
18111,8.087779470878443
18112,8.091968843486203
18113,8.098456226363263
18114,8.092384957827289
18115,8.087101883521957
18116,8.07834365627684
18117,8.072902749491051
18118,8.067356504607558
18119,8.074155236322401
18120,8.077467568535312
18121,8.079573272817301
18122,8.077897120820051
18123,8.079596428741558
18124,8.084769808086822
18125,8.080594058796489
18126,8.082633275349295
18127,8.089760452928173
18128,8.083882776443085
18129,8.100862351664555
18130,8.10155476383908
18131,8.110357166498074
18132,8.1057364811504
18133,8.105153726773056
18134,8.099820573231977
18135,8.105941912966484
18136,8.104385277685642
18137,8.105080045327435
18138,8.10109164167153
18139,8.102166165260323
18140,8.096435788256349
18141,8.092970049771152
18142,8.077556658415228
18143,8.077933843226836
18144,8.084149830680165
18145,8.077366175363151
18146,8.08879755051872
18147,8.091199238252248
18148,8.076755130707486
18149,8.077216630459295
18150,8.078892792133725
18151,8.06534862779561
18152,8.062496693260682
18153,8.062571825728416
18154,8.055817291401608
18155,8.055945784193296
18156,8.048633796112933
18157,8.052687610297937
18158,8.059480739905341
18159,8.0623599387824
18160,8.059615268572957
18161,8.059270745162562
18162,8.071191941943558
18163,8.070764409400264
18164,8.081779732517239
18165,8.083772136638744
18166,8.083685919428179
18167,8.079685182321612
18168,8.078082623619856
18169,8.083439470304883
18170,8.08300898580543
18171,8.091595940254079
18172,8.087861727353625
18173,8.079618686629404
18174,8.065524369080025
18175,8.07581270175732
18176,8.080293800600789
18177,8.089828438110938
18178,8.091778879435957
18179,8.088533594176612
18180,8.092530621980824
18181,8.08586576819947
18182,8.087617307979611
18183,8.09485686574006
18184,8.079621227395169
18185,8.07261011169917
18186,8.074328423135132
18187,8.074401075732087
18188,8.068000591756975
18189,8.077123920218009
18190,8.078792454300267
18191,8.075623612991976
18192,8.078134520144088
18193,8.079725841557698
18194,8.07619795743813
18195,8.085297283787428
18196,8.088481821875876
18197,8.080755440928863
18198,8.08387776966446
18199,8.08176713341784
18200,8.07851005562329
18201,8.068573944731611
18202,8.06684240517968
18203,8.070839812416546
18204,8.078611634232383
18205,8.07698804005189
18206,8.075956540604334
18207,8.077440405456626
18208,8.08096200768779
18209,8.088102612493717
18210,8.081814114502174
18211,8.08252753418585
18212,8.081040069769905
18213,8.101286744558234
18214,8.105063082672256
18215,8.10424896197356
18216,8.10355834564567
18217,8.108503806154317
18218,8.103518423781088
18219,8.101685583181935
18220,8.089743158227705
18221,8.098571303629912
18222,8.100771719503843
18223,8.109464366899568
18224,8.106466740979444
18225,8.110777844150425
18226,8.112072343686732
18227,8.13569073049514
18228,8.127721401924047
18229,8.128292134262132
18230,8.127867736718251
18231,8.122805369510052
18232,8.13534720601141
18233,8.136086323277079
18234,8.134646688356646
18235,8.133314219462756
18236,8.137124893816726
18237,8.137135285724977
18238,8.141423987331915
18239,8.139502933817953
18240,8.127859968443532
18241,8.129775155153544
18242,8.124471318559857
18243,8.123100295916863
18244,8.117548988669812
18245,8.12056688722953
18246,8.12645808657494
18247,8.132398788492528
18248,8.125578881804246
18249,8.113205454412956
18250,8.111104365388222
18251,8.110668946183235
18252,8.107989527252046
18253,8.103887329737999
18254,8.103755385328503
18255,8.105520622576462
18256,8.108525911074173
18257,8.106799395772521
18258,8.10073151795499
18259,8.099170009837366
18260,8.094463427398132
18261,8.08163654470342
18262,8.074352975516936
18263,8.067046712014955
18264,8.065439425350272
18265,8.054601970308301
18266,8.052599171428348
18267,8.046825549961385
18268,8.04783763587934
18269,8.042668786346864
18270,8.051741173816739
18271,8.05151699972181
18272,8.04736103835913
18273,8.039684466976802
18274,8.03852765694639
18275,8.033274449187184
18276,8.034967192345173
18277,8.042329192628364
18278,8.04288387664611
18279,8.047161363384197
18280,8.049381817730376
18281,8.05140792608315
18282,8.055090031181107
18283,8.060144255374972
18284,8.062834369770936
18285,8.053453731420571
18286,8.053188477310227
18287,8.063757489095348
18288,8.063043551647896
18289,8.056454627751688
18290,8.052269193359482
18291,8.046895656022052
18292,8.052220806420937
18293,8.05598172939531
18294,8.053570737463069
18295,8.050770695054192
18296,8.04322518992098
18297,8.044018811052455
18298,8.037414451430957
18299,8.034271908041992
18300,8.028274243694609
18301,8.020804218438998
18302,8.019593554900057
18303,8.02921037013635
18304,8.037359869550643
18305,8.041505256396634
18306,8.037493082235354
18307,8.03678927599318
18308,8.039638962972933
18309,8.040367508914454
18310,8.043571735458857
18311,8.035595363949984
18312,8.031050163306752
18313,8.032876112970344
18314,8.031679645123747
18315,8.0339696099982
18316,8.03328243988398
18317,8.028306750659349
18318,8.032025639357444
18319,8.026568434069166
18320,8.026354526833032
18321,8.025507989387373
18322,8.035421495380112
18323,8.032074346377957
18324,8.033861852453436
18325,8.030857616161601
18326,8.041303493577503
18327,8.04048300422784
18328,8.039908226082312
18329,8.037627840720175
18330,8.036357953456733
18331,8.029385759784086
18332,8.025482874454527
18333,8.031168961940763
18334,8.02217499784309
18335,8.026483239547291
18336,8.026122955891696
18337,8.024675231144625
18338,8.022280250733008
18339,8.016993755106117
18340,8.017563589656097
18341,8.021605475464073
18342,8.028760384518067
18343,8.024026129064623
18344,8.022975235857212
18345,8.022721833946758
18346,8.015159247212331
18347,8.021203726387606
18348,8.022254901971344
18349,8.015019037425102
18350,8.00823800989105
18351,8.020396666490255
18352,8.014927512442332
18353,8.009440523892204
18354,8.010620829995055
18355,8.011855839693911
18356,8.01870766207721
18357,8.026359991074136
18358,8.028343440479956
18359,8.035939253493513
18360,8.040025049748175
18361,8.038260320750128
18362,8.039907882300287
18363,8.039677061891666
18364,8.039720099264343
18365,8.041310358332826
18366,8.036076658542003
18367,8.031992723771026
18368,8.031096188494342
18369,8.020446496917401
18370,8.024056450743531
18371,8.022901897357425
18372,8.021026438954458
18373,8.014440913482423
18374,8.022673803073385
18375,8.021619495527707
18376,8.019186276038397
18377,8.018118697702144
18378,8.015889481126017
18379,8.014584818514473
18380,8.019524924544804
18381,8.02739861508051
18382,8.03203789404936
18383,8.032417911077625
18384,8.02691132646269
18385,8.021741783194985
18386,8.017917137635365
18387,8.018758446273916
18388,8.02949874687798
18389,8.02868197527145
18390,8.020109149591484
18391,8.036785861454728
18392,8.039470719065934
18393,8.035658012200562
18394,8.040315270048774
18395,8.035626677562567
18396,8.040557231862415
18397,8.036847137977457
18398,8.03282593568375
18399,8.03267673396646
18400,8.03853071197892
18401,8.041680605253742
18402,8.032337334562047
18403,8.035156149467598
18404,8.034356409328657
18405,8.028871607221223
18406,8.026804233837996
18407,8.029471676480366
18408,8.025867042019222
18409,8.01759691735586
18410,8.017425189669689
18411,8.015944345416532
18412,8.010752121924442
18413,8.013347706067572
18414,8.023332960815987
18415,8.019312133782973
18416,8.01153243690258
18417,8.00758124393513
18418,8.006407001836664
18419,8.006913894239432
18420,8.003126275804881
18421,8.00262417921414
18422,7.996852567614071
18423,7.988746427537758
18424,7.998016237904365
18425,8.000870949891045
18426,8.001846015525489
18427,7.998137235652752
18428,7.995318420970377
18429,7.993573957773146
18430,7.990646213240506
18431,7.993123518760312
18432,7.989864517142407
18433,7.989162266510623
18434,7.9905838940922065
18435,7.984786100653036
18436,7.9743343193444085
18437,7.968314259225006
18438,7.966944776975285
18439,7.974779157622286
18440,7.975450649472766
18441,7.983692642161756
18442,7.996970240669638
18443,7.994187485908567
18444,7.988545274845416
18445,7.991918376564399
18446,7.991075845245122
18447,7.987487368492492
18448,7.9882652979159126
18449,7.984090670990099
18450,7.985629300268578
18451,7.982190360681826
18452,7.986991805837845
18453,7.975044519850864
18454,7.973076700199007
18455,7.961702188310962
18456,7.961505426459584
18457,7.959768375805964
18458,7.9673409525326
18459,7.963779565360324
18460,7.967383504098127
18461,7.9645757406578594
18462,7.957920763217531
18463,7.955139926330264
18464,7.960087731432064
18465,7.966236660444101
18466,7.9703488753838405
18467,7.965084854512626
18468,7.964361871524146
18469,7.973780962620669
18470,7.973759315512734
18471,7.980517311095569
18472,7.974462475948924
18473,7.976695139093659
18474,7.9765607208911025
18475,7.972450444674461
18476,7.969547333149679
18477,7.966211117015561
18478,7.969651554191544
18479,7.966760911062264
18480,7.970556507232592
18481,7.9726678379436065
18482,7.974782990069899
18483,7.966551160026964
18484,7.976416609919956
18485,7.984344269273276
18486,7.981847874976373
18487,7.977340564675348
18488,7.978726907916949
18489,7.97719136684279
18490,7.98112953147126
18491,7.9807632496091125
18492,7.9753371788000385
18493,7.978089493807108
18494,7.972681076096764
18495,7.97652792405639
18496,7.980635101288775
18497,7.972269836580802
18498,7.974002395662363
18499,7.9771882402011
18500,7.972370366008752
18501,7.97481908005603
18502,7.9780929630558575
18503,7.984462767999571
18504,7.97784347322353
18505,7.978770951298495
18506,7.973817818079284
18507,7.980844274476314
18508,7.982940511258254
18509,7.987297542178641
18510,7.9928634082568975
18511,7.99129885502668
18512,7.9947924835630175
18513,7.997797484956806
18514,8.002046211228066
18515,8.006247137104454
18516,7.993484934626034
18517,7.9837703853427815
18518,7.981054547807744
18519,7.983492004692565
18520,7.982904262607394
18521,7.980951420650312
18522,7.98891028721221
18523,7.988684680504553
18524,7.985763494077933
18525,7.986100933279695
18526,7.983866287349221
18527,7.9701255445934995
18528,7.98232580116209
18529,7.985665583874672
18530,7.985954346268561
18531,7.989306100856097
18532,7.985615545389193
18533,7.988000203430413
18534,7.985478950364981
18535,7.981557359982809
18536,7.994913064848592
18537,7.998253218826437
18538,8.005660001167868
18539,8.000307020674237
18540,7.999238306012499
18541,8.001511115912042
18542,7.990758766096618
18543,7.976130532224766
18544,7.961690251875675
18545,7.964849755613135
18546,7.972044403465562
18547,7.968027744845082
18548,7.9695296884344335
18549,7.973889688946996
18550,7.977214469686265
18551,7.976646305706564
18552,7.969238487140389
18553,7.967608240710409
18554,7.970024503701999
18555,7.967481964775563
18556,7.961520238787623
18557,7.968521033553606
18558,7.962117082600176
18559,7.961681065813735
18560,7.958050288720747
18561,7.95602380652576
18562,7.950496838074331
18563,7.953405322699411
18564,7.957416019660553
18565,7.956678130633972
18566,7.943125218080659
18567,7.947042363690851
18568,7.950280950465426
18569,7.944904704454698
18570,7.947711520143108
18571,7.95391718839558
18572,7.954944248938209
18573,7.943233706448573
18574,7.942124410419051
18575,7.940867572024848
18576,7.93839685973297
18577,7.939950445511716
18578,7.948476717346639
18579,7.957378726596035
18580,7.965255776020883
18581,7.954714601401691
18582,7.9515840963280855
18583,7.954920572122497
18584,7.952210795769838
18585,7.9570822099263525
18586,7.959044796545174
18587,7.951002388670719
18588,7.946223312612749
18589,7.950547932180458
18590,7.952802732996631
18591,7.948804183026018
18592,7.956061021528901
18593,7.9611345254066865
18594,7.955282553037727
18595,7.958847458691092
18596,7.954694619856138
18597,7.9465717102393425
18598,7.952455220561821
18599,7.942033030674436
18600,7.936959370236829
18601,7.938073140922625
18602,7.935111351892581
18603,7.94721991100861
18604,7.953112457791543
18605,7.945036806481657
18606,7.944723073716159
18607,7.942952696401971
18608,7.939137523001816
18609,7.948434781166787
18610,7.93761969419616
18611,7.934534411555282
18612,7.940288990518161
18613,7.9441401334631045
18614,7.94298186623383
18615,7.938822784204281
18616,7.937888521891738
18617,7.9443792250721454
18618,7.945405975224813
18619,7.952502640769719
18620,7.943266441381396
18621,7.933426258043547
18622,7.93895359912733
18623,7.943732821213757
18624,7.948496920431757
18625,7.959011494566597
18626,7.959682593742537
18627,7.95994172696256
18628,7.9503030175636615
18629,7.946131766818331
18630,7.94813633281843
18631,7.937258573942517
18632,7.928955007453014
18633,7.93176239591547
18634,7.930038611207541
18635,7.92890318052504
18636,7.9291189742944725
18637,7.924922739704836
18638,7.92774522934613
18639,7.923342818051395
18640,7.919618920271788
18641,7.906637486452518
18642,7.912623569944929
18643,7.9102635415659215
18644,7.908700561011854
18645,7.913116672490885
18646,7.9126127371057455
18647,7.913026332324639
18648,7.912462702715049
18649,7.91382664862776
18650,7.911180792085913
18651,7.907305886243307
18652,7.918710130488398
18653,7.925331562231961
18654,7.922544966759182
18655,7.917869981604097
18656,7.921106874429264
18657,7.917419768362157
18658,7.918532546866823
18659,7.9192949705983775
18660,7.910894615551369
18661,7.9132846921230025
18662,7.9117590310159445
18663,7.907076496595328
18664,7.906975528285802
18665,7.908513724812496
18666,7.894969337246763
18667,7.895348803399302
18668,7.9083173591520195
18669,7.90646746022639
18670,7.902098469445491
18671,7.9024795821283655
18672,7.902222895937342
18673,7.903270420756374
18674,7.900717811611553
18675,7.898463145034861
18676,7.898701293934909
18677,7.910639689959944
18678,7.912448912867587
18679,7.907513312208649
18680,7.90701930414921
18681,7.903217180872448
18682,7.893559361083477
18683,7.898826727563658
18684,7.901082584008242
18685,7.909045200753876
18686,7.902744200647614
18687,7.904192530907161
18688,7.901965896140585
18689,7.89021467032009
18690,7.8907667270787
18691,7.883692331728174
18692,7.87482827995827
18693,7.873757234090542
18694,7.873148973831499
18695,7.884757064953397
18696,7.8786573118119785
18697,7.876690693895792
18698,7.864850061545993
18699,7.871167729234135
18700,7.867457603712495
18701,7.868938714064765
18702,7.8799503351203395
18703,7.881385049884999
18704,7.8773329736391045
18705,7.870439577475744
18706,7.864895941526483
18707,7.859189800837982
18708,7.861493112704518
18709,7.853754980661841
18710,7.861813992424575
18711,7.867021128162842
18712,7.862204446948982
18713,7.861878794539771
18714,7.86344919026234
18715,7.863793291574589
18716,7.865116122564146
18717,7.875374883031253
18718,7.87785371582535
18719,7.882856913828271
18720,7.889105526167379
18721,7.882077477501709
18722,7.8828960698526
18723,7.894618167411479
18724,7.8878271979356365
18725,7.878338030423791
18726,7.878621203750049
18727,7.879876805024973
18728,7.887121235464237
18729,7.898209479893532
18730,7.8991494458944675
18731,7.901420200724343
18732,7.906564753137037
18733,7.904249111679386
18734,7.9063561964008064
18735,7.897888860949801
18736,7.890201422599964
18737,7.89451969540394
18738,7.8849711879964985
18739,7.880105501445129
18740,7.881889040152076
18741,7.889971604424494
18742,7.886493296645224
18743,7.89488660040097
18744,7.907621917149797
18745,7.912908758683077
18746,7.9186127431889615
18747,7.912590597876278
18748,7.9111475775088875
18749,7.91613598346238
18750,7.916539890620332
18751,7.914271727907642
18752,7.910359951461065
18753,7.915256089998041
18754,7.91008730490164
18755,7.912446118488304
18756,7.930696343329853
18757,7.9342970452447705
18758,7.939260748195887
18759,7.936540487884218
18760,7.930989778407061
18761,7.931273928945199
18762,7.921923197226947
18763,7.926422527873721
18764,7.9272695186700295
18765,7.93168986306315
18766,7.930321939171418
18767,7.937838943629135
18768,7.933102429814699
18769,7.937510702075932
18770,7.9345256920858
18771,7.939052707065131
18772,7.944348165882752
18773,7.935913859854373
18774,7.938409726853256
18775,7.937076800088032
18776,7.933411397642534
18777,7.932362305987537
18778,7.929468192486366
18779,7.9294252978795985
18780,7.9338325063885
18781,7.934524603708254
18782,7.951993039105379
18783,7.964534899244412
18784,7.973808999558853
18785,7.971633848764649
18786,7.974041176578931
18787,7.9713013750705555
18788,7.970071013682098
18789,7.970067750093705
18790,7.9665156492421145
18791,7.963837443625158
18792,7.970271411572824
18793,7.972212982289782
18794,7.970622153117726
18795,7.965478071659773
18796,7.961708138204233
18797,7.958984198390984
18798,7.9615717918461
18799,7.96424626946505
18800,7.970598540116156
18801,7.971446717677997
18802,7.964781526237174
18803,7.964959321895092
18804,7.967245054077294
18805,7.973259261571523
18806,7.980826720202014
18807,7.977808089489495
18808,7.972446548007491
18809,7.983320288461881
18810,7.981836793264469
18811,7.983479274861337
18812,7.984690642731326
18813,7.997353635316794
18814,7.998169218401919
18815,7.992261431224221
18816,7.990660251521278
18817,7.996362124915289
18818,7.990037829727798
18819,7.984475881699585
18820,7.980406718044974
18821,7.993455567193323
18822,7.989498367072172
18823,7.997345126776924
18824,8.006122227274437
18825,8.0000280762672
18826,8.000633697459458
18827,8.000675697225056
18828,8.004173545325468
18829,8.006935250079799
18830,8.007189847019964
18831,8.010463505919809
18832,8.009049541158559
18833,8.009458522566536
18834,8.024923618812833
18835,8.034004849743356
18836,8.034134608724788
18837,8.043368525984992
18838,8.04956522842797
18839,8.04864103384819
18840,8.04640169352569
18841,8.052323840688855
18842,8.042961962955724
18843,8.030645337037145
18844,8.02394835037409
18845,8.032377009431789
18846,8.02972694035225
18847,8.02952107498022
18848,8.029796061969318
18849,8.020459910082122
18850,8.025610345316355
18851,8.029315117362723
18852,8.030333821786419
18853,8.025967526488014
18854,8.024863517043979
18855,8.018930785281686
18856,8.018666543247317
18857,8.01472682878918
18858,8.017305312826709
18859,8.011716530314928
18860,8.028808294619285
18861,8.031392982008333
18862,8.026510712235499
18863,8.022174214893584
18864,8.025869152495632
18865,8.021783047748016
18866,8.025192699855728
18867,8.02893499085515
18868,8.033752523911815
18869,8.030992291152193
18870,8.037105808182723
18871,8.035155505383425
18872,8.032967541730278
18873,8.035730449231469
18874,8.04023962727857
18875,8.041353932863267
18876,8.037354334192191
18877,8.037900198141633
18878,8.039221732452193
18879,8.040851923554653
18880,8.041368255229541
18881,8.044702810991701
18882,8.042156457078432
18883,8.038744711473216
18884,8.0378797955303
18885,8.032693856304403
18886,8.031703271128176
18887,8.040055958697993
18888,8.050505063988314
18889,8.04255127682145
18890,8.039597046525545
18891,8.042834817253704
18892,8.0410165516507
18893,8.038139283164888
18894,8.03591698846892
18895,8.035302136211369
18896,8.0316201980917
18897,8.02940701585366
18898,8.023084452668586
18899,8.015827693093748
18900,8.025568269559626
18901,8.02465648887335
18902,8.02898947922737
18903,8.036730011099772
18904,8.040179727030164
18905,8.041121012454859
18906,8.053064685334666
18907,8.050814180347016
18908,8.047862768040932
18909,8.049320861193381
18910,8.055552648164241
18911,8.052233825098448
18912,8.04867671492819
18913,8.048806523519493
18914,8.048888864509316
18915,8.054914869163513
18916,8.057245364808233
18917,8.04995311129858
18918,8.041086677347828
18919,8.034112940775668
18920,8.043819950170173
18921,8.044967702313631
18922,8.042909474117009
18923,8.04144089128237
18924,8.047160851353253
18925,8.03643748266196
18926,8.044939694999876
18927,8.044744815387935
18928,8.047185757023076
18929,8.057862038491942
18930,8.049358393478501
18931,8.047700761792873
18932,8.05365385620576
18933,8.05689939476543
18934,8.063024389088616
18935,8.062165104623725
18936,8.073951872717881
18937,8.067863972067785
18938,8.077417008786066
18939,8.085172390691923
18940,8.09246489531854
18941,8.094772977606873
18942,8.089937120593337
18943,8.090531269224773
18944,8.096043231819575
18945,8.090528277164449
18946,8.09023445565746
18947,8.080880485759485
18948,8.075798226681577
18949,8.081410906284995
18950,8.067111162054657
18951,8.069792215166439
18952,8.073696052090705
18953,8.067135061499524
18954,8.064466587320023
18955,8.063187005889436
18956,8.068279642832255
18957,8.063814952438458
18958,8.062115801276805
18959,8.062031998841166
18960,8.056308644362286
18961,8.056077466797447
18962,8.053852287258144
18963,8.053473286948204
18964,8.057906835550428
18965,8.057826105307607
18966,8.06073430910769
18967,8.062631101747835
18968,8.056226768513874
18969,8.057523560701032
18970,8.050502099677082
18971,8.043352040990387
18972,8.031503283835642
18973,8.032165640405756
18974,8.032600047801145
18975,8.036838345483368
18976,8.048919720785296
18977,8.050823961564962
18978,8.052158617769107
18979,8.06069594941809
18980,8.057663212582078
18981,8.050155187760819
18982,8.061690675616795
18983,8.055808241075708
18984,8.046795552438054
18985,8.048326089944783
18986,8.042284277315021
18987,8.047842236342758
18988,8.043185499373974
18989,8.042185080397072
18990,8.031718538492202
18991,8.033727169754242
18992,8.039737545240468
18993,8.042538007792466
18994,8.051770096628719
18995,8.046304076917993
18996,8.036807217039074
18997,8.037534042460537
18998,8.034987153134074
18999,8.033492082847165
19000,8.038818303377884
19001,8.045540304047986
19002,8.045819651983697
19003,8.043542580743418
19004,8.050669569354875
19005,8.04391627416981
19006,8.037056341592121
19007,8.040318968957614
19008,8.029655269491428
19009,8.02732237012336
19010,8.029067196523597
19011,8.028254038829703
19012,8.015206922429467
19013,8.013985993809024
19014,8.019177375863045
19015,8.027138075514914
19016,8.028707099604521
19017,8.024772261694963
19018,8.023471980348278
19019,8.022898768899763
19020,8.019087388769394
19021,8.024666664117863
19022,8.016017683104035
19023,8.015410543161552
19024,8.017922952298584
19025,8.013976460916677
19026,8.00643238749048
19027,8.006688505621907
19028,8.01237315706858
19029,8.00021636701712
19030,8.001121942749455
19031,8.001487979359405
19032,7.997164755616933
19033,7.9973811784101185
19034,7.991983391716216
19035,7.995794076559421
19036,8.011923234802277
19037,8.011510977831575
19038,8.005720293301401
19039,8.00597254327423
19040,8.006231559502169
19041,8.001103323265285
19042,8.01001136961668
19043,8.000747265878783
19044,8.000547680000135
19045,8.001963525945586
19046,7.99630062599195
19047,7.99634448153502
19048,7.993549456309338
19049,7.979516953473047
19050,7.98145698066044
19051,7.975188155635988
19052,7.966001330967888
19053,7.962282057802655
19054,7.9638514466511765
19055,7.96826700312812
19056,7.973783366295218
19057,7.970537009906568
19058,7.971151540944277
19059,7.9668652170504775
19060,7.966791596970575
19061,7.960126072822544
19062,7.948719947932962
19063,7.942210645789235
19064,7.93622472290252
19065,7.9448365553726985
19066,7.938670454786414
19067,7.94230664974847
19068,7.938437016159922
19069,7.942409589719731
19070,7.939436484844194
19071,7.9383059513929926
19072,7.945657893395061
19073,7.937681578252495
19074,7.928573983092604
19075,7.91683482860002
19076,7.920165617345925
19077,7.918540776043413
19078,7.912239261635138
19079,7.910989576267663
19080,7.91334950138608
19081,7.9082509307687845
19082,7.915968203676264
19083,7.906891976290977
19084,7.911663382129885
19085,7.9043386156155275
19086,7.907103357366192
19087,7.915937316120092
19088,7.917211618859639
19089,7.915532509525585
19090,7.91687834915005
19091,7.914233647547671
19092,7.905054964035771
19093,7.91177557877007
19094,7.912790138117468
19095,7.92649396015314
19096,7.934252761258876
19097,7.9274981778427325
19098,7.926039620399959
19099,7.920398160820957
19100,7.915972257996832
19101,7.908995848075453
19102,7.911657500919569
19103,7.913726926284835
19104,7.913436667374413
19105,7.917088208031232
19106,7.9231903577948035
19107,7.920024082918197
19108,7.916497807643309
19109,7.918755920178711
19110,7.915834386458958
19111,7.917937444358207
19112,7.917121994344135
19113,7.914670857997319
19114,7.914416216766098
19115,7.919845965745598
19116,7.917069827509762
19117,7.921130910734479
19118,7.920473094160344
19119,7.916898680515303
19120,7.92341332679416
19121,7.924579929192224
19122,7.92074336581619
19123,7.93104938677154
19124,7.92998370441721
19125,7.921021978226365
19126,7.920442589042144
19127,7.911438167654191
19128,7.895281122124744
19129,7.906642871755148
19130,7.919435610750157
19131,7.9243842809878
19132,7.917922548732438
19133,7.913844554081333
19134,7.913253934303285
19135,7.909290907347519
19136,7.905068448893058
19137,7.910799550791681
19138,7.910742001101224
19139,7.9180851830793015
19140,7.91183839871914
19141,7.908830356210433
19142,7.905797669396572
19143,7.905974292277972
19144,7.897074560954649
19145,7.8953790866918006
19146,7.889951333372319
19147,7.895309226155303
19148,7.8937629163425544
19149,7.893578632138539
19150,7.887158516965718
19151,7.887256426795201
19152,7.891654159023513
19153,7.888683025320867
19154,7.886825510370798
19155,7.889764277665466
19156,7.8945485570310305
19157,7.891940804196851
19158,7.8977531145570525
19159,7.896290198893534
19160,7.887426339688511
19161,7.879983303360971
19162,7.881071976242324
19163,7.876684063770698
19164,7.874570895619801
19165,7.883000946474253
19166,7.880543917262907
19167,7.8819044702176395
19168,7.878804682238518
19169,7.8811985140747804
19170,7.888912047059411
19171,7.901193418082948
19172,7.907198359534819
19173,7.902876770141117
19174,7.8996173004418715
19175,7.893626241358532
19176,7.887434842879648
19177,7.8991286927303115
19178,7.8949243441754255
19179,7.878357089252309
19180,7.8723038013163364
19181,7.864865503917946
19182,7.860883173037791
19183,7.859118757848989
19184,7.866040133941194
19185,7.876080777552683
19186,7.878910341917055
19187,7.893528919447078
19188,7.886602571513106
19189,7.894365754855999
19190,7.905471142082126
19191,7.900593259283821
19192,7.9005166273204175
19193,7.914734680819515
19194,7.920998848101572
19195,7.920807595751156
19196,7.916312606091995
19197,7.908800474970202
19198,7.91173787627621
19199,7.914444064289154
19200,7.912638843706227
19201,7.916751432997968
19202,7.914859104404038
19203,7.918276394167492
19204,7.920770811851221
19205,7.927015412624779
19206,7.923176866671142
19207,7.9144842536255355
19208,7.912038978361511
19209,7.9047793180511965
19210,7.906192366282752
19211,7.91590122999402
19212,7.923404205876795
19213,7.923629328638888
19214,7.9201513811718405
19215,7.919810155050851
19216,7.9152130852125335
19217,7.922840737509343
19218,7.930706690258044
19219,7.926581657744339
19220,7.929177298691742
19221,7.930708196099783
19222,7.924019631886423
19223,7.923425025178266
19224,7.927984244309866
19225,7.92546666239114
19226,7.928955865022937
19227,7.918630521295923
19228,7.92036635610163
19229,7.921485276293456
19230,7.937991013387853
19231,7.944032517771145
19232,7.939990125457482
19233,7.933974772787067
19234,7.925463240420763
19235,7.922258244372681
19236,7.913895848763298
19237,7.915893759383166
19238,7.9173915890532625
19239,7.909261224005869
19240,7.907826204637318
19241,7.910209440736518
19242,7.917605192562932
19243,7.911652506373366
19244,7.908156231524
19245,7.914262104911704
19246,7.919523751585725
19247,7.9138605128433905
19248,7.920329886004273
19249,7.91798342392516
19250,7.922479605751973
19251,7.917425787141571
19252,7.921360711078105
19253,7.92975841229501
19254,7.92810737693684
19255,7.921240558946609
19256,7.920345520884534
19257,7.928027009940291
19258,7.9328164653752
19259,7.941622908252511
19260,7.937923181483518
19261,7.933925659703056
19262,7.931790703215008
19263,7.926316659357282
19264,7.928136196764256
19265,7.926493021123836
19266,7.9310151578100125
19267,7.936082658216177
19268,7.929344900525944
19269,7.932743051636305
19270,7.919695872087349
19271,7.918943236463063
19272,7.922920590746258
19273,7.916360825086611
19274,7.92394548323936
19275,7.919555678583894
19276,7.923622099508451
19277,7.922430817452732
19278,7.930872343839523
19279,7.933244490808275
19280,7.930253111107479
19281,7.930911334149675
19282,7.918789391214572
19283,7.920975810130619
19284,7.9148155141417105
19285,7.901056141505583
19286,7.9082972446657145
19287,7.901160452126995
19288,7.906670386473398
19289,7.912240242779259
19290,7.902825801359824
19291,7.910880865254337
19292,7.9240292838802
19293,7.919984221263396
19294,7.921987050626791
19295,7.9232746828237275
19296,7.921379646084783
19297,7.919579137632613
19298,7.91181089572577
19299,7.9103069078872705
19300,7.904584212888676
19301,7.90442674074758
19302,7.917843703673717
19303,7.912953318735717
19304,7.917056951060969
19305,7.911420061458424
19306,7.919218377330363
19307,7.911739860883
19308,7.9189721421774415
19309,7.916698702960134
19310,7.921109115845693
19311,7.921190129418772
19312,7.915826047076956
19313,7.916763344514284
19314,7.920295386656068
19315,7.925506554713676
19316,7.924890880453838
19317,7.914656812655874
19318,7.908844340714983
19319,7.914751868997291
19320,7.921672962195243
19321,7.924397044297455
19322,7.91871932290971
19323,7.926072290725244
19324,7.9173377877279005
19325,7.929017854430867
19326,7.930366939124313
19327,7.920509226279163
19328,7.930768677222594
19329,7.933389659197161
19330,7.930741138928675
19331,7.935548523307118
19332,7.945180924504124
19333,7.939524777217632
19334,7.935791306222701
19335,7.934825843298507
19336,7.928391904727047
19337,7.9409024661254355
19338,7.940816496615164
19339,7.946305784719472
19340,7.940696049543176
19341,7.948125642840634
19342,7.948778893954928
19343,7.9502378764980035
19344,7.9463808122187
19345,7.941743336493568
19346,7.9343198165142566
19347,7.930614941465319
19348,7.929633664215737
19349,7.926675579015148
19350,7.932101936359568
19351,7.939844968702636
19352,7.950007373720205
19353,7.951828604848466
19354,7.945578838708304
19355,7.93216728720107
19356,7.942450219693743
19357,7.951930791624162
19358,7.952471620601243
19359,7.95084472698443
19360,7.948288276162845
19361,7.9611389869012035
19362,7.964023111868155
19363,7.957844118618111
19364,7.955917117874736
19365,7.971040125455636
19366,7.973689027184475
19367,7.967149956783904
19368,7.974201720703812
19369,7.971971832609975
19370,7.962307645470211
19371,7.947901966152729
19372,7.95219618263622
19373,7.95757232553136
19374,7.953990123573802
19375,7.950144995255228
19376,7.958838429996291
19377,7.961582256710586
19378,7.969290352219023
19379,7.976276280214632
19380,7.979234361051106
19381,7.971862616319183
19382,7.97556950722562
19383,7.973693772608356
19384,7.981778401546788
19385,7.990042865316634
19386,7.990796391149374
19387,7.991512932564173
19388,7.996560579712986
19389,7.993550138013558
19390,7.994104431341779
19391,7.9934442080102945
19392,7.988599294812221
19393,7.997497637993567
19394,8.000916054442419
19395,7.994075293942001
19396,7.99301170999279
19397,8.005130926784595
19398,8.004851641174438
19399,8.015631432160912
19400,8.009358867749699
19401,8.0126902765741
19402,8.010302545149008
19403,8.01529757376428
19404,8.013464428032911
19405,8.001677954089685
19406,8.001003802394491
19407,8.00252212717862
19408,8.007850877395311
19409,7.999804863611129
19410,7.997465999480713
19411,7.987469849048108
19412,7.980887404852476
19413,7.985810530260112
19414,7.983958681297503
19415,7.978114103222553
19416,7.977722611756672
19417,7.968038275005439
19418,7.969731802603682
19419,7.974947314974352
19420,7.983427941012104
19421,7.98414608701718
19422,7.9837693286147235
19423,7.974737901807436
19424,7.964190636913387
19425,7.9593508649073375
19426,7.966917410729773
19427,7.959246796789616
19428,7.969152809347004
19429,7.962406667012759
19430,7.9706053584388705
19431,7.963026971476154
19432,7.968000075914785
19433,7.966679471437782
19434,7.9669455725666305
19435,7.96586259934064
19436,7.974288266569746
19437,7.977829673805274
19438,7.97048272203513
19439,7.9728937658637795
19440,7.974436659516254
19441,7.977018461894107
19442,7.979063036655189
19443,7.975856783401031
19444,7.972918785490783
19445,7.97019346722671
19446,7.961569650548065
19447,7.960890922932594
19448,7.962613693923914
19449,7.970689088593049
19450,7.975600578271905
19451,7.9737359423217145
19452,7.976723265948244
19453,7.971693418595837
19454,7.974691534161638
19455,7.977343840727041
19456,7.976738895410645
19457,7.974935598233957
19458,7.968659944015661
19459,7.9656506393707955
19460,7.970890803917859
19461,7.980609420158003
19462,7.974119241592027
19463,7.980095599177173
19464,7.974280696103714
19465,7.973890737294153
19466,7.9794645499975605
19467,7.984545855195863
19468,7.987464761265195
19469,7.9809990025373025
19470,7.971919856707969
19471,7.972786845200903
19472,7.973147618914161
19473,7.972722922133124
19474,7.970370137348772
19475,7.974568894468889
19476,7.982535574779372
19477,7.977324712801247
19478,7.977017274176756
19479,7.987614505590473
19480,7.989926702468519
19481,7.980611263952075
19482,7.977311546926444
19483,7.982465570886704
19484,7.976596178821401
19485,7.971294319630139
19486,7.975160522685929
19487,7.9783727624805225
19488,7.981739974969711
19489,7.9802262642748
19490,7.982371897133318
19491,7.9884433701438615
19492,7.997423300313412
19493,7.989339133050109
19494,7.975827423068817
19495,7.98445530251312
19496,7.979855611047271
19497,7.9677805266802135
19498,7.968678037399526
19499,7.972421717233355
19500,7.9880694961003424
19501,7.993595648978623
19502,7.994207453505647
19503,7.995010002353909
19504,7.991948713619023
19505,7.991082270661216
19506,7.992022824827662
19507,7.989596643539494
19508,7.996007469728421
19509,8.000086398941987
19510,8.001038534371242
19511,8.001118064934301
19512,7.996569791632878
19513,7.999062160228786
19514,7.9970379329448855
19515,7.99948375177531
19516,7.990291034781299
19517,7.992460745080677
19518,7.993654152872546
19519,7.987342765292767
19520,7.990995006610615
19521,7.995183876234594
19522,7.999496835917558
19523,8.011011945737803
19524,8.018979966311404
19525,8.030718363757549
19526,8.02818510409394
19527,8.035180879204063
19528,8.032206886778107
19529,8.034483156650463
19530,8.043525704705043
19531,8.035591484857518
19532,8.024326213802162
19533,8.029808778550871
19534,8.03134957185125
19535,8.031800947315677
19536,8.03931866838761
19537,8.04645297485668
19538,8.04765024829638
19539,8.048521961458396
19540,8.04566674805346
19541,8.052342643036623
19542,8.041871600478126
19543,8.049538077762659
19544,8.041507450270295
19545,8.033122676564512
19546,8.037367909391286
19547,8.041347254556294
19548,8.03787858803171
19549,8.0337704634301
19550,8.034150610090283
19551,8.035564875808369
19552,8.032239786703155
19553,8.03820341540388
19554,8.034780423731789
19555,8.033529562788132
19556,8.032813858494118
19557,8.032420987513978
19558,8.043671327580485
19559,8.0389001501781
19560,8.037457861136994
19561,8.038512796610403
19562,8.052230720812275
19563,8.048579971417809
19564,8.05401891076214
19565,8.048513134412287
19566,8.046321956466027
19567,8.052124161150154
19568,8.036038388400327
19569,8.041434926754194
19570,8.038644379440223
19571,8.035246804881949
19572,8.026510545967046
19573,8.031971797233256
19574,8.041907335008112
19575,8.038559863706189
19576,8.037494008442726
19577,8.027488826073132
19578,8.024207675297516
19579,8.025159286054334
19580,8.01985059398805
19581,8.017773052700546
19582,8.018581134359396
19583,8.020540992409192
19584,8.031292309495953
19585,8.036917430082173
19586,8.03962462236583
19587,8.049877982631369
19588,8.04748059582653
19589,8.0557133325595
19590,8.051669319490378
19591,8.041556299026812
19592,8.0361788125724
19593,8.033362514240437
19594,8.026435342550535
19595,8.028590641178795
19596,8.02824122614672
19597,8.01566198654594
19598,8.01541014924374
19599,8.019196482852925
19600,8.018396119355405
19601,8.007331362930474
19602,8.005980233330197
19603,8.004948851150852
19604,8.003814548279612
19605,8.00653870044012
19606,7.997946804393878
19607,8.00530922469819
19608,8.012413446365072
19609,8.004726843487582
19610,8.012403973468308
19611,8.019177126476622
19612,8.017408004667947
19613,8.011291344302098
19614,8.025724548580719
19615,8.036767728834239
19616,8.037247912137744
19617,8.037215025857003
19618,8.036762238060133
19619,8.034147685210348
19620,8.02925014327636
19621,8.036383521747403
19622,8.036193859165193
19623,8.042645111253428
19624,8.038893589527076
19625,8.033300336604919
19626,8.030626568427824
19627,8.036638543719103
19628,8.031812957599353
19629,8.032674558025269
19630,8.041734707031736
19631,8.041970189470273
19632,8.048875071246425
19633,8.032647081788964
19634,8.030819346556834
19635,8.033233601029028
19636,8.031192661611879
19637,8.027638241002377
19638,8.031112649422166
19639,8.024995907083706
19640,8.033064692483858
19641,8.036517107845578
19642,8.037312524114657
19643,8.033707425339614
19644,8.034839203609554
19645,8.037097284902167
19646,8.040471733563036
19647,8.03080630051196
19648,8.030420666048476
19649,8.032421886533747
19650,8.030369763598502
19651,8.033587665490682
19652,8.036013219630846
19653,8.03236388908063
19654,8.03147990606377
19655,8.037994638338922
19656,8.041072970861297
19657,8.047924610516295
19658,8.046620622082346
19659,8.051972186290401
19660,8.04716516162666
19661,8.049295756890286
19662,8.051366561197488
19663,8.058371146985259
19664,8.068078436844381
19665,8.055066312572553
19666,8.045671767479972
19667,8.05261636293283
19668,8.051161482206911
19669,8.051199278579405
19670,8.039164593680653
19671,8.044006500083912
19672,8.041283253357081
19673,8.027504561958708
19674,8.02509569816276
19675,8.034880439680624
19676,8.019832627744986
19677,8.02272090469193
19678,8.022437352123593
19679,8.016194810757185
19680,8.014584659225811
19681,8.012856383370103
19682,8.011180889465235
19683,8.013526850187283
19684,8.01458713974008
19685,8.014248171828388
19686,8.022907800517492
19687,8.021993226716614
19688,8.01906191458874
19689,8.007828565586061
19690,8.00850711812643
19691,8.016633849704952
19692,8.007550161125558
19693,8.013685663943916
19694,8.011215676138612
19695,8.005993394673816
19696,8.000689054264456
19697,7.992860436933987
19698,7.999903342617895
19699,8.003089289815577
19700,8.000068996106089
19701,7.991300796864706
19702,7.987257056651868
19703,7.977346009750936
19704,7.975155806611196
19705,7.970653019467254
19706,7.9654608821817385
19707,7.963107478249996
19708,7.964182536569178
19709,7.968876623566422
19710,7.9711706757093275
19711,7.962040649870174
19712,7.964684376327232
19713,7.9623687883604095
19714,7.961115634704994
19715,7.958726143465843
19716,7.961592233957993
19717,7.960035679040928
19718,7.966877628500598
19719,7.978028659438664
19720,7.975164765988016
19721,7.984064881421505
19722,7.981660440262967
19723,7.989780363372527
19724,7.996671200911819
19725,8.005936364120089
19726,8.013066013725066
19727,8.016250010610852
19728,8.019050067580725
19729,8.016363750068999
19730,8.009607256024305
19731,8.004652951922044
19732,7.995331035475621
19733,8.001607952790389
19734,8.010007399647598
19735,8.000629114973417
19736,8.006140184713445
19737,8.013836702666215
19738,8.010555049315142
19739,8.004723565790332
19740,7.995251605976031
19741,7.979296449782683
19742,7.978320704688428
19743,7.9908124848412205
19744,7.981566853949073
19745,7.985564737328898
19746,7.976993334811866
19747,7.969824133691324
19748,7.968385806641377
19749,7.96899815252013
19750,7.973609524134783
19751,7.971510975292335
19752,7.973040386891227
19753,7.976132969618656
19754,7.9770531226139845
19755,7.978792136051751
19756,7.988929354039114
19757,7.991810537847227
19758,7.9897495328273065
19759,7.998612120063277
19760,7.9866361116411735
19761,7.983201125291127
19762,7.9841627906094885
19763,7.976362843654153
19764,7.96710673145123
19765,7.9644714819294125
19766,7.96449238471842
19767,7.967636616171899
19768,7.965037620543313
19769,7.966612571597695
19770,7.956414321162654
19771,7.963272131847203
19772,7.969261177578015
19773,7.971729713072043
19774,7.971477101154036
19775,7.9774628958592
19776,7.97559026179253
19777,7.96508557569784
19778,7.969151175891095
19779,7.974814367375133
19780,7.981517573898837
19781,7.979205876579879
19782,7.989115201265412
19783,7.986920374251388
19784,7.9909341166140875
19785,7.994284002183925
19786,7.988977094974729
19787,7.985759941207767
19788,7.9883274084245715
19789,7.98867607147343
19790,7.993414586377232
19791,7.983646322538643
19792,7.974393675827171
19793,7.973452798287487
19794,7.97312810967954
19795,7.974633351519555
19796,7.9794084692581215
19797,7.98669695903941
19798,7.976350031645679
19799,7.9825801657626645
19800,7.980767222803459
19801,7.97832427633985
19802,7.9748308109689185
19803,7.980578633389755
19804,7.98407587232892
19805,7.98445041328774
19806,7.989244988433236
19807,7.991969241912897
19808,7.991612195556941
19809,7.982499770067909
19810,7.986487054104231
19811,7.988453741342828
19812,7.99260884582989
19813,7.990495026222787
19814,7.985575030519734
19815,7.990603803679404
19816,7.988722655470054
19817,7.994452681182249
19818,7.995256547464561
19819,7.990001390617409
19820,7.991685879201595
19821,7.995941737489535
19822,7.988365866237752
19823,7.978579774661997
19824,7.965822178057325
19825,7.959213216687942
19826,7.956724439688207
19827,7.950663698032843
19828,7.959552281525484
19829,7.957301303871958
19830,7.960187243642506
19831,7.96489793611637
19832,7.972783850675329
19833,7.974279361494479
19834,7.976566439082744
19835,7.979090390790794
19836,7.972274731935352
19837,7.982426421662315
19838,7.9821580780453605
19839,7.987234623564292
19840,7.987042811719918
19841,7.985620126737725
19842,7.985344709758696
19843,7.987980963807553
19844,7.981893906509756
19845,7.980376111784318
19846,7.9859672881796095
19847,7.9856540905929405
19848,7.974031303354522
19849,7.982506814007077
19850,7.9781133072905295
19851,7.977537389765443
19852,7.977346356325536
19853,7.975240467147104
19854,7.968193740773903
19855,7.963558152930927
19856,7.970919771459809
19857,7.9584758801605044
19858,7.957420005519054
19859,7.951993441348465
19860,7.957332741458355
19861,7.960988778149104
19862,7.9651070572107905
19863,7.957715826884433
19864,7.962561793990648
19865,7.965474913370044
19866,7.971607892050416
19867,7.975642353395173
19868,7.977214520481856
19869,7.979231785401437
19870,7.973417182609814
19871,7.9730943866201915
19872,7.965682954961299
19873,7.97649179916281
19874,7.975736646304154
19875,7.9726805197208
19876,7.970032914173753
19877,7.96289671553576
19878,7.960086262940464
19879,7.961174848500434
19880,7.9588707103765755
19881,7.955892562551869
19882,7.957101743808662
19883,7.9667478488341805
19884,7.9648586084542385
19885,7.9725584726018095
19886,7.972280983749485
19887,7.974587601637433
19888,7.971518064205
19889,7.9746765934712105
19890,7.9862717815485205
19891,7.984928747042428
19892,7.983481800105614
19893,7.986552876794918
19894,7.987339958481076
19895,7.992003841748965
19896,7.984005603779068
19897,7.975183783563247
19898,7.975483967323985
19899,7.975366720956886
19900,7.971919245462759
19901,7.973013062609876
19902,7.973915093515311
19903,7.97313473555359
19904,7.974942787753958
19905,7.988523590657044
19906,8.001815751088985
19907,8.004470279155894
19908,7.998811349388484
19909,7.994827712843425
19910,7.995384897543159
19911,7.99781279557613
19912,7.992496080972094
19913,7.998349393666876
19914,7.999583322702656
19915,7.988277218069114
19916,7.997928040708422
19917,7.9953872294125885
19918,7.996457112411336
19919,7.998896629863562
19920,7.998160156730596
19921,8.00312679883249
19922,8.001308023361235
19923,8.00121550155086
19924,8.00661579775077
19925,7.999339495275328
19926,7.997391212556893
19927,8.006680934637522
19928,8.011469755589664
19929,8.023932228743034
19930,8.021978132665291
19931,8.015016424294469
19932,8.021246483805948
19933,8.021212393280804
19934,8.018215643871086
19935,8.023884394478916
19936,8.02695862730131
19937,8.023610920055088
19938,8.017976593685827
19939,8.017776595584404
19940,8.019110409991223
19941,8.015792239248405
19942,8.012497290905452
19943,8.008903075754429
19944,8.018811889679448
19945,8.021808039786528
19946,8.013065700479281
19947,8.017616176520365
19948,8.015101577402074
19949,8.019282753547111
19950,8.016541339629223
19951,8.01539127958822
19952,8.016044673233878
19953,8.017344720922738
19954,8.016451730342327
19955,8.025584341747225
19956,8.022759660906665
19957,8.033697471575255
19958,8.023560522737203
19959,8.016917435851417
19960,8.022517907953624
19961,8.008832519339844
19962,8.016190058801127
19963,8.009696277812383
19964,7.997790192338507
19965,7.992751091334015
19966,7.989909526978063
19967,7.988159785057296
19968,7.980420858166537
19969,7.9905410915439425
19970,7.99466678993387
19971,8.003362413530615
19972,8.00793824969269
19973,8.009267167077855
19974,8.007774542957074
19975,8.007171857086764
19976,8.005010182169302
19977,8.012400727016276
19978,8.01158432003488
19979,8.013341003879715
19980,8.008026293261757
19981,8.016289267248062
19982,8.022092256711563
19983,8.00705127043401
19984,8.012885090481198
19985,8.016708630211827
19986,8.033112427963815
19987,8.045021112722445
19988,8.042851346944929
19989,8.04641866017965
19990,8.044567921094034
19991,8.046572035037672
19992,8.044538952309154
19993,8.042200637671415
19994,8.041700482897202
19995,8.04015419142184
19996,8.026486204326751
19997,8.033087609057919
19998,8.039025731550995
19999,8.037306654491823
