0,7.6612066799391085
1,8.330237325619887
2,7.044929465589236
3,18.160369621840488
4,8.906077732719032
5,13.72975372880474
6,5.596713115010385
7,7.096757463582061
8,15.369994660096928
9,7.265251749639584
10,13.076806226542042
11,16.71458171131335
12,13.499606911391004
13,13.134657702795124
14,8.654828961137863
15,12.13398121627301
16,10.229382304485476
17,6.227733842816299
18,20.744180947080476
19,17.137370070705845
20,18.179471139707637
21,16.88959522926836
22,21.092462943981886
23,7.758062374885204
24,23.353255788750168
25,12.89249753927173
26,5.20494265204419
27,15.025633255714864
28,16.186634582798963
29,17.47894435761075
30,13.580028253532227
31,13.521727403855957
32,13.421830783800068
33,13.98370549562395
34,5.526180882662877
35,17.3208555080278
36,15.432421785278303
37,19.69707814539173
38,9.358573711652674
39,13.974713170445105
40,24.228099544942854
41,14.259962077348098
42,4.679994475308247
43,21.023599428749414
44,15.084470662974027
45,7.782265810632472
46,10.843911964911923
47,12.49026986468607
48,12.399785492166018
49,10.514324343861722
50,24.059986999829682
51,16.77549923574247
52,19.968046827753874
53,13.903361471047457
54,11.180527855894825
55,17.045358621844397
56,12.064404683708117
57,20.767667528147083
58,16.904213756284786
59,13.282079235944735
60,13.1470484741939
61,18.921365524912172
62,11.960393113256941
63,19.88282265938104
64,9.562093029199882
65,4.148417924737858
66,19.0958058193086
67,14.391472030582165
68,17.05389302824738
69,16.97361006732735
70,15.602629476873952
71,22.363170268672906
72,14.67246479605626
73,6.588703363409507
74,10.913092409969765
75,13.673831224481523
76,13.889491771778495
77,13.968498876692589
78,13.381468306807841
79,18.166809091473723
80,18.71412094042208
81,13.431128695895005
82,18.699683387495394
83,17.94083259428421
84,12.811146186132659
85,18.212448516001437
86,21.940871736476076
87,18.859434312070324
88,15.904513534983385
89,14.31740674821114
90,11.36256502355966
91,16.16740010628338
92,5.7206393182322826
93,17.653404990303297
94,6.061415203226065
95,8.853857349087935
96,14.980851369908155
97,15.148002343171706
98,8.300569626522247
99,5.959688437340686
100,11.485552470385738
101,17.49945685201756
102,15.255789743813088
103,14.872306593904444
104,14.466554816997261
105,7.309770561930245
106,16.13200784474603
107,20.457030797383627
108,14.616383012121481
109,13.185116179797669
110,10.89065349534193
111,12.756148412877138
112,11.690538086896119
113,19.001688404951167
114,18.707249329202206
115,11.866486673841614
116,16.102656804376238
117,15.510983747013583
118,20.251194339520502
119,11.937853714845458
120,19.023803241429246
121,10.01122900778711
122,21.750645752688925
123,15.05848789718076
124,14.145221235005021
125,12.354941390266974
126,21.437666705352967
127,3.1596178434517554
128,5.549593032925496
129,19.639799417668602
130,19.55356681582353
131,18.821492669865496
132,14.434161545275725
133,15.703695690706445
134,14.014614388437346
135,14.464807549015912
136,14.862647900312203
137,14.513474890075045
138,10.162519945058367
139,13.928843454361472
140,11.654728827871665
141,10.261216137454824
142,14.209978280492866
143,17.48103166830135
144,9.752127021344602
145,11.092276298052361
146,16.64592234636732
147,19.142001693080765
148,14.876688584428031
149,11.159166444154433
150,14.997346657217268
151,12.510605368747948
152,16.505810733996817
153,17.893791874040073
154,10.641690546286016
155,20.489478430414174
156,20.78794300236434
157,13.062014718329095
158,12.014342731679717
159,10.795125386781057
160,13.668510370057108
161,17.9944881452346
162,11.725855277871027
163,9.747475113639773
164,7.3213265804755965
165,15.607536393957634
166,21.453686287275204
167,16.86448131776053
168,5.431169919438296
169,19.08869413943093
170,14.814344028504992
171,16.31149930032953
172,18.16781540416487
173,17.562573323273853
174,10.952296843198267
175,22.162317639011718
176,9.118413586977844
177,16.56665954108182
178,11.05441150841978
179,14.365396159819772
180,8.684259733052448
181,14.414599524206286
182,21.203030529107988
183,10.060537115641374
184,20.14684429270108
185,14.663978569422019
186,19.92875112126585
187,16.619793203651618
188,15.822917514737174
189,16.832808673993256
190,10.793042440446502
191,14.884383498644937
192,11.203350886513457
193,23.727083563455295
194,8.984848119251033
195,12.219329553860806
196,17.606334185515163
197,11.181051905016439
198,16.093776280476302
199,18.607092654777563
200,15.317863415769294
201,19.07173968278117
202,7.863453938433018
203,9.739623457100812
204,7.721607943166802
205,15.84802246355425
206,15.13894322231591
207,18.419076538446415
208,20.511523831138497
209,16.868323199509103
210,18.321958268646004
211,13.5664445479742
212,15.970272017794684
213,22.646534214838923
214,16.640294001403532
215,11.616541757958808
216,11.743931382096939
217,16.447184709968024
218,21.11989156075654
219,15.011528878692406
220,6.438888533206346
221,15.367009111696795
222,14.10580821039716
223,19.148810627258428
224,23.12623914309941
225,10.609203799276306
226,11.577755111942825
227,19.62023713906046
228,9.839004884822282
229,10.268641869938525
230,13.81767939860695
231,11.060903102009462
232,15.1053238554073
233,10.27571533168318
234,5.062109242917572
235,8.579892997468486
236,8.085779870806606
237,22.015693092942843
238,11.667235692095586
239,20.78504340600019
240,9.357159464843557
241,16.76225542762115
242,13.376399469273972
243,23.901272254430523
244,11.699804638027887
245,11.447582858669064
246,9.980207744689071
247,12.203910492414133
248,8.659006646121352
249,17.614917890193418
250,17.617127319098014
251,13.308168590561735
252,11.216330767688971
253,16.332008538328793
254,12.008962647870923
255,5.150403064931956
256,10.787905997920106
257,10.6805580258562
258,25.902366402517888
259,4.953860325564754
260,6.360461571851415
261,13.107582604011025
262,12.440953001612938
263,21.447859813077887
264,17.766650148062286
265,18.62357120725195
266,16.306612425234945
267,15.768316223713397
268,23.999347563605088
269,19.778945903357325
270,17.710395824643584
271,14.569536584084751
272,17.455322679084333
273,10.182712505525693
274,11.869501209938685
275,14.057337379700863
276,9.769806501963547
277,11.773126896591513
278,9.557636670016764
279,18.58842543685502
280,24.652578649489165
281,15.065101943978052
282,6.73468441475378
283,14.206918536382545
284,14.50595718263981
285,17.856888094979272
286,11.33034258920205
287,24.164455872709183
288,17.353269202704286
289,15.298249395025069
290,13.083996468494773
291,18.43823110373529
292,18.77598154544086
293,10.442484282682715
294,13.746932525493726
295,19.845973594176005
296,4.490218384705345
297,10.918262907892762
298,8.364453879977543
299,25.314653463680823
300,10.83127324858138
301,9.117190484211253
302,16.09373269702134
303,10.941741283908048
304,16.294155904456503
305,8.151986681342258
306,11.039886002238514
307,11.69343231842086
308,5.874512385941831
309,8.596216253813951
310,14.73206184218402
311,10.775277183596062
312,12.145590809404924
313,20.662092592486612
314,17.015790335342164
315,5.045183157815343
316,15.999245268999086
317,17.590450109481985
318,7.806284448508732
319,9.337977969813199
320,9.71829508144984
321,13.643206641478066
322,16.507814482526996
323,12.675519674721759
324,20.041830713248274
325,19.04795833362056
326,21.765540454013923
327,12.258482020204529
328,14.515850175410497
329,12.233074020005741
330,12.790296609850971
331,20.877492169178563
332,9.217714242229084
333,21.03734146413642
334,12.540334971886953
335,11.549058929874924
336,7.567968360127837
337,23.54894677447763
338,22.096705005089166
339,9.555144088761141
340,12.207559995390476
341,5.430892176345581
342,6.520612324772287
343,13.78289696396951
344,18.127177207748478
345,13.641950237333734
346,17.10142735067701
347,25.209182971550533
348,14.21559847575539
349,12.259221192207075
350,12.668402430217926
351,8.009136562330209
352,20.33479327279847
353,14.504227706074023
354,18.831091261943765
355,9.933267655347882
356,16.407654645002996
357,21.393725991472586
358,5.762759271763465
359,3.8604476497029276
360,16.01760460262444
361,18.267012584391043
362,13.629907135089466
363,6.28259672633699
364,18.095506973615485
365,17.67701619059197
366,21.616368015777006
367,15.865424522921577
368,15.535428568286362
369,13.34894090511817
370,7.430599533422065
371,21.957578684967995
372,21.39874375611268
373,19.113790487350364
374,18.811824703500537
375,23.70179782426118
376,22.309231297129283
377,11.568436825330084
378,10.731476206342169
379,14.277336975095158
380,9.94177566224624
381,14.96748572461079
382,16.915600980171202
383,11.446160074798222
384,12.736049576105469
385,17.76733805378753
386,15.018729660499776
387,17.9921382432748
388,17.70308461066212
389,16.729041471185518
390,15.520765962534377
391,13.031201936223077
392,9.238970558407013
393,10.227857539133451
394,11.712076636523793
395,8.606439105498676
396,5.203207291428826
397,8.660988328934593
398,16.886824249994355
399,11.833283299643671
400,10.252309060791092
401,7.77657116167964
402,12.219994428099282
403,11.952400117880854
404,4.5660731528461
405,7.601203026522074
406,19.535104371762586
407,8.691674960138496
408,15.280760135889931
409,10.865343636338316
410,14.74812705045365
411,12.773996522160424
412,12.286959458811987
413,11.99684395345485
414,8.044634340132289
415,16.521084120985428
416,16.692062582059044
417,12.330209904544674
418,9.092069960746771
419,9.109306871515921
420,23.219080153269477
421,11.880315665738985
422,3.69378551767271
423,10.078420625821696
424,8.23827737580848
425,8.854385319972842
426,14.471838340713754
427,18.17891054457395
428,11.879680929101381
429,3.3598896522258066
430,10.962985358904437
431,11.790913813506787
432,9.330534373527422
433,10.071211150755127
434,16.130100499985847
435,14.12866112252699
436,13.768257078920938
437,16.92103798745908
438,16.49475252014861
439,15.485048294364365
440,20.1606790433288
441,7.20605446298808
442,16.725248747421503
443,7.699582523145042
444,10.86485068929961
445,17.455932688834306
446,9.391691551860623
447,19.05379811838546
448,10.694870988554255
449,11.168353961981303
450,4.790831111811782
451,20.541204769027797
452,5.300953049128786
453,23.018920238599478
454,15.494471867480847
455,14.530613340691179
456,10.66150578551985
457,14.121358908652706
458,21.158265534529257
459,11.393201109260405
460,12.460910653529101
461,16.90449198892838
462,22.660934378633982
463,13.747902978752393
464,18.58284651364317
465,6.7675874644834115
466,7.355090283184182
467,14.368343572195483
468,19.049957585374152
469,14.248439114191758
470,21.251197642396832
471,19.210094402145813
472,19.213657709473928
473,19.24354631006764
474,14.763877270904398
475,15.029593015338786
476,17.563712501822685
477,7.18597349725081
478,8.577404431576424
479,17.788158970071322
480,8.411192343406523
481,11.939846563477765
482,14.427434411479142
483,12.890306117735541
484,9.307420754187165
485,15.476703926441953
486,18.60603993940568
487,12.614052386598775
488,8.56835780656152
489,11.296231307427385
490,13.156534136129418
491,22.451885552903832
492,18.782117178216495
493,7.060936712912153
494,21.471928776019546
495,18.772154807950038
496,12.876045988451095
497,17.913424591291932
498,4.913783541039358
499,23.381448524639474
500,10.19968504952184
501,21.828410586949254
502,12.64386542734836
503,10.67857706509303
504,11.548046972617243
505,15.823272474411292
506,12.36738037903784
507,14.719385978403189
508,9.090438667124904
509,6.227023372999854
510,13.354306318939761
511,14.96848938413552
512,9.15881999881438
513,12.65316254266109
514,24.97621412497032
515,8.974451182733429
516,19.53831822762796
517,16.29065734197627
518,14.739713743367414
519,15.40299930125031
520,13.163364946964741
521,15.168395472533012
522,18.33217175571833
523,17.132403099545268
524,14.855056760987273
525,18.523118697245547
526,6.120159274688055
527,19.583279281460047
528,13.202333594695913
529,12.905232380552487
530,17.18353281080876
531,16.26051306573835
532,22.835114663733485
533,12.97605012807759
534,13.810011739802452
535,6.851326283099745
536,11.755149650689845
537,10.345458357696616
538,10.77799545953128
539,22.527786494063015
540,10.50468147307019
541,16.937937071975675
542,10.78994092023865
543,8.020481485756996
544,19.374465458597655
545,11.059250544592672
546,15.561416724104081
547,5.144864463782941
548,15.889025546930789
549,12.6205718707698
550,21.957675572287776
551,11.924412443520275
552,14.173109923449317
553,8.896335725934287
554,9.074427566945909
555,14.122231376215378
556,13.527442063609753
557,16.51259086625144
558,10.405108696567318
559,14.21111915217329
560,21.48350495735604
561,9.488042988352927
562,15.791313984021857
563,14.615380918262694
564,18.923950755936144
565,18.680982243661788
566,14.93678949487017
567,7.702936134025616
568,10.875275621634827
569,11.625308236237188
570,16.75784608085427
571,17.25249047336613
572,21.02766026673841
573,9.24639080855879
574,18.513513960106728
575,16.295355279870247
576,13.077855815439525
577,25.98619638048639
578,13.219262070965653
579,22.082364991540256
580,11.2876705303459
581,16.69308139803484
582,14.353725212408637
583,16.103836545022368
584,5.9948763946942565
585,18.640719016234545
586,18.27896663007526
587,4.2911484742542205
588,17.306097495111704
589,19.704523494427146
590,11.383731938778475
591,17.956013893211985
592,15.329290406382873
593,20.048097399384027
594,16.578850465793362
595,18.65818580360092
596,18.76668212749026
597,19.597698536713015
598,21.057671008314887
599,20.393244793471126
600,14.406366286311878
601,13.963896369197133
602,22.61593500928005
603,11.425125496555957
604,2.804039831445159
605,12.077148201327443
606,18.234844537851018
607,15.330153882352995
608,14.071006355429592
609,3.997392438842929
610,4.7093860110149
611,17.242925297182556
612,2.6098966875338996
613,19.374833387579024
614,8.046424112921503
615,8.650957897700048
616,16.451755007578722
617,16.17249802710815
618,10.100332146402232
619,15.47367852683154
620,21.011894785749647
621,2.6377028786424077
622,23.557735402375965
623,18.694093984683022
624,19.027465276419484
625,16.41590298614051
626,11.17357054823801
627,13.867974070517752
628,13.800098653651713
629,14.071802905406807
630,12.19646498222735
631,19.048040047619164
632,11.966264478666593
633,18.71295569664651
634,6.606667497972602
635,21.68703071929557
636,14.299911638616964
637,7.682406116705581
638,19.062367072830003
639,14.399051869447103
640,9.504179128924292
641,18.08764370488611
642,18.02686786533075
643,13.724748337099276
644,19.42288803329591
645,11.228010257722994
646,15.700478441621629
647,10.781258048766581
648,4.468329566916247
649,11.687535530571143
650,12.930165805129512
651,7.481493713707618
652,21.829186546958233
653,11.7241397716807
654,5.438242626976268
655,15.475690330169806
656,19.182278833767388
657,18.134234976803096
658,8.839136172536605
659,9.51908180896959
660,16.87975219984541
661,15.36943871583479
662,16.704091452123546
663,17.849454713670376
664,17.91775526713858
665,17.170403224174805
666,23.032369523391868
667,16.078777842453032
668,16.42599798309887
669,15.247606611655565
670,8.05738321313563
671,22.057712814444283
672,22.856015143220436
673,21.342684418930368
674,16.290791298150435
675,18.037901185451997
676,15.405619863549205
677,20.116080735019054
678,28.773191744921547
679,14.865739596472888
680,15.092350510922284
681,17.01409323271509
682,15.657003550734647
683,18.402557654518148
684,15.259740106970623
685,22.998785641740806
686,13.391121846578166
687,14.589151496663838
688,13.433997605577163
689,8.68254531664229
690,9.711156252433172
691,15.111349274428953
692,13.47315882973762
693,17.888294946229703
694,7.223712100879048
695,19.45254254011413
696,10.707875842358721
697,17.376398459737988
698,18.740578143563997
699,23.645433647541804
700,13.670007357645607
701,9.741906195851948
702,7.794589001796641
703,5.544662117117491
704,12.628921633663328
705,15.896865775827267
706,11.53600656034753
707,9.951898895036939
708,10.305792556120867
709,21.363901119218138
710,13.83341202522538
711,12.069513473083932
712,15.557707546611326
713,19.184040507735638
714,9.359723936479021
715,13.033215127175726
716,9.275441076999378
717,13.03526514500604
718,12.0393144736192
719,23.19946004295694
720,9.573682915709933
721,23.308360219086175
722,19.165625739689844
723,19.43460287245434
724,14.18772473653717
725,16.84187626777168
726,19.55343823763956
727,16.766913199723284
728,9.394984158258282
729,15.935128387581598
730,27.36386704999989
731,18.05705107574506
732,16.40418602630755
733,12.196366830285479
734,12.72541090391573
735,16.8699918824245
736,21.24413034999774
737,16.163686889873983
738,20.613599106526564
739,14.987343304790528
740,12.829867484174592
741,11.96824824655146
742,18.857710989333505
743,18.473565921836617
744,12.187580926722609
745,11.611187952330782
746,22.108362792661353
747,12.008548091709184
748,9.09651854737508
749,17.279119529411936
750,20.47820103606833
751,14.96865674788328
752,8.143150886714903
753,24.826502663868812
754,7.848492947094359
755,23.192833380368075
756,19.44752448313846
757,17.357625960328704
758,10.319332420612229
759,16.011144488601296
760,5.308989360779612
761,22.4530118264193
762,21.266444836782856
763,11.086588957343826
764,13.222128697940523
765,22.10158447176071
766,6.650002275871911
767,23.89010212821203
768,15.364626713493431
769,10.581424418308359
770,9.84841479685033
771,15.084068729233364
772,10.28854064575192
773,11.901707365630841
774,8.15222541456256
775,15.54787686748667
776,19.96323656925528
777,19.299304340454306
778,14.8556610863494
779,18.03232690624389
780,8.620743471201957
781,14.420060949945581
782,12.274886354001472
783,19.855144674709152
784,19.8846022722379
785,17.29772315069826
786,25.714936262893165
787,2.206936783819297
788,19.78131819334984
789,19.756144075523626
790,2.758986940719103
791,10.2481965177025
792,23.7591104483902
793,10.646596648579168
794,15.184693057384766
795,16.011972016439838
796,15.251077227024943
797,11.403242496448867
798,10.896490884056934
799,7.396849691746407
800,6.007774563840534
801,11.555095842992248
802,11.941205192027333
803,7.857578843595747
804,12.69525895966975
805,18.306357217686685
806,16.613088188854043
807,14.85965639918913
808,17.832363503912937
809,10.521721916183546
810,8.402089004572783
811,17.26052454693962
812,19.765659805959363
813,3.850923254195144
814,13.846995267862434
815,17.955799332618774
816,17.55261000485545
817,22.294936734332957
818,17.95646680696833
819,23.30997947621907
820,15.849677672859093
821,24.658523399676973
822,10.644998258888686
823,4.317846551427863
824,15.396164299270776
825,5.647365420261488
826,15.94250471782221
827,17.729733791184646
828,11.72879739601901
829,10.189542792117741
830,13.623113757849444
831,12.544671609913904
832,13.43106861445722
833,8.871205815762565
834,16.465530423261484
835,19.576618168360277
836,5.183169522480795
837,20.9060695499582
838,9.279369884262
839,16.41396412424038
840,21.08137889675381
841,17.753732023241824
842,14.75093164139562
843,22.65222387731474
844,10.242373935504158
845,11.882648520606116
846,17.180162914138528
847,13.702588394496832
848,19.080984499969773
849,12.892109313837029
850,11.692082412228324
851,13.336738119417396
852,12.728286067733162
853,15.079641181558552
854,18.318504658918958
855,11.6260258028604
856,13.10270143586879
857,12.830933878175973
858,8.274109210400042
859,3.934755628838944
860,12.693342512344653
861,9.635926116046965
862,15.643118531238466
863,8.11158101528585
864,10.690530838965529
865,19.281456477865426
866,13.485650680385126
867,21.315520833482992
868,13.158921304974724
869,14.57951452394011
870,13.509989914930092
871,5.659275383022134
872,9.888126604887429
873,20.34799425122328
874,2.8317830254427365
875,12.930843466849778
876,18.296437058848767
877,16.42056964725589
878,7.371222317133904
879,20.0401501738368
880,13.599059092068437
881,15.293693648035097
882,10.393323337435813
883,16.860535011808636
884,7.89696122653942
885,19.975927085040073
886,16.91422039496587
887,7.493073177646322
888,15.565616414423928
889,14.391815479222942
890,8.797900384654573
891,8.42520563972998
892,11.866908889336482
893,19.684555598803673
894,16.622781162711355
895,6.755819967332784
896,12.241205103093513
897,9.659284663908533
898,16.213774982054204
899,13.82848973830013
900,25.137851513913954
901,9.309503270474806
902,12.823957785430254
903,15.174368581134626
904,15.896165178146799
905,2.1106712855642797
906,14.927077289765508
907,13.306815651886607
908,11.661700659160598
909,13.379479306758919
910,11.829783958027956
911,12.8864593773596
912,12.422355678621498
913,18.410405282877033
914,4.818189357350836
915,13.559801429834975
916,11.70794386813342
917,14.669723813109105
918,15.22681018847559
919,15.023806573029946
920,16.38582525142752
921,17.315744639662846
922,12.475230958393835
923,11.557592081954931
924,6.773241041314023
925,9.810837603629107
926,12.948518161767211
927,8.902619035194792
928,5.632771058955395
929,17.11358835414324
930,11.728035662496245
931,13.542531095815152
932,15.959226714537545
933,14.93301499129098
934,16.619549804809026
935,13.058497344416494
936,22.217942067044987
937,18.69418430204114
938,16.75795507409884
939,15.899955217616775
940,18.41261943568758
941,21.57299754612557
942,15.380639877529946
943,25.1059143871331
944,12.933877550191516
945,14.545478296536098
946,13.628973963806411
947,21.103295224940933
948,2.742072612493011
949,16.87622389236596
950,10.258020753867012
951,16.404968546854505
952,10.576942428008438
953,12.954024201026884
954,11.322878780386072
955,14.635812819890463
956,13.884105742910965
957,12.782670793447291
958,4.669407955732196
959,3.85540278632243
960,12.754656493125912
961,9.240790777526854
962,6.040347371915457
963,23.5672981425455
964,13.29562382691009
965,22.891656694962446
966,22.0100323220881
967,18.46780935718388
968,16.730070077794128
969,14.550907367383251
970,18.640415881214917
971,9.34876905632178
972,18.915066226018638
973,11.505911388747744
974,15.901526942184754
975,8.561063734475383
976,13.557304224208035
977,17.053070596731168
978,21.07700995810384
979,8.742114114384268
980,12.15581432553424
981,11.297683718808475
982,21.50200142268003
983,20.53575287662601
984,12.906684477560832
985,7.789779642514111
986,14.656140378356016
987,18.10027743842505
988,13.052368652174025
989,15.686959706840138
990,19.950041313197424
991,8.711882036318853
992,20.70297964771362
993,15.824447217560541
994,24.092538010626587
995,20.381188170204673
996,20.456075513113536
997,13.309490151997624
998,21.79976330067116
999,11.819080478764109
1000,19.829543943788988
1001,12.356825299528648
1002,13.167786025150845
1003,18.058707365202668
1004,10.812419208694836
1005,14.051415568918546
1006,16.388950937486793
1007,10.126997228983193
1008,21.35327166610769
1009,17.149245223998673
1010,10.128025415075797
1011,21.839594562525537
1012,18.076423863177116
1013,12.980725031499846
1014,16.082818168418996
1015,24.38332170509394
1016,13.558883192915589
1017,19.237019088320107
1018,16.518608168504958
1019,17.198187769624443
1020,14.92464619615751
1021,17.735278003278644
1022,9.068968837307402
1023,9.63078493008453
1024,18.086777726126908
1025,18.137980445086367
1026,17.902749189994477
1027,18.102043464386266
1028,12.54995676380889
1029,10.979751392748083
1030,7.639026259998652
1031,17.63755041751784
1032,18.359380360953278
1033,18.894782361673407
1034,15.626731302536841
1035,12.635602919208559
1036,16.82148562487682
1037,8.319885348930516
1038,9.026480708142167
1039,12.922621914188674
1040,7.110678995574269
1041,13.886595745680147
1042,9.648749918223459
1043,17.67645235453646
1044,14.717414469085899
1045,15.50763854012623
1046,16.348636451221164
1047,10.90276873435101
1048,16.0921711636218
1049,17.46178546892115
1050,9.47649714619482
1051,18.11043560054098
1052,19.40317350511056
1053,8.796703876972291
1054,11.154495333466002
1055,19.252015971501393
1056,15.554855759943916
1057,2.87485743847825
1058,17.019089003330304
1059,12.029244534980341
1060,9.970281381723265
1061,14.96391836454915
1062,11.87490973401936
1063,15.1660875855878
1064,16.93335122231376
1065,13.763893837902847
1066,14.722784373483323
1067,11.172840124959984
1068,27.742256948405412
1069,15.699313727605569
1070,12.638882838346857
1071,6.942043669179969
1072,16.102466762831085
1073,25.931752155956794
1074,13.008250874438188
1075,16.64517182350199
1076,15.843880144798554
1077,14.107441553472462
1078,21.49643762859847
1079,18.72142167939305
1080,16.85086161262416
1081,12.139846329294075
1082,18.653421730815
1083,8.706682887386489
1084,9.902770309005435
1085,7.80117801504711
1086,14.71976004367814
1087,19.846575663961858
1088,14.334352628756864
1089,25.1012978540943
1090,20.34843066182464
1091,19.974158792096755
1092,20.717312086253262
1093,16.318609462156864
1094,8.90459071252414
1095,11.31598192424799
1096,19.83752537496122
1097,16.363311941887083
1098,13.803664320454896
1099,22.69473952106066
1100,6.454368676324003
1101,23.675065007586895
1102,16.953545360603414
1103,12.829814744633795
1104,14.73946970044928
1105,7.74834995694573
1106,22.256738597426104
1107,11.706185575968018
1108,19.804798995602326
1109,13.857500263100981
1110,12.32370506553375
1111,12.088076355366022
1112,12.40494489215857
1113,24.121002711176597
1114,19.24362252696083
1115,26.352814685204248
1116,15.587608253231503
1117,9.97719581323414
1118,7.492831662426047
1119,20.30898154154256
1120,21.382951528619994
1121,16.840126179997075
1122,8.779429748074513
1123,22.10170634137602
1124,20.1892241953626
1125,17.493990145849004
1126,19.657943247506587
1127,5.969320980660829
1128,5.32374462154622
1129,19.31669555519011
1130,16.845300363039264
1131,13.16021906342102
1132,13.833791494687219
1133,18.38621868780965
1134,14.425378887893828
1135,15.195632686414438
1136,12.494812941054624
1137,14.544835249752545
1138,16.591410743786835
1139,19.224795744324577
1140,10.400512890239682
1141,12.889995832983915
1142,12.296711646733522
1143,18.26574144600615
1144,18.43656114810686
1145,17.651589551392888
1146,22.35797663774743
1147,5.615208298534759
1148,22.31732398228633
1149,20.051313964894085
1150,11.768061126794311
1151,11.144279695327905
1152,14.262150414157267
1153,14.52957246866593
1154,10.438429714226348
1155,7.067540477288036
1156,6.797816497462861
1157,4.568077459236697
1158,12.254573956338962
1159,18.08884118427497
1160,10.027159608903922
1161,9.703113432336377
1162,14.358796812649882
1163,3.7092247624409427
1164,18.29975046065991
1165,20.469298826797022
1166,8.63584477396755
1167,12.283324420593646
1168,8.917960115905629
1169,11.297519038130496
1170,9.172140665980544
1171,13.98939308782654
1172,14.152088218529723
1173,13.954074474960166
1174,17.447148109440633
1175,16.87068918021451
1176,17.42630942066047
1177,16.756939478340026
1178,12.498960703103132
1179,11.796546031076494
1180,9.367079320194826
1181,14.627655429483942
1182,8.588681870964777
1183,18.702504457225725
1184,5.7540405877397
1185,15.408337447569533
1186,16.71331470049457
1187,16.66039106523681
1188,5.737487376822306
1189,16.061966649143518
1190,24.372334040672172
1191,20.343348240815875
1192,16.600856141702224
1193,15.928244627691758
1194,21.583079541450928
1195,15.61350463253216
1196,17.635219846886898
1197,17.524282649781906
1198,21.805744344038022
1199,17.285810597263975
1200,16.390111827468257
1201,21.04351691361968
1202,14.451141503511451
1203,17.779087946651778
1204,16.808590106853096
1205,22.23741166548625
1206,13.550112857382583
1207,8.008814615324264
1208,21.099609205184237
1209,12.332514153185073
1210,16.18272964233675
1211,14.74613929960416
1212,5.868059623407399
1213,14.68324086161617
1214,12.197621990684372
1215,7.6223662570612545
1216,17.05104923686149
1217,16.03557079716506
1218,15.423459151529826
1219,17.801631735860262
1220,7.498894370567312
1221,15.350324006843593
1222,12.558066035139163
1223,20.85277159723436
1224,15.235890862907166
1225,23.463088596285306
1226,17.755225923338546
1227,15.634024739281267
1228,13.322951237660375
1229,13.062375101661125
1230,5.644292027622576
1231,18.504179546481254
1232,13.138970860728069
1233,10.92107494836527
1234,12.439909401732278
1235,20.367016388651123
1236,7.586539576732757
1237,13.437324699881849
1238,23.962235091225672
1239,3.85332258236945
1240,13.779655633545278
1241,19.283944396321257
1242,12.072235888311946
1243,4.653493136155911
1244,4.853496900186553
1245,14.587330176654836
1246,15.998774222125842
1247,10.438184175083789
1248,12.249600508484864
1249,24.126220142033368
1250,14.85748014950066
1251,18.02864003944604
1252,14.24081737903091
1253,28.108415124374762
1254,11.471031023087805
1255,13.864977446093494
1256,19.606211699258356
1257,18.39440446453393
1258,22.09474851293001
1259,18.339826812649743
1260,12.001408642525906
1261,18.19045310304605
1262,20.264541196699426
1263,5.838928036798543
1264,12.383273711140836
1265,19.40047720656204
1266,12.678287625019294
1267,11.453522751134626
1268,15.38965982197041
1269,17.193523490111083
1270,22.476898378008826
1271,10.427166929934199
1272,17.23884856610427
1273,20.46616096415178
1274,20.727590451107893
1275,12.07784273846078
1276,20.265428592490554
1277,7.722222227003717
1278,20.765318543380737
1279,20.19414900277909
1280,17.136504012007055
1281,12.83230067580836
1282,10.776819581275584
1283,23.496908070356994
1284,9.474444798485626
1285,14.66203232270215
1286,12.24200744829481
1287,13.058249013921918
1288,14.288236456472978
1289,11.597333163403384
1290,9.25610411913545
1291,7.405474430968039
1292,21.66729444220739
1293,8.5279564870003
1294,13.566593752018845
1295,17.29500238379606
1296,13.835376435497249
1297,19.12267754677219
1298,4.25960379999839
1299,6.9290327005786425
1300,9.839160861114907
1301,12.628371572695256
1302,14.721580814757756
1303,19.348681177809276
1304,14.71272181658755
1305,5.237116770551408
1306,11.253496132239983
1307,8.3271709340582
1308,22.718670092670518
1309,10.165490473280293
1310,22.75865817209405
1311,15.93889249332381
1312,12.30601451503945
1313,25.39398647858346
1314,17.37401621426608
1315,12.143527083129243
1316,24.82862012791588
1317,8.790586915235084
1318,20.588913139794602
1319,7.985765578053266
1320,23.52263445379397
1321,10.111621547052225
1322,11.21453146886903
1323,15.543036714554592
1324,20.496747204637035
1325,13.029480840641574
1326,21.27942989923262
1327,14.880991106227846
1328,18.624435338993475
1329,15.362817512109082
1330,13.557423530166906
1331,12.032889163591108
1332,18.964107266802806
1333,19.19684380282005
1334,7.284348328532395
1335,17.709462408648143
1336,14.64481364393879
1337,11.719271405968325
1338,19.792659969087477
1339,15.423675599071483
1340,12.687578492189989
1341,21.8140359815875
1342,14.796441348925882
1343,12.805911831052706
1344,17.40054935082047
1345,14.200516712772082
1346,13.61397455582044
1347,9.916599495407658
1348,7.642393169612129
1349,12.25093670410237
1350,13.42053119523012
1351,14.550059719393143
1352,21.671779756527755
1353,10.590693083667777
1354,13.492437662797673
1355,23.427431502010162
1356,12.84991746337784
1357,14.093870177506457
1358,11.476776590786395
1359,20.170620605653703
1360,17.458318576101483
1361,20.323458797570233
1362,14.648839481291152
1363,17.184631341288917
1364,20.577583289071423
1365,19.20954300966
1366,13.700603022206806
1367,25.51966838824294
1368,10.554333393980256
1369,16.51591395730453
1370,12.60361170182751
1371,6.621521947482721
1372,12.378424465110694
1373,19.982505768956894
1374,27.439870331489814
1375,14.297924697903488
1376,15.533469919592804
1377,16.13664257563744
1378,13.244325001981752
1379,3.6800004898497094
1380,14.602983294002893
1381,13.749334707037946
1382,16.954996043241128
1383,13.743546574994665
1384,20.40019790960296
1385,12.200534946486208
1386,20.536690212663984
1387,8.547020612923946
1388,9.101969581287175
1389,12.490518599957637
1390,14.16052979875664
1391,19.469948579040437
1392,13.226571845570595
1393,15.677528344689325
1394,21.08994382465394
1395,13.853536142440824
1396,20.315878658402
1397,17.879728538048482
1398,19.035757924643487
1399,14.183564897742336
1400,15.160956897568548
1401,15.307321152501608
1402,7.918736051914746
1403,10.496906164861503
1404,24.21112706387771
1405,14.960505608433007
1406,18.45057152204622
1407,9.965430146979415
1408,15.630751516405244
1409,21.687454928486023
1410,22.59327624398743
1411,10.739355349939443
1412,14.281631305924636
1413,10.152799651103045
1414,10.970940734708492
1415,10.740762299125562
1416,12.113410728170937
1417,20.178474141860903
1418,16.414804846969577
1419,5.558941150875874
1420,11.654961442870565
1421,17.248287982964865
1422,12.737325903056501
1423,17.161078215179174
1424,16.331168309123523
1425,19.06709541355387
1426,10.530211447132558
1427,23.48778343595509
1428,12.456638461196178
1429,16.04025035646921
1430,14.645416264912253
1431,9.970040256155503
1432,10.122183676802177
1433,16.40517833097326
1434,13.505849687207041
1435,8.274792646136952
1436,7.153088830154666
1437,14.94020833460035
1438,23.515817083050685
1439,5.911843246884399
1440,23.718549465098757
1441,14.130192055729996
1442,12.423375478442674
1443,10.977177414438723
1444,12.219915053350265
1445,10.037566407086894
1446,7.3544333310501235
1447,11.259138629047973
1448,7.519278157537958
1449,9.003001484373257
1450,10.002177789649798
1451,9.553568454373705
1452,12.506790125611214
1453,7.689353716376877
1454,11.061791871215751
1455,21.14287166464247
1456,14.50774132306205
1457,5.8406493492649645
1458,25.911873419683012
1459,11.181540411542782
1460,6.6309249078865875
1461,15.449428646945401
1462,23.379952675733357
1463,20.950259779289496
1464,9.415248080991663
1465,12.031721752878346
1466,12.837458735297423
1467,14.933496620607503
1468,14.213708998273841
1469,21.361924893646716
1470,1.8920998990660476
1471,15.231242016891105
1472,17.271666374474098
1473,13.576079311105232
1474,6.949260555035092
1475,5.484560961382712
1476,6.545991549437639
1477,17.987693987307
1478,9.319854174217156
1479,16.909402260102972
1480,18.52764272499063
1481,24.039549226859293
1482,4.291681199321779
1483,8.011045134436475
1484,4.628600928883749
1485,4.773316170171852
1486,18.963463169089767
1487,24.376237872094524
1488,13.180235872729941
1489,16.35600656704937
1490,14.957213508829527
1491,4.96376251701855
1492,15.600002649534142
1493,18.631970244744675
1494,23.31495795367574
1495,20.42045015618619
1496,8.177803389239083
1497,24.924898765230797
1498,13.508501179000822
1499,25.810001412927544
1500,8.354080774173115
1501,18.807637516580098
1502,16.26903060315602
1503,12.443504954726532
1504,12.73949308919838
1505,13.279806566026968
1506,10.341108042543864
1507,14.989763622994415
1508,19.721532521200096
1509,2.8671034652730008
1510,13.614954140550243
1511,19.694787641292777
1512,7.1283644307232645
1513,9.49814366454503
1514,7.6469893123640045
1515,7.358883302430237
1516,23.99547528563662
1517,10.000480035839116
1518,16.473561346429527
1519,20.597142157212712
1520,14.074025442382437
1521,7.5352987401800275
1522,15.031921200825698
1523,15.764203440493995
1524,22.16305570056533
1525,15.586468525656144
1526,14.12268271072152
1527,13.568331043225253
1528,20.630349181208814
1529,14.750800844580164
1530,18.401398070784474
1531,5.40518359475166
1532,14.318907096444994
1533,19.481622450886466
1534,15.547364866991833
1535,9.097208777607658
1536,19.296636169155498
1537,14.071499278990494
1538,22.36368070789406
1539,15.45369215840175
1540,15.49236951325025
1541,14.720687979994343
1542,22.26842555619649
1543,6.312367964707915
1544,15.034164359004919
1545,18.65193474069217
1546,19.750551282461622
1547,15.004836527828639
1548,20.334283347054754
1549,21.31075195380399
1550,12.353282771487432
1551,5.987180916372394
1552,15.053513203867782
1553,10.057745661021842
1554,14.56557018602215
1555,2.6771688350213907
1556,20.875708133646135
1557,23.08346561354973
1558,18.653547256605773
1559,15.04397031274754
1560,9.064301528968056
1561,18.30257551067057
1562,12.247662923782599
1563,1.7781673892128218
1564,13.333588222474695
1565,5.4090571315100355
1566,19.97150296066755
1567,14.481515349804326
1568,7.2222293255173025
1569,11.040622426594318
1570,14.641561481038424
1571,10.160745771479906
1572,14.454295107813563
1573,10.923733909537347
1574,21.67272041177006
1575,10.59000590880184
1576,12.238375095489204
1577,10.70445380185741
1578,18.3416965325053
1579,16.07774645168209
1580,5.012157414280113
1581,11.170304964296301
1582,15.062861173404077
1583,19.242315216922364
1584,16.28808498965651
1585,16.25410760428668
1586,15.47304331196406
1587,17.644785743729965
1588,16.32890606789875
1589,12.0111640181505
1590,12.62048450133255
1591,20.307311518698732
1592,6.346598345174899
1593,11.015118519160238
1594,13.972824412827222
1595,4.826030843887542
1596,14.34936156367018
1597,5.723489437866991
1598,17.98696160126426
1599,18.61269078523502
1600,20.70571879569608
1601,13.529969755109398
1602,7.677392316059882
1603,13.070997859603944
1604,15.199809605526815
1605,19.663110956040615
1606,15.382710340130696
1607,15.813140248796477
1608,7.8384107150104185
1609,19.15904929967873
1610,19.799920430901544
1611,14.465427846018379
1612,11.271646463979748
1613,5.570271275337853
1614,14.759762109029456
1615,11.144202230778514
1616,23.493479320408813
1617,17.635891939952604
1618,10.071804873168043
1619,13.347552686880963
1620,9.109358255233285
1621,15.511289061922657
1622,7.106046807956387
1623,18.095898660143863
1624,13.887514285288812
1625,10.977908851388984
1626,12.962246799302958
1627,8.847827144765484
1628,14.795262044013858
1629,10.537737987245439
1630,4.752696169803688
1631,4.8155100306687775
1632,12.238793905815736
1633,6.431112600496011
1634,18.83900398324166
1635,10.159786863651654
1636,16.250037104095632
1637,11.950186955079547
1638,15.930070245617102
1639,15.387547278312264
1640,20.52775692669077
1641,22.858556987346144
1642,6.216105753475953
1643,12.131062192956797
1644,2.5744969973147143
1645,12.686195439925143
1646,16.89345255916354
1647,11.644811655764594
1648,16.760673437721636
1649,14.887901278218305
1650,15.991244216053687
1651,10.08198931518166
1652,17.958872958552472
1653,22.195022799368807
1654,15.054686187004268
1655,11.424632554120405
1656,20.143140675267652
1657,15.571495127555357
1658,14.259210265214346
1659,11.158774992532067
1660,19.397984779412077
1661,8.828316998350468
1662,9.381921504131768
1663,20.186230830648807
1664,5.417671879846964
1665,22.093781824565006
1666,8.5776976835186
1667,10.898482051384793
1668,21.21064556901072
1669,11.84568168741502
1670,13.691448710605853
1671,17.6891850270368
1672,21.108843808509583
1673,19.701538693602853
1674,23.146608620563622
1675,14.944747086487908
1676,16.192350236335866
1677,18.726953989320794
1678,8.197250300993565
1679,21.19417210827986
1680,13.218772469430807
1681,14.243687093776378
1682,15.771135744967719
1683,15.90902578967578
1684,12.156638605294361
1685,19.647655514589708
1686,20.01542993835387
1687,13.087751626907114
1688,9.650821673465046
1689,14.782910460051504
1690,13.286385407127888
1691,18.98057088926935
1692,15.863637311656722
1693,13.966977204021223
1694,14.634861759995811
1695,11.62599822134443
1696,15.731945471990382
1697,9.296690722444582
1698,10.420156158449542
1699,10.225871999686182
1700,13.919356537974545
1701,17.195260885076173
1702,5.839270798042011
1703,16.42218104887162
1704,10.24798262320442
1705,20.3348956096404
1706,11.309686522830692
1707,17.50158781049357
1708,9.193413115568223
1709,7.975890039437477
1710,16.830259139043932
1711,20.62558880319858
1712,13.645657986606999
1713,16.100144330951967
1714,11.090519183877614
1715,14.523664296960554
1716,19.82101621371906
1717,12.736738791701955
1718,17.708301179490196
1719,21.000240718660564
1720,17.528007101891777
1721,6.168357888443218
1722,3.774072997929487
1723,10.930323747086476
1724,21.750996018556066
1725,23.714793050719344
1726,15.008086719180161
1727,10.355298451920257
1728,11.05622578817393
1729,17.205685619985786
1730,8.940932703572994
1731,9.34224274730194
1732,7.7405403598653395
1733,13.39237579815817
1734,19.329992311623588
1735,23.195984985937123
1736,8.841374682316557
1737,11.451891683628403
1738,12.250945304466828
1739,13.36011481085587
1740,9.768477117577525
1741,11.559151495911395
1742,15.01937803624331
1743,13.480907261054021
1744,10.385470933511034
1745,10.721529904962665
1746,15.163918789549522
1747,4.8315758292219115
1748,15.325283381132182
1749,1.5791759255147446
1750,13.806045508242295
1751,20.37938799137122
1752,21.930325088163865
1753,12.531984916649117
1754,23.12472114692649
1755,21.841567950619215
1756,9.55183222394822
1757,11.539422581653316
1758,9.526204508722786
1759,16.532906274667134
1760,17.9923450833209
1761,11.191104316515572
1762,18.96336692701711
1763,21.240583115706006
1764,27.480481820336948
1765,12.890848413131769
1766,16.286857170954878
1767,16.28219318447795
1768,17.26120661960451
1769,12.14053092401926
1770,11.81328669087929
1771,17.279674885414984
1772,13.441993459033826
1773,15.338782064441514
1774,12.854870104767567
1775,6.682860560572201
1776,17.34382801409024
1777,13.763321310740066
1778,8.769247496549216
1779,13.843319947873292
1780,9.989896017385398
1781,14.955365940444205
1782,10.394275151267612
1783,11.440429433813915
1784,11.838793465795632
1785,11.597746255215867
1786,22.132147801861393
1787,14.454525174132652
1788,9.898365386640714
1789,20.252771696628077
1790,17.30175455513946
1791,19.399456524830047
1792,17.189356770269054
1793,9.32385018431067
1794,19.22915512891525
1795,5.486374757869094
1796,17.823374469883777
1797,8.914385393979485
1798,22.386613893479563
1799,20.490415449863775
1800,22.308238960370986
1801,10.389481664150809
1802,23.44999624590759
1803,12.935785645528693
1804,7.362303623523769
1805,6.4721464355217275
1806,20.43504278386243
1807,10.072001449923214
1808,14.711595749997104
1809,14.450707508586916
1810,21.790910262348138
1811,12.067314905580014
1812,6.69726866390173
1813,5.1215242774518215
1814,14.545387121006486
1815,7.337891655020254
1816,14.332064785356057
1817,15.636453340683488
1818,19.365358513617025
1819,9.65983605238039
1820,15.246708509865991
1821,13.130805778094796
1822,17.72408518111268
1823,14.63429211505089
1824,15.219928826539745
1825,18.357072510741705
1826,15.425267256090962
1827,17.220551680442178
1828,8.455634649737823
1829,12.332501670537043
1830,24.16011725029301
1831,10.557518040383577
1832,22.75832551187569
1833,9.028865807679251
1834,9.042403045165695
1835,16.887521546982903
1836,7.333653746678299
1837,12.194413612752854
1838,12.834487190120283
1839,19.781267176773554
1840,18.481371329742906
1841,18.98408336519171
1842,13.008459537688491
1843,13.808931183518364
1844,22.184497596618733
1845,18.87770624535025
1846,10.683591635444605
1847,21.69310241837248
1848,19.318992186525303
1849,10.177982608281857
1850,12.666040779549938
1851,16.53648724650185
1852,15.408287130018454
1853,22.000216187505153
1854,3.1977832371831894
1855,16.79980643178148
1856,19.124004029797668
1857,9.234215694011253
1858,10.252907384784447
1859,19.81464324267935
1860,23.039534584075763
1861,13.003117818324867
1862,9.832654810627194
1863,15.878765471356177
1864,7.546690075437356
1865,16.867918393172687
1866,7.910829420400587
1867,13.619799497659157
1868,18.272305313186326
1869,4.634198586506962
1870,9.528703979706737
1871,24.294948350171747
1872,10.405265474043759
1873,18.515282673225457
1874,14.013537446019088
1875,14.2095279681031
1876,8.057809326790133
1877,10.394404234243526
1878,20.432651804154748
1879,12.776167392834424
1880,8.368702000538468
1881,7.395463369259861
1882,11.259729198469127
1883,18.309398132089065
1884,26.665451195005218
1885,8.502615057470319
1886,3.314129220943062
1887,21.947671006373294
1888,21.47361408037403
1889,11.799685372679289
1890,14.135969206975126
1891,17.52791918346548
1892,16.42249834665504
1893,7.081196792872545
1894,21.58569963103182
1895,6.989071391407964
1896,20.97142618950938
1897,15.810536018334535
1898,10.927482521669905
1899,10.462172435905124
1900,15.033597775394357
1901,16.04333808594201
1902,14.667881348178256
1903,12.298865504685063
1904,6.657064305251207
1905,22.655920995029426
1906,20.584261498211013
1907,21.10482884381007
1908,12.471149823631187
1909,19.725252229504378
1910,15.393720568531835
1911,11.536595826852334
1912,7.064366516529327
1913,12.132532959490481
1914,1.5499986629111635
1915,9.72980288397162
1916,18.14558370987516
1917,8.391892135820482
1918,11.964529545842224
1919,23.762192338042084
1920,18.603698526712428
1921,11.664279397272365
1922,22.23340709420073
1923,20.553644881349165
1924,13.832597198173582
1925,18.93317144686274
1926,23.216190293220965
1927,8.387670376186241
1928,16.692790409406282
1929,16.042121071576954
1930,19.0161019805518
1931,22.064422595454793
1932,10.811672875392675
1933,11.037419374856375
1934,19.53755147158016
1935,18.24301605216145
1936,8.43694096903105
1937,12.837955655654653
1938,8.113656175201257
1939,15.245629282277505
1940,16.312178536622476
1941,13.656128584764382
1942,5.512170863916845
1943,17.76358028869621
1944,19.671868840334177
1945,11.556487659763032
1946,9.6892269535905
1947,14.206737187647777
1948,15.787286847364404
1949,22.745277493407823
1950,14.487511883305638
1951,19.33469296669606
1952,18.261772621559537
1953,16.386817284738203
1954,15.302226486292065
1955,16.96346209890542
1956,2.2834318013414476
1957,14.592952787578836
1958,15.53819823837368
1959,23.8915565189721
1960,12.297207534147327
1961,11.596400065184188
1962,16.999867805007018
1963,17.425244684949288
1964,9.434260873784426
1965,16.99817495240679
1966,18.810337550422872
1967,13.788658572932837
1968,12.599094331956552
1969,18.47553135857562
1970,17.697931083713748
1971,15.96582827860489
1972,8.416931236209244
1973,10.06695276717889
1974,17.239783762739368
1975,19.218957414745418
1976,19.074926498297074
1977,18.777742698981093
1978,14.044536368345977
1979,13.63289023193879
1980,13.300354268360083
1981,16.369843054466592
1982,4.368128004050691
1983,11.679032338840413
1984,18.75885746365414
1985,16.698739600486057
1986,21.303725527917678
1987,20.70641936044831
1988,13.880855841098366
1989,21.991257006673152
1990,24.269096156452846
1991,8.896052107272801
1992,3.474906280045847
1993,23.667997486128613
1994,12.875828939063101
1995,6.1719572548777855
1996,13.774195170038517
1997,12.709264487825646
1998,15.948273871170498
1999,10.551890160766115
2000,11.491810019908662
2001,12.49535598842983
2002,10.567394198383855
2003,27.24055443276073
2004,13.359116599078547
2005,20.59463059320711
2006,8.395069672515577
2007,10.645136195373091
2008,23.054991990145393
2009,10.897877624459376
2010,19.615209339813063
2011,25.071872566970026
2012,20.249410367086504
2013,19.701986554192686
2014,12.982243441706794
2015,18.200971824409514
2016,15.344073456728214
2017,9.341600764224449
2018,31.116271420620713
2019,25.70605510605877
2020,27.269206709561455
2021,25.33439284390254
2022,31.63869441597283
2023,11.637093562327806
2024,35.02988368312525
2025,19.338746308907595
2026,7.807413978066285
2027,22.538449883572294
2028,24.279951874198446
2029,26.218416536416125
2030,20.37004238029834
2031,20.282591105783936
2032,20.132746175700102
2033,20.975558243435923
2034,8.289271323994315
2035,25.9812832620417
2036,23.148632677917455
2037,29.545617218087592
2038,14.037860567479012
2039,20.962069755667656
2040,36.34214931741428
2041,21.389943116022145
2042,7.01999171296237
2043,31.53539914312412
2044,22.62670599446104
2045,11.673398715948707
2046,16.265867947367884
2047,18.735404797029105
2048,18.599678238249027
2049,15.771486515792581
2050,36.08998049974453
2051,25.163248853613702
2052,29.95207024163081
2053,20.855042206571184
2054,16.77079178384224
2055,25.568037932766593
2056,18.096607025562175
2057,31.151501292220622
2058,25.356320634427178
2059,19.923118853917103
2060,19.72057271129085
2061,28.382048287368256
2062,17.940589669885412
2063,29.824233989071562
2064,14.343139543799824
2065,6.222626887106787
2066,28.643708728962903
2067,21.587208045873247
2068,25.58083954237107
2069,25.460415100991025
2070,23.40394421531093
2071,33.54475540300936
2072,22.00869719408439
2073,9.88305504511426
2074,16.36963861495465
2075,20.510746836722284
2076,20.834237657667742
2077,20.952748315038882
2078,20.072202460211763
2079,27.250213637210585
2080,28.071181410633123
2081,20.146693043842507
2082,28.04952508124309
2083,26.911248891426315
2084,19.216719279198987
2085,27.318672774002156
2086,32.91130760471411
2087,28.289151468105487
2088,23.856770302475077
2089,21.476110122316708
2090,17.043847535339488
2091,24.25110015942507
2092,8.580958977348423
2093,26.480107485454944
2094,9.092122804839097
2095,13.280786023631903
2096,22.471277054862234
2097,22.72200351475756
2098,12.45085443978337
2099,8.939532656011028
2100,17.228328705578605
2101,26.24918527802634
2102,22.88368461571963
2103,22.308459890856668
2104,21.699832225495893
2105,10.964655842895368
2106,24.19801176711905
2107,30.685546196075443
2108,21.924574518182222
2109,19.777674269696504
2110,16.335980243012894
2111,19.134222619315707
2112,17.53580713034418
2113,28.50253260742675
2114,28.06087399380331
2115,17.79973001076242
2116,24.153985206564357
2117,23.266475620520374
2118,30.376791509280753
2119,17.906780572268186
2120,28.535704862143866
2121,15.016843511680666
2122,32.62596862903339
2123,22.58773184577114
2124,21.21783185250753
2125,18.532412085400463
2126,32.15650005802945
2127,4.739426765177633
2128,8.324389549388243
2129,29.459699126502905
2130,29.330350223735294
2131,28.232239004798245
2132,21.651242317913585
2133,23.555543536059666
2134,21.02192158265602
2135,21.697211323523867
2136,22.293971850468303
2137,21.770212335112568
2138,15.24377991758755
2139,20.89326518154221
2140,17.482093241807497
2141,15.391824206182235
2142,21.3149674207393
2143,26.221547502452022
2144,14.628190532016903
2145,16.638414447078542
2146,24.96888351955098
2147,28.713002539621147
2148,22.315032876642046
2149,16.738749666231648
2150,22.496019985825903
2151,18.765908053121922
2152,24.758716100995226
2153,26.840687811060107
2154,15.962535819429025
2155,30.73421764562126
2156,31.18191450354651
2157,19.593022077493643
2158,18.021514097519574
2159,16.192688080171585
2160,20.502765555085663
2161,26.991732217851904
2162,17.58878291680654
2163,14.62121267045966
2164,10.981989870713395
2165,23.411304590936453
2166,32.180529430912806
2167,25.296721976640793
2168,8.146754879157443
2169,28.6330412091464
2170,22.22151604275749
2171,24.467248950494294
2172,27.251723106247304
2173,26.34385998491078
2174,16.4284452647974
2175,33.24347645851758
2176,13.677620380466767
2177,24.84998931162273
2178,16.58161726262967
2179,21.548094239729657
2180,13.026389599578671
2181,21.62189928630943
2182,31.80454579366198
2183,15.09080567346206
2184,30.22026643905162
2185,21.995967854133028
2186,29.893126681898778
2187,24.929689805477427
2188,23.734376272105763
2189,25.249213010989884
2190,16.189563660669755
2191,22.326575247967405
2192,16.805026329770186
2193,35.59062534518294
2194,13.47727217887655
2195,18.32899433079121
2196,26.409501278272742
2197,16.771577857524658
2198,24.14066442071445
2199,27.910638982166347
2200,22.97679512365394
2201,28.607609524171757
2202,11.795180907649527
2203,14.609435185651218
2204,11.582411914750203
2205,23.772033695331373
2206,22.708414833473867
2207,27.62861480766962
2208,30.767285746707746
2209,25.302484799263652
2210,27.482937402969007
2211,20.3496668219613
2212,23.955408026692027
2213,33.969801322258384
2214,24.9604410021053
2215,17.424812636938213
2216,17.61589707314541
2217,24.670777064952034
2218,31.679837341134807
2219,22.51729331803861
2220,9.65833279980952
2221,23.050513667545193
2222,21.158712315595743
2223,28.72321594088764
2224,34.68935871464912
2225,15.913805698914459
2226,17.36663266791424
2227,29.43035570859069
2228,14.758507327233424
2229,15.402962804907787
2230,20.726519097910426
2231,16.591354653014193
2232,22.657985783110952
2233,15.41357299752477
2234,7.593163864376358
2235,12.86983949620273
2236,12.12866980620991
2237,33.02353963941427
2238,17.500853538143378
2239,31.177565109000287
2240,14.035739197265336
2241,25.143383141431723
2242,20.06459920391096
2243,35.851908381645785
2244,17.54970695704183
2245,17.171374288003594
2246,14.970311617033607
2247,18.3058657386212
2248,12.988509969182028
2249,26.422376835290127
2250,26.42569097864702
2251,19.962252885842602
2252,16.824496151533456
2253,24.49801280749319
2254,18.013443971806385
2255,7.7256045973979335
2256,16.18185899688016
2257,16.0208370387843
2258,38.853549603776834
2259,7.430790488347132
2260,9.540692357777122
2261,19.661373906016536
2262,18.661429502419406
2263,32.17178971961683
2264,26.64997522209343
2265,27.935356810877924
2266,24.459918637852418
2267,23.652474335570094
2268,35.999021345407634
2269,29.668418855035988
2270,26.565593736965376
2271,21.854304876127127
2272,26.1829840186265
2273,15.27406875828854
2274,17.804251814908028
2275,21.086006069551296
2276,14.65470975294532
2277,17.65969034488727
2278,14.336455005025147
2279,27.882638155282528
2280,36.97886797423375
2281,22.59765291596708
2282,10.102026622130671
2283,21.310377804573818
2284,21.758935773959713
2285,26.78533214246891
2286,16.995513883803078
2287,36.246683809063775
2288,26.02990380405643
2289,22.947374092537604
2290,19.625994702742158
2291,27.657346655602936
2292,28.163972318161292
2293,15.663726424024073
2294,20.62039878824059
2295,29.76896039126401
2296,6.735327577058018
2297,16.377394361839144
2298,12.546680819966314
2299,37.97198019552123
2300,16.24690987287207
2301,13.67578572631688
2302,24.140599045532014
2303,16.412611925862073
2304,24.441233856684754
2305,12.227980022013387
2306,16.55982900335777
2307,17.54014847763129
2308,8.811768578912746
2309,12.894324380720928
2310,22.09809276327603
2311,16.162915775394094
2312,18.218386214107387
2313,30.993138888729916
2314,25.523685503013247
2315,7.567774736723014
2316,23.998867903498628
2317,26.385675164222977
2318,11.709426672763097
2319,14.006966954719799
2320,14.577442622174761
2321,20.4648099622171
2322,24.761721723790494
2323,19.01327951208264
2324,30.06274606987241
2325,28.571937500430842
2326,32.64831068102089
2327,18.387723030306795
2328,21.773775263115745
2329,18.34961103000861
2330,19.185444914776458
2331,31.316238253767843
2332,13.826571363343625
2333,31.556012196204634
2334,18.81050245783043
2335,17.323588394812386
2336,11.351952540191757
2337,35.32342016171645
2338,33.14505750763375
2339,14.332716133141712
2340,18.311339993085713
2341,8.146338264518372
2342,9.78091848715843
2343,20.674345445954266
2344,27.190765811622718
2345,20.462925356000603
2346,25.652141026015514
2347,37.8137744573258
2348,21.323397713633085
2349,18.38883178831061
2350,19.00260364532689
2351,12.013704843495313
2352,30.502189909197707
2353,21.756341559111036
2354,28.246636892915646
2355,14.899901483021821
2356,24.611481967504496
2357,32.090588987208875
2358,8.644138907645198
2359,5.790671474554392
2360,24.02640690393666
2361,27.400518876586567
2362,20.444860702634198
2363,9.423895089505486
2364,27.143260460423228
2365,26.515524285887956
2366,32.42455202366551
2367,23.798136784382365
2368,23.30314285242954
2369,20.023411357677254
2370,11.145899300133097
2371,32.93636802745199
2372,32.09811563416902
2373,28.670685731025547
2374,28.217737055250808
2375,35.55269673639177
2376,33.46384694569392
2377,17.352655237995126
2378,16.097214309513255
2379,21.416005462642737
2380,14.91266349336936
2381,22.451228586916187
2382,25.373401470256802
2383,17.169240112197333
2384,19.1040743641582
2385,26.651007080681296
2386,22.528094490749666
2387,26.9882073649122
2388,26.554626915993182
2389,25.093562206778277
2390,23.281148943801565
2391,19.546802904334616
2392,13.85845583761052
2393,15.341786308700176
2394,17.568114954785692
2395,12.909658658248015
2396,7.804810937143239
2397,12.99148249340189
2398,25.330236374991532
2399,17.74992494946551
2400,15.378463591186637
2401,11.66485674251946
2402,18.329991642148922
2403,17.92860017682128
2404,6.849109729269149
2405,11.401804539783111
2406,29.30265655764388
2407,13.037512440207744
2408,22.921140203834895
2409,16.298015454507475
2410,22.122190575680477
2411,19.160994783240636
2412,18.43043918821798
2413,17.995265930182274
2414,12.066951510198432
2415,24.781626181478142
2416,25.038093873088567
2417,18.49531485681701
2418,13.638104941120158
2419,13.663960307273882
2420,34.82862022990422
2421,17.82047349860848
2422,5.540678276509065
2423,15.117630938732544
2424,12.35741606371272
2425,13.281577979959263
2426,21.707757511070632
2427,27.26836581686092
2428,17.81952139365207
2429,5.03983447833871
2430,16.444478038356657
2431,17.68637072026018
2432,13.995801560291135
2433,15.106816726132692
2434,24.195150749978772
2435,21.192991683790485
2436,20.652385618381405
2437,25.38155698118862
2438,24.742128780222913
2439,23.22757244154655
2440,30.241018564993198
2441,10.80908169448212
2442,25.087873121132255
2443,11.549373784717563
2444,16.297276033949416
2445,26.183899033251457
2446,14.087537327790933
2447,28.580697177578188
2448,16.042306482831382
2449,16.752530942971955
2450,7.186246667717673
2451,30.811807153541693
2452,7.951429573693179
2453,34.528380357899216
2454,23.24170780122127
2455,21.79592001103677
2456,15.992258678279775
2457,21.182038362979057
2458,31.737398301793885
2459,17.089801663890608
2460,18.691365980293654
2461,25.35673798339257
2462,33.99140156795097
2463,20.62185446812859
2464,27.874269770464753
2465,10.151381196725117
2466,11.032635424776272
2467,21.552515358293224
2468,28.574936378061228
2469,21.37265867128764
2470,31.876796463595248
2471,28.81514160321872
2472,28.820486564210892
2473,28.865319465101457
2474,22.145815906356596
2475,22.544389523008178
2476,26.345568752734028
2477,10.778960245876215
2478,12.866106647364635
2479,26.682238455106983
2480,12.616788515109784
2481,17.909769845216648
2482,21.641151617218714
2483,19.33545917660331
2484,13.961131131280748
2485,23.215055889662928
2486,27.90905990910852
2487,18.921078579898165
2488,12.85253670984228
2489,16.94434696114108
2490,19.734801204194127
2491,33.67782832935575
2492,28.173175767324743
2493,10.59140506936823
2494,32.207893164029315
2495,28.158232211925057
2496,19.31406898267664
2497,26.8701368869379
2498,7.370675311559037
2499,35.072172786959214
2500,15.29952757428276
2501,32.742615880423884
2502,18.96579814102254
2503,16.017865597639545
2504,17.322070458925865
2505,23.73490871161694
2506,18.55107056855676
2507,22.079078967604783
2508,13.635658000687355
2509,9.340535059499782
2510,20.03145947840964
2511,22.452734076203278
2512,13.73822999822157
2513,18.979743813991632
2514,37.46432118745548
2515,13.461676774100143
2516,29.307477341441942
2517,24.435986012964406
2518,22.10957061505112
2519,23.104498951875463
2520,19.74504742044711
2521,22.752593208799517
2522,27.498257633577495
2523,25.6986046493179
2524,22.282585141480908
2525,27.78467804586832
2526,9.180238912032081
2527,29.37491892219007
2528,19.80350039204387
2529,19.35784857082873
2530,25.775299216213142
2531,24.390769598607527
2532,34.252671995600224
2533,19.464075192116386
2534,20.71501760970368
2535,10.276989424649617
2536,17.632724476034767
2537,15.518187536544925
2538,16.166993189296917
2539,33.791679741094526
2540,15.757022209605285
2541,25.406905607963512
2542,16.184911380357974
2543,12.030722228635494
2544,29.061698187896482
2545,16.588875816889008
2546,23.342125086156123
2547,7.717296695674412
2548,23.833538320396183
2549,18.930857806154698
2550,32.93651335843167
2551,17.886618665280412
2552,21.259664885173976
2553,13.344503588901432
2554,13.611641350418864
2555,21.183347064323065
2556,20.29116309541463
2557,24.768886299377158
2558,15.607663044850977
2559,21.316678728259934
2560,32.225257436034056
2561,14.23206448252939
2562,23.686970976032786
2563,21.92307137739404
2564,28.385926133904213
2565,28.02147336549268
2566,22.405184242305257
2567,11.554404201038423
2568,16.31291343245224
2569,17.437962354355783
2570,25.136769121281407
2571,25.878735710049195
2572,31.541490400107612
2573,13.869586212838184
2574,27.770270940160092
2575,24.44303291980537
2576,19.616783723159287
2577,38.979294570729586
2578,19.82889310644848
2579,33.12354748731038
2580,16.931505795518852
2581,25.03962209705226
2582,21.530587818612958
2583,24.155754817533552
2584,8.992314592041385
2585,27.96107852435182
2586,27.41844994511289
2587,6.43672271138133
2588,25.959146242667558
2589,29.556785241640718
2590,17.075597908167712
2591,26.934020839817975
2592,22.993935609574308
2593,30.07214609907604
2594,24.86827569869004
2595,27.98727870540138
2596,28.15002319123539
2597,29.396547805069524
2598,31.586506512472333
2599,30.58986719020669
2600,21.609549429467815
2601,20.945844553795702
2602,33.923902513920076
2603,17.137688244833935
2604,4.206059747167738
2605,18.115722301991163
2606,27.352266806776527
2607,22.995230823529493
2608,21.10650953314439
2609,5.9960886582643935
2610,7.064079016522351
2611,25.864387945773835
2612,3.9148450313008496
2613,29.062250081368536
2614,12.069636169382255
2615,12.976436846550072
2616,24.67763251136808
2617,24.25874704066223
2618,15.15049821960335
2619,23.21051779024731
2620,31.51784217862447
2621,3.9565543179636116
2622,35.336603103563945
2623,28.041140977024533
2624,28.541197914629226
2625,24.623854479210763
2626,16.760355822357013
2627,20.801961105776627
2628,20.700147980477567
2629,21.10770435811021
2630,18.294697473341024
2631,28.572060071428744
2632,17.94939671799989
2633,28.069433544969765
2634,9.910001246958902
2635,32.53054607894336
2636,21.449867457925446
2637,11.523609175058372
2638,28.593550609245007
2639,21.598577804170652
2640,14.256268693386438
2641,27.131465557329165
2642,27.040301797996126
2643,20.587122505648914
2644,29.134332049943865
2645,16.842015386584492
2646,23.550717662432444
2647,16.171887073149872
2648,6.702494350374371
2649,17.531303295856716
2650,19.395248707694268
2651,11.222240570561427
2652,32.743779820437354
2653,17.586209657521053
2654,8.157363940464402
2655,23.21353549525471
2656,28.773418250651083
2657,27.201352465204643
2658,13.258704258804908
2659,14.278622713454386
2660,25.319628299768112
2661,23.054158073752184
2662,25.056137178185317
2663,26.774182070505564
2664,26.87663290070787
2665,25.755604836262208
2666,34.5485542850878
2667,24.118166763679547
2668,24.638996974648308
2669,22.871409917483348
2670,12.086074819703445
2671,33.08656922166642
2672,34.284022714830655
2673,32.014026628395555
2674,24.43618694722565
2675,27.056851778177993
2676,23.108429795323808
2677,30.17412110252858
2678,43.15978761738232
2679,22.29860939470933
2680,22.638525766383424
2681,25.521139849072636
2682,23.485505326101972
2683,27.603836481777222
2684,22.889610160455934
2685,34.49817846261121
2686,20.08668276986725
2687,21.883727244995757
2688,20.150996408365746
2689,13.023817974963436
2690,14.566734378649759
2691,22.66702391164343
2692,20.20973824460643
2693,26.832442419344552
2694,10.835568151318572
2695,29.178813810171196
2696,16.061813763538083
2697,26.064597689606984
2698,28.110867215345998
2699,35.468150471312704
2700,20.50501103646841
2701,14.612859293777923
2702,11.691883502694962
2703,8.316993175676236
2704,18.943382450494994
2705,23.845298663740902
2706,17.304009840521296
2707,14.927848342555407
2708,15.4586888341813
2709,32.045851678827205
2710,20.75011803783807
2711,18.1042702096259
2712,23.33656131991699
2713,28.776060761603457
2714,14.039585904718532
2715,19.54982269076359
2716,13.913161615499067
2717,19.55289771750906
2718,18.0589717104288
2719,34.79919006443541
2720,14.3605243735649
2721,34.96254032862926
2722,28.748438609534766
2723,29.151904308681512
2724,21.281587104805755
2725,25.262814401657522
2726,29.330157356459342
2727,25.150369799584926
2728,14.092476237387423
2729,23.902692581372396
2730,41.04580057499983
2731,27.08557661361759
2732,24.606279039461324
2733,18.29455024542822
2734,19.088116355873595
2735,25.30498782363675
2736,31.86619552499661
2737,24.245530334810972
2738,30.920398659789846
2739,22.481014957185792
2740,19.244801226261888
2741,17.952372369827188
2742,28.286566484000257
2743,27.710348882754925
2744,18.281371390083912
2745,17.416781928496174
2746,33.16254418899203
2747,18.012822137563774
2748,13.64477782106262
2749,25.918679294117904
2750,30.717301554102498
2751,22.45298512182492
2752,12.214726330072354
2753,37.23975399580322
2754,11.772739420641539
2755,34.789250070552114
2756,29.171286724707688
2757,26.036438940493056
2758,15.478998630918344
2759,24.016716732901944
2760,7.963484041169417
2761,33.67951773962895
2762,31.899667255174286
2763,16.62988343601574
2764,19.833193046910786
2765,33.15237670764107
2766,9.975003413807865
2767,35.835153192318046
2768,23.046940070240147
2769,15.872136627462538
2770,14.772622195275495
2771,22.626103093850045
2772,15.43281096862788
2773,17.852561048446262
2774,12.22833812184384
2775,23.321815301230004
2776,29.94485485388292
2777,28.94895651068146
2778,22.2834916295241
2779,27.048490359365832
2780,12.931115206802936
2781,21.630091424918373
2782,18.412329531002207
2783,29.782717012063728
2784,29.82690340835685
2785,25.94658472604739
2786,38.57240439433975
2787,3.3104051757289454
2788,29.67197729002476
2789,29.63421611328544
2790,4.138480411078655
2791,15.37229477655375
2792,35.6386656725853
2793,15.969894972868751
2794,22.77703958607715
2795,24.017958024659755
2796,22.876615840537415
2797,17.1048637446733
2798,16.344736326085403
2799,11.095274537619611
2800,9.0116618457608
2801,17.332643764488374
2802,17.911807788041
2803,11.786368265393621
2804,19.042888439504626
2805,27.45953582653003
2806,24.919632283281064
2807,22.289484598783694
2808,26.748545255869406
2809,15.78258287427532
2810,12.603133506859175
2811,25.89078682040943
2812,29.648489708939046
2813,5.776384881292715
2814,20.770492901793652
2815,26.93369899892816
2816,26.32891500728317
2817,33.44240510149943
2818,26.934700210452494
2819,34.964969214328605
2820,23.774516509288638
2821,36.98778509951546
2822,15.96749738833303
2823,6.476769827141794
2824,23.094246448906162
2825,8.471048130392232
2826,23.913757076733315
2827,26.59460068677697
2828,17.593196094028514
2829,15.284314188176612
2830,20.434670636774165
2831,18.817007414870854
2832,20.14660292168583
2833,13.306808723643847
2834,24.698295634892226
2835,29.364927252540415
2836,7.774754283721192
2837,31.3591043249373
2838,13.919054826393
2839,24.62094618636057
2840,31.622068345130717
2841,26.630598034862736
2842,22.12639746209343
2843,33.97833581597211
2844,15.363560903256237
2845,17.823972780909173
2846,25.77024437120779
2847,20.55388259174525
2848,28.62147674995466
2849,19.338163970755545
2850,17.538123618342485
2851,20.005107179126092
2852,19.09242910159974
2853,22.61946177233783
2854,27.477756988378438
2855,17.439038704290603
2856,19.654052153803185
2857,19.24640081726396
2858,12.411163815600062
2859,5.902133443258416
2860,19.040013768516978
2861,14.453889174070447
2862,23.4646777968577
2863,12.167371522928775
2864,16.035796258448293
2865,28.92218471679814
2866,20.228476020577688
2867,31.97328125022449
2868,19.738381957462085
2869,21.869271785910165
2870,20.26498487239514
2871,8.488913074533201
2872,14.832189907331143
2873,30.52199137683492
2874,4.247674538164105
2875,19.396265200274666
2876,27.44465558827315
2877,24.630854470883833
2878,11.056833475700856
2879,30.0602252607552
2880,20.398588638102655
2881,22.940540472052646
2882,15.58998500615372
2883,25.290802517712955
2884,11.84544183980913
2885,29.96389062756011
2886,25.371330592448807
2887,11.239609766469483
2888,23.348424621635893
2889,21.587723218834412
2890,13.19685057698186
2891,12.637808459594968
2892,17.80036333400472
2893,29.52683339820551
2894,24.934171744067033
2895,10.133729950999177
2896,18.36180765464027
2897,14.4889269958628
2898,24.320662473081306
2899,20.742734607450195
2900,37.70677727087093
2901,13.96425490571221
2902,19.235936678145382
2903,22.761552871701937
2904,23.844247767220196
2905,3.1660069283464196
2906,22.390615934648263
2907,19.96022347782991
2908,17.492550988740895
2909,20.06921896013838
2910,17.744675937041933
2911,19.3296890660394
2912,18.633533517932246
2913,27.615607924315547
2914,7.227284036026255
2915,20.33970214475246
2916,17.56191580220013
2917,22.00458571966366
2918,22.840215282713384
2919,22.53570985954492
2920,24.57873787714128
2921,25.97361695949427
2922,18.712846437590752
2923,17.336388122932398
2924,10.159861561971034
2925,14.71625640544366
2926,19.422777242650817
2927,13.353928552792189
2928,8.449156588433093
2929,25.67038253121486
2930,17.592053493744366
2931,20.31379664372273
2932,23.938840071806318
2933,22.39952248693647
2934,24.92932470721354
2935,19.58774601662474
2936,33.32691310056748
2937,28.041276453061712
2938,25.13693261114826
2939,23.84993282642516
2940,27.618929153531372
2941,32.35949631918835
2942,23.07095981629492
2943,37.65887158069965
2944,19.400816325287273
2945,21.818217444804148
2946,20.443460945709617
2947,31.654942837411397
2948,4.113108918739516
2949,25.314335838548942
2950,15.387031130800517
2951,24.607452820281758
2952,15.865413642012658
2953,19.431036301540328
2954,16.984318170579108
2955,21.953719229835695
2956,20.82615861436645
2957,19.174006190170935
2958,7.004111933598294
2959,5.7831041794836455
2960,19.131984739688868
2961,13.861186166290281
2962,9.060521057873185
2963,35.35094721381825
2964,19.943435740365135
2965,34.33748504244367
2966,33.01504848313215
2967,27.701714035775822
2968,25.095105116691194
2969,21.826361051074876
2970,27.960623821822374
2971,14.023153584482671
2972,28.372599339027957
2973,17.258867083121615
2974,23.85229041327713
2975,12.841595601713074
2976,20.33595633631205
2977,25.57960589509675
2978,31.61551493715576
2979,13.113171171576402
2980,18.233721488301363
2981,16.946525578212714
2982,32.25300213402005
2983,30.803629314939016
2984,19.36002671634125
2985,11.684669463771165
2986,21.984210567534024
2987,27.150416157637572
2988,19.578552978261037
2989,23.530439560260206
2990,29.925061969796136
2991,13.067823054478279
2992,31.054469471570428
2993,23.736670826340813
2994,36.13880701593988
2995,30.57178225530701
2996,30.684113269670306
2997,19.964235227996436
2998,32.69964495100674
2999,17.728620718146164
3000,29.74431591568348
3001,18.53523794929297
3002,19.751679037726266
3003,27.088061047804004
3004,16.218628813042255
3005,21.07712335337782
3006,24.58342640623019
3007,15.190495843474789
3008,32.02990749916154
3009,25.723867835998007
3010,15.192038122613695
3011,32.75939184378831
3012,27.114635794765675
3013,19.47108754724977
3014,24.124227252628494
3015,36.57498255764091
3016,20.338324789373385
3017,28.85552863248016
3018,24.77791225275744
3019,25.797281654436667
3020,22.386969294236266
3021,26.602917004917966
3022,13.603453255961103
3023,14.446177395126796
3024,27.13016658919036
3025,27.206970667629548
3026,26.854123784991714
3027,27.153065196579398
3028,18.824935145713333
3029,16.469627089122124
3030,11.458539389997979
3031,26.456325626276758
3032,27.539070541429915
3033,28.34217354251011
3034,23.440096953805263
3035,18.953404378812838
3036,25.232228437315232
3037,12.479828023395774
3038,13.53972106221325
3039,19.38393287128301
3040,10.666018493361404
3041,20.82989361852022
3042,14.473124877335188
3043,26.514678531804687
3044,22.07612170362885
3045,23.261457810189345
3046,24.522954676831745
3047,16.354153101526514
3048,24.1382567454327
3049,26.192678203381725
3050,14.21474571929223
3051,27.165653400811472
3052,29.104760257665838
3053,13.195055815458437
3054,16.731743000199003
3055,28.87802395725209
3056,23.33228363991587
3057,4.3122861577173754
3058,25.528633504995454
3059,18.04386680247051
3060,14.955422072584897
3061,22.445877546823723
3062,17.81236460102904
3063,22.749131378381698
3064,25.40002683347064
3065,20.64584075685427
3066,22.084176560224986
3067,16.759260187439978
3068,41.61338542260812
3069,23.548970591408352
3070,18.958324257520285
3071,10.413065503769953
3072,24.153700144246628
3073,38.897628233935194
3074,19.51237631165728
3075,24.967757735252984
3076,23.76582021719783
3077,21.161162330208693
3078,32.24465644289771
3079,28.082132519089576
3080,25.276292418936244
3081,18.209769493941113
3082,27.980132596222504
3083,13.060024331079733
3084,14.854155463508153
3085,11.701767022570666
3086,22.07964006551721
3087,29.769863495942786
3088,21.5015289431353
3089,37.651946781141454
3090,30.52264599273696
3091,29.96123818814513
3092,31.075968129379895
3093,24.477914193235296
3094,13.35688606878621
3095,16.973972886371985
3096,29.756288062441833
3097,24.544967912830625
3098,20.705496480682342
3099,34.042109281590996
3100,9.681553014486004
3101,35.51259751138034
3102,25.43031804090512
3103,19.244722116950694
3104,22.109204550673923
3105,11.622524935418594
3106,33.385107896139154
3107,17.559278363952025
3108,29.70719849340349
3109,20.78625039465147
3110,18.485557598300623
3111,18.132114533049034
3112,18.607417338237855
3113,36.181504066764894
3114,28.865433790441244
3115,39.52922202780637
3116,23.381412379847255
3117,14.96579371985121
3118,11.23924749363907
3119,30.46347231231384
3120,32.07442729292999
3121,25.260189269995614
3122,13.16914462211177
3123,33.15255951206403
3124,30.283836293043898
3125,26.240985218773506
3126,29.48691487125988
3127,8.953981470991243
3128,7.9856169323193305
3129,28.975043332785162
3130,25.267950544558897
3131,19.74032859513153
3132,20.75068724203083
3133,27.579328031714475
3134,21.638068331840742
3135,22.793449029621655
3136,18.742219411581935
3137,21.817252874628817
3138,24.88711611568025
3139,28.837193616486864
3140,15.600769335359523
3141,19.334993749475874
3142,18.445067470100284
3143,27.398612169009226
3144,27.654841722160292
3145,26.477384327089332
3146,33.53696495662115
3147,8.422812447802137
3148,33.475985973429495
3149,30.076970947341128
3150,17.65209169019147
3151,16.716419542991858
3152,21.3932256212359
3153,21.794358702998895
3154,15.657644571339523
3155,10.601310715932055
3156,10.196724746194292
3157,6.852116188855046
3158,18.381860934508445
3159,27.133261776412454
3160,15.040739413355883
3161,14.554670148504565
3162,21.53819521897482
3163,5.563837143661414
3164,27.44962569098987
3165,30.703948240195533
3166,12.953767160951326
3167,18.42498663089047
3168,13.376940173858443
3169,16.946278557195743
3170,13.758210998970817
3171,20.98408963173981
3172,21.228132327794583
3173,20.93111171244025
3174,26.17072216416095
3175,25.30603377032176
3176,26.139464130990703
3177,25.135409217510038
3178,18.7484410546547
3179,17.69481904661474
3180,14.050618980292239
3181,21.941483144225913
3182,12.883022806447165
3183,28.053756685838586
3184,8.63106088160955
3185,23.112506171354298
3186,25.069972050741857
3187,24.990586597855213
3188,8.606231065233459
3189,24.092949973715278
3190,36.55850106100826
3191,30.515022361223814
3192,24.901284212553335
3193,23.892366941537638
3194,32.37461931217639
3195,23.42025694879824
3196,26.452829770330347
3197,26.286423974672857
3198,32.708616516057035
3199,25.928715895895962
3200,24.585167741202383
3201,31.565275370429518
3202,21.676712255267176
3203,26.668631919977667
3204,25.212885160279644
3205,33.35611749822937
3206,20.325169286073873
3207,12.013221922986396
3208,31.649413807776355
3209,18.49877122977761
3210,24.274094463505122
3211,22.11920894940624
3212,8.8020894351111
3213,22.024861292424255
3214,18.29643298602656
3215,11.433549385591881
3216,25.57657385529224
3217,24.05335619574759
3218,23.13518872729474
3219,26.702447603790393
3220,11.248341555850967
3221,23.02548601026539
3222,18.837099052708744
3223,31.279157395851538
3224,22.853836294360747
3225,35.19463289442796
3226,26.63283888500782
3227,23.451037108921902
3228,19.98442685649056
3229,19.593562652491688
3230,8.466438041433864
3231,27.75626931972188
3232,19.708456291092105
3233,16.381612422547903
3234,18.659864102598416
3235,30.550524582976685
3236,11.379809365099135
3237,20.155987049822773
3238,35.94335263683851
3239,5.779983873554174
3240,20.66948345031792
3241,28.925916594481883
3242,18.10835383246792
3243,6.980239704233866
3244,7.280245350279829
3245,21.880995264982253
3246,23.99816133318876
3247,15.657276262625683
3248,18.374400762727298
3249,36.189330213050056
3250,22.28622022425099
3251,27.042960059169058
3252,21.361226068546365
3253,42.162622686562145
3254,17.20654653463171
3255,20.797466169140243
3256,29.409317548887536
3257,27.591606696800895
3258,33.142122769395016
3259,27.509740218974613
3260,18.00211296378886
3261,27.285679654569073
3262,30.39681179504914
3263,8.758392055197815
3264,18.574910566711253
3265,29.10071580984306
3266,19.01743143752894
3267,17.180284126701938
3268,23.084489732955614
3269,25.790285235166625
3270,33.71534756701324
3271,15.640750394901298
3272,25.858272849156407
3273,30.699241446227667
3274,31.09138567666184
3275,18.116764107691168
3276,30.398142888735833
3277,11.583333340505575
3278,31.147977815071105
3279,30.291223504168634
3280,25.704756018010585
3281,19.24845101371254
3282,16.165229371913377
3283,35.24536210553549
3284,14.211667197728438
3285,21.993048484053226
3286,18.363011172442214
3287,19.587373520882878
3288,21.432354684709466
3289,17.395999745105076
3290,13.884156178703176
3291,11.108211646452059
3292,32.50094166331108
3293,12.791934730500449
3294,20.349890628028266
3295,25.94250357569409
3296,20.753064653245872
3297,28.684016320158285
3298,6.389405699997584
3299,10.393549050867964
3300,14.758741291672361
3301,18.942557359042883
3302,22.082371222136633
3303,29.023021766713914
3304,22.069082724881326
3305,7.855675155827112
3306,16.880244198359975
3307,12.4907564010873
3308,34.078005139005775
3309,15.24823570992044
3310,34.13798725814108
3311,23.908338739985716
3312,18.459021772559176
3313,38.09097971787519
3314,26.061024321399124
3315,18.215290624693864
3316,37.24293019187382
3317,13.185880372852626
3318,30.883369709691905
3319,11.978648367079899
3320,35.283951680690954
3321,15.167432320578339
3322,16.821797203303547
3323,23.31455507183189
3324,30.745120806955555
3325,19.54422126096236
3326,31.91914484884893
3327,22.32148665934177
3328,27.93665300849021
3329,23.044226268163623
3330,20.336135295250358
3331,18.04933374538666
3332,28.44616090020421
3333,28.795265704230076
3334,10.926522492798592
3335,26.564193612972215
3336,21.967220465908184
3337,17.578907108952485
3338,29.688989953631214
3339,23.135513398607223
3340,19.031367738284985
3341,32.721053972381256
3342,22.194662023388823
3343,19.20886774657906
3344,26.100824026230704
3345,21.30077506915812
3346,20.420961833730658
3347,14.874899243111486
3348,11.463589754418194
3349,18.376405056153555
3350,20.13079679284518
3351,21.825089579089713
3352,32.50766963479163
3353,15.886039625501665
3354,20.238656494196512
3355,35.14114725301524
3356,19.27487619506676
3357,21.140805266259683
3358,17.215164886179593
3359,30.255930908480554
3360,26.187477864152225
3361,30.48518819635535
3362,21.97325922193673
3363,25.776947011933373
3364,30.866374933607133
3365,28.81431451449
3366,20.55090453331021
3367,38.279502582364415
3368,15.831500090970383
3369,24.773870935956793
3370,18.905417552741266
3371,9.932282921224083
3372,18.56763669766604
3373,29.97375865343534
3374,41.15980549723472
3375,21.44688704685523
3376,23.300204879389206
3377,24.204963863456157
3378,19.866487502972628
3379,5.520000734774564
3380,21.904474941004338
3381,20.62400206055692
3382,25.432494064861693
3383,20.615319862491997
3384,30.600296864404438
3385,18.30080241972931
3386,30.805035318995976
3387,12.82053091938592
3388,13.652954371930763
3389,18.735777899936455
3390,21.24079469813496
3391,29.204922868560658
3392,19.83985776835589
3393,23.51629251703399
3394,31.634915736980908
3395,20.780304213661235
3396,30.473817987603
3397,26.819592807072723
3398,28.55363688696523
3399,21.275347346613504
3400,22.741435346352823
3401,22.96098172875241
3402,11.87810407787212
3403,15.745359247292255
3404,36.31669059581657
3405,22.440758412649508
3406,27.675857283069334
3407,14.948145220469122
3408,23.446127274607868
3409,32.531182392729036
3410,33.88991436598114
3411,16.109033024909163
3412,21.422446958886955
3413,15.229199476654568
3414,16.456411102062738
3415,16.111143448688342
3416,18.170116092256407
3417,30.267711212791355
3418,24.622207270454368
3419,8.338411726313812
3420,17.482442164305848
3421,25.872431974447295
3422,19.10598885458475
3423,25.74161732276876
3424,24.496752463685283
3425,28.6006431203308
3426,15.795317170698837
3427,35.231675153932635
3428,18.684957691794267
3429,24.060375534703812
3430,21.968124397368378
3431,14.955060384233255
3432,15.183275515203265
3433,24.607767496459893
3434,20.258774530810562
3435,12.412188969205427
3436,10.729633245232
3437,22.410312501900524
3438,35.27372562457603
3439,8.8677648703266
3440,35.577824197648134
3441,21.195288083594995
3442,18.635063217664012
3443,16.465766121658085
3444,18.3298725800254
3445,15.056349610630342
3446,11.031649996575185
3447,16.88870794357196
3448,11.278917236306937
3449,13.504502226559886
3450,15.003266684474696
3451,14.330352681560559
3452,18.76018518841682
3453,11.534030574565314
3454,16.592687806823626
3455,31.714307496963706
3456,21.761611984593074
3457,8.760974023897447
3458,38.867810129524514
3459,16.772310617314172
3460,9.946387361829881
3461,23.174142970418103
3462,35.06992901360003
3463,31.425389668934244
3464,14.122872121487495
3465,18.047582629317517
3466,19.256188102946133
3467,22.400244930911256
3468,21.32056349741076
3469,32.042887340470074
3470,2.8381498485990715
3471,22.84686302533666
3472,25.90749956171115
3473,20.36411896665785
3474,10.423890832552638
3475,8.226841442074068
3476,9.81898732415646
3477,26.981540980960503
3478,13.979781261325734
3479,25.364103390154458
3480,27.79146408748595
3481,36.05932384028894
3482,6.437521798982669
3483,12.016567701654713
3484,6.942901393325624
3485,7.159974255257778
3486,28.445194753634652
3487,36.56435680814179
3488,19.770353809094914
3489,24.534009850574055
3490,22.435820263244292
3491,7.445643775527825
3492,23.400003974301214
3493,27.94795536711701
3494,34.97243693051361
3495,30.630675234279288
3496,12.266705083858625
3497,37.3873481478462
3498,20.262751768501232
3499,38.715002119391315
3500,12.531121161259673
3501,28.211456274870145
3502,24.403545904734028
3503,18.665257432089795
3504,19.10923963379757
3505,19.91970984904045
3506,15.511662063815795
3507,22.484645434491622
3508,29.582298781800144
3509,4.300655197909501
3510,20.422431210825366
3511,29.542181461939165
3512,10.692546646084896
3513,14.247215496817544
3514,11.470483968546006
3515,11.038324953645356
3516,35.99321292845493
3517,15.000720053758673
3518,24.71034201964429
3519,30.895713235819066
3520,21.111038163573657
3521,11.30294811027004
3522,22.547881801238546
3523,23.646305160740994
3524,33.24458355084799
3525,23.379702788484217
3526,21.18402406608228
3527,20.352496564837878
3528,30.94552377181322
3529,22.126201266870247
3530,27.60209710617671
3531,8.10777539212749
3532,21.47836064466749
3533,29.2224336763297
3534,23.32104730048775
3535,13.645813166411488
3536,28.944954253733247
3537,21.10724891848574
3538,33.545521061841086
3539,23.180538237602626
3540,23.238554269875372
3541,22.081031969991514
3542,33.402638334294736
3543,9.468551947061872
3544,22.551246538507378
3545,27.977902111038254
3546,29.625826923692433
3547,22.50725479174296
3548,30.501425020582133
3549,31.966127930705987
3550,18.52992415723115
3551,8.980771374558591
3552,22.580269805801674
3553,15.086618491532764
3554,21.848355279033225
3555,4.015753252532086
3556,31.313562200469203
3557,34.625198420324594
3558,27.980320884908657
3559,22.56595546912131
3560,13.596452293452083
3561,27.453863266005857
3562,18.3714943856739
3563,2.6672510838192327
3564,20.000382333712043
3565,8.113585697265053
3566,29.957254441001325
3567,21.72227302470649
3568,10.833343988275953
3569,16.560933639891477
3570,21.962342221557638
3571,15.24111865721986
3572,21.681442661720343
3573,16.38560086430602
3574,32.509080617655094
3575,15.88500886320276
3576,18.357562643233805
3577,16.056680702786114
3578,27.51254479875795
3579,24.116619677523133
3580,7.518236121420169
3581,16.755457446444453
3582,22.594291760106117
3583,28.863472825383546
3584,24.432127484484766
3585,24.38116140643002
3586,23.20956496794609
3587,26.467178615594946
3588,24.493359101848124
3589,18.01674602722575
3590,18.930726751998826
3591,30.4609672780481
3592,9.519897517762349
3593,16.522677778740356
3594,20.959236619240833
3595,7.2390462658313135
3596,21.524042345505272
3597,8.585234156800487
3598,26.98044240189639
3599,27.919036177852533
3600,31.05857819354412
3601,20.294954632664098
3602,11.516088474089823
3603,19.606496789405917
3604,22.79971440829022
3605,29.494666434060925
3606,23.074065510196043
3607,23.719710373194715
3608,11.757616072515628
3609,28.7385739495181
3610,29.699880646352316
3611,21.69814176902757
3612,16.90746969596962
3613,8.35540691300678
3614,22.139643163544186
3615,16.71630334616777
3616,35.24021898061322
3617,26.453837909928907
3618,15.107707309752065
3619,20.021329030321446
3620,13.664037382849928
3621,23.266933592883987
3622,10.65907021193458
3623,27.143847990215797
3624,20.831271427933217
3625,16.466863277083476
3626,19.443370198954437
3627,13.271740717148226
3628,22.192893066020787
3629,15.806606980868159
3630,7.129044254705532
3631,7.223265046003166
3632,18.358190858723603
3633,9.646668900744016
3634,28.25850597486249
3635,15.23968029547748
3636,24.37505565614345
3637,17.92528043261932
3638,23.895105368425654
3639,23.081320917468396
3640,30.791635390036156
3641,34.287835481019215
3642,9.32415863021393
3643,18.196593289435196
3644,3.8617454959720714
3645,19.029293159887715
3646,25.34017883874531
3647,17.46721748364689
3648,25.141010156582453
3649,22.331851917327455
3650,23.98686632408053
3651,15.122983972772492
3652,26.938309437828707
3653,33.29253419905321
3654,22.582029280506404
3655,17.136948831180607
3656,30.21471101290148
3657,23.357242691333035
3658,21.388815397821517
3659,16.7381624887981
3660,29.096977169118116
3661,13.242475497525703
3662,14.072882256197651
3663,30.27934624597321
3664,8.126507819770445
3665,33.140672736847506
3666,12.8665465252779
3667,16.34772307707719
3668,31.815968353516077
3669,17.768522531122528
3670,20.537173065908778
3671,26.5337775405552
3672,31.663265712764375
3673,29.552308040404277
3674,34.71991293084543
3675,22.417120629731862
3676,24.288525354503797
3677,28.090430983981193
3678,12.295875451490346
3679,31.791258162419794
3680,19.82815870414621
3681,21.365530640664566
3682,23.656703617451576
3683,23.86353868451367
3684,18.234957907941542
3685,29.471483271884562
3686,30.023144907530803
3687,19.63162744036067
3688,14.476232510197569
3689,22.174365690077256
3690,19.929578110691832
3691,28.470856333904027
3692,23.795455967485083
3693,20.950465806031836
3694,21.952292639993715
3695,17.438997332016644
3696,23.597918207985572
3697,13.945036083666874
3698,15.630234237674312
3699,15.338807999529273
3700,20.87903480696182
3701,25.79289132761426
3702,8.758906197063016
3703,24.633271573307432
3704,15.371973934806629
3705,30.502343414460604
3706,16.96452978424604
3707,26.252381715740356
3708,13.790119673352335
3709,11.963835059156215
3710,25.245388708565898
3711,30.938383204797866
3712,20.468486979910498
3713,24.15021649642795
3714,16.63577877581642
3715,21.78549644544083
3716,29.731524320578586
3717,19.105108187552933
3718,26.562451769235295
3719,31.500361077990846
3720,26.292010652837668
3721,9.252536832664827
3722,5.66110949689423
3723,16.395485620629714
3724,32.6264940278341
3725,35.57218957607901
3726,22.51213007877024
3727,15.532947677880387
3728,16.584338682260892
3729,25.80852842997868
3730,13.41139905535949
3731,14.013364120952911
3732,11.61081053979801
3733,20.088563697237255
3734,28.994988467435384
3735,34.79397747890569
3736,13.262062023474837
3737,17.177837525442605
3738,18.376417956700244
3739,20.040172216283807
3740,14.652715676366288
3741,17.338727243867094
3742,22.529067054364965
3743,20.221360891581032
3744,15.57820640026655
3745,16.082294857443998
3746,22.745878184324283
3747,7.247363743832867
3748,22.987925071698275
3749,2.3687638882721167
3750,20.709068262363445
3751,30.569081987056833
3752,32.895487632245796
3753,18.797977374973676
3754,34.687081720389735
3755,32.762351925928826
3756,14.32774833592233
3757,17.309133872479975
3758,14.28930676308418
3759,24.7993594120007
3760,26.98851762498135
3761,16.78665647477336
3762,28.445050390525665
3763,31.86087467355901
3764,41.22072273050542
3765,19.336272619697652
3766,24.43028575643232
3767,24.423289776716928
3768,25.89180992940677
3769,18.21079638602889
3770,17.719930036318935
3771,25.919512328122476
3772,20.16299018855074
3773,23.00817309666227
3774,19.28230515715135
3775,10.024290840858301
3776,26.01574202113536
3777,20.644981966110098
3778,13.153871244823824
3779,20.76497992180994
3780,14.984844026078097
3781,22.433048910666308
3782,15.591412726901417
3783,17.16064415072087
3784,17.75819019869345
3785,17.3966193828238
3786,33.19822170279209
3787,21.681787761198976
3788,14.847548079961072
3789,30.379157544942117
3790,25.95263183270919
3791,29.099184787245072
3792,25.78403515540358
3793,13.985775276466004
3794,28.84373269337287
3795,8.229562136803642
3796,26.735061704825668
3797,13.371578090969226
3798,33.579920840219344
3799,30.735623174795663
3800,33.46235844055648
3801,15.584222496226214
3802,35.17499436886139
3803,19.403678468293037
3804,11.043455435285654
3805,9.70821965328259
3806,30.652564175793643
3807,15.10800217488482
3808,22.067393624995656
3809,21.676061262880374
3810,32.68636539352221
3811,18.100972358370022
3812,10.045902995852595
3813,7.682286416177732
3814,21.81808068150973
3815,11.006837482530381
3816,21.498097178034087
3817,23.454680011025232
3818,29.048037770425537
3819,14.489754078570584
3820,22.870062764798988
3821,19.696208667142194
3822,26.58612777166902
3823,21.951438172576335
3824,22.829893239809618
3825,27.53560876611256
3826,23.137900884136442
3827,25.830827520663266
3828,12.683451974606733
3829,18.498752505805566
3830,36.24017587543951
3831,15.836277060575366
3832,34.13748826781354
3833,13.543298711518876
3834,13.563604567748543
3835,25.331282320474354
3836,11.000480620017449
3837,18.29162041912928
3838,19.251730785180424
3839,29.67190076516033
3840,27.72205699461436
3841,28.47612504778757
3842,19.512689306532735
3843,20.713396775277545
3844,33.2767463949281
3845,28.316559368025374
3846,16.025387453166907
3847,32.53965362755872
3848,28.978488279787953
3849,15.266973912422785
3850,18.999061169324907
3851,24.804730869752774
3852,23.112430695027683
3853,33.00032428125773
3854,4.796674855774784
3855,25.199709647672222
3856,28.6860060446965
3857,13.851323541016878
3858,15.37936107717667
3859,29.72196486401902
3860,34.55930187611364
3861,19.5046767274873
3862,14.74898221594079
3863,23.818148207034266
3864,11.320035113156035
3865,25.30187758975903
3866,11.86624413060088
3867,20.429699246488735
3868,27.40845796977949
3869,6.9512978797604426
3870,14.293055969560106
3871,36.44242252525762
3872,15.607898211065638
3873,27.772924009838185
3874,21.020306169028633
3875,21.314291952154647
3876,12.0867139901852
3877,15.59160635136529
3878,30.648977706232124
3879,19.164251089251636
3880,12.5530530008077
3881,11.093195053889792
3882,16.88959379770369
3883,27.464097198133597
3884,39.99817679250783
3885,12.753922586205478
3886,4.971193831414593
3887,32.92150650955994
3888,32.210421120561044
3889,17.69952805901893
3890,21.20395381046269
3891,26.29187877519822
3892,24.63374751998256
3893,10.621795189308816
3894,32.37854944654773
3895,10.483607087111945
3896,31.45713928426407
3897,23.715804027501804
3898,16.39122378250486
3899,15.693258653857686
3900,22.550396663091536
3901,24.065007128913017
3902,22.001822022267383
3903,18.448298257027595
3904,9.98559645787681
3905,33.98388149254414
3906,30.87639224731652
3907,31.657243265715103
3908,18.70672473544678
3909,29.587878344256566
3910,23.090580852797753
3911,17.3048937402785
3912,10.59654977479399
3913,18.19879943923572
3914,2.324997994366745
3915,14.59470432595743
3916,27.218375564812742
3917,12.587838203730723
3918,17.946794318763335
3919,35.643288507063126
3920,27.905547790068642
3921,17.496419095908546
3922,33.35011064130109
3923,30.830467322023747
3924,20.748895797260374
3925,28.39975717029411
3926,34.82428543983145
3927,12.581505564279361
3928,25.03918561410942
3929,24.06318160736543
3930,28.5241529708277
3931,33.09663389318219
3932,16.217509313089014
3933,16.556129062284562
3934,29.306327207370238
3935,27.364524078242177
3936,12.655411453546577
3937,19.25693348348198
3938,12.170484262801885
3939,22.868443923416258
3940,24.468267804933713
3941,20.484192877146572
3942,8.268256295875268
3943,26.645370433044317
3944,29.507803260501266
3945,17.334731489644547
3946,14.533840430385752
3947,21.310105781471666
3948,23.680930271046606
3949,34.11791624011173
3950,21.731267824958458
3951,29.00203945004409
3952,27.392658932339305
3953,24.580225927107307
3954,22.9533397294381
3955,25.44519314835813
3956,3.4251477020121714
3957,21.889429181368254
3958,23.30729735756052
3959,35.83733477845815
3960,18.445811301220992
3961,17.394600097776284
3962,25.499801707510528
3963,26.13786702742393
3964,14.15139131067664
3965,25.497262428610185
3966,28.21550632563431
3967,20.682987859399255
3968,18.89864149793483
3969,27.713297037863427
3970,26.54689662557062
3971,23.948742417907336
3972,12.625396854313866
3973,15.100429150768335
3974,25.859675644109053
3975,28.828436122118127
3976,28.61238974744561
3977,28.16661404847164
3978,21.066804552518967
3979,20.449335347908185
3980,19.950531402540125
3981,24.55476458169989
3982,6.552192006076036
3983,17.51854850826062
3984,28.138286195481214
3985,25.048109400729086
3986,31.955588291876516
3987,31.05962904067247
3988,20.82128376164755
3989,32.98688551000973
3990,36.40364423467927
3991,13.344078160909202
3992,5.21235942006877
3993,35.50199622919292
3994,19.313743408594654
3995,9.257935882316678
3996,20.661292755057776
3997,19.063896731738467
3998,23.922410806755746
3999,15.827835241149174
4000,27.882216978466108
4001,27.857067150381937
4002,20.732566961471484
4003,31.488135423385366
4004,20.536559534382224
4005,37.06234725621154
4006,9.549187454989498
4007,20.93235836828134
4008,22.743843023697824
4009,13.334803042440889
4010,10.9943132958357
4011,24.23165206848079
4012,35.35854372837219
4013,15.148952936256112
4014,29.59783244179104
4015,32.44085731238404
4016,27.12315665999425
4017,20.237424066757864
4018,34.50464217616522
4019,22.630104049572072
4020,4.516398189002004
4021,19.515020482228316
4022,31.402230419183603
4023,23.629279107766447
4024,13.12003992815045
4025,21.72454489086574
4026,10.595643402451074
4027,6.570844207891126
4028,7.113944573346515
4029,10.243350026348278
4030,7.632744556168726
4031,12.578496151280921
4032,17.604015870963647
4033,23.078915645230683
4034,14.157046964656747
4035,23.136196067415483
4036,10.993559316703019
4037,21.68506588445745
4038,18.67771105441668
4039,30.370802659854654
4040,20.948858100789845
4041,30.289649541733617
4042,29.48300037764149
4043,8.73253068908966
4044,15.620343912268499
4045,22.971602736278676
4046,33.71166447704282
4047,7.936588129118267
4048,15.068038969106912
4049,25.956302204799385
4050,19.906029333986922
4051,31.812090194632376
4052,21.87897518479946
4053,20.060792760320467
4054,27.657005525756666
4055,24.153704847819434
4056,25.266770778861137
4057,27.678054085277523
4058,18.810150033901298
4059,16.677777227824414
4060,10.02311324185786
4061,13.617904471851695
4062,20.001533607663582
4063,15.514939872665668
4064,12.80642315112446
4065,13.91295070529883
4066,14.854495317221101
4067,21.93995020303764
4068,16.779010717577375
4069,14.001845194431713
4070,37.077478260536026
4071,13.85472957912351
4072,35.34499817839815
4073,18.602302708828816
4074,18.954948575295692
4075,26.905126934999835
4076,22.246154526522616
4077,20.38491372748608
4078,22.70494874802586
4079,29.32035313505838
4080,20.507854342912374
4081,21.410118205888043
4082,38.53273519930342
4083,28.757461122714467
4084,9.027184056232331
4085,25.471456483232636
4086,26.109953980796845
4087,18.899567806995034
4088,28.821711916441146
4089,18.394618252104962
4090,20.88445472554579
4091,34.18298435675826
4092,10.506331712229324
4093,27.688780799826223
4094,20.943103967109636
4095,20.482818858479344
4096,18.705176134938757
4097,25.16270631142374
4098,26.20266300412959
4099,27.796115889056615
4100,17.691580260042564
4101,25.111370581863603
4102,11.428399074407569
4103,13.039053321221157
4104,22.23964440688888
4105,19.318285363871787
4106,29.024852287671614
4107,22.654303458529824
4108,27.476026986722005
4109,30.69806472771814
4110,24.498202767895187
4111,17.84686984524173
4112,20.848350832799674
4113,27.5031910120915
4114,22.611884413016853
4115,27.573149450299958
4116,12.678492233963247
4117,18.57163064019732
4118,11.292578676986782
4119,20.657259079501323
4120,18.825706343410545
4121,20.926667702043172
4122,12.971847387941104
4123,24.736963461774756
4124,17.890249083531963
4125,26.915132677885765
4126,30.454420027071567
4127,23.588628572066114
4128,28.281145705197396
4129,20.863841787040233
4130,20.481503143333132
4131,20.10695450183699
4132,11.797342346142099
4133,28.29366757425597
4134,6.800638731665697
4135,18.262709918736228
4136,33.23021698200745
4137,29.729172213643185
4138,24.82992441421279
4139,33.84175745026628
4140,24.92158937283341
4141,12.053364043128418
4142,32.56168070469659
4143,17.147455775545858
4144,17.00432609553402
4145,31.59259306407799
4146,8.978631912527831
4147,22.552814765641692
4148,17.415076234325596
4149,19.03458809735395
4150,17.56111204951442
4151,28.35446882366759
4152,23.95682501376642
4153,15.326031239121185
4154,33.81093463976031
4155,24.716145702918425
4156,22.696495670206815
4157,18.15569527937211
4158,25.394845891285982
4159,25.97142172640624
4160,23.662549298520883
4161,14.733376607303928
4162,10.757784567426581
4163,30.957438956276114
4164,25.15550047662468
4165,19.287354703842492
4166,25.537184160126756
4167,19.890821493215988
4168,8.298119452586306
4169,18.040776244329034
4170,20.420048509052016
4171,12.669422174610432
4172,30.6286990210582
4173,33.73831302203344
4174,11.982222528831834
4175,13.799001372154432
4176,18.350423974465507
4177,24.574766363266534
4178,24.268372752087465
4179,13.29032393976435
4180,29.70026907354289
4181,12.197274168080138
4182,13.829482400044903
4183,25.440456704948595
4184,15.9420300546806
4185,12.419587017794203
4186,31.42561910235554
4187,11.386159858902234
4188,16.741609744434278
4189,21.095600628700932
4190,4.875637099708913
4191,12.396041119919893
4192,21.263370087553895
4193,31.33294329576979
4194,22.36351826064194
4195,6.375016490604212
4196,25.979688642218203
4197,15.230796384090382
4198,16.26696272955039
4199,9.739648292113985
4200,8.579382990291872
4201,14.298769938245076
4202,20.041802418850693
4203,27.40136290007657
4204,23.368684885079965
4205,6.484946419950754
4206,25.027049969226915
4207,19.41064559061402
4208,16.028416154600343
4209,24.534807865233084
4210,19.705148581422115
4211,23.52234391982308
4212,22.768121490986804
4213,8.944128362259615
4214,22.51742403436606
4215,8.545161469612937
4216,23.10264242097507
4217,35.14401351070488
4218,20.70474984289093
4219,10.960926763249377
4220,18.209256705992118
4221,21.49762625648124
4222,24.59950419618262
4223,31.659681824224812
4224,28.95981399864119
4225,33.20009728328059
4226,30.570425365966372
4227,21.68050686156163
4228,23.620759893618395
4229,23.24987340085802
4230,24.657039606215967
4231,20.852543364231813
4232,28.24843753904006
4233,27.385277857824384
4234,23.79770675164297
4235,13.878011370450649
4236,21.51822389603064
4237,21.450905553678062
4238,24.075931444107002
4239,22.360922494670422
4240,21.43312932962306
4241,34.72452358188074
4242,21.541593702046526
4243,15.29626268703882
4244,18.527466201745142
4245,20.45789897396623
4246,6.861953112490731
4247,4.223597366524619
4248,21.08186771383797
4249,16.45240570018086
4250,15.774690253306826
4251,37.62862150851543
4252,17.685553159124005
4253,26.383909816289325
4254,25.30347034934431
4255,34.87954355208465
4256,27.363744629071924
4257,15.981473848897037
4258,23.80223868999004
4259,18.302602942743743
4260,17.316462026101117
4261,38.25248294580531
4262,30.23217608969591
4263,15.784458057213582
4264,21.604711073322516
4265,26.367118770226426
4266,25.100975924420617
4267,15.38836355130227
4268,29.93948838793273
4269,14.226492317566734
4270,22.39310642184965
4271,24.846720684447128
4272,21.254411373648864
4273,9.232225862915453
4274,31.068169179065396
4275,37.54317812929061
4276,29.5739305163845
4277,32.78120054576891
4278,24.308157793660428
4279,8.129584451159243
4280,18.700606799525964
4281,15.68424415245925
4282,22.903885906136807
4283,14.399898921332944
4284,27.52271397572651
4285,21.579336280659938
4286,31.43157157181418
4287,16.282070307976277
4288,30.899931050851123
4289,39.71616621846927
4290,24.14579077525434
4291,11.978128047566107
4292,15.860308381530825
4293,23.157521055315172
4294,26.50383806217651
4295,26.06247797386299
4296,10.570669476731611
4297,25.91017425530014
4298,14.734455825304213
4299,32.87387397792087
4300,28.1351641136849
4301,9.382811724463872
4302,26.055071871228197
4303,29.80301740243354
4304,25.248894650027108
4305,17.510902928882203
4306,27.990259828305064
4307,23.234613945438824
4308,27.135164292262502
4309,33.78867579250284
4310,36.9070542558629
4311,21.39646440452073
4312,26.249840939501034
4313,29.71257738809711
4314,11.61829780865498
4315,21.84238253720744
4316,19.96841352963665
4317,25.300559262760714
4318,21.94642437223162
4319,33.34437255578695
4320,11.048261274118087
4321,12.043033815607021
4322,19.26386227015893
4323,15.873223779988397
4324,22.74374929666753
4325,22.3235165904442
4326,16.608104687721664
4327,25.520157224574014
4328,30.593830095219175
4329,20.529125029873583
4330,19.356167866763315
4331,18.14505371937674
4332,23.80693870451227
4333,29.376695292499477
4334,30.659374578704465
4335,26.364039210561327
4336,30.981173128114726
4337,18.25792163120083
4338,27.6968752004231
4339,21.601394916280846
4340,22.650886820666138
4341,29.979626848174004
4342,22.09262951744972
4343,18.62999305987165
4344,21.027395654687876
4345,21.404901184412996
4346,17.549791434566934
4347,8.517757266251758
4348,18.12386740829681
4349,32.754294053370344
4350,34.538546969201875
4351,37.28905357451592
4352,19.86647783177671
4353,13.0782764800753
4354,13.910067040843945
4355,29.212665977699977
4356,20.43528312343821
4357,21.160356886818356
4358,17.863244059397356
4359,20.585610246572045
4360,31.015749980683683
4361,18.453725917925425
4362,23.34629141936859
4363,15.47812950507031
4364,25.258425708115645
4365,6.674172096330214
4366,18.4517988443273
4367,26.51719958102639
4368,12.804579140723796
4369,19.9577198205537
4370,10.658243478299806
4371,17.441813668496252
4372,26.948902560075265
4373,14.558740976918616
4374,18.650840307968288
4375,29.98937523647569
4376,29.799260604090023
4377,19.210727287664373
4378,26.936267034880537
4379,19.517131790865594
4380,26.302328956843446
4381,15.298913720746869
4382,15.526886559489565
4383,21.430843524500467
4384,24.62266291569821
4385,30.7944316443173
4386,13.129567392914145
4387,19.54245681164571
4388,12.179688097226611
4389,22.84110848309491
4390,23.850423932545404
4391,19.490769299177998
4392,24.623458798381677
4393,24.321655660226526
4394,19.661197421453984
4395,20.655451984888472
4396,27.859776546091908
4397,23.51376274066452
4398,28.124677035202406
4399,25.899796282876565
4400,20.80766424992513
4401,25.202516988415603
4402,21.374189107488153
4403,19.564911156316356
4404,25.332547611994478
4405,22.445671633608733
4406,30.700712577481355
4407,38.778302155644084
4408,23.43485016142822
4409,20.26424840655363
4410,34.039669354915056
4411,18.30566369014613
4412,17.56946799455432
4413,23.70177246601493
4414,33.64917322500831
4415,28.14638285026735
4416,24.398431196622866
4417,22.89819298847445
4418,25.114823035564633
4419,26.134555646034208
4420,24.322259588363067
4421,29.172227650641005
4422,31.357573185603254
4423,19.00478186808908
4424,12.440215214690815
4425,11.33895611250395
4426,23.53294036754592
4427,5.611491666124474
4428,26.607932067501345
4429,23.22674134569608
4430,17.73639990149062
4431,22.18869419240646
4432,22.53754810266401
4433,17.92378215076561
4434,19.300329896941328
4435,26.16952041299438
4436,31.492882931653455
4437,26.617800290540643
4438,21.364435185503527
4439,33.39533919198285
4440,22.177218698447348
4441,29.070071227638948
4442,11.532127014746832
4443,22.54632565104827
4444,14.540035947239431
4445,8.658172292930093
4446,19.306397663152598
4447,20.048163242415505
4448,25.519408117676903
4449,7.870638041938941
4450,14.606294405038156
4451,23.758576496480373
4452,2.4502744565391787
4453,12.405355525183511
4454,10.18094795741462
4455,25.976078992591408
4456,24.83389044976274
4457,33.13045424061864
4458,28.836501391794293
4459,25.48839085945407
4460,14.249739954679828
4461,28.7229211097281
4462,25.761658076694022
4463,24.99433069576049
4464,21.0437423980301
4465,21.244169728970288
4466,8.534469897967279
4467,30.903564792309695
4468,20.784755144916662
4469,23.56003476905364
4470,19.16609571933924
4471,23.262415400615502
4472,23.114592225894384
4473,19.471372832082157
4474,14.170867839088299
4475,24.53609638385776
4476,29.669777270416425
4477,19.668077722194656
4478,17.4273822206293
4479,11.000372702710655
4480,33.52538888385172
4481,27.40397298518718
4482,27.725657432680514
4483,21.268132840170853
4484,27.10382597101525
4485,21.091651563574302
4486,28.15006579931649
4487,21.500745287484428
4488,11.336309448635689
4489,36.83423370514362
4490,21.29249677128131
4491,31.03790001653863
4492,18.04822807865179
4493,9.0278275782163
4494,14.724348242916921
4495,8.273112652825166
4496,25.321519635928095
4497,29.396829508616364
4498,23.222615687127206
4499,22.16818587687787
4500,16.67609678325031
4501,16.14806162512418
4502,17.955395106207625
4503,18.138145154905512
4504,22.622126586218116
4505,17.225002371336814
4506,18.41053476985295
4507,19.99470714909443
4508,17.826604519636327
4509,12.433567253566371
4510,12.85304872749641
4511,19.31433428321437
4512,30.94445644320838
4513,31.752382855430035
4514,27.782726871504913
4515,24.167526671620266
4516,8.412424937123962
4517,29.22572081160587
4518,21.204769866010622
4519,23.933988288621787
4520,31.536553209151784
4521,25.753620253763764
4522,10.510298999150356
4523,31.978032364790632
4524,36.77437817663383
4525,27.57445685250911
4526,16.93877262978227
4527,18.06670469367266
4528,19.875241310843933
4529,19.908093691565767
4530,22.94723509430831
4531,13.236882047659087
4532,17.851502088076195
4533,31.73434949264956
4534,34.46407509727182
4535,28.131702706270666
4536,21.50695773293444
4537,13.850164191678346
4538,21.14865262514595
4539,29.57659805001244
4540,20.084083328380018
4541,27.365925967944452
4542,13.05101982704083
4543,17.846572526483417
4544,21.032989296381615
4545,11.513072420151298
4546,12.412918334176487
4547,5.259792488632849
4548,34.291699924157406
4549,9.046173294077239
4550,20.77078524190837
4551,20.061617077383445
4552,9.002369258356294
4553,9.958879998757391
4554,24.61652040368559
4555,10.335916436668512
4556,31.422492649274993
4557,19.51479249532427
4558,21.725708475037646
4559,19.539423175925894
4560,17.141589820330744
4561,24.018994309099984
4562,17.272709695460676
4563,10.525544938540579
4564,12.559594161263758
4565,28.78183268845698
4566,13.519893878118161
4567,21.82279376467048
4568,21.257006951425588
4569,31.164758994514457
4570,25.21136681894291
4571,16.77965279176918
4572,15.430351944442162
4573,22.590681274681007
4574,26.210163768681497
4575,32.69304198796409
4576,22.14915419795795
4577,29.48737983834873
4578,9.673744856485474
4579,10.06050905503055
4580,21.72829420144258
4581,9.198823673390457
4582,43.014443329537
4583,19.035471833882347
4584,21.675606155339324
4585,22.795653636065698
4586,20.247077486503496
4587,13.724242853332015
4588,19.293389427305343
4589,21.46033662500006
4590,21.86666379899674
4591,23.187126849916332
4592,27.910169549213812
4593,22.963832349591712
4594,31.836016341287376
4595,11.36076986591063
4596,17.61515951214407
4597,24.000569136085225
4598,16.86053477189651
4599,26.65766918930612
4600,29.896113689181025
4601,31.878106530967464
4602,20.055655761435936
4603,14.43386626220519
4604,9.22917231140421
4605,6.94651570395537
4606,12.864423304390613
4607,39.47755027281917
4608,8.177590651642095
4609,26.887890971693597
4610,22.00492961878208
4611,27.829589483698044
4612,26.814403043652185
4613,22.521347651855926
4614,23.640428933671124
4615,25.70519131743891
4616,27.79420280790029
4617,21.16783533254324
4618,23.362921240280933
4619,22.592673900045938
4620,8.683296460885467
4621,9.385086778735833
4622,12.734892793727594
4623,18.145280346253738
4624,14.531099467050844
4625,27.088735547015116
4626,18.388209227821722
4627,25.78682827215499
4628,31.1915788608932
4629,22.690270219927882
4630,22.106686471736136
4631,18.336254251822176
4632,7.192547336413183
4633,28.29919688677872
4634,27.65146160270759
4635,32.87977936657742
4636,25.274021751488114
4637,22.434038729724858
4638,11.253567916757703
4639,12.028952372950675
4640,17.69496686268194
4641,13.7284096737608
4642,25.261551661576096
4643,22.579269799796535
4644,27.028398526660077
4645,22.934914142417412
4646,22.986475137519342
4647,13.663824526809892
4648,27.403081805066506
4649,17.595635923321808
4650,23.52069647683704
4651,23.668224412018514
4652,17.98873710436311
4653,15.34393949386466
4654,27.787466801782916
4655,34.03212090044655
4656,17.05496341796903
4657,15.60240448650239
4658,32.617854212270515
4659,21.171779973374097
4660,8.60507057574591
4661,28.954510383140438
4662,24.587397025450976
4663,22.296918738125107
4664,28.783204587242096
4665,14.112023851276419
4666,16.023864808435114
4667,25.214137685199198
4668,16.20162229517095
4669,23.112774031089256
4670,15.480296773390712
4671,22.761893608506927
4672,32.13932440511187
4673,14.96814288722202
4674,13.266781377666758
4675,25.030650303542473
4676,19.110839683103293
4677,19.61015787549283
4678,23.67787245337368
4679,14.551585455584064
4680,16.213132676426582
4681,30.823540445422275
4682,12.52322487705002
4683,22.800909788022786
4684,31.77998881839541
4685,37.610420371803606
4686,30.734670026171216
4687,23.285937140819897
4688,11.77468433663261
4689,24.753990965431257
4690,20.969974430333135
4691,19.40888434509143
4692,16.32691662474437
4693,16.47750705879053
4694,38.52235907176765
4695,18.608600975812543
4696,27.793418484180947
4697,23.605282888084208
4698,13.737250256124547
4699,26.312451397338645
4700,14.45911971696507
4701,20.50162829234177
4702,22.272994435680324
4703,22.155508956047107
4704,19.12850848463219
4705,33.206142595963456
4706,17.664697738647188
4707,22.548704554057508
4708,24.957933024538058
4709,28.224168875300066
4710,28.194360613815455
4711,25.682324593407976
4712,18.96563310849633
4713,27.603353917249088
4714,24.682823573659867
4715,35.31427228703979
4716,5.453757168739465
4717,23.495333033393266
4718,13.005859852415838
4719,25.718238314527966
4720,12.888261118672336
4721,13.804776636852385
4722,12.954102356211504
4723,15.70936676231878
4724,20.50787043951508
4725,27.643556553204306
4726,5.505141248885495
4727,29.51041050398674
4728,21.83520546333903
4729,26.287546017684427
4730,20.076929636326604
4731,11.442554322849388
4732,17.207270287325525
4733,22.10264761423266
4734,13.779132959323514
4735,39.10863803890961
4736,31.23075954907943
4737,27.34306830215892
4738,21.349568000451306
4739,19.467718367752102
4740,16.758124481476504
4741,14.52499275286969
4742,16.137221577643786
4743,9.145806415764522
4744,17.036081259862655
4745,17.186036863856927
4746,17.766557169218846
4747,14.875139022692956
4748,23.992550364296022
4749,25.101884920592806
4750,28.88057032272083
4751,14.026528309001504
4752,29.134374382297885
4753,29.358209980490763
4754,28.711867904172436
4755,25.779369662241592
4756,30.03536766239803
4757,17.727147634504817
4758,13.224348917283667
4759,9.479032404650596
4760,11.392682358460545
4761,30.565396510318962
4762,17.25099791668121
4763,26.406203183368667
4764,32.04536393759907
4765,26.144436512935727
4766,18.28570586324491
4767,22.635583708004102
4768,27.891306933249858
4769,13.026061606784761
4770,31.45206098330582
4771,16.312969190748387
4772,23.448407349193776
4773,34.93885963946482
4774,8.291206411240184
4775,24.177591826748912
4776,14.882746453098768
4777,13.912729237524982
4778,27.235323542184798
4779,21.736920321402817
4780,7.627693879130472
4781,22.381203165994584
4782,20.075485860085408
4783,10.885028077152867
4784,27.390336255870313
4785,28.039060403076277
4786,11.93873263657267
4787,16.19449622534791
4788,12.689460881621704
4789,10.04315308987045
4790,38.676863006571196
4791,13.536956249531789
4792,18.126944447639488
4793,17.81310907923342
4794,25.350059571237644
4795,29.84446587404677
4796,42.623076987574606
4797,13.316088700380835
4798,23.84724765355433
4799,24.169987391803318
4800,24.46142725392619
4801,21.413159263688797
4802,20.99292562282826
4803,29.956076439800952
4804,24.511504588344383
4805,22.24557720369962
4806,29.52249700809273
4807,35.656298601633466
4808,16.910081423884655
4809,18.99708296000148
4810,20.717687372131795
4811,30.700957046530547
4812,30.03485521690652
4813,21.844438501000678
4814,26.013724805165815
4815,21.304981522602652
4816,19.706513408030293
4817,29.97906490624061
4818,37.76676191425028
4819,15.308805532294098
4820,37.465920203841506
4821,15.989027091203603
4822,9.270630141085414
4823,15.33646130336096
4824,25.6471519921592
4825,20.585964874391223
4826,12.75076085510262
4827,25.378321409134386
4828,27.59727514312965
4829,16.94915119026833
4830,26.6080939012259
4831,26.64575595155368
4832,17.538539116666914
4833,18.65798265747379
4834,28.61252718316285
4835,18.524815350101342
4836,31.201365664779843
4837,19.39224711173918
4838,8.020684094150521
4839,19.292317941445855
4840,12.700431713210978
4841,9.449493657191637
4842,18.106556468284328
4843,27.86195670698887
4844,9.888856608212091
4845,18.360672123740223
4846,15.730567526429123
4847,6.183484805910619
4848,17.286884955075443
4849,14.54906180983454
4850,19.499363030631358
4851,14.087775457090622
4852,24.30648628984367
4853,21.498616627881
4854,16.04321121011647
4855,28.81966901229082
4856,10.158006721324885
4857,22.30082927463067
4858,15.343677274612833
4859,29.250025550608342
4860,34.900689385101565
4861,17.251535180462703
4862,4.954718358912837
4863,35.35774438952532
4864,33.96821997886712
4865,10.344776218118675
4866,30.574021431844915
4867,18.04351221652465
4868,28.099545122168333
4869,25.798984404093016
4870,13.96635856768533
4871,20.16344194203588
4872,23.36323242799349
4873,18.816241071412094
4874,23.353284834601276
4875,16.65133449187577
4876,28.422750333208366
4877,21.877941163100427
4878,32.84134698536017
4879,23.11978756104711
4880,24.11031121914121
4881,18.075213388593994
4882,40.101993298376144
4883,25.171173013649955
4884,26.738101193080297
4885,24.97482942847629
4886,27.569183256152815
4887,23.224729384016186
4888,16.627409283780977
4889,26.32399450428609
4890,27.858436371538065
4891,14.292797114827833
4892,26.422345113590858
4893,16.59974885804855
4894,29.943530696152713
4895,18.792370243390675
4896,25.615111033160318
4897,20.92009703497188
4898,16.031841474006164
4899,23.699567373215643
4900,24.794495278860527
4901,25.13469474731614
4902,26.958332585866028
4903,16.702432743782527
4904,29.765374073460528
4905,21.497309291263825
4906,33.54931679149772
4907,28.09976170009743
4908,12.303927809485605
4909,23.077788363450978
4910,10.974699658352703
4911,24.02827096835355
4912,18.452632349033614
4913,33.30064619612692
4914,27.85473349222263
4915,28.4394146883512
4916,11.151996967054599
4917,31.082116251476094
4918,22.58381045880438
4919,20.91306715855101
4920,17.926245020179188
4921,17.77557664730636
4922,16.528198043501583
4923,25.125171701941753
4924,31.761327977448033
4925,13.60183204530193
4926,21.395618327557802
4927,22.480513888130766
4928,11.72468687609634
4929,27.22122720173114
4930,33.91156708398071
4931,9.152535775587557
4932,10.841678195466546
4933,22.253715184327284
4934,34.050913321298495
4935,18.61899196135868
4936,16.48332786011222
4937,8.694501610227352
4938,15.788955288167694
4939,31.523310657023075
4940,34.56162018251118
4941,25.22415714493873
4942,16.35078946468871
4943,8.212720461974127
4944,8.13787209046548
4945,32.75493793083264
4946,22.617450634899367
4947,12.102164116276326
4948,24.03045857171758
4949,20.69404429980143
4950,18.91198668556828
4951,24.065400502667526
4952,9.531052472230458
4953,12.759558864509234
4954,22.997908216245083
4955,16.179815929169262
4956,15.099960616603784
4957,20.32966363473822
4958,23.633066871652737
4959,19.503675094205292
4960,28.327950187648014
4961,33.760609665704784
4962,11.823700976217726
4963,25.424021574613285
4964,11.521614426785113
4965,16.628779656730966
4966,30.958468286470364
4967,29.616867191177498
4968,17.25550732065511
4969,17.871204824054235
4970,20.296656796675485
4971,22.115347890718535
4972,21.19559068081403
4973,22.687547306661838
4974,10.88939347355436
4975,39.3044128490354
4976,16.632459264968563
4977,34.48802667103724
4978,21.408913066526132
4979,9.245781281192809
4980,19.93935584614844
4981,18.233770549784595
4982,25.08306465341602
4983,19.945187103439892
4984,24.99578999937282
4985,23.55996868890935
4986,21.993783065581297
4987,12.672779223078452
4988,28.82463012716553
4989,24.332685216427866
4990,23.808143682172364
4991,16.378902539480983
4992,21.029644581183234
4993,30.353084616038405
4994,33.608099758701016
4995,23.386730163061188
4996,14.307238772609525
4997,13.86021174081311
4998,18.243764424050823
4999,8.68818641136134
5000,13.85985691409304
5001,28.96947676880987
5002,20.79708485042851
5003,19.696470903596882
5004,16.57208257803641
5005,14.220630239657304
5006,26.056802251493274
5007,8.618803669734298
5008,26.27266658892836
5009,17.11118014515353
5010,15.441293916874095
5011,19.055722892779894
5012,13.520329488931129
5013,22.348047920950332
5014,9.587240669817355
5015,11.716995487352625
5016,17.96822999994371
5017,23.10083978131742
5018,16.723081030936743
5019,26.40385520838617
5020,29.899076973762895
5021,23.385451989411266
5022,36.3443260882047
5023,30.503153243485905
5024,8.094271948803348
5025,12.400974436987699
5026,21.506995120158543
5027,21.632122042411584
5028,23.243961595208727
5029,35.49030041606213
5030,13.804277767489257
5031,29.5287431665025
5032,6.961055808792272
5033,32.854318735674084
5034,27.799585717694736
5035,11.45619429957597
5036,20.244854328998084
5037,19.94794416985018
5038,34.321712485226705
5039,13.205689692189921
5040,27.17011818434965
5041,16.73468520334455
5042,22.541661472554097
5043,14.86874131519737
5044,27.915799264972357
5045,18.93007312817396
5046,19.580337519722843
5047,7.378576007904747
5048,7.881206946014688
5049,11.76656615621696
5050,19.90775461634245
5051,21.779533394240623
5052,18.316085628166547
5053,19.237041812153873
5054,32.978607435812606
5055,21.568668552188655
5056,24.615960972296108
5057,25.940880687459895
5058,28.027457020824535
5059,20.104840834231965
5060,21.421426095957212
5061,30.014912285325646
5062,19.230679991567094
5063,27.862964327017217
5064,11.759904834463601
5065,19.874946635518306
5066,30.842563825154528
5067,21.361901185217704
5068,15.731986031475262
5069,25.85608149289572
5070,13.80469047647311
5071,10.843381239260982
5072,35.919596846622824
5073,28.14492677282726
5074,17.216723646123807
5075,19.41757413272712
5076,10.556470817012865
5077,36.28052992186559
5078,24.070703823975272
5079,12.858920946056266
5080,25.530797963026366
5081,28.36257180969729
5082,17.588619572203427
5083,29.31498483150465
5084,25.03263821595558
5085,17.530960345662802
5086,9.462206139700035
5087,19.276751965024275
5088,16.733648127133577
5089,13.128008339619111
5090,20.65787973944036
5091,11.440669223716434
5092,7.61015357435679
5093,14.052915169483413
5094,25.829763031802663
5095,6.781509671812014
5096,14.89577352141081
5097,20.393885044341374
5098,21.642137727886293
5099,19.873899974684047
5100,25.846157114494318
5101,27.010012309439418
5102,20.832425434659122
5103,33.52640955193583
5104,21.71544427057829
5105,12.790579417554575
5106,37.05706572954655
5107,21.151678951827314
5108,14.328431597303009
5109,24.427122805428994
5110,23.54395232265079
5111,23.146864525685345
5112,5.496040622727774
5113,28.55205734717591
5114,11.606624775361315
5115,18.347207909371768
5116,24.076730932461945
5117,32.70337785095736
5118,27.3262586092272
5119,23.386115126373337
5120,31.197354000013704
5121,9.694042160307355
5122,2.9886223731241266
5123,26.936471833511032
5124,12.204559644297964
5125,11.650050450191275
5126,18.30085520274478
5127,14.324378649417941
5128,12.039861329495444
5129,27.338600031513614
5130,21.30967648590162
5131,13.634489886757574
5132,36.19641296916443
5133,6.457263228102022
5134,39.92163174175003
5135,23.341440264049588
5136,20.791264081216376
5137,38.37317781035453
5138,35.42836956881921
5139,18.1612134491642
5140,30.7495798212652
5141,31.781297343586445
5142,23.6278640630792
5143,9.186701418342047
5144,19.94624273067597
5145,33.76395927073782
5146,26.444575217939764
5147,20.720915725594384
5148,16.19115966699833
5149,16.56322183433839
5150,27.69804839400632
5151,16.25353511845386
5152,14.318615296479722
5153,25.325093004407098
5154,14.487274377845432
5155,31.72665755845891
5156,14.492333318699103
5157,23.238465276341817
5158,28.954069705968656
5159,16.18166227393749
5160,20.072419599824784
5161,15.060004429161914
5162,18.87619294067924
5163,8.96609222328523
5164,15.062512000057206
5165,34.647088841151316
5166,28.32860692415796
5167,30.060494967665402
5168,27.904242561738467
5169,26.807259183891787
5170,26.140254368937484
5171,25.35985369895383
5172,8.12273192625864
5173,28.502069616813383
5174,19.77995767669718
5175,14.406176398857092
5176,21.092729218402557
5177,23.75824262535447
5178,21.89124315682371
5179,20.585631408323426
5180,9.590890948285045
5181,12.614530813755369
5182,6.606757511511338
5183,19.715117393927535
5184,14.74456596955974
5185,24.644772619468192
5186,21.31584851237058
5187,16.49847780266843
5188,16.491038903933713
5189,23.333590934501625
5190,31.027867166782947
5191,19.39412415704267
5192,26.447526649898535
5193,26.927351119376354
5194,30.78162006828812
5195,34.58561872447572
5196,20.927404368256475
5197,23.784680718966772
5198,27.578533874803163
5199,31.025595832685415
5200,17.902322620509423
5201,12.038891515330931
5202,20.544012809311766
5203,28.678000421395286
5204,23.567506951683498
5205,21.87168297191983
5206,13.815891032195122
5207,17.57770953684335
5208,20.08646202019647
5209,18.43027928068712
5210,25.08140570647891
5211,33.78875305650729
5212,13.016880757310961
5213,33.11051606756283
5214,20.05913984477406
5215,33.17363414831493
5216,29.379685410560406
5217,33.72123277655289
5218,11.036264840159813
5219,11.539543375438717
5220,28.785484923933183
5221,19.995834469492195
5222,11.505428331583909
5223,18.97025430876262
5224,29.745432842145597
5225,18.261810347886946
5226,19.18336438422129
5227,20.766260979404635
5228,30.285029485755146
5229,27.257662093462653
5230,25.37690593419098
5231,16.53187518375876
5232,10.92250212083388
5233,24.7867664122804
5234,13.707190423466582
5235,18.718315391638395
5236,11.50277598913858
5237,27.943852849772526
5238,23.533190482216536
5239,28.192997774469113
5240,25.090477354676146
5241,27.705522060514085
5242,24.253698462360916
5243,25.464411405429445
5244,19.70734644649749
5245,15.904410267875548
5246,18.98063985458084
5247,23.260649637352614
5248,30.249642712793978
5249,20.489001918871256
5250,13.867791760234224
5251,32.65556529355086
5252,29.82260140426048
5253,30.42674825225139
5254,25.676386677234053
5255,33.517998413016336
5256,24.359378398989254
5257,26.082325408725943
5258,29.48416036230985
5259,26.9043958754288
5260,11.528367751435443
5261,19.827032499802325
5262,10.741413835270688
5263,26.86145116880433
5264,16.761420771257157
5265,18.138880979186137
5266,9.612138491455944
5267,29.557947818109234
5268,18.922843456905966
5269,19.469676050778773
5270,17.338490672490085
5271,28.2354385576402
5272,19.944472249997176
5273,17.973473575716334
5274,23.976484596237672
5275,22.8717957885644
5276,26.599577201875185
5277,30.259020321148814
5278,25.104805322191957
5279,25.648744925014242
5280,20.84964691746609
5281,28.7983179595719
5282,18.43835333151135
5283,20.248965915070222
5284,28.779942434810387
5285,18.630157459920248
5286,13.90738581953601
5287,5.369106844037908
5288,12.014342713053804
5289,17.33525152120277
5290,12.404842201515855
5291,23.734470803372147
5292,17.844585161674196
5293,21.53128551802317
5294,23.885534587816483
5295,11.430757704236132
5296,21.470477531479027
5297,39.26284517639631
5298,22.726218633615044
5299,25.498831208125814
5300,23.141731280193973
5301,7.598341286490753
5302,19.166736352826888
5303,19.735909897000433
5304,19.382279574938444
5305,25.77276437388241
5306,34.35954783472708
5307,10.01795590254715
5308,17.795928881226384
5309,27.112114366397904
5310,32.38282759166253
5311,19.829504403463808
5312,36.01142599469518
5313,18.926123653221197
5314,22.83813158576943
5315,16.108382772602653
5316,24.37356312966489
5317,14.994962972426837
5318,26.968516415582954
5319,23.359668088328583
5320,26.84301216842551
5321,16.290313215216123
5322,21.309089847028815
5323,18.45528699909378
5324,18.699036516292594
5325,19.56687601752637
5326,31.749149918431595
5327,22.686741364891713
5328,33.00359303557974
5329,23.71836169034907
5330,22.848441179954833
5331,20.3209230577884
5332,26.515202263121424
5333,19.765421163267053
5334,33.52859569256287
5335,35.35347807425146
5336,24.829777231890827
5337,31.917308518204006
5338,26.392400240503697
5339,26.74755496005669
5340,22.6099396648432
5341,26.47427500492661
5342,27.696304261080382
5343,11.0014053681284
5344,19.768940243226673
5345,10.12785962573299
5346,20.016538714132075
5347,34.43942482938046
5348,18.713814319845596
5349,37.66169268910182
5350,15.333944532389697
5351,21.380897310278204
5352,17.33711492944082
5353,32.101221545909034
5354,21.479810071537365
5355,24.913445451424742
5356,10.190693258582707
5357,27.042252916819763
5358,14.83045007944284
5359,16.174693238063067
5360,21.21809656131079
5361,26.340436560533213
5362,28.322813149952328
5363,3.7919576259853374
5364,36.33307391467167
5365,7.670315918164823
5366,17.22303959290935
5367,23.337069905701576
5368,23.599223916115882
5369,28.459954174717986
5370,12.700191932423099
5371,30.009349099656774
5372,12.486282193877692
5373,13.680165877528184
5374,32.1007398122305
5375,17.92644420521402
5376,23.34265112523087
5377,30.269469849345583
5378,14.466449149099542
5379,16.691981401536257
5380,26.684203913264128
5381,19.80761343011777
5382,9.764450137464532
5383,17.67176086669825
5384,17.036129954323226
5385,21.265826505763513
5386,23.856217979520313
5387,28.338144312134283
5388,4.938186779247019
5389,17.222833761021022
5390,7.826758722006509
5391,22.310465436277365
5392,11.777832836842023
5393,14.862070724808992
5394,9.4033824378138
5395,12.297278794664342
5396,14.995352771693582
5397,19.312424685197414
5398,17.429016580743617
5399,17.09697599404353
5400,12.541596901878751
5401,13.53060155743808
5402,21.83441758828628
5403,22.238398454501166
5404,21.844487484220366
5405,19.09349323522847
5406,24.368915654099034
5407,29.85875570393201
5408,29.794039859380987
5409,15.422832409366992
5410,21.92163654388022
5411,24.784365289836188
5412,14.53642171474653
5413,11.874723812531695
5414,19.870726840404675
5415,21.600474874324654
5416,8.331057773900847
5417,19.75828649248688
5418,19.364652351111026
5419,16.668810506612495
5420,12.900001578396918
5421,28.381852751898414
5422,18.97601439816422
5423,25.67064622698048
5424,22.021467477645306
5425,31.90357410891199
5426,39.302521133435015
5427,17.40365307993234
5428,26.767517337045582
5429,30.547332333364068
5430,25.174559187940833
5431,26.742632506834255
5432,16.554748053754523
5433,19.220234791662726
5434,28.035907738444717
5435,23.571933800648615
5436,10.54236629352547
5437,32.35081876549742
5438,15.324520095937855
5439,16.768983975007096
5440,27.441537307329433
5441,16.663305975228372
5442,27.35606161961002
5443,23.348858170377312
5444,11.898167070727414
5445,29.157336902140706
5446,28.484308584457988
5447,37.304938883359725
5448,23.853301767600385
5449,32.723054951856945
5450,14.899896760892183
5451,18.542269901630338
5452,18.679693670847648
5453,17.308225460566554
5454,26.307994327550222
5455,12.997528460937975
5456,25.706981985366482
5457,15.025928183888727
5458,23.389294747382454
5459,37.555371707799154
5460,14.312700122278695
5461,18.952139268012875
5462,23.9107320615466
5463,8.170874428743119
5464,8.608509003767843
5465,23.01727257329196
5466,20.007157393521112
5467,27.611682943010667
5468,17.370832834495385
5469,17.81276988832804
5470,23.475744276790984
5471,22.719153976469258
5472,21.04787753717485
5473,24.4647790243865
5474,27.06788349686069
5475,35.47218704862573
5476,35.08574526158694
5477,40.611750274971804
5478,21.40550237347668
5479,18.655737214396385
5480,19.031149159450926
5481,25.93161731902203
5482,21.869246314168407
5483,23.235512016075354
5484,20.00651557843869
5485,28.559683824299384
5486,21.95633722978201
5487,22.068531850149434
5488,34.01279628824655
5489,20.25724018647557
5490,34.38725164168476
5491,27.5085214001476
5492,25.31724802491703
5493,11.707460357305346
5494,21.31978818645348
5495,28.904490483153094
5496,32.221509478004215
5497,14.683983511897143
5498,36.30498843292858
5499,32.15592413470801
5500,18.658508013612916
5501,39.11286071871345
5502,16.385509895151948
5503,36.82334341641797
5504,26.13437404499959
5505,33.19876490219704
5506,23.648819018901914
5507,24.252190425873785
5508,11.469723009720667
5509,18.243727601056996
5510,13.049930764118608
5511,26.805317025039074
5512,18.6021367544741
5513,25.091375020494862
5514,25.686218780418553
5515,27.032848585266702
5516,20.42030013161218
5517,25.511788632068313
5518,21.959693154352117
5519,20.830335633286186
5520,12.141366742035595
5521,13.788934492409997
5522,11.803848836527447
5523,24.910878221076366
5524,23.159848950524797
5525,22.936100151762737
5526,16.390985318403708
5527,19.961824064645434
5528,26.729672818843518
5529,11.041378236830864
5530,36.05352867986452
5531,30.584479056483318
5532,12.842447183243866
5533,21.66551310905423
5534,28.215607322288015
5535,18.94031767054566
5536,13.824753658325616
5537,25.907453863902436
5538,21.57184121978539
5539,16.055683934436935
5540,26.075344258131295
5541,23.429423188252407
5542,25.311748942939285
5543,12.117755521525767
5544,18.40981076556355
5545,6.462332753092621
5546,31.086696294547522
5547,18.981186889978055
5548,19.14754890369815
5549,32.89878274176494
5550,32.09300463521224
5551,38.51296391578178
5552,23.35535870740237
5553,15.468018863523842
5554,20.449026555246775
5555,26.173637829528694
5556,14.069763698521491
5557,34.32268056361592
5558,16.975136233549453
5559,22.303782143773635
5560,8.401965113093429
5561,24.901067237643844
5562,15.701567260217576
5563,23.537313206104947
5564,22.065737075463876
5565,17.2595048601283
5566,30.082246432549596
5567,16.789426666835055
5568,3.9953379070659345
5569,22.97033153433945
5570,27.86165369806946
5571,32.56596532790683
5572,15.07055900345733
5573,23.898073534749248
5574,18.53754143849618
5575,25.264812451267414
5576,38.701762200554164
5577,21.64992615055914
5578,24.239495157721997
5579,20.871346993795715
5580,13.265418560972321
5581,21.58643915192298
5582,20.978063807876683
5583,18.103290138919768
5584,30.453619573023886
5585,26.045180068860212
5586,17.81864098392102
5587,29.460627383678013
5588,20.8533111125485
5589,28.0369904524932
5590,26.184292904861984
5591,16.62304030923797
5592,22.18819916290288
5593,24.59002128721673
5594,26.677210862268296
5595,27.856472137623463
5596,24.444719169476684
5597,26.118037610747955
5598,27.642589253191467
5599,28.97576367559555
5600,30.179409048000544
5601,28.886887052269778
5602,13.558298948566932
5603,15.5430800684215
5604,26.883477087450352
5605,18.861519283643382
5606,23.17628859540725
5607,16.88658866364106
5608,27.94716466682211
5609,22.410143413690918
5610,33.26430323545263
5611,27.30828203081161
5612,26.61822899755721
5613,19.29430337142707
5614,23.70049520064437
5615,24.144944652137475
5616,32.968703779069656
5617,22.941362345093182
5618,27.97317069995656
5619,25.35879354929959
5620,19.91777372256159
5621,14.857876543716406
5622,23.602758492989985
5623,16.983057547525853
5624,21.280406791809437
5625,10.21515402342746
5626,30.857814859740323
5627,30.516422911889787
5628,22.593789753165215
5629,14.753411561648548
5630,28.361067576396277
5631,28.47284980159291
5632,15.68576130088244
5633,25.145115403656455
5634,39.05297255832173
5635,18.664851241747005
5636,11.361833417860547
5637,17.17898173668641
5638,30.458981274432354
5639,11.801077549372751
5640,18.67642531795117
5641,18.108721122085726
5642,39.50033328681466
5643,14.948955907657824
5644,9.779299470137742
5645,26.73008632028482
5646,20.372737053427734
5647,26.99631367727358
5648,24.06057741615636
5649,31.949644932269507
5650,23.854311464510232
5651,24.09603401306199
5652,34.19683827756632
5653,35.59646204652909
5654,11.455856685836128
5655,29.948622334530903
5656,12.987572748125366
5657,29.58767826199563
5658,22.484121276595097
5659,26.26762361262542
5660,20.39007242561081
5661,12.562868759294092
5662,27.876255656815417
5663,32.90514460536123
5664,26.745523259419144
5665,24.29954644954264
5666,27.20216865152741
5667,19.51141996555414
5668,37.89778276039733
5669,21.33567425279766
5670,23.195639384195093
5671,21.856610363429258
5672,24.151637293401233
5673,21.037572224609484
5674,20.470457465883847
5675,19.09923847925238
5676,19.551229415740725
5677,25.077732679611216
5678,16.61305727568363
5679,38.21029065802037
5680,7.611835774662075
5681,17.465645961945427
5682,26.602931942339197
5683,17.45436843152045
5684,18.30039703141875
5685,27.182921364564628
5686,12.104114916814492
5687,5.925506186800074
5688,11.87774482270583
5689,10.676235846964572
5690,35.87180579032156
5691,8.395690235095943
5692,21.181086353487814
5693,29.89084568440763
5694,12.80422626656258
5695,11.96223545284547
5696,23.667965516458906
5697,10.36195941275695
5698,23.908432180011978
5699,23.24401308216897
5700,13.87638075505564
5701,21.864434185119983
5702,11.116803677694014
5703,35.25169411949887
5704,20.109142367103132
5705,37.655410064184316
5706,26.530243892013672
5707,9.5109034785451
5708,25.47514740836043
5709,12.745117217006047
5710,11.666187428349895
5711,26.08011413741935
5712,40.2969835273103
5713,26.199441481019164
5714,22.898005089574198
5715,29.764549694719523
5716,19.065150867744265
5717,19.06890754550907
5718,30.46455397073685
5719,8.936615427111212
5720,9.319625624417693
5721,27.608858147832184
5722,17.831099289274793
5723,15.453784293826176
5724,9.139458248430676
5725,26.189655061597083
5726,16.38750122893905
5727,19.739866557806156
5728,18.55342421711174
5729,15.083607342127873
5730,13.881760798585859
5731,8.861281762559022
5732,24.94044228078427
5733,28.35526552193595
5734,15.479845459427661
5735,36.6729550955514
5736,16.154666548118282
5737,18.996767595874516
5738,25.235657751906068
5739,16.577084399119045
5740,7.219327906887388
5741,22.77143137532461
5742,21.726498693102954
5743,23.81546313598559
5744,22.10238669619825
5745,6.5597783683114885
5746,25.461194369938806
5747,26.0151315619334
5748,17.62582563421711
5749,23.038194233773304
5750,16.532099284912896
5751,22.453402931870258
5752,26.894936511913684
5753,25.727400476413138
5754,8.985996455342054
5755,7.485972568414963
5756,30.74294783395965
5757,13.654236085072815
5758,14.784967670627168
5759,26.962335467113974
5760,29.00850804417355
5761,24.81278676808693
5762,21.250906512319673
5763,26.908709438166838
5764,24.79326475246103
5765,16.311030367356707
5766,38.64731608040087
5767,15.695267372359872
5768,30.60453559338564
5769,35.526953378012536
5770,15.781065843091461
5771,23.86041175007863
5772,26.209146649348295
5773,18.265981190342206
5774,29.122835070163145
5775,14.817475310438352
5776,16.32846814030687
5777,18.385516864070958
5778,27.866190467784904
5779,29.195944628124643
5780,35.75097296478887
5781,17.727045210479933
5782,15.763704889096704
5783,15.482444210838839
5784,10.269838814051903
5785,32.73767117460967
5786,24.327995444431863
5787,14.947357818683205
5788,14.82225171937032
5789,22.955664714385442
5790,39.7220088322373
5791,7.026186605332508
5792,22.415444566066757
5793,28.84838164913299
5794,30.344486956393826
5795,31.69042796884505
5796,22.76706464166182
5797,11.142680405882418
5798,20.26402782763085
5799,18.649785839033505
5800,37.199890973857535
5801,28.290540556771916
5802,19.07811862029037
5803,32.31545343480501
5804,22.148611477383767
5805,24.950151110832508
5806,25.853817363625566
5807,26.422611687577145
5808,20.30113976215341
5809,17.799840979604962
5810,13.165303338701264
5811,21.490331415143665
5812,23.60993579940707
5813,6.322295876528893
5814,18.886943526629317
5815,15.976559058773251
5816,28.42954165611857
5817,10.51561252266503
5818,17.340185187121456
5819,6.492825329844331
5820,6.705445627178724
5821,28.903780336006214
5822,16.885258549185856
5823,28.447313005815644
5824,16.542627590575982
5825,21.055624089927885
5826,24.982382141479757
5827,22.4928574364849
5828,15.775760727287599
5829,18.61535233005862
5830,39.026544269465056
5831,21.83583402227955
5832,17.445403388918237
5833,16.050305787381994
5834,27.70700644861396
5835,24.625393808479856
5836,26.639710285339618
5837,20.25894262286196
5838,15.800993734712236
5839,36.829033498456624
5840,20.76455077696368
5841,23.281351758348308
5842,22.91130242373516
5843,23.22877010552331
5844,29.255039386684885
5845,10.649060910733755
5846,17.28742885943172
5847,13.213925972391657
5848,20.134117669130447
5849,9.494795041539112
5850,22.865667493411493
5851,11.732118917322394
5852,11.579711893238922
5853,32.073361994317
5854,15.351992387757845
5855,26.46200674026781
5856,17.719697935643335
5857,34.101283565068286
5858,24.027895258946455
5859,14.234391083463773
5860,15.485329952668469
5861,25.206024759953323
5862,27.202583240459077
5863,22.608281720478836
5864,20.429771323236356
5865,19.237759232309976
5866,18.185604934237666
5867,42.58874616085735
5868,16.37437759781563
5869,8.884217418161816
5870,26.798576136210805
5871,4.429944000090387
5872,29.68149629931377
5873,19.014422693679013
5874,12.103549990144938
5875,10.666271380602453
5876,13.91610466692969
5877,19.794696997962788
5878,30.71863923104976
5879,16.316765034911562
5880,21.71019995750489
5881,29.595463075039174
5882,13.80469482670246
5883,12.440038935447932
5884,10.729333363096583
5885,23.552393760277706
5886,34.307411095568135
5887,26.6864499018952
5888,19.068659129821942
5889,26.390681045590327
5890,4.886498236681788
5891,19.26827817286269
5892,31.393162845415056
5893,14.98749164635639
5894,22.79718443714175
5895,36.64082486193618
5896,11.216548324776372
5897,28.28669402492965
5898,25.06974114017399
5899,18.174993670563396
5900,7.905272162884583
5901,18.178662267996348
5902,29.91676957455936
5903,14.818393009185321
5904,25.178918455721607
5905,38.40189536970751
5906,7.8755261557442395
5907,16.51273571499035
5908,24.961990991779246
5909,31.08692149561272
5910,31.604258076199756
5911,24.831166133201542
5912,14.984736334267165
5913,29.03337184765381
5914,16.35233547993066
5915,21.199248589100502
5916,22.74018104021381
5917,26.7387057379729
5918,14.686727597843745
5919,18.87128454204828
5920,19.98337032548785
5921,22.802058246315763
5922,20.79846228438103
5923,23.24559939256918
5924,35.90467947010687
5925,29.83051023902315
5926,18.036571960082718
5927,22.631001484948634
5928,16.465336086284925
5929,21.528878960735184
5930,32.80837020382437
5931,12.835602084302323
5932,23.6978712963059
5933,12.545627696943788
5934,19.179829790258058
5935,33.074905682120146
5936,12.006811441601892
5937,12.662288852162352
5938,18.39051597444725
5939,21.102050233907523
5940,11.675157488847168
5941,24.950192347791216
5942,16.016523510756855
5943,22.97506822379737
5944,10.509356796996009
5945,24.209627924102655
5946,21.430749541135484
5947,5.7509950980285
5948,20.653722839836153
5949,9.481041223084294
5950,32.90735849030408
5951,27.697014267246274
5952,35.61327077095192
5953,23.28610342363904
5954,17.996974488191036
5955,19.13703375349425
5956,28.31364400697198
5957,35.13416425548063
5958,14.291134544987628
5959,20.20382552679196
5960,10.7426976766676
5961,18.0469771569547
5962,31.62574987710667
5963,24.09464283137296
5964,22.302426303405166
5965,10.211920661967767
5966,19.295981777429116
5967,17.570945464799976
5968,11.695909703548807
5969,23.34551892921863
5970,20.8841031805648
5971,24.638337505267426
5972,35.560493562357024
5973,16.766176561815143
5974,19.4415024344652
5975,30.05891497858321
5976,8.352672295410766
5977,32.35496483681561
5978,13.625804757085689
5979,16.02641655440784
5980,32.448039571774665
5981,18.1803336697608
5982,23.0822700981252
5983,4.035516973926503
5984,22.0308671241686
5985,32.93584730330432
5986,28.957612641804985
5987,13.595918226550724
5988,28.348521439621035
5989,27.87363852776688
5990,20.427166332178814
5991,16.623612262082958
5992,15.568188670367956
5993,13.993442074069776
5994,16.46153932975262
5995,17.561813624340072
5996,16.01555807940375
5997,21.343966691835767
5998,19.90293010515248
5999,26.44958440108039
6000,25.815425197703178
6001,21.8689789078717
6002,19.76192806501863
6003,19.4763391700351
6004,31.09071438225135
6005,18.941514666900346
6006,20.501913473425937
6007,4.141739698360749
6008,19.48570280156993
6009,25.73788776202128
6010,22.56000860011144
6011,24.603385119051126
6012,28.194180164321352
6013,26.322144192869672
6014,27.747517785018317
6015,33.38400032436323
6016,21.751941926357024
6017,21.551803548142757
6018,17.040175438043644
6019,24.56936165267833
6020,33.85556101071552
6021,20.650100087766077
6022,21.000269918839845
6023,34.560126231953305
6024,25.300021544704045
6025,32.84578626192551
6026,25.32152559415848
6027,20.99000809387162
6028,31.288035580603985
6029,10.316538116388687
6030,14.639457389204438
6031,15.30734874863143
6032,27.14115996516248
6033,20.188104849799842
6034,35.14958805887574
6035,28.26841155501056
6036,22.037889271117976
6037,15.951654521593778
6038,33.24324255368633
6039,32.95890711168683
6040,19.56776495954334
6041,18.03568315164921
6042,15.97359947303477
6043,27.276166996939594
6044,8.20352980188944
6045,27.873686015628977
6046,23.605474586237023
6047,12.250822492253853
6048,19.547401219079585
6049,26.86967650208313
6050,11.519779322629038
6051,25.017207860104197
6052,24.881090048507104
6053,28.727254711094243
6054,34.8764793336679
6055,17.181256619123527
6056,21.58181837760059
6057,14.04329254995066
6058,7.616943431207623
6059,16.038473687126416
6060,23.029144250313035
6061,16.2162440576234
6062,24.186653820756497
6063,25.247265033158698
6064,33.20000004748593
6065,9.8702880752769
6066,29.383010989788986
6067,17.289409910097046
6068,25.239892529303734
6069,29.206127581982884
6070,42.43985710551234
6071,11.581105673310386
6072,19.526835953407836
6073,27.718582086801455
6074,13.297532014580893
6075,17.88185475002186
6076,26.401896705693773
6077,18.76516161838041
6078,17.706783477454024
6079,15.678924154396547
6080,18.74572370883126
6081,13.927862293572737
6082,16.071385801342036
6083,18.64894185976738
6084,19.394913977883725
6085,19.97491611549314
6086,24.08955720527339
6087,12.515146576747284
6088,26.987664953088654
6089,9.604089006718663
6090,30.24594031531697
6091,11.966746649003678
6092,22.733705039449216
6093,16.873802162959556
6094,23.191895863298836
6095,18.227677226911055
6096,20.931780063065453
6097,24.024793725659936
6098,16.750792504301025
6099,8.900585575993436
6100,24.245327785047724
6101,9.761064088135988
6102,21.493004384633274
6103,19.67683658670115
6104,26.000774092489525
6105,19.74408959429844
6106,29.85379282806693
6107,35.56006363321893
6108,28.149252182654052
6109,13.270519922750177
6110,12.114223413687983
6111,12.701015835225647
6112,13.680947986881407
6113,23.442512251542716
6114,8.18901696907241
6115,18.387921212030143
6116,25.256843233809697
6117,23.4365375783493
6118,32.752146077410224
6119,15.00933447140889
6120,38.680666163412084
6121,21.30771088973767
6122,26.631995827938315
6123,20.085832760209595
6124,28.46733952612088
6125,15.65657820631525
6126,22.461181815810168
6127,10.469335179739343
6128,29.853651198067837
6129,24.01567769675256
6130,17.15459442926773
6131,15.607942889363773
6132,27.18403469971975
6133,7.227577414743823
6134,21.40649898955125
6135,19.069131200417672
6136,15.092242425614495
6137,24.042067624461133
6138,25.466800467181436
6139,10.900599062584952
6140,30.493841927055353
6141,21.424645318647684
6142,22.623667540770686
6143,17.96211834366126
6144,16.57557909907583
6145,33.53692846258359
6146,13.870862262048377
6147,14.547257372668069
6148,4.475316359742967
6149,18.765013191898507
6150,24.26401761366589
6151,23.230571302420874
6152,10.15563700475865
6153,12.988200240223314
6154,25.00075625273047
6155,24.85038763849837
6156,15.922868380956734
6157,23.137531303668123
6158,27.53565089781337
6159,26.430125826224042
6160,6.51369194998022
6161,18.764107604199555
6162,14.693093604374143
6163,26.86790952969553
6164,28.005081237031323
6165,15.311534845502358
6166,23.745561153036178
6167,20.835175515790226
6168,16.010230491769057
6169,17.13823032416564
6170,21.160766767277227
6171,17.243252790246046
6172,16.298705095644205
6173,26.550123195732233
6174,33.843855081777065
6175,28.579527276275346
6176,28.641059710634863
6177,23.230653471525766
6178,17.2129476736563
6179,26.46256466504964
6180,18.471072978393444
6181,33.74937951183688
6182,25.971109447582965
6183,30.79031070941862
6184,2.3460438675794277
6185,26.965286556178796
6186,14.73968180612539
6187,26.704190706320865
6188,16.196832027908666
6189,11.904454031322198
6190,35.884406940666985
6191,16.16902279049209
6192,24.117034759180186
6193,25.49307357136167
6194,13.662980762331765
6195,13.664562281347024
6196,27.45153967300775
6197,22.62122814595267
6198,11.844116142096516
6199,25.2308131536319
6200,17.943283035614606
6201,20.421847601197637
6202,39.891779125047286
6203,28.291369800965732
6204,19.204409872365304
6205,31.90973829843901
6206,28.888166568143056
6207,30.654785375396376
6208,27.824504335478856
6209,18.74453706494716
6210,26.104933543080577
6211,13.23408079554299
6212,11.374391108045842
6213,30.927788785954867
6214,15.417004959033955
6215,36.16244774609707
6216,30.48189574914324
6217,24.388030122592056
6218,21.903638502051606
6219,24.23426733704003
6220,16.651914347357923
6221,20.345796978460136
6222,22.786182322936245
6223,22.30837144400353
6224,15.710767235598178
6225,14.886314058862856
6226,17.41391161447539
6227,17.006054532916014
6228,22.925607564730225
6229,13.847810029073047
6230,22.02072872283563
6231,13.098197673652653
6232,30.487171547455915
6233,18.606872016993698
6234,13.412365934774435
6235,23.962197870581466
6236,25.938886124292047
6237,23.084662708031722
6238,27.232135969840748
6239,27.49710861724526
6240,32.95611027322302
6241,9.18521270331578
6242,19.99112372365701
6243,11.742637333788519
6244,10.224383924786258
6245,25.350398029001155
6246,37.16968855052704
6247,19.994259109833855
6248,24.059734739194294
6249,32.18471614496331
6250,17.369284458836653
6251,20.599115160434486
6252,20.994653302860208
6253,14.178192620998228
6254,36.07851167263756
6255,21.203408174912262
6256,8.456099697985135
6257,4.449648686547921
6258,16.27405327427716
6259,20.18371590862294
6260,30.085650195738197
6261,29.53194006022126
6262,29.137546334446647
6263,11.313237058523654
6264,18.466605122024404
6265,17.290654135871574
6266,14.321165412192745
6267,6.921101444166346
6268,33.316809201992704
6269,12.57681175660593
6270,27.500925508129722
6271,20.3401449752342
6272,16.197146050401535
6273,33.29762414599168
6274,23.252334778683306
6275,18.999376089459332
6276,29.147870592695536
6277,19.454258565083105
6278,25.276697955694374
6279,12.771064534596587
6280,25.502274310994395
6281,15.808449665180728
6282,18.379518622790663
6283,5.838515174821945
6284,16.768084610949703
6285,26.022688686354016
6286,15.959762356286818
6287,30.38339127691806
6288,27.769722184387454
6289,29.556340360637527
6290,23.92002590920434
6291,16.25288170753147
6292,17.015229387882567
6293,20.07694337961786
6294,23.52399200236146
6295,27.955508818428292
6296,25.476820776403983
6297,19.714470667250918
6298,17.615759471922985
6299,15.075118565133227
6300,24.95989111822435
6301,25.571035394518017
6302,23.458935679782524
6303,14.964370665002303
6304,18.236722880996087
6305,34.883722472930344
6306,29.354836683100586
6307,20.494439400844627
6308,21.042039608714205
6309,29.14662988855323
6310,24.92128625805768
6311,23.0822357920512
6312,10.670823185571834
6313,22.883323149185536
6314,17.332719402631277
6315,29.135011197669954
6316,31.780927299454042
6317,31.220387437927336
6318,18.762089406734724
6319,26.060598737608714
6320,21.77316430726267
6321,20.162918364122927
6322,20.391542965749924
6323,26.510130080715044
6324,31.86353461174953
6325,31.97915508148956
6326,12.638948854943163
6327,36.62444530676501
6328,31.687147578128634
6329,22.403777441562113
6330,27.14584568329876
6331,21.570455668942827
6332,20.773427909535904
6333,27.911786935219347
6334,22.48809275656972
6335,20.075392057480045
6336,22.54807920823164
6337,38.106189557880455
6338,28.282987924594742
6339,37.084775685166605
6340,18.028516534290773
6341,28.668993031951135
6342,15.588183666877384
6343,27.66072734557941
6344,18.166093964615925
6345,18.248109315791396
6346,38.759892650358665
6347,10.37125808658107
6348,26.29145408417025
6349,20.91894114223615
6350,20.550666744189797
6351,17.95664456862734
6352,16.20612789881695
6353,28.840252144135157
6354,23.510477733227734
6355,21.163925217870194
6356,35.07647847440196
6357,14.936945298470835
6358,15.406018390022775
6359,27.076346229152122
6360,15.376108113812554
6361,23.52281697141209
6362,28.904811941276492
6363,29.332874512315705
6364,27.96116079933234
6365,17.540521182610146
6366,28.7134153750618
6367,16.755741982158177
6368,25.650602775670585
6369,25.718187910474683
6370,6.316522211552481
6371,14.328197630569157
6372,14.03074243419989
6373,29.782186451035294
6374,26.571327050682374
6375,15.31627414984872
6376,35.70691911467255
6377,15.791180827151482
6378,18.302320793679634
6379,31.975336560034187
6380,12.726094477529424
6381,16.276215710876844
6382,18.051880995300003
6383,32.42154403299874
6384,10.67187567440015
6385,8.703737871345844
6386,24.477187303160918
6387,27.281388840299076
6388,15.355325944599326
6389,23.442304261033858
6390,38.13306313913375
6391,10.094505365706992
6392,10.605017777310524
6393,16.976832777183546
6394,30.072874986654192
6395,21.702663516603465
6396,23.65884770840867
6397,20.18536427416665
6398,30.998949632259052
6399,20.845991957809535
6400,12.902503529496649
6401,15.079619282911317
6402,25.11443178382435
6403,28.898821125074186
6404,20.922566822478366
6405,22.662881764207206
6406,25.46748029684519
6407,19.118968374472256
6408,29.800829703228956
6409,23.242394946687078
6410,21.03544054287297
6411,27.85154002780608
6412,29.681251301574463
6413,27.96562331395832
6414,24.24032668353442
6415,18.285479587311855
6416,15.995331213903153
6417,20.45250880961356
6418,29.550369593865113
6419,17.310822988090294
6420,16.89257485666658
6421,24.695289131997455
6422,21.886128764036414
6423,23.3527858025638
6424,16.61665167754917
6425,33.43851386059099
6426,15.177841192422694
6427,19.433368777546992
6428,31.351424520383162
6429,21.80396574813172
6430,29.1418532285339
6431,13.136749467973964
6432,20.58132122832947
6433,29.529608625420835
6434,24.13411869741111
6435,17.41981489224409
6436,19.816922939047235
6437,18.620002375893613
6438,23.623186878769687
6439,25.079309022594927
6440,29.63181741024958
6441,13.129791005799005
6442,27.997906240608614
6443,25.752260038445293
6444,26.93841682812956
6445,21.72391494704292
6446,27.410369948591484
6447,27.730293663168318
6448,16.148324999539568
6449,22.593064827739965
6450,13.67349321388757
6451,23.152542334094466
6452,16.51422312775498
6453,11.295769882188493
6454,17.374091178679198
6455,6.132801784867415
6456,34.80579670796308
6457,22.097263286392256
6458,20.540235302304254
6459,20.321531465025455
6460,18.580612247367778
6461,19.06846595559247
6462,28.957353366886288
6463,22.71777579778397
6464,38.01864629307716
6465,14.329751947971154
6466,27.175447459086318
6467,19.166332167388386
6468,13.417934956624634
6469,16.298862974284546
6470,19.113965606302564
6471,17.89326121838441
6472,29.767605805988005
6473,34.02387572398284
6474,22.138121728985197
6475,20.97208035272358
6476,22.754277083807978
6477,14.266960379884097
6478,14.263907256582517
6479,26.466468792330573
6480,18.755717214919606
6481,25.188427743284507
6482,20.209982626766195
6483,14.92701007276008
6484,23.48473980753824
6485,22.399720667024035
6486,14.734243322722904
6487,32.90399675293925
6488,11.4880828826736
6489,26.769375740686463
6490,16.65135749693637
6491,19.740431555681674
6492,29.327383905724904
6493,16.877314033907
6494,20.46140618632017
6495,12.720231014895308
6496,26.317649025904462
6497,20.65373307679225
6498,13.712776115582072
6499,24.671515495007235
6500,23.089744302563766
6501,32.59227592619638
6502,31.455347563148404
6503,19.77995102491795
6504,30.1138773618086
6505,26.78016314546049
6506,21.19165364677003
6507,29.466049855189777
6508,24.106607742010585
6509,18.386966923443296
6510,20.83341446612022
6511,21.263056940712325
6512,39.239943036643695
6513,9.726499536777421
6514,29.67839496076659
6515,24.120076334476614
6516,14.185283171708216
6517,28.570101751198315
6518,28.475288646655585
6519,26.28246781515309
6520,30.5168566240475
6521,12.202069267903003
6522,23.395496394754623
6523,23.172701989893223
6524,11.630396360021638
6525,29.45776287690814
6526,6.195641834664964
6527,16.839149625307584
6528,16.474035970003406
6529,32.10855629498016
6530,30.039921101096475
6531,12.766983802686571
6532,19.672334587071845
6533,30.04057083420794
6534,39.13296021409906
6535,28.03658987997005
6536,14.225894490807335
6537,15.925173709672402
6538,26.502099563036033
6539,27.56359775223867
6540,33.246831452031074
6541,28.674545455422706
6542,31.76547977513005
6543,22.517958947786372
6544,21.105483794362137
6545,23.91215421399388
6546,30.6562347673972
6547,13.92610982833796
6548,28.019716023248534
6549,20.421090296808416
6550,23.178714719578412
6551,12.97965315079173
6552,34.80709823542455
6553,27.89224742925506
6554,23.066709417253133
6555,19.691998536089862
6556,29.976727382787878
6557,32.62597909546319
6558,26.587282800894023
6559,17.07509646831334
6560,23.066792990062392
6561,39.211317590186916
6562,18.514232272316857
6563,25.19401311578676
6564,26.111907107167386
6565,25.83340512296912
6566,12.61074413954676
6567,23.35040308163532
6568,15.770837038213465
6569,26.369803678628173
6570,24.876889682097925
6571,8.442241997783078
6572,20.88761375943929
6573,14.862093960247654
6574,19.424069497605075
6575,28.422075490537097
6576,2.972917603859508
6577,30.839962733843016
6578,20.570195748800543
6579,21.16667891481562
6580,11.268046701064016
6581,17.108420002694047
6582,13.163595799183579
6583,21.40996664703634
6584,20.528989192955102
6585,13.855743611275908
6586,9.068298213976352
6587,6.095860244552373
6588,30.329451473318883
6589,27.72375934058966
6590,37.22634071694871
6591,26.35031113672786
6592,23.556445046871364
6593,19.36069569964898
6594,19.373759940399566
6595,23.883894278491084
6596,24.397121815709255
6597,20.381625588715703
6598,30.13731381577732
6599,25.65653457798284
6600,16.791439145264953
6601,20.342423113876947
6602,26.139653716234207
6603,12.242245777794535
6604,13.963449938192332
6605,11.042740441366883
6606,25.83838278132844
6607,25.852740616426885
6608,23.4258240917232
6609,23.34766141585521
6610,22.321086482473035
6611,9.282777879341214
6612,29.244546918899424
6613,37.44939782676991
6614,10.228292124115036
6615,18.124735016702473
6616,13.728006532835165
6617,27.511789032855464
6618,18.666100873958683
6619,18.2068224820045
6620,15.723199920397793
6621,29.394180160407927
6622,12.712821198436508
6623,17.748237739560714
6624,25.941469281906244
6625,13.698799671252402
6626,5.929633564762295
6627,26.642069152053494
6628,13.517835690344674
6629,28.21195713855186
6630,16.009554850162488
6631,22.20225855538078
6632,27.079560653013438
6633,20.34416369685504
6634,33.89038910057025
6635,22.38849543030109
6636,21.51505043252235
6637,16.76388589445356
6638,30.896242417480096
6639,23.61445553876736
6640,21.382157137992508
6641,17.65673157170138
6642,35.149985771647586
6643,25.14598327352005
6644,17.32080143095233
6645,22.74616492820241
6646,31.34646190965876
6647,21.47633684989714
6648,32.08407333533105
6649,20.410311841349003
6650,23.403500441160258
6651,6.803905472613156
6652,9.077751993533807
6653,27.685199632106375
6654,15.7482887876939
6655,13.096815541677572
6656,23.451500845072246
6657,18.66328324652134
6658,17.789174773090764
6659,9.171205350623648
6660,12.811222251368687
6661,6.343505163480952
6662,7.950826335649705
6663,18.975867287114987
6664,26.632255500652036
6665,13.512918040932476
6666,13.255168713403453
6667,15.754386762837534
6668,30.078948691295963
6669,8.845499596518936
6670,27.354762604889686
6671,11.222607741027133
6672,17.68111852322551
6673,25.639019082728133
6674,29.9217559907777
6675,21.195133678806677
6676,22.754146233561322
6677,27.894294340860352
6678,20.524765392065166
6679,26.445655731627827
6680,27.398328959422635
6681,11.375652113001097
6682,20.961283455019515
6683,25.38612292335342
6684,26.381408149834186
6685,21.247606133552623
6686,16.076968195472954
6687,16.18293640162681
6688,20.407923058546224
6689,23.207142868734223
6690,20.52490262348888
6691,26.846275886499196
6692,36.56770282544532
6693,29.563684566370355
6694,25.59868209634628
6695,21.521057391958887
6696,21.235846400124558
6697,15.419245967755877
6698,12.768289063759113
6699,38.134145612947364
6700,29.19111617902822
6701,13.251943646464479
6702,27.8667182952752
6703,23.129083839439286
6704,27.169612708793572
6705,23.470037728507556
6706,13.169869711733892
6707,25.009009204833802
6708,12.03529696158985
6709,20.490306751747386
6710,16.987807568985666
6711,22.224881628574085
6712,26.553946513424144
6713,19.46448141866036
6714,24.868496157696242
6715,34.96314399289159
6716,18.43443543426335
6717,13.028567756304032
6718,20.76242164003492
6719,20.292645205301408
6720,14.924696864685245
6721,24.817950157313824
6722,32.351796937005105
6723,25.079271204439323
6724,8.220663183360625
6725,11.289210062205324
6726,12.259564481295484
6727,26.099801982118528
6728,19.19732083321123
6729,14.332221653572443
6730,18.145659017028148
6731,42.40309104135551
6732,18.62274519045031
6733,21.21017000673345
6734,9.75299247344552
6735,34.953606994117806
6736,31.00829742926605
6737,16.468465244203333
6738,31.27378782909333
6739,32.116509709911625
6740,29.903307769360943
6741,12.496203612925703
6742,16.971325001354263
6743,22.734552503148826
6744,9.811491828005217
6745,21.219694854604818
6746,27.027331881118954
6747,30.43993116708809
6748,26.582050145861352
6749,26.99958411712334
6750,16.866312217396878
6751,25.63481334766398
6752,31.576894169835683
6753,10.275637233907869
6754,22.981134805219924
6755,18.135477598436925
6756,16.773802003181935
6757,19.083840075664096
6758,26.12978111326834
6759,14.748829606519063
6760,20.995996926230543
6761,14.87301890176476
6762,3.506164769181098
6763,26.143493966728087
6764,16.46666782640435
6765,18.125002011628517
6766,6.083597893955618
6767,34.19772044161877
6768,25.2843253441227
6769,18.987842907895725
6770,26.017851853777653
6771,19.541524296286887
6772,25.554697310573456
6773,10.275813718025024
6774,25.735447548865476
6775,14.518149008008718
6776,13.99669841235012
6777,13.72362820298222
6778,16.752849745364014
6779,21.32218265939043
6780,28.46538233216227
6781,16.345511215692248
6782,31.665560511968124
6783,30.221290186168957
6784,21.244293606697905
6785,35.350828021082094
6786,24.245876639636094
6787,29.806088772319143
6788,20.516448556544276
6789,15.25713856772574
6790,23.166258664254862
6791,30.42314462575179
6792,34.244562223663074
6793,21.330811764487933
6794,14.894430092412462
6795,23.98262710595301
6796,23.29743949318502
6797,14.673710066937364
6798,21.6393698806881
6799,17.457252077925276
6800,13.785585238039769
6801,23.054366005396638
6802,20.85050234014472
6803,18.299254094047836
6804,25.75763911345615
6805,29.07433695617194
6806,29.38625844416535
6807,30.117371999656598
6808,10.959630246409606
6809,18.0481607807086
6810,35.474417897262015
6811,16.158721848821948
6812,16.47228725630153
6813,14.446538272699852
6814,21.710848640937936
6815,22.435474674802407
6816,21.791158893408067
6817,22.537562032082853
6818,25.283329144185828
6819,29.719948847025897
6820,11.954892145048444
6821,16.738458915864456
6822,9.031231652430142
6823,22.849421364255218
6824,26.36730780296811
6825,19.107247111261323
6826,21.335530206307407
6827,25.04004908025817
6828,32.01953512897128
6829,15.991951470270514
6830,24.37911873181885
6831,3.9358284196227187
6832,16.85299889300738
6833,25.877499977727133
6834,31.853234613683902
6835,28.627140524962044
6836,16.60767991182185
6837,24.21150325410981
6838,25.25560863205257
6839,23.916484903498954
6840,31.915001588294228
6841,33.20012248573942
6842,16.610483959936854
6843,34.11137713960257
6844,29.845071383051703
6845,16.50048922965611
6846,22.393997242726424
6847,20.34201906442412
6848,10.260889334905967
6849,28.761964727747205
6850,18.659351075566143
6851,18.025396926588712
6852,17.911204418211312
6853,16.792344917097903
6854,27.547933362740878
6855,28.758254718481297
6856,30.170147484587027
6857,10.577171682324447
6858,13.004007676527763
6859,21.533250821643023
6860,19.883363319051945
6861,31.931485435843477
6862,18.303886144841627
6863,16.17888342680328
6864,19.060426874051366
6865,27.105674375847528
6866,17.23594599490943
6867,27.957884288533727
6868,34.63410122753429
6869,21.20618427522099
6870,9.379504214797532
6871,22.875402665959214
6872,23.62841276423357
6873,22.1014559640596
6874,12.701282807834446
6875,19.272632138098725
6876,26.009219992086095
6877,25.290103608812217
6878,23.275230123593943
6879,14.974996114549336
6880,18.10634556604992
6881,22.113029053339957
6882,24.637573072038478
6883,19.626128708386428
6884,33.3689990986025
6885,18.15162511555468
6886,25.222180026609976
6887,17.404817663675843
6888,25.914370184594432
6889,23.406717042667413
6890,24.080497573063333
6891,7.25814781849561
6892,29.51848676369597
6893,11.228363185844271
6894,7.2606051465343135
6895,29.782030041069493
6896,34.808686535373454
6897,19.145289194208374
6898,35.26619926412596
6899,30.162063389486583
6900,14.499998386049477
6901,19.578617772066085
6902,15.5716949872202
6903,19.5645530566257
6904,16.651243987608016
6905,11.103121061214395
6906,23.777491327627573
6907,27.938721927634006
6908,16.468220627640815
6909,36.89778005384138
6910,24.75519699525506
6911,14.210425530650427
6912,22.09500043501884
6913,21.239923292838135
6914,25.75303768128049
6915,30.678715423768764
6916,24.464297935686723
6917,25.316329287620743
6918,20.74420748620065
6919,8.986574059415497
6920,27.37161393444542
6921,25.179268314587695
6922,17.14864722154649
6923,17.645977028990014
6924,26.26444612818769
6925,28.256601509784595
6926,30.047625866557123
6927,14.038750284846834
6928,28.129694780654646
6929,15.107785784604157
6930,20.949732648205906
6931,25.1171333706129
6932,22.26993925741577
6933,41.11158691821323
6934,23.65606002641592
6935,15.273348465446944
6936,26.476316934235214
6937,34.33034824666974
6938,22.458243735258435
6939,9.688193225900408
6940,22.572047069559243
6941,11.134804687309298
6942,19.06386712322707
6943,38.821656522518396
6944,18.011464061399494
6945,23.430775393825208
6946,28.365668564888406
6947,10.67032264951225
6948,25.829492414943033
6949,22.146445578850845
6950,14.139563602319562
6951,26.970544323919395
6952,23.741508195012585
6953,26.787908536709672
6954,21.595214248103957
6955,36.495403106032036
6956,11.24176108588813
6957,26.19046248403677
6958,32.037444969864396
6959,22.53299516571023
6960,20.814757411607474
6961,22.993657464869184
6962,20.02871869658573
6963,32.12570642435087
6964,26.04317572914487
6965,17.413165438352433
6966,28.722072508825093
6967,22.95940606424917
6968,28.581991992170572
6969,27.470068031633243
6970,16.624365098284965
6971,19.063957967127507
6972,27.31000617505417
6973,24.993786569852325
6974,35.251874617897435
6975,6.202500195601683
6976,26.733727864595622
6977,18.686078420474132
6978,11.81840144938564
6979,22.230970356353033
6980,20.845057557146003
6981,17.379775591821243
6982,14.98485367307902
6983,7.901855059547712
6984,15.243910515388617
6985,22.182705465009295
6986,12.507928527291938
6987,22.293232740009724
6988,21.182377365014805
6989,13.655473271326603
6990,20.257568857288383
6991,24.823165714880666
6992,23.71782146406603
6993,22.164693865573817
6994,33.98684541416037
6995,10.67545540815123
6996,20.473208610073346
6997,24.499107164501417
6998,3.282226505266168
6999,23.54617992041145
7000,25.558388889126768
7001,29.092187483671538
7002,29.106930442415212
7003,20.772429743998668
7004,15.334180275120794
7005,26.715603059701454
7006,18.947571151570163
7007,26.59370346464139
7008,15.317396738667709
7009,22.009784967813765
7010,22.009322808126285
7011,26.080763979841485
7012,32.52819912413899
7013,29.717469792777095
7014,8.966981083906212
7015,22.13013897243691
7016,24.584061710006196
7017,40.54348018179198
7018,24.1122737241596
7019,14.198254049986183
7020,18.92472686859757
7021,42.08707461115067
7022,13.408175237128368
7023,17.373250311851304
7024,10.267258628313972
7025,8.849732578423463
7026,24.73635819439302
7027,10.98148417966942
7028,19.319388083705082
7029,23.37379886992754
7030,9.739510951137937
7031,14.732453561031178
7032,20.181102563610317
7033,19.996357734163595
7034,27.873208288256606
7035,23.204986883416233
7036,20.40503667433159
7037,27.87544418088152
7038,21.92890144168559
7039,23.968192846057427
7040,16.970142582019264
7041,12.909991984115646
7042,21.826523476285132
7043,27.73681774660445
7044,6.446507764285336
7045,19.941492527140912
7046,35.219360450443915
7047,34.63663437411633
7048,35.80484327771849
7049,10.214749288454476
7050,26.884079767453525
7051,13.190017546755866
7052,24.78015297770483
7053,23.82612601062756
7054,18.486007562925565
7055,17.493399988261228
7056,33.14585287198797
7057,31.171019005418458
7058,20.16510778136102
7059,9.7714407562167
7060,20.047289203662874
7061,27.754878705065764
7062,27.475299849080397
7063,25.330845467651308
7064,8.370319783124966
7065,21.943585856340327
7066,11.054824907020969
7067,8.700050105115842
7068,18.232427662222744
7069,11.774106390587614
7070,30.291155582960393
7071,14.65185551129576
7072,12.631169649922386
7073,23.996999137640834
7074,13.727432804856797
7075,13.68313294543723
7076,25.390459454166518
7077,20.505946017012853
7078,13.881102279209578
7079,17.100442708518525
7080,24.227170253221175
7081,30.97485367364498
7082,18.390186031336835
7083,24.99669065224763
7084,34.507214256913215
7085,23.734045780684276
7086,6.4981046226784525
7087,15.072109709626282
7088,23.107370803257677
7089,17.0273965246129
7090,31.663393699533323
7091,27.301724409729925
7092,28.634608602884136
7093,22.822083958444562
7094,22.375986376954472
7095,6.138168608153275
7096,29.59849622147254
7097,22.201139299712345
7098,31.474331962661488
7099,16.814784795207235
7100,25.741200931859126
7101,27.297476027261297
7102,10.943680971764177
7103,27.009324212947647
7104,30.079459392590113
7105,31.15671978722328
7106,16.897273660596632
7107,18.99303679244412
7108,19.862654577225054
7109,34.31537340076841
7110,23.607040758069225
7111,14.807361929978194
7112,29.617072864999848
7113,23.54816436620301
7114,11.719936501501406
7115,29.322323328709864
7116,2.7059917221600474
7117,8.614606710575488
7118,34.067366347780094
7119,33.197728304752516
7120,13.026528225853433
7121,22.18063298789832
7122,32.559608297167316
7123,20.051486786168507
7124,30.583317790165626
7125,19.13828038908907
7126,22.57318585891117
7127,34.84963916283637
7128,10.229913961556925
7129,19.45239892862613
7130,22.580432885907758
7131,10.693169270321295
7132,15.983706841264748
7133,27.41742700916972
7134,30.440890426618274
7135,38.90455358635883
7136,9.522073201477125
7137,15.895823888024147
7138,28.3430258447705
7139,26.41415908925272
7140,43.449393255014726
7141,12.306941781939258
7142,27.157780677656106
7143,13.03368591917761
7144,23.26230162632644
7145,27.545767940653263
7146,27.480855738260818
7147,29.175765412824816
7148,17.23646314241487
7149,30.970195366158624
7150,24.393367432410216
7151,18.16635496776411
7152,28.812264294990825
7153,30.741492247283524
7154,36.61078665049001
7155,25.388898476330056
7156,15.242375776926572
7157,17.83587127519395
7158,18.205238734215023
7159,29.730684881559483
7160,16.45990143436124
7161,32.020206303913795
7162,28.030246334711318
7163,40.79177192560168
7164,27.786053405350778
7165,25.141583050695495
7166,23.14982403287151
7167,25.4477679475079
7168,21.59088164531175
7169,19.566703960371317
7170,23.969844624296982
7171,8.403214509461776
7172,36.81630294060582
7173,15.301981395798776
7174,12.543715436672521
7175,20.314314700230746
7176,33.00607592999236
7177,15.41896208131649
7178,21.641585206842894
7179,25.115496230607622
7180,18.456901115481088
7181,18.981050234561287
7182,22.013738741691956
7183,20.009197307373306
7184,26.61251917934556
7185,16.885792810065443
7186,23.25008912438197
7187,8.065369822159118
7188,32.67733205889949
7189,21.913055555868706
7190,21.939832628551493
7191,24.745818088086033
7192,9.853830247132525
7193,21.54054575710026
7194,16.50395392442475
7195,24.876860673142524
7196,12.173609118894564
7197,31.546205614331367
7198,32.93675698858743
7199,20.954838648522678
7200,26.408288897768166
7201,11.49207698708553
7202,25.04369179702425
7203,16.040333688669428
7204,18.789421511311815
7205,24.481285559077687
7206,35.71183042706653
7207,8.825923695597451
7208,25.203064117153893
7209,13.946677205098606
7210,24.531758844040496
7211,15.634009808069793
7212,19.15520583389978
7213,19.04007231473173
7214,12.506172519639305
7215,24.8904150316599
7216,29.51253249677198
7217,15.817567124016731
7218,18.841920125433987
7219,15.627139686507112
7220,30.83993912178158
7221,21.352203477315175
7222,31.9875116365277
7223,27.492802573805335
7224,14.336290045389596
7225,17.866354774809874
7226,26.19265746982989
7227,33.31616359591102
7228,23.94962708644051
7229,28.66754063335914
7230,16.804511683516125
7231,21.381121683936463
7232,19.845006728158015
7233,19.583260590169132
7234,20.193986047916077
7235,9.683242344798353
7236,20.897930524593246
7237,6.958369730406998
7238,17.160218731665385
7239,24.56646821759551
7240,29.101192572910257
7241,18.869399945202908
7242,11.118697107967792
7243,13.052187124621856
7244,25.341038815873844
7245,32.322181601978336
7246,15.859257458098611
7247,12.822103718757905
7248,23.261461968827
7249,15.267449113945393
7250,31.149004687595887
7251,19.787596679997527
7252,15.861921381454252
7253,31.035708798822277
7254,14.089743146968399
7255,35.39868911449628
7256,11.864041042790166
7257,28.612595780034034
7258,21.37878709587715
7259,7.1733520735561065
7260,5.476477567140833
7261,22.93801023589297
7262,24.92161115641123
7263,21.029467800674396
7264,16.313477685602894
7265,16.727936571063907
7266,19.21544004820435
7267,22.114450394532735
7268,11.583721340022258
7269,12.122414811883834
7270,14.882797263677979
7271,15.287308745634375
7272,19.088483138255896
7273,11.170395392273571
7274,11.64746862379453
7275,27.962512828743236
7276,4.9100025857572875
7277,21.904908001104705
7278,23.05171993827922
7279,15.371636319767033
7280,15.504082090996462
7281,24.37912810037764
7282,8.943553632652815
7283,19.420729766286655
7284,24.544584066245022
7285,18.64904063831484
7286,17.252666890800764
7287,33.133848180593986
7288,30.78358158446011
7289,17.625218225888855
7290,26.384243493800806
7291,9.270252248400478
7292,23.28444169524361
7293,26.779522325174426
7294,18.23177840276555
7295,29.771182531171
7296,15.865367161581844
7297,17.968362093305405
7298,14.521091056116028
7299,30.96996168741366
7300,26.11343776180653
7301,38.504197088809654
7302,32.776251480611236
7303,17.999215698828863
7304,17.53475384248114
7305,21.372821816688397
7306,15.322195969244415
7307,14.968268255291278
7308,16.741915836917613
7309,13.539861465426258
7310,17.536413262034465
7311,26.114371210414156
7312,24.05359480825981
7313,23.559268959981047
7314,15.228617029447463
7315,28.568669617219264
7316,25.56190775019782
7317,26.804932694938763
7318,17.496829044107912
7319,37.32283417270023
7320,22.864020315767846
7321,20.937010372736346
7322,15.489029988484969
7323,20.65184908282257
7324,12.13017768691428
7325,21.68200537798289
7326,26.001211386135722
7327,25.275664100313087
7328,26.53152535819407
7329,21.29341843047049
7330,27.077373015421813
7331,31.93832808848444
7332,37.11023883801756
7333,23.94996990166484
7334,21.159147743915366
7335,22.733667898065878
7336,26.101252810002723
7337,18.92001776101688
7338,18.05338997868188
7339,23.25305596348975
7340,30.495583653068838
7341,24.978040178681958
7342,9.257622511014151
7343,24.278072605650948
7344,22.600611684661395
7345,22.69136560516415
7346,28.016287477625102
7347,14.66328694089225
7348,19.15257185645935
7349,27.243069133179546
7350,23.65417573024566
7351,32.28506027794564
7352,27.978906794383988
7353,21.108928094179685
7354,21.805784896829415
7355,20.30183962633522
7356,11.61206750061409
7357,25.97589977849806
7358,24.594198421861023
7359,25.157264899903446
7360,13.687564328337126
7361,13.317624728575112
7362,22.17342700202694
7363,23.5705941912716
7364,8.532105981589785
7365,31.1399723312733
7366,18.658059144702833
7367,17.365530382652565
7368,14.22831095981896
7369,15.874179293832215
7370,26.759718664243643
7371,19.33862511749394
7372,13.977956767874572
7373,26.430104206844362
7374,14.5099474261156
7375,20.488112042881298
7376,30.136163115729943
7377,20.93686203200265
7378,20.57329074085565
7379,23.05817569081306
7380,28.036040181301097
7381,30.467029939579106
7382,25.437908874970375
7383,31.793273472865895
7384,19.968820368888288
7385,14.953124181830761
7386,23.846716996685313
7387,12.430189375864519
7388,27.37236142759072
7389,18.125736940831832
7390,19.484454931836815
7391,14.896778243092525
7392,22.63347491024783
7393,30.074882125812294
7394,31.41742661641277
7395,36.037646891297776
7396,22.67688354490384
7397,23.91661321953191
7398,18.504157476119957
7399,19.150252314452157
7400,7.3678589126104805
7401,31.414123843855805
7402,19.234613635961157
7403,26.180290574527973
7404,17.50050970304806
7405,11.259997940412074
7406,27.79096498292504
7407,7.684149470204471
7408,33.98192147201047
7409,23.842407073702823
7410,32.25736573537502
7411,22.068191257266633
7412,12.66219479329052
7413,27.280041146224413
7414,26.89121815028423
7415,29.14855002639748
7416,24.06442267730939
7417,26.950732238046648
7418,33.904607700824386
7419,27.933382882285546
7420,28.502879238061507
7421,32.17262082651482
7422,33.86230463798775
7423,28.462266308841777
7424,15.869474831866427
7425,16.54044287637391
7426,12.063071660559995
7427,22.492413194534173
7428,22.590476375304537
7429,38.52570138151114
7430,22.068358855127606
7431,22.749082197483716
7432,9.768901369138058
7433,13.122770922550846
7434,15.486226703443137
7435,26.536730846868714
7436,35.20213779888235
7437,24.161890426759722
7438,34.53920847584194
7439,12.796145384056647
7440,9.028447161029707
7441,14.943642850188535
7442,23.54484669528736
7443,12.891505500317292
7444,11.440337659858749
7445,16.70436873468659
7446,19.179186639403415
7447,7.434069068666218
7448,34.49614011089346
7449,40.422185950022964
7450,18.41138758977157
7451,29.37591218256393
7452,19.3972039356433
7453,27.465066350489508
7454,27.4688759517971
7455,32.59084429093471
7456,35.453117663560334
7457,25.27509652497821
7458,15.605308081720477
7459,20.198254292292148
7460,19.685904486938163
7461,27.64033538159203
7462,21.428551178799133
7463,15.437743211264195
7464,16.012846793187638
7465,18.096601757505752
7466,26.285057261644504
7467,24.606352313106804
7468,14.119234971625
7469,29.08399554738698
7470,30.311769029940525
7471,11.498737213258108
7472,13.009624733119558
7473,8.543578803539827
7474,22.697431304608514
7475,17.463980159730944
7476,5.191333768944246
7477,21.746517556550604
7478,23.175517903151615
7479,17.67588878970121
7480,30.243123326733844
7481,12.539993341352691
7482,18.511473773400596
7483,31.217687629304702
7484,17.355074354660633
7485,26.04135369159358
7486,34.21266109438931
7487,20.31000305448581
7488,16.547982833227636
7489,21.17411218970287
7490,21.323489753060418
7491,15.856102980073203
7492,21.765697817810434
7493,35.625622647883986
7494,12.633197624343083
7495,19.025102002355517
7496,27.033089248668247
7497,18.455101369595603
7498,9.47104270429907
7499,31.925819757140268
7500,35.89722008564458
7501,17.582149504158668
7502,20.96159409887664
7503,22.227061895512016
7504,7.126910863774985
7505,26.32181126950899
7506,22.421034841557333
7507,17.17451386462534
7508,14.114525913443316
7509,17.933087553771454
7510,11.123166037290023
7511,27.769041503200377
7512,15.408918200121953
7513,27.94611629245973
7514,24.758688851397963
7515,27.944698932489274
7516,20.278928501190336
7517,21.151528396841044
7518,32.88327007747369
7519,26.022075114886484
7520,16.393421108945574
7521,22.409436746476153
7522,24.330261052427247
7523,31.54800593542937
7524,11.409144405598083
7525,15.095474561172587
7526,20.980380995235567
7527,32.05693168777822
7528,21.33839862692959
7529,20.226850595949035
7530,24.505266211385965
7531,15.140456782275407
7532,14.994456297552745
7533,13.01777201856272
7534,19.441779737169625
7535,8.223677905701004
7536,24.813092912810045
7537,14.069942836839537
7538,19.23772349157287
7539,32.31024108597377
7540,17.25067888573155
7541,32.99499098423591
7542,17.609720842667862
7543,21.612990601648423
7544,26.989310861527827
7545,18.955083823053315
7546,25.734736576559296
7547,33.8671075241862
7548,31.921521226136875
7549,19.26766494529759
7550,25.640945554561128
7551,33.263034199378026
7552,23.350047626305503
7553,36.428730240673765
7554,16.58866981808604
7555,19.50086562747931
7556,8.39537636199649
7557,26.55111257281088
7558,25.061835172473128
7559,3.96347943299366
7560,25.376670963055915
7561,11.965719776852731
7562,10.335068196947184
7563,12.340450156941312
7564,9.26202274288696
7565,15.012587814427299
7566,21.942234477187267
7567,32.05418846079595
7568,31.972426887634924
7569,20.034361112661063
7570,22.234694670660375
7571,15.7595219369732
7572,20.186530093734394
7573,27.179730726154556
7574,37.42107414584634
7575,19.326024566978823
7576,27.346897829416964
7577,22.129557934934667
7578,16.86751636414349
7579,22.062472497865826
7580,22.04754332731353
7581,16.879598514990697
7582,33.36701606041453
7583,12.737508525726234
7584,29.795836869538302
7585,21.978528207494506
7586,14.340686832440593
7587,28.98095172099863
7588,-1.0806709276893427
7589,16.751104530959164
7590,21.714977205265697
7591,24.389025462447666
7592,20.848188282458295
7593,13.526671161537774
7594,22.950236769257952
7595,20.416101060826165
7596,33.39303020880024
7597,24.079476665292702
7598,20.857722081040734
7599,14.289749437951404
7600,29.72476718566741
7601,33.68426570004924
7602,21.99474141849931
7603,23.036816313075832
7604,17.098822246610155
7605,20.61499805305135
7606,36.933285513512025
7607,26.713449713440962
7608,13.994758258797546
7609,23.9011697895383
7610,17.87757542358532
7611,24.96388749891797
7612,7.28451935497039
7613,10.826481257157782
7614,12.50803189168829
7615,22.13799909528537
7616,9.972260200402529
7617,7.804376713361782
7618,14.448597720775181
7619,18.254080233749804
7620,13.958543358984944
7621,28.648232060489185
7622,7.038332406913865
7623,37.66826977479667
7624,21.527797148858568
7625,26.91011975309076
7626,13.175595968956737
7627,17.032028929032222
7628,20.815832208821096
7629,15.660346694813207
7630,13.733080290819904
7631,24.739565709557787
7632,27.428545385147316
7633,27.759272415510992
7634,22.851476544075155
7635,22.29132384032969
7636,18.564505637762693
7637,31.24763633981747
7638,24.90543854648709
7639,21.60797327072419
7640,19.796289179685864
7641,25.430240308831127
7642,19.58245222818174
7643,19.83874225897979
7644,30.149161002636298
7645,24.56951051943182
7646,14.203650100609016
7647,32.718879220657406
7648,28.53165427526895
7649,33.067421878973164
7650,14.018743025531789
7651,24.599620197462606
7652,38.51608019185617
7653,16.61185590176125
7654,21.91739150477547
7655,20.01347863194077
7656,30.776654965221958
7657,14.443973937772197
7658,11.76098817711373
7659,27.829539615416678
7660,18.555131217781167
7661,15.662156193200307
7662,8.519227122522302
7663,27.241659321408
7664,19.74040013577707
7665,22.485187592037217
7666,9.972172606598452
7667,21.47029743473628
7668,16.382099746188096
7669,31.03258505221567
7670,15.955817137803002
7671,12.17414132572165
7672,14.356266322862442
7673,17.030363238032542
7674,32.692950502987685
7675,16.357694699284885
7676,8.072620366653021
7677,11.720552099280367
7678,34.79391835264481
7679,21.793038055787463
7680,23.63821266612042
7681,18.12172467179499
7682,13.960691736385165
7683,15.52351603543542
7684,18.69019657145707
7685,23.948966684396538
7686,19.09184745469406
7687,26.11315092056631
7688,28.800855100618232
7689,17.429944864710354
7690,28.876736828677092
7691,8.584510630081866
7692,28.527472374720205
7693,37.25014085907105
7694,25.716463513689483
7695,16.952363448179053
7696,12.917599265251145
7697,29.728518349664817
7698,30.234411782564848
7699,32.76953869936485
7700,21.820606241788735
7701,35.63873783961607
7702,17.038197655436754
7703,16.323990319331926
7704,23.194762842335457
7705,18.196551578979985
7706,30.015879369220436
7707,12.691540665679979
7708,19.24163701137011
7709,6.59820759785922
7710,24.73335787000285
7711,27.44585496290336
7712,12.837635144704954
7713,30.82960624134118
7714,21.689624879645184
7715,23.67546792399238
7716,18.247407859730643
7717,31.321518643201422
7718,13.014868397192519
7719,17.03882476537294
7720,19.66670677556925
7721,12.649956723123253
7722,18.696797637859348
7723,21.365501748565645
7724,8.538452219299216
7725,35.767626338181174
7726,15.856340249315089
7727,16.60626099628842
7728,24.727506619352937
7729,13.265044759085598
7730,20.555854583101976
7731,29.349471868059382
7732,4.682701263243441
7733,16.463989086590246
7734,5.36786482542683
7735,18.662795655362043
7736,22.411769399927643
7737,9.729198732592156
7738,26.895199619003407
7739,15.391410500515775
7740,23.333911089826902
7741,26.071342403996603
7742,23.754913949190776
7743,35.28523821683814
7744,26.86843752158894
7745,8.001341088125763
7746,28.785382166652028
7747,22.827922718073225
7748,6.007431710403431
7749,25.1251774197058
7750,18.69485072341588
7751,21.928840290883155
7752,18.466033273749325
7753,20.69515875849215
7754,22.871227440444112
7755,22.573430451283585
7756,26.877883997674182
7757,34.30877672661313
7758,20.879405061878266
7759,23.26618232359457
7760,21.201279959388778
7761,29.945112066716604
7762,14.186525980679217
7763,26.479522298877292
7764,23.033452002975924
7765,38.19600372203113
7766,18.685367629177662
7767,27.968512872313774
7768,28.09814227233385
7769,35.180660288977606
7770,19.406248260559522
7771,17.94642974866707
7772,13.737549249103136
7773,40.624774409511694
7774,25.958744461003782
7775,7.270607965939623
7776,22.24593408160512
7777,19.940562599112905
7778,22.950574164600713
7779,13.661873131431527
7780,16.49547184327063
7781,17.122145989314255
7782,31.052319794143095
7783,34.83458652343056
7784,24.622405406656597
7785,32.34060566835357
7786,29.935107957370686
7787,24.755492391167373
7788,8.477551226373713
7789,12.615499344233765
7790,14.049232297323794
7791,34.10514604601553
7792,14.208319244745452
7793,35.54587740142212
7794,10.94003367624532
7795,19.503429534920805
7796,25.83130696589957
7797,12.256254301434907
7798,26.873436615195
7799,26.55288485178738
7800,28.93898713196549
7801,28.841826234548822
7802,19.323168969764687
7803,32.17270527472294
7804,28.407952380356498
7805,23.736400865256208
7806,18.127379808586745
7807,18.167355192419823
7808,7.743074537340412
7809,17.883937913030127
7810,11.491099172445363
7811,32.98442747881812
7812,34.14351555918356
7813,17.86764313355555
7814,41.726721504833044
7815,18.19387602981925
7816,27.72920355403357
7817,16.108509913305813
7818,19.504939786378937
7819,17.613447843283424
7820,30.01823594943201
7821,26.64411397584849
7822,24.746453616329468
7823,17.330913832338428
7824,11.728098157010468
7825,33.42669733590486
7826,39.0702410695676
7827,19.73308153644077
7828,8.87692924063924
7829,13.084778473044867
7830,8.863463044134926
7831,11.66756071287927
7832,26.49007829054942
7833,24.19492189934269
7834,23.726861308278632
7835,25.793996227327945
7836,8.077936943941568
7837,14.060981458903804
7838,22.771056433400084
7839,13.497206291665552
7840,22.18787901284755
7841,19.45807911384916
7842,13.790030814213631
7843,21.16093074140495
7844,15.201038795885166
7845,27.584871739732144
7846,14.137877433984727
7847,11.169895631846057
7848,12.798056061693476
7849,27.027277990986164
7850,14.667388867416426
7851,11.637806411421309
7852,26.986989240426976
7853,26.199186127517237
7854,23.956006459967647
7855,13.630089704160671
7856,22.46265269358043
7857,33.265140837916476
7858,12.299530997735566
7859,10.219697742668924
7860,20.46997441883176
7861,27.870038217091498
7862,20.86420431286679
7863,19.336437690263338
7864,17.15693396753754
7865,17.890738244556925
7866,20.999368715621163
7867,11.149612226823322
7868,19.33200722893266
7869,18.92763200077641
7870,11.444960259443128
7871,27.09246936380849
7872,11.08159106175301
7873,22.75440036221204
7874,24.344542619728827
7875,22.797931998529645
7876,13.1639441535682
7877,33.31922972774304
7878,17.350702461976255
7879,36.56376664964978
7880,7.0147773691423065
7881,16.917626570289922
7882,8.562173590368896
7883,26.284512643628016
7884,20.059561599880926
7885,23.224031819867726
7886,7.679239862375889
7887,18.312703051100222
7888,13.328321848000822
7889,13.708636939591921
7890,27.040464643924693
7891,31.327748081464108
7892,19.04790600184037
7893,35.99889920960039
7894,21.233162103556605
7895,21.33614713554221
7896,23.557122688261227
7897,36.635977905604896
7898,26.505083200188917
7899,13.975651734335806
7900,35.92131772437672
7901,20.411612512701804
7902,23.218577937953732
7903,21.150029947856073
7904,24.843822494490155
7905,30.257206457928376
7906,22.484531761589572
7907,32.235948393116914
7908,29.389269157149325
7909,35.50427957442976
7910,22.388558262627384
7911,16.23475254132127
7912,10.96134769366195
7913,22.65854383535115
7914,31.967289993483494
7915,24.74519458685225
7916,12.259395650967377
7917,5.244339328493799
7918,33.15021922214295
7919,28.721420571554198
7920,12.785634758177114
7921,36.06195966815549
7922,15.501682606409325
7923,16.42648074660349
7924,14.572899972931289
7925,9.44134513305644
7926,25.417065848131433
7927,17.65303633061345
7928,14.250794937644262
7929,15.865291245516786
7930,24.64721270217524
7931,35.95948131248923
7932,20.87273962623715
7933,19.783825222975043
7934,22.473883792265006
7935,23.870626341762645
7936,9.434139610891007
7937,10.377470042471883
7938,19.666242075384595
7939,22.377787127061744
7940,10.021254839269293
7941,17.884283533624536
7942,12.383652203049362
7943,16.831807991431013
7944,30.359329062392003
7945,23.63636441057614
7946,31.39898342276097
7947,14.227763242841629
7948,19.948125206265342
7949,14.174911834044238
7950,22.333550498340443
7951,24.07803197290605
7952,25.132611716170096
7953,25.716938765632374
7954,24.24653278098653
7955,12.021250177076944
7956,31.376551948509668
7957,28.977815455752484
7958,16.555742142244654
7959,18.16009335740854
7960,24.530475742894616
7961,24.841552370966063
7962,9.733799937134458
7963,25.451921170113017
7964,23.328824480955532
7965,26.995916148586844
7966,29.281605427140114
7967,11.916041024886528
7968,31.63118905362614
7969,23.850718607986387
7970,11.293702010270515
7971,13.10993319240611
7972,16.556280707974175
7973,25.441290030903012
7974,22.849793839230685
7975,28.793529986764018
7976,25.54228505960478
7977,18.480432308032803
7978,14.08524677726376
7979,23.535409192427622
7980,13.258590954003164
7981,13.12226384802781
7982,28.8253816160979
7983,16.33044213359411
7984,28.663975457118788
7985,16.045826305528962
7986,23.30376299786779
7987,17.359162977654968
7988,35.10381364953247
7989,26.026240826394663
7990,36.90447947919119
7991,13.886850680407058
7992,15.758786913718936
7993,28.889047959597413
7994,28.45030016853058
7995,20.74133015234115
7996,28.91826644180552
7997,16.959929172017496
7998,25.83351981953902
7999,15.207692251445948
8000,28.49834092664893
8001,20.968433671600167
8002,17.108669012690164
8003,27.0307369878481
8004,21.800475301141702
8005,25.394096734823698
8006,28.682766678599368
8007,21.203156448772802
8008,29.265230669641937
8009,8.505042206704058
8010,30.288929125903586
8011,29.62827795440551
8012,38.73097813472566
8013,13.379855069405362
8014,9.426178949104585
8015,33.76075803504066
8016,25.966864752763833
8017,25.673243218197676
8018,24.4025076065385
8019,36.27324562521362
8020,27.57556303286188
8021,24.558584779223935
8022,10.166508011834361
8023,14.146001042489274
8024,9.684206646167429
8025,35.610284875259666
8026,23.09911751807965
8027,13.075050360162544
8028,33.95167067672645
8029,31.575051481715526
8030,28.11377102354087
8031,25.544539797065056
8032,24.77070231572447
8033,11.131580021438472
8034,24.790456707798732
8035,8.788020179155875
8036,29.68681802573409
8037,24.13518490958191
8038,17.347278386435832
8039,29.509214942733813
8040,18.58821246205532
8041,29.720829839019622
8042,16.855566774429786
8043,24.540196675361244
8044,28.021138362397743
8045,23.07662704060988
8046,20.06086420196622
8047,24.680233802744404
8048,26.247957841313973
8049,3.181970794476202
8050,24.19557740339371
8051,23.300309742569546
8052,17.975610351699245
8053,13.928770757484703
8054,29.06922802143533
8055,21.84787599061832
8056,19.525325017530506
8057,20.970022033701298
8058,22.8811152653618
8059,27.475442050259403
8060,34.32937840537033
8061,19.90205874657703
8062,17.224145019113248
8063,27.797231995765273
8064,6.958939173269535
8065,20.6612864836924
8066,23.686318175935302
8067,36.51224253194019
8068,31.347561054842696
8069,28.547413875279993
8070,21.597263798264304
8071,27.31617655209282
8072,21.93400076351844
8073,32.2696909639509
8074,14.568193536566628
8075,26.830213630549853
8076,30.86206952843864
8077,15.363086568751537
8078,24.251393288993615
8079,31.34435486293561
8080,18.952442727382177
8081,33.20445628066903
8082,21.912989471653546
8083,22.95828988851486
8084,22.763780165138932
8085,23.879759854312333
8086,19.147473559967295
8087,5.400314485577482
8088,26.064253790669525
8089,19.035305281267192
8090,23.066525563649634
8091,2.813422867541405
8092,18.315884582591448
8093,21.334774836116903
8094,19.575761257886285
8095,10.556625335325302
8096,11.298131722524637
8097,12.704919066387147
8098,24.332427149751837
8099,25.36780375432302
8100,26.375677649614133
8101,33.98113216936833
8102,30.586508493972083
8103,20.75301375154679
8104,20.58378174324922
8105,24.836687118122946
8106,22.072628152184173
8107,9.632055348585926
8108,19.758994797780662
8109,23.25342455401814
8110,13.23820996546564
8111,17.013630375935463
8112,19.637837257233286
8113,18.222467283405663
8114,14.407609779459326
8115,30.35661939016901
8116,22.40857272649339
8117,17.098792560601026
8118,29.555962806308237
8119,16.459378732733608
8120,13.756391575389014
8121,15.166407026196733
8122,15.083540473150464
8123,8.57210851595776
8124,17.13864484588251
8125,8.616499526442428
8126,18.97396077837514
8127,20.02457331154387
8128,14.981962913630824
8129,34.85400465563238
8130,31.025301656353072
8131,23.64691455160698
8132,29.836009305293942
8133,17.341221038949435
8134,11.12518142311685
8135,23.924075857058067
8136,10.501911464967671
8137,36.40487209420887
8138,11.419190603851982
8139,28.805756931426735
8140,15.940713231989024
8141,15.688994799644153
8142,8.751000999382677
8143,25.67732139425948
8144,21.63744635605225
8145,12.64191993851731
8146,33.3300061632394
8147,28.24253171023611
8148,15.645614859078236
8149,24.187340734074674
8150,27.478823858202787
8151,25.093151706161052
8152,35.67438748177816
8153,24.9986033131898
8154,25.16659389637729
8155,26.392947221668862
8156,25.557510728122733
8157,14.40857828251744
8158,5.316585534552502
8159,21.94842426261738
8160,22.14370786599253
8161,28.521483584944406
8162,14.009221155989978
8163,33.718015663753576
8164,23.14804194657249
8165,24.647411431779943
8166,18.357942475233948
8167,16.6779540697942
8168,18.270924911299375
8169,19.10164068634503
8170,18.32200517855209
8171,25.66998296283059
8172,25.439292354136946
8173,22.01360783659542
8174,12.595805365977096
8175,14.318402546765665
8176,22.683060642835457
8177,10.232434508851092
8178,18.477946053591833
8179,27.10039932652124
8180,14.947649166198548
8181,12.585485415149666
8182,10.829448212604483
8183,14.08110349887227
8184,20.15310286938706
8185,39.37578039911428
8186,23.184941943129463
8187,22.014229592753075
8188,16.45355007093425
8189,24.39692596928419
8190,13.654031556260986
8191,21.66737236206839
8192,19.34319629370565
8193,16.25903373008299
8194,38.61289005454306
8195,23.51334362207408
8196,23.946320136261164
8197,32.74441019683624
8198,25.084705983674063
8199,31.58553858499757
8200,30.444005478404677
8201,20.894705068801226
8202,30.81113675485728
8203,4.233726150482502
8204,28.73200799813514
8205,26.050177578178975
8206,11.386600973221356
8207,0.8148824016001095
8208,13.916712209391402
8209,25.033953424890974
8210,35.57313646226678
8211,31.101746010971823
8212,13.084383556569207
8213,25.42802058172642
8214,23.94367155322552
8215,32.08699380013912
8216,20.26755992649821
8217,15.72225329494824
8218,15.360654057440122
8219,22.695838597792026
8220,19.513352913727267
8221,22.113667259921087
8222,30.2152721696106
8223,26.307994439042908
8224,17.539036137331774
8225,22.833172712085002
8226,10.600445654435546
8227,18.24817408157555
8228,20.10749426683347
8229,20.49298163026375
8230,18.997137908904023
8231,25.41986623748301
8232,18.074297551114405
8233,32.56373657789327
8234,29.919654836298065
8235,26.93300962628171
8236,24.804551747019204
8237,33.75322471650442
8238,16.317861099324187
8239,19.692247328100066
8240,26.630234568536956
8241,12.732795518112807
8242,4.833091836460625
8243,22.879814946458996
8244,27.826849094550134
8245,24.139599073653457
8246,20.993980196137397
8247,26.96748109043068
8248,28.757592117811186
8249,19.80959912161983
8250,19.98766213783856
8251,14.706763972959354
8252,19.4209440045244
8253,14.86684506197436
8254,23.1378302371178
8255,35.26664665041939
8256,21.05079737981631
8257,27.859719648676986
8258,24.2888840807424
8259,18.278745597945726
8260,21.76601725864322
8261,34.69284484627537
8262,12.880630380912475
8263,25.19833839632218
8264,11.992417159007353
8265,22.84396077911461
8266,21.784439337851225
8267,29.726302973726497
8268,20.07198706116982
8269,24.918117386401576
8270,25.723492505621508
8271,21.982547982976303
8272,19.07585379948285
8273,17.074774486938608
8274,4.498137197062539
8275,17.17392332134588
8276,20.874356834577497
8277,27.707242319388342
8278,39.187419587704284
8279,9.391090042569948
8280,21.078140278596866
8281,12.35811306578513
8282,27.560183716690386
8283,17.494118812508443
8284,36.22676395853599
8285,33.6230110387337
8286,16.261348726931345
8287,29.745429069514966
8288,8.782111959221861
8289,29.121404511644492
8290,15.303142580961222
8291,22.17219318832829
8292,14.149017916928027
8293,30.175050458758
8294,23.265170067550656
8295,26.487311261431813
8296,29.004582371826963
8297,25.125409967614132
8298,15.42371276772667
8299,18.735078671974044
8300,28.428717724606884
8301,17.66684978015419
8302,23.219800334930525
8303,36.094250183157776
8304,15.981618952868633
8305,14.19948128866186
8306,21.48980208048657
8307,31.621121594139705
8308,26.065801252859398
8309,30.151036521834087
8310,30.86005018384433
8311,12.040005181494816
8312,22.731870219912363
8313,28.900532811850866
8314,21.540307977451647
8315,20.587312979257142
8316,27.53177312865755
8317,20.550383717417464
8318,20.72214539503805
8319,10.051279563525139
8320,25.2601485024313
8321,31.095918234619532
8322,23.557314894656624
8323,11.593714832125071
8324,17.95766594324469
8325,28.40266937970968
8326,22.156561351488225
8327,16.24680178570394
8328,23.732448201790955
8329,36.033139324286026
8330,25.438910830855498
8331,18.841123841542746
8332,21.174051275760455
8333,24.707801327545326
8334,22.935556195894552
8335,23.958982792513464
8336,15.618208466889428
8337,21.71938798253494
8338,26.029359964285355
8339,18.713834925634472
8340,12.357582816041646
8341,23.83418517687002
8342,24.648953523916475
8343,8.893463926804188
8344,31.107337284424247
8345,30.63630619954883
8346,18.371435976728993
8347,12.069569533475772
8348,15.502622596225748
8349,27.611091760568698
8350,13.806046005812174
8351,12.693762640740607
8352,25.591889620934808
8353,6.098476230849984
8354,35.49096569525161
8355,26.704169406397526
8356,6.053411414039157
8357,21.994867662108664
8358,29.130161248967696
8359,22.060796077810554
8360,21.28913249011915
8361,20.802200950425462
8362,15.230251214782985
8363,14.499879139074281
8364,10.915281528494589
8365,30.08543421432468
8366,21.170426774419
8367,27.1126710967486
8368,19.272486713120546
8369,15.47336680184852
8370,9.082432803247007
8371,25.087329265711638
8372,26.333529564186257
8373,22.799971475201023
8374,25.721662352694267
8375,19.910381058320056
8376,12.760345251478293
8377,15.192519341310945
8378,39.767027516002116
8379,32.069679877611705
8380,24.71887562236473
8381,23.500016253569118
8382,18.696294831756155
8383,21.912888614436287
8384,17.260867604732837
8385,24.080145461223772
8386,23.23079194369183
8387,16.617525822574702
8388,23.776345730296235
8389,26.085038552543015
8390,13.430075696549622
8391,39.07111091939714
8392,20.397473267097197
8393,29.473620716561303
8394,23.939988036154006
8395,25.712129728813434
8396,25.97798660393213
8397,17.72724965899478
8398,14.700148814500334
8399,15.34045033749852
8400,19.95493166498178
8401,20.03785863103731
8402,33.19842750508116
8403,21.149067288999515
8404,15.484404494871441
8405,9.922300172436495
8406,27.94825216990541
8407,12.838952879007277
8408,6.964320952293026
8409,9.795148277304884
8410,16.598010705422762
8411,8.952837002936363
8412,20.17872629806633
8413,15.071159898091409
8414,20.069383121009427
8415,31.896945384665297
8416,21.0224302883554
8417,24.103365384054342
8418,22.51661973295367
8419,18.574100316046966
8420,19.222135857975715
8421,19.598906459993685
8422,10.662187538525405
8423,21.52142717721333
8424,27.658469031819685
8425,21.90368530663317
8426,19.94251256231948
8427,30.56644660988116
8428,22.851618730506413
8429,23.698946039780463
8430,19.471851224222323
8431,23.07405497095956
8432,22.99694420629986
8433,25.39979729263599
8434,15.52628354347338
8435,35.411580445003494
8436,26.628044128622562
8437,19.88116640798054
8438,19.390705611820025
8439,21.486857982688235
8440,25.572354978104272
8441,21.55052909348465
8442,23.69784659091654
8443,30.54366215024774
8444,23.730515968928007
8445,15.52810669530165
8446,26.97049121263199
8447,13.071975853856184
8448,16.211090911185764
8449,26.045623348268144
8450,19.112179679596537
8451,12.389948121183991
8452,23.69048100610459
8453,18.865879974162876
8454,20.666581444577318
8455,21.759012767402297
8456,9.639238903364372
8457,19.792670489033775
8458,21.264322323336103
8459,24.339586829802915
8460,20.746961405268692
8461,16.36533522168926
8462,18.240943422349684
8463,6.906123171649655
8464,24.041865746597395
8465,14.064915962369767
8466,21.971029526627085
8467,24.417427718685815
8468,27.316114363003564
8469,15.179167005724572
8470,17.41251971230134
8471,20.521114231484415
8472,14.404170812963486
8473,16.625322541819454
8474,28.94394066354487
8475,20.688675930593586
8476,11.466880048474268
8477,29.187859492409785
8478,31.307359049613616
8479,21.818126673517348
8480,31.60020459608297
8481,21.862254282936785
8482,23.336982873921162
8483,24.480388962250885
8484,11.243550551661507
8485,15.960538286053865
8486,8.933272911708157
8487,31.47968708207938
8488,37.19430942249889
8489,20.78038299141938
8490,6.953362271017003
8491,24.28925978546897
8492,20.163388359359587
8493,29.14756629405489
8494,21.683801700138957
8495,23.81167931192471
8496,37.80861646368133
8497,33.16684494655681
8498,19.584744870874186
8499,19.459046358907525
8500,13.866542644323443
8501,23.38322408340587
8502,9.165914318086354
8503,20.37819470087806
8504,6.719378173889382
8505,33.029332947030284
8506,10.641884068639511
8507,25.34290010902163
8508,23.127714228948957
8509,21.236034172061917
8510,34.909886994684136
8511,24.27656502720224
8512,22.986132098853904
8513,17.625487764474226
8514,15.58065664616588
8515,27.753185162055356
8516,16.354409355712846
8517,26.79369645306324
8518,23.422742863104386
8519,21.464423172844604
8520,15.565001703197085
8521,19.44627201573023
8522,17.055884993674084
8523,26.36235118931043
8524,14.60006183873574
8525,20.517825098409258
8526,30.302757817692395
8527,35.73627702616596
8528,15.292535300762538
8529,13.439548886845603
8530,26.61457678752836
8531,9.936180316193742
8532,15.215883714233392
8533,21.95558390241534
8534,13.103863839318786
8535,18.77771666928203
8536,20.300516616957328
8537,28.932564569680046
8538,30.566165292140656
8539,10.660321352746958
8540,4.723722472267635
8541,25.517799019789393
8542,25.448250651483818
8543,19.256820243873285
8544,10.260173128967736
8545,18.578007844070473
8546,10.944363973179021
8547,15.179019458076851
8548,13.888874549679233
8549,26.67154891829547
8550,34.52505343189326
8551,16.197120838481574
8552,26.922141866416688
8553,34.237208724656966
8554,23.662060336008548
8555,22.948268391648412
8556,19.880739911754603
8557,23.19083754083598
8558,27.403807571383844
8559,25.960831219222314
8560,27.552414406789815
8561,31.630355669932456
8562,24.260742801495546
8563,16.91121960019076
8564,21.56179502445606
8565,24.90295631841485
8566,19.882808082654076
8567,3.680245601555664
8568,28.522019158701482
8569,29.73265866250661
8570,32.2766742281613
8571,14.562273644229442
8572,14.692318619340206
8573,31.845477832270216
8574,19.547511904523034
8575,25.094019577424646
8576,26.28699913095511
8577,26.998880213274287
8578,24.316151584710397
8579,33.21976970656838
8580,7.325568559343726
8581,28.363432741723333
8582,18.40270229038743
8583,29.853285108502387
8584,33.44705906832133
8585,17.92522281821644
8586,30.69386789507676
8587,18.42340842758658
8588,21.358260702244298
8589,6.185101054581249
8590,26.976941952285987
8591,28.154231418551632
8592,13.05338400194247
8593,21.610888839748547
8594,22.384037794325412
8595,28.509418070010142
8596,25.916593429069923
8597,29.69285432972673
8598,26.056703842063808
8599,17.089486507849138
8600,8.83285512917395
8601,21.861709438286496
8602,14.360641661487476
8603,34.02326627963353
8604,30.23534305429255
8605,21.10681366706684
8606,17.720172183546126
8607,7.469998360562691
8608,13.209369636253628
8609,28.128331414340117
8610,18.286689164487736
8611,21.117347056828564
8612,29.708161805151207
8613,17.538845044622658
8614,14.506907607991248
8615,17.99290985952127
8616,18.054457474922277
8617,23.283120547666382
8618,10.11531835880033
8619,27.683215779452226
8620,21.56536287832366
8621,22.328854258335536
8622,8.719259701134183
8623,11.029791186176233
8624,19.31790759407575
8625,24.850206530514463
8626,24.25608827093719
8627,18.155914056968633
8628,12.54215132869565
8629,22.889568247812782
8630,15.512873632882753
8631,31.03181960063445
8632,18.334411303534466
8633,38.591610218878905
8634,13.519396688543466
8635,32.29466544420441
8636,18.343545076741286
8637,32.665942773950526
8638,24.969066529833686
8639,34.199375539691644
8640,30.138630856984214
8641,22.265041073277782
8642,16.716070580705974
8643,11.328753048645801
8644,29.482453682289965
8645,24.18629610302724
8646,21.042549615065752
8647,27.181146339703716
8648,17.820059505978662
8649,20.442430158168573
8650,5.529993041315136
8651,25.59970209991245
8652,23.453799716310314
8653,32.21203119123701
8654,11.31354021458046
8655,22.97868366628549
8656,31.933808820819443
8657,31.360932837403574
8658,35.92035519827984
8659,8.60187007563109
8660,29.162008983278916
8661,31.760626201857114
8662,32.117671935155194
8663,20.170244867683664
8664,18.065758736826655
8665,20.529746454062266
8666,7.813044843841006
8667,23.734759747316843
8668,19.39220960730739
8669,7.76619737849133
8670,24.358720145822783
8671,22.12438775551594
8672,29.883686128857043
8673,16.175451882143786
8674,24.207388595686297
8675,25.5391126968092
8676,17.77671258019035
8677,7.555500043549075
8678,25.621993312895874
8679,22.20766309504589
8680,22.908396192209032
8681,21.8973911818928
8682,24.92575120413496
8683,13.262378997272087
8684,11.490606885688244
8685,19.07449586994214
8686,18.307047075190262
8687,19.510009247134192
8688,24.751590472109555
8689,20.621837686878298
8690,32.88194403806351
8691,15.697144076825392
8692,24.2877292650646
8693,35.16937154072742
8694,15.395164028390077
8695,29.14214727218706
8696,28.806606407609735
8697,22.946063038127612
8698,23.1321563504183
8699,19.418833602677992
8700,31.11667987919455
8701,17.721874402779644
8702,22.343145032639097
8703,27.486065510924632
8704,19.906643106270714
8705,10.299914793674114
8706,32.810763507181385
8707,23.831477175144585
8708,14.714474673079973
8709,27.29191422147973
8710,31.630922765713226
8711,22.015859884085557
8712,5.133256422214851
8713,30.74358905251253
8714,30.408856192534124
8715,13.83807320986142
8716,29.56978245732742
8717,22.015988736429684
8718,20.941771977826185
8719,21.568514876924723
8720,15.179595000829803
8721,16.904858449851318
8722,11.550099316800623
8723,8.091246571255468
8724,17.752445069954085
8725,33.14104520701976
8726,30.52255575783201
8727,26.294865888068063
8728,39.746270571531106
8729,18.52013823183775
8730,22.474295623651773
8731,24.492001289966183
8732,29.63783397654548
8733,6.2449630194151595
8734,14.542237172920247
8735,7.653360007149498
8736,30.870086436606407
8737,12.002609513736775
8738,14.502843612899635
8739,17.02196715668522
8740,20.994890125845224
8741,11.205303818856175
8742,28.549007103467723
8743,22.565671534944393
8744,26.929660140767893
8745,9.787658920732419
8746,27.894299230422746
8747,17.777079512735856
8748,31.28718125266695
8749,15.093124105767094
8750,15.768645092540543
8751,11.738048388303973
8752,31.625502650524897
8753,29.01150116216165
8754,15.68703114249863
8755,26.220725731722432
8756,16.925858108091656
8757,21.36471232588795
8758,18.979304774185813
8759,24.62040019162544
8760,34.31604889434693
8761,12.787538526808813
8762,15.238800843776858
8763,15.400551099264254
8764,29.00459445231578
8765,20.195139921325346
8766,40.91216175596719
8767,19.83834213799983
8768,26.849370878755785
8769,25.870642895187387
8770,22.67289518121803
8771,14.408736628806384
8772,14.44519971203692
8773,12.87859211346128
8774,20.96236597448983
8775,27.040425862849958
8776,7.0527829576381365
8777,30.452222297444195
8778,37.059722392096276
8779,28.57355161367721
8780,35.130556517071334
8781,8.50246238831467
8782,18.50592111161201
8783,16.382704382574758
8784,6.77934755379957
8785,28.657218195822136
8786,25.559499840257367
8787,17.62290875687622
8788,32.82659880529376
8789,6.561243661871989
8790,23.74963421873727
8791,33.60074468703764
8792,21.97754935484449
8793,27.023383644986463
8794,19.9784401833222
8795,25.72861772520654
8796,13.417082149061574
8797,11.82350025643214
8798,24.165544229044414
8799,21.900965203247264
8800,21.643541229786578
8801,14.549741208842804
8802,13.959611945924031
8803,19.559706025371327
8804,13.004151841471542
8805,22.41505367995053
8806,14.374642540557131
8807,7.488119525346425
8808,23.17156938658713
8809,13.865019602298108
8810,15.316443258603558
8811,17.211222027197472
8812,17.74992697893977
8813,36.260875368489636
8814,33.7783939076444
8815,31.944916032213406
8816,21.260130742048624
8817,15.047996337782196
8818,27.2593279305135
8819,26.956765870456472
8820,34.191719490196036
8821,14.213638450947057
8822,18.699637235785254
8823,14.221416082218195
8824,9.03806191925622
8825,25.816985598021148
8826,16.747206780641598
8827,19.12843949547242
8828,15.775302259210811
8829,21.697566154121137
8830,18.26198793635521
8831,8.155585676979511
8832,25.095985085346665
8833,16.47875937191225
8834,21.833438774940515
8835,4.6636409940754024
8836,26.476783074544173
8837,16.97145488950581
8838,20.521429312426534
8839,28.500315662865837
8840,19.133973822961977
8841,7.690203665152598
8842,20.859673510643148
8843,24.5739854837707
8844,29.144269741741397
8845,14.373262416503664
8846,29.555666595295257
8847,31.822636796363163
8848,30.301402720769037
8849,13.01524297205832
8850,20.122346481246282
8851,14.605523296458042
8852,16.324007273963243
8853,17.74824619864996
8854,17.441106635013377
8855,15.663352385714266
8856,8.455210710056049
8857,21.43743197625907
8858,22.47493749451664
8859,12.508021220380563
8860,26.196960317597238
8861,27.011330838510585
8862,22.15680781805735
8863,34.03754543229485
8864,22.08866841373144
8865,25.417327291574264
8866,32.92539439811376
8867,28.039843206720505
8868,23.398441574364853
8869,31.016444205482422
8870,27.162968895293623
8871,30.597455596096175
8872,28.078909041252775
8873,30.592688335081423
8874,24.052846949597054
8875,15.2845756837213
8876,35.427271161559496
8877,29.450916832109158
8878,14.028783531025525
8879,34.22571872169277
8880,28.43932244285442
8881,35.61596837515661
8882,22.955096379543498
8883,7.84933999029135
8884,20.702075216372137
8885,25.453752257204524
8886,25.655248315537854
8887,13.90175686436017
8888,11.204058958303948
8889,21.58579637920724
8890,20.649437785120025
8891,22.89573897777842
8892,25.691022823584326
8893,22.64143542731811
8894,11.607119285700701
8895,29.95363566773983
8896,18.31902934509342
8897,23.750562247389848
8898,14.51991108496596
8899,20.782694690103398
8900,28.246392120888334
8901,33.48022506168714
8902,29.98454286556875
8903,29.444217862261752
8904,23.946216001655614
8905,17.42185435657115
8906,24.31597626250182
8907,15.788167198326345
8908,20.355360931698474
8909,22.956297469300267
8910,18.766101516594137
8911,15.926931244897514
8912,24.987693660409818
8913,28.628902740312217
8914,17.54666491071935
8915,18.76345112270648
8916,6.399444712083388
8917,15.96735170876281
8918,26.040495302209038
8919,13.93423566525243
8920,22.636063125403368
8921,16.45803876318011
8922,21.108128649918235
8923,24.951618320173402
8924,20.114655936881206
8925,30.006423352146683
8926,25.35499674278263
8927,31.18899386559403
8928,22.554186836634187
8929,29.07270815935196
8930,16.503849833162032
8931,21.344498601316715
8932,29.816112615202094
8933,30.32777493318053
8934,18.75998064199631
8935,9.119647756736493
8936,13.549637413017916
8937,24.350161977531688
8938,21.20602876501269
8939,15.229489149210973
8940,11.85399582518146
8941,24.02405880929874
8942,22.26997316469488
8943,9.86898871016205
8944,11.554517676919424
8945,5.338779218241119
8946,30.49148483182215
8947,23.542872029667965
8948,28.623386154686344
8949,29.898447238028595
8950,17.547014695604926
8951,18.756440641408346
8952,27.211454576481692
8953,27.046318900889588
8954,17.81499448259099
8955,27.449947783309973
8956,20.021740444586193
8957,23.180972600644402
8958,27.476237750901543
8959,26.86235115903478
8960,21.014582059828086
8961,26.345210199497856
8962,27.873201679920022
8963,24.973612514505227
8964,25.17304227674382
8965,21.153987283113704
8966,19.913600482105938
8967,5.372730329895215
8968,21.22920557192961
8969,2.696260583533868
8970,31.068848761661002
8971,27.5500101819217
8972,17.02958015655804
8973,23.152587302452872
8974,28.280870269255914
8975,24.362550810149365
8976,25.018795046992206
8977,23.388260316502418
8978,26.070219306266825
8979,16.402248132092044
8980,12.774994821141894
8981,14.17415310327767
8982,30.088115050612707
8983,27.04602598864382
8984,16.80717259386055
8985,12.840660103775509
8986,13.423599484786322
8987,31.556518788073507
8988,22.163579293717472
8989,19.11044455010531
8990,12.11949079339119
8991,31.039280310224328
8992,18.437653838349686
8993,27.100178059814876
8994,26.026793097268342
8995,23.95870136147952
8996,20.342408436919605
8997,19.078494259485748
8998,24.809362291529816
8999,9.660134507301649
9000,30.283677924579155
9001,14.43275944979698
9002,25.378759297867276
9003,20.37050033662451
9004,24.473753040127015
9005,16.71300828484803
9006,30.077883060105897
9007,15.468262547808596
9008,27.481504889481936
9009,26.405713205858312
9010,11.2970275894789
9011,26.04098448541032
9012,33.0224626693431
9013,31.299362392560596
9014,24.08828795851182
9015,22.24236558763666
9016,16.07862078054554
9017,27.314856027425222
9018,9.324408016749514
9019,25.986182120300242
9020,17.549055317387896
9021,24.272624820249685
9022,24.79370109551179
9023,40.8100865653484
9024,16.513918062858536
9025,27.77978321195095
9026,30.758477693875122
9027,23.242326610932633
9028,32.53053103014771
9029,29.997645883223946
9030,3.7317715089545036
9031,25.57118492690195
9032,19.069354400125697
9033,11.873907419560185
9034,4.798572268575692
9035,26.67274693388319
9036,12.165221007600106
9037,10.504260030480179
9038,25.762568865306015
9039,5.879910208749944
9040,25.7353341859724
9041,29.263820463837163
9042,24.85289314945128
9043,32.710878884424105
9044,39.51165831387637
9045,23.46528009481441
9046,24.791759999268173
9047,16.557105283073103
9048,26.188619773958507
9049,16.90418768427318
9050,22.915414841870504
9051,19.391950050493513
9052,30.810135632324858
9053,21.882863441818863
9054,19.0190827202578
9055,10.189634327027653
9056,18.270209256484293
9057,16.539823267656374
9058,13.301004450219551
9059,20.508201711239987
9060,18.144443048174107
9061,34.40183913083611
9062,8.832605037837048
9063,15.270590324398734
9064,32.62078913355375
9065,35.68155161122148
9066,22.763110200043908
9067,17.00250538714871
9068,26.37569700796942
9069,35.06019537021946
9070,24.988895033015822
9071,16.783656332237097
9072,18.322332801131083
9073,17.57027300635917
9074,29.17011146647321
9075,19.04932213884008
9076,18.552005289900386
9077,17.21149314025938
9078,25.64117011076892
9079,30.80376004875874
9080,7.367679319123892
9081,12.045655119528448
9082,19.817518872097803
9083,29.857937248215073
9084,19.22700429993346
9085,21.327660853809967
9086,29.953636827299807
9087,12.040684566552043
9088,20.361422619533638
9089,31.009466056591393
9090,8.248935365897335
9091,24.008297176174587
9092,14.334661155344874
9093,15.5125590900263
9094,23.263224956588772
9095,22.65357831258947
9096,31.855335333198106
9097,13.197268403858523
9098,17.88001177029357
9099,35.48931405871382
9100,27.733647205751176
9101,17.364683565074845
9102,18.849979992574543
9103,26.133454623498192
9104,23.357462860132326
9105,25.18320848067797
9106,18.671491683616242
9107,24.930555694794432
9108,22.24945119789218
9109,18.673250468560337
9110,27.063998492599634
9111,16.996056670634434
9112,34.610499591708546
9113,15.326131713380851
9114,20.478580016328355
9115,16.300582107136744
9116,25.12882164861248
9117,20.280979322468667
9118,22.343869449023998
9119,23.080252307209026
9120,18.134132018103617
9121,16.194209552428127
9122,16.966944189244355
9123,24.243076146166153
9124,23.03955275101699
9125,30.31186118887294
9126,24.725411850113623
9127,25.546584953728882
9128,22.62465910642294
9129,22.977668387048777
9130,20.56489395141613
9131,11.620164765671262
9132,25.960140555008568
9133,17.11543992353848
9134,23.4572548095611
9135,20.138432133787255
9136,24.05046880283423
9137,24.96609764828856
9138,21.341162802535955
9139,27.993649856493313
9140,17.944302661853097
9141,16.55908999943668
9142,17.575195799266503
9143,13.432641041035463
9144,17.606350862841563
9145,21.178420862888576
9146,35.488603049497826
9147,10.896819632457282
9148,13.988621506010896
9149,34.46668711373227
9150,34.907381597286914
9151,14.157682818870473
9152,30.139110487543938
9153,11.239770928470751
9154,12.966105967416269
9155,15.106713987925218
9156,27.860335723318606
9157,25.509889334706678
9158,30.422002753800903
9159,26.887174951931577
9160,21.385289358523433
9161,24.335379673869483
9162,15.12471618129235
9163,25.13539961797502
9164,21.51450244511887
9165,17.148504927802744
9166,10.575448318906147
9167,28.219032090248984
9168,12.72055299166205
9169,17.43482198950736
9170,14.509452151151397
9171,26.88166831987409
9172,30.401099233222066
9173,23.37568246921654
9174,14.602454219671383
9175,29.229080581998225
9176,22.845944174717545
9177,28.176009937321083
9178,28.967675433037336
9179,4.748989051053023
9180,14.183682606051562
9181,17.218521240961
9182,27.40788442003982
9183,26.54118535303799
9184,21.28071654832079
9185,29.159991577755665
9186,25.447599666625155
9187,21.658957176632057
9188,26.24146608955889
9189,11.11472520205047
9190,18.269461958986156
9191,16.407189838186277
9192,12.891598651572705
9193,22.104870286925124
9194,23.655656864550664
9195,35.98886090613455
9196,11.418459717988092
9197,7.839981251761893
9198,12.686551922350214
9199,16.864951915050785
9200,17.91031875791716
9201,20.32321227860491
9202,26.214045774530156
9203,30.400416374969517
9204,25.529981131830837
9205,22.322566978693924
9206,33.00501454467392
9207,31.032019784508343
9208,17.315946977972896
9209,12.134456861838828
9210,18.233033921363162
9211,26.882297470455676
9212,28.032771056442158
9213,13.521247415727725
9214,21.97659473328731
9215,23.103822771459832
9216,8.979612885197815
9217,14.96375698278668
9218,20.850721281896508
9219,34.07464366497824
9220,31.083142206478513
9221,21.57703748116247
9222,7.877220610271653
9223,15.238582349314443
9224,28.432719867175162
9225,18.37902548796962
9226,7.3232535199692474
9227,23.491290390346936
9228,12.487705091917494
9229,19.44528269146707
9230,24.2674004766522
9231,9.745162437822447
9232,25.554369307588253
9233,15.274024119587839
9234,29.579731426933694
9235,21.242536895843703
9236,27.86022372842367
9237,16.751505962445066
9238,17.163071936069542
9239,26.26395877658822
9240,20.0512584187143
9241,19.497379125027653
9242,19.293263662253835
9243,29.070684751938508
9244,8.895238007262009
9245,21.79459122402349
9246,26.95677550132871
9247,18.15943981398415
9248,28.493745682383885
9249,6.260868982504435
9250,27.857268082633503
9251,26.20566866232874
9252,31.28122871483686
9253,26.638606279947524
9254,23.059492778164042
9255,21.64901593818795
9256,19.043687701795218
9257,13.296719565804864
9258,6.18087291920932
9259,22.17172957476377
9260,22.45016300422361
9261,39.4280835551273
9262,25.48411872815688
9263,32.17135134541926
9264,17.85638629552829
9265,10.8262124170578
9266,21.165522295626175
9267,33.28165914472832
9268,17.12749867486383
9269,18.6599812959462
9270,19.14033888471377
9271,36.83673169237112
9272,22.520327937025627
9273,32.84474237885212
9274,11.274492073909547
9275,22.173835715623397
9276,9.447150521579907
9277,14.223403061037672
9278,21.602644449976136
9279,13.975218116199116
9280,28.01375279300673
9281,17.2302082469798
9282,23.271845747844118
9283,13.301951315189292
9284,13.727113799748341
9285,21.399663474701285
9286,15.494163826133335
9287,5.82049114465585
9288,18.968553772805556
9289,8.956740223007005
9290,24.118656640810585
9291,13.380073778675118
9292,10.905902855571899
9293,23.503417995905238
9294,16.826494436432384
9295,8.237060320926513
9296,33.92095374643311
9297,35.05528160959583
9298,21.85252972392917
9299,21.482798945552805
9300,20.611301758915857
9301,9.412099448413468
9302,21.922047853969502
9303,24.084631898385762
9304,20.495650464550316
9305,13.462101585185247
9306,25.274839432738105
9307,23.28946000084968
9308,23.77489522124791
9309,13.191970771674377
9310,20.027398894144774
9311,20.13906999542487
9312,22.088011828608856
9313,17.14981457475411
9314,17.378140461297384
9315,24.567888504529996
9316,26.0098200346822
9317,32.26512639841196
9318,21.61639263763692
9319,14.724049119367695
9320,19.376511455783817
9321,18.147551367506427
9322,24.876726172061655
9323,30.35883156788087
9324,29.108657456279097
9325,18.902089441649295
9326,23.53331843346837
9327,25.97617264722244
9328,12.991461545493895
9329,33.029012267832194
9330,25.410991663590877
9331,21.347114392218487
9332,13.530056470367196
9333,20.783336988127346
9334,14.935827861932665
9335,18.43329626511119
9336,28.67869302896238
9337,15.748119987514169
9338,27.171920763616598
9339,22.00016518833017
9340,21.217262938461328
9341,14.253230460529986
9342,20.750984565011944
9343,32.97065788722312
9344,20.99307996890266
9345,24.483864547949473
9346,24.322714849798174
9347,16.975933719913126
9348,23.127362116758587
9349,18.327322830190436
9350,32.66852866066401
9351,24.303903932081894
9352,22.331894710869324
9353,9.83837808622321
9354,18.135811243216423
9355,27.206757343285453
9356,17.482273996167894
9357,34.838034263039276
9358,20.831776387445455
9359,30.258809525104834
9360,32.21276410603669
9361,24.999646800668284
9362,15.3615766258498
9363,32.22897131244948
9364,20.0890343306524
9365,9.330936581188588
9366,29.20045118403924
9367,20.53455152681824
9368,22.62297674801077
9369,20.391837714818404
9370,30.34704148647416
9371,13.738711448470923
9372,26.437965810972397
9373,33.06644077331775
9374,22.582126135937752
9375,10.869754877065965
9376,36.07374012414109
9377,24.234459183094337
9378,25.92917787601153
9379,29.109125978223624
9380,22.438920042160536
9381,11.449566491230367
9382,31.933768936979575
9383,30.53797408822782
9384,25.393002669008116
9385,19.44465472593574
9386,10.461827863144743
9387,21.912054753319502
9388,28.69585202350287
9389,23.960136531452022
9390,21.50381801527601
9391,24.82230694101296
9392,19.004507566164456
9393,3.6649838657686713
9394,28.609890834064004
9395,6.612620378415482
9396,27.013781520997092
9397,14.590584983783142
9398,25.774340161596577
9399,7.527760384455611
9400,25.500735537341058
9401,33.533033721371
9402,20.02124900184905
9403,25.579064947240767
9404,25.22530437421566
9405,30.219009247594403
9406,14.548094510295394
9407,29.544994336777425
9408,17.8647867130477
9409,30.38744326527846
9410,17.11297981087335
9411,21.497551522508168
9412,20.830414208720583
9413,23.622847521049362
9414,26.672583734282675
9415,22.458192155502452
9416,15.474956025295675
9417,18.082751172712733
9418,12.154738751069328
9419,32.12505931126387
9420,31.249361468377803
9421,21.379055670680692
9422,17.310488966458184
9423,18.926400516236484
9424,19.29970754552812
9425,26.766535384442733
9426,42.47035944552984
9427,15.455207118791584
9428,10.518363381202171
9429,10.172834958047826
9430,20.597215946516215
9431,16.430132177608943
9432,19.85209572686813
9433,17.29964449232088
9434,9.421509693487849
9435,23.76250255163257
9436,12.641469737536314
9437,32.334325738035695
9438,25.95404810383029
9439,28.726831896655398
9440,21.33163544114138
9441,32.36485291462696
9442,18.56925202346455
9443,19.49371520031184
9444,28.30213598912524
9445,14.686667155518068
9446,29.60556908169795
9447,13.281700854736789
9448,3.304576798498661
9449,34.94203528982891
9450,27.643108214150857
9451,21.998895830991287
9452,24.03268937766346
9453,15.141262645999962
9454,16.748897940650593
9455,27.591329531678017
9456,27.479460125266478
9457,24.50644818075545
9458,24.7369314814335
9459,26.291247631674864
9460,22.901334384847306
9461,24.009638471049904
9462,12.819918002729374
9463,18.670547720032925
9464,20.022811872343233
9465,15.975446759081722
9466,25.362591845305396
9467,14.832429333339277
9468,23.300387693407973
9469,25.97519333712485
9470,24.225517320310004
9471,18.61213295417246
9472,33.74451304347154
9473,29.19361093051507
9474,10.201772854052242
9475,23.579984063320925
9476,19.19559666675297
9477,3.6100335490549655
9478,30.679592210929393
9479,29.924042019780586
9480,14.617409633002724
9481,11.392192400118354
9482,31.79890874554752
9483,15.560224006920961
9484,19.472767474016663
9485,30.945213598357363
9486,11.730109683521452
9487,32.452706294486816
9488,27.445315430071727
9489,21.744288018255904
9490,19.084998079789816
9491,15.156475792610326
9492,35.79532106414612
9493,12.126537209519737
9494,29.273636699852496
9495,29.935653644603576
9496,18.647991399596087
9497,19.77421001991382
9498,21.333739459327056
9499,26.51603128478293
9500,20.036749531915998
9501,31.98898962216432
9502,24.40324961448262
9503,11.875385735078574
9504,21.9069272027738
9505,30.455450176150286
9506,23.837700114801212
9507,30.167244096106906
9508,14.646076277105443
9509,12.080145388960249
9510,20.54945672991777
9511,27.35577623865715
9512,23.203595250403623
9513,11.201066898883337
9514,18.777708308276956
9515,37.17555074814087
9516,28.6171838457132
9517,23.290891891432274
9518,26.185755994544643
9519,23.239556524899307
9520,18.365795362574946
9521,28.91192070086906
9522,29.565661324764804
9523,15.068026080679411
9524,15.396128756671708
9525,22.601538400957885
9526,17.48380613601063
9527,31.618821798094096
9528,15.120322929943487
9529,20.055603221379993
9530,19.49762389124846
9531,18.016979913746255
9532,21.67965054304824
9533,27.91582227305603
9534,29.67614514370078
9535,35.487701184128824
9536,21.915717181164027
9537,24.1393674021253
9538,24.261107956130722
9539,17.3633054232996
9540,20.840346428635613
9541,17.023304843867294
9542,18.632558627686905
9543,33.449073796767856
9544,24.92734693248927
9545,21.34336253492381
9546,23.894021374238065
9547,23.085860189834946
9548,17.856721384853056
9549,22.9451878812448
9550,26.019869860944965
9551,41.028512713621254
9552,27.025460796071194
9553,23.74910087472387
9554,25.22850666384579
9555,21.883529335000365
9556,27.41833891448782
9557,26.811586805175118
9558,18.34912399640285
9559,21.63137216779045
9560,16.578392520035052
9561,26.83531857151636
9562,10.89185874224843
9563,26.11747546416511
9564,19.880204175865764
9565,16.21147947847954
9566,24.482655984424916
9567,24.08235652758743
9568,7.484706908469311
9569,16.739286773470752
9570,12.08191193933537
9571,26.7136428606565
9572,23.21510538240902
9573,29.32483739572786
9574,17.532018172472263
9575,24.323736672750506
9576,29.37617730710595
9577,15.489234485721944
9578,17.618124618146854
9579,11.886584972880343
9580,14.168883519460557
9581,16.01080667060283
9582,30.297371043460764
9583,29.265298158707708
9584,33.182348853285916
9585,26.937125128641505
9586,16.90193137198937
9587,19.897050426617767
9588,19.36056897622783
9589,25.859005707875657
9590,22.115297363743988
9591,8.491086982197924
9592,18.45391239630988
9593,32.71787966699797
9594,39.22242392074055
9595,21.763977894761382
9596,26.389669613974966
9597,9.155046497836329
9598,24.035229110066865
9599,16.911711958335804
9600,13.826329633717652
9601,11.099715724388034
9602,16.21025962857391
9603,25.915046672444614
9604,30.45090625893996
9605,22.29593145259926
9606,30.826600665348913
9607,34.54786960146914
9608,26.334398260428692
9609,28.43618206526464
9610,27.411644491868163
9611,24.001138034579192
9612,16.91106568654779
9613,1.7057197740102812
9614,23.92429148822429
9615,21.636045264600806
9616,30.646061334103138
9617,32.97250505524292
9618,16.649172055170997
9619,19.947151535875406
9620,17.13572686701751
9621,28.740718846447592
9622,12.502229859053433
9623,22.19483036129953
9624,9.142163473202478
9625,14.184564722063929
9626,11.695728303343486
9627,21.453296598025673
9628,13.654589261300652
9629,20.626509698964924
9630,17.031012945032106
9631,17.389588445099616
9632,28.65743870628544
9633,23.2586643403658
9634,7.302059931634576
9635,17.582661290094585
9636,24.417084601131116
9637,25.629494042512636
9638,31.29020409780715
9639,30.838420569593794
9640,19.57762255733188
9641,21.95807228918663
9642,32.37575143504111
9643,15.72305852289249
9644,28.014475059203576
9645,23.360078221396602
9646,17.13853378083542
9647,36.578046228058795
9648,16.815142109807077
9649,35.84844353427126
9650,18.928375407305232
9651,17.852503003141894
9652,14.114868598569847
9653,26.963985107526494
9654,13.038122940753077
9655,23.626478423561785
9656,29.319015102131218
9657,25.243263796498507
9658,16.331895478275587
9659,17.55781580350452
9660,19.46542620529786
9661,33.1476079063961
9662,16.225180992461176
9663,31.116430272766227
9664,18.926027909352563
9665,19.509390793122986
9666,31.80865033999737
9667,26.14375311269488
9668,13.984613982251787
9669,34.266996863282564
9670,21.53815215877989
9671,24.387526550939388
9672,15.291115778176614
9673,32.049602834483395
9674,19.00982969221797
9675,12.086417187592104
9676,9.217215596959392
9677,12.93461772459112
9678,19.491546725136015
9679,10.774166270023798
9680,22.639015045838278
9681,17.30663496443284
9682,35.442400949008956
9683,15.99025227619278
9684,29.992182693226695
9685,24.244392541235683
9686,12.729849944791031
9687,10.080933996786761
9688,24.04292291156104
9689,30.93631980672694
9690,17.27803117852323
9691,15.55125915448616
9692,22.27637928590672
9693,35.12781773108487
9694,12.188530123657504
9695,21.13050885626773
9696,22.60524035724691
9697,16.750144676109088
9698,27.486838498993585
9699,33.03886539773785
9700,23.02491017642791
9701,24.981415790750845
9702,20.323653040191054
9703,25.45376806658758
9704,18.215338604957463
9705,24.647151165295995
9706,19.85623371776213
9707,31.304593584705614
9708,23.344248130747975
9709,23.183729946615706
9710,26.75729827855036
9711,13.895172729221432
9712,20.90557503440072
9713,21.928449434947886
9714,20.05890593811189
9715,9.449747094889315
9716,34.41486628220085
9717,19.652833973924874
9718,14.605197462667542
9719,24.16956455840267
9720,27.13305349953388
9721,14.55472170230706
9722,16.949026968317185
9723,13.142876079944696
9724,26.786275432472188
9725,12.809337303651626
9726,29.13962324869714
9727,31.41463129817263
9728,34.93339846883966
9729,21.436471050491402
9730,12.292942731319494
9731,20.175947608518506
9732,11.832541135727737
9733,19.27717990072274
9734,26.173169515403252
9735,31.5415140387461
9736,33.126528965422445
9737,5.718466797632838
9738,19.85077465937998
9739,39.2222339703104
9740,15.59264142335743
9741,16.72672822538842
9742,31.33841393762822
9743,21.669282535573235
9744,27.009866489875638
9745,17.367817498641088
9746,6.476965550776621
9747,12.935982935429141
9748,35.89284647097132
9749,18.403500619454103
9750,18.183445577354814
9751,21.47181084545523
9752,20.258953022739107
9753,17.552000213342872
9754,25.798882235848133
9755,13.252726087829448
9756,26.441863930719883
9757,14.930168340418135
9758,8.00775717174924
9759,25.275271960500014
9760,21.100002928713245
9761,23.914443653674578
9762,33.89714340275721
9763,17.20265982212934
9764,6.04061942531979
9765,31.35654517712846
9766,30.320376512978573
9767,27.72166330095825
9768,36.107651269393585
9769,13.838790420855279
9770,18.286010198335315
9771,24.21116528396685
9772,21.30787968872351
9773,18.888608701685868
9774,24.050239596225502
9775,12.368365341840063
9776,14.436915732550332
9777,14.640172213591924
9778,24.826365264424012
9779,15.726239960367622
9780,30.34832113256503
9781,34.17292032436744
9782,26.962771771511406
9783,26.674769258601774
9784,16.057418853067748
9785,16.583935494703738
9786,14.203027877953577
9787,27.175091764019896
9788,21.3185741735985
9789,30.170787706869035
9790,24.69298965766882
9791,29.324017545184226
9792,6.019185644571374
9793,27.619173582725953
9794,22.749720610210964
9795,35.19492452710102
9796,24.96510400084086
9797,24.592516610621367
9798,18.70651528145341
9799,8.716886509680501
9800,18.3537180384116
9801,18.725284958008217
9802,21.884258494403277
9803,27.310208918396796
9804,16.746520547882227
9805,17.340667624786793
9806,17.400881153450843
9807,13.934647876872077
9808,22.16242184647127
9809,16.92662953420259
9810,14.523957736853106
9811,31.06522125071209
9812,14.334130962827626
9813,6.675954709790787
9814,27.625804771627777
9815,28.356700257728548
9816,20.441453726197665
9817,14.276934738756077
9818,17.52200100019639
9819,17.481516976278435
9820,17.555446828248332
9821,22.63074177328767
9822,20.14365677440855
9823,30.23352556556251
9824,26.932543597344313
9825,20.12990782806607
9826,7.61999144123715
9827,10.16041446140525
9828,17.214822313685964
9829,33.09821924596444
9830,15.655338083738002
9831,30.397096805115407
9832,21.614976669608566
9833,16.802979383859558
9834,9.750955150296672
9835,11.635843751664709
9836,23.210363960442997
9837,14.109450088540942
9838,21.10199559560987
9839,26.138747547403042
9840,5.817532636100228
9841,22.425936982579582
9842,28.460466464206014
9843,28.58176897606836
9844,35.22947056587701
9845,15.662735402208678
9846,25.16266268845415
9847,26.521511824592235
9848,28.491661398785766
9849,23.93580882174274
9850,31.148912071549063
9851,15.14220133075147
9852,26.40779543304658
9853,23.073895059596534
9854,35.230152582958326
9855,29.20515880485717
9856,14.043687706770736
9857,22.492408544292168
9858,15.98857509515043
9859,13.287801894903627
9860,16.904732609099355
9861,30.468776584149676
9862,21.34314538863593
9863,20.36086991357901
9864,29.537624932899725
9865,8.87388677637717
9866,28.650308707251423
9867,27.86886445256949
9868,38.826346707699166
9869,20.895697352641513
9870,31.944508173300196
9871,31.536397813451718
9872,23.554404106905075
9873,16.08675054576641
9874,26.30728859663266
9875,27.825940955836714
9876,24.966373330993274
9877,34.17007237037673
9878,13.504001485924885
9879,23.09912245555153
9880,16.93305565708756
9881,13.354215046231731
9882,17.304213735461037
9883,10.781121715946504
9884,16.31195846139829
9885,32.978389321152044
9886,25.747019271382126
9887,16.982373573661715
9888,28.08822573929601
9889,29.966890158745557
9890,20.380902764008738
9891,16.171851961495385
9892,14.694658398057292
9893,13.822216441574362
9894,17.55568748980481
9895,13.287839910874041
9896,12.082297787634188
9897,13.820301271073117
9898,31.82940741137448
9899,10.979194278657431
9900,15.501525746153451
9901,10.181380213211067
9902,15.186632138317226
9903,16.540433637797754
9904,23.37198465547367
9905,22.333506415745457
9906,15.669716410249855
9907,35.86399524191886
9908,32.29836022422835
9909,19.521437530404473
9910,22.800856326741158
9911,25.65137920141731
9912,16.957350400485822
9913,17.053975483915885
9914,20.97537645851598
9915,19.1893032336871
9916,12.968145288138352
9917,12.928501145198133
9918,23.903169422396843
9919,18.130922118938642
9920,19.086585356508984
9921,16.045048660265408
9922,18.08193909368208
9923,17.426374154593613
9924,29.348031448352373
9925,24.060880543300115
9926,0.591314251446637
9927,21.43716431236095
9928,34.90099941553541
9929,25.896318844395772
9930,19.463728215613056
9931,14.00722206256371
9932,34.849529556707544
9933,8.49439523037258
9934,33.61550074564113
9935,17.527743592995215
9936,26.625224331409107
9937,20.093220891736706
9938,22.564003782613327
9939,6.725581813498346
9940,31.384691703460987
9941,23.180202443765694
9942,7.6578095361717216
9943,21.54415456105059
9944,7.230951693176743
9945,17.012801283086283
9946,9.501114861398449
9947,20.651818276693714
9948,20.621034879039655
9949,17.02186202518747
9950,32.33199953649885
9951,28.01153728751072
9952,26.829758572924774
9953,19.707717203526695
9954,25.83240037869568
9955,18.76792902116616
9956,18.73751097537607
9957,30.48581081272305
9958,17.82180028633921
9959,10.938140845751613
9960,9.993883621117355
9961,29.83371817990546
9962,30.4872501738203
9963,14.231716284522765
9964,8.349695559873242
9965,30.044989022611347
9966,13.707491106136821
9967,22.92014094795211
9968,21.241090212091123
9969,34.69856313578212
9970,27.06560415009359
9971,27.28398969518162
9972,16.654854220222017
9973,25.98218110063892
9974,20.34872626429029
9975,17.629194684712303
9976,28.727037723130948
9977,27.445892659117355
9978,33.312337151003234
9979,23.235931045865513
9980,12.971911681958623
9981,22.326871555592053
9982,13.907477327131353
9983,20.948956939642787
9984,15.264549103645411
9985,16.278533065963188
9986,20.303518093076363
9987,12.1539282702445
9988,27.507496730118532
9989,25.349346180473116
9990,18.809062897332137
9991,9.59250933860186
9992,17.284772509759023
9993,22.597620601360973
9994,10.7076940093025
9995,20.70906707396245
9996,27.472994625899737
9997,24.708601062894115
9998,7.463551264291676
9999,25.7657554110411
10000,17.03851845151072
10001,18.143507686619234
10002,22.653100912933738
10003,18.564578590454193
10004,24.97931169127127
10005,12.329426486268357
10006,21.713842760167637
10007,25.24813055528424
10008,16.096569376983567
10009,33.29700959235405
10010,30.052647738687913
10011,26.249306476986497
10012,20.393533859357664
10013,32.76995146205638
10014,13.611955544272472
10015,8.290705361773007
10016,26.63047131059167
10017,19.908517283655204
10018,23.34801609703095
10019,20.347767735079174
10020,23.989522010803448
10021,28.826824386090042
10022,30.179729890833343
10023,14.40485901501076
10024,28.00799257784888
10025,17.597665980412057
10026,10.930581030686675
10027,28.460571503063072
10028,8.403700433545295
10029,28.32772483772175
10030,10.293915611473256
10031,6.733295726397608
10032,23.418092443776594
10033,31.454279868905488
10034,22.45514234938954
10035,20.112522465269876
10036,11.798174079312387
10037,25.895127806410954
10038,22.616539034626882
10039,15.264790840162176
10040,27.317743295150894
10041,27.595375409466683
10042,23.18049337635098
10043,25.091426854229013
10044,16.574149802698923
10045,11.42878336999214
10046,21.106426041335236
10047,24.5300496441577
10048,8.213381781094666
10049,29.314860212000493
10050,16.771211425033563
10051,13.332501629725169
10052,21.375900643715347
10053,27.606585009054495
10054,8.759744282628665
10055,30.69014454521907
10056,19.512652962614546
10057,27.7423790586975
10058,17.064057634136265
10059,17.550377895661292
10060,11.412911392203958
10061,21.554855483574876
10062,23.569202241820157
10063,13.756655665866433
10064,5.435742339673411
10065,17.590615679663113
10066,28.83277632091673
10067,29.409312083445393
10068,9.650757800395443
10069,11.382120953175303
10070,21.514468430746465
10071,14.372692353227553
10072,28.267312202571432
10073,15.108635695590625
10074,27.10221256523372
10075,28.00782034627937
10076,11.257068762825957
10077,17.34621511778795
10078,12.023221670790663
10079,14.742841014352255
10080,30.07041982344775
10081,20.81518672488425
10082,15.715790412141537
10083,23.726540963179794
10084,25.57471638990723
10085,25.209165259711842
10086,27.816367421125335
10087,22.505355582687613
10088,14.116127154211473
10089,28.626148888469785
10090,24.829523760975327
10091,11.490324917033384
10092,16.16343772924849
10093,15.092842773761344
10094,27.103420082776147
10095,23.714387458367348
10096,18.933989113142392
10097,27.196080438040198
10098,16.07747150029592
10099,18.34534287296895
10100,21.330487391355785
10101,15.144300511661918
10102,12.73594770172083
10103,21.072275596512657
10104,19.347543333530833
10105,31.486820545171653
10106,20.09741626631412
10107,13.511053333780355
10108,17.37137819930983
10109,21.3963413693897
10110,30.4831474562832
10111,11.098968176412228
10112,19.078123825771186
10113,22.439396716740056
10114,33.98558229554743
10115,35.57333082794194
10116,4.95460452542644
10117,16.441145935405284
10118,23.93216261849669
10119,21.91790671970014
10120,35.492001058018104
10121,21.87412622805751
10122,23.874732851482158
10123,20.13713791766018
10124,38.26394139170483
10125,26.559735609036508
10126,18.17451737685612
10127,28.431694998503687
10128,15.404573242510546
10129,26.907988846285633
10130,12.200275810169199
10131,23.42736132141519
10132,12.181217025060608
10133,21.99443317986574
10134,27.868962590789707
10135,15.885758502063968
10136,19.184407019603753
10137,29.82880964648149
10138,24.824730174427582
10139,29.775586938639165
10140,22.77804969352602
10141,25.62522331395031
10142,21.01535533496179
10143,34.126109705470185
10144,19.442982371068187
10145,15.805848919480084
10146,21.24215283100496
10147,19.193182016551102
10148,33.53984160962342
10149,16.345710992937946
10150,12.51843799124356
10151,27.488017449782426
10152,16.075791545519316
10153,18.574698541513484
10154,14.487437989473207
10155,33.40867675667291
10156,26.471340065722497
10157,10.462473268793829
10158,21.504815590058072
10159,16.005278891348667
10160,17.3774659259848
10161,26.461859987420937
10162,18.7552280536341
10163,22.006000131930275
10164,10.643187012766072
10165,20.017209493881648
10166,25.217871781113665
10167,8.221172070518222
10168,26.15590130692178
10169,25.832992280265614
10170,20.24616745711597
10171,17.595307625806676
10172,17.749998029776755
10173,29.272723685355658
10174,34.09843438485807
10175,13.865677830268131
10176,18.09111798905746
10177,25.541250732913355
10178,29.209423087309446
10179,20.973613480099583
10180,16.32212566009628
10181,24.821633466212308
10182,21.74246539658335
10183,19.099758873696384
10184,22.471481179543698
10185,14.912040280004167
10186,27.50154131461784
10187,24.46275637337702
10188,6.413579238902123
10189,18.9673322170064
10190,18.790179540419377
10191,25.759187239080468
10192,25.871202996996477
10193,28.718579835137433
10194,12.750412764189122
10195,15.53092114047633
10196,22.123454605206913
10197,18.6313987416727
10198,29.76051130914246
10199,23.9703610718953
10200,19.358290470971447
10201,6.323170231300398
10202,16.195461224288323
10203,7.535117957665243
10204,19.60280726072973
10205,32.26409141304039
10206,26.79587840509921
10207,20.327877403949234
10208,13.01540113773138
10209,21.920406750779218
10210,23.02852163245759
10211,31.396199428653013
10212,22.453990623830784
10213,14.290399667101237
10214,10.625486981062881
10215,22.887689972579405
10216,14.977713404696228
10217,28.543664660716075
10218,24.465186922491707
10219,18.75165507185275
10220,28.000378788454995
10221,26.687639214865257
10222,19.51675714046103
10223,26.210061772652075
10224,24.45380576297223
10225,7.879343629310879
10226,19.747013877740542
10227,19.968398808761144
10228,19.319014793143857
10229,28.288347746852207
10230,30.641084435585206
10231,30.224168206848205
10232,17.26097326777073
10233,16.581084463341032
10234,29.90165710643241
10235,31.72405817933938
10236,18.133457415039814
10237,27.37304039514128
10238,23.81067823320994
10239,7.667060955934941
10240,17.444996857562888
10241,20.61601737355455
10242,31.377564985814956
10243,18.46649533133565
10244,19.93070140169977
10245,13.927053649348057
10246,18.30363899786456
10247,18.709367699427776
10248,17.034398562271587
10249,13.054490601228636
10250,27.870682096535404
10251,14.998249737117238
10252,23.173195531494322
10253,32.587329127643876
10254,21.945984662702177
10255,22.157427558068676
10256,9.528881123644776
10257,23.916414240369924
10258,33.21086994314788
10259,11.659277342168348
10260,22.163280533655545
10261,29.8166249727549
10262,26.125223979793258
10263,25.399069289045993
10264,29.263409672928876
10265,20.458110752304798
10266,19.194586347987034
10267,22.22188073290291
10268,31.05674318585892
10269,33.66433219816548
10270,24.48334699935281
10271,12.846219153264265
10272,28.75117127041874
10273,21.954844414330477
10274,12.633613335817241
10275,13.8741238983679
10276,17.987327464012473
10277,29.4077001599531
10278,22.833278116497677
10279,18.749661630368937
10280,17.890212219115988
10281,17.323832664808698
10282,10.987691048687633
10283,19.39875340433453
10284,30.534195673113317
10285,31.70974451291594
10286,18.23599483882714
10287,22.003380357879458
10288,26.31655255242085
10289,20.192888890095947
10290,39.07506186581085
10291,24.37215911150753
10292,24.46598197032461
10293,23.20197940243242
10294,25.933212370625817
10295,25.457054779465583
10296,15.714081649514823
10297,35.21116420046142
10298,26.6717476718769
10299,33.71995398030048
10300,23.318913290267712
10301,27.066207732752943
10302,38.28891977877653
10303,16.98580620949826
10304,26.984680395457943
10305,18.1175145920096
10306,16.856897713998155
10307,6.267960795681532
10308,30.19127379935989
10309,36.00400136578102
10310,21.6547919796628
10311,9.26522277268767
10312,14.011680380575655
10313,9.33268563157431
10314,31.235849778591085
10315,13.653196131628778
10316,16.99282080509341
10317,11.583193976103455
10318,22.59185827392282
10319,17.67544685220233
10320,24.552519700398324
10321,10.477581214012202
10322,16.47277911351059
10323,22.50797061832247
10324,30.059647558306953
10325,39.81748566150834
10326,22.486971206434397
10327,24.702379599377824
10328,7.04882967848189
10329,20.31587444761184
10330,13.973272292779729
10331,17.744409408896583
10332,14.202160132327366
10333,22.07446742015964
10334,13.387210504858079
10335,13.023540910564375
10336,19.60440610554278
10337,18.629833825497883
10338,23.46784928157993
10339,29.251104064759893
10340,35.98533682198348
10341,14.758616906974844
10342,24.498290702013588
10343,33.25925866042843
10344,17.118951544393983
10345,32.839238730674325
10346,17.755690518377182
10347,29.187422427055964
10348,21.127708032737033
10349,28.240864739805858
10350,22.50780040534946
10351,15.389046469196732
10352,16.406307300052205
10353,34.55704729646612
10354,25.036048355587667
10355,9.332217456832078
10356,18.291915735942002
10357,26.623184899756076
10358,20.483666275252194
10359,31.190295130635125
10360,15.008769306875227
10361,25.757291589913663
10362,23.57760404757605
10363,21.85734886600123
10364,27.28451327828303
10365,28.257571047140328
10366,13.535855537875378
10367,22.77196603244101
10368,13.812411462878515
10369,29.70601453420381
10370,17.88381001046242
10371,40.62672869986548
10372,20.178878426441695
10373,20.451976614805346
10374,18.804747410690783
10375,23.066279712261036
10376,18.146101664291958
10377,17.20737878406647
10378,21.8391913942769
10379,28.203167552270905
10380,10.920998276234197
10381,18.328102051994932
10382,14.438919225627167
10383,32.787872858528075
10384,30.08822973361236
10385,12.335958158729738
10386,29.6019081616259
10387,17.73934734947751
10388,16.438303283030905
10389,33.87377062085149
10390,20.178010341674135
10391,20.879456970558547
10392,17.167261948180894
10393,20.972461738936683
10394,24.842743395215827
10395,14.11152570763069
10396,25.348848846838706
10397,6.783904143175706
10398,22.41194445767347
10399,28.98133488628035
10400,23.97944038202038
10401,19.456293610076884
10402,25.796315887173137
10403,11.738361265286908
10404,26.32348024067175
10405,16.228215196617313
10406,23.227456813859213
10407,27.366353520888563
10408,26.79525394163564
10409,17.991707924842164
10410,23.241240472018255
10411,18.180709993956835
10412,15.962648072597515
10413,25.319239675494217
10414,23.500887049970093
10415,13.092929108045944
10416,24.110423731129046
10417,20.227579929274818
10418,17.557752865601742
10419,24.91702953507417
10420,22.084664947142628
10421,12.801451338968654
10422,17.868314642973196
10423,20.900957629547424
10424,28.280874519675063
10425,23.30767122128058
10426,32.81285441522675
10427,7.1668269074055235
10428,9.52136305356098
10429,19.336871885604022
10430,17.397813822574776
10431,19.274464381501847
10432,16.760133326919508
10433,32.97866811599361
10434,32.122551751664055
10435,25.781136347057412
10436,24.038093761290895
10437,19.211052864975592
10438,18.328767275052982
10439,23.20453470448259
10440,19.27794348564202
10441,22.253319924499493
10442,20.01642465983543
10443,17.326721701373778
10444,25.056975293273897
10445,23.830875058949996
10446,29.376318375799936
10447,25.100032218113267
10448,29.19938130840236
10449,16.338721633227358
10450,23.243715484387987
10451,17.221685651448894
10452,30.910403910241214
10453,26.871994205713925
10454,19.042321906632438
10455,27.687693158620704
10456,12.60517297016246
10457,33.89849990367201
10458,18.253455285270892
10459,15.507452804577339
10460,10.784125366867652
10461,22.336340273194367
10462,10.629533535605857
10463,21.417032159966404
10464,28.829281955725158
10465,11.858828596262997
10466,38.97235847711991
10467,19.721488762038156
10468,32.167348307710206
10469,21.134504006766537
10470,21.44537447576202
10471,24.053960395972503
10472,27.78011579684668
10473,20.940471104641176
10474,22.057479126608655
10475,13.107209543041108
10476,8.347337128323325
10477,21.16886534436278
10478,17.25510471110498
10479,12.750984371049917
10480,15.980764563686542
10481,39.15879077580939
10482,23.47896867816575
10483,37.3437948831006
10484,24.42867170468663
10485,26.6811263627104
10486,16.49203555958787
10487,29.592879916035088
10488,23.411660354453318
10489,32.34069742878792
10490,24.727823348149272
10491,24.497835634218177
10492,22.818197553065275
10493,18.083109468982656
10494,30.888824315884044
10495,20.35315642435613
10496,31.55058691851111
10497,29.673929593811707
10498,22.08119664229846
10499,31.33356655351676
10500,10.249450547001057
10501,24.489921598488436
10502,30.736973086667536
10503,34.56878802283937
10504,31.669687199051044
10505,30.499890791382583
10506,32.31724793744945
10507,21.660820226418828
10508,23.937090123105172
10509,24.630894107121904
10510,31.011907542163957
10511,19.966831352167887
10512,5.316363880317767
10513,26.773189542037528
10514,23.53574488609425
10515,17.898160149784438
10516,12.280338970538924
10517,25.17256419314844
10518,17.575563788144173
10519,24.405294841563308
10520,17.161647048769265
10521,20.775611142380754
10522,26.602796607876343
10523,11.79233178657014
10524,37.200877526745366
10525,17.669512892053657
10526,24.457551502703495
10527,6.855468937253208
10528,25.934071586245228
10529,21.412708683616156
10530,31.369763262001165
10531,32.13067199373084
10532,21.135814466566956
10533,32.24228842440122
10534,13.761991650829563
10535,26.05350301495158
10536,27.869736514375695
10537,8.945446772689856
10538,23.651121859182584
10539,15.815526918621519
10540,24.098124082067258
10541,24.962834110167833
10542,31.974170855125045
10543,33.47412675174136
10544,23.2623978739745
10545,20.13826069053873
10546,16.818186762056545
10547,22.662619317710792
10548,18.7046057140143
10549,20.36103733063459
10550,38.94798665078475
10551,23.096110311415096
10552,16.447989725666847
10553,28.17411939597692
10554,17.093852886686392
10555,21.15332412258293
10556,24.96103229728131
10557,22.188085119237805
10558,17.318708902767064
10559,16.639723340948983
10560,22.632229693462833
10561,23.659483040048485
10562,8.97428494499835
10563,7.390539100372576
10564,10.260472643661645
10565,7.775831708339085
10566,15.330321825719134
10567,18.84521549344099
10568,22.138514981454307
10569,15.95080337618619
10570,7.429057272298831
10571,11.956709334869375
10572,15.268736774446339
10573,33.54639610588319
10574,25.81116964973626
10575,21.57232384411286
10576,21.206570444786657
10577,28.362484596582224
10578,14.613651867936959
10579,18.196695161982014
10580,19.334324426485658
10581,14.101759109370253
10582,24.271610238093544
10583,21.18901525322017
10584,5.139303895711729
10585,9.823915044600408
10586,25.2271201222848
10587,21.753552423814025
10588,27.574439425746164
10589,26.426873679592184
10590,7.822483819612129
10591,32.628082937879356
10592,17.537101068017726
10593,25.504653610401633
10594,8.304477743367505
10595,26.985995876042786
10596,16.765076734933423
10597,20.973714084156086
10598,26.215813519088954
10599,36.4618273912753
10600,19.30707709345119
10601,13.825458230387499
10602,14.165535555346846
10603,34.12417927317497
10604,16.21220892672379
10605,25.179960179309276
10606,30.82533611802836
10607,15.063767962052822
10608,28.815400406784505
10609,21.093949312347466
10610,25.762729698272224
10611,10.778274612179882
10612,30.148724881278916
10613,16.018297163989526
10614,19.11581076479827
10615,24.005320333800903
10616,32.38792807080801
10617,18.59988719498938
10618,36.85823884898039
10619,30.703587025473333
10620,15.01161670272431
10621,23.886661210901615
10622,21.20858212887917
10623,30.87127257670899
10624,6.039910948081631
10625,16.725968040909958
10626,5.596185862049904
10627,14.569655702834936
10628,34.00384661476705
10629,14.444311590454902
10630,26.55316937032873
10631,28.12459944568756
10632,21.39570757791742
10633,16.038759879785275
10634,19.79664920255701
10635,26.0895965011753
10636,6.160025176424812
10637,29.494056096742526
10638,31.393105654736573
10639,24.368605774206532
10640,23.274336494024592
10641,12.773878673302717
10642,19.892360222117183
10643,29.971293683497954
10644,20.77710597431923
10645,33.828399448758
10646,6.08294019335676
10647,20.450958815001297
10648,20.096271556681238
10649,38.543168050015275
10650,12.501106053213826
10651,7.730312893229003
10652,35.93824236472943
10653,30.73091802266614
10654,21.197692185825098
10655,11.22293996457439
10656,31.358143132089126
10657,31.321323730764277
10658,25.845913656451014
10659,24.89553524498805
10660,26.32740931500688
10661,24.6489421088118
10662,20.062482084900054
10663,26.18665710032635
10664,25.388138107555662
10665,26.108157205190636
10666,27.445989689507723
10667,28.368582167134065
10668,13.972204865186693
10669,11.654298123094602
10670,16.738661524716736
10671,27.443573684649316
10672,26.408951998411325
10673,16.200954252053215
10674,18.860654504256996
10675,21.548933455719784
10676,23.026570854264527
10677,17.232867971016407
10678,21.803598666783365
10679,27.657539869814933
10680,21.693652679417752
10681,29.51332315033543
10682,15.824784078255345
10683,17.168689017846667
10684,14.70352345483594
10685,34.01160651352339
10686,10.445944143244262
10687,18.91507465436238
10688,25.419618526760058
10689,18.279596939955603
10690,21.275941767708265
10691,13.067549652437624
10692,34.49353095023396
10693,22.991745695171968
10694,26.637072794642805
10695,29.120628623219314
10696,25.86421033274063
10697,34.64853424465856
10698,12.283541988527855
10699,13.35869220742665
10700,32.644455071479456
10701,15.712542173811148
10702,21.517010790440754
10703,10.086735419622016
10704,23.383494941592982
10705,20.08786726034503
10706,30.277444078787454
10707,29.88816963062637
10708,39.22401875577053
10709,11.34132746964601
10710,25.18414283834732
10711,29.7766241477879
10712,28.402910203447533
10713,17.53469234066499
10714,3.5257932106968513
10715,12.882926567966653
10716,22.255982049122537
10717,42.47496560120436
10718,17.11619111975192
10719,18.657395381922207
10720,15.34229996058485
10721,20.22160961993802
10722,28.632875332724993
10723,12.071355449823788
10724,3.9014266331719405
10725,19.410256025884397
10726,29.43042075995941
10727,24.423903163928266
10728,20.85549778114977
10729,10.646950971585332
10730,26.769487582248843
10731,23.570297416059283
10732,7.143335252800281
10733,25.04165813051364
10734,28.1051665667692
10735,13.559901114234055
10736,4.1929990994658075
10737,22.26685758096078
10738,20.51289888669816
10739,20.54509424580182
10740,20.51856522026531
10741,26.323430678962517
10742,35.06886401124849
10743,27.906293578638895
10744,24.403552237429402
10745,25.891023907284954
10746,20.10477661043648
10747,16.114532623864445
10748,25.659020511870665
10749,21.92125890081446
10750,19.969273619205943
10751,13.240809684170426
10752,21.683715494751166
10753,22.25900168740894
10754,19.598014649546194
10755,28.864115105889617
10756,23.851816382564394
10757,30.794157960296918
10758,15.519900588925776
10759,23.371031983285782
10760,15.794412301412919
10761,15.458352136141695
10762,17.08349216647018
10763,22.309817025280136
10764,19.183361135545695
10765,23.28981630255253
10766,26.879778529167254
10767,19.702704760410843
10768,32.96073548839
10769,30.24547224214089
10770,34.679627167202455
10771,14.681630731065503
10772,12.9840667959077
10773,15.97764211886358
10774,33.58957257798713
10775,37.80344082978115
10776,12.81414887976199
10777,27.65266609731006
10778,27.69008245386926
10779,12.87970625196628
10780,12.322888106374355
10781,14.559771598684751
10782,35.77041040175952
10783,13.952678703315856
10784,25.21974689268879
10785,27.381544034352586
10786,17.84056696675293
10787,17.630538514192686
10788,14.691146176754371
10789,16.0905328805
10790,28.914232277404547
10791,22.050954070069775
10792,24.745520628112345
10793,17.682756763712902
10794,20.49766341957392
10795,18.92573483421995
10796,20.651867859141177
10797,32.97680522729588
10798,27.38593391373483
10799,25.341374693936146
10800,9.998835198467956
10801,29.70640220371598
10802,33.54970009058434
10803,14.94097534368213
10804,21.912103956216075
10805,27.047505008017232
10806,14.507154435068557
10807,28.97432087475014
10808,26.573359970618675
10809,28.836073706347943
10810,20.771275171498925
10811,14.596095195253039
10812,16.17737286921968
10813,11.895621971094645
10814,18.5252215587468
10815,17.444043361491616
10816,7.429363444515891
10817,13.981327734506554
10818,24.24535335482702
10819,28.354853267162902
10820,26.424795136103278
10821,30.88986872178797
10822,14.915180757317762
10823,23.735093332654543
10824,20.155996031740422
10825,24.29651993947883
10826,20.843264494010842
10827,14.521021690758051
10828,28.94046942222407
10829,14.267549282377837
10830,22.257575795601966
10831,31.126184450705146
10832,20.6523327801691
10833,17.213733506038402
10834,8.92333108128247
10835,24.526048884197237
10836,19.504865963768562
10837,19.428160014306528
10838,30.177504264835626
10839,11.800897262544872
10840,17.934199760807378
10841,14.909972439492702
10842,33.43084390010693
10843,33.09019248895699
10844,14.288415203747608
10845,22.906319191179
10846,27.46146934043101
10847,19.11043909901141
10848,25.42994734770068
10849,20.80049952387116
10850,23.630940515682617
10851,27.39698148296339
10852,22.890892195741294
10853,29.969132239630408
10854,23.864374030415142
10855,21.159548351536916
10856,22.418510442514666
10857,7.50221583591744
10858,17.128944824256326
10859,17.807070652414048
10860,19.261049831866707
10861,24.299793818813512
10862,13.16832824468641
10863,33.137682875911615
10864,18.859645118689357
10865,22.855722077242703
10866,16.415393162305662
10867,12.09663205114281
10868,25.80976788520558
10869,26.104295110704708
10870,30.110778517879726
10871,26.552585267105705
10872,20.76452014248592
10873,21.712015062110687
10874,19.045744343496022
10875,13.080561057587946
10876,14.136826413424462
10877,22.77953449843609
10878,26.420141801857888
10879,37.93300319656957
10880,12.426847422590484
10881,24.615938774428173
10882,30.8002037862368
10883,23.870896677380223
10884,26.309764448730697
10885,28.84854267963971
10886,25.916073751076368
10887,29.277758857374423
10888,16.855758720555542
10889,8.607493700776882
10890,15.464862972370781
10891,26.668772441498824
10892,18.830091343218925
10893,19.358270118025697
10894,25.528110736627106
10895,20.23023636106476
10896,6.164353921582959
10897,23.33476478186026
10898,29.363907603345183
10899,14.5473761646154
10900,13.813211708247225
10901,24.272341161721243
10902,20.310965161228154
10903,17.038993889783498
10904,21.735084132112405
10905,12.413953032294348
10906,15.228701146985248
10907,28.804487900540238
10908,19.35506601579918
10909,30.61069104654339
10910,27.25217995161239
10911,5.192835173951544
10912,19.792393610993695
10913,24.810274346195143
10914,20.254609195928666
10915,8.062127648824397
10916,28.549222177404896
10917,23.01921289032568
10918,24.047439420571415
10919,16.317471652443636
10920,22.470450575732386
10921,16.504479888640393
10922,16.53036687031061
10923,22.268914269640476
10924,10.327061705469793
10925,24.20017707185201
10926,19.947136880659805
10927,22.451449756925804
10928,21.24111155752232
10929,27.266138256958783
10930,28.26681952341795
10931,24.704388331992075
10932,22.331396441560553
10933,26.87319763824912
10934,19.902367061118085
10935,19.50246532838207
10936,23.06405114098632
10937,33.42118419633327
10938,28.63013515393161
10939,27.364125138329086
10940,20.92533654307226
10941,29.65709266691059
10942,19.599282062408403
10943,15.399651045721848
10944,38.043390811332074
10945,33.8551236968978
10946,19.213274432294746
10947,8.707443976645736
10948,16.692299260552446
10949,38.21862277177999
10950,17.698431325052496
10951,22.10285462306811
10952,20.104671733348685
10953,34.51381399295481
10954,27.728203459902115
10955,21.850750506502592
10956,18.96716094759378
10957,27.49542334305336
10958,19.108013437048278
10959,13.321778591663845
10960,27.319841967405402
10961,12.199906267899284
10962,12.721272733611585
10963,24.014662407488615
10964,26.379317499064832
10965,38.1535418554177
10966,29.38920461661823
10967,29.89264591483827
10968,22.311763004005556
10969,29.636418994914663
10970,11.895555764532382
10971,10.174993904876017
10972,18.64618557051314
10973,12.650829607794538
10974,14.192370929489996
10975,13.82571290047014
10976,25.745082584063432
10977,27.12667720339156
10978,31.48102488981843
10979,18.100789500039753
10980,29.210832940357548
10981,15.392201106971527
10982,21.452016976998078
10983,19.646184925284224
10984,28.419362718957274
10985,38.25529841222615
10986,19.34317965370842
10987,24.183005743933357
10988,30.965259796098408
10989,28.058325531390242
10990,35.03780945360592
10991,40.11773380373594
10992,20.24361556253858
10993,26.803786719462757
10994,35.42399937308659
10995,34.144065561498294
10996,19.33165587196403
10997,24.540007152264753
10998,15.928029716809395
10999,12.22072671483039
11000,16.676739744725538
11001,10.996717197862797
11002,26.787588552200532
11003,24.30839105527044
11004,12.537614488361934
11005,14.502072015245393
11006,16.95405807823706
11007,17.809467586456012
11008,33.12817989904244
11009,30.930778042540794
11010,23.421597277823835
11011,25.879041572324798
11012,20.203626134043553
11013,34.49597535330847
11014,19.587281757265252
11015,38.3634376929763
11016,13.936359533651913
11017,12.847295954983327
11018,18.60989042632858
11019,32.38834960551549
11020,9.464300124400356
11021,31.850100662057628
11022,23.411592451373004
11023,11.191714843075218
11024,30.314687122740125
11025,25.928993705122792
11026,26.026190639120287
11027,13.103502645061361
11028,15.00671313951295
11029,19.478361207501138
11030,23.808088414169823
11031,25.26553889888436
11032,20.614831963420542
11033,22.938704401472503
11034,15.425063106862016
11035,22.05468361418381
11036,26.963304622579873
11037,30.044623287955638
11038,17.826470792622786
11039,26.774936231913472
11040,14.10537819612534
11041,35.340554372629995
11042,18.28561774205311
11043,13.067383173663305
11044,29.042552612287885
11045,21.420514551114074
11046,10.095521996989612
11047,19.821351328119356
11048,24.355451577250225
11049,13.354997292601672
11050,18.25019633492354
11051,13.245899914538981
11052,16.500884371056983
11053,11.224611956452353
11054,26.066099887163478
11055,34.838302539719976
11056,30.770330684949556
11057,17.9419432802805
11058,24.96320760307478
11059,7.213668641718861
11060,16.04585248074008
11061,13.96171682636852
11062,10.53455694362152
11063,23.03629538754426
11064,28.16355922804035
11065,22.534262354267074
11066,25.35092774866056
11067,27.906835890788102
11068,15.469883151136855
11069,28.704895584610956
11070,24.593892310830782
11071,15.438349154479205
11072,13.026703943176766
11073,24.879978338292908
11074,24.067211138583694
11075,11.634197475489295
11076,31.106037863701772
11077,13.942126296756225
11078,26.635165680289475
11079,21.997909195168788
11080,21.306360012299244
11081,19.8443033211213
11082,11.32607216912084
11083,29.854681888870722
11084,20.519969272406954
11085,14.452954388982665
11086,25.314855101504712
11087,20.235287058504074
11088,24.70021562864006
11089,25.41115800508607
11090,12.609734752911525
11091,27.407212261111553
11092,33.77233662065643
11093,21.235999040291134
11094,11.011130489550462
11095,17.404965030727105
11096,27.71232486301031
11097,30.24010753244439
11098,15.755435436042795
11099,16.583849577567683
11100,21.46261051209187
11101,6.0593383138311205
11102,26.7108137686434
11103,29.312690366239217
11104,19.02672978054516
11105,15.607403801786868
11106,21.237197081090613
11107,12.88544804667313
11108,24.900783993725383
11109,22.743623340497514
11110,19.738990653170987
11111,26.61909489605827
11112,28.23234670387145
11113,24.24505128989422
11114,10.50063092478674
11115,30.384392203586973
11116,11.314270373180378
11117,26.353380069898584
11118,19.049228650133642
11119,17.539759510659348
11120,24.091789503415534
11121,26.13958394534636
11122,28.969832703997355
11123,12.015752754343417
11124,21.784066152436395
11125,21.371881242246378
11126,34.09840554835673
11127,18.866548220622093
11128,20.86293126843585
11129,29.69380845207564
11130,24.285164186963073
11131,28.020701340287626
11132,14.762910690056096
11133,29.90926747331933
11134,22.728319960504923
11135,21.326252249206494
11136,20.323964613657196
11137,18.52353102920862
11138,19.79590365607947
11139,21.67591845588479
11140,9.295506742825353
11141,31.248411538173016
11142,14.375344087307775
11143,20.55221292516654
11144,17.504028139583287
11145,15.573738160650185
11146,6.022179929889412
11147,3.5362124619026636
11148,21.45743237538585
11149,24.256919663708864
11150,29.87982441410665
11151,25.32335121800238
11152,15.88451268611047
11153,14.291970495285621
11154,14.546270591406726
11155,9.092013565999192
11156,23.54777618587693
11157,27.294427177057493
11158,23.69512642154219
11159,20.903195367772703
11160,29.880798999174118
11161,24.12794237047382
11162,9.29927926839244
11163,27.01021219412706
11164,26.894722454565986
11165,17.86923152732161
11166,8.557469114079208
11167,26.13611132568177
11168,9.682633281863978
11169,18.492892009643292
11170,35.695566817768665
11171,27.26560554738341
11172,16.869205657658956
11173,40.410567835040794
11174,16.88002501442297
11175,22.223178625875697
11176,26.461512177674486
11177,23.995880950538798
11178,21.00328983997521
11179,23.897148344983464
11180,8.432553362094273
11181,21.763545539878432
11182,11.357323242014871
11183,20.365888253755806
11184,32.35860972422889
11185,9.534765519834256
11186,20.92548584218978
11187,27.390611221089628
11188,23.01805289963195
11189,30.37705674308408
11190,10.987458465408988
11191,26.651617502860155
11192,27.88981150480246
11193,22.717991292106284
11194,11.765476121218825
11195,13.25595432184323
11196,25.39725677427636
11197,26.060434274834265
11198,19.282577859224318
11199,11.837091653220899
11200,21.58731725750389
11201,36.81402538718862
11202,18.602162232271134
11203,27.839199853303604
11204,28.508872732043667
11205,31.31548172697113
11206,11.34038456409731
11207,19.97401419527086
11208,12.140589174054414
11209,29.68905662713503
11210,24.739348205750865
11211,10.560992419390466
11212,28.573446459347714
11213,22.737830273554316
11214,27.341280403340708
11215,11.077506216940662
11216,27.076473536572
11217,19.193345723432955
11218,18.87432788786927
11219,20.209936457549134
11220,3.916494406654565
11221,23.935370619802136
11222,25.17824475110637
11223,18.450373109708543
11224,16.716237082738573
11225,19.09276908323263
11226,18.51764672072373
11227,30.995704226836004
11228,21.313117352866076
11229,22.847991928973812
11230,12.514621579756941
11231,18.411868668234696
11232,11.045518700896796
11233,20.22429533755608
11234,28.733882433088294
11235,27.934009757764173
11236,26.68892796214456
11237,15.13986768451993
11238,18.85856920834798
11239,25.811202403465153
11240,17.838454324187005
11241,25.356159960287137
11242,10.463618607895164
11243,20.522534495881715
11244,26.085866596572796
11245,34.97142137906772
11246,34.20895754331306
11247,22.554345463514206
11248,20.90074994259659
11249,20.293300041061556
11250,38.55510905506541
11251,21.942823988728506
11252,8.281518526632324
11253,26.962583152417988
11254,27.493975093216186
11255,36.551657104382876
11256,11.21082877264573
11257,17.132780541274396
11258,30.26792636278168
11259,31.024498440172742
11260,39.73143967303326
11261,11.992730638597877
11262,16.388391816503045
11263,22.706357651048943
11264,20.159789958382675
11265,36.074409151966165
11266,33.995353202698425
11267,27.75964919741157
11268,16.909148564436776
11269,23.526687930965686
11270,22.73714005499601
11271,12.513853556277715
11272,16.7693760174997
11273,13.06251146493538
11274,10.416172537960325
11275,28.289064729556124
11276,16.891500721413117
11277,5.267953804970336
11278,9.860831135133216
11279,13.160066762138452
11280,26.807679974511917
11281,23.345968533491817
11282,8.274583077508337
11283,26.169086280991927
11284,16.22938780301793
11285,10.178197301029922
11286,33.892268384295235
11287,22.884135881335958
11288,25.35917139438129
11289,18.26673056448513
11290,12.703749925019437
11291,24.115652361853073
11292,17.928396940615976
11293,32.647334190003825
11294,9.237535817835827
11295,28.794495515996715
11296,24.37692905601766
11297,31.971447514567153
11298,21.766512248906913
11299,18.116061893774003
11300,24.256556915121593
11301,23.99648691948763
11302,22.948271660074287
11303,24.66878081968455
11304,11.671259244230631
11305,29.953139491027052
11306,35.67405603839529
11307,16.70495974994612
11308,19.10995964382189
11309,29.504966193972223
11310,19.23044027726423
11311,32.70758310220784
11312,22.77906627902712
11313,16.40047012334997
11314,22.832498918237057
11315,31.856619570779657
11316,28.561847129118824
11317,12.061648389702622
11318,15.529019739372032
11319,11.217897075152711
11320,31.41361932223156
11321,25.79414823879948
11322,25.353712020539348
11323,20.816945463507682
11324,5.806147762691631
11325,20.652930634821868
11326,12.021866138188507
11327,23.333788779151202
11328,17.017576998807844
11329,6.287689938413605
11330,24.52459604600439
11331,28.728273437716936
11332,30.38348935825362
11333,22.708820893269365
11334,18.58708295872273
11335,24.50769821885669
11336,11.75135287096641
11337,17.903571889601622
11338,18.8358871956857
11339,28.114142205688864
11340,23.991522674895386
11341,21.24187492148687
11342,32.64130165523196
11343,23.770526811932402
11344,19.070833204805723
11345,17.99635927852204
11346,25.978102671472726
11347,33.63160396720235
11348,20.685441738772646
11349,26.35034531691218
11350,27.030304219728347
11351,12.52793944840453
11352,32.59508898149738
11353,14.21379400936826
11354,16.011899525893426
11355,7.9152788423122615
11356,22.955448134948238
11357,19.945954711371
11358,9.940916608651277
11359,23.927882399280954
11360,10.010218949425962
11361,19.073078036145958
11362,17.390538495202136
11363,27.42640611829522
11364,13.100832512449706
11365,14.595223661488934
11366,21.075958729218492
11367,9.684273998451474
11368,6.196956837269345
11369,38.28947112732184
11370,22.97198786071481
11371,15.777981561861235
11372,29.53473914543615
11373,22.1775397665554
11374,15.634273082964143
11375,14.033007268733893
11376,22.294666333005466
11377,24.249680041532258
11378,14.840381077682686
11379,24.920832692865705
11380,26.33560671435749
11381,29.078783119574716
11382,23.06060243560397
11383,19.244918664219167
11384,25.01004006523449
11385,20.360855606776216
11386,8.220143450952769
11387,19.022221349702964
11388,21.538317158343318
11389,15.408000263396161
11390,15.862325834362942
11391,21.482647299638195
11392,20.852869067440835
11393,21.44354731934002
11394,34.99960369580935
11395,10.759087275804081
11396,17.423458111377
11397,23.284176511964148
11398,24.657909880856103
11399,36.59164585255146
11400,22.048572869948842
11401,10.843801894344203
11402,21.368492442099722
11403,26.534187774647368
11404,12.62305222796494
11405,13.02026485651828
11406,20.37374461687371
11407,31.0465314820491
11408,17.209321580480722
11409,23.848530708710705
11410,15.63242907823987
11411,17.157037085895364
11412,20.490511930148347
11413,19.266964288492005
11414,23.96281295228403
11415,26.467668845369367
11416,30.612338945434015
11417,31.844346748925993
11418,20.25060704845298
11419,14.776161549301513
11420,17.487078375635946
11421,21.91947804762891
11422,18.97611053596336
11423,25.62486185863267
11424,32.85883180822551
11425,15.488103128555055
11426,20.99843000064707
11427,16.896155417877456
11428,42.8675021252554
11429,25.436453973704747
11430,27.500462627096123
11431,30.10621634761384
11432,12.1144221824776
11433,26.087583744000696
11434,18.11837226672199
11435,10.488964660830803
11436,20.982223429092258
11437,29.44192316875143
11438,31.08621202217912
11439,22.772488467937038
11440,12.104019695447901
11441,12.656035105983442
11442,19.228408560460455
11443,22.020132118757722
11444,21.431081822630162
11445,29.065785907130525
11446,13.961203584034994
11447,8.640682108048411
11448,9.461527459205184
11449,11.191874322459688
11450,20.387908198151113
11451,16.393780828497853
11452,1.742732872371696
11453,18.790029254563326
11454,26.781054725272327
11455,6.413486400433804
11456,26.629615021670492
11457,16.648725554424782
11458,20.73624445136465
11459,19.590236047963295
11460,29.653622615389626
11461,9.045585444094963
11462,16.516929845963215
11463,12.535136475156559
11464,7.492792021976776
11465,38.91537599294034
11466,22.796151563081242
11467,22.30404097244556
11468,18.20342097607947
11469,34.61425968199429
11470,6.333864389276393
11471,16.68396938021651
11472,20.68751562031764
11473,10.683057862961672
11474,26.03191485280873
11475,17.371428295881472
11476,18.800901171437314
11477,21.932274936482393
11478,26.70972206515967
11479,23.427841484967445
11480,18.57121359892021
11481,19.686297673224985
11482,15.711045652657333
11483,30.978042971965834
11484,6.373993683667952
11485,28.56358708858196
11486,31.244301143092677
11487,13.753580018371697
11488,29.916130476849265
11489,12.728061725390003
11490,24.248184984357042
11491,24.15210431183201
11492,12.455754629897445
11493,41.54538500831942
11494,22.492618199983944
11495,21.498060046823447
11496,26.693504277229728
11497,21.950830886593984
11498,29.6577324054128
11499,17.430033888699732
11500,13.221883041359973
11501,15.718795796650618
11502,34.8436046378806
11503,21.517051685113273
11504,16.157024248867245
11505,15.412218352351346
11506,22.764126618044344
11507,19.519491885659033
11508,12.696996782191068
11509,29.952560699891194
11510,18.737198597887044
11511,28.541960478808495
11512,22.148251401857017
11513,28.435933870523712
11514,27.424784378735133
11515,20.723853448233424
11516,26.922185925826184
11517,11.419288175474856
11518,28.05217688618041
11519,27.721877631594815
11520,13.094519698036528
11521,22.64933396434832
11522,5.532356784849059
11523,31.170294321287802
11524,30.71169699669155
11525,11.254178476500176
11526,25.289773450682333
11527,19.75674502861577
11528,33.08662228000379
11529,18.737245982023623
11530,27.527344571152575
11531,27.45711046286305
11532,15.046734409385293
11533,33.99097582652007
11534,10.462256400267878
11535,14.205346552954374
11536,17.369556872864827
11537,21.845031296250298
11538,18.542181327891363
11539,35.27777983156218
11540,14.200840526502688
11541,20.311655630836338
11542,18.63665650669047
11543,31.071722664358987
11544,20.78285572550064
11545,34.146933863221406
11546,21.603373921284508
11547,19.81860728492642
11548,15.005456298978281
11549,31.3032697985772
11550,17.022737186568154
11551,30.143720118035482
11552,28.23827297372962
11553,7.683962643958514
11554,33.452521843024655
11555,38.08254048413633
11556,22.98291205387757
11557,11.558421690830539
11558,23.128861716211226
11559,26.94498502061259
11560,27.516222211619763
11561,35.88320456519936
11562,26.68053523803847
11563,31.788859116010777
11564,30.68736126951363
11565,18.1675698101226
11566,17.910212497561552
11567,17.929657208462288
11568,28.491667332487395
11569,26.22945471685732
11570,20.753718497068604
11571,18.738962783905308
11572,26.432302326007044
11573,20.59520212851651
11574,21.02238832441813
11575,19.99224803717948
11576,27.039860200033857
11577,15.009792066401431
11578,24.527498368391022
11579,32.11687337733466
11580,35.31470397067563
11581,32.85504455955601
11582,24.988826432795012
11583,38.25793247392603
11584,23.253996325033317
11585,21.776793061666307
11586,21.36530443093569
11587,35.071151432543864
11588,19.38080851572336
11589,25.621572624245303
11590,5.365305774350799
11591,16.932888098842575
11592,22.5840473363781
11593,16.40066412859798
11594,30.74459937630521
11595,12.129553256386231
11596,29.308966677637976
11597,11.118883663389905
11598,22.014211986420598
11599,22.157626625168042
11600,18.801871383337748
11601,29.74093233596338
11602,20.91668454169021
11603,25.81779135785687
11604,21.93264509984428
11605,19.56369134492497
11606,14.841403248454274
11607,23.673140233677984
11608,8.372917484332113
11609,19.61533235788534
11610,29.02743519499321
11611,11.428737963553663
11612,25.264667281387737
11613,20.252045528716824
11614,16.429351338556977
11615,23.416174341872285
11616,20.550619361259226
11617,18.49501097395044
11618,18.759047125927747
11619,15.994921014230721
11620,29.577434769584308
11621,30.30764279917703
11622,23.827247404333985
11623,18.4665793021639
11624,27.09994615377056
11625,26.62880060767992
11626,24.61417302581451
11627,28.06162232899367
11628,11.877054398113753
11629,26.398736023173015
11630,23.581083133610587
11631,33.74742662370332
11632,23.595584762915237
11633,22.270952645101985
11634,23.722240598388474
11635,27.955635776894702
11636,29.227777329088962
11637,20.508944608700787
11638,19.461837163815844
11639,32.59653772094259
11640,23.67401404622112
11641,16.57682574147417
11642,20.522128601119338
11643,11.23968847183901
11644,17.777756783775555
11645,16.043383501979626
11646,12.21005825678235
11647,37.992270707073416
11648,12.498613812312186
11649,20.073163319957978
11650,21.83163370872589
11651,24.739556221972897
11652,15.798078342129141
11653,14.297816937805253
11654,21.978312747591833
11655,18.74212813895617
11656,29.23943127230374
11657,15.368783298421498
11658,16.86430930799812
11659,29.56882292585782
11660,25.42935424189945
11661,23.15594107143518
11662,10.603434097433027
11663,19.041794857001868
11664,8.94330723091056
11665,24.369435607056275
11666,17.76635251071481
11667,17.654732211183482
11668,6.412900900352071
11669,10.266813779414852
11670,16.369231308376065
11671,27.265372145002665
11672,26.08735363771885
11673,20.131603729905805
11674,12.880307091753053
11675,10.368795912343824
11676,24.196341030932572
11677,14.313646871646228
11678,12.763890707105233
11679,22.563919259309078
11680,18.88607573693435
11681,18.76223104761997
11682,18.297501484833166
11683,10.981872461730706
11684,29.070728462783602
11685,14.652818193114076
11686,5.172633164794266
11687,23.94880849022431
11688,32.631701309217995
11689,31.388465014941488
11690,19.5580669243039
11691,16.488249076702402
11692,22.88611121694978
11693,30.012601971040873
11694,34.60081551389539
11695,5.884735741688971
11696,16.744428020088563
11697,15.511759785954627
11698,23.126682210930344
11699,19.526288054593493
11700,11.477867573544078
11701,17.302576076438218
11702,31.384950118355086
11703,28.86559150621136
11704,20.378028358653822
11705,25.522482104317938
11706,20.156849163545072
11707,16.493255373668596
11708,16.403226182841955
11709,33.33944802107469
11710,13.560997355121833
11711,25.96556563352535
11712,33.377680782811396
11713,27.836274219679062
11714,22.377259742562458
11715,4.395706001701965
11716,24.739624651014502
11717,15.72556613875017
11718,27.71712543488421
11719,14.823244159946704
11720,31.003722938877054
11721,10.443193427876146
11722,6.31370387203318
11723,17.530341947562608
11724,13.17093849654563
11725,34.37665865762543
11726,26.294349909810606
11727,21.862783493121306
11728,29.899358413756218
11729,35.901575780947255
11730,25.544177835538648
11731,24.206613556110717
11732,13.259432023720834
11733,25.83738698950995
11734,30.039908843285446
11735,19.57099953631903
11736,33.92508115056053
11737,16.87816633973053
11738,25.817302215471805
11739,23.561874364989023
11740,10.398723461667736
11741,19.472246724850866
11742,11.993624226638847
11743,23.79126253835947
11744,19.87148762044946
11745,18.285844830306495
11746,33.05630701658629
11747,5.303372801505698
11748,23.742274877252864
11749,27.410548505504188
11750,20.05510886324912
11751,16.910962776349148
11752,17.14830633654617
11753,28.67323755700904
11754,20.362966134290826
11755,20.606376734620184
11756,14.400721739230644
11757,33.041982635724196
11758,33.46795039465344
11759,26.681586462560716
11760,34.75425030423245
11761,12.418171239580344
11762,25.984284524389697
11763,24.890945296583098
11764,18.63725498539092
11765,16.027411440497133
11766,36.84619757759171
11767,17.07435674952358
11768,27.954368963687898
11769,16.779247543843397
11770,35.93395148053091
11771,21.10242688336052
11772,14.092447147863986
11773,24.6265439056787
11774,23.301879766261393
11775,24.895701741047063
11776,7.785854646503747
11777,19.96005862978443
11778,10.277714639754581
11779,21.704055389689987
11780,20.071636951263283
11781,29.6325016192863
11782,23.01319662035221
11783,22.89080101788172
11784,19.32064476729089
11785,20.6681635334594
11786,12.099301038944375
11787,16.433647192837892
11788,25.183750929965054
11789,15.389329900462778
11790,12.518791980936758
11791,32.069866122743136
11792,13.99135374916339
11793,17.851090277004754
11794,20.98243382701589
11795,25.903927191774304
11796,18.60354866546452
11797,28.72225420572325
11798,25.741032867735747
11799,35.09142917919211
11800,21.516015379319956
11801,15.526901907796848
11802,10.133910164547558
11803,26.145538749745082
11804,12.741936666631478
11805,27.263764579649127
11806,15.002464976812544
11807,11.749696989343295
11808,22.283019314981612
11809,22.46925311354582
11810,25.0917637468703
11811,24.490485747020223
11812,11.153511490048292
11813,18.361502343616692
11814,17.24080753041027
11815,18.823103570073847
11816,34.54196448590655
11817,8.956662370605011
11818,15.299282114486681
11819,30.510183985992835
11820,24.771986181634567
11821,27.523652063350653
11822,29.15112354114141
11823,21.55599501154407
11824,12.726195044548156
11825,16.07402999006456
11826,22.39899461419039
11827,24.648705919023094
11828,33.37123461148204
11829,24.859146931223478
11830,18.145609791909713
11831,30.507931168634464
11832,29.520049013931153
11833,12.326583793183117
11834,37.11763451121734
11835,19.640451695308567
11836,23.04432739038981
11837,20.566823198299172
11838,32.3076408722223
11839,15.56293177268677
11840,32.73552549480945
11841,17.833106817514846
11842,7.121198495000362
11843,11.083280012934926
11844,15.073135042531536
11845,23.664229350610736
11846,13.691577495282022
11847,35.954526409995275
11848,21.396412719257768
11849,23.340129599943843
11850,17.948444987268978
11851,15.85770235661315
11852,9.639658796991778
11853,17.64473611670827
11854,12.979658366734439
11855,22.04958267072466
11856,19.84104599228491
11857,21.336368595282288
11858,30.168189381426593
11859,29.776046586937607
11860,28.098168490204486
11861,15.62233417737439
11862,9.223346269239126
11863,27.38287799629036
11864,27.025836658095137
11865,35.289149133279146
11866,14.149284714665562
11867,13.227762191364164
11868,15.333754576462015
11869,19.28686212091209
11870,34.70545931042565
11871,19.681698212845525
11872,28.455923584638473
11873,24.979838673350912
11874,28.976736122800727
11875,30.14843098050123
11876,22.669636693729363
11877,22.11859048408771
11878,8.784142383244308
11879,31.23316545205283
11880,25.297248399044726
11881,14.054099116072411
11882,18.407362140155648
11883,16.593373653996153
11884,20.849996506879222
11885,10.45548112106881
11886,15.394873939584375
11887,26.64488999269908
11888,14.502552287504557
11889,20.16956613503483
11890,30.77719761560217
11891,18.740479592933937
11892,21.042697881861656
11893,25.850046563577138
11894,16.626970382099305
11895,34.249412928801085
11896,30.887668309899006
11897,12.200216321018608
11898,30.04164742137
11899,17.980439601701015
11900,16.462162248679743
11901,16.841168885762897
11902,6.9301938719193465
11903,23.423985888786504
11904,4.650245236785401
11905,18.117687301674522
11906,12.946634729437548
11907,20.763776825802115
11908,36.79617286294817
11909,11.21434675959408
11910,20.569611319853458
11911,32.032171067310436
11912,27.671368333572698
11913,22.62717612920199
11914,8.40065787670837
11915,17.863566174656288
11916,26.643272589629035
11917,26.72966090823259
11918,30.218970836491167
11919,26.748286403035465
11920,30.712920770802974
11921,23.567615993822955
11922,24.457492637837582
11923,12.482781183931257
11924,20.992171432484614
11925,27.118645695954577
11926,17.323116287708615
11927,27.601322102605806
11928,25.388433211822573
11929,24.122415966050582
11930,26.508732788301085
11931,25.005371372253656
11932,11.889782499374144
11933,33.56176563300696
11934,12.369572085144348
11935,15.722207424245132
11936,11.158963979387117
11937,29.71583812048754
11938,24.264595310224735
11939,26.498955712088044
11940,23.370284873250398
11941,20.679665656268284
11942,28.158085353709446
11943,21.064486968415828
11944,12.793718681647505
11945,7.269833460817906
11946,14.049625027117417
11947,13.921108174181242
11948,14.205403110475537
11949,11.59631952234276
11950,25.05850863304538
11951,12.475470456291486
11952,8.468173066085573
11953,7.092493541130901
11954,33.057169509736354
11955,22.508889522691877
11956,15.353489115230484
11957,10.418487516629959
11958,15.550805800161744
11959,23.394090928176585
11960,26.078181147570177
11961,30.859542085959326
11962,29.093444714641606
11963,15.234296738109691
11964,20.471518240625088
11965,2.615717613365153
11966,14.173318057713868
11967,21.751546883618374
11968,23.365951442889518
11969,15.377340724072159
11970,21.10667622155809
11971,16.77143852568533
11972,8.986914551317483
11973,26.946277678071013
11974,26.22358562585551
11975,21.399766076180732
11976,26.69464853831935
11977,16.7740804951758
11978,11.324538701244126
11979,15.418657695832831
11980,22.122872572121658
11981,28.750606517292727
11982,31.078185706461262
11983,40.55720736346467
11984,11.92189341630336
11985,22.3810271743196
11986,24.772003176281423
11987,20.684177998563488
11988,26.958082766586664
11989,22.944168218976902
11990,16.96840111168625
11991,25.55656479416453
11992,27.842139586385272
11993,16.586708849453448
11994,31.285880920634092
11995,15.175438658145897
11996,19.663808404665772
11997,20.794234161348456
11998,22.333325616047777
11999,16.387877411086407
12000,14.373684025226147
12001,25.681680030310023
12002,6.856781090828985
12003,19.590040291216223
12004,17.998670762898897
12005,25.463055381325617
12006,21.35795956490463
12007,11.750484963429807
12008,20.730827592916455
12009,19.094116583305958
12010,25.653692811043115
12011,22.912487778860267
12012,18.808581589857756
12013,19.340751651823965
12014,28.79067169278087
12015,23.833530274704692
12016,16.378432878351678
12017,10.264726265812207
12018,14.666102503887025
12019,14.692578090028917
12020,20.625622486479852
12021,17.08488389515929
12022,35.86150432005019
12023,20.24679806635804
12024,21.5607905044412
12025,20.867057730421433
12026,28.54270371297244
12027,21.01225965012663
12028,21.847040480127305
12029,15.723522751599507
12030,21.43832350955654
12031,27.118606225429332
12032,10.035395729798953
12033,17.220508801412684
12034,26.50530238772111
12035,21.780527624624867
12036,25.44868174773083
12037,19.48882241256959
12038,31.039681899465727
12039,25.861788682485447
12040,32.53762143578308
12041,11.350368688319023
12042,23.019769542878002
12043,8.021374527339145
12044,23.920978949520986
12045,27.15119096949656
12046,26.513261189617285
12047,22.080919438201445
12048,8.880766670115872
12049,21.94157986409502
12050,26.61652983265377
12051,10.20859811557744
12052,22.04780104794384
12053,26.441946487753548
12054,12.668663976330036
12055,25.190399125589938
12056,15.589221855933005
12057,21.722965976268974
12058,19.952306880375325
12059,30.39004684764118
12060,18.846307291109277
12061,28.04091728567503
12062,10.180276745738375
12063,22.407440632046775
12064,25.492906132704007
12065,16.741975339676124
12066,16.758592602169994
12067,31.144871381077188
12068,29.56361519884532
12069,21.541851330883105
12070,13.62927565146974
12071,36.2132902923184
12072,27.81955559150656
12073,16.226051404611024
12074,12.503543241229249
12075,23.192422526680044
12076,28.378864682872866
12077,25.476439810440695
12078,33.322060557279386
12079,26.25901647462624
12080,24.615258333602917
12081,28.12363095481735
12082,23.63988345412087
12083,18.792819134496938
12084,19.622271790690395
12085,11.782543081535554
12086,18.626428417678586
12087,12.029368275962664
12088,31.108868426023577
12089,25.894584646799515
12090,36.761652660969276
12091,36.126438168004064
12092,34.073711463224775
12093,14.126515211987769
12094,14.127940913736955
12095,16.794388639679738
12096,28.186010607286963
12097,35.92816744205723
12098,19.211834887770102
12099,18.706435173823778
12100,23.928721910142464
12101,29.247090868302813
12102,15.321468028969381
12103,29.686202856869023
12104,31.382009079069917
12105,34.053176213145775
12106,24.18063793087012
12107,24.428632221829908
12108,22.14496414213842
12109,24.762127849327925
12110,19.67948079332158
12111,14.561752387001896
12112,33.8009288503151
12113,21.833989203597064
12114,7.366374763820876
12115,12.813226276007814
12116,20.8835239138887
12117,36.65059998041452
12118,33.50165289736288
12119,17.874020268670904
12120,35.709527660937646
12121,24.393832923939307
12122,17.48029973463994
12123,29.830678103949264
12124,24.824865546788367
12125,18.628330364288722
12126,15.160044166338395
12127,6.915492152235821
12128,20.403546034328425
12129,23.828834764491845
12130,31.6347856159636
12131,20.562005151598747
12132,20.732025326961764
12133,30.355560955226217
12134,24.043634602360918
12135,25.341415041280293
12136,28.166572639969644
12137,28.179281435865313
12138,29.490192434424813
12139,16.90802477921234
12140,14.659162980090333
12141,13.103334413562429
12142,19.390322999830985
12143,18.113057408565297
12144,20.576912779022912
12145,21.829846502430875
12146,22.63047631287527
12147,13.395234719493883
12148,20.84052884151848
12149,28.078457755654846
12150,18.771898094209224
12151,28.216981608947474
12152,29.253174965618463
12153,12.874689317297637
12154,22.684420585638044
12155,23.62387060867488
12156,14.157121090652915
12157,22.055788878237593
12158,31.553860102839714
12159,17.624827435997396
12160,17.941611220147156
12161,14.110488389773884
12162,17.627757152124786
12163,19.503879078475336
12164,31.074062007034172
12165,31.898616503509114
12166,14.883508943994073
12167,13.952348851054868
12168,15.562188635031681
12169,23.100619111293383
12170,17.938729825599566
12171,4.733431968902528
12172,24.35017413118507
12173,21.30007793543569
12174,26.590888029953252
12175,15.37629378013324
12176,25.287387817715484
12177,29.08000682211133
12178,21.77039175536941
12179,11.855703772980506
12180,14.56846625501591
12181,5.047276172961859
12182,18.993249954695305
12183,17.18806127443159
12184,5.936694143735202
12185,25.49690419731953
12186,35.09088456874333
12187,24.34318240395202
12188,15.639624990925219
12189,13.091205587170958
12190,22.508354379336588
12191,24.166323982587656
12192,14.436300041815574
12193,20.992674000330133
12194,17.27809643878486
12195,26.976314448317048
12196,27.459895283785066
12197,36.26527796765579
12198,12.914199729481187
12199,34.58072141371099
12200,22.327951591777214
12201,24.74494506420618
12202,19.097092867288154
12203,31.336225859936135
12204,19.208877876838947
12205,20.485103076727373
12206,18.872359216232663
12207,33.73628270231824
12208,32.06206174351971
12209,19.82760272880943
12210,34.699054675009755
12211,17.964559399978466
12212,18.538708400518694
12213,16.56513224106119
12214,11.354869649995386
12215,26.327311656863078
12216,18.011901779717537
12217,15.911468866125354
12218,10.426719444912354
12219,22.738340761620456
12220,22.60318248053592
12221,26.74471956274958
12222,21.46203913732223
12223,22.30746443247051
12224,21.94300788276555
12225,24.598094904752468
12226,35.06869194828044
12227,14.037878418623933
12228,17.38486792317706
12229,27.23451446846644
12230,16.63617779161295
12231,25.335135776865783
12232,25.053645444869552
12233,14.937058276832346
12234,15.345618824794693
12235,25.626438749198968
12236,26.964338828978367
12237,32.19935520150697
12238,25.049802634201605
12239,34.73646500622529
12240,23.00927757316908
12241,29.228733520511184
12242,17.65531598965795
12243,26.142471573328507
12244,32.33850178040913
12245,33.054044036119876
12246,7.03702594637578
12247,22.697389372060762
12248,30.38460503635173
12249,16.355984235966538
12250,11.81589777641399
12251,22.657969273624357
12252,6.998100325790568
12253,18.72379139756024
12254,21.082325493565516
12255,14.838120333768622
12256,23.459334935921532
12257,19.4905656261816
12258,1.9215551196594824
12259,11.647130351912127
12260,21.58652776838271
12261,18.38607900099595
12262,11.30067521301875
12263,28.276927914132916
12264,15.17191282711331
12265,17.379117341418578
12266,23.705187603321686
12267,17.378208835522287
12268,22.856669907791098
12269,17.522812500308824
12270,33.903514629080824
12271,35.14265144814643
12272,21.88825257626269
12273,16.871202750889957
12274,16.940630422756783
12275,24.612220628731617
12276,29.27973794764175
12277,14.474396304442276
12278,11.992764590467772
12279,19.074003914672634
12280,14.23129090509203
12281,26.300385787081268
12282,23.06665406733056
12283,8.302456845326404
12284,25.827279046354192
12285,27.74282997098728
12286,10.21785226884858
12287,6.596141734197651
12288,30.58407735623559
12289,10.971901517535446
12290,19.37090247947891
12291,20.651293836982244
12292,35.13683958964028
12293,24.654611903969798
12294,21.180517430866402
12295,22.682183903863965
12296,23.184071163938377
12297,5.637402456778883
12298,9.021826506455229
12299,20.162144992038648
12300,20.574678157030306
12301,28.50283627266681
12302,14.246631119601414
12303,28.10142465982154
12304,22.730270006631788
12305,15.772976908780151
12306,18.547312422508348
12307,26.658628016611807
12308,24.49833502016665
12309,28.324825324004113
12310,30.13061883069598
12311,25.967954422094742
12312,5.24670271856556
12313,25.604720820369167
12314,12.392460884843414
12315,30.575443638488807
12316,10.818198352400257
12317,27.1457355081509
12318,19.261240170506362
12319,16.574107477050912
12320,6.779015077213327
12321,29.25840116978067
12322,26.389241277764008
12323,16.819738684560598
12324,26.128580373369854
12325,23.282587159307916
12326,21.04330522401758
12327,27.80118220883925
12328,20.09227326310258
12329,11.426080718179383
12330,22.26725242951803
12331,32.363086466446475
12332,6.829240526722618
12333,10.856584828953576
12334,11.269705934000767
12335,26.68866108661775
12336,32.20308216942503
12337,16.948151535111634
12338,21.391870259563518
12339,25.8581613259489
12340,16.919588117401485
12341,23.13785694126987
12342,32.93749001339626
12343,22.113656801101204
12344,18.64067829626423
12345,21.476015552006512
12346,16.8197706015896
12347,22.322944129289105
12348,14.15188299866739
12349,14.996736286027577
12350,23.158604161879765
12351,23.44297612423075
12352,16.384945454612637
12353,29.41343217073704
12354,17.338863230697772
12355,17.40454927738527
12356,31.255494310322014
12357,24.4031700478836
12358,19.89170231387094
12359,14.019173436804289
12360,17.493879650908585
12361,25.948607591267333
12362,33.12608515670489
12363,31.079088259690437
12364,20.424424176104473
12365,26.826740711196603
12366,30.965335958562918
12367,21.09252630261669
12368,25.507997150417843
12369,12.154474308428194
12370,23.07845098635067
12371,15.131829495567018
12372,23.262388414059053
12373,11.75278374785287
12374,12.868980818298546
12375,26.39957912495922
12376,15.068943734287966
12377,12.320958306574457
12378,28.735833518355978
12379,18.781313394412557
12380,16.36608574058299
12381,29.797093584657258
12382,34.91583918781743
12383,13.53544307094307
12384,15.184931002102307
12385,12.387565930057331
12386,28.18444854994202
12387,30.015446885212384
12388,17.6649521120463
12389,37.95576307318582
12390,36.85088859347998
12391,26.336024769306206
12392,21.39699879720537
12393,13.511232874683849
12394,21.715642674347116
12395,8.340949262185676
12396,33.77756343599083
12397,12.040458597227733
12398,18.858294868668278
12399,13.721939573331158
12400,19.52241239785599
12401,24.09322196902755
12402,18.015422879515967
12403,22.31417661265365
12404,4.063320621799858
12405,11.739408451628318
12406,22.622999086525688
12407,21.178009777640835
12408,9.539859391979693
12409,21.34764748746806
12410,30.082353007518762
12411,18.98694223678082
12412,21.92227489743252
12413,11.43019099008518
12414,30.056021723404868
12415,35.96911693966577
12416,19.909525568316234
12417,26.136818457038217
12418,10.103280893291995
12419,11.365593974347043
12420,35.25053544059667
12421,20.302388335048235
12422,15.910943155476037
12423,29.91341205600103
12424,22.301392900598945
12425,23.932093393921235
12426,10.062715106752412
12427,18.39165269833672
12428,27.456454673286004
12429,21.010437358286136
12430,22.196838508125012
12431,26.277658260649797
12432,27.81194851885191
12433,20.03264817220387
12434,27.533883052709964
12435,24.66429637858807
12436,26.11993793631889
12437,16.77447945215017
12438,13.224814173411835
12439,31.390381681601454
12440,18.085416433548275
12441,40.16865134269492
12442,20.58214390464845
12443,27.716598764653764
12444,19.325182544302827
12445,22.19211380269422
12446,9.520445187884745
12447,23.931813557175023
12448,16.41295184537946
12449,32.21235810547909
12450,23.91584362576538
12451,24.065936915612074
12452,24.26979786042577
12453,18.8664088822276
12454,24.42361405116076
12455,8.565193496242276
12456,28.49526804767546
12457,28.512135696026796
12458,17.774000277493272
12459,24.2983210038308
12460,20.538577367234534
12461,21.721803675568104
12462,12.594698419346544
12463,25.96157522097821
12464,32.15772944316396
12465,12.80563579371319
12466,17.787681619282246
12467,16.021800838227527
12468,18.831843983353725
12469,10.986039484028991
12470,15.858748814823576
12471,23.563303897615377
12472,25.563282043848652
12473,14.141204474497622
12474,28.0968744888357
12475,30.61038035085815
12476,21.83325262906441
12477,20.570358292975055
12478,25.96710034171569
12479,23.868087023471993
12480,30.688796369643065
12481,21.85258563423776
12482,35.73037913974736
12483,21.9329493588619
12484,33.90764411440672
12485,22.50280342950431
12486,23.218797153706365
12487,13.657860646424297
12488,21.430242133209852
12489,20.20638479863873
12490,30.9258459041487
12491,20.52233809825276
12492,18.04702216938481
12493,39.560007253162176
12494,33.89966631756739
12495,21.849994973246815
12496,26.883966724872252
12497,29.963066648801025
12498,20.041096633302544
12499,40.48160616470954
12500,6.863673429179074
12501,18.600995141131612
12502,24.502411001490426
12503,22.895772834012963
12504,12.323274714127399
12505,18.781365030915108
12506,24.71625874772984
12507,27.58672213839573
12508,22.19229192950216
12509,1.6707706387091905
12510,24.70470670316617
12511,23.365215425667806
12512,18.680426065941724
12513,32.01077868437491
12514,14.697244623427139
12515,25.30916453775588
12516,17.066756731187652
12517,16.61487947390082
12518,23.328239708622597
12519,26.530246485304488
12520,16.644741929125622
12521,11.02152217109182
12522,15.33516362002852
12523,22.306534217344197
12524,21.203995566668382
12525,20.147901082223353
12526,19.30541603886111
12527,22.054617702262338
12528,13.074631366093701
12529,17.61346734284352
12530,18.170854086919178
12531,39.63915539418056
12532,2.6546842793936043
12533,20.61305086078295
12534,26.459067053706754
12535,11.593742513217205
12536,11.763040402783378
12537,16.535908398212204
12538,13.549266372159307
12539,22.019133226800825
12540,25.76792231392949
12541,24.424963766525856
12542,24.310741137686907
12543,36.48248648946345
12544,30.477466494085032
12545,18.462216426004417
12546,13.755442090924356
12547,9.260357252416519
12548,14.803400770455518
12549,23.84297047870708
12550,33.48861354238949
12551,21.87927588499436
12552,10.29343710237422
12553,28.607190475617934
12554,28.015338180917325
12555,23.511156596965538
12556,19.52962181321623
12557,34.97893095220203
12558,23.646554073450243
12559,28.02249855509927
12560,17.0728279043909
12561,18.7365218566923
12562,22.621962751534426
12563,10.228977154228875
12564,12.926064151412467
12565,13.932886333034594
12566,12.934912058507924
12567,27.882992740152773
12568,32.29956128823532
12569,29.841917666553066
12570,11.377807574485526
12571,30.825104453826235
12572,18.145117288524794
12573,15.74233078801449
12574,15.678849593412957
12575,29.414879637361203
12576,19.252400190890985
12577,21.562317646916558
12578,11.620213667636246
12579,26.091936216024003
12580,31.08469217011487
12581,21.48903175577781
12582,17.263381450054958
12583,22.415872503100395
12584,25.297633928215973
12585,36.30404579921688
12586,21.988109939899434
12587,32.571872644262065
12588,17.38049117920843
12589,17.56716818973382
12590,28.063142938363498
12591,22.11253944242612
12592,21.455575120897247
12593,30.773879343637752
12594,18.18329462284735
12595,40.26327817523698
12596,18.77137055317785
12597,16.15225493656107
12598,25.770199452732236
12599,23.84858207185194
12600,14.509680902662037
12601,22.023238816393853
12602,25.262635348122217
12603,33.69723659904291
12604,31.68910496519186
12605,30.602157399765566
12606,29.305392698139286
12607,12.741691430166524
12608,13.512394371713476
12609,36.678457107577366
12610,31.6923366959921
12611,21.046712668406496
12612,29.513634213583796
12613,25.41479508381675
12614,32.50093963753387
12615,20.36035046314089
12616,24.30139579749256
12617,11.150299529478858
12618,13.713725625688674
12619,19.89632807736212
12620,9.287232372486866
12621,35.96567602729689
12622,20.038675594399038
12623,20.170855897865476
12624,10.03048774825969
12625,28.91605222778972
12626,20.203206546578564
12627,24.679923459325828
12628,22.441522602879537
12629,26.772272811542027
12630,22.7531128628642
12631,14.190291173296117
12632,14.94778653769741
12633,19.0460618701712
12634,18.400383295445184
12635,36.52783257631292
12636,14.86685327248352
12637,26.52478464276639
12638,8.699969653049065
12639,12.2048717868446
12640,28.648596518757657
12641,27.285283989095223
12642,9.408790583616096
12643,35.565601873476055
12644,26.271888818221328
12645,23.488480649632038
12646,21.91552715126477
12647,12.680369658791577
12648,18.476190052555253
12649,27.51191912791838
12650,24.099665704554557
12651,21.28180776951814
12652,28.441910594668418
12653,28.96414861179575
12654,21.54095791891842
12655,30.723264004405053
12656,12.220286000294772
12657,31.33957314372163
12658,35.77034195094169
12659,24.44755493869565
12660,14.798072905273226
12661,29.21779635623612
12662,13.755697917578788
12663,5.264775052616181
12664,24.06703489438491
12665,15.93162877798331
12666,26.555789190655766
12667,12.463601494111845
12668,29.527421067464942
12669,9.13726106867396
12670,15.937668991810428
12671,28.290047515591812
12672,16.19329157591858
12673,14.505640951515009
12674,9.041568094172804
12675,21.086257572319703
12676,15.166668117476746
12677,23.04395343804817
12678,9.43383068636401
12679,18.71142649463986
12680,23.727365678218103
12681,22.99284599199375
12682,23.46678714032422
12683,14.626545972541258
12684,19.220777969445656
12685,17.620699596234573
12686,9.923980883775387
12687,12.117027388254428
12688,15.81735014878377
12689,16.799181293463732
12690,20.174925647849186
12691,7.2655924336739135
12692,22.94847413621588
12693,17.710969806089416
12694,27.83416638915611
12695,23.59325794091343
12696,21.221614113325447
12697,32.13820291089017
12698,36.63764634122184
12699,33.07634251103355
12700,30.613481023689204
12701,11.184373210889504
12702,20.46618576858404
12703,20.611860894942527
12704,8.804901361281402
12705,12.939520055260253
12706,16.379757396210515
12707,13.345393155238725
12708,17.743970538103138
12709,36.104467474490505
12710,11.888572271112247
12711,24.99406469278823
12712,20.624737789747723
12713,21.472275578514676
12714,14.464370479925957
12715,23.187451382926817
12716,15.331770168066937
12717,20.64252448950172
12718,7.230759873401532
12719,14.108045993193983
12720,20.862013999983134
12721,24.124897819645916
12722,30.97817887240861
12723,40.95828954466349
12724,22.49306910970582
12725,36.063866546454776
12726,28.601614963799577
12727,24.786574137467298
12728,14.945044716231754
12729,25.09952625520213
12730,14.218488125946543
12731,27.18411604642636
12732,30.11045989574467
12733,28.109440810782516
12734,25.703896683648303
12735,38.393286567274814
12736,21.26829156310207
12737,5.947184358993748
12738,19.466332737845068
12739,9.609383169065353
12740,23.47142456741836
12741,5.692900778822863
12742,28.22443156680191
12743,11.473743882740315
12744,33.448751791935805
12745,22.874847772084237
12746,23.245956663629933
12747,35.85899307568757
12748,21.37101680307987
12749,25.880533964930965
12750,19.37244806817926
12751,33.43608442469006
12752,29.664722765569138
12753,10.236793888029611
12754,33.34318513307362
12755,12.313376480989987
12756,32.26889184307523
12757,25.990140844874865
12758,11.609687674438694
12759,19.230895642012104
12760,17.888695514347532
12761,21.008351878546613
12762,33.98126334838436
12763,18.389546116276456
12764,14.692743163749721
12765,12.986137511099837
12766,23.97448600490088
12767,19.842834381062378
12768,22.148329918331097
12769,12.136976659566866
12770,18.354976459606313
12771,17.968852060588887
12772,22.798106993727185
12773,35.56777188216256
12774,14.089390271655471
12775,14.986511956780337
12776,20.765037244709923
12777,19.153189645175154
12778,18.3674509592145
12779,14.722757611797899
12780,13.663929907019133
12781,27.416099906952695
12782,23.1378471325147
12783,27.31475160388281
12784,20.111340535536634
12785,16.44648402355052
12786,15.669013222006894
12787,27.273740232709365
12788,14.989064387851307
12789,24.65858724651148
12790,33.3541596402143
12791,20.55981923557252
12792,29.104092548495196
12793,19.38578906517717
12794,8.123833323208512
12795,22.35886201941485
12796,17.073658131995405
12797,11.719083060945326
12798,15.722858575847766
12799,23.876691646925185
12800,30.066147943258247
12801,10.212734342022893
12802,27.4573329271892
12803,17.101370776518646
12804,24.253572516215527
12805,25.950172321298655
12806,14.706056546108634
12807,14.179463233996014
12808,18.305896355770994
12809,29.530860044434
12810,32.806392645141095
12811,15.258120586577292
12812,16.300532301718256
12813,19.97271682729649
12814,30.661534001804394
12815,27.141653605768333
12816,19.163652706430465
12817,16.180040267073615
12818,22.57961320952014
12819,21.344562776953897
12820,10.129467850769696
12821,3.0858820647116967
12822,26.553542136372645
12823,18.067359974021578
12824,28.658709940955486
12825,10.902695216636953
12826,24.20021871361282
12827,19.56116614293901
12828,14.430622677642063
12829,11.397820235193763
12830,23.402477499315523
12831,15.505953705101728
12832,24.08385371266738
12833,14.294599977724587
12834,29.884873521287737
12835,32.631721494085916
12836,5.82358918537547
12837,21.479544291350024
12838,28.587316855386387
12839,9.275883420446933
12840,15.991564717878
12841,20.61762169444251
12842,26.617524273292666
12843,34.0788929048416
12844,32.99121045858133
12845,19.654796187212565
12846,22.46290909480234
12847,22.840889929769517
12848,12.64445145137567
12849,1.8599658217961226
12850,22.191381319308178
12851,34.0092926566246
12852,11.292892460013052
12853,22.739350953993075
12854,19.665132878008112
12855,21.577102625013215
12856,19.939314229334354
12857,30.83191260790369
12858,7.066452374878184
12859,31.712236252296844
12860,18.943838090802053
12861,14.730169472867338
12862,21.965989759206288
12863,12.197179722437891
12864,32.105989640303356
12865,21.27609634750008
12866,20.31911409518772
12867,28.876814604685883
12868,17.737134949741026
12869,19.601940525111296
12870,19.530956361915003
12871,9.411447089659033
12872,11.730639917788565
12873,18.878869528282898
12874,29.343998650774324
12875,7.885253504856472
12876,18.075521151085987
12877,9.661714090153886
12878,13.374058247302774
12879,16.44122119489844
12880,28.758358128282744
12881,10.26293592004922
12882,16.817787475699287
12883,8.783728655754738
12884,14.733892562349297
12885,25.237303069129133
12886,19.470928436618127
12887,17.966585309402557
12888,9.979215733227218
12889,17.648182796729287
12890,40.39668721923281
12891,22.669816783738042
12892,33.29488687479872
12893,18.693092623541528
12894,15.373718277417744
12895,31.276187197313483
12896,20.863569288623076
12897,8.698948303648441
12898,15.469325329064638
12899,39.361324153510424
12900,31.984889506651008
12901,20.13371014145635
12902,29.954469875925525
12903,16.751521672093553
12904,13.8664361164685
12905,19.65751541248089
12906,31.808563831940205
12907,9.543257823314818
12908,13.774046859720773
12909,17.32376269355042
12910,31.322050925775592
12911,10.78094668413199
12912,9.044550293134566
12913,25.3533989194937
12914,25.224397271126293
12915,30.15885594593383
12916,9.261180911351632
12917,16.61337838573244
12918,25.852580335760244
12919,25.198885984781576
12920,14.985746392083517
12921,14.307102387524113
12922,26.810703134176073
12923,19.64447107084935
12924,10.21205142294089
12925,27.453235898221685
12926,34.91018883565168
12927,25.21283160409989
12928,27.91076393791179
12929,25.516225272980844
12930,17.819001518832387
12931,37.33390328184812
12932,30.767154176557916
12933,16.835905331965094
12934,22.81932400412785
12935,29.03442976590469
12936,25.91520284968032
12937,22.468807783158038
12938,20.784563385283086
12939,25.128312370098065
12940,17.431104268766596
12941,16.661074813007307
12942,19.261882834587073
12943,12.949560394700992
12944,11.615087811494963
12945,27.92424865559702
12946,25.30505113139443
12947,10.776316325086512
12948,26.28446429907845
12949,24.267995719660043
12950,19.573234365370467
12951,19.878439862359915
12952,18.56765742789795
12953,14.610839048588485
12954,24.461460147199073
12955,12.56551535021065
12956,10.918583688858039
12957,13.671485053007437
12958,25.202161897029264
12959,20.446331914912342
12960,24.720182797230322
12961,17.47990529109503
12962,13.55448055129165
12963,14.47516023115653
12964,24.377528063931805
12965,10.660195148353996
12966,20.480788813520626
12967,12.098072297961641
12968,28.071913953289886
12969,24.347175308504717
12970,21.370092084303067
12971,19.931642505674994
12972,26.21629257955947
12973,23.30454424047491
12974,16.49263671838095
12975,27.47891721922163
12976,13.334752986341208
12977,15.775047895961023
12978,19.980363956731715
12979,13.874413979418552
12980,24.883909011354994
12981,14.24936445953087
12982,13.01093864045843
12983,19.50658962950715
12984,25.797837955664683
12985,25.541116357317414
12986,15.159403957098107
12987,23.502029087562725
12988,18.961743195655497
12989,32.12575540715163
12990,30.50124225964897
12991,40.366078451795815
12992,31.79948482957247
12993,18.151366367269187
12994,14.50816656953732
12995,10.439646554391302
12996,30.857790006617336
12997,22.821642984621533
12998,26.81099976374763
12999,20.147861235382933
13000,29.531024519001853
13001,9.743864402821591
13002,17.863436478427182
13003,28.848260140152565
13004,19.84325266998674
13005,26.339310644560157
13006,19.696779641984232
13007,29.691073756538408
13008,14.376702977349936
13009,28.641658110168475
13010,25.54212634796719
13011,28.769956870094582
13012,22.633915345860604
13013,19.499595439195218
13014,23.068946786907564
13015,30.74957350042815
13016,26.451097034097078
13017,26.97377993784751
13018,34.14739210244679
13019,21.293119729003802
13020,20.803716713364402
13021,10.37769418585994
13022,10.4874546875658
13023,26.832717099465288
13024,29.430221755939897
13025,18.173467110045486
13026,7.367093708826173
13027,15.724344082463656
13028,5.438741533266118
13029,17.34747733135975
13030,12.10827195473313
13031,16.116439907305153
13032,12.471588217853322
13033,17.13033393047988
13034,26.950406519181968
13035,22.051016934227974
13036,4.753989258130434
13037,23.72537510637252
13038,6.054916051463195
13039,10.485735869392778
13040,13.90784188954465
13041,15.72085012397346
13042,34.24271053921164
13043,20.9502247311122
13044,26.63722369072765
13045,21.206441375497803
13046,40.21275702579388
13047,27.65664726837646
13048,22.121556288151695
13049,29.159954193866064
13050,9.04901838396295
13051,6.921001644749167
13052,10.944120814781055
13053,21.19307971514364
13054,21.20419466481581
13055,18.454736337939988
13056,22.43230052690695
13057,11.031047033187967
13058,29.753611118672378
13059,32.64660527501385
13060,13.696046373210926
13061,25.955345157494733
13062,26.87037817763494
13063,15.087404706199859
13064,15.558532099415437
13065,25.777259701956794
13066,25.657306853574315
13067,27.404646070332007
13068,25.302053221648638
13069,20.67679277149193
13070,12.431508560190759
13071,23.23837394819552
13072,25.320345496094305
13073,18.63188738238038
13074,9.431371096246481
13075,16.01342764043217
13076,22.551181194943503
13077,21.956730831167476
13078,26.35099304445221
13079,22.758112158266464
13080,26.31349186025301
13081,15.06600841998488
13082,8.974703895645446
13083,30.85082667095172
13084,31.11512946424227
13085,24.207118778520893
13086,21.811337917380225
13087,17.984198776786208
13088,24.3943755041031
13089,13.75300556186824
13090,8.455060302695514
13091,19.601683271034897
13092,10.895528416795184
13093,24.727541730407104
13094,11.48175714390894
13095,16.91589356362021
13096,23.226980519128617
13097,9.37141160926295
13098,30.84461760979169
13099,20.479726221170356
13100,14.264470907560188
13101,15.276656764481622
13102,28.284402762853915
13103,26.92524131854986
13104,11.601846791800854
13105,27.387781808986535
13106,22.226549730523757
13107,33.820962411251635
13108,15.17315959386384
13109,18.42824000935858
13110,20.30814392993674
13111,20.698552238706284
13112,14.747537869347802
13113,19.354464071074318
13114,23.7091915719193
13115,20.554649767994086
13116,25.158861362199346
13117,22.483036266163026
13118,26.574136953505604
13119,15.08478935442557
13120,18.56563684310987
13121,7.296550592095771
13122,26.77286054649408
13123,26.781503746882038
13124,26.837416369750212
13125,21.667410397503296
13126,22.031472086840417
13127,11.42734785932048
13128,19.953928838303295
13129,15.53162811900523
13130,25.062253997257258
13131,30.00092132817585
13132,6.435274166669715
13133,25.248279986375017
13134,16.140140079703283
13135,17.806831493067413
13136,12.379385240427899
13137,23.80508876370064
13138,22.828027715452613
13139,23.449133922435184
13140,20.367950414084977
13141,22.16771888221249
13142,15.090613808499695
13143,22.490247609503925
13144,17.33350097613925
13145,26.376430410759383
13146,14.48173667188339
13147,19.61965580646089
13148,20.319643521404167
13149,11.529008851570925
13150,32.437888739282776
13151,31.235460402006673
13152,17.84754791911928
13153,28.636689734765596
13154,29.138152676205376
13155,21.000020783588525
13156,33.77780732608748
13157,36.86040182502765
13158,20.024250651323317
13159,21.31705435299925
13160,21.83260648576774
13161,21.73500561693195
13162,13.132828815726935
13163,27.659718870937226
13164,14.250552392854601
13165,28.22103030114547
13166,27.544092026381367
13167,32.3544706912929
13168,18.23434493596108
13169,30.92681717718718
13170,27.652145109078525
13171,22.731117768194697
13172,26.03399947792758
13173,27.69690030380749
13174,32.36124861543172
13175,17.51146718268915
13176,20.36490234755266
13177,19.156760713505015
13178,9.627300854602677
13179,39.13933055327356
13180,30.271757944705517
13181,23.480236862923014
13182,31.38775766638293
13183,8.0477952741262
13184,24.907181822345756
13185,18.21588020809249
13186,22.012065611597713
13187,22.333126862231772
13188,11.923148909118757
13189,26.553350269987913
13190,20.27909583873755
13191,16.33499742349661
13192,27.435495702088502
13193,32.65442370747159
13194,11.032825830515103
13195,9.418199473328338
13196,21.9376120087241
13197,17.731190034938237
13198,31.778705035100455
13199,29.422811648591825
13200,27.692095895259527
13201,25.31870369914637
13202,18.52740549797514
13203,36.9917378512467
13204,15.867885719109672
13205,26.092613293512432
13206,21.437812778873457
13207,20.584445574022183
13208,21.556662062849824
13209,19.65836818503545
13210,22.651643198419556
13211,25.526820469258823
13212,11.868659711605439
13213,16.546313496600177
13214,38.94791282081284
13215,31.918622228293827
13216,15.3512470759985
13217,14.652790117187692
13218,22.48059358683594
13219,27.259040986006553
13220,23.801127356848244
13221,24.614125837080948
13222,22.858181223282543
13223,26.859092650027574
13224,21.17246080683423
13225,20.863435306693933
13226,18.123906065645805
13227,20.4252056311718
13228,35.01594781935009
13229,26.149557970371266
13230,27.788478274435217
13231,35.697975768627416
13232,19.5783253070731
13233,29.83848724584705
13234,30.104877036992534
13235,21.03182327527195
13236,14.00384931843859
13237,20.115892527243247
13238,22.65386218861999
13239,33.043776743440844
13240,29.16719005590228
13241,27.230949820758042
13242,36.53906967635096
13243,32.36084721803793
13244,27.763022951522863
13245,23.336757804561053
13246,15.488583605227003
13247,22.35588964019061
13248,29.646517328915486
13249,19.304863059707923
13250,35.312397458071004
13251,15.025701856758754
13252,17.39354868269084
13253,31.24319318684381
13254,11.869323999655448
13255,16.149055651958065
13256,29.665281605694148
13257,28.200069810789508
13258,25.27130544514365
13259,21.493573803375458
13260,17.553695448809236
13261,15.413530499030148
13262,14.494855670964597
13263,17.163092034582405
13264,6.705431454433029
13265,12.41930577971786
13266,3.452131585972073
13267,21.629490622396382
13268,15.115299781156482
13269,3.996081090243128
13270,32.60989523795254
13271,1.6527336059528497
13272,10.052301498143102
13273,22.388621951187723
13274,24.51130139397307
13275,25.317388103812213
13276,20.90106042477597
13277,23.143727148106947
13278,26.58900507301656
13279,24.629882266782616
13280,19.578208365790132
13281,13.944372564441167
13282,34.2300725426045
13283,12.551879671030768
13284,5.51036297688039
13285,11.64217279854426
13286,27.188928660145713
13287,27.36187544014041
13288,19.071700102021232
13289,7.543039334021423
13290,23.759211255029108
13291,7.6882007872941465
13292,22.623574522003857
13293,23.474647462288523
13294,25.974878754579805
13295,37.41439047609911
13296,23.029951505167638
13297,31.554902272635168
13298,29.311883834490494
13299,15.45963665699026
13300,9.569545472123487
13301,16.515597514844142
13302,18.081829784494975
13303,23.981102138033474
13304,25.819080356323454
13305,23.10222136115149
13306,26.50431523001562
13307,30.569106227735134
13308,34.61354322004582
13309,33.6592998361005
13310,16.155462452545333
13311,28.345520831739535
13312,26.481016031789576
13313,35.02511102116199
13314,22.379359536354592
13315,27.643869242920985
13316,25.84578726576128
13317,9.403460898434199
13318,26.316113896572126
13319,27.26063878836429
13320,1.8907053522362538
13321,17.186500334695687
13322,25.463529983823417
13323,16.651936240800637
13324,17.897017186963108
13325,18.652656363278776
13326,45.097021658784456
13327,39.87363316927187
13328,7.8270397767994995
13329,11.135125679222284
13330,13.001038780857474
13331,30.8720481386313
13332,26.51669374146512
13333,19.667854481694313
13334,20.365154717091947
13335,18.9670772384472
13336,29.011368995264647
13337,21.096014575079863
13338,27.00195599728569
13339,25.510241682361375
13340,18.415464842669394
13341,21.552483981211576
13342,14.713333342028545
13343,18.11074010716542
13344,22.54562750633455
13345,19.59374284963249
13346,32.4375954150141
13347,24.82487005384893
13348,14.444902694698914
13349,24.10348377731085
13350,13.016383293243333
13351,32.7919652543285
13352,27.275392298935003
13353,20.844373253266934
13354,13.450707071573618
13355,26.890126169786853
13356,24.311949965877126
13357,25.01400491440235
13358,31.915147727518423
13359,16.973447497792822
13360,21.657414348426517
13361,23.89779698172614
13362,21.83558135239995
13363,18.034074204270052
13364,11.217422003062666
13365,26.91218941777632
13366,19.38758843662319
13367,35.98569693689134
13368,32.47961016791876
13369,27.451626987021257
13370,23.04213882255184
13371,3.9508327564737726
13372,33.207170166250926
13373,22.60874056449454
13374,22.953890030057643
13375,24.340262010967887
13376,25.49719046384757
13377,12.971505721272795
13378,16.126615719088697
13379,9.318480169220724
13380,20.4475091194471
13381,21.377095593781288
13382,6.232201775765837
13383,14.021969588869611
13384,19.413553910906796
13385,21.18186696878032
13386,12.628053721196338
13387,25.922698975852917
13388,13.328917959117135
13389,20.34004281788188
13390,26.59164498689959
13391,24.96091101648528
13392,32.90914493265147
13393,24.524037703775264
13394,19.76367099802957
13395,14.885483395287725
13396,30.716871795879932
13397,26.70493700719822
13398,19.49141655019653
13399,15.737783170829825
13400,34.1765916179403
13401,12.83906003217674
13402,31.83764892139799
13403,26.50064755644133
13404,20.037130126136525
13405,30.390754206153815
13406,21.638164102257356
13407,17.41699477694974
13408,20.524116050872617
13409,14.72154618342242
13410,32.97330920775422
13411,22.123535221970247
13412,7.521665949635176
13413,36.05469154822978
13414,28.967564308648747
13415,25.32313418792964
13416,17.39493160485499
13417,20.875093475804977
13418,28.77550885866821
13419,24.42132795381453
13420,9.024175095530477
13421,35.268505586418144
13422,16.372399680485405
13423,17.94330261020089
13424,20.48861821855178
13425,19.06684639729956
13426,12.875444528747597
13427,15.903843213286315
13428,33.91880398879461
13429,3.5207750901108703
13430,15.93658305348761
13431,23.110289478922894
13432,18.433844677621266
13433,6.084868997239414
13434,20.309189446458888
13435,17.424875579072
13436,19.853240409332308
13437,10.18895092911431
13438,15.007975806538603
13439,7.448453181223766
13440,5.27750540955313
13441,20.76735010843806
13442,23.92994031522237
13443,25.468730540455375
13444,23.611346473684467
13445,23.134328022382785
13446,26.13736179313755
13447,15.402508923597388
13448,27.486020794460817
13449,19.85924495288623
13450,30.9433229598877
13451,19.415798030159912
13452,11.261482652094672
13453,21.330966341679154
13454,14.588272704036715
13455,24.79724941478288
13456,10.584524678878493
13457,25.919025957742733
13458,18.494809488511308
13459,27.95204453187231
13460,28.121506271265844
13461,18.010304926372704
13462,11.263146795427172
13463,28.78821755005586
13464,27.47042607092048
13465,20.458747417159213
13466,24.82093151429762
13467,24.447949124791336
13468,18.896177130692642
13469,30.70866841136581
13470,29.003133935569814
13471,20.359550182728164
13472,28.843603633639887
13473,38.39476305530187
13474,24.131157131964805
13475,18.78524222292699
13476,6.578825704541684
13477,8.851266180084387
13478,25.248412561713046
13479,19.591124070835885
13480,17.82615198796215
13481,19.421426495238947
13482,22.93189656802693
13483,20.180118836486812
13484,10.999046670485393
13485,9.914139565598749
13486,20.308106545659516
13487,23.31274384204391
13488,13.165772247178008
13489,17.863032420047
13490,27.872751241289336
13491,10.460083791172803
13492,27.69237265829056
13493,13.182567358595097
13494,26.132856506291102
13495,21.131313868412338
13496,22.627802653379916
13497,21.893798623192282
13498,34.072553677164144
13499,23.393238912417388
13500,20.047710422248716
13501,28.83578938744766
13502,22.645469057237893
13503,37.19553846500155
13504,27.20635609528037
13505,19.32558743405147
13506,30.480409323357545
13507,30.629050665061975
13508,28.293215947167607
13509,24.807998512092347
13510,17.207950817325184
13511,14.335591259322467
13512,13.141982724021853
13513,21.894984531128173
13514,17.740357625875763
13515,11.341652776254856
13516,29.14659060958056
13517,18.97824038092685
13518,31.836309720309792
13519,24.69879647704159
13520,11.467610803928135
13521,30.21570110270013
13522,26.531557472554585
13523,21.451598811658307
13524,17.966602197068195
13525,32.48507675154055
13526,16.06192334556588
13527,18.58613816388428
13528,10.54006914275902
13529,12.403723069288397
13530,12.414117444636666
13531,8.975963095681113
13532,19.388848634104235
13533,11.49946583644657
13534,31.300402182536352
13535,11.030554086263253
13536,27.442328031054306
13537,22.79115385046185
13538,17.372509136815857
13539,7.101813299931694
13540,13.978042026126793
13541,14.92101534178741
13542,23.651678798651616
13543,18.78180960233719
13544,23.475918303468468
13545,23.35719672982513
13546,32.52474553559175
13547,23.279216751822474
13548,17.78663501465739
13549,17.00230147104438
13550,20.78920291730563
13551,15.664442998335463
13552,19.780118338830352
13553,14.862406952582615
13554,20.933086608320778
13555,24.391226219916696
13556,30.640045527903926
13557,19.9515342421537
13558,15.12381787952167
13559,17.069083688658313
13560,25.32201697498858
13561,11.654632513772585
13562,15.475885578607972
13563,11.662442210433618
13564,24.062842107254696
13565,17.120767954620412
13566,12.188167225665413
13567,11.469122681727509
13568,19.018618036041588
13569,21.3337092183871
13570,14.164850293707769
13571,21.933731868819265
13572,34.69417276284621
13573,13.116505740954683
13574,22.341420715946235
13575,23.102739407603593
13576,14.814253223214143
13577,15.611737398499752
13578,31.792575841254365
13579,34.4685986241261
13580,23.939706146785745
13581,10.724085027547165
13582,27.28490174408942
13583,21.963451119699798
13584,21.98956692796399
13585,21.74252718366271
13586,30.068360347842283
13587,23.93943418961418
13588,18.740553163100557
13589,12.77476272585768
13590,29.16493541020897
13591,12.458275794533973
13592,25.977435436819007
13593,21.899810252273156
13594,17.520954621030707
13595,13.833140402006634
13596,8.996577148415318
13597,26.26673408057917
13598,31.950852155313136
13599,16.471574925309866
13600,35.100802841558455
13601,10.412044405730526
13602,28.44501208063004
13603,34.18608650702968
13604,21.399848571631416
13605,25.141276536551597
13606,13.867901084908812
13607,29.279109373683138
13608,8.14829830074266
13609,29.49977701592734
13610,13.516866456234158
13611,30.869226509058713
13612,33.844276406077384
13613,21.50260834784034
13614,22.863361453036532
13615,11.238491327742722
13616,34.575645223267806
13617,30.44304307761511
13618,11.10240372877514
13619,8.505884283674442
13620,19.864821876662507
13621,22.642164771700568
13622,17.41032053711493
13623,19.82354292590782
13624,25.986845252979702
13625,16.781575906934464
13626,11.583244822049547
13627,32.13447473386497
13628,25.524758247087753
13629,20.3936449589928
13630,22.81140261796361
13631,18.781147072137735
13632,24.936199085686788
13633,24.91627254473944
13634,35.321467288620234
13635,24.102293758092685
13636,13.18783647521266
13637,26.788967524450282
13638,30.491173894206174
13639,18.503939436272027
13640,33.769360588122616
13641,16.1315128534362
13642,16.311800554489626
13643,31.58391867808238
13644,20.960764715426862
13645,13.293177344602753
13646,10.787207505445302
13647,23.294279047505007
13648,26.854561007320846
13649,18.089201119970845
13650,10.030350414170554
13651,29.334705076247058
13652,17.95413983298252
13653,26.60867075565938
13654,19.22406341489387
13655,24.45531433550576
13656,17.581407434752627
13657,35.187776566573774
13658,26.145846993245375
13659,19.995556869476072
13660,20.599487765917686
13661,31.789356353535737
13662,28.046927683897202
13663,25.044221076579042
13664,31.904453160753185
13665,8.466726255027256
13666,22.11565149522339
13667,17.52536863954095
13668,23.12296845892321
13669,20.59992690791444
13670,26.170279714051937
13671,10.74188315499264
13672,32.721943019047664
13673,21.71346966401409
13674,21.404905047223572
13675,16.686094774520914
13676,20.63766332853308
13677,20.13317586242848
13678,26.781819404515254
13679,34.24253210802404
13680,8.541383476291495
13681,21.614906286965283
13682,21.289356598077365
13683,24.444202547938566
13684,28.514891478127804
13685,19.981386456961264
13686,18.06289411103073
13687,14.960882625583832
13688,21.28451462940804
13689,23.76766089529002
13690,28.137468793655206
13691,28.555250561187908
13692,17.550167561562635
13693,29.453588137117368
13694,22.95647820027402
13695,11.059636073913424
13696,20.472599858347643
13697,27.9991274637499
13698,26.9666027075113
13699,23.487430157770387
13700,22.45833501750055
13701,21.60934354094814
13702,24.279497267863835
13703,18.030672901029604
13704,5.257893627771788
13705,17.091456718137714
13706,22.011504105055735
13707,17.290870503767735
13708,11.842041132981912
13709,16.202015433309988
13710,18.18054230287497
13711,20.346180792309983
13712,19.543918564511934
13713,32.57440798828188
13714,26.141626316597765
13715,9.919985649759688
13716,19.10826794814129
13717,15.906518260470799
13718,15.111198127297676
13719,22.019355998377346
13720,21.867512862902537
13721,12.916868216736217
13722,16.809442908972866
13723,25.06187715628453
13724,17.545683903971714
13725,18.650117737637157
13726,37.65175571695035
13727,17.915719462763803
13728,18.59110275487906
13729,27.04935174823845
13730,22.167941118507752
13731,19.41521646993342
13732,6.638057639103223
13733,20.92683909488812
13734,19.63994379625484
13735,12.133961268607084
13736,19.852534141686306
13737,23.770330286580645
13738,18.926683350114164
13739,12.29221746519806
13740,31.703923195336905
13741,27.479148389299002
13742,12.553822513013532
13743,20.425827718228337
13744,25.06499845949071
13745,22.8725291240102
13746,29.126071083615205
13747,23.934600310796668
13748,23.73232010798272
13749,8.871119193843796
13750,10.831014245003045
13751,12.29365089334392
13752,14.931333891848901
13753,27.27058421755853
13754,29.08618696938664
13755,32.40985924388676
13756,29.683700730266064
13757,14.159848573315045
13758,14.057248393823295
13759,22.46403660671574
13760,18.200703418513637
13761,16.819339011400043
13762,27.480796415685276
13763,30.347780896880515
13764,18.33624143282298
13765,19.789839798176935
13766,22.163952058301323
13767,17.860012856571718
13768,36.28407357249019
13769,19.697146139183648
13770,18.559466974033633
13771,24.960224856785704
13772,20.903849798203883
13773,33.66436309675443
13774,29.496537101912335
13775,18.723470288054564
13776,23.4437985171699
13777,18.27040408785421
13778,19.35001154147442
13779,16.58546445213393
13780,10.31831676497479
13781,17.403070713652966
13782,5.269970371194266
13783,14.861279049874915
13784,24.118157665756573
13785,17.241782809016975
13786,25.854584958870554
13787,14.095104530245639
13788,18.635259397370362
13789,16.774652906265324
13790,35.268048799501265
13791,9.93726525254751
13792,32.6588630440054
13793,24.26847532664585
13794,30.190009649988554
13795,27.556573355875937
13796,7.8842274589961185
13797,11.46164801363092
13798,23.84300440542718
13799,21.755372008117437
13800,14.667662791161248
13801,15.749431470995635
13802,20.99919130688744
13803,29.812502529929215
13804,18.482028960232103
13805,28.802254657770177
13806,29.97793488763722
13807,16.412639561208785
13808,26.10234729537057
13809,23.177468862325384
13810,18.798432469219023
13811,32.84591646630957
13812,26.01102943905762
13813,28.16933663295801
13814,29.740273353284405
13815,28.54073967832175
13816,27.47327451894361
13817,16.49280662393817
13818,16.547306772700587
13819,21.405988361487392
13820,24.573280658548537
13821,19.81656109070275
13822,25.14738430563343
13823,14.40341525252653
13824,32.40626945288958
13825,21.564215640189687
13826,18.782833125913523
13827,25.977526385980596
13828,20.06284982421959
13829,21.6706129958511
13830,12.48925817997912
13831,31.71082526335252
13832,15.952531104640602
13833,12.761950955155626
13834,28.767328790096578
13835,16.310464580394182
13836,27.080342623517907
13837,28.588215391249893
13838,33.863778863558295
13839,27.677059902907494
13840,18.458989463709585
13841,31.960098417581474
13842,24.507629509499314
13843,24.191760315968068
13844,23.28457384541918
13845,32.13424902574958
13846,33.205175807684824
13847,16.68271612248877
13848,12.691482705590776
13849,16.30360034818352
13850,26.24443744052596
13851,24.891856597235552
13852,15.044228690534004
13853,14.99924072652856
13854,22.335218744831305
13855,16.768632958970727
13856,19.757087388832065
13857,12.640682186540472
13858,26.968288539841613
13859,31.022694982050545
13860,12.039655430983673
13861,16.14955137180656
13862,18.51130583859162
13863,30.393007133385233
13864,23.01178572262771
13865,24.137884551571894
13866,24.936438647211315
13867,29.978417153716713
13868,24.3068844711556
13869,16.672721382101777
13870,22.582351748774485
13871,21.186026582499043
13872,33.629148904329696
13873,23.714500724201436
13874,31.1424743816708
13875,22.05501886986975
13876,20.783795506385818
13877,10.919429171296578
13878,21.120021318296583
13879,8.29201744251975
13880,28.240444155142587
13881,35.91306875890342
13882,23.10947375242656
13883,27.443200904478438
13884,42.11306692685848
13885,21.67984356537882
13886,32.30216190456655
13887,16.783807609272614
13888,28.557459926063757
13889,25.48713687154146
13890,26.116179582538372
13891,23.887072136610335
13892,32.76808982987039
13893,20.354316579401697
13894,22.877706901855884
13895,21.109073856655034
13896,21.46929847444727
13897,23.718461173444005
13898,35.158943735413594
13899,23.96516676894307
13900,16.24329061589118
13901,10.814571662246795
13902,34.06661139723652
13903,32.27244178571078
13904,17.14396909538309
13905,6.988992446001779
13906,28.005469605396648
13907,27.694288561894258
13908,14.501387341685746
13909,23.151114134358945
13910,21.41587840186189
13911,15.132763827430303
13912,34.05519196083889
13913,17.414092721842387
13914,24.1419367444628
13915,11.387771042118272
13916,25.93052103006496
13917,14.369229203751798
13918,20.045013543853152
13919,22.22690937631973
13920,19.725815258236974
13921,22.39771178682785
13922,34.314956188922544
13923,33.48469995613984
13924,33.02149478509564
13925,26.037452698027966
13926,29.06402091985475
13927,17.006630600907904
13928,10.27199023947534
13929,24.257511798620705
13930,11.649635135161079
13931,27.128047495680153
13932,17.408612152381917
13933,15.780757026539948
13934,29.043327959320152
13935,17.85964985502492
13936,22.211807105455307
13937,23.372014019874804
13938,24.727190321881878
13939,24.825325538517724
13940,24.999493907153006
13941,26.48132356994684
13942,32.12513157306775
13943,19.371500691695044
13944,12.685819933965991
13945,24.432557412954594
13946,34.26129436889254
13947,26.643467471325128
13948,7.1836482784975715
13949,27.560286580060968
13950,11.483706287966637
13951,20.13833015029554
13952,25.62869962859193
13953,9.813930961155183
13954,14.403547878422284
13955,26.00775720047379
13956,29.362986517837946
13957,8.0399338141285
13958,10.101516941669233
13959,11.293684625962324
13960,33.95492163884478
13961,28.788573072001107
13962,14.284803794580966
13963,18.985432218298683
13964,22.408963791400765
13965,27.87202552765352
13966,22.05961972367062
13967,28.173511956649406
13968,24.613639683397622
13969,13.884712860662667
13970,16.470584775573144
13971,22.22017647668526
13972,26.367483687027594
13973,4.436309036510734
13974,40.21581683596091
13975,17.079559595490636
13976,9.533877801895738
13977,29.988101207945743
13978,12.790315063433487
13979,8.780192307844404
13980,30.103133506458178
13981,18.49578621416211
13982,14.608937934133959
13983,25.22095800775614
13984,23.17888776803916
13985,30.66514993385151
13986,21.397549735284805
13987,23.517684102953904
13988,21.38942756730653
13989,23.15638288265779
13990,18.939277323641104
13991,16.811256539343933
13992,30.7950765023558
13993,41.41187647452794
13994,9.345247196634833
13995,15.289319177082243
13996,24.547663824096787
13997,20.297680563808306
13998,31.039528310406048
13999,15.46614965090888
14000,26.092863081732766
14001,15.68572978405596
14002,21.60597270093124
14003,7.380729314859389
14004,12.350930105614207
14005,27.88058036850601
14006,32.26670940470265
14007,10.589014980877987
14008,18.892500520653464
14009,37.71812394089282
14010,26.33975961738944
14011,21.165115049544553
14012,21.193937553799888
14013,8.901034247376442
14014,22.427740612926925
14015,16.728880697142483
14016,28.06232842665644
14017,31.24821506747616
14018,19.7872927244116
14019,24.77688549470431
14020,12.515912742740149
14021,6.8471016043966815
14022,17.877611718296652
14023,38.92955362533239
14024,3.1839495711153996
14025,13.31766444723771
14026,21.722962209591486
14027,18.91447361240427
14028,26.00083632750446
14029,23.480480554134807
14030,7.6534501031864535
14031,18.680089684366198
14032,12.965760670393522
14033,26.471589549164158
14034,17.633046389962033
14035,25.033847815508437
14036,17.157505160351903
14037,13.635170085319515
14038,29.213403774358838
14039,27.881268693587284
14040,23.884949124501517
14041,28.93858799057471
14042,23.18395423549109
14043,25.09565518540717
14044,13.593905749682133
14045,4.431213717091383
14046,28.913669581245273
14047,26.65647933392685
14048,29.28865809028305
14049,17.675865537699675
14050,27.061633940900386
14051,18.39667927253556
14052,11.557381506476272
14053,15.793978112299023
14054,21.480670456929523
14055,17.600280200173124
14056,31.105669509222437
14057,19.92924276378251
14058,8.71387523442656
14059,20.307655859016073
14060,19.54657261807995
14061,31.383272735998165
14062,19.739325422300322
14063,32.71276368174101
14064,29.465639830584358
14065,21.930089420810155
14066,26.39088935464136
14067,22.491582516130084
14068,15.137805787129833
14069,33.28941083226735
14070,24.377377409889743
14071,13.75674102846348
14072,21.954039255283565
14073,15.30740364949662
14074,28.908562462754908
14075,31.302041737759282
14076,22.348024765604844
14077,17.632907658069623
14078,23.440817342432737
14079,14.983451033161023
14080,27.433727705487332
14081,10.949714377094217
14082,15.636316252134673
14083,30.133688140902887
14084,19.85470655062022
14085,27.159822454014275
14086,21.44704684286826
14087,15.811349548791847
14088,30.278205082072844
14089,19.647773750902992
14090,31.188364843461542
14091,8.253961038499853
14092,19.57214261046496
14093,9.776628323630716
14094,35.94501041178981
14095,17.208702387680667
14096,25.208218286238193
14097,22.08778946883828
14098,16.06558853941518
14099,16.832187090042968
14100,28.327668952904027
14101,20.569705197865094
14102,16.571837796273012
14103,32.88866311518513
14104,31.04945316643959
14105,25.024086697362932
14106,12.220331198880245
14107,13.07187818995562
14108,19.36666588409205
14109,24.02181607626146
14110,35.12589324786886
14111,15.050462787755288
14112,32.329590504813595
14113,21.903379468189474
14114,18.81600255348818
14115,8.772440998964125
14116,25.305334775475522
14117,21.570925877543026
14118,21.67832944764847
14119,21.98776399648806
14120,21.34522688891451
14121,10.921079819715986
14122,25.81961938468536
14123,33.32833095172033
14124,25.248905484068345
14125,25.319142987346083
14126,15.18729438807816
14127,22.797418088829737
14128,22.143526955522685
14129,18.928537548631752
14130,32.773072158115724
14131,17.768924513585624
14132,24.379159293264784
14133,9.825890122704958
14134,31.662296723977562
14135,11.81727122181902
14136,20.21261074490658
14137,27.327911965356265
14138,11.655417535095497
14139,16.4862213298832
14140,18.742361706031318
14141,16.62689447367501
14142,17.799185132706192
14143,17.413974643919676
14144,22.455477677148146
14145,28.069071825581865
14146,35.660138753077035
14147,8.349638514373721
14148,11.653889227728545
14149,34.48893497273935
14150,31.044133667794235
14151,34.14303885717413
14152,10.736354374839735
14153,28.70270330401751
14154,20.719736742235945
14155,37.40120998198002
14156,27.734812157644072
14157,16.95283949690539
14158,8.340533458248656
14159,19.988531152913176
14160,27.501988854667424
14161,26.76025958849462
14162,14.920879198490942
14163,28.20918381044877
14164,22.00975160767347
14165,34.00359092603222
14166,28.69404073848737
14167,11.985299175670947
14168,17.794941314753338
14169,14.443920331461953
14170,11.975480931536998
14171,34.44266717863068
14172,23.932687579646945
14173,21.30751092311217
14174,35.91408908851892
14175,19.50668746958716
14176,31.80227465764073
14177,12.675995821365145
14178,21.769851779425945
14179,21.39481330321204
14180,21.5291461245144
14181,20.442148801660128
14182,32.24147878028302
14183,17.013433818286472
14184,16.20360283980478
14185,6.684767876557213
14186,24.57110789897068
14187,11.06557976758606
14188,27.796690251307655
14189,33.5327803957272
14190,40.116357856745864
14191,33.27059189759853
14192,17.005039988862826
14193,23.969403584037266
14194,35.745659443703275
14195,20.903360271777384
14196,26.328433653156605
14197,15.222865667462834
14198,31.2726102102123
14199,14.145788407357273
14200,15.594377038279719
14201,16.319164581584978
14202,26.587761342902212
14203,30.79442271009335
14204,13.46973295536213
14205,24.557009202490008
14206,19.743171342858936
14207,14.832020498536961
14208,21.07716216813501
14209,34.7610613360315
14210,12.215327768873752
14211,31.06918264660564
14212,25.688645796791516
14213,22.35658779368416
14214,10.600321020086113
14215,26.749855143675198
14216,7.980734860085711
14217,13.869922105353048
14218,24.841393152463873
14219,18.507081010062315
14220,14.779605084884455
14221,18.836077675348676
14222,15.930526243611112
14223,21.31175669312989
14224,24.939539914979328
14225,39.941109454075
14226,4.016762990221145
14227,17.36546520778301
14228,16.508929124897616
14229,19.98773997108414
14230,27.97720197861359
14231,15.056887982694414
14232,27.13385538434575
14233,25.32688181328406
14234,20.3482691992828
14235,13.734607944835073
14236,18.309673067039974
14237,23.049525798624124
14238,21.40189674012739
14239,34.14515917433465
14240,17.39748056591374
14241,22.125679083335015
14242,30.431198115420138
14243,22.471783285101207
14244,22.90002435470557
14245,12.65603067975885
14246,16.35513061790416
14247,19.79108596177562
14248,14.189630922914368
14249,33.65144456975196
14250,19.489318527137257
14251,37.75156828378561
14252,24.63310273411645
14253,21.4720722387796
14254,25.962978697779093
14255,18.326764950893686
14256,8.05587292095731
14257,21.69446177603126
14258,18.136494320147783
14259,14.29999531749645
14260,19.306438739433233
14261,28.18974146106406
14262,26.94448747009355
14263,32.70502704633146
14264,27.898614402295735
14265,8.636742042406365
14266,28.80368632674401
14267,23.09403839387081
14268,23.416110831483774
14269,25.96676520643028
14270,11.837785579718682
14271,12.833261392423257
14272,21.919374173303325
14273,18.533061255985018
14274,26.49421718057249
14275,13.887200266363289
14276,23.774349965552933
14277,24.36476764867382
14278,15.680401959754489
14279,15.111832512635527
14280,19.254760166494805
14281,38.60704680412711
14282,9.550869488777082
14283,15.419150526278724
14284,22.019188609701885
14285,18.412737268400903
14286,26.293831781047672
14287,24.2131766181264
14288,30.990958435608217
14289,33.2998120545674
14290,31.352238687602707
14291,11.076881300637025
14292,17.426254912952384
14293,12.212077326397795
14294,22.76487275232997
14295,20.6972209338008
14296,19.25230789081118
14297,29.164847091648035
14298,30.456701869621426
14299,31.813310785402702
14300,25.58880338698882
14301,24.600175101601188
14302,6.017197469278862
14303,19.476838528452408
14304,34.55065423014712
14305,13.306231774493792
14306,11.992612341219537
14307,9.701949530670838
14308,21.715536929533155
14309,16.233463238991334
14310,27.215735919774545
14311,16.274082233683718
14312,25.454058198313867
14313,8.3099571540454
14314,11.679337169641949
14315,23.890304188187834
14316,25.141518217998314
14317,19.078928979521855
14318,25.536700827628323
14319,30.54179087442906
14320,18.376840256793592
14321,14.295198225684505
14322,26.056629158063693
14323,23.193871933503917
14324,17.94549612796298
14325,10.686394988818385
14326,19.362017886242818
14327,29.9566721191923
14328,30.446359697235323
14329,20.47803312678286
14330,14.161146712589868
14331,33.83550887263878
14332,19.586897512807273
14333,31.29127517882765
14334,27.76567543256728
14335,17.410036403306794
14336,30.449299570149016
14337,16.721047551832314
14338,5.6104725596145855
14339,8.804936922165956
14340,16.792748918976933
14341,15.773791698317604
14342,11.543529840005968
14343,21.518271825410093
14344,8.825154833395015
14345,28.771865547649796
14346,23.48689718077498
14347,27.079688484359174
14348,26.575365117507573
14349,26.73256514075001
14350,18.699993362695814
14351,11.615574781647839
14352,26.41679283981511
14353,13.590295621989723
14354,19.493849945928652
14355,11.720470168680633
14356,22.500899123729468
14357,34.20475837307544
14358,28.58775789278929
14359,26.40716933823147
14360,12.774353459057119
14361,9.278178359599018
14362,17.97357348836558
14363,36.84621394877485
14364,32.258456139767134
14365,20.989574200359648
14366,4.516680635500995
14367,33.48748260005669
14368,21.463215104951555
14369,29.886404998118007
14370,27.994507310419174
14371,32.33984628353176
14372,32.63249418434542
14373,30.990398791511637
14374,20.847559946943516
14375,9.633420344276116
14376,27.520143822298536
14377,4.985605497319478
14378,19.588645631817663
14379,24.77403339152581
14380,37.433532391404285
14381,14.718274218718465
14382,25.072228932168997
14383,30.573690849098607
14384,18.490029873560616
14385,19.363310654967137
14386,18.9739451592134
14387,25.667280826857265
14388,21.458996085519352
14389,28.61479887054083
14390,23.690816596908714
14391,26.510498962349633
14392,17.92775032071992
14393,21.85707209169634
14394,22.914383262502255
14395,34.34040024021826
14396,24.896341754718648
14397,20.471903815455583
14398,22.224874687577206
14399,17.701122678272746
14400,24.60009721377191
14401,25.168355730508654
14402,21.100167700680856
14403,8.535158920828517
14404,27.068260846330038
14405,20.070638662256858
14406,16.592832831170032
14407,25.83156984275203
14408,23.78947915137727
14409,5.604736546363268
14410,25.791220926813203
14411,16.07023596429832
14412,28.08638104137715
14413,31.877992991015294
14414,12.178768955088682
14415,9.875632364745051
14416,26.423148483776536
14417,13.574207176198769
14418,14.357241967150024
14419,16.95086048496314
14420,24.199749404986676
14421,31.12347968738597
14422,29.737742731802097
14423,26.477054985765264
14424,9.472754580524422
14425,35.18063879020981
14426,23.430185500708596
14427,37.69173877403851
14428,28.908023243371844
14429,28.16524610512888
14430,35.081186350554816
14431,13.739080231453602
14432,6.619531053268737
14433,23.770173853620193
14434,16.579950782095693
14435,27.47079757501392
14436,9.898856255627173
14437,15.070812176618809
14438,18.684076429592533
14439,21.367725260950365
14440,14.716404685981388
14441,26.1349610002735
14442,17.011818721654393
14443,27.15629253548893
14444,26.838437197915653
14445,12.867290700927004
14446,15.126176428418912
14447,8.800467672756277
14448,13.118252085283183
14449,17.64656540861633
14450,26.255892587221915
14451,32.18695587894726
14452,20.457332605835624
14453,28.877370120955824
14454,24.358521815768217
14455,23.891663245581125
14456,19.9496876303173
14457,20.80859451802596
14458,32.96997790381137
14459,27.925417450228203
14460,18.915882283068516
14461,3.866557615288025
14462,10.843700988181084
14463,30.496212410585695
14464,25.378626604722037
14465,28.983683952085574
14466,25.926553604138043
14467,12.59652736892664
14468,11.316295458277605
14469,22.943197696641086
14470,24.508174928598628
14471,37.621935132556025
14472,26.855656941021138
14473,28.014690867983475
14474,10.24417124891043
14475,14.612094778928583
14476,35.910675607860384
14477,20.64875350494689
14478,21.050135328216356
14479,8.530976472550291
14480,21.693199248142417
14481,24.026185930415167
14482,11.999620820092519
14483,32.61428202292943
14484,29.18986399121762
14485,27.851352728956854
14486,17.226202979499938
14487,21.920426659673893
14488,29.02530028454383
14489,38.19593230768132
14490,12.06708853359133
14491,8.614330688117096
14492,30.861105457313823
14493,26.194402809787874
14494,12.446880770687063
14495,31.45866803261056
14496,11.873803137113864
14497,17.72705054181947
14498,30.919302598797927
14499,18.97743979930204
14500,27.02392865115378
14501,9.729402989348623
14502,13.446541088522258
14503,19.450785696251103
14504,22.759766046273032
14505,18.34812819455547
14506,22.693961927623057
14507,22.083629922083205
14508,29.10345756841719
14509,18.25118266463907
14510,13.471201305844081
14511,18.6365517278291
14512,17.949509710860685
14513,29.33266787701948
14514,23.182282107910318
14515,32.198963647648945
14516,29.724328530194533
14517,9.447467053451316
14518,15.234252372768532
14519,21.9245965466791
14520,34.87365634545865
14521,18.26808436454118
14522,18.67563469346161
14523,19.680079753703147
14524,24.798518407037943
14525,20.38366005478047
14526,21.920879761422096
14527,22.5754492745704
14528,20.481911814296737
14529,20.569861333983226
14530,15.9279752724227
14531,39.8963429507163
14532,32.9549416788135
14533,16.898328234682346
14534,8.940503588406196
14535,22.64211299656474
14536,24.31328932598932
14537,25.909275895482043
14538,25.52972500731308
14539,21.317049144373023
14540,21.797045834030577
14541,15.576072807923738
14542,22.422574397134696
14543,22.71092472389367
14544,26.109515296752743
14545,30.7900608174824
14546,4.5562004339627515
14547,9.965183687626933
14548,26.402021711297937
14549,20.45792204814837
14550,39.655525879644046
14551,9.672006409943524
14552,24.496283438247954
14553,23.063983644132698
14554,8.97104596513666
14555,7.7668783987755585
14556,23.048986699455224
14557,26.399341209407673
14558,11.102675536573416
14559,21.11739044929905
14560,34.94622792414461
14561,20.35277130414212
14562,8.439581337490448
14563,25.332239350102913
14564,18.42915986181334
14565,22.128837918643445
14566,18.620666445262227
14567,24.251129752083997
14568,24.293159750374443
14569,10.105925975778234
14570,16.338201048657503
14571,32.09625045522117
14572,22.75221519377109
14573,16.328545801774823
14574,14.899842353662084
14575,17.75617881820698
14576,26.824200148463213
14577,30.57941798385012
14578,22.84262634364229
14579,22.37411433388786
14580,23.82179913073385
14581,17.769558680519523
14582,30.241252960122008
14583,10.401311414133282
14584,20.6105080685729
14585,27.203927891656676
14586,26.18156115550815
14587,14.012558802656017
14588,11.70819669954671
14589,4.892094605702343
14590,23.32339796615759
14591,17.558185183238
14592,24.20324839323125
14593,33.56159587102133
14594,17.973921502197094
14595,17.84020524061445
14596,24.399799108304947
14597,11.375457519219257
14598,29.75280820142649
14599,17.453172063020602
14600,30.317921878694705
14601,20.899484688002826
14602,24.064586352838838
14603,12.94200972070134
14604,25.693632497233722
14605,27.961371363642456
14606,36.490577088390765
14607,2.059357873471374
14608,7.555378093616493
14609,28.54730268508028
14610,19.18578888135678
14611,23.72656699572906
14612,26.312603432717033
14613,34.28756450764314
14614,36.39361761343298
14615,21.83409761620684
14616,31.987378049927084
14617,23.75750977827871
14618,22.519264726396333
14619,23.502457823995265
14620,16.57738414548909
14621,19.25074800067326
14622,27.480124827994608
14623,20.009942975046016
14624,3.887211509168679
14625,8.19982723446683
14626,29.758874943865045
14627,13.442800698191505
14628,12.175276093982243
14629,23.282271828518727
14630,22.05474025947062
14631,32.48403018368053
14632,14.146495291654649
14633,26.701772136361583
14634,31.836359983518236
14635,20.96876081991974
14636,24.865919257386064
14637,17.32713416585873
14638,17.763737560311313
14639,25.166317837833095
14640,19.089227777312622
14641,18.139400088449424
14642,16.450884187717605
14643,27.786459232042677
14644,20.03939651253931
14645,13.547508065068564
14646,20.600425527172526
14647,31.93846287855228
14648,11.588890616523033
14649,16.238979937380147
14650,13.118799770206834
14651,30.664528816717045
14652,19.296151114091288
14653,11.96783897619561
14654,25.14613640601364
14655,28.96945965203703
14656,19.841100456101156
14657,13.165285043808666
14658,6.59152061223527
14659,25.856782810280045
14660,21.502988512523523
14661,19.37921412238915
14662,8.406034184162985
14663,32.87089495991093
14664,25.33820079817331
14665,19.43345569722628
14666,22.580499224242423
14667,6.331248481845249
14668,14.012414660682587
14669,8.585405137424335
14670,28.359202970417343
14671,36.8235407255973
14672,30.52067606612002
14673,29.01964427038388
14674,10.994379591684403
14675,28.700836222610793
14676,33.70631037923522
14677,32.29094394321486
14678,37.56356037824507
14679,21.55303848581142
14680,32.21862956007429
14681,12.437119599801967
14682,22.281000343570298
14683,6.6362956948197676
14684,18.223685436803766
14685,24.81640074061203
14686,14.262216015367983
14687,4.506253887712086
14688,20.02653489648273
14689,9.806776103113044
14690,14.24815738969535
14691,28.763257476189423
14692,21.99153869774382
14693,22.05864702443357
14694,17.783499522534875
14695,21.843676330233187
14696,34.5393750633116
14697,25.184877833990683
14698,11.056054597997484
14699,7.817997530433349
14700,17.828063858057902
14701,14.447914668675182
14702,35.069957919645965
14703,8.316660729271845
14704,23.68253557681451
14705,16.371504312440436
14706,25.753702212563034
14707,24.593262214630556
14708,8.47279276190032
14709,26.133407186231214
14710,21.774496470510506
14711,33.47192037345046
14712,26.238847869872377
14713,25.52497754228768
14714,29.010047237006013
14715,20.56362096044337
14716,13.749395115103162
14717,17.26531600495095
14718,17.468443837911966
14719,23.99823697973028
14720,7.647790808220178
14721,31.55039062036203
14722,22.570252460694817
14723,20.92965550343095
14724,23.29856768027129
14725,10.228878167590905
14726,28.88889511566665
14727,14.97897382572063
14728,21.900991873991497
14729,24.14030323345797
14730,18.244523774727856
14731,28.44060180628565
14732,14.413025508386077
14733,35.317674344676526
14734,18.972268296391846
14735,36.89694131502138
14736,14.410315799675264
14737,33.742602175193504
14738,17.677564904840832
14739,17.054957694809453
14740,12.325606947009161
14741,14.81423114200901
14742,16.451907923409546
14743,35.41776993275258
14744,21.05626290652167
14745,13.032742328458024
14746,14.5419856983971
14747,25.03805243960523
14748,19.96123081775326
14749,20.427784996394543
14750,26.668021645505945
14751,23.356157112493094
14752,24.300663290347757
14753,19.185060712129378
14754,33.15219126597688
14755,19.42380539514886
14756,19.39249131919537
14757,25.027358392746393
14758,21.441447808728938
14759,13.295549669066869
14760,39.38288595692923
14761,24.472044217455522
14762,26.630512461192964
14763,17.45364630197978
14764,16.47480807828035
14765,20.75566879681893
14766,14.742882652713913
14767,11.21309365593221
14768,12.794992854090811
14769,13.40640073908353
14770,31.62532882291476
14771,29.590121364371065
14772,17.966196942808047
14773,24.216933569704928
14774,15.367053615183327
14775,16.07314603812957
14776,15.310169718708346
14777,12.028162937503891
14778,33.843779356869476
14779,16.41238982283805
14780,29.12815133665344
14781,18.73567832693349
14782,27.31120086980134
14783,27.51462832234423
14784,26.010580397777332
14785,17.473599641064656
14786,13.119545374866513
14787,19.726573584686953
14788,22.064648605489836
14789,29.21715645510401
14790,21.10171033898709
14791,18.127477284674885
14792,23.75929233011284
14793,29.562607116975666
14794,26.46908671673583
14795,14.272484522465403
14796,14.059425752936981
14797,27.654429414165506
14798,32.8881497384008
14799,25.778892244490144
14800,11.550904311435907
14801,16.235163408381858
14802,20.30739030055169
14803,18.0862887675763
14804,27.981932373492466
14805,9.877038873807075
14806,15.955524918846411
14807,10.541528217034227
14808,10.402281911121182
14809,34.32578145099626
14810,10.738727588076127
14811,22.433977033081582
14812,12.270959596943829
14813,24.66495138553441
14814,21.24054956264393
14815,36.11317746707057
14816,27.233913646293274
14817,33.47798033611612
14818,16.721863297971932
14819,28.022548892189622
14820,26.629582103492773
14821,23.76541793888173
14822,26.571962196559404
14823,16.83117731346698
14824,16.343316325283173
14825,19.287876486620455
14826,23.01304474526932
14827,28.97525883370782
14828,16.03552118099573
14829,20.727610819502882
14830,13.040888116821703
14831,7.849130171453551
14832,29.38427526612518
14833,20.988524025567557
14834,7.268880804941807
14835,24.090104352022504
14836,13.574428823515326
14837,22.487807084770733
14838,23.097203323965566
14839,29.24868060394016
14840,29.00591821605463
14841,12.96968707088334
14842,20.72901100833782
14843,18.965172663029175
14844,23.43689300096069
14845,35.74590709598084
14846,18.062153181193196
14847,14.8732153410981
14848,23.291358084441427
14849,20.14361308683677
14850,33.421668643295675
14851,21.68124447002471
14852,18.72576044285649
14853,24.769315274121233
14854,27.166703800426745
14855,22.102048561920473
14856,19.011541354634154
14857,22.229150024678976
14858,21.775701300464675
14859,22.85252104439246
14860,6.803916610405735
14861,29.927963194101487
14862,25.795595729446486
14863,18.414303618337435
14864,33.535311231631596
14865,16.086625224984616
14866,8.363914518565277
14867,24.400463649537357
14868,16.89734187564948
14869,18.53875938232487
14870,32.66727693056634
14871,11.73271503045962
14872,24.22414875242909
14873,14.71564931121223
14874,14.945986462631913
14875,27.647449831533244
14876,23.65894622500862
14877,10.364693141687066
14878,29.338662289460917
14879,14.994316104410089
14880,11.826925304734626
14881,35.40256151819419
14882,27.661385041742882
14883,15.351020717175828
14884,37.838215993554016
14885,18.144393223172223
14886,10.448102809137064
14887,25.159774275205628
14888,25.57810785417346
14889,20.304014963912962
14890,34.79206193662505
14891,18.17308901659036
14892,32.185023236770306
14893,21.6008585486825
14894,29.107288039195446
14895,22.408388439907064
14896,20.00714183523399
14897,28.311085297134653
14898,12.124995333798962
14899,30.843643982702183
14900,15.99204776912483
14901,15.654961205539124
14902,29.643595521930003
14903,20.80895421591569
14904,13.839109805513075
14905,8.92875492986793
14906,24.844590947568243
14907,26.974062961100564
14908,29.97996951634847
14909,28.10073228377703
14910,7.073742951128459
14911,15.867083315967733
14912,32.751817843834615
14913,21.045667487056868
14914,27.879361694382826
14915,34.81670290039235
14916,24.716997984060747
14917,22.015457646717852
14918,28.793434748617027
14919,14.431930806326381
14920,35.271752532977345
14921,23.897938378523776
14922,37.161602223487826
14923,24.424455647948637
14924,31.52295514231902
14925,24.992918941246202
14926,30.309503878643042
14927,10.981100212413313
14928,15.065503248010721
14929,8.744083724712798
14930,24.87355593650284
14931,20.737470781905024
14932,15.03409781085042
14933,24.031683369445336
14934,2.5934042160613364
14935,16.218025449074624
14936,27.56318029838075
14937,23.85698014723965
14938,16.584592110562742
14939,23.433846338892277
14940,23.49400039167787
14941,26.158935927476804
14942,24.75569419036817
14943,22.941664464805424
14944,25.124217570741195
14945,23.556519228672023
14946,20.680684711380156
14947,32.06278096303168
14948,24.725907006424663
14949,10.006126590283193
14950,18.90174860909838
14951,11.973041958228974
14952,14.35462642523511
14953,23.231836024831175
14954,13.756720054792781
14955,29.273073533444716
14956,22.360053601371664
14957,17.612493511660333
14958,19.494068788700275
14959,30.23938351519849
14960,22.08478908302464
14961,28.052426673816626
14962,20.832920126308657
14963,10.343853647720888
14964,16.028381913954945
14965,24.96320146503457
14966,19.951684871417715
14967,28.714992755183104
14968,31.746545394136753
14969,13.291783347537205
14970,30.307056348334523
14971,22.045128894634917
14972,28.012066702997245
14973,21.000768368730416
14974,17.44574169077231
14975,5.859884892491147
14976,32.41978979665503
14977,16.3679465698097
14978,28.06381879849669
14979,23.924057189707327
14980,20.27188103800906
14981,22.99370523508591
14982,19.251026164515313
14983,24.039721506960635
14984,25.940586588957416
14985,22.131229903315997
14986,24.07812664505911
14987,20.678971434535008
14988,27.577622145469523
14989,18.722276032138435
14990,16.01881463473765
14991,25.694191847264747
14992,22.922356029989757
14993,25.48196077228591
14994,7.430075462092908
14995,17.03256807620386
14996,34.011845451104804
14997,17.950553744120587
14998,27.78735105913772
14999,14.518962177249461
15000,28.047076964125953
15001,19.104132404787904
15002,6.274580498549836
15003,26.675437051205385
15004,8.533919593280137
15005,26.841166488384538
15006,28.28749357451899
15007,20.048019130474717
15008,18.15665491909643
15009,25.888857423671126
15010,26.622763598253385
15011,21.111853467717673
15012,22.809100486872605
15013,26.233768840342066
15014,32.49728914141139
15015,16.71192024295262
15016,25.8253968936226
15017,27.05273365621624
15018,28.77650706779399
15019,16.061173482811007
15020,26.183628698145107
15021,15.849737981523237
15022,21.45399004001143
15023,24.12696351202382
15024,24.967123678344628
15025,36.291861235892824
15026,36.23050524361903
15027,9.498057131103819
15028,6.4630170392463375
15029,35.89370564287211
15030,21.389795143759113
15031,0.6862249269262471
15032,17.436032097781904
15033,26.960500577588043
15034,24.103536685502164
15035,11.31519128648217
15036,16.233884327516066
15037,13.452891197764172
15038,31.360362375879006
15039,34.373603724636126
15040,24.44800144967716
15041,9.092588760622803
15042,35.62942369951801
15043,30.067998523672767
15044,26.23166693713295
15045,15.729315976999573
15046,33.723188661305805
15047,18.45067950863553
15048,26.714962029412888
15049,16.696453375970698
15050,26.89483956316544
15051,21.02981588386167
15052,29.132739690103243
15053,26.792811591715093
15054,14.46667177680601
15055,20.29420508931608
15056,17.194322004195232
15057,27.044532918916357
15058,13.94169434614411
15059,33.67024927284373
15060,20.487783950990142
15061,36.95859592718705
15062,20.76031425890708
15063,25.400786625872925
15064,16.62108202806845
15065,21.492228936969816
15066,25.546347974571177
15067,17.226934266389318
15068,21.69485478790414
15069,27.27266494719114
15070,18.776741529375165
15071,28.401758606327284
15072,10.25371420101969
15073,11.264944594299623
15074,20.112689643964025
15075,14.609463471677055
15076,18.974757560972
15077,23.95465578666682
15078,31.343053197890647
15079,31.44463466247192
15080,31.626305222386407
15081,25.629032386069724
15082,30.136704630803184
15083,31.62980878866513
15084,7.472799287148986
15085,32.78612836550286
15086,26.584799157125957
15087,31.46716854208458
15088,31.054840260059077
15089,21.34507462441431
15090,23.64043713819393
15091,13.214438121717281
15092,5.4758247540304
15093,24.045673282646995
15094,21.75940559010806
15095,18.434250621318327
15096,17.07616839914107
15097,13.35960135481255
15098,21.753119308157046
15099,9.395908106714455
15100,19.860617742108886
15101,22.844779685457407
15102,26.366456574108312
15103,27.181285000683754
15104,22.08319792481018
15105,20.08383878190608
15106,17.38112797517604
15107,21.62975274845356
15108,14.28966888563715
15109,31.528456432258793
15110,19.227468830950478
15111,19.0438693729332
15112,13.819749969386997
15113,22.83980760050403
15114,10.255977301487732
15115,17.196498372551513
15116,21.378052163100996
15117,26.633154254345058
15118,13.641616857282232
15119,25.423073423602506
15120,12.702242713981594
15121,25.04783413935997
15122,21.096739147118864
15123,16.839560020273808
15124,24.229787700872883
15125,31.154635161594996
15126,17.55147957980146
15127,21.198170043144426
15128,23.783928814350375
15129,7.455983418343871
15130,21.746665419418896
15131,14.08083625633466
15132,32.62265799376023
15133,24.698871034197612
15134,30.030564958351786
15135,11.60536291683032
15136,21.534321945752964
15137,26.980996055408454
15138,10.776435820566284
15139,22.995396362653878
15140,33.844932714449385
15141,24.819887032695043
15142,30.930047344620615
15143,13.336453326181818
15144,19.940250798954718
15145,26.26776885327942
15146,13.739040171537125
15147,24.373346253643277
15148,27.17741700216176
15149,38.759696136505504
15150,25.415828052934703
15151,30.04531103295713
15152,19.89870045968324
15153,22.12016576424897
15154,28.714077423433466
15155,25.480154307527492
15156,16.4689766612255
15157,27.581328980791668
15158,14.992762026641625
15159,34.88601819193518
15160,10.353944993772998
15161,30.176388419972085
15162,27.960099491978397
15163,12.226175541834213
15164,15.572681986160468
15165,14.942340575476067
15166,20.817506576176385
15167,9.65502612276158
15168,21.734254798977172
15169,15.85009608718122
15170,13.260464946603424
15171,10.490589553800321
15172,16.946904707829535
15173,19.326823231747767
15174,22.054215152490418
15175,24.86501916334889
15176,16.697856000931566
15177,22.192261951432883
15178,8.44194976355553
15179,27.209875318157433
15180,28.8245875241451
15181,21.914797767716713
15182,25.544532457335052
15183,33.632919360754954
15184,25.086326680693627
15185,28.07467579126051
15186,12.304420141432107
15187,19.196363578228123
15188,36.40959009978793
15189,10.143992767447127
15190,30.60753550000664
15191,20.69137245089431
15192,18.48955978115366
15193,28.11767174258121
15194,23.584445341142903
15195,22.03065334519587
15196,16.274839790322137
15197,34.50874694023219
15198,25.152565250917807
15199,13.12737545096077
15200,26.568819494179365
15201,26.31742109660699
15202,11.616905427027719
15203,18.104033015412234
15204,12.318682693910553
15205,25.35838317556354
15206,23.30948865955088
15207,24.451823214747847
15208,19.56602019824853
15209,21.511644741117234
15210,11.88704664469629
15211,20.055766049979113
15212,24.035907233974775
15213,14.779309660680225
15214,23.462286715535026
15215,12.66060937331287
15216,26.415181447474147
15217,16.304425716961678
15218,27.66671062997866
15219,31.383751049988106
15220,27.337291837621457
15221,30.790982487290975
15222,16.445579700014406
15223,27.216630481814253
15224,21.891706860416164
15225,40.66043043860455
15226,16.616736637016256
15227,37.73436229290597
15228,21.217252194330925
15229,17.973480866843076
15230,23.55911325106136
15231,17.385656070180577
15232,20.851567250241516
15233,36.47066306738946
15234,10.396096851237381
15235,25.483596325252748
15236,18.623581615287492
15237,39.522790487430214
15238,23.364162905707975
15239,19.22447080808048
15240,27.008066883693722
15241,23.304778498414592
15242,16.60241397696883
15243,35.612704151364255
15244,19.321194863454735
15245,8.777312348367941
15246,28.177174726649405
15247,27.40503379232677
15248,24.002597063164405
15249,24.734642115081634
15250,29.482842553717127
15251,12.397465451435826
15252,9.646277384889345
15253,20.447496748982772
15254,16.353392412039796
15255,32.75440551673362
15256,38.58423949284016
15257,35.1314864630726
15258,11.266959149986548
15259,27.65938308658403
15260,15.200678531825968
15261,27.04425221495063
15262,1.5220283482710062
15263,9.267402351834459
15264,19.076138293619294
15265,23.238991077562282
15266,15.749478177055401
15267,12.837344321424268
15268,32.456415440940795
15269,2.9763767282912497
15270,12.004694232778315
15271,17.682939860699246
15272,17.192363888222584
15273,22.71761827690795
15274,24.597997274622365
15275,10.58631760579642
15276,25.199426993674365
15277,27.963218127569803
15278,23.18186361275703
15279,16.328987673225313
15280,8.855592013924873
15281,18.63837266513996
15282,12.492235711014386
15283,19.872049835449538
15284,26.011317857084478
15285,15.066506323503722
15286,11.015943761683783
15287,4.836539698399376
15288,27.046792295527958
15289,24.78245168001186
15290,21.531492310763632
15291,30.073054318035535
15292,16.927669408673676
15293,30.72760572083137
15294,21.351835729834697
15295,21.939188330844484
15296,20.068788677862685
15297,29.92216004724007
15298,21.544939034809396
15299,24.240274817361183
15300,10.866148811387276
15301,13.13418542945584
15302,29.747709258352113
15303,12.620026843678279
15304,13.05504676522606
15305,24.955405104329735
15306,9.783945867788074
15307,11.503189683584246
15308,11.310432680402357
15309,16.494164221660018
15310,1.946229721213625
15311,12.935019621683999
15312,23.746430849399733
15313,25.186570820791776
15314,16.08347690730134
15315,30.05576590828907
15316,13.024110368458052
15317,16.94479063683982
15318,13.055040283198
15319,9.26097997867421
15320,25.2369363620845
15321,9.579649853021841
15322,17.437160405713897
15323,30.72928578091639
15324,35.21028409096998
15325,20.720912662386446
15326,7.93668494639793
15327,34.71897902663047
15328,24.08698702376031
15329,20.706758357520627
15330,9.165036611483202
15331,20.07864015318295
15332,28.20560061737463
15333,30.1925682636656
15334,21.74259047637771
15335,20.931121423536837
15336,11.717113586162736
15337,13.488961163443086
15338,32.76995862246082
15339,13.476011866113721
15340,10.402722829439684
15341,18.447564279108065
15342,9.557626330451328
15343,19.292889542626664
15344,18.583063264315957
15345,29.092879381869324
15346,15.372333501118936
15347,24.66003076253441
15348,30.0345365570834
15349,37.46748666220618
15350,25.056920077667193
15351,23.451468857074808
15352,28.036444897050167
15353,21.75506125833811
15354,14.872541106417344
15355,19.793916456874026
15356,25.20363565094862
15357,18.507130863001702
15358,14.93314830070118
15359,19.631024141425293
15360,14.774286609933156
15361,19.798674707480217
15362,27.668308980966913
15363,17.45073140245814
15364,20.060353537462717
15365,31.12642478661721
15366,12.79828355325418
15367,16.284563919130875
15368,18.396726339089938
15369,16.563841236596772
15370,16.87014445120478
15371,22.18257676109883
15372,21.426752921313554
15373,29.724378404909277
15374,13.928697423478436
15375,29.13393531022605
15376,10.720748658782306
15377,26.26441052974829
15378,11.601273956766647
15379,26.6242614676802
15380,30.034858949878156
15381,20.445236942944607
15382,38.2586689515949
15383,14.036136560813052
15384,22.717279437088244
15385,29.64332882808929
15386,19.962105559069162
15387,30.244443543522074
15388,28.090683540316277
15389,32.59669854067384
15390,16.902967402724958
15391,28.2509590028382
15392,15.799952903346739
15393,17.64537310313959
15394,14.716192671800673
15395,26.047271567086497
15396,26.59435786960885
15397,19.131740656005935
15398,16.004972901729484
15399,18.644949736446687
15400,26.92777639868243
15401,13.267432766609096
15402,23.266911349528687
15403,23.46687656352277
15404,30.09298469273393
15405,25.792640817794883
15406,20.717446739612598
15407,22.947482958868214
15408,37.08931444627287
15409,22.96905653816572
15410,19.139678221927667
15411,33.6710803854119
15412,19.323570504448924
15413,23.411572676953753
15414,32.14108478519009
15415,13.927087533559064
15416,10.259522622865436
15417,18.82029473218641
15418,20.006400905287496
15419,31.18685548382151
15420,26.15843308470211
15421,23.51835994335332
15422,34.51408374617636
15423,14.765446817676793
15424,21.49552160554225
15425,19.403355641057587
15426,25.575368257183154
15427,11.814372875630552
15428,18.213716990591344
15429,30.382409841456088
15430,21.73432106515484
15431,16.17447980637991
15432,28.78749991603191
15433,20.991656342793526
15434,36.02122881026868
15435,24.95243563913764
15436,16.4328807560029
15437,16.306155416389256
15438,34.73556845021787
15439,34.43157484709909
15440,23.6534174493035
15441,19.98043942183945
15442,38.458966923356265
15443,12.185605087534096
15444,22.512385537246153
15445,14.228496913645522
15446,20.012125995157312
15447,28.817816058816643
15448,23.72156641619119
15449,26.07561907109948
15450,16.279013165978014
15451,22.819561806246014
15452,26.861001563773122
15453,19.88915640212334
15454,14.152332503408285
15455,24.769159272305874
15456,20.41932242461725
15457,14.959388395368883
15458,18.737141100944726
15459,28.697459876723652
15460,30.73519299924848
15461,11.50301495186415
15462,28.599083461003755
15463,11.559136731713023
15464,26.42801414300574
15465,31.939861455092547
15466,12.66561894531447
15467,27.170660234609986
15468,27.108257126743737
15469,18.859965994786325
15470,28.192443915185372
15471,30.203594434350315
15472,9.667090400785431
15473,19.94473056291604
15474,7.597422933207218
15475,10.924727596947033
15476,14.106107940740058
15477,22.920304569809712
15478,10.604530875459588
15479,19.185139224618595
15480,17.26423985764631
15481,17.953157521081636
15482,29.654401222348106
15483,21.475975038681383
15484,13.91282106054227
15485,22.839714420697938
15486,13.961098365201824
15487,18.597388503031524
15488,18.256789304283146
15489,18.261710452864293
15490,5.495014497079764
15491,21.804849304828444
15492,14.448203904778676
15493,15.305781761918002
15494,28.8893114557578
15495,16.456977127204336
15496,8.951424722544044
15497,14.471751197475875
15498,21.31736173304004
15499,15.231435552891043
15500,36.358809388789815
15501,4.387849038822486
15502,29.573909592880426
15503,28.86645298216967
15504,18.48459015145689
15505,14.001570033307075
15506,28.8296525259324
15507,16.563249529009163
15508,23.556542558149047
15509,30.164291923751783
15510,20.40248969810488
15511,17.520566145506223
15512,27.512871722430322
15513,30.492567576966003
15514,11.273908072335066
15515,12.649818219163343
15516,16.909586120819135
15517,31.156367397585186
15518,22.93655054792023
15519,16.036158651262447
15520,13.8354712512615
15521,12.11500310958489
15522,24.06894960453626
15523,22.45958826041822
15524,13.815973082501863
15525,13.087232132421551
15526,19.849778378919403
15527,22.21818334862861
15528,0.8241121965099785
15529,27.76610065183884
15530,10.919148023343352
15531,17.497246342235908
15532,24.098082524569538
15533,22.534835728878107
15534,20.575993035403872
15535,23.388163306782573
15536,30.20916117826625
15537,28.727030753827663
15538,23.60057434239211
15539,16.942250249568012
15540,33.19814048363256
15541,14.419489650794286
15542,16.807799249376078
15543,38.067471705676155
15544,12.332657360290565
15545,21.369302041269712
15546,23.691393392657247
15547,21.126673216423494
15548,11.68509549991123
15549,13.612155719268214
15550,21.959737066624317
15551,24.916906180907
15552,13.466570912748294
15553,24.4722476445928
15554,10.52178232071142
15555,22.599265847504753
15556,14.446150127620191
15557,15.727155284379979
15558,23.64389074184931
15559,16.607111139696617
15560,17.88499317330047
15561,18.39939010521963
15562,27.73790283800124
15563,23.247357069466894
15564,30.61492687069037
15565,21.78800301596941
15566,17.517393368522242
15567,26.653839588395712
15568,21.961133396515542
15569,27.696999631167717
15570,31.984346349030098
15571,20.051140883562176
15572,16.558593826912528
15573,40.357420512829414
15574,23.768382712297125
15575,18.998458591328532
15576,19.291929649283187
15577,22.160239044664856
15578,29.131289293801377
15579,20.51482891449266
15580,35.38761714346841
15581,28.631912540336746
15582,16.67970417255779
15583,15.867815299276623
15584,20.07541053654894
15585,12.364787759210358
15586,26.434891759742655
15587,13.095245061532164
15588,21.050595839578264
15589,17.09593098177767
15590,16.94291226791075
15591,16.83973411563541
15592,25.34920827793642
15593,22.315086747528667
15594,26.0467340314608
15595,17.871927449907012
15596,27.45348779986514
15597,24.410495954711557
15598,11.247673015638837
15599,23.496874672956313
15600,18.587697078057516
15601,38.8517303200741
15602,31.039247245870413
15603,20.31858956627029
15604,27.099418711877
15605,21.93952799019373
15606,22.244597694301888
15607,11.085856326286203
15608,32.4876829089487
15609,12.044510479796077
15610,31.511713295372562
15611,21.086121789808715
15612,9.7390608252074
15613,17.217702067408496
15614,22.762121407196222
15615,21.960838233000416
15616,13.634602389759888
15617,19.347899008892703
15618,25.26628864356706
15619,13.016692387451203
15620,38.010409137641076
15621,21.612750780292608
15622,30.374716438888186
15623,19.41094419580302
15624,22.35820798150153
15625,23.925358351822368
15626,17.817426789965015
15627,26.426396060948402
15628,18.177049782967355
15629,39.18153159217169
15630,15.334824400993686
15631,36.57027431898137
15632,28.443929656229457
15633,27.669068094838636
15634,13.96314767150437
15635,16.31367541956866
15636,33.21956656261878
15637,6.954517816885808
15638,21.9987008249879
15639,10.616915537171995
15640,22.174190668370308
15641,20.656558505284696
15642,33.21985398450967
15643,14.778540743757674
15644,26.00404636306417
15645,4.969004759217536
15646,28.81808079671792
15647,26.952605716642246
15648,21.077355547922338
15649,26.017773520754957
15650,22.85419628677345
15651,25.098552594988103
15652,32.33820080123745
15653,9.536451566406162
15654,12.186379881023084
15655,13.830564280912238
15656,3.9949148690477134
15657,8.973381185695757
15658,8.425808820892978
15659,32.631488317258615
15660,28.63428225744134
15661,24.255471428490434
15662,17.737959581415687
15663,17.805825819510964
15664,9.649156580680547
15665,29.954043705934048
15666,18.847405696683953
15667,17.86064760991954
15668,23.069516845505998
15669,35.425354804424714
15670,24.054972018282555
15671,16.769737672671567
15672,26.66716588285651
15673,39.54291783849239
15674,27.545344542936448
15675,24.987067173308333
15676,26.48472266128145
15677,37.43350878501592
15678,16.764430049306075
15679,17.33151621527698
15680,19.964358067393054
15681,24.747378764788916
15682,18.56690243892105
15683,17.9165456136261
15684,21.681017360090706
15685,22.65049814663076
15686,34.93357392597672
15687,11.178943626487264
15688,14.718908311347793
15689,20.186728700860485
15690,22.729409306909815
15691,19.21747792387447
15692,26.01370219167169
15693,23.831602284578985
15694,22.51278782111435
15695,9.337636808519928
15696,27.303184190475683
15697,39.811105027120334
15698,17.69598436114746
15699,20.791723355984924
15700,18.36524458070381
15701,28.457240820996006
15702,15.332048557561446
15703,16.238606188609143
15704,15.208605228581938
15705,14.957572133336233
15706,19.702032581622312
15707,19.502341543213124
15708,30.64403016795386
15709,22.9969668922153
15710,31.31944527875772
15711,10.865071294939629
15712,34.005144550570634
15713,32.37585599284332
15714,25.986212172107017
15715,27.723589456161193
15716,31.37889941035785
15717,26.66082341822538
15718,12.691093525710873
15719,23.687564783768465
15720,24.098914104515604
15721,22.09632461480042
15722,29.707424205383106
15723,14.223724910964211
15724,27.016794282542275
15725,25.04238193422
15726,15.201117365795712
15727,21.52094754338136
15728,23.290614278624574
15729,25.993416233796275
15730,24.561115597445223
15731,22.653322503032527
15732,24.68939310795825
15733,16.46378589942324
15734,17.35977824788972
15735,8.932466404120001
15736,17.75350011965796
15737,17.640937043206684
15738,11.373018649425912
15739,10.303697224914293
15740,21.259641456169206
15741,23.585376293015216
15742,27.395636921069176
15743,26.977355031944164
15744,6.671865893696527
15745,25.422651097499674
15746,28.16163768684484
15747,16.024408210925742
15748,17.23862476971247
15749,6.010975536969945
15750,27.75417994631602
15751,32.5824274553746
15752,14.146490389588617
15753,16.99100996529008
15754,26.926095232180053
15755,25.191438707767453
15756,30.728699189324587
15757,17.47384662288026
15758,10.998703129479024
15759,23.636392028242
15760,24.13741736990092
15761,8.87158735716465
15762,16.26731766459835
15763,11.463465599689897
15764,21.285137164191603
15765,21.112143009978556
15766,15.284438941397156
15767,22.849435952427598
15768,31.893369860296747
15769,11.391675919568609
15770,26.122535200801504
15771,36.28691359444105
15772,12.575238594793017
15773,24.34064646663941
15774,16.183419717021398
15775,32.16334515566912
15776,31.401594155769068
15777,20.95321746151817
15778,15.788592584870813
15779,4.728060339639805
15780,23.241499523741513
15781,30.641075595623306
15782,17.731899592027624
15783,29.651447412214402
15784,22.28895294371678
15785,29.892768198066253
15786,15.146003066152979
15787,27.69183420537631
15788,22.867927802358004
15789,33.018660103122336
15790,24.577430350586273
15791,23.4512086827614
15792,27.197501086613826
15793,26.204020671218494
15794,25.724524991199793
15795,26.68097560634754
15796,27.662670182571688
15797,16.549250833930643
15798,21.844607707884787
15799,42.107213819914335
15800,34.01790385094651
15801,19.763878652120752
15802,21.092167926386978
15803,26.931112055688953
15804,2.6764376453031122
15805,17.137981950263775
15806,15.102243764782122
15807,26.518248544619
15808,23.678639143413125
15809,14.072069434184463
15810,4.532721767699674
15811,20.215314137205226
15812,14.994135366303983
15813,17.645504504202844
15814,23.0599106766297
15815,12.897070651819599
15816,20.48732938098692
15817,18.24243968871966
15818,16.387595246242086
15819,16.563927966705563
15820,28.750606172349556
15821,21.255524251825666
15822,25.6862954392313
15823,27.3076682894579
15824,22.580505335260973
15825,23.128963518849677
15826,29.16240307047124
15827,15.648908916316408
15828,29.279931043573306
15829,21.76087228750058
15830,31.01687639431679
15831,13.013706966526648
15832,31.780101683697097
15833,21.835952562016587
15834,20.649890286309116
15835,35.42684664949304
15836,7.100000117791775
15837,17.969325848269232
15838,20.16355871038329
15839,15.200034926546076
15840,18.90667836602953
15841,21.510330666532113
15842,27.672843022160347
15843,20.249165824775936
15844,17.06140098337401
15845,22.69111638677741
15846,22.494955260485423
15847,27.691267018029684
15848,20.107565086378003
15849,26.395503362342687
15850,20.757042929560427
15851,7.990962359626105
15852,11.62882579439003
15853,35.973439614381576
15854,24.997843481249156
15855,27.149820733215755
15856,16.661073805097512
15857,27.702706282323923
15858,14.638720802474396
15859,10.82762226592465
15860,6.434328109035203
15861,34.25094497197106
15862,17.58823028799628
15863,38.35977469227182
15864,30.02072972025487
15865,17.24456692288872
15866,22.631130319189616
15867,20.859843221548463
15868,19.081361082804698
15869,21.430198626312276
15870,20.748974970803587
15871,11.61794603030852
15872,17.100352958133712
15873,17.83661433490146
15874,23.40619468675237
15875,33.443529095322674
15876,19.41401043540148
15877,32.14473691602351
15878,27.5374060635158
15879,19.23311371915093
15880,24.678522351339247
15881,27.175865118100933
15882,23.661714633598994
15883,13.15247904014306
15884,18.557348738412554
15885,16.226316357854763
15886,25.619048929808447
15887,17.61874292601068
15888,25.341152421594686
15889,34.56183071805517
15890,22.248615108816768
15891,17.616374644818052
15892,14.765135599123578
15893,26.1956239718417
15894,21.64910226909449
15895,26.58140860169489
15896,34.67674474861206
15897,28.47670688758943
15898,12.224787957785853
15899,37.34027287852814
15900,20.988067961771257
15901,17.93678654647899
15902,27.204688162586898
15903,21.163746067503354
15904,20.51868691977432
15905,8.769303759363975
15906,12.659972239544881
15907,22.223252521037363
15908,29.99684913455063
15909,14.537395616136894
15910,30.207723284535078
15911,24.666566988419174
15912,8.631388970464572
15913,30.99800858260598
15914,32.623055375220524
15915,34.16722502674142
15916,25.759458288282886
15917,24.689543547295184
15918,20.955161175992387
15919,15.61703355753487
15920,6.172397212132534
15921,6.890425560662893
15922,24.145771016320147
15923,27.44024757603745
15924,15.04861519944634
15925,31.100764656771368
15926,19.842517001131448
15927,11.230525517974439
15928,20.673384483715754
15929,21.5278324071961
15930,14.180749613455088
15931,8.891963707533476
15932,25.671100565534623
15933,12.267080680423796
15934,18.885102607767635
15935,21.82809416324589
15936,10.010242890780317
15937,38.96861137392105
15938,27.69570206883089
15939,19.80453229677895
15940,30.441060623912318
15941,17.304979425701653
15942,11.708240793692676
15943,18.947361933720895
15944,5.6565222371414405
15945,12.61514386313508
15946,32.195310818208924
15947,23.775255174915756
15948,11.025507241090816
15949,31.215564318491897
15950,30.0891805031795
15951,32.838910129514645
15952,22.877411896210695
15953,11.752901797562288
15954,11.416227843147494
15955,12.302837152461297
15956,27.372219814457857
15957,22.9060558511002
15958,20.951291540321336
15959,24.47371471034137
15960,17.588613885477912
15961,15.021006965491814
15962,36.220097558256555
15963,23.854613528677223
15964,20.655808669782097
15965,28.660697567805784
15966,2.8936472213527877
15967,8.523935437911103
15968,14.006136215230189
15969,26.420484869686785
15970,24.88723900199919
15971,25.732699857005635
15972,20.47134659783009
15973,16.232695092342734
15974,31.981767052931232
15975,8.399851517344851
15976,21.080539904624384
15977,29.94267937997202
15978,15.706036919006237
15979,32.14108602280986
15980,22.397647992632635
15981,11.899071082457684
15982,13.342631106553306
15983,10.444559575270734
15984,1.7367649016528133
15985,29.337529411800958
15986,30.122377881785347
15987,21.23914067624385
15988,35.21439845960625
15989,18.614266524783535
15990,17.119844057975335
15991,23.43378180405769
15992,20.32616208714281
15993,21.63906361047534
15994,30.831846754203738
15995,23.935420655496298
15996,12.480551091312599
15997,18.435297996572764
15998,15.098557403973086
15999,28.465764448967455
16000,32.25616222338755
16001,27.885087226335898
16002,23.106494787046238
16003,32.89972994147128
16004,25.49329933360992
16005,8.549607346462725
16006,16.430658739041455
16007,34.606307580911306
16008,22.9240487131398
16009,9.095601099589427
16010,11.568279480721028
16011,12.816794655542374
16012,8.36197883361233
16013,26.876088944570824
16014,25.680884504797806
16015,31.503823650691217
16016,20.4349761749629
16017,29.250711753542234
16018,20.41440936038967
16019,20.908105199113248
16020,14.854437998628871
16021,25.98572488737544
16022,20.11865457315354
16023,25.39515140132349
16024,29.01438759332097
16025,23.990969402900046
16026,28.14171073067607
16027,30.28051107260944
16028,28.845228591085288
16029,23.732721543909605
16030,24.121464554734345
16031,20.79573157795334
16032,21.229871732465014
16033,20.582625539361555
16034,16.759919045114714
16035,33.836518501918874
16036,30.1610740513619
16037,17.63980479475798
16038,13.621827336135095
16039,21.52141013720767
16040,20.74914811682501
16041,28.974048875196914
16042,20.815016502558386
16043,25.453247920623298
16044,14.040919878110584
16045,24.293584506623255
16046,23.709671140309073
16047,16.514581313631535
16048,24.083878036970358
16049,18.19083630949426
16050,15.25356861371655
16051,16.73990727605017
16052,16.681628707829354
16053,11.840304347104352
16054,14.281719956549434
16055,34.07202645805855
16056,27.251451875539644
16057,12.780425140005114
16058,26.332751674975345
16059,20.626131500230915
16060,9.31325519583592
16061,13.318474680236449
16062,15.370841865348659
16063,26.898104141041166
16064,10.981200793319148
16065,33.381918099311605
16066,32.53503147197281
16067,29.753881083117037
16068,9.660908590531182
16069,26.249832219347365
16070,21.656925545527145
16071,29.499750069746945
16072,28.031931761608863
16073,19.528531587968097
16074,24.012058655112803
16075,21.88524667304161
16076,35.08770640630963
16077,13.820915601155503
16078,30.731996442304812
16079,10.085383214540652
16080,17.399654319232738
16081,23.925938851962073
16082,27.263325197814684
16083,17.540679144470417
16084,32.57674518122583
16085,21.567955621952674
16086,1.752616182019853
16087,26.743308869170853
16088,17.658980447280445
16089,10.74619096830731
16090,23.840647695425673
16091,24.67580512624087
16092,31.669278585489977
16093,20.62688874665085
16094,28.466450395325587
16095,23.197133444194055
16096,32.16613419391482
16097,24.071853686546163
16098,30.006244809985894
16099,21.38678974112916
16100,17.61694739539911
16101,20.69713541562865
16102,33.65662795734174
16103,16.335525184188377
16104,19.048314773025805
16105,34.77797187171899
16106,6.071453543916235
16107,20.152376888170476
16108,2.1262593165247408
16109,16.157165121232957
16110,26.109609927625716
16111,8.023968952417539
16112,30.635559144863564
16113,17.693064125545078
16114,20.64996943926447
16115,17.968695632293333
16116,28.394863163193794
16117,19.010637442230724
16118,30.896170830706303
16119,28.322533505330973
16120,19.634174387310793
16121,21.65659795461103
16122,15.512991452700692
16123,37.97872929111803
16124,38.61722008361416
16125,29.114151904855866
16126,22.507403759645257
16127,31.893178091059884
16128,19.7331833675974
16129,27.33931108979449
16130,6.3805827827377115
16131,10.316270870105505
16132,25.82992729841966
16133,19.373265309186298
16134,18.84430255174904
16135,22.42960520530668
16136,37.12772162601246
16137,20.06805861338881
16138,20.30472135041615
16139,31.755090994686682
16140,19.169028303970816
16141,17.5139525695235
16142,25.45125503693583
16143,30.71984182248552
16144,28.370511345883052
16145,15.412780690075788
16146,22.579985991513723
16147,31.86381488971436
16148,26.341554471966155
16149,20.47129874663284
16150,5.832347000083744
16151,18.155835700064454
16152,21.431399814804777
16153,21.490278536788736
16154,23.93512815478383
16155,13.744859381439774
16156,24.232032683075964
16157,14.734886717284686
16158,25.59270624937963
16159,13.480469968063783
16160,2.7101430047373487
16161,24.768723189690476
16162,24.226998200235286
16163,19.842296218727807
16164,16.483480093195393
16165,20.491500100782844
16166,12.312098434314292
16167,21.248748440294555
16168,20.564387101811327
16169,8.321709188019653
16170,24.38928933973023
16171,17.48868572474502
16172,35.81084653153583
16173,23.94216635516933
16174,37.26662300235747
16175,23.456336861337363
16176,33.93315753162623
16177,29.895865849735003
16178,25.51058699509022
16179,24.10942812515279
16180,29.647725434241973
16181,23.735859470808307
16182,12.553849096075858
16183,24.884216252284048
16184,10.496158057045484
16185,31.152826978308074
16186,25.391001097235815
16187,24.730107633935372
16188,34.44305682044836
16189,13.954102649032821
16190,14.431910523184179
16191,23.108966843560435
16192,34.06552950392424
16193,15.126655144675992
16194,24.975827578359844
16195,33.5605423080879
16196,22.13100975604627
16197,21.1488908467285
16198,24.452641607269967
16199,26.95775031430275
16200,32.676090788567194
16201,36.17123023788844
16202,21.4741755937321
16203,29.503419374194173
16204,33.134877389249965
16205,28.65622005545132
16206,18.789031104566355
16207,40.560509105221364
16208,13.621940513378457
16209,24.33078816990951
16210,32.21428696239097
16211,20.422553019979077
16212,17.353570051646372
16213,24.007618434614344
16214,32.063252078247174
16215,5.840817233348068
16216,34.44159820714226
16217,24.120443618771226
16218,20.943430769407243
16219,33.78184171399964
16220,22.367041246526504
16221,30.15112314602539
16222,22.752762566805863
16223,11.046197702257365
16224,24.87094406974351
16225,17.798777500071925
16226,23.979454515215558
16227,17.469577530911124
16228,37.28654848788639
16229,15.013252344556836
16230,17.957694008228476
16231,22.71943488113249
16232,21.492219540100976
16233,9.414483848914623
16234,21.35046690449297
16235,25.831545724584366
16236,18.541670337250928
16237,18.016871083982455
16238,19.33082434351882
16239,31.76614551564618
16240,32.91215160630976
16241,24.084732644123743
16242,18.88799735083257
16243,18.89912664694853
16244,21.481582122323413
16245,37.272284713572965
16246,26.47813718728225
16247,18.509430680710743
16248,33.11620034956694
16249,20.988419525004282
16250,24.956402395639046
16251,13.819697131577456
16252,20.973114549796513
16253,32.45395234682687
16254,28.293870304615332
16255,19.1339034983744
16256,11.045468018712254
16257,20.885472370776505
16258,33.186587332773584
16259,28.684855009924984
16260,20.917224110319047
16261,27.24070027080893
16262,26.384557885388865
16263,20.755805975010496
16264,25.38611708481998
16265,31.049590847732205
16266,17.215689778948423
16267,31.704534948078617
16268,24.763555963877064
16269,34.49820401480213
16270,41.105926934067625
16271,33.53977388349318
16272,14.269675837535068
16273,25.92541961902249
16274,18.148087000851202
16275,30.504047962828153
16276,23.920212439567067
16277,17.01342257539788
16278,30.009085294038655
16279,21.242397731475258
16280,2.939831387086457
16281,26.432358286315537
16282,25.544404085143157
16283,22.428233377930525
16284,18.91783104454766
16285,19.82923753586004
16286,24.46635864437981
16287,20.568107431836374
16288,29.286347308190606
16289,21.935471952027108
16290,21.325645378104163
16291,25.523497220906492
16292,34.272762885472275
16293,12.290455547800374
16294,21.41630552079337
16295,37.12452018281093
16296,17.780780209541597
16297,30.585815791587148
16298,30.17684488737772
16299,28.81119478768524
16300,36.03958542055194
16301,9.164461761381915
16302,27.38956909604392
16303,14.948111883059504
16304,18.025239137952518
16305,13.531326734317277
16306,15.187984991302276
16307,16.370125006901365
16308,33.93835609596915
16309,25.78960065066657
16310,30.254105322447984
16311,13.41123119476664
16312,34.268688088298056
16313,30.729741120892008
16314,35.600516815416434
16315,18.01378911160053
16316,25.43845267754379
16317,14.758072935708768
16318,26.70843862320229
16319,9.307643429227646
16320,17.065155185059094
16321,27.085688396377233
16322,12.049176535066152
16323,10.820514851075078
16324,28.457749628031085
16325,12.882403598463942
16326,19.722181360297565
16327,13.899669975660697
16328,22.017543306950717
16329,33.65656745884852
16330,13.813399278140517
16331,24.995124083596046
16332,36.143517023400086
16333,27.330894243274805
16334,26.98805443256889
16335,18.781898728436218
16336,17.69783750941601
16337,18.566208192697985
16338,30.86775693743384
16339,32.32629918110402
16340,35.88521569687458
16341,15.19912191723371
16342,18.117165874053658
16343,16.761123437737105
16344,26.32404713751223
16345,16.912584912527954
16346,12.114803288481951
16347,14.893321278334696
16348,25.69840416394659
16349,27.694397256760737
16350,20.07507211647719
16351,29.672050892085153
16352,26.09687830781945
16353,17.76502414717973
16354,13.324645845603209
16355,15.376041617585614
16356,28.386407843287195
16357,28.789260072922993
16358,22.948553159410782
16359,24.007136683198762
16360,8.215257554587556
16361,27.288654342088652
16362,18.160409345656312
16363,17.950848912094337
16364,38.36141712298241
16365,17.259860760013005
16366,6.352214766126323
16367,15.238509951918278
16368,16.028155878292644
16369,33.77167226613143
16370,16.918073867720384
16371,16.11268318840458
16372,16.517529186113478
16373,10.081645212351273
16374,19.158735233779648
16375,13.936289486032816
16376,16.87842366217542
16377,36.474479477503564
16378,34.37113260182725
16379,19.24857348076035
16380,21.6039684885443
16381,8.506701810518848
16382,22.84984838546432
16383,27.87070195413796
16384,14.025810472898094
16385,20.06030342668099
16386,17.63898122863091
16387,21.684895146963402
16388,11.633553443528596
16389,11.686794212579645
16390,21.576407857291464
16391,11.71144025743525
16392,12.809596949101632
16393,13.629296563618407
16394,15.990896804508935
16395,28.626993834144088
16396,28.927944930994606
16397,14.228276480022565
16398,16.15034119497502
16399,22.465021071394812
16400,8.458207915964131
16401,24.93771071037407
16402,6.145717764245518
16403,18.589246386517914
16404,14.293642407981949
16405,29.230342983044125
16406,31.653810365439277
16407,28.055035883608994
16408,11.240900265193682
16409,25.934076821144693
16410,27.726504919266823
16411,34.08569252915331
16412,37.478537363547815
16413,14.000759256820619
16414,36.56651328487456
16415,26.871251290385995
16416,24.757340173697784
16417,35.76490843752159
16418,33.41021879496276
16419,24.703616782384415
16420,21.686137985431863
16421,23.15787994593759
16422,31.170509836351965
16423,25.034392134633602
16424,27.556448293502697
16425,24.07015219586389
16426,14.599736535558165
16427,28.31888393122639
16428,30.89729472188737
16429,20.35977948107438
16430,21.38130771543804
16431,22.572146066607868
16432,15.598279235957673
16433,18.18983260337978
16434,28.60478123623972
16435,23.163280222516036
16436,20.91393003542864
16437,14.572573132518377
16438,28.78318552396395
16439,25.62462696340575
16440,32.111912388779736
16441,21.64273941898919
16442,16.63434523709821
16443,20.037509597266638
16444,27.629863481386856
16445,16.600848512640173
16446,22.28564355374496
16447,9.102837343500457
16448,30.17779505776717
16449,6.4013567635837925
16450,32.17319774719914
16451,32.51728741964851
16452,13.938441105459905
16453,21.466545498342672
16454,13.543676646506977
16455,30.11893380396583
16456,20.43337726544663
16457,33.28176917083146
16458,14.327461854831768
16459,25.040551868675564
16460,18.829133437037044
16461,26.96686193441448
16462,20.570597779399183
16463,29.019626871193914
16464,25.335526605658686
16465,13.78199978803042
16466,9.645503274366323
16467,14.580397596332034
16468,14.379374942396877
16469,25.625548844666852
16470,11.08707418262799
16471,24.88633985444507
16472,12.441148647495135
16473,35.56463418505626
16474,26.722046913287883
16475,18.207256459410903
16476,14.299070992027474
16477,7.91457710258487
16478,20.34400729470165
16479,18.123729683036473
16480,19.538372118051008
16481,20.73336100073423
16482,30.233695262458163
16483,31.43241161420334
16484,34.32272309516512
16485,27.62324418101778
16486,40.66125667550631
16487,20.350243841684218
16488,26.55233167288205
16489,24.481885013174704
16490,31.64698478948435
16491,20.66089198313877
16492,36.75266950824839
16493,30.968423590384145
16494,16.531208270315723
16495,20.94007228483713
16496,28.79424981630314
16497,16.704547373454194
16498,10.044924475740942
16499,32.11612263493838
16500,22.004052530996194
16501,7.851399051971845
16502,41.846602709038635
16503,24.95471707035774
16504,15.461667050564461
16505,18.46157158323211
16506,19.296094874204247
16507,21.987002336545977
16508,23.95901655209344
16509,26.37394213885845
16510,9.803080214798763
16511,28.033905451830897
16512,17.244190776206015
16513,18.850460453498805
16514,14.675060057307046
16515,11.274066179374852
16516,24.048378998863257
16517,22.68315137151702
16518,26.028882462867685
16519,25.060005090098294
16520,12.263376193422925
16521,19.757039945240837
16522,8.75400272181428
16523,14.713552046063008
16524,19.80749092711543
16525,11.38702458418811
16526,21.480980857882262
16527,7.218475636450912
16528,26.80775534605609
16529,12.48626350954868
16530,13.476962058524352
16531,19.020437500367684
16532,18.842562410282444
16533,23.469433743306812
16534,27.94573510162203
16535,24.378843391115687
16536,26.57108089424937
16537,31.62950054270091
16538,17.11883942820701
16539,11.884576523957424
16540,17.440587617788086
16541,19.24413064768643
16542,23.018021506707186
16543,21.81491455210648
16544,18.84190595981198
16545,16.925722312852994
16546,25.719615167477876
16547,25.16502503085572
16548,19.73266621513884
16549,5.04733992860333
16550,6.562906237188089
16551,14.185459684707872
16552,29.215674094138855
16553,26.244793545657497
16554,20.189918636423187
16555,29.96742834467227
16556,23.615801159918025
16557,29.63298451682425
16558,32.26176331156677
16559,28.62568967540286
16560,32.93233842607283
16561,19.395600061103874
16562,24.181500059612176
16563,36.49434360948898
16564,25.83995569921639
16565,27.2311550006239
16566,15.61510944623302
16567,40.549573723565736
16568,7.328802187025689
16569,21.47241648935747
16570,27.001985153125627
16571,23.130540463899568
16572,24.748298977579573
16573,22.88100332027644
16574,15.58826938386935
16575,26.1985210629007
16576,29.45305988217708
16577,17.916183782311226
16578,19.999836341464295
16579,21.354848992073336
16580,32.34459724265098
16581,21.073248893364298
16582,17.280212078884468
16583,31.45152711754782
16584,23.144377376066938
16585,19.3182281067947
16586,18.152061380897152
16587,13.970614834497088
16588,21.79900696969328
16589,25.44686251418949
16590,20.482768671452753
16591,7.514150104581744
16592,18.415456165197433
16593,27.65125788217352
16594,13.476030361325847
16595,23.5677196574035
16596,25.282309654763957
16597,29.258382088303737
16598,12.604677627053665
16599,16.053019851521537
16600,33.96382500233508
16601,36.77716876134297
16602,17.356192320736646
16603,10.095998650611104
16604,9.087495805521385
16605,13.563505341655404
16606,28.031030011013947
16607,27.331852750539518
16608,27.212476934859758
16609,16.381938519603843
16610,29.710118320063643
16611,20.478558597536413
16612,34.535276150357646
16613,29.064300858458964
16614,34.69310252180291
16615,16.7653217818441
16616,18.523101305485103
16617,14.593647228269823
16618,20.79084655955026
16619,25.683250699572007
16620,17.45056953716731
16621,24.064564647750338
16622,30.7820915879482
16623,20.471657111575908
16624,17.450162520707956
16625,35.34195951984257
16626,17.415535984862196
16627,9.83438137594822
16628,13.823707836853872
16629,29.795527411246137
16630,20.820754157974093
16631,13.146577482636527
16632,27.278218630566993
16633,23.17445438045187
16634,14.645614743390198
16635,23.529372815535353
16636,26.76697910185291
16637,19.48730312737767
16638,33.749062013835825
16639,24.731413405640836
16640,28.380620203200436
16641,11.671673800214348
16642,28.330524061005832
16643,15.186620512771425
16644,12.210704017007625
16645,30.098070231689952
16646,16.761634428807913
16647,21.16307822245926
16648,30.080521585704126
16649,23.118889247997174
16650,11.763808731414503
16651,36.39458462013082
16652,16.070597127972793
16653,37.32103726609135
16654,31.942473985804206
16655,19.475366531995
16656,27.515983759820006
16657,20.968266262703708
16658,19.68523269625779
16659,18.434520675948225
16660,18.954282221944236
16661,12.97301711856193
16662,31.495843531993216
16663,36.366405177429506
16664,20.932395564258805
16665,14.408292923248672
16666,21.83291023827141
16667,17.98574135968546
16668,9.62810855194245
16669,23.920771050477548
16670,23.488777981931236
16671,20.308970310541092
16672,35.093320391209595
16673,18.20739160054944
16674,27.595990870018614
16675,22.77969920156843
16676,18.032365768079146
16677,32.37127527147542
16678,20.022815196153935
16679,28.492935213590826
16680,9.054609282072066
16681,12.076153489006245
16682,20.72123386942654
16683,28.65550732879894
16684,19.05005917740578
16685,9.061063788574534
16686,25.989339306040534
16687,33.482744980848
16688,23.875819549050206
16689,18.69468489056873
16690,19.542639736355262
16691,28.71234513673579
16692,37.98184609618826
16693,21.705659056277398
16694,23.166545736376403
16695,6.282611404199168
16696,32.47080455635357
16697,25.710423272331372
16698,26.33315501469238
16699,26.78214792571393
16700,29.634652527849504
16701,17.312407868910228
16702,11.840207768799587
16703,6.957643286336893
16704,16.2392850305202
16705,37.71070658059803
16706,15.98071399429071
16707,20.651217529563745
16708,14.875782833120379
16709,34.19499701765406
16710,18.557865068014934
16711,20.243523675791707
16712,22.13178186033027
16713,15.231914726019932
16714,12.38647304850231
16715,22.013966031766657
16716,13.963305634535537
16717,23.576358478657852
16718,8.593871341062341
16719,17.149821342026296
16720,15.892362312404508
16721,15.9087484526614
16722,20.264470445913556
16723,23.77396500546582
16724,26.014143700117724
16725,28.463053238186614
16726,25.399779345696846
16727,31.248417850006852
16728,19.539016052540887
16729,12.314337939749565
16730,21.21034783908921
16731,29.012636704955263
16732,20.87607280025093
16733,19.51156599646033
16734,18.35612855769937
16735,20.702840951696395
16736,18.75530163012626
16737,42.20268473308471
16738,27.86170673673037
16739,30.15203277205055
16740,25.998777280319196
16741,29.780047967613516
16742,23.784296212123728
16743,12.980260792563586
16744,15.390147263105632
16745,30.70722288219623
16746,18.587279743284753
16747,14.507047847350636
16748,25.56370218550819
16749,16.490686489214482
16750,15.30861910749912
16751,10.436933317772295
16752,22.815669210057777
16753,6.6417730533612485
16754,17.82293700419902
16755,17.49421130267572
16756,30.92237723084702
16757,23.97666455574322
16758,13.539887350431453
16759,25.828470939323545
16760,25.654618293601104
16761,23.994804743197268
16762,23.23902077715016
16763,33.44621875938497
16764,13.66753551521959
16765,27.326908280982718
16766,33.74527022039597
16767,17.354267712689847
16768,21.632609413524026
16769,21.608571015057525
16770,7.236893852604732
16771,24.130122060686013
16772,29.39734888186406
16773,25.953755154405098
16774,11.66336182474236
16775,11.561785893040344
16776,21.965386023827634
16777,19.570452467357427
16778,19.293781464950257
16779,23.518482342140626
16780,20.314509799677644
16781,20.982186695393025
16782,31.538156206071925
16783,30.904193704177203
16784,20.14171660861709
16785,36.33954037133428
16786,16.536197492630183
16787,28.207112175152616
16788,9.546294603033772
16789,27.47668493274827
16790,12.36295233831574
16791,18.380175754208825
16792,22.77796123867629
16793,19.335521982245858
16794,13.626501495460378
16795,16.58859861624989
16796,10.125146875122194
16797,18.179743070415842
16798,22.336046783580173
16799,44.031405469240894
16800,14.869058727277128
16801,37.234490930724476
16802,19.883968692583167
16803,24.26788575022489
16804,16.654170290281552
16805,20.471775533437864
16806,30.306566355490887
16807,24.273990711399374
16808,16.52505483233778
16809,23.764340721094563
16810,31.128022653415485
16811,20.627674915826343
16812,28.132214370747782
16813,6.064346956339516
16814,14.81049019890866
16815,26.513910081411918
16816,8.185611444739013
16817,31.25471867648375
16818,23.21612261398093
16819,11.100283014269122
16820,18.937485702844512
16821,19.858284935814044
16822,23.478849456673927
16823,15.96407981239971
16824,24.75793708999406
16825,8.592226260484747
16826,12.192660164860985
16827,16.351842538594937
16828,22.595379829642653
16829,19.275442191934
16830,17.373249518041533
16831,10.192951549602945
16832,9.326879154640046
16833,25.755671372544047
16834,18.748261201616508
16835,26.878336234591032
16836,26.222161421356112
16837,10.39843844063357
16838,29.10166971613412
16839,22.545839137109002
16840,18.339104871505395
16841,24.083303915310992
16842,19.0186156497185
16843,27.932209142721998
16844,18.151530881543973
16845,32.621894483863656
16846,25.459282116633503
16847,15.929251052475397
16848,33.973641783934475
16849,13.635852880639574
16850,23.566787039545225
16851,16.546687281099167
16852,15.363358874791789
16853,23.305444438287623
16854,18.628288738660665
16855,27.76499981953484
16856,26.018377582704332
16857,4.619540800159015
16858,11.977779178538439
16859,12.875940951514453
16860,24.950658929710606
16861,21.42629426969327
16862,18.647158809983445
16863,13.106950657355267
16864,22.98830740779064
16865,38.03990704502722
16866,29.328441773964663
16867,25.12268278319786
16868,21.411025455856173
16869,13.852241940003712
16870,17.47814318135184
16871,32.5198645933819
16872,16.480863970317372
16873,28.00053206148406
16874,10.364662855229543
16875,25.245930800014733
16876,34.145208397755056
16877,22.594211049820984
16878,28.83978811125904
16879,33.009842622706316
16880,36.830966653144785
16881,6.155823764522125
16882,23.221716963138316
16883,21.40055656422971
16884,16.799160549666894
16885,11.143688084615173
16886,27.22431857956962
16887,29.473623485823573
16888,14.096023531963276
16889,11.917931289674456
16890,29.604242952714984
16891,31.500779948444084
16892,27.474110466109884
16893,26.807975506081576
16894,17.755149426206057
16895,16.60732891594365
16896,21.688718096257734
16897,26.477903709776676
16898,33.14394734377498
16899,20.519749685347335
16900,21.698708858520774
16901,24.881995009935196
16902,16.065071247797515
16903,10.054292585148286
16904,29.609457849539695
16905,8.659661065443082
16906,9.90648117934197
16907,17.323966263858814
16908,19.17390804693296
16909,26.928925785792398
16910,26.605830232523644
16911,20.821621105585994
16912,21.565773079651294
16913,24.59107540028036
16914,21.287327754439154
16915,26.624446131843577
16916,23.870794776281535
16917,19.853527199401462
16918,29.716661478768657
16919,26.67527236502935
16920,23.762198808406012
16921,25.446922789303784
16922,33.230703860105194
16923,5.794236107496381
16924,29.222573878511408
16925,18.75510093404499
16926,17.29517998464703
16927,23.545809132965708
16928,14.474623204231182
16929,21.031140313292227
16930,7.964017503701916
16931,19.515515312196957
16932,31.06543189267029
16933,18.364306389418168
16934,27.151934459759843
16935,25.82842649711199
16936,29.755587046884045
16937,30.524716269082436
16938,15.928260074948447
16939,32.93317323196826
16940,23.07271994385928
16941,18.565211607402716
16942,13.131381700690294
16943,29.234557971866217
16944,23.290041027708256
16945,32.35387562260653
16946,14.301491450214858
16947,16.121568573855726
16948,14.1213726221667
16949,21.09351714471615
16950,22.312132354935347
16951,37.44538562331273
16952,32.69514452053524
16953,32.82848497321626
16954,20.66402307768869
16955,12.17669502854053
16956,31.59207964330093
16957,20.652511529604503
16958,34.96151186362518
16959,17.68093435161525
16960,18.383520410525445
16961,17.395641659410316
16962,36.36373853815846
16963,16.366794639798773
16964,22.22752556568252
16965,21.581996079649507
16966,18.76150840642662
16967,22.06173694904001
16968,18.444496797793537
16969,14.007943667037974
16970,17.567120352359783
16971,15.366374629280074
16972,20.612268421379852
16973,15.35280322904243
16974,25.364247194848296
16975,24.748151428622712
16976,33.199963010287085
16977,12.002512111152619
16978,24.822914460449095
16979,13.266678800353162
16980,31.12246019780293
16981,22.339469775593276
16982,10.677957937277668
16983,24.349878298222354
16984,7.449334303761887
16985,9.805877126312879
16986,13.338776572519834
16987,23.02101958822213
16988,29.29632880899743
16989,30.841529260225453
16990,26.4917325250931
16991,23.79627142783395
16992,13.357255394036546
16993,18.139095404289247
16994,23.601949299981843
16995,25.406322533605874
16996,14.174275198672312
16997,19.496532345077405
16998,22.670069085204403
16999,9.841345599014947
17000,23.86101570959341
17001,29.214759630972857
17002,23.43451262656251
17003,23.072138971801735
17004,30.10213727652234
17005,22.69200214555686
17006,17.22007665748908
17007,28.700015805981458
17008,29.205046857516233
17009,27.033074810607957
17010,36.65195240583642
17011,37.43809640294326
17012,18.085061722617755
17013,20.354912046651812
17014,22.70236835056074
17015,29.91272026182636
17016,21.298498800184454
17017,24.26374782123021
17018,26.102419332175316
17019,29.328837801736377
17020,28.826830798166277
17021,15.641136282898646
17022,37.05752060195468
17023,13.308621648923436
17024,23.896436509105094
17025,23.87527092935909
17026,15.914693837201211
17027,15.232752728303105
17028,24.665938995805583
17029,32.01546155771018
17030,21.370473106905514
17031,20.100102383450345
17032,26.48635199801461
17033,20.08014887244988
17034,14.347938866644427
17035,32.25571823006965
17036,21.423086711222233
17037,16.48404991729195
17038,8.20652035496981
17039,29.444010490443407
17040,35.11397293517853
17041,23.60412198389459
17042,22.876051081739007
17043,19.7003305461678
17044,6.982478522693993
17045,15.748035188219848
17046,3.2191257061315115
17047,19.837303157042587
17048,14.655181469955052
17049,31.86331567496778
17050,26.344420621757507
17051,14.554426422729994
17052,27.802400238692194
17053,19.694371995850208
17054,11.518695726305737
17055,27.590958929469856
17056,24.6386726129955
17057,13.66816177795533
17058,17.271259911107094
17059,31.36144490436545
17060,21.286330066170386
17061,29.61234217498105
17062,18.906256949606668
17063,24.63761689078286
17064,23.256869574557456
17065,32.55010718735984
17066,23.778754685017663
17067,22.079749926076147
17068,19.40903069440157
17069,25.567854246632255
17070,30.525013215736625
17071,25.04778789754599
17072,11.067119273675855
17073,37.04898050594652
17074,32.257782187527546
17075,16.521145633495795
17076,30.703863650155178
17077,32.73237707837417
17078,21.668691949311068
17079,26.882343217629717
17080,18.02261818602511
17081,31.24328254467076
17082,10.420142977137166
17083,19.355605256835645
17084,29.20136349850893
17085,21.512129818303023
17086,15.206338118711686
17087,28.964861901315206
17088,19.617803354008743
17089,18.62171646701153
17090,20.466588606575918
17091,19.699401700628414
17092,14.735039139864451
17093,9.93675306576651
17094,16.408568053558824
17095,26.021072297004288
17096,12.696655908045614
17097,14.319187275542598
17098,13.28775580347167
17099,25.32653438104292
17100,20.556237190004104
17101,20.25134814667784
17102,19.504318418534158
17103,25.35765828060065
17104,22.251757768609597
17105,21.117406093264325
17106,29.39965791655278
17107,3.7960546294973194
17108,32.90032345733697
17109,27.814879937221228
17110,14.669535088138993
17111,18.109816740692622
17112,19.700249170137162
17113,33.45875695395801
17114,25.229548089861762
17115,27.885151045375856
17116,38.68977876119414
17117,26.770288504356284
17118,11.226619482512127
17119,20.299316612092117
17120,28.01258578771099
17121,13.859382051512789
17122,22.383341482167673
17123,8.58128832620292
17124,19.433299705283765
17125,31.528470447107683
17126,9.112343251586767
17127,29.670783756948268
17128,14.962180918125059
17129,12.440451528090243
17130,17.565295110929533
17131,24.906320635066283
17132,14.99826986880792
17133,18.439408725104453
17134,18.565221345858838
17135,31.692645311031832
17136,20.077088398180262
17137,20.688850487307057
17138,20.757045238139707
17139,31.640559901424865
17140,14.446622713922805
17141,12.529546981571968
17142,17.106884517585677
17143,11.11451477262753
17144,7.103413556194603
17145,12.506658623388812
17146,24.943057209368128
17147,32.298778652346016
17148,14.247454553034489
17149,26.2436622674444
17150,17.358499093710098
17151,22.66580610081023
17152,17.93378259906027
17153,32.8216082104816
17154,21.013393615384473
17155,22.798007184104907
17156,15.455409666788668
17157,28.40775119658131
17158,19.125432039845343
17159,20.83948452435503
17160,9.944564900169333
17161,37.21146429364342
17162,35.65071505442241
17163,29.214275594957318
17164,14.094527505872577
17165,14.235854587153625
17166,13.692733334121133
17167,14.983344896243263
17168,18.437680614806744
17169,29.52713725748434
17170,21.35796927234447
17171,28.92250719757733
17172,26.555874965674303
17173,8.9662744772826
17174,13.31335178002957
17175,32.197144823917
17176,18.525683453035693
17177,35.52930173684431
17178,36.589550528111054
17179,21.449939055988935
17180,35.262403930939385
17181,18.222608254071638
17182,25.212165126671245
17183,29.451967253467135
17184,15.53341398593239
17185,19.854566337143908
17186,18.64660859764521
17187,18.80444971697328
17188,32.62878457846304
17189,37.45839945847336
17190,39.13539105750951
17191,11.291885466602954
17192,10.730262385523307
17193,33.031996561808775
17194,3.357362161201257
17195,17.683465578012147
17196,30.96684347621686
17197,35.51247723734189
17198,8.527384762676245
17199,23.05544355862203
17200,25.305783181391426
17201,22.03325238808672
17202,11.124372810386873
17203,14.900835078419215
17204,6.301866476358516
17205,12.696324252243556
17206,35.26111865578327
17207,29.651710947873354
17208,15.450093558162553
17209,20.58276813043814
17210,29.148975483583246
17211,13.050204910713873
17212,33.06525439904057
17213,36.84512075089734
17214,28.62657554505094
17215,3.8235604623274844
17216,13.677903738497506
17217,26.812112045979624
17218,31.295493079709864
17219,15.651435950675763
17220,14.07307158260937
17221,26.20291945602353
17222,19.40971725166627
17223,30.80592938291978
17224,23.423908344784934
17225,19.797109957871406
17226,4.913565656577433
17227,29.287559688134305
17228,16.966354919302688
17229,20.125949248458465
17230,23.77171041943444
17231,29.883117350683648
17232,24.092207394066225
17233,20.204046756684424
17234,26.837888320281543
17235,25.612897608697956
17236,31.346918603356293
17237,26.405288215530028
17238,24.924470694311985
17239,15.074763711226357
17240,23.442760255933955
17241,24.440186133671453
17242,32.89847904366981
17243,26.142753150363248
17244,22.750036638883092
17245,28.77820790018646
17246,31.742442272497883
17247,30.063510793059532
17248,11.087282703466004
17249,30.168082752444455
17250,27.32268911843908
17251,7.438961878994355
17252,15.467416301278611
17253,17.339038027020138
17254,21.618424352832058
17255,10.764238953108519
17256,16.335000508999187
17257,16.17678441798949
17258,30.438062064209944
17259,24.391688880363553
17260,16.527822733755492
17261,20.407913895334467
17262,21.146838895238425
17263,33.52101107299106
17264,31.864787949611646
17265,27.048112817254967
17266,13.592191211249522
17267,26.47225317926165
17268,33.157811596752225
17269,27.82635134961602
17270,17.14801216887806
17271,31.467924501888646
17272,25.91179216637072
17273,15.744766129792083
17274,26.150612104890442
17275,8.977071918827733
17276,30.570211546080625
17277,23.944338527192137
17278,25.86733608670008
17279,20.827906285713453
17280,16.68520935528018
17281,21.502091482869194
17282,6.658799194586505
17283,20.18414741038763
17284,35.79624771297104
17285,23.177452341184406
17286,22.164064162659635
17287,27.065303857917616
17288,28.21367007557896
17289,28.202651277458784
17290,29.57320743355135
17291,9.149865940366283
17292,21.984055744993753
17293,17.544034885289797
17294,23.851789930489556
17295,13.520329361095706
17296,10.676988894513421
17297,11.84164178261096
17298,11.452507855936584
17299,31.52117268185427
17300,14.604243043981
17301,26.066850353479303
17302,9.567766645099379
17303,28.374918519287952
17304,29.506026789074916
17305,20.714983864838388
17306,20.534808135593934
17307,11.1773783018166
17308,20.34152520676199
17309,14.513091275020574
17310,26.371928343429836
17311,28.975045699074244
17312,35.112393792409904
17313,24.081538668636515
17314,20.5311017673817
17315,9.103302501639055
17316,19.345540905222485
17317,26.383079034746544
17318,31.017681166379973
17319,19.1618683058334
17320,22.886411765784928
17321,27.057812079122684
17322,13.457391999017378
17323,30.013912910491257
17324,6.903456241424958
17325,17.406069699690917
17326,28.580578864631306
17327,26.949598283242366
17328,25.71067608903065
17329,25.8990125541093
17330,3.090288845060051
17331,23.76786504078848
17332,13.735718313926562
17333,22.267496035613828
17334,14.307987351809
17335,23.538647821752193
17336,2.272558647266395
17337,16.19591258484763
17338,27.8467611608219
17339,28.947211106584398
17340,23.806494693800687
17341,13.060443564735076
17342,24.153353236845998
17343,18.582051139090154
17344,35.468099819400514
17345,21.961794127287796
17346,21.940972611117076
17347,28.617166129552615
17348,16.71515118456248
17349,26.47388050225431
17350,22.18494888964836
17351,19.581393874218293
17352,25.783667013629234
17353,22.742210872916054
17354,15.413099484108265
17355,18.86439904102641
17356,21.87901504202485
17357,10.286048133181286
17358,12.215106814101727
17359,22.15056130889492
17360,34.730657539102495
17361,29.567431713850965
17362,13.803029786874276
17363,15.11669578888628
17364,24.968908531349
17365,14.194901321536328
17366,21.788840423258826
17367,15.56183518375229
17368,23.8337202355534
17369,26.449561795757617
17370,19.84199169206608
17371,31.226602263219476
17372,18.822498396118583
17373,36.88362008989329
17374,12.348567406181921
17375,13.545382520413266
17376,25.26106489750196
17377,23.057202085656307
17378,12.255879068805758
17379,16.905813584670867
17380,27.46087993400581
17381,25.97156423685668
17382,11.754421798437981
17383,23.672506982569665
17384,21.78052988498738
17385,33.65803879122098
17386,23.078655034686577
17387,36.678017256706184
17388,31.81741365748566
17389,13.453413035413316
17390,25.982831510438196
17391,17.355419394482066
17392,29.2575898276687
17393,13.456387341774033
17394,13.584332221815181
17395,22.50316828750046
17396,23.04825783350651
17397,19.166196447638704
17398,36.35431456143615
17399,20.88006065654208
17400,22.26728707406109
17401,38.8432024798783
17402,25.678804748892034
17403,23.891807024428818
17404,23.86532905763289
17405,35.38773560156125
17406,20.225179379757492
17407,21.20362925829862
17408,25.19067171943742
17409,21.33815784588146
17410,22.575991947163935
17411,28.948506338306327
17412,11.817053689791841
17413,19.157312071318888
17414,27.82970907072358
17415,28.93676188460848
17416,18.978755917759415
17417,32.5297199232855
17418,13.233639012816528
17419,28.094850701374007
17420,36.61377177766383
17421,22.510713029658977
17422,16.94854095012338
17423,19.60217710238547
17424,20.168227580423576
17425,16.998154111109685
17426,21.2190438235096
17427,16.78966379386888
17428,16.012524661117588
17429,29.64236968954982
17430,19.133515891166994
17431,25.6123807318979
17432,6.353094270642863
17433,21.141195770579913
17434,28.296983451371936
17435,18.05358727705991
17436,23.95378593580302
17437,12.497508465484941
17438,15.901999245835018
17439,20.53059343092999
17440,19.668456423120265
17441,15.258879459709922
17442,13.900854399947363
17443,21.667041013899482
17444,17.03834019880785
17445,19.601511666102894
17446,26.317554720622947
17447,23.861095006477527
17448,15.196781225123384
17449,10.859658756756257
17450,30.041410600699393
17451,30.058533105972586
17452,21.582377597157944
17453,9.35715493918139
17454,23.77966963232323
17455,18.284638487149117
17456,27.623981539302527
17457,10.974020001285329
17458,33.504211861258234
17459,10.61903566470755
17460,29.79772230783861
17461,16.584764800220544
17462,24.37933771933424
17463,18.953735001751234
17464,25.865540746088502
17465,33.67219133797474
17466,20.598068853377807
17467,36.45502227843167
17468,34.9980157102235
17469,17.120344846448237
17470,36.78229901568658
17471,21.21479123684405
17472,15.659249026510698
17473,24.55268809748042
17474,23.276831628972396
17475,30.235268534905032
17476,37.41762655634023
17477,27.851586144822978
17478,28.02063554568457
17479,23.322262981424497
17480,27.920935165893063
17481,13.051160544950715
17482,9.772208949620545
17483,13.73056152747968
17484,19.37074703049813
17485,24.56029660333949
17486,20.521788061838684
17487,23.476024534891508
17488,33.828917534748236
17489,11.359483799780747
17490,24.92998836170195
17491,38.851659273862595
17492,8.55253092019612
17493,18.876070599084
17494,17.994475994291456
17495,13.496324181099144
17496,21.937728285456394
17497,22.191085590295117
17498,27.02763336284685
17499,26.395765002855118
17500,18.9842747258537
17501,11.894574786791603
17502,13.481360559826788
17503,19.513898082772457
17504,27.226747554125055
17505,11.235588823649675
17506,7.403210528560283
17507,12.440709902001641
17508,6.099213561997971
17509,18.517614056326284
17510,28.224633220460333
17511,22.777361864015106
17512,25.021800114697008
17513,29.436678134324165
17514,21.300519734137477
17515,24.789777212992252
17516,20.13674445421902
17517,22.36060911110737
17518,17.57992652608086
17519,20.543448893505737
17520,36.26230752300779
17521,16.59411596587213
17522,33.404729318020124
17523,16.90024599096278
17524,22.470773459575696
17525,13.58929333057669
17526,22.740224527901354
17527,15.481836423543596
17528,19.221262630738007
17529,17.828463559181824
17530,17.521421623362414
17531,26.519739983014478
17532,22.12918218558881
17533,24.77370559447322
17534,20.595681487841304
17535,24.22801100820722
17536,18.031522361394597
17537,17.999535208996857
17538,19.729738222604524
17539,19.43758449163662
17540,22.39002504609271
17541,16.847459570662
17542,19.319131238781445
17543,28.13794828284462
17544,26.092478659456
17545,29.979783549277084
17546,14.466418696713282
17547,6.096215704729678
17548,8.106954901017616
17549,18.55058801343426
17550,18.180106322027733
17551,28.837753836164055
17552,12.433257542870429
17553,13.09749554645014
17554,15.199567753639434
17555,19.216834472430676
17556,8.357395797328808
17557,24.116189700519094
17558,7.533714275722675
17559,24.155650404220932
17560,21.712710749199058
17561,20.720073612054918
17562,14.26440781190875
17563,26.073514056475315
17564,27.041119352300164
17565,21.893155841725225
17566,23.784802782583505
17567,27.05107208788339
17568,22.47225443469616
17569,15.928823297788362
17570,23.90371500043852
17571,18.19102115616821
17572,32.47652536144613
17573,27.041504913546373
17574,29.24563307766297
17575,21.954844209944028
17576,21.96124146039319
17577,21.113410780562578
17578,4.37852585206954
17579,22.310104392469633
17580,9.089883047728856
17581,34.09255157502582
17582,9.71751592166605
17583,18.934619264128333
17584,19.158382122908293
17585,27.812529825553206
17586,14.699689142868387
17587,27.036469546643886
17588,18.41695881072408
17589,10.62310557789946
17590,20.194934479265797
17591,29.719456233389433
17592,24.890937283693958
17593,19.868046524581285
17594,29.663605484285853
17595,38.28368786906462
17596,20.37907108160647
17597,23.05294712496879
17598,20.547918854479413
17599,16.656892399692616
17600,30.482617740136092
17601,31.19596292206871
17602,22.563646028648826
17603,12.679283865946912
17604,31.522850986650397
17605,18.541462424502733
17606,14.739969742880739
17607,27.928633293970645
17608,15.341586536235427
17609,16.930721410613927
17610,17.795537976151845
17611,22.04995700213771
17612,19.905578789115552
17613,27.655940371411155
17614,28.238983775107656
17615,25.332665720127704
17616,15.114995599153268
17617,17.28040037395224
17618,27.78934774349981
17619,15.14323317353474
17620,17.27808805873825
17621,11.697915933493977
17622,15.363185397454405
17623,38.93292698867003
17624,18.203271404979233
17625,22.255537505150215
17626,9.35862923684488
17627,28.50878215555089
17628,6.623332218731937
17629,15.760674254428533
17630,27.5768428432087
17631,26.743722823115874
17632,21.39190946134245
17633,22.17304059158832
17634,14.820680488344887
17635,24.045169130134507
17636,15.904760346448047
17637,9.635378116143926
17638,8.49842847085553
17639,30.440922522460454
17640,23.65483807244475
17641,14.922152725829061
17642,20.786454541505677
17643,23.587011519359017
17644,21.212125688198125
17645,24.26821135221941
17646,25.642862320889236
17647,20.632493283538736
17648,18.117338816161112
17649,18.777646370948403
17650,25.236981937988887
17651,13.47638882982292
17652,7.153825549400835
17653,14.491041596688301
17654,23.101470422899517
17655,35.94139196613189
17656,18.703880050557622
17657,30.519281182496258
17658,22.121827280571214
17659,19.148930975882212
17660,15.284966581106419
17661,18.457597220959137
17662,20.444343365777524
17663,39.58196515000256
17664,25.856860786560198
17665,23.929084890356528
17666,4.909578436158547
17667,9.553247372682018
17668,15.913552571221711
17669,12.912428603342653
17670,24.582836181116896
17671,25.873706440954724
17672,9.79326209477344
17673,20.724481993960026
17674,22.18250165850423
17675,12.354765509783117
17676,23.005447084112042
17677,27.356343602524603
17678,30.489180352421915
17679,28.830557237203525
17680,25.511671529867925
17681,21.82003144481451
17682,14.73771265631419
17683,8.195425605288072
17684,18.22635703654407
17685,13.554287522500951
17686,14.355605207717971
17687,22.4162532809692
17688,30.297104373939547
17689,14.855225481806228
17690,5.456938083764894
17691,19.981388382767584
17692,24.84023769692535
17693,36.888143218277776
17694,14.943213052522601
17695,20.608602161487923
17696,28.911906252959817
17697,24.092341362837075
17698,28.442484351837273
17699,18.797707507089964
17700,14.054170432202106
17701,9.24026211225975
17702,30.736929493349656
17703,15.427535088249225
17704,24.99183252785747
17705,26.91164158649937
17706,31.192712737513226
17707,24.199629903137872
17708,24.409227449195296
17709,26.755292110695862
17710,36.328722814157416
17711,17.444104273224607
17712,19.081253361755053
17713,26.940396828617523
17714,11.899896033018269
17715,24.94735532497112
17716,21.285657523588753
17717,10.699064516697664
17718,31.15791859400082
17719,15.482037885352698
17720,22.93861961209504
17721,15.686275093896079
17722,24.8944659765628
17723,12.844237506056093
17724,30.463882647343652
17725,37.379186538273494
17726,10.396227561319638
17727,30.96647957355966
17728,37.91245877512404
17729,20.24315347104994
17730,14.047352578763103
17731,26.427778448398694
17732,18.038968069778193
17733,34.962729276639976
17734,28.775375105571495
17735,11.244442109722778
17736,23.42898392010746
17737,27.00387063210971
17738,20.484757387371264
17739,15.757283099370603
17740,18.075116850829176
17741,15.500687741324548
17742,24.401299921260076
17743,13.374931022386217
17744,30.586379033895902
17745,6.297071593370089
17746,25.74087074442076
17747,8.65068197104162
17748,17.37229983025265
17749,8.291601708339265
17750,17.42367174409593
17751,17.915842501037364
17752,24.43928406892446
17753,24.75304181249362
17754,25.738191327008096
17755,20.10676889116462
17756,11.157703725953358
17757,34.8869463984274
17758,24.57164258522935
17759,36.27146335801269
17760,9.4844507353535
17761,14.585618741289995
17762,16.459896786527146
17763,29.254104177659748
17764,28.70608119500327
17765,36.826348802967225
17766,16.098024139650562
17767,18.249619764436687
17768,19.602956432854235
17769,26.53800470343956
17770,31.68074000479038
17771,16.57197679718535
17772,28.46866858521897
17773,38.35459921741304
17774,22.01105979567791
17775,29.988485536637853
17776,5.788877949450178
17777,31.138116486504515
17778,18.2472838571707
17779,25.80577729417618
17780,19.51434157244367
17781,16.47193339070466
17782,26.53898274231689
17783,13.23459828725559
17784,10.620695297769185
17785,7.602520232231628
17786,22.13061850233123
17787,17.113203397887993
17788,17.70661278399502
17789,21.458740558756663
17790,5.8567428816339575
17791,24.85385569714599
17792,10.077945154824754
17793,16.587125347242655
17794,26.19388385024891
17795,22.20694134550619
17796,7.561045496658731
17797,29.684240092774083
17798,16.975148112614995
17799,22.832803165540888
17800,22.786733434933453
17801,15.227121611325007
17802,14.58769150880962
17803,17.967830683051396
17804,34.482548012350776
17805,15.29205091628183
17806,23.53842467943006
17807,18.76707728884062
17808,15.628272599678048
17809,24.96387317625549
17810,22.478461491588835
17811,17.65642663283201
17812,17.443597957014834
17813,29.579760976921825
17814,13.496697635971424
17815,31.78961788606578
17816,22.31742790683683
17817,19.147996417532962
17818,20.240948754049693
17819,12.596779825047266
17820,23.413838432545024
17821,27.30958111856419
17822,28.4278169474048
17823,17.972516646325086
17824,21.770652003434282
17825,28.46850243282058
17826,27.60392583230783
17827,31.34288913970903
17828,15.926954965436709
17829,21.155769269411365
17830,9.803068797805516
17831,28.698436569727715
17832,7.257666050985273
17833,28.794153508665353
17834,26.640653584816135
17835,17.55840714811923
17836,18.60194956746689
17837,27.62288356476907
17838,28.628927642210403
17839,22.435897006314825
17840,20.314590152248975
17841,28.464727827985733
17842,11.401119253158015
17843,30.889260777484854
17844,28.06042212200618
17845,26.00094575798604
17846,21.26388052537012
17847,16.49053521593367
17848,16.386444275096032
17849,25.32309829424431
17850,30.19996372732722
17851,23.810509306970232
17852,36.1729486339665
17853,32.500416878545835
17854,25.324965998444668
17855,30.057194707857562
17856,22.07679753029266
17857,23.743533331774294
17858,22.569707549955723
17859,9.424997423487103
17860,21.50379237308083
17861,27.46176344012286
17862,26.208400015842912
17863,18.957130050686096
17864,14.11904452675503
17865,22.397968423928024
17866,23.32865551223225
17867,9.533587628563089
17868,20.68583890508445
17869,26.567326027845024
17870,18.73138476522008
17871,24.924479303848337
17872,18.692235582500786
17873,29.112366452993044
17874,26.05553447844101
17875,26.3995635396528
17876,28.17667484806948
17877,38.95363706602287
17878,20.06510832513778
17879,11.50847937824372
17880,23.665104758640908
17881,33.26854823263511
17882,22.136646392300204
17883,25.91020658058253
17884,32.75445453440771
17885,17.882447558784612
17886,13.839409500462853
17887,20.73509140039153
17888,20.7398880491576
17889,20.006494004376332
17890,20.630048978914637
17891,24.77152406917002
17892,24.797299876172346
17893,17.237661965239226
17894,34.55703817213023
17895,22.110450898965855
17896,26.622309429056372
17897,15.822536410725526
17898,34.13180998016925
17899,24.350369974209578
17900,27.030264389424385
17901,22.81662819619089
17902,15.152446043969983
17903,23.84994658193009
17904,35.62752544941177
17905,32.645423871377886
17906,27.421178497512322
17907,28.80705624274837
17908,37.113725941896135
17909,20.621184787837826
17910,26.97312253886391
17911,16.85337438713594
17912,15.899096026111248
17913,22.09382516270722
17914,21.433984387710673
17915,21.70444744458186
17916,29.57471320080747
17917,28.00232611056908
17918,29.49419840888045
17919,13.699122552464619
17920,24.81580982634842
17921,31.993804326961012
17922,20.856098140155513
17923,21.437647770176163
17924,33.2579685942798
17925,29.030195810195362
17926,18.951511595459248
17927,12.390542633461699
17928,20.065316833854013
17929,32.419777132796995
17930,24.007217892747917
17931,32.15560363066058
17932,14.887639089341246
17933,34.24880477325002
17934,26.093171331316206
17935,15.3642999046318
17936,12.06591109965878
17937,22.001871851207234
17938,31.941293079038793
17939,26.12450396174511
17940,18.438143524109158
17941,13.253208529518401
17942,27.04035328294154
17943,19.84398701684659
17944,23.47333118372454
17945,23.909732403904925
17946,29.558320233767645
17947,20.972876900873388
17948,31.077173043339144
17949,22.431105455516278
17950,9.868005666495549
17951,22.672216588202556
17952,24.739112608256164
17953,26.811631226986556
17954,29.722592936849473
17955,21.772574998503288
17956,29.312762044691205
17957,9.772808758477797
17958,20.430468873133897
17959,15.188984363262374
17960,27.416135550583938
17961,14.92304934248996
17962,16.416478706035328
17963,9.869181869164336
17964,31.71850762859925
17965,13.53054188026485
17966,23.301790099229038
17967,21.754343449745534
17968,18.27954046020536
17969,22.143613322381633
17970,37.71637879822186
17971,37.66228980680362
17972,27.84928942133473
17973,22.854775036751647
17974,13.87686695837387
17975,29.289351071965385
17976,33.81126502600465
17977,22.047033957259604
17978,24.777243597081696
17979,20.10227764209428
17980,20.469948799469133
17981,14.01286026384069
17982,29.228766926054988
17983,24.868687395669667
17984,21.456394616283497
17985,21.637577598237833
17986,21.173421688471766
17987,12.192270688443633
17988,21.914542960525644
17989,14.384792354807875
17990,25.950766371160363
17991,19.75402113078406
17992,23.438810701916942
17993,27.606553260863006
17994,22.84095215484979
17995,14.411998915932285
17996,16.41470459777982
17997,24.14047855366267
17998,12.124172976731069
17999,8.980507227557036
18000,25.36083347472337
18001,17.734901972826236
18002,25.827526375630868
18003,14.1359814167381
18004,29.86503349080739
18005,22.226021202191795
18006,27.841246679635887
18007,24.987180588643
18008,27.689924818128905
18009,26.348542281388283
18010,30.190808308715035
18011,16.600913724258668
18012,33.38581234569452
18013,29.77452584160568
18014,18.655011824474
18015,24.1361159912898
18016,16.802949886808634
18017,32.774266879545806
18018,23.404650812923904
18019,13.778521948550075
18020,25.4700321864242
18021,27.82934278384773
18022,22.852692154166807
18023,24.909397761484765
18024,32.016684846298546
18025,27.011478077744734
18026,23.36378248789849
18027,30.163256728739544
18028,30.366988879341235
18029,24.024802940333025
18030,29.838215653224072
18031,26.00481066684882
18032,15.270081290570758
18033,7.8337504071360495
18034,12.405129028508501
18035,21.732067395191095
18036,17.491675243786272
18037,17.666239231710065
18038,15.71736926149579
18039,23.928227977074553
18040,32.93006155107497
18041,22.75422154177688
18042,23.336994063403147
18043,21.612273861091357
18044,15.922091927538021
18045,16.286210802446224
18046,26.003821908383866
18047,22.035557392533363
18048,15.661348091261903
18049,18.38935068038699
18050,40.32392270622008
18051,2.5860281614320164
18052,15.18474500794633
18053,21.134317683387714
18054,13.980647944195727
18055,31.270336098955887
18056,12.240397851024658
18057,21.78649649011506
18058,33.79102714541432
18059,28.17294343071264
18060,19.043278725137405
18061,30.686385106013645
18062,29.518252234514534
18063,28.257533978152253
18064,18.083079266059066
18065,19.792400210240373
18066,8.967083381381357
18067,22.082357720465914
18068,16.13507265355927
18069,12.605502044541936
18070,8.751734136186645
18071,13.987759772117048
18072,20.49167826136587
18073,4.957845430984166
18074,30.08170455874388
18075,40.98788726448339
18076,30.889414854043128
18077,23.17994676078639
18078,19.55236294009459
18079,24.50205004280722
18080,23.610177340501366
18081,11.348316993144369
18082,31.669603024754622
18083,33.75941782457698
18084,12.823419609201018
18085,15.705367384610199
18086,31.52066594179319
18087,29.280956827498144
18088,18.167523790076565
18089,20.679293996814494
18090,37.84227206404489
18091,19.661745871345314
18092,20.278328766861808
18093,13.775160374793526
18094,23.269654210280017
18095,31.43230231721241
18096,21.829480398035983
18097,19.913739293873967
18098,21.92845447801654
18099,29.267367117541504
18100,22.017355567384676
18101,20.816189161117325
18102,31.206698758648052
18103,28.289010867899187
18104,6.368547592052632
18105,14.31350496121392
18106,26.91249690307412
18107,21.06101452963091
18108,11.438174527423097
18109,26.420056641716407
18110,20.120200101395227
18111,13.361015937467874
18112,19.21645564467266
18113,20.343598234352896
18114,22.918686533820292
18115,18.474359495357117
18116,16.435807661476964
18117,37.76022709394364
18118,28.88910295671757
18119,13.113218253045087
18120,31.574475324432434
18121,28.35732282926203
18122,15.796728053795043
18123,20.843686509665297
18124,24.66318735771624
18125,19.447007796479216
18126,19.53862727241197
18127,28.441000085604795
18128,17.845057883869046
18129,7.198857454887808
18130,30.050999838781202
18131,21.146916603965373
18132,29.829596189617817
18133,22.002344984063804
18134,18.226972592120404
18135,32.874780901734546
18136,13.416480995330115
18137,20.721619953414944
18138,24.484406298171752
18139,23.569870545251153
18140,15.43804660543363
18141,35.673844019062024
18142,14.841794088018094
18143,20.150157552303295
18144,18.46877885764705
18145,23.58626834222005
18146,18.05839805301638
18147,10.92291883139662
18148,29.17483332398791
18149,9.29933169217523
18150,34.91338783385518
18151,19.92332429359822
18152,12.458006050404848
18153,26.587483050602554
18154,23.827121494101245
18155,10.781480200795176
18156,18.046888053271644
18157,7.704862624028067
18158,8.11951855847511
18159,26.75185469075724
18160,16.271979874940833
18161,10.687668529784323
18162,25.391211314289812
18163,21.00511539338924
18164,14.053386064714104
18165,26.215755551561493
18166,25.334088080828074
18167,18.721203444865495
18168,11.317592750191418
18169,16.656331153064723
18170,20.890806511123717
18171,19.365876656244268
18172,20.49098497200216
18173,21.135687796195196
18174,27.261958387711253
18175,23.459444587816165
18176,22.73702160161086
18177,19.183392636334332
18178,32.45978061461527
18179,14.803749290040045
18180,15.772160790755526
18181,29.14880961603368
18182,33.92482949292342
18183,22.87279205163589
18184,15.41951215593965
18185,12.6752182816882
18186,20.495644641165775
18187,13.62009502810993
18188,14.503826887161893
18189,31.2703363787101
18190,21.67145429632198
18191,18.954102939113543
18192,26.388633410457963
18193,23.531115557610047
18194,6.236844386101172
18195,34.09151583350477
18196,25.244363705020845
18197,34.32311329367434
18198,24.45450901109065
18199,15.398233871678066
18200,12.924641234552992
18201,9.569080854258901
18202,16.739826209173334
18203,18.469988826113457
18204,16.612250034287577
18205,29.805078094060697
18206,19.463955852353585
18207,37.20259250506509
18208,20.941698464048102
18209,24.637016231084903
18210,22.2331273854198
18211,16.184286157175535
18212,38.59010879762488
18213,28.01653832332059
18214,26.356940661113306
18215,24.31158812355247
18216,23.640727595053566
18217,27.80560513317831
18218,8.755493605762304
18219,21.48705640956156
18220,23.607874093727688
18221,21.76820302079603
18222,21.44031276008589
18223,17.694041973394008
18224,23.164061987184823
18225,29.211113921898594
18226,21.010114264787696
18227,29.90333953769712
18228,25.594778169454145
18229,23.60955448880675
18230,9.476442135898285
18231,15.137949120734572
18232,32.05541065781866
18233,16.019397764549815
18234,32.6660620844962
18235,29.684371468443786
18236,21.4065553566326
18237,11.720405883878659
18238,21.023624168693544
18239,16.244629599154294
18240,16.779509184812735
18241,26.774489935341975
18242,11.286480816242417
18243,24.82137728524171
18244,23.467362538300147
18245,29.93851527599014
18246,27.554908714857287
18247,21.556374106116376
18248,17.757855440662752
18249,33.72318644569799
18250,24.034302252881112
18251,11.188019332999431
18252,16.866219119363908
18253,8.410794232460628
18254,20.742926357508555
18255,12.058794686821418
18256,27.242204453788744
18257,15.310950636886766
18258,19.933373799841014
18259,17.850641095572755
18260,18.872538192761194
18261,13.08027000887489
18262,19.228218388740938
18263,27.839743709193325
18264,28.01747182093426
18265,27.01613990109859
18266,30.001706811755856
18267,8.599691828479065
18268,9.964433746657004
18269,25.084239931912133
18270,22.7328380399285
18271,22.502666256702735
18272,26.51979599110201
18273,13.388047503233466
18274,19.034330474139722
18275,26.017634335645496
18276,26.498211408829253
18277,14.750585431768862
18278,27.370534834374904
18279,23.28796617505987
18280,15.222513835578518
18281,30.85215356961088
18282,25.498703009259025
18283,21.55847245294773
18284,26.428317696829957
18285,19.566282975598366
18286,31.425809540355168
18287,24.16597940233536
18288,14.86889545321436
18289,19.543633047791623
18290,11.04688940847197
18291,29.53944144056435
18292,22.059063574160994
18293,27.021635129020336
18294,34.48397408179666
18295,14.367892475140358
18296,7.278187851224286
18297,22.24876872000474
18298,22.63467167259889
18299,12.935509116442535
18300,20.266187011173635
18301,25.146422175738167
18302,24.165445552704952
18303,31.656909703499977
18304,25.0106288600041
18305,12.233727400276825
18306,6.2837425093528605
18307,32.958336065738756
18308,22.731124799457113
18309,25.18587698141711
18310,13.072188334677005
18311,21.745966804780274
18312,22.520168415232384
18313,18.65214345296959
18314,33.3318373774918
18315,20.43837151472109
18316,16.03207699391209
18317,11.142083621215923
18318,23.96844947443998
18319,21.993619365203323
18320,27.119191028925428
18321,17.44794447922512
18322,20.329227473022367
18323,14.285521651214818
18324,23.880185437219957
18325,14.427119277936146
18326,14.222775798849506
18327,22.49407527587998
18328,13.359780344153506
18329,25.702731871270878
18330,15.381657256306301
18331,17.972130890165282
18332,18.724896930263192
18333,30.32308699143664
18334,27.76419283488493
18335,12.08181544877393
18336,10.06384510473776
18337,30.346453803640113
18338,20.261161979671943
18339,28.709178478266896
18340,14.011425001845392
18341,13.653661575041955
18342,9.435983944734087
18343,12.678653718031452
18344,19.89843178895435
18345,25.064789115881673
18346,13.300419266834442
18347,23.870539081710113
18348,17.89837308275272
18349,14.878498427393193
18350,16.67145675606745
18351,38.03092655632204
18352,19.22433460335765
18353,31.642822005785703
18354,35.78929067515285
18355,31.23756860917911
18356,29.44120379929373
18357,14.28493518374504
18358,31.581828072726296
18359,23.508611101772033
18360,21.69756538296187
18361,26.033339678782824
18362,41.459367100577566
18363,22.043748415009862
18364,2.755500929731615
18365,24.945015542537796
18366,25.60820499887628
18367,19.89151045524781
18368,18.360572216000904
18369,11.226336186912661
18370,19.701500061738827
18371,37.19404504040833
18372,29.129373417146248
18373,25.961083814516563
18374,22.620531039641513
18375,38.988539784409355
18376,23.25852375173866
18377,24.157875371612676
18378,23.52209033407512
18379,18.627378146666793
18380,25.13798347832784
18381,28.788272156862014
18382,14.610693639556974
18383,18.706830950422095
18384,17.44679647923769
18385,38.22499070503073
18386,12.338650093445455
18387,33.09328433907068
18388,17.71220463629581
18389,5.158213130411541
18390,32.35548492016806
18391,19.001752863882302
18392,21.072640655030504
18393,32.412118131630024
18394,8.063321745800954
18395,29.978934973606297
18396,31.45516394798566
18397,10.938917206663598
18398,15.631073727729477
18399,16.23927431407665
18400,27.315047116482766
18401,29.16341631707222
18402,24.74988515493386
18403,18.505841076648302
18404,25.038180170480018
18405,31.650855083453372
18406,14.801230016767278
18407,5.260147741066339
18408,15.06417068924759
18409,19.285317886973765
18410,12.223705176543898
18411,37.56543602320255
18412,22.685244693140387
18413,20.471322152479736
18414,19.423285811165282
18415,26.213159057416
18416,23.49135686661478
18417,24.346259506894086
18418,28.482867461812383
18419,18.605953495708548
18420,6.310095227465878
18421,18.13373451447426
18422,25.45930075957186
18423,22.256891474366796
18424,23.151076155065855
18425,19.019908387304504
18426,23.800351526957023
18427,23.985627288262684
18428,20.40535625547255
18429,23.09954049086717
18430,23.472675051494065
18431,10.11524246710068
18432,12.630349664120853
18433,19.913711134247613
18434,18.69288042453349
18435,19.180630254767568
18436,23.895106060122878
18437,23.294043187120483
18438,21.16711358047361
18439,21.168376964611152
18440,24.73168468790975
18441,20.18196971557792
18442,36.63129588083149
18443,39.63131678442576
18444,15.57096400215923
18445,17.489749561690456
18446,22.787139015149
18447,17.07471011591381
18448,16.772326495219488
18449,24.39391102544415
18450,20.382968639386515
18451,22.512948228984634
18452,30.847814150772557
18453,22.954237375725427
18454,15.471403370057335
18455,12.504868771803885
18456,14.168270686710237
18457,14.14139366596582
18458,17.536597760436408
18459,21.243722571714166
18460,27.095542524687904
18461,22.3340537261248
18462,27.560856811818077
18463,20.008240880696007
18464,32.468883962537966
18465,21.08052050911067
18466,10.997490304943607
18467,11.467489345384696
18468,34.02059117529001
18469,28.363239880516083
18470,28.51678860766617
18471,9.552049247977706
18472,31.522704134277813
18473,16.962459516404703
18474,17.229299416357563
18475,36.670279589031196
18476,10.507563193533432
18477,11.92703004319368
18478,34.79911040322796
18479,21.84317177185934
18480,21.426290577265792
18481,22.424082379402137
18482,12.545809024454577
18483,31.258371701418255
18484,26.952207959311522
18485,22.166721596618487
18486,22.204872612568664
18487,33.976719796935356
18488,17.437293481071073
18489,21.653584343973076
18490,13.33953109452058
18491,21.962443960737772
18492,25.554848964415644
18493,33.54656694187628
18494,29.08725462276324
18495,25.60781918047352
18496,26.203979159747995
18497,23.008365989153
18498,22.58754225320302
18499,36.52565104376206
18500,29.709108317978263
18501,14.102600325309002
18502,17.379103230481984
18503,26.479504162000552
18504,15.20080905625969
18505,27.24908310215082
18506,12.664836900733937
18507,29.716236719054606
18508,24.992121975722544
18509,31.343053668677076
18510,24.734422927409575
18511,38.99807656704435
18512,17.932704043726932
18513,14.706049063664302
18514,22.67334734647399
18515,24.97222560542648
18516,15.899134713950815
18517,33.0011026456938
18518,31.935257206689098
18519,23.99545871870812
18520,26.514900049318705
18521,21.188874419994793
18522,22.263722530743475
18523,23.755197004051844
18524,21.984585607025615
18525,13.014767767421237
18526,17.475440091643286
18527,27.692407799571292
18528,19.88048671107428
18529,31.063009336794014
18530,24.38770788857468
18531,22.71635039758871
18532,19.291861008225904
18533,9.726193939717504
18534,30.01771868303885
18535,12.01525625937741
18536,17.06200502500784
18537,40.701613374989215
18538,33.65078757791764
18539,18.96537874414873
18540,23.153778521298243
18541,28.152084941547663
18542,18.701826678238504
18543,27.010280681513983
18544,8.933339101774365
18545,25.46604218168752
18546,33.61494756783436
18547,34.56254619544471
18548,26.54750054130607
18549,26.96839558244295
18550,33.90435467988843
18551,13.455804101991827
18552,21.148430803445137
18553,26.910231126629398
18554,15.745253571781909
18555,24.0793884500234
18556,24.64904452697876
18557,31.96897564126214
18558,39.55215004377051
18559,23.930119927798117
18560,18.448585186312997
18561,11.044891789484982
18562,36.50540672396023
18563,15.198183802743833
18564,25.20014396484318
18565,25.595535904552467
18566,28.644473849566843
18567,29.767686508862326
18568,10.96305150129823
18569,30.68476689094087
18570,11.685824700669723
18571,25.338008258611282
18572,33.770769779415815
18573,14.807276448066144
18574,23.27446112098034
18575,28.92253717355277
18576,41.38871631960711
18577,25.675766214056615
18578,11.40580279458749
18579,21.193627450096443
18580,29.36227723193147
18581,16.42458749001001
18582,8.926413674353078
18583,24.527000309987223
18584,22.72227748112128
18585,20.50911555164226
18586,10.890246083691807
18587,30.222130298349974
18588,7.065364440726971
18589,24.25480764817716
18590,19.85251251797049
18591,19.46893729174926
18592,13.126380317323688
18593,15.62833880793949
18594,23.399484851872618
18595,16.40299893554024
18596,28.631811250523008
18597,19.569502940423526
18598,11.210943531740606
18599,32.68881761875099
18600,25.236812619753913
18601,29.427806490902377
18602,12.76844689255882
18603,32.86697950091907
18604,30.37976611922457
18605,18.203721376703538
18606,27.95825613034669
18607,22.637929803056082
18608,30.833003792807716
18609,24.34817041548572
18610,19.284956902653406
18611,28.51478812332239
18612,24.4921589333241
18613,28.65814447544716
18614,30.078241162314775
18615,19.48775872462914
18616,18.711172101067344
18617,19.829079865527362
18618,12.685827565438352
18619,15.865136540679387
18620,34.29922140504371
18621,23.393154199057623
18622,23.58235602109618
18623,19.739809300929732
18624,25.9978992117478
18625,9.072527759079632
18626,25.714771310433992
18627,11.341400983904627
18628,11.935176319116364
18629,33.14446562875977
18630,27.111777462491794
18631,19.558402609282645
18632,18.267331377662806
18633,13.019952831384078
18634,29.280667823111692
18635,31.044068641566327
18636,36.950348754673676
18637,18.724951246396444
18638,30.292308388914964
18639,22.51177399729398
18640,11.771947310198268
18641,26.476741072989395
18642,23.99319416480973
18643,21.43519394922582
18644,20.800246479340103
18645,28.481852687809145
18646,22.783705189278493
18647,22.115776070809623
18648,23.726808667294325
18649,28.121977838320824
18650,13.90829710734596
18651,23.56580337028531
18652,11.289668369511453
18653,10.685739018113285
18654,13.460088037322882
18655,14.251198416278816
18656,6.000641213720527
18657,15.827278893511723
18658,37.45657135770777
18659,14.448969772137913
18660,15.381826049873691
18661,33.165811178731815
18662,9.851244032313438
18663,32.05897648583405
18664,21.09315344353714
18665,10.7034323371882
18666,24.78764716526775
18667,27.793404318582272
18668,10.468890258956876
18669,23.918278834576626
18670,19.007851358266862
18671,8.465407240736194
18672,30.854421892484627
18673,29.988582429076104
18674,20.397963306439905
18675,25.898353009214
18676,28.867109864666247
18677,27.589353554074098
18678,24.948656416594602
18679,4.685855117469666
18680,14.995369956831134
18681,35.83432201011745
18682,17.02157524326479
18683,22.51816253302671
18684,24.51526089294739
18685,32.073524025089554
18686,23.288435194802283
18687,27.782909298535046
18688,11.084092947905582
18689,27.02642902507396
18690,27.547107983750863
18691,12.592152829520234
18692,16.261276838941725
18693,7.376367888747061
18694,20.440652443664256
18695,14.810756622494234
18696,30.39494227535505
18697,27.146430288556928
18698,18.99383699833334
18699,25.36648948482661
18700,18.78300322181424
18701,25.816044955742278
18702,23.858872284634433
18703,13.645299985311219
18704,26.85420505650376
18705,40.215357788792744
18706,21.46860320735462
18707,17.28703889524388
18708,19.194859367507455
18709,21.49173364556645
18710,28.46988848371334
18711,28.29193084923072
18712,28.805718465000655
18713,26.409084553719644
18714,30.236871411117654
18715,26.17492557896334
18716,6.126227841644669
18717,21.632000378108504
18718,1.7121045415777478
18719,21.250098519161153
18720,21.550789708342734
18721,26.485170777066827
18722,19.05416024092777
18723,23.818416284586664
18724,29.616217584157674
18725,23.401901810456003
18726,28.663061479035235
18727,17.57778193956372
18728,12.010160656147608
18729,11.294318629151054
18730,29.003327712523877
18731,13.423483784833692
18732,12.773939512988411
18733,21.84120638892194
18734,14.95084342934325
18735,23.280799770666118
18736,16.263317264621715
18737,21.421766870820075
18738,31.322296343824643
18739,17.614273339097366
18740,33.46302379428683
18741,22.454556176930737
18742,12.741664781859033
18743,20.569978601319413
18744,13.5082777828244
18745,22.594091768880165
18746,13.351577650732999
18747,12.775790403444843
18748,17.89072275609451
18749,14.142460418873878
18750,36.54147518196963
18751,19.487744180602885
18752,14.222985660741124
18753,38.01941369762909
18754,31.714045811709674
18755,18.85236175166783
18756,20.04281207782942
18757,7.429174549979532
18758,29.51451684022725
18759,23.23796444817809
18760,30.309057252434044
18761,29.256401829480254
18762,19.19653432082472
18763,29.862207740426697
18764,18.591949851185955
18765,19.49362153087497
18766,20.538951401065574
18767,25.17208062838671
18768,23.99381180738408
18769,21.177278687682698
18770,21.20962654980402
18771,15.53092696080941
18772,35.040826295640336
18773,14.633539415646542
18774,14.306182089222494
18775,15.629297361928614
18776,23.357670747814417
18777,25.662186174071685
18778,31.20576539613284
18779,27.0403271856609
18780,9.913729174598922
18781,24.024492350275956
18782,21.330563036805916
18783,18.145263043899966
18784,26.608807168209587
18785,21.850470844102418
18786,10.250339359162979
18787,18.55868493018555
18788,35.73625997725462
18789,18.373760529832552
18790,22.13842546511424
18791,29.690782277917787
18792,33.01392960942066
18793,14.679390694499897
18794,18.107109641845174
18795,32.595830151141584
18796,31.134782599788764
18797,25.29020908613586
18798,16.248774745814835
18799,11.944035489952682
18800,12.379240834755723
18801,24.902741134403826
18802,17.74024810980479
18803,25.96598161692537
18804,20.051290671066404
18805,28.164496341943654
18806,11.052141100560128
18807,20.840750275953937
18808,30.016254909140653
18809,10.644511227132258
18810,20.07712384133302
18811,26.03087780635822
18812,19.987788513907425
18813,16.407269617691878
18814,35.50955482526163
18815,24.9412812003861
18816,3.1369799620227874
18817,28.658056869919537
18818,16.255870197920803
18819,22.06250182792416
18820,21.07856965090798
18821,18.109610198259702
18822,20.793083793242815
18823,32.06392235497894
18824,22.134681410999413
18825,25.47652896089174
18826,27.259360873952417
18827,26.87330662435451
18828,31.029763615584336
18829,13.577918666373957
18830,12.239821725779287
18831,15.713452431567177
18832,28.90577689366866
18833,8.631059326089485
18834,13.766671985177023
18835,25.037428068795066
18836,25.518746307357944
18837,15.305043305781659
18838,12.575618348743312
18839,18.592058772774543
18840,25.83801600934786
18841,8.998121429714912
18842,40.6805787215218
18843,23.667535533852767
18844,18.61676727750549
18845,18.301354458710264
18846,36.359940115526875
18847,23.94750968947821
18848,25.129680514725905
18849,14.155264302554984
18850,28.034539101677986
18851,11.424541954945978
18852,27.186606087101403
18853,23.485613145630275
18854,20.933796464991996
18855,31.329873177720522
18856,17.502532664816858
18857,19.558259968063425
18858,18.89354918024482
18859,23.452439107316966
18860,25.861174279362544
18861,16.055978317720495
18862,27.45868742065633
18863,19.46882608252276
18864,24.49835017625304
18865,28.92879118825759
18866,29.396801254237864
18867,29.54828075398453
18868,32.19043002543892
18869,10.470186123849203
18870,14.823498347190924
18871,34.02425392939568
18872,12.935019540740662
18873,33.00199746771683
18874,23.787031074431624
18875,28.668522256747707
18876,10.629809990631829
18877,16.27123890632237
18878,27.85662081083077
18879,26.385248499058466
18880,15.90446889547162
18881,12.313848971300901
18882,11.304780928350468
18883,10.593620782712428
18884,19.457345524321646
18885,22.9944247397397
18886,17.614203035044834
18887,14.463922857405162
18888,36.306331404466
18889,25.108957251493813
18890,22.502264080182506
18891,15.91958824714341
18892,31.480406585494272
18893,15.118067425571923
18894,16.18712232773101
18895,25.667587403927826
18896,14.215809611404055
18897,28.742014568597057
18898,19.519260327682325
18899,26.777108813581318
18900,25.861625302591065
18901,20.709938154004945
18902,19.637383366930347
18903,10.139307025193155
18904,22.79872919343071
18905,14.322334963998614
18906,10.187864742678126
18907,25.104445763016678
18908,25.020046071044725
18909,10.782232633443925
18910,23.57505281128165
18911,22.746949149883143
18912,16.543433656241167
18913,23.59707150098039
18914,9.002499821256052
18915,18.894521407180083
18916,12.187764990393362
18917,16.227871697465805
18918,23.666699444274627
18919,11.437981419631225
18920,17.813149112861254
18921,16.137041436787737
18922,21.504735538138178
18923,25.452983565416815
18924,27.929444872244073
18925,30.260303854916362
18926,18.02722597555406
18927,17.67202884780602
18928,21.65095362371855
18929,28.356082463674355
18930,18.080148781064928
18931,37.858256281624314
18932,23.77776430459543
18933,20.540520217142916
18934,12.787818354487662
18935,18.449342821392907
18936,11.289071667396634
18937,30.331948465681887
18938,20.602340450119
18939,17.513993050244483
18940,25.41153087279244
18941,26.186221646975646
18942,8.161753740792577
18943,13.993000349526845
18944,6.336292116527834
18945,20.244040189816847
18946,25.69187452244795
18947,25.263726812556882
18948,17.165981116711052
18949,16.002098939038312
18950,20.43523149922497
18951,14.644757380867535
18952,34.717966140534976
18953,29.581272426006173
18954,23.74438430567294
18955,29.17431344570977
18956,14.27294870791448
18957,28.134369993926413
18958,19.817800465294262
18959,15.865052018927306
18960,20.640240115318907
18961,9.428217250155035
18962,34.87236730237233
18963,18.81770084470222
18964,22.55190113136912
18965,29.340524088921285
18966,21.940794553834387
18967,32.11464979161195
18968,18.68737397976878
18969,28.578063885367662
18970,5.215154230309705
18971,19.29847170903674
18972,22.766044649181776
18973,29.988612959036015
18974,20.681179366674748
18975,31.372095109027804
18976,34.04292292060117
18977,20.398812077464232
18978,16.96389796355801
18979,13.384318533225729
18980,23.114230279016716
18981,13.047990870647872
18982,22.37207296459784
18983,22.111445424385685
18984,19.655804733286043
18985,19.954945832346183
18986,13.747225139884762
18987,26.794859747789047
18988,35.68970364931749
18989,26.124624371561243
18990,3.007822020616241
18991,26.649514940014186
18992,16.78581870658921
18993,32.436735393829345
18994,15.481766482260475
18995,14.324311606362526
18996,16.564701895643168
18997,18.81841833046885
18998,25.60302829201027
18999,8.29176434770983
19000,22.15135054541902
19001,11.119204068517043
19002,21.144965763118503
19003,14.684667695894007
19004,13.259820358286625
19005,24.101548887492868
19006,25.797456910720157
19007,33.59609300091794
19008,20.0642479658305
19009,14.734157668193754
19010,18.132254224325585
19011,27.686992614418536
19012,26.095663730550392
19013,20.131534785493905
19014,16.107449855338423
19015,19.536947012101066
19016,29.889932027667186
19017,25.808555588792935
19018,25.72244649166909
19019,23.008215414834766
19020,25.861535962941836
19021,8.93003415168229
19022,21.036704242613276
19023,31.936436822686716
19024,14.832090326196369
19025,5.411598684644316
19026,10.836700537063917
19027,33.00713370051996
19028,16.682515258710147
19029,14.478696664072153
19030,17.758060938976346
19031,19.04993904853295
19032,26.16895278407495
19033,22.424602630536512
19034,21.49596444424663
19035,24.91586162144533
19036,25.08793396814832
19037,25.893660020932405
19038,14.63811590157415
19039,20.286506434008643
19040,37.63756782659549
19041,19.37052677235467
19042,24.488878989825086
19043,11.097892991656629
19044,7.56642778940606
19045,7.8542906142298925
19046,26.118389154720788
19047,14.14868626778258
19048,17.875197246297617
19049,13.113183659559692
19050,14.762449896090603
19051,41.670360378034346
19052,26.475807244263393
19053,18.928663303437006
19054,13.646105184130441
19055,25.192598760549366
19056,31.00172163071266
19057,21.03308767808535
19058,23.176769853507924
19059,27.366324733479793
19060,10.906782034686769
19061,17.639557781854716
19062,9.044179034051277
19063,14.595155254393802
19064,25.521925383642532
19065,30.01026812395653
19066,30.717645827578323
19067,31.335755398761926
19068,28.428442973346755
19069,24.193392463271188
19070,8.365674055807487
19071,20.11372747086091
19072,22.643097080696688
19073,16.217307272606767
19074,19.84672676644096
19075,17.27196490379781
19076,28.603145299221673
19077,14.42728289211369
19078,26.790550154462316
19079,17.29396265396546
19080,22.334019223579574
19081,14.785320607156116
19082,19.00760775945775
19083,14.404693177765385
19084,29.945225268809747
19085,14.106481466725
19086,10.120471061801387
19087,20.65974421576099
19088,20.39655378925342
19089,19.986840129857722
19090,19.453393641861478
19091,22.07368972278865
19092,21.252644890203136
19093,11.342348133435447
19094,31.42000703899349
19095,20.82388285545265
19096,25.88003198185622
19097,21.955244689430447
19098,21.34763176924056
19099,16.726922289516693
19100,20.05675554093666
19101,8.527959865531608
19102,22.500147836951157
19103,8.955376117446676
19104,28.865606677464914
19105,17.606127494086326
19106,25.0398258970486
19107,18.844621972449893
19108,14.60137905862235
19109,34.58919326405208
19110,16.193960661243803
19111,30.156245934428
19112,25.467343463958887
19113,15.480127037450805
19114,22.514940514971045
19115,26.00379176284244
19116,25.655604369416338
19117,26.196945501230662
19118,27.431929853344204
19119,22.815638536983396
19120,26.77747879442429
19121,7.071743337561818
19122,24.98423242025409
19123,27.11639039424537
19124,22.362165004565405
19125,30.942208654080943
19126,28.09002620401445
19127,22.971378967074905
19128,12.670886686101772
19129,29.218091058237135
19130,24.455601493871114
19131,18.059494182170234
19132,31.050969456466404
19133,27.124792523587743
19134,24.15155437328176
19135,20.791612587629707
19136,16.82898555991645
19137,12.85108652685636
19138,17.58421802776587
19139,17.626869415110768
19140,22.12107178544886
19141,22.521320270791442
19142,23.683397809920546
19143,18.592612589826953
19144,32.61908295250957
19145,26.119772102175332
19146,21.793020973491927
19147,24.45812410927755
19148,28.23990580777812
19149,14.337623292427724
19150,14.452284003387636
19151,25.095994261868107
19152,12.141916788234
19153,28.478212822257568
19154,34.275798928399155
19155,19.19279418848487
19156,11.290453842028953
19157,24.99172488780377
19158,35.52802080150686
19159,16.521121365508378
19160,38.321534548675416
19161,23.042242276353786
19162,24.25339655206023
19163,16.997616543363716
19164,26.590450051934866
19165,19.738407103812087
19166,20.469590173768633
19167,22.458560693731084
19168,23.70075687237862
19169,19.857681482120512
19170,21.873263907430886
19171,10.879028763216823
19172,42.395975348977736
19173,30.426852322731538
19174,19.06194264871695
19175,32.411269839155246
19176,23.425568970007724
19177,8.818012639853873
19178,14.21803623174624
19179,16.867358317143324
19180,15.092812669365166
19181,19.611884776795204
19182,22.86882730362499
19183,27.68825923886927
19184,20.418047018330363
19185,27.43962636088228
19186,17.067759687824847
19187,14.534102201367137
19188,12.864807448498524
19189,21.405076989916903
19190,17.005423306597347
19191,21.313766914830964
19192,13.456737145774447
19193,39.90249033296631
19194,18.039506400105605
19195,30.596001849857636
19196,21.506238871391023
19197,28.017464501310553
19198,17.049052384800056
19199,17.908989550755
19200,23.947464715438315
19201,17.128044923293146
19202,22.865607418172193
19203,8.275140523634489
19204,21.12512867951681
19205,10.393455822328448
19206,17.320673703405017
19207,24.135204317259763
19208,19.12934110695549
19209,29.690196747365505
19210,10.26318153302803
19211,17.839231601251342
19212,19.10560756080563
19213,17.040229116497933
19214,16.95051294838345
19215,30.428565845501502
19216,30.508147779658273
19217,9.58846921302153
19218,26.898072132916184
19219,22.58204404399448
19220,27.13178519608592
19221,7.235430069932603
19222,26.594407252653752
19223,6.483528072202847
19224,21.478521409417926
19225,14.195095252164094
19226,24.264684404881454
19227,13.388888735897948
19228,20.988023151395907
19229,8.252932302825137
19230,10.08442225779966
19231,15.467609933426115
19232,20.09714829971949
19233,25.122990687173726
19234,16.36619774325648
19235,27.628342831917905
19236,23.744484492072626
19237,21.41817027503842
19238,13.31796592789427
19239,15.204034479699851
19240,9.042048374256263
19241,38.6927370039256
19242,18.438401385905728
19243,23.555880070313798
19244,32.404296720556495
19245,11.750968959312587
19246,23.64446808507734
19247,29.435940817290962
19248,26.8528302869655
19249,19.309721817161524
19250,30.736566388926157
19251,18.184686996962785
19252,12.086973185323043
19253,17.104131547360918
19254,30.35056591533842
19255,25.246346983689328
19256,8.164656212265989
19257,17.914246923394114
19258,15.3037820515008
19259,13.638196794995228
19260,35.17639449273928
19261,24.40816476168923
19262,17.601648783334937
19263,21.938199482028125
19264,18.807540969671855
19265,21.009916002449163
19266,17.428023624847352
19267,20.194328952450093
19268,30.426524283843964
19269,19.791047904807947
19270,20.29649322100426
19271,20.305781369238026
19272,9.111437075540024
19273,21.21968566304528
19274,27.126780516085596
19275,26.5462416006836
19276,30.277550568556546
19277,24.855302854313223
19278,24.312787825691114
19279,31.400932002286247
19280,26.164906249851448
19281,30.345187746827104
19282,9.583994970910824
19283,20.47934498721906
19284,20.638334637033772
19285,17.79163680498372
19286,23.4582305495942
19287,22.523005285140787
19288,16.993367401963454
19289,23.7351147320366
19290,29.510464807946292
19291,24.821998526223382
19292,30.609381533074064
19293,11.815823183192071
19294,31.341074717276328
19295,32.29770805934952
19296,23.06070054388167
19297,29.115676533776053
19298,21.028320516127284
19299,28.624871177165836
19300,17.351230545767834
19301,17.762914401090267
19302,20.460486943772704
19303,16.660250963859824
19304,33.638246519746275
19305,25.544922834933494
19306,8.97159881527932
19307,19.529315169725642
19308,30.158003322542168
19309,30.20897507523023
19310,30.482422729571542
19311,16.133134872118593
19312,28.856384528132992
19313,29.67453555592611
19314,26.508545021986684
19315,31.40755627449252
19316,23.416065142868188
19317,38.896622831269234
19318,11.802766205775464
19319,17.367921705296496
19320,9.588964116142469
19321,26.145598673153202
19322,23.579321830871496
19323,31.55492246114487
19324,30.44212720497964
19325,13.864074162611212
19326,17.8616818440457
19327,22.88317428658504
19328,24.691526714076595
19329,31.11976031953661
19330,10.242090144711673
19331,29.082713842185235
19332,16.180693318572878
19333,29.615723971791766
19334,26.332422514357454
19335,22.883465303956733
19336,6.080720943303999
19337,31.558383771253148
19338,26.727670589261415
19339,41.0092719740623
19340,34.41765817080823
19341,21.345962842873213
19342,29.12390638795158
19343,12.785821386197666
19344,18.618001273651732
19345,13.712157021032068
19346,16.05985940394809
19347,17.85720811778063
19348,25.18700098527808
19349,17.023757213696925
19350,22.547876016735756
19351,8.48766249268024
19352,25.385502704984745
19353,32.392573277004594
19354,25.585923875506353
19355,21.87976011131743
19356,14.92772568966204
19357,20.535675987606886
19358,20.4201557488155
19359,24.28341766648478
19360,22.892220323704052
19361,15.77896078311167
19362,24.911868122033503
19363,16.1399638517387
19364,9.170897788118129
19365,11.847624315321571
19366,28.68423018697068
19367,25.30404540060772
19368,12.164287898347352
19369,26.60382795757385
19370,30.713094548210726
19371,17.664507457625795
19372,14.88077018763939
19373,22.166289700120004
19374,29.580531332565684
19375,24.617676961600154
19376,30.455882358751083
19377,16.358063380949307
19378,17.915754135304148
19379,18.324885158867158
19380,15.953167860607298
19381,13.992264163935513
19382,30.19804777577241
19383,18.561081885745704
19384,16.778405459143862
19385,16.38364362008063
19386,31.10453520569493
19387,17.943020107290103
19388,27.646579180249745
19389,11.46951483440507
19390,25.095400774171573
19391,15.345025103713061
19392,24.128068150086165
19393,28.915910201173915
19394,28.573850308258066
19395,29.45987017650457
19396,6.625187458934805
19397,10.727317822747999
19398,17.488776870597754
19399,26.1832121793649
19400,37.47469782448661
19401,10.645388605374823
19402,7.964347570822448
19403,4.932836272796967
19404,21.125364226555025
19405,17.345764047260438
19406,25.554922935119237
19407,24.23574098180966
19408,12.998578965690498
19409,29.908313968338156
19410,24.068136607118156
19411,33.267717471276114
19412,34.11269664564245
19413,23.79366997655918
19414,33.69954340722076
19415,24.678921500760698
19416,26.984880663827703
19417,25.33014988126707
19418,25.121888410896133
19419,20.314073448031913
19420,21.16765855435512
19421,21.997350131510178
19422,29.19529389663157
19423,32.09904758197352
19424,20.460568959844093
19425,13.11288819539622
19426,20.729123626697472
19427,28.7622993830337
19428,22.112019038057078
19429,25.85315141772299
19430,28.45783324637317
19431,25.69033871735188
19432,11.597911274297006
19433,14.701791076574318
19434,38.66479134559994
19435,23.396989182582246
19436,24.101579859354445
19437,30.08694622771764
19438,16.638357861166824
19439,30.185471844455083
19440,26.496240631393235
19441,14.905709342197893
19442,17.765396402247347
19443,25.521865007058263
19444,33.455681206160016
19445,11.548935682588784
19446,21.29732203357755
19447,17.311092709014545
19448,20.863247973206068
19449,10.6892112542464
19450,9.96020989154848
19451,25.978146756248197
19452,6.737684332713341
19453,12.000221073976856
19454,15.555059358021463
19455,10.18234053815831
19456,11.080485545699151
19457,32.05068339744304
19458,40.04820707979316
19459,11.034490831448498
19460,25.81128722325878
19461,31.02083583572363
19462,15.069473044985688
19463,20.460942719327697
19464,25.549992639598102
19465,15.135466469090993
19466,21.78541552630135
19467,24.45388519413313
19468,9.30519315821352
19469,5.760433053436101
19470,18.78799757099869
19471,17.14332676903437
19472,12.272706183366862
19473,14.803520820475885
19474,30.902828273514835
19475,19.543887570592716
19476,11.170503726847636
19477,21.99411492369422
19478,36.449045961598756
19479,30.283407647812567
19480,8.069771708436871
19481,22.10457028490348
19482,18.102773356970538
19483,30.829842565538947
19484,25.44523195171741
19485,20.452063317782873
19486,21.57872102649076
19487,34.21683912936233
19488,31.696597164836486
19489,29.77718933096144
19490,28.048166324820578
19491,13.116509029117609
19492,6.900455428126421
19493,16.899091902929513
19494,15.812714786554118
19495,12.712358448029764
19496,22.40040117016605
19497,28.30284847797624
19498,21.890043177429778
19499,24.650954310391363
19500,28.685188011549577
19501,18.317555300822313
19502,5.584757066794547
19503,25.89829564566314
19504,28.517136688089415
19505,6.0512094437732165
19506,17.794694236123384
19507,14.453293597782341
19508,27.023506227704583
19509,12.60480242989925
19510,24.656199661441818
19511,34.8025521852494
19512,17.5988363906357
19513,21.175346144151593
19514,20.55456784165822
19515,12.04974209239319
19516,9.687602469415621
19517,11.539590309023067
19518,15.678921944711403
19519,30.007505681657815
19520,2.210650067572728
19521,7.657636852932276
19522,8.99203073204956
19523,8.189250028310134
19524,30.282930326911433
19525,20.580365087325305
19526,13.32844352981557
19527,19.666133292492123
19528,35.2064604810354
19529,23.44667623378045
19530,30.455851491530254
19531,14.857022414521335
19532,28.752588848183695
19533,27.954803954172995
19534,37.76075292701395
19535,28.544078568934367
19536,19.82857138955576
19537,17.877872726000767
19538,18.330472516555382
19539,31.350606240409444
19540,31.037148460688023
19541,28.80904402637723
19542,19.79477366569643
19543,31.558199747235548
19544,30.157625865620957
19545,32.87913658938205
19546,30.844931552430083
19547,23.653824907676835
19548,19.082783954728278
19549,22.737319466446905
19550,26.8203794906683
19551,25.956911689547468
19552,7.874740559223124
19553,21.00967300638446
19554,5.656202979530884
19555,23.142681300205037
19556,26.59905871493329
19557,28.9517329988272
19558,18.369965458374445
19559,27.03121104333924
19560,23.888808362151305
19561,30.216077697172363
19562,25.482141632745225
19563,22.363760528726505
19564,12.354808209630121
19565,3.3323970267048892
19566,20.056658665424372
19567,32.37545917307588
19568,18.451763119960965
19569,21.454584672123246
19570,25.494290080407794
19571,19.779974839156942
19572,24.132204414261754
19573,22.863115597888253
19574,27.00553578549028
19575,19.236859935983535
19576,12.644886253741891
19577,33.54176371636718
19578,16.761218009764047
19579,23.33685674779195
19580,31.50879426490215
19581,12.011829872724595
19582,13.996592528331675
19583,25.321620313399407
19584,28.316565279623447
19585,30.203658607346114
19586,22.39350891956849
19587,22.038521613008932
19588,18.275921628823973
19589,24.21964842972019
19590,8.404340413830203
19591,6.447247466340922
19592,22.90462497021023
19593,14.99852121232883
19594,26.96907624846795
19595,12.480255108030995
19596,9.99590066880192
19597,14.789543028859025
19598,17.59649069268548
19599,18.86810776227793
19600,29.304117257788405
19601,15.937451037095645
19602,14.761663567389117
19603,28.059186397413583
19604,8.118126240830062
19605,27.767849797465324
19606,25.76397021659436
19607,32.09785564806782
19608,20.042864334880797
19609,19.26198139621141
19610,13.606443568394155
19611,23.214607815762534
19612,18.334954463570227
19613,24.476557438118363
19614,19.010207101304125
19615,23.192932413302366
19616,29.177230493063288
19617,18.968910830731694
19618,34.237291103946134
19619,23.041087902288734
19620,29.068079044724215
19621,25.080056848834417
19622,16.535097730831996
19623,22.47080147715772
19624,24.153387823129393
19625,7.107691020961427
19626,12.61674788691828
19627,13.035824529444778
19628,26.219885296268913
19629,27.50256482237616
19630,31.202746539305416
19631,22.151649208725917
19632,24.642528396147412
19633,12.1971566089255
19634,29.21540756325622
19635,8.892004141213038
19636,23.520559373307076
19637,21.70536811787776
19638,22.935845865490094
19639,24.933026452341075
19640,17.894184954957197
19641,22.97347993195956
19642,21.141917344107178
19643,21.86477177338682
19644,23.299526870076626
19645,15.812615525511703
19646,26.32388164223702
19647,31.72358373979365
19648,26.186949914390084
19649,4.977901104884915
19650,33.27122841649139
19651,22.79852930508723
19652,14.370146307688218
19653,23.63756198173786
19654,20.823062673554087
19655,28.102360051686553
19656,29.120397136751585
19657,33.0003223103934
19658,11.262797579582157
19659,15.796097897773661
19660,24.15520209114598
19661,9.555498672991796
19662,16.402006549790684
19663,15.801026334574892
19664,18.810432516171353
19665,17.068435584164916
19666,21.09384055994708
19667,21.46607812182132
19668,17.73177097017342
19669,19.90766685331653
19670,28.59468946318338
19671,26.660259329393437
19672,17.518687465522547
19673,20.750594103895807
19674,20.100258866803898
19675,29.93713811012761
19676,20.93650514000577
19677,14.241856050553697
19678,39.566253711607764
19679,23.185813738901405
19680,19.09211460474142
19681,28.802890435597924
19682,25.119474236259364
19683,27.923606892125797
19684,26.777579716180398
19685,25.302532000772203
19686,20.54346270649046
19687,32.73783798063988
19688,22.333328940892606
19689,25.115272853508372
19690,21.17349251055261
19691,31.91606983718684
19692,8.93932206262062
19693,17.43928328649012
19694,25.339214518287
19695,13.697722791848939
19696,15.938799014025909
19697,24.993073992560237
19698,11.136808666336384
19699,19.281652298409604
19700,21.768321673453322
19701,27.126269352421534
19702,18.72362452974912
19703,31.070528458759945
19704,15.328013812284789
19705,19.66707937218592
19706,13.437304380401041
19707,22.069912375159745
19708,29.313610550354905
19709,19.796033524896664
19710,24.27622560980847
19711,27.41343402957864
19712,22.65876027463971
19713,11.290564746950036
19714,24.54599877862814
19715,24.6342279708467
19716,21.03816849518941
19717,24.103285975963317
19718,17.060912350364724
19719,27.93076379377826
19720,23.069027170744683
19721,17.972086877592297
19722,13.382323840590757
19723,21.106499116855353
19724,26.19768983085863
19725,20.414195442238043
19726,9.774002301969626
19727,24.36278822404629
19728,15.46637416804949
19729,15.81494612469863
19730,18.815258880373342
19731,18.72029885635729
19732,24.95575878409158
19733,31.64338751938312
19734,16.956555607941144
19735,22.419020226864927
19736,21.663975913703023
19737,24.963616963906997
19738,12.38228193342372
19739,13.596264903870487
19740,35.65622485150807
19741,22.726282053754208
19742,31.27489702475127
19743,22.873097774620348
19744,22.65798279690743
19745,16.158683155330046
19746,23.848358751218928
19747,17.445838575946603
19748,9.212024532513386
19749,21.81188612192722
19750,14.287105183858639
19751,24.79057680891222
19752,8.318022147807188
19753,28.931231303188213
19754,15.808300962898961
19755,21.896093051511933
19756,8.035627482457365
19757,7.118235401562041
19758,15.013397022345416
19759,18.336427698330226
19760,25.19616527729213
19761,19.631700216895393
19762,20.430827567896053
19763,30.88522030560047
19764,22.87183413619451
19765,27.49636656073813
19766,19.55455622129783
19767,22.055275467639216
19768,23.368790940188426
19769,19.93929774574557
19770,17.195872269001473
19771,23.627375378679005
19772,27.34560729780444
19773,37.68591199759347
19774,21.949246688820015
19775,30.206834556318093
19776,5.01332284240504
19777,21.84923742710695
19778,25.76211365975214
19779,20.812158672321097
19780,18.066944455648258
19781,14.617532559876018
19782,23.40160448522741
19783,16.88107025269715
19784,22.55672078845877
19785,28.659356000513654
19786,21.3172616277134
19787,4.787895284913283
19788,18.869782887688437
19789,29.150774664444597
19790,25.84776286219532
19791,33.10203736565252
19792,11.727778855873815
19793,31.998623369670455
19794,12.568006229769965
19795,12.527206187202047
19796,16.084611109170073
19797,12.656947668115155
19798,30.448909671164586
19799,16.21404764446969
19800,35.22308431222684
19801,15.762178528288791
19802,20.075499450673473
19803,22.90581250977673
19804,22.825404614462926
19805,23.84757502254018
19806,26.34814793910093
19807,17.017931168675553
19808,13.039075051818369
19809,28.38111284981658
19810,15.297283881359203
19811,17.038416623363076
19812,14.674199087625016
19813,17.598095801208153
19814,21.129821379371073
19815,22.040370011208452
19816,28.29519100089935
19817,29.12724857237241
19818,28.60453397232672
19819,15.374602892765573
19820,21.70310320687024
19821,19.3705464197704
19822,15.615852286031537
19823,27.239241928694184
19824,22.37344051118572
19825,17.88924168320515
19826,18.431688534370885
19827,18.613455653961786
19828,12.752113858645977
19829,19.867817855907887
19830,20.5296790423581
19831,21.374877138744566
19832,21.17279766406169
19833,41.021996006393124
19834,15.693035234761883
19835,25.44583439684614
19836,22.289095828606694
19837,13.349043835482851
19838,21.035519220253203
19839,37.133027589737374
19840,26.226457691756245
19841,16.690224410973617
19842,32.910056707328465
19843,7.182648165442079
19844,20.818622981439404
19845,37.97482865722451
19846,13.502355562892426
19847,20.7113030944569
19848,21.177831361138075
19849,24.267385027706624
19850,28.28409773185088
19851,33.18113478108942
19852,21.42852107889138
19853,16.806430790313925
19854,20.080820887618017
19855,22.082034992188362
19856,33.90666062829821
19857,27.484728604366467
19858,28.104371932432976
19859,5.541872997555028
19860,17.029120774334263
19861,7.248253186378154
19862,16.530182877524513
19863,32.19000293582341
19864,22.28096635507415
19865,13.609098241066032
19866,11.371559847494787
19867,8.303776149483395
19868,3.000642464058243
19869,15.410225230474564
19870,22.729738938482974
19871,15.432165887024226
19872,15.967803956652272
19873,10.166995827978985
19874,25.7172553113871
19875,33.235724647892056
19876,18.64864530789375
19877,32.350522342998445
19878,16.067068434809144
19879,29.710946454548576
19880,15.614339456399513
19881,17.713634116660742
19882,17.084547513210257
19883,12.177992115444738
19884,11.81113175935885
19885,27.25004960324896
19886,20.599356220763887
19887,20.594693379179702
19888,13.299019395786868
19889,23.63639046992267
19890,27.783419603880425
19891,11.939639368936664
19892,32.12218760085175
19893,23.579318482305837
19894,23.04759964745498
19895,19.544342404128916
19896,27.21354006131729
19897,34.637715729309576
19898,25.06571446663932
19899,17.40860580743015
19900,28.684026131195488
19901,32.16182834233139
19902,35.327737033252404
19903,33.62726584732467
19904,25.25358874654169
19905,18.213442106996386
19906,23.71294730492057
19907,21.297888104797472
19908,11.185247514447893
19909,15.936549864731994
19910,22.34466667118098
19911,18.367187440477352
19912,20.34663591455796
19913,26.086082301564247
19914,24.571686661881884
19915,32.70551031077885
19916,25.5170306977121
19917,17.74454747718537
19918,7.316944665363439
19919,17.715288513158697
19920,15.244404321742529
19921,12.818901630913082
19922,16.546194205756827
19923,15.75083895841661
19924,16.927021527609593
19925,15.585999787294703
19926,24.79410560272
19927,21.862064683208658
19928,23.844509688734206
19929,13.065779180679222
19930,21.423635230978398
19931,26.518459229025467
19932,23.505094133011177
19933,18.19097651694974
19934,29.861127493338067
19935,34.982043246485325
19936,20.935444743237255
19937,25.35563496745838
19938,14.825628631652124
19939,16.772600272486162
19940,26.927645417284637
19941,22.301271520688484
19942,21.88191824201661
19943,22.29451577457776
19944,15.840437563318964
19945,29.63078473124558
19946,6.349173658958909
19947,26.537360314558914
19948,30.751423136748798
19949,29.523880214754602
19950,36.067130592816795
19951,28.526389787691425
19952,23.193668658764295
19953,29.458176998887282
19954,25.890841726849626
19955,31.06467698463007
19956,10.861048171487866
19957,16.99958360285433
19958,23.53037314890178
19959,21.013103296423527
19960,28.637814934022405
19961,23.049207716821826
19962,12.598288185250874
19963,14.249274729223854
19964,17.22083564649476
19965,17.746765382071125
19966,24.66829024289082
19967,21.355886539371923
19968,19.513993607518948
19969,19.543192066630233
19970,10.084256511840717
19971,26.200130359196603
19972,26.15301038482273
19973,16.436539052500954
19974,28.59789242115611
19975,19.438723350802718
19976,29.71786263305279
19977,24.31953958694296
19978,10.766290096266454
19979,22.693018542541363
19980,15.45457256911526
19981,32.24391273354552
19982,23.311100399067026
19983,18.54640968187813
19984,16.454255572557745
19985,13.900436035571612
19986,24.31543278882137
19987,8.938646017609743
19988,26.09184665408639
19989,17.086092777821857
19990,20.935463227728114
19991,19.1449048329318
19992,35.60169642766489
19993,12.719286190103645
19994,17.529475679266284
19995,17.603106255312692
19996,15.458254785154022
19997,11.116414382499622
19998,14.19061323682131
19999,16.193255143242993
