region,detector,input_processing,detection_number,changepoint_index,changepoint_timestamp,demand_value
NSW1,page_hinkley,daily_weekly_adjusted,1,29,2020-03-01 14:30:00,513.7506250000006
NSW1,page_hinkley,daily_weekly_adjusted,2,59,2020-03-02 05:30:00,246.12592920354018
NSW1,page_hinkley,daily_weekly_adjusted,3,89,2020-03-02 20:30:00,-135.99203539823066
NSW1,page_hinkley,daily_weekly_adjusted,4,119,2020-03-03 11:30:00,223.8109734513273
NSW1,page_hinkley,daily_weekly_adjusted,5,149,2020-03-04 02:30:00,-361.95539823008767
NSW1,page_hinkley,daily_weekly_adjusted,6,179,2020-03-04 17:30:00,-501.60725663716767
NSW1,page_hinkley,daily_weekly_adjusted,7,209,2020-03-05 08:30:00,205.59982300884985
NSW1,page_hinkley,daily_weekly_adjusted,8,239,2020-03-05 23:30:00,-475.2015929203535
NSW1,page_hinkley,daily_weekly_adjusted,9,269,2020-03-06 14:30:00,125.04115044247737
NSW1,page_hinkley,daily_weekly_adjusted,10,299,2020-03-07 05:30:00,-143.92707964601777
NSW1,page_hinkley,daily_weekly_adjusted,11,329,2020-03-07 20:30:00,-1118.23185840708
NSW1,page_hinkley,daily_weekly_adjusted,12,359,2020-03-08 11:30:00,-720.571249999999
NSW1,page_hinkley,daily_weekly_adjusted,13,389,2020-03-09 02:30:00,-514.3546902654862
NSW1,page_hinkley,daily_weekly_adjusted,14,419,2020-03-09 17:30:00,-1296.6725663716816
NSW1,page_hinkley,daily_weekly_adjusted,15,449,2020-03-10 08:30:00,-953.2639823008849
NSW1,page_hinkley,daily_weekly_adjusted,16,479,2020-03-10 23:30:00,-760.6915044247789
NSW1,page_hinkley,daily_weekly_adjusted,17,509,2020-03-11 14:30:00,-1000.755752212388
NSW1,page_hinkley,daily_weekly_adjusted,18,539,2020-03-12 05:30:00,-21.52221238938182
NSW1,page_hinkley,daily_weekly_adjusted,19,569,2020-03-12 20:30:00,-998.0585840707954
NSW1,page_hinkley,daily_weekly_adjusted,20,599,2020-03-13 11:30:00,-1211.0769911504412
NSW1,page_hinkley,daily_weekly_adjusted,21,629,2020-03-14 02:30:00,-598.9540707964597
NSW1,page_hinkley,daily_weekly_adjusted,22,659,2020-03-14 17:30:00,-1029.5723008849563
NSW1,page_hinkley,daily_weekly_adjusted,23,689,2020-03-15 08:30:00,-649.5308035714288
NSW1,page_hinkley,daily_weekly_adjusted,24,719,2020-03-15 23:30:00,-687.2275
NSW1,page_hinkley,daily_weekly_adjusted,25,749,2020-03-16 14:30:00,-1193.312920353982
NSW1,page_hinkley,daily_weekly_adjusted,26,779,2020-03-17 05:30:00,-91.6177876106185
NSW1,page_hinkley,daily_weekly_adjusted,27,809,2020-03-17 20:30:00,-1196.1520353982296
NSW1,page_hinkley,daily_weekly_adjusted,28,839,2020-03-18 11:30:00,-1344.7327433628316
NSW1,page_hinkley,daily_weekly_adjusted,29,869,2020-03-19 02:30:00,-611.8115044247788
NSW1,page_hinkley,daily_weekly_adjusted,30,899,2020-03-19 17:30:00,135.85141592920263
NSW1,page_hinkley,daily_weekly_adjusted,31,929,2020-03-20 08:30:00,-965.2815044247782
NSW1,page_hinkley,daily_weekly_adjusted,32,959,2020-03-20 23:30:00,-523.7480530973453
NSW1,page_hinkley,daily_weekly_adjusted,33,989,2020-03-21 14:30:00,-907.6961946902657
NSW1,page_hinkley,daily_weekly_adjusted,34,1019,2020-03-22 05:30:00,-263.6288392857141
NSW1,page_hinkley,daily_weekly_adjusted,35,1049,2020-03-22 20:30:00,-1005.5474999999997
NSW1,page_hinkley,daily_weekly_adjusted,36,1079,2020-03-23 11:30:00,-725.7317699115047
NSW1,page_hinkley,daily_weekly_adjusted,37,1109,2020-03-24 02:30:00,-619.6627433628319
NSW1,page_hinkley,daily_weekly_adjusted,38,1139,2020-03-24 17:30:00,-1175.023628318584
NSW1,page_hinkley,daily_weekly_adjusted,39,1169,2020-03-25 08:30:00,-1028.0011504424774
NSW1,page_hinkley,daily_weekly_adjusted,40,1199,2020-03-25 23:30:00,-758.5947787610621
NSW1,page_hinkley,daily_weekly_adjusted,41,1229,2020-03-26 14:30:00,-1230.1982300884947
NSW1,page_hinkley,daily_weekly_adjusted,42,1259,2020-03-27 05:30:00,-468.87185840707934
NSW1,page_hinkley,daily_weekly_adjusted,43,1289,2020-03-27 20:30:00,-1575.7015044247792
NSW1,page_hinkley,daily_weekly_adjusted,44,1319,2020-03-28 11:30:00,-1183.3429203539827
NSW1,page_hinkley,daily_weekly_adjusted,45,1349,2020-03-29 02:30:00,-707.3026785714283
NSW1,page_hinkley,daily_weekly_adjusted,46,1379,2020-03-29 17:30:00,-871.3227678571429
NSW1,page_hinkley,daily_weekly_adjusted,47,1409,2020-03-30 08:30:00,-729.2044247787617
NSW1,page_hinkley,daily_weekly_adjusted,48,1439,2020-03-30 23:30:00,-763.8227433628317
NSW1,page_hinkley,daily_weekly_adjusted,49,1469,2020-03-31 14:30:00,-1249.1981415929204
NSW1,page_hinkley,daily_weekly_adjusted,50,1499,2020-04-01 05:30:00,-486.13230088495493
NSW1,page_hinkley,daily_weekly_adjusted,51,1529,2020-04-01 20:30:00,-1279.2100884955744
NSW1,page_hinkley,daily_weekly_adjusted,52,1559,2020-04-02 11:30:00,-531.61592920354
NSW1,page_hinkley,daily_weekly_adjusted,53,1589,2020-04-03 02:30:00,-797.851592920354
NSW1,page_hinkley,daily_weekly_adjusted,54,1619,2020-04-03 17:30:00,-833.679203539823
NSW1,page_hinkley,daily_weekly_adjusted,55,1649,2020-04-04 08:30:00,-814.1557522123894
NSW1,page_hinkley,daily_weekly_adjusted,56,1679,2020-04-04 23:30:00,-1135.333097345133
NSW1,page_hinkley,daily_weekly_adjusted,57,1709,2020-04-05 14:30:00,-1620.8493749999989
NSW1,page_hinkley,daily_weekly_adjusted,58,1739,2020-04-06 05:30:00,-952.9440707964604
NSW1,page_hinkley,daily_weekly_adjusted,59,1769,2020-04-06 20:30:00,-1254.9520353982307
NSW1,page_hinkley,daily_weekly_adjusted,60,1799,2020-04-07 11:30:00,-1292.6290265486732
NSW1,page_hinkley,daily_weekly_adjusted,61,1829,2020-04-08 02:30:00,-405.18539823008814
NSW1,page_hinkley,daily_weekly_adjusted,62,1859,2020-04-08 17:30:00,-1077.077256637168
NSW1,page_hinkley,daily_weekly_adjusted,63,1889,2020-04-09 08:30:00,-1302.3801769911506
NSW1,page_hinkley,daily_weekly_adjusted,64,1919,2020-04-09 23:30:00,-677.9715929203539
NSW1,page_hinkley,daily_weekly_adjusted,65,1949,2020-04-10 14:30:00,-2056.4488495575233
NSW1,page_hinkley,daily_weekly_adjusted,66,1979,2020-04-11 05:30:00,-1104.8170796460172
NSW1,page_hinkley,daily_weekly_adjusted,67,2009,2020-04-11 20:30:00,-1102.4118584070793
NSW1,page_hinkley,daily_weekly_adjusted,68,2039,2020-04-12 11:30:00,-1798.4912499999991
NSW1,page_hinkley,daily_weekly_adjusted,69,2069,2020-04-13 02:30:00,-466.10469026548617
NSW1,page_hinkley,daily_weekly_adjusted,70,2099,2020-04-13 17:30:00,-1866.8625663716812
NSW1,page_hinkley,daily_weekly_adjusted,71,2129,2020-04-14 08:30:00,-1708.6639823008854
NSW1,page_hinkley,daily_weekly_adjusted,72,2159,2020-04-14 23:30:00,-633.1015044247788
NSW1,page_hinkley,daily_weekly_adjusted,73,2189,2020-04-15 14:30:00,-1387.0657522123884
NSW1,page_hinkley,daily_weekly_adjusted,74,2219,2020-04-16 05:30:00,-1031.1022123893817
NSW1,page_hinkley,daily_weekly_adjusted,75,2249,2020-04-16 20:30:00,-1346.0585840707954
NSW1,page_hinkley,daily_weekly_adjusted,76,2279,2020-04-17 11:30:00,-1838.7569911504415
NSW1,page_hinkley,daily_weekly_adjusted,77,2309,2020-04-18 02:30:00,-513.5640707964603
NSW1,page_hinkley,daily_weekly_adjusted,78,2339,2020-04-18 17:30:00,-1266.5323008849564
NSW1,page_hinkley,daily_weekly_adjusted,79,2369,2020-04-19 08:30:00,-1237.580803571428
NSW1,page_hinkley,daily_weekly_adjusted,80,2399,2020-04-19 23:30:00,-443.7574999999997
NSW1,page_hinkley,daily_weekly_adjusted,81,2429,2020-04-20 14:30:00,-1326.642920353982
NSW1,page_hinkley,daily_weekly_adjusted,82,2459,2020-04-21 05:30:00,-990.2977876106188
NSW1,page_hinkley,daily_weekly_adjusted,83,2489,2020-04-21 20:30:00,-1345.622035398229
NSW1,page_hinkley,daily_weekly_adjusted,84,2519,2020-04-22 11:30:00,-1776.7427433628318
NSW1,page_hinkley,daily_weekly_adjusted,85,2549,2020-04-23 02:30:00,-291.151504424779
NSW1,page_hinkley,daily_weekly_adjusted,86,2579,2020-04-23 17:30:00,-1279.8285840707968
NSW1,page_hinkley,daily_weekly_adjusted,87,2609,2020-04-24 08:30:00,-1618.7815044247782
NSW1,page_hinkley,daily_weekly_adjusted,88,2639,2020-04-24 23:30:00,-755.4880530973451
NSW1,page_hinkley,daily_weekly_adjusted,89,2669,2020-04-25 14:30:00,-1688.416194690265
NSW1,page_hinkley,daily_weekly_adjusted,90,2699,2020-04-26 05:30:00,-745.9388392857145
NSW1,page_hinkley,daily_weekly_adjusted,91,2729,2020-04-26 20:30:00,-1174.8975
NSW1,page_hinkley,daily_weekly_adjusted,92,2759,2020-04-27 11:30:00,-1154.3917699115045
NSW1,page_hinkley,daily_weekly_adjusted,93,2789,2020-04-28 02:30:00,-388.5727433628317
NSW1,page_hinkley,daily_weekly_adjusted,94,2819,2020-04-28 17:30:00,-1158.6736283185837
NSW1,page_hinkley,daily_weekly_adjusted,95,2849,2020-04-29 08:30:00,-1144.151150442477
NSW1,page_hinkley,daily_weekly_adjusted,96,2879,2020-04-29 23:30:00,-586.9147787610618
NSW1,page_hinkley,daily_weekly_adjusted,97,2909,2020-04-30 14:30:00,-310.1882300884954
NSW1,page_hinkley,daily_weekly_adjusted,98,2939,2020-05-01 05:30:00,-664.4218584070795
NSW1,page_hinkley,daily_weekly_adjusted,99,2969,2020-05-01 20:30:00,111.69849557522139
NSW1,page_hinkley,daily_weekly_adjusted,100,2999,2020-05-02 11:30:00,-1107.732920353983
NSW1,page_hinkley,daily_weekly_adjusted,101,3029,2020-05-03 02:30:00,-97.332678571428
NSW1,page_hinkley,daily_weekly_adjusted,102,3059,2020-05-03 17:30:00,-389.13276785714334
NSW1,page_hinkley,daily_weekly_adjusted,103,3089,2020-05-04 08:30:00,-101.42442477876102
NSW1,page_hinkley,daily_weekly_adjusted,104,3119,2020-05-04 23:30:00,8.297256637168175
NSW1,page_hinkley,daily_weekly_adjusted,105,3149,2020-05-05 14:30:00,-1362.4581415929206
NSW1,page_hinkley,daily_weekly_adjusted,106,3179,2020-05-06 05:30:00,-503.0023008849548
NSW1,page_hinkley,daily_weekly_adjusted,107,3209,2020-05-06 20:30:00,-481.5900884955736
NSW1,page_hinkley,daily_weekly_adjusted,108,3239,2020-05-07 11:30:00,-1017.0959292035395
NSW1,page_hinkley,daily_weekly_adjusted,109,3269,2020-05-08 02:30:00,-173.68159292035398
NSW1,page_hinkley,daily_weekly_adjusted,110,3299,2020-05-08 17:30:00,-977.4792035398223
NSW1,page_hinkley,daily_weekly_adjusted,111,3329,2020-05-09 08:30:00,-1174.1757522123899
NSW1,page_hinkley,daily_weekly_adjusted,112,3359,2020-05-09 23:30:00,-524.0630973451334
NSW1,page_hinkley,daily_weekly_adjusted,113,3389,2020-05-10 14:30:00,-1392.9993749999994
NSW1,page_hinkley,daily_weekly_adjusted,114,3419,2020-05-11 05:30:00,-155.40407079646047
NSW1,page_hinkley,daily_weekly_adjusted,115,3449,2020-05-11 20:30:00,347.7379646017689
NSW1,page_hinkley,daily_weekly_adjusted,116,3479,2020-05-12 11:30:00,-722.1990265486729
NSW1,page_hinkley,daily_weekly_adjusted,117,3509,2020-05-13 02:30:00,240.07460176991208
NSW1,page_hinkley,daily_weekly_adjusted,118,3539,2020-05-13 17:30:00,378.4427433628316
NSW1,page_hinkley,daily_weekly_adjusted,119,3569,2020-05-14 08:30:00,468.04982300884876
NSW1,page_hinkley,daily_weekly_adjusted,120,3599,2020-05-14 23:30:00,241.34840707964577
NSW1,page_hinkley,daily_weekly_adjusted,121,3629,2020-05-15 14:30:00,-455.1088495575232
NSW1,page_hinkley,daily_weekly_adjusted,122,3659,2020-05-16 05:30:00,10.952920353982336
NSW1,page_hinkley,daily_weekly_adjusted,123,3689,2020-05-16 20:30:00,186.2881415929205
NSW1,page_hinkley,daily_weekly_adjusted,124,3719,2020-05-17 11:30:00,-822.3812499999995
NSW1,page_hinkley,daily_weekly_adjusted,125,3749,2020-05-18 02:30:00,145.53530973451325
NSW1,page_hinkley,daily_weekly_adjusted,126,3779,2020-05-18 17:30:00,220.90743362831927
NSW1,page_hinkley,daily_weekly_adjusted,127,3809,2020-05-19 08:30:00,-91.8339823008846
NSW1,page_hinkley,daily_weekly_adjusted,128,3839,2020-05-19 23:30:00,-18.871504424778323
NSW1,page_hinkley,daily_weekly_adjusted,129,3869,2020-05-20 14:30:00,-965.5857522123879
NSW1,page_hinkley,daily_weekly_adjusted,130,3899,2020-05-21 05:30:00,-617.5722123893811
NSW1,page_hinkley,daily_weekly_adjusted,131,3929,2020-05-21 20:30:00,175.3814159292051
NSW1,page_hinkley,daily_weekly_adjusted,132,3959,2020-05-22 11:30:00,375.41300884955854
NSW1,page_hinkley,daily_weekly_adjusted,133,3989,2020-05-23 02:30:00,297.54592920354025
NSW1,page_hinkley,daily_weekly_adjusted,134,4019,2020-05-23 17:30:00,1087.7676991150438
NSW1,page_hinkley,daily_weekly_adjusted,135,4049,2020-05-24 08:30:00,80.86919642857174
NSW1,page_hinkley,daily_weekly_adjusted,136,4079,2020-05-24 23:30:00,398.8225000000002
NSW1,page_hinkley,daily_weekly_adjusted,137,4109,2020-05-25 14:30:00,317.40707964601825
NSW1,page_hinkley,daily_weekly_adjusted,138,4139,2020-05-26 05:30:00,-197.94778761061934
NSW1,page_hinkley,daily_weekly_adjusted,139,4169,2020-05-26 20:30:00,299.9679646017703
NSW1,page_hinkley,daily_weekly_adjusted,140,4199,2020-05-27 11:30:00,-471.97274336283226
NSW1,page_hinkley,daily_weekly_adjusted,141,4229,2020-05-28 02:30:00,390.1984955752214
NSW1,page_hinkley,daily_weekly_adjusted,142,4259,2020-05-28 17:30:00,31.181415929202558
NSW1,page_hinkley,daily_weekly_adjusted,143,4289,2020-05-29 08:30:00,551.6084955752212
NSW1,page_hinkley,daily_weekly_adjusted,144,4319,2020-05-29 23:30:00,357.1319469026548
NSW1,page_hinkley,daily_weekly_adjusted,145,4349,2020-05-30 14:30:00,-924.126194690265
NSW1,page_hinkley,daily_weekly_adjusted,146,4379,2020-05-31 05:30:00,-310.78883928571395
NSW1,page_hinkley,daily_weekly_adjusted,147,4409,2020-05-31 20:30:00,44.162500000000364
NSW1,page_hinkley,daily_weekly_adjusted,148,4439,2020-06-01 11:30:00,-660.331769911505
NSW1,page_hinkley,daily_weekly_adjusted,149,4469,2020-06-02 02:30:00,265.1372566371683
NSW1,page_hinkley,daily_weekly_adjusted,150,4499,2020-06-02 17:30:00,1490.6563716814162
NSW1,page_hinkley,daily_weekly_adjusted,151,4529,2020-06-03 08:30:00,1273.8688495575225
NSW1,page_hinkley,daily_weekly_adjusted,152,4559,2020-06-03 23:30:00,761.8952212389386
NSW1,page_hinkley,daily_weekly_adjusted,153,4589,2020-06-04 14:30:00,-362.8882300884952
NSW1,page_hinkley,daily_weekly_adjusted,154,4619,2020-06-05 05:30:00,371.92814159292084
NSW1,page_hinkley,daily_weekly_adjusted,155,4649,2020-06-05 20:30:00,1342.4884955752204
NSW1,page_hinkley,daily_weekly_adjusted,156,4679,2020-06-06 11:30:00,-254.8029203539827
NSW1,page_hinkley,daily_weekly_adjusted,157,4709,2020-06-07 02:30:00,634.957321428572
NSW1,page_hinkley,daily_weekly_adjusted,158,4739,2020-06-07 17:30:00,1399.2672321428563
NSW1,page_hinkley,daily_weekly_adjusted,159,4769,2020-06-08 08:30:00,-437.0444247787609
NSW1,page_hinkley,daily_weekly_adjusted,160,4799,2020-06-08 23:30:00,314.46725663716825
NSW1,page_hinkley,daily_weekly_adjusted,161,4829,2020-06-09 14:30:00,-163.1481415929211
NSW1,page_hinkley,daily_weekly_adjusted,162,4859,2020-06-10 05:30:00,-251.97230088495508
NSW1,page_hinkley,daily_weekly_adjusted,163,4889,2020-06-10 20:30:00,661.7499115044247
NSW1,page_hinkley,daily_weekly_adjusted,164,4919,2020-06-11 11:30:00,-407.55592920353956
NSW1,page_hinkley,daily_weekly_adjusted,165,4949,2020-06-12 02:30:00,435.07840707964624
NSW1,page_hinkley,daily_weekly_adjusted,166,4979,2020-06-12 17:30:00,929.3607964601779
NSW1,page_hinkley,daily_weekly_adjusted,167,5009,2020-06-13 08:30:00,280.2842477876102
NSW1,page_hinkley,daily_weekly_adjusted,168,5039,2020-06-13 23:30:00,180.706902654867
NSW1,page_hinkley,daily_weekly_adjusted,169,5069,2020-06-14 14:30:00,-736.2093749999995
NSW1,page_hinkley,daily_weekly_adjusted,170,5099,2020-06-15 05:30:00,-139.59407079646007
NSW1,page_hinkley,daily_weekly_adjusted,171,5129,2020-06-15 20:30:00,607.0279646017698
NSW1,page_hinkley,daily_weekly_adjusted,172,5159,2020-06-16 11:30:00,-676.4790265486727
NSW1,page_hinkley,daily_weekly_adjusted,173,5189,2020-06-17 02:30:00,448.49460176991215
NSW1,page_hinkley,daily_weekly_adjusted,174,5219,2020-06-17 17:30:00,1424.8627433628317
NSW1,page_hinkley,daily_weekly_adjusted,175,5249,2020-06-18 08:30:00,896.0398230088485
NSW1,page_hinkley,daily_weekly_adjusted,176,5279,2020-06-18 23:30:00,559.6884070796459
NSW1,page_hinkley,daily_weekly_adjusted,177,5309,2020-06-19 14:30:00,-877.4788495575231
NSW1,page_hinkley,daily_weekly_adjusted,178,5339,2020-06-20 05:30:00,7.512920353982736
NSW1,page_hinkley,daily_weekly_adjusted,179,5369,2020-06-20 20:30:00,429.04814159292073
NSW1,page_hinkley,daily_weekly_adjusted,180,5399,2020-06-21 11:30:00,532.7687500000002
NSW1,page_hinkley,daily_weekly_adjusted,181,5429,2020-06-22 02:30:00,371.03530973451325
NSW1,page_hinkley,daily_weekly_adjusted,182,5459,2020-06-22 17:30:00,1783.3374336283177
NSW1,page_hinkley,daily_weekly_adjusted,183,5489,2020-06-23 08:30:00,1860.0060176991155
NSW1,page_hinkley,daily_weekly_adjusted,184,5519,2020-06-23 23:30:00,1009.9584955752216
NSW1,page_hinkley,daily_weekly_adjusted,185,5549,2020-06-24 14:30:00,181.31424778761175
NSW1,page_hinkley,daily_weekly_adjusted,186,5579,2020-06-25 05:30:00,142.52778761061836
NSW1,page_hinkley,daily_weekly_adjusted,187,5609,2020-06-25 20:30:00,1456.7714159292045
NSW1,page_hinkley,daily_weekly_adjusted,188,5639,2020-06-26 11:30:00,58.33300884955861
NSW1,page_hinkley,daily_weekly_adjusted,189,5669,2020-06-27 02:30:00,904.2959292035403
NSW1,page_hinkley,daily_weekly_adjusted,190,5699,2020-06-27 17:30:00,1611.3276991150433
NSW1,page_hinkley,daily_weekly_adjusted,191,5729,2020-06-28 08:30:00,1219.9091964285708
NSW1,page_hinkley,daily_weekly_adjusted,192,5759,2020-06-28 23:30:00,970.4125000000004
NSW1,page_hinkley,daily_weekly_adjusted,193,5789,2020-06-29 14:30:00,180.03707964601745
NSW1,page_hinkley,daily_weekly_adjusted,194,5819,2020-06-30 05:30:00,290.0122123893807
NSW1,page_hinkley,daily_weekly_adjusted,195,5849,2020-06-30 20:30:00,1495.3779646017701
NSW1,page_hinkley,daily_weekly_adjusted,196,5879,2020-07-01 11:30:00,-176.34274336283215
NSW1,page_hinkley,daily_weekly_adjusted,197,5909,2020-07-02 02:30:00,486.388495575221
NSW1,page_hinkley,daily_weekly_adjusted,198,5939,2020-07-02 17:30:00,90.80141592920336
NSW1,page_hinkley,daily_weekly_adjusted,199,5969,2020-07-03 08:30:00,842.598495575221
NSW1,page_hinkley,daily_weekly_adjusted,200,5999,2020-07-03 23:30:00,739.2419469026554
NSW1,page_hinkley,daily_weekly_adjusted,201,6029,2020-07-04 14:30:00,-516.7161946902652
NSW1,page_hinkley,daily_weekly_adjusted,202,6059,2020-07-05 05:30:00,403.291160714286
NSW1,page_hinkley,daily_weekly_adjusted,203,6089,2020-07-05 20:30:00,1611.6525000000001
NSW1,page_hinkley,daily_weekly_adjusted,204,6119,2020-07-06 11:30:00,448.9482300884956
NSW1,page_hinkley,daily_weekly_adjusted,205,6149,2020-07-07 02:30:00,866.9372566371685
NSW1,page_hinkley,daily_weekly_adjusted,206,6179,2020-07-07 17:30:00,1318.0463716814174
NSW1,page_hinkley,daily_weekly_adjusted,207,6209,2020-07-08 08:30:00,1318.2788495575223
NSW1,page_hinkley,daily_weekly_adjusted,208,6239,2020-07-08 23:30:00,1069.1752212389374
NSW1,page_hinkley,daily_weekly_adjusted,209,6269,2020-07-09 14:30:00,-424.28823008849486
NSW1,page_hinkley,daily_weekly_adjusted,210,6299,2020-07-10 05:30:00,228.60814159292022
NSW1,page_hinkley,daily_weekly_adjusted,211,6329,2020-07-10 20:30:00,1136.8784955752217
NSW1,page_hinkley,daily_weekly_adjusted,212,6359,2020-07-11 11:30:00,1187.4070796460182
NSW1,page_hinkley,daily_weekly_adjusted,213,6389,2020-07-12 02:30:00,554.2573214285712
NSW1,page_hinkley,daily_weekly_adjusted,214,6419,2020-07-12 17:30:00,1502.8972321428573
NSW1,page_hinkley,daily_weekly_adjusted,215,6449,2020-07-13 08:30:00,1490.2655752212395
NSW1,page_hinkley,daily_weekly_adjusted,216,6479,2020-07-13 23:30:00,957.8772566371681
NSW1,page_hinkley,daily_weekly_adjusted,217,6509,2020-07-14 14:30:00,666.2318584070799
NSW1,page_hinkley,daily_weekly_adjusted,218,6539,2020-07-15 05:30:00,217.52769911504492
NSW1,page_hinkley,daily_weekly_adjusted,219,6569,2020-07-15 20:30:00,1686.4499115044255
NSW1,page_hinkley,daily_weekly_adjusted,220,6599,2020-07-16 11:30:00,332.9640707964609
NSW1,page_hinkley,daily_weekly_adjusted,221,6629,2020-07-17 02:30:00,855.398407079646
NSW1,page_hinkley,daily_weekly_adjusted,222,6659,2020-07-17 17:30:00,1205.1007964601777
NSW1,page_hinkley,daily_weekly_adjusted,223,6689,2020-07-18 08:30:00,838.48424778761
NSW1,page_hinkley,daily_weekly_adjusted,224,6719,2020-07-18 23:30:00,963.2969026548662
NSW1,page_hinkley,daily_weekly_adjusted,225,6749,2020-07-19 14:30:00,-749.9093749999993
NSW1,page_hinkley,daily_weekly_adjusted,226,6779,2020-07-20 05:30:00,-1.564070796460328
NSW1,page_hinkley,daily_weekly_adjusted,227,6809,2020-07-20 20:30:00,1661.7679646017696
NSW1,page_hinkley,daily_weekly_adjusted,228,6839,2020-07-21 11:30:00,-56.49902654867219
NSW1,page_hinkley,daily_weekly_adjusted,229,6869,2020-07-22 02:30:00,960.5146017699117
NSW1,page_hinkley,daily_weekly_adjusted,230,6899,2020-07-22 17:30:00,1167.962743362832
NSW1,page_hinkley,daily_weekly_adjusted,231,6929,2020-07-23 08:30:00,2058.0098230088497
NSW1,page_hinkley,daily_weekly_adjusted,232,6959,2020-07-23 23:30:00,1078.608407079646
NSW1,page_hinkley,daily_weekly_adjusted,233,6989,2020-07-24 14:30:00,-678.098849557523
NSW1,page_hinkley,daily_weekly_adjusted,234,7019,2020-07-25 05:30:00,397.90292035398215
NSW1,page_hinkley,daily_weekly_adjusted,235,7049,2020-07-25 20:30:00,943.4281415929199
NSW1,page_hinkley,daily_weekly_adjusted,236,7079,2020-07-26 11:30:00,1928.5687500000004
NSW1,page_hinkley,daily_weekly_adjusted,237,7109,2020-07-27 02:30:00,468.4553097345133
NSW1,page_hinkley,daily_weekly_adjusted,238,7139,2020-07-27 17:30:00,1616.4074336283193
NSW1,page_hinkley,daily_weekly_adjusted,239,7169,2020-07-28 08:30:00,1071.226017699115
NSW1,page_hinkley,daily_weekly_adjusted,240,7199,2020-07-28 23:30:00,585.9684955752218
NSW1,page_hinkley,daily_weekly_adjusted,241,7229,2020-07-29 14:30:00,-948.215752212388
NSW1,page_hinkley,daily_weekly_adjusted,242,7259,2020-07-30 05:30:00,104.9877876106184
NSW1,page_hinkley,daily_weekly_adjusted,243,7289,2020-07-30 20:30:00,1179.4914159292039
NSW1,page_hinkley,daily_weekly_adjusted,244,7319,2020-07-31 11:30:00,-521.8869911504416
NSW1,page_hinkley,daily_weekly_adjusted,245,7349,2020-08-01 02:30:00,825.5059292035403
NSW1,page_hinkley,daily_weekly_adjusted,246,7379,2020-08-01 17:30:00,310.05769911504285
NSW1,page_hinkley,daily_weekly_adjusted,247,7409,2020-08-02 08:30:00,1134.0691964285706
NSW1,page_hinkley,daily_weekly_adjusted,248,7439,2020-08-02 23:30:00,854.9225000000006
NSW1,page_hinkley,daily_weekly_adjusted,249,7469,2020-08-03 14:30:00,-866.9729203539828
NSW1,page_hinkley,daily_weekly_adjusted,250,7499,2020-08-04 05:30:00,11.132212389381493
NSW1,page_hinkley,daily_weekly_adjusted,251,7529,2020-08-04 20:30:00,989.917964601771
NSW1,page_hinkley,daily_weekly_adjusted,252,7559,2020-08-05 11:30:00,-165.9427433628316
NSW1,page_hinkley,daily_weekly_adjusted,253,7589,2020-08-06 02:30:00,936.4984955752207
NSW1,page_hinkley,daily_weekly_adjusted,254,7619,2020-08-06 17:30:00,1311.7414159292039
NSW1,page_hinkley,daily_weekly_adjusted,255,7649,2020-08-07 08:30:00,2104.318495575222
NSW1,page_hinkley,daily_weekly_adjusted,256,7679,2020-08-07 23:30:00,760.0719469026553
NSW1,page_hinkley,daily_weekly_adjusted,257,7709,2020-08-08 14:30:00,886.583805309735
NSW1,page_hinkley,daily_weekly_adjusted,258,7739,2020-08-09 05:30:00,204.48116071428558
NSW1,page_hinkley,daily_weekly_adjusted,259,7769,2020-08-09 20:30:00,2057.282500000001
NSW1,page_hinkley,daily_weekly_adjusted,260,7799,2020-08-10 11:30:00,715.1382300884961
NSW1,page_hinkley,daily_weekly_adjusted,261,7829,2020-08-11 02:30:00,717.9072566371688
NSW1,page_hinkley,daily_weekly_adjusted,262,7859,2020-08-11 17:30:00,431.2663716814168
NSW1,page_hinkley,daily_weekly_adjusted,263,7889,2020-08-12 08:30:00,1379.728849557523
NSW1,page_hinkley,daily_weekly_adjusted,264,7919,2020-08-12 23:30:00,683.0552212389384
NSW1,page_hinkley,daily_weekly_adjusted,265,7949,2020-08-13 14:30:00,-1405.4282300884952
NSW1,page_hinkley,daily_weekly_adjusted,266,7979,2020-08-14 05:30:00,-42.20185840707927
NSW1,page_hinkley,daily_weekly_adjusted,267,8009,2020-08-14 20:30:00,849.8784955752217
NSW1,page_hinkley,daily_weekly_adjusted,268,8039,2020-08-15 11:30:00,-382.65292035398306
NSW1,page_hinkley,daily_weekly_adjusted,269,8069,2020-08-16 02:30:00,186.667321428572
NSW1,page_hinkley,daily_weekly_adjusted,270,8099,2020-08-16 17:30:00,-116.92276785714239
NSW1,page_hinkley,daily_weekly_adjusted,271,8129,2020-08-17 08:30:00,269.69557522123796
NSW1,page_hinkley,daily_weekly_adjusted,272,8159,2020-08-17 23:30:00,316.9472566371678
NSW1,page_hinkley,daily_weekly_adjusted,273,8189,2020-08-18 14:30:00,-1126.2881415929205
NSW1,page_hinkley,daily_weekly_adjusted,274,8219,2020-08-19 05:30:00,-132.3623008849554
NSW1,page_hinkley,daily_weekly_adjusted,275,8249,2020-08-19 20:30:00,868.3499115044251
NSW1,page_hinkley,daily_weekly_adjusted,276,8279,2020-08-20 11:30:00,-800.28592920354
NSW1,page_hinkley,daily_weekly_adjusted,277,8309,2020-08-21 02:30:00,553.5084070796456
NSW1,page_hinkley,daily_weekly_adjusted,278,8339,2020-08-21 17:30:00,260.27079646017773
NSW1,page_hinkley,daily_weekly_adjusted,279,8369,2020-08-22 08:30:00,749.1042477876108
NSW1,page_hinkley,daily_weekly_adjusted,280,8399,2020-08-22 23:30:00,1129.0669026548667
NSW1,page_hinkley,daily_weekly_adjusted,281,8429,2020-08-23 14:30:00,-544.3893749999988
NSW1,page_hinkley,daily_weekly_adjusted,282,8459,2020-08-24 05:30:00,351.80592920353956
NSW1,page_hinkley,daily_weekly_adjusted,283,8489,2020-08-24 20:30:00,1488.3179646017688
NSW1,page_hinkley,daily_weekly_adjusted,284,8519,2020-08-25 11:30:00,-506.1090265486728
NSW1,page_hinkley,daily_weekly_adjusted,285,8549,2020-08-26 02:30:00,1055.654601769912
NSW1,page_hinkley,daily_weekly_adjusted,286,8579,2020-08-26 17:30:00,73.42274336283299
NSW1,page_hinkley,daily_weekly_adjusted,287,8609,2020-08-27 08:30:00,1183.3498230088499
NSW1,page_hinkley,daily_weekly_adjusted,288,8639,2020-08-27 23:30:00,501.89840707964686
NSW1,page_hinkley,daily_weekly_adjusted,289,8669,2020-08-28 14:30:00,-1764.0688495575232
NSW1,page_hinkley,daily_weekly_adjusted,290,8699,2020-08-29 05:30:00,370.01292035398274
NSW1,page_hinkley,daily_weekly_adjusted,291,8729,2020-08-29 20:30:00,293.0781415929214
NSW1,page_hinkley,daily_weekly_adjusted,292,8759,2020-08-30 11:30:00,-1398.1212499999992
NSW1,page_hinkley,daily_weekly_adjusted,293,8789,2020-08-31 02:30:00,-41.36469026548639
NSW1,page_hinkley,daily_weekly_adjusted,294,8819,2020-08-31 17:30:00,-441.54256637168146
NSW1,page_hinkley,daily_weekly_adjusted,295,8849,2020-09-01 08:30:00,-349.2039823008854
NSW1,page_hinkley,daily_weekly_adjusted,296,8879,2020-09-01 23:30:00,239.5184955752211
NSW1,page_hinkley,daily_weekly_adjusted,297,8909,2020-09-02 14:30:00,-1447.0357522123877
NSW1,page_hinkley,daily_weekly_adjusted,298,8939,2020-09-03 05:30:00,-578.4322123893817
NSW1,page_hinkley,daily_weekly_adjusted,299,8969,2020-09-03 20:30:00,-800.6085840707965
NSW1,page_hinkley,daily_weekly_adjusted,300,8999,2020-09-04 11:30:00,-872.5869911504415
NSW1,page_hinkley,daily_weekly_adjusted,301,9029,2020-09-05 02:30:00,-197.7340707964604
NSW1,page_hinkley,daily_weekly_adjusted,302,9059,2020-09-05 17:30:00,-1179.4023008849563
NSW1,page_hinkley,daily_weekly_adjusted,303,9089,2020-09-06 08:30:00,-432.11080357142873
NSW1,page_hinkley,daily_weekly_adjusted,304,9119,2020-09-06 23:30:00,-100.23750000000018
NSW1,page_hinkley,daily_weekly_adjusted,305,9149,2020-09-07 14:30:00,-1832.8029203539827
NSW1,page_hinkley,daily_weekly_adjusted,306,9179,2020-09-08 05:30:00,-539.7377876106193
NSW1,page_hinkley,daily_weekly_adjusted,307,9209,2020-09-08 20:30:00,-756.6820353982293
NSW1,page_hinkley,daily_weekly_adjusted,308,9239,2020-09-09 11:30:00,-69.1927433628316
NSW1,page_hinkley,daily_weekly_adjusted,309,9269,2020-09-10 02:30:00,139.97849557522113
NSW1,page_hinkley,daily_weekly_adjusted,310,9299,2020-09-10 17:30:00,-723.6385840707972
NSW1,page_hinkley,daily_weekly_adjusted,311,9329,2020-09-11 08:30:00,-706.0315044247782
NSW1,page_hinkley,daily_weekly_adjusted,312,9359,2020-09-11 23:30:00,18.851946902655072
NSW1,page_hinkley,daily_weekly_adjusted,313,9389,2020-09-12 14:30:00,-1903.2661946902654
NSW1,page_hinkley,daily_weekly_adjusted,314,9419,2020-09-13 05:30:00,-412.3188392857137
NSW1,page_hinkley,daily_weekly_adjusted,315,9449,2020-09-13 20:30:00,-519.2174999999997
NSW1,page_hinkley,daily_weekly_adjusted,316,9479,2020-09-14 11:30:00,-1894.0717699115048
NSW1,page_hinkley,daily_weekly_adjusted,317,9509,2020-09-15 02:30:00,-82.71274336283113
NSW1,page_hinkley,daily_weekly_adjusted,318,9539,2020-09-15 17:30:00,-1311.1336283185829
NSW1,page_hinkley,daily_weekly_adjusted,319,9569,2020-09-16 08:30:00,-1240.7811504424772
NSW1,page_hinkley,daily_weekly_adjusted,320,9599,2020-09-16 23:30:00,-497.98477876106153
NSW1,page_hinkley,daily_weekly_adjusted,321,9629,2020-09-17 14:30:00,-1269.0282300884946
NSW1,page_hinkley,daily_weekly_adjusted,322,9659,2020-09-18 05:30:00,-753.6518584070791
NSW1,page_hinkley,daily_weekly_adjusted,323,9689,2020-09-18 20:30:00,-642.7915044247793
NSW1,page_hinkley,daily_weekly_adjusted,324,9719,2020-09-19 11:30:00,-1233.562920353983
NSW1,page_hinkley,daily_weekly_adjusted,325,9749,2020-09-20 02:30:00,-398.73267857142855
NSW1,page_hinkley,daily_weekly_adjusted,326,9779,2020-09-20 17:30:00,-1147.3527678571427
NSW1,page_hinkley,daily_weekly_adjusted,327,9809,2020-09-21 08:30:00,-1459.3544247787613
NSW1,page_hinkley,daily_weekly_adjusted,328,9839,2020-09-21 23:30:00,-531.8227433628317
NSW1,page_hinkley,daily_weekly_adjusted,329,9869,2020-09-22 14:30:00,-1765.2481415929205
NSW1,page_hinkley,daily_weekly_adjusted,330,9899,2020-09-23 05:30:00,-904.4723008849551
NSW1,page_hinkley,daily_weekly_adjusted,331,9929,2020-09-23 20:30:00,-809.0600884955747
NSW1,page_hinkley,daily_weekly_adjusted,332,9959,2020-09-24 11:30:00,-2062.4659292035394
NSW1,page_hinkley,daily_weekly_adjusted,333,9989,2020-09-25 02:30:00,-142.74159292035438
NSW1,page_hinkley,daily_weekly_adjusted,334,10019,2020-09-25 17:30:00,-579.3192035398224
NSW1,page_hinkley,daily_weekly_adjusted,335,10049,2020-09-26 08:30:00,-818.4057522123894
NSW1,page_hinkley,daily_weekly_adjusted,336,10079,2020-09-26 23:30:00,50.346902654866426
NSW1,page_hinkley,daily_weekly_adjusted,337,10109,2020-09-27 14:30:00,-1624.5993749999989
NSW1,page_hinkley,daily_weekly_adjusted,338,10139,2020-09-28 05:30:00,-359.6840707964602
NSW1,page_hinkley,daily_weekly_adjusted,339,10169,2020-09-28 20:30:00,-292.93203539823116
NSW1,page_hinkley,daily_weekly_adjusted,340,10199,2020-09-29 11:30:00,-1927.8090265486726
NSW1,page_hinkley,daily_weekly_adjusted,341,10229,2020-09-30 02:30:00,-74.38539823008796
NSW1,page_hinkley,daily_weekly_adjusted,342,10259,2020-09-30 17:30:00,-606.5972566371674
NSW1,page_hinkley,daily_weekly_adjusted,343,10289,2020-10-01 08:30:00,-1721.4501769911512
NSW1,page_hinkley,daily_weekly_adjusted,344,10319,2020-10-01 23:30:00,-435.48159292035416
NSW1,page_hinkley,daily_weekly_adjusted,345,10349,2020-10-02 14:30:00,-2187.438849557523
NSW1,page_hinkley,daily_weekly_adjusted,346,10379,2020-10-03 05:30:00,-641.5870796460176
NSW1,page_hinkley,daily_weekly_adjusted,347,10409,2020-10-03 20:30:00,-1041.941858407079
NSW1,page_hinkley,daily_weekly_adjusted,348,10439,2020-10-04 11:30:00,-1933.9112499999992
NSW1,page_hinkley,daily_weekly_adjusted,349,10469,2020-10-05 02:30:00,-845.9546902654865
NSW1,page_hinkley,daily_weekly_adjusted,350,10499,2020-10-05 17:30:00,-1167.7925663716815
NSW1,page_hinkley,daily_weekly_adjusted,351,10529,2020-10-06 08:30:00,-1163.2339823008851
NSW1,page_hinkley,daily_weekly_adjusted,352,10559,2020-10-06 23:30:00,-744.2915044247784
NSW1,page_hinkley,daily_weekly_adjusted,353,10589,2020-10-07 14:30:00,-748.3657522123885
NSW1,page_hinkley,daily_weekly_adjusted,354,10619,2020-10-08 05:30:00,-447.3922123893817
NSW1,page_hinkley,daily_weekly_adjusted,355,10649,2020-10-08 20:30:00,-1378.708584070796
NSW1,page_hinkley,daily_weekly_adjusted,356,10679,2020-10-09 11:30:00,-1884.946991150442
NSW1,page_hinkley,daily_weekly_adjusted,357,10709,2020-10-10 02:30:00,-719.4140707964598
NSW1,page_hinkley,daily_weekly_adjusted,358,10739,2020-10-10 17:30:00,-1556.5723008849563
NSW1,page_hinkley,daily_weekly_adjusted,359,10769,2020-10-11 08:30:00,-1563.330803571428
NSW1,page_hinkley,daily_weekly_adjusted,360,10799,2020-10-11 23:30:00,-825.9174999999996
NSW1,page_hinkley,daily_weekly_adjusted,361,10829,2020-10-12 14:30:00,-1602.4129203539824
NSW1,page_hinkley,daily_weekly_adjusted,362,10859,2020-10-13 05:30:00,-221.71778761061887
NSW1,page_hinkley,daily_weekly_adjusted,363,10889,2020-10-13 20:30:00,-1308.872035398229
NSW1,page_hinkley,daily_weekly_adjusted,364,10919,2020-10-14 11:30:00,-1489.1827433628323
NSW1,page_hinkley,daily_weekly_adjusted,365,10949,2020-10-15 02:30:00,-643.071504424779
NSW1,page_hinkley,daily_weekly_adjusted,366,10979,2020-10-15 17:30:00,-967.6485840707974
NSW1,page_hinkley,daily_weekly_adjusted,367,11009,2020-10-16 08:30:00,-962.9215044247785
NSW1,page_hinkley,daily_weekly_adjusted,368,11039,2020-10-16 23:30:00,-815.6780530973447
NSW1,page_hinkley,daily_weekly_adjusted,369,11069,2020-10-17 14:30:00,-1134.7261946902654
NSW1,page_hinkley,daily_weekly_adjusted,370,11099,2020-10-18 05:30:00,-466.8088392857144
NSW1,page_hinkley,daily_weekly_adjusted,371,11129,2020-10-18 20:30:00,-1175.5774999999994
NSW1,page_hinkley,daily_weekly_adjusted,372,11159,2020-10-19 11:30:00,-1398.7717699115046
NSW1,page_hinkley,daily_weekly_adjusted,373,11189,2020-10-20 02:30:00,-613.7627433628313
NSW1,page_hinkley,daily_weekly_adjusted,374,11219,2020-10-20 17:30:00,-1445.3336283185836
NSW1,page_hinkley,daily_weekly_adjusted,375,11249,2020-10-21 08:30:00,-1810.9211504424775
NSW1,page_hinkley,daily_weekly_adjusted,376,11279,2020-10-21 23:30:00,-702.0247787610615
NSW1,page_hinkley,daily_weekly_adjusted,377,11309,2020-10-22 14:30:00,-1547.3482300884953
NSW1,page_hinkley,daily_weekly_adjusted,378,11339,2020-10-23 05:30:00,-302.0918584070796
NSW1,page_hinkley,daily_weekly_adjusted,379,11369,2020-10-23 20:30:00,-1094.8315044247793
NSW1,page_hinkley,daily_weekly_adjusted,380,11399,2020-10-24 11:30:00,-497.3229203539822
NSW1,page_hinkley,daily_weekly_adjusted,381,11429,2020-10-25 02:30:00,-651.5126785714283
NSW1,page_hinkley,daily_weekly_adjusted,382,11459,2020-10-25 17:30:00,-198.06276785714363
NSW1,page_hinkley,daily_weekly_adjusted,383,11489,2020-10-26 08:30:00,-294.8344247787609
NSW1,page_hinkley,daily_weekly_adjusted,384,11519,2020-10-26 23:30:00,-434.9527433628318
NSW1,page_hinkley,daily_weekly_adjusted,385,11549,2020-10-27 14:30:00,-1561.7581415929199
NSW1,page_hinkley,daily_weekly_adjusted,386,11579,2020-10-28 05:30:00,-50.62230088495471
NSW1,page_hinkley,daily_weekly_adjusted,387,11609,2020-10-28 20:30:00,-1113.8000884955745
NSW1,page_hinkley,daily_weekly_adjusted,388,11639,2020-10-29 11:30:00,-1465.3459292035395
NSW1,page_hinkley,daily_weekly_adjusted,389,11669,2020-10-30 02:30:00,-588.7015929203544
NSW1,page_hinkley,daily_weekly_adjusted,390,11699,2020-10-30 17:30:00,-1609.7492035398227
NSW1,page_hinkley,daily_weekly_adjusted,391,11729,2020-10-31 08:30:00,-846.4357522123892
NSW1,page_hinkley,daily_weekly_adjusted,392,11759,2020-10-31 23:30:00,-816.9130973451329
NSW1,page_hinkley,daily_weekly_adjusted,393,11789,2020-11-01 14:30:00,-1075.2493749999994
NSW1,page_hinkley,daily_weekly_adjusted,394,11819,2020-11-02 05:30:00,-140.01407079646015
NSW1,page_hinkley,daily_weekly_adjusted,395,11849,2020-11-02 20:30:00,-1277.7720353982304
NSW1,page_hinkley,daily_weekly_adjusted,396,11879,2020-11-03 11:30:00,-2060.1390265486725
NSW1,page_hinkley,daily_weekly_adjusted,397,11909,2020-11-04 02:30:00,-618.805398230088
NSW1,page_hinkley,daily_weekly_adjusted,398,11939,2020-11-04 17:30:00,-920.6172566371679
NSW1,page_hinkley,daily_weekly_adjusted,399,11969,2020-11-05 08:30:00,-763.650176991151
NSW1,page_hinkley,daily_weekly_adjusted,400,11999,2020-11-05 23:30:00,-559.4815929203542
NSW1,page_hinkley,daily_weekly_adjusted,401,12029,2020-11-06 14:30:00,-2403.818849557523
NSW1,page_hinkley,daily_weekly_adjusted,402,12059,2020-11-07 05:30:00,-327.04707964601766
NSW1,page_hinkley,daily_weekly_adjusted,403,12089,2020-11-07 20:30:00,-1097.5818584070794
NSW1,page_hinkley,daily_weekly_adjusted,404,12119,2020-11-08 11:30:00,-1779.2512499999993
NSW1,page_hinkley,daily_weekly_adjusted,405,12149,2020-11-09 02:30:00,-544.8946902654861
NSW1,page_hinkley,daily_weekly_adjusted,406,12179,2020-11-09 17:30:00,-1560.312566371682
NSW1,page_hinkley,daily_weekly_adjusted,407,12209,2020-11-10 08:30:00,-1976.7039823008854
NSW1,page_hinkley,daily_weekly_adjusted,408,12239,2020-11-10 23:30:00,-725.5115044247786
NSW1,page_hinkley,daily_weekly_adjusted,409,12269,2020-11-11 14:30:00,-1382.1457522123883
NSW1,page_hinkley,daily_weekly_adjusted,410,12299,2020-11-12 05:30:00,-499.17221238938146
NSW1,page_hinkley,daily_weekly_adjusted,411,12329,2020-11-12 20:30:00,-896.708584070796
NSW1,page_hinkley,daily_weekly_adjusted,412,12359,2020-11-13 11:30:00,-791.8069911504417
NSW1,page_hinkley,daily_weekly_adjusted,413,12389,2020-11-14 02:30:00,-707.1240707964598
NSW1,page_hinkley,daily_weekly_adjusted,414,12419,2020-11-14 17:30:00,-1031.8823008849567
NSW1,page_hinkley,daily_weekly_adjusted,415,12449,2020-11-15 08:30:00,-1539.5608035714286
NSW1,page_hinkley,daily_weekly_adjusted,416,12479,2020-11-15 23:30:00,-482.96749999999975
NSW1,page_hinkley,daily_weekly_adjusted,417,12509,2020-11-16 14:30:00,1395.1170796460174
NSW1,page_hinkley,daily_weekly_adjusted,418,12539,2020-11-17 05:30:00,-124.46778761061887
NSW1,page_hinkley,daily_weekly_adjusted,419,12569,2020-11-17 20:30:00,-1303.6120353982296
NSW1,page_hinkley,daily_weekly_adjusted,420,12599,2020-11-18 11:30:00,-1405.2627433628322
NSW1,page_hinkley,daily_weekly_adjusted,421,12629,2020-11-19 02:30:00,-600.7115044247785
NSW1,page_hinkley,daily_weekly_adjusted,422,12659,2020-11-19 17:30:00,-419.75858407079613
NSW1,page_hinkley,daily_weekly_adjusted,423,12689,2020-11-20 08:30:00,-1184.481504424779
NSW1,page_hinkley,daily_weekly_adjusted,424,12719,2020-11-20 23:30:00,-564.6680530973445
NSW1,page_hinkley,daily_weekly_adjusted,425,12749,2020-11-21 14:30:00,-713.7361946902656
NSW1,page_hinkley,daily_weekly_adjusted,426,12779,2020-11-22 05:30:00,-386.8288392857139
NSW1,page_hinkley,daily_weekly_adjusted,427,12809,2020-11-22 20:30:00,-91.96749999999884
NSW1,page_hinkley,daily_weekly_adjusted,428,12839,2020-11-23 11:30:00,98.84823008849526
NSW1,page_hinkley,daily_weekly_adjusted,429,12869,2020-11-24 02:30:00,-628.6327433628312
NSW1,page_hinkley,daily_weekly_adjusted,430,12899,2020-11-24 17:30:00,-1209.4236283185837
NSW1,page_hinkley,daily_weekly_adjusted,431,12929,2020-11-25 08:30:00,-1251.691150442477
NSW1,page_hinkley,daily_weekly_adjusted,432,12959,2020-11-25 23:30:00,-584.4747787610622
NSW1,page_hinkley,daily_weekly_adjusted,433,12989,2020-11-26 14:30:00,866.3617699115057
NSW1,page_hinkley,daily_weekly_adjusted,434,13019,2020-11-27 05:30:00,-93.52185840707898
NSW1,page_hinkley,daily_weekly_adjusted,435,13049,2020-11-27 20:30:00,321.6284955752217
NSW1,page_hinkley,daily_weekly_adjusted,436,13079,2020-11-28 11:30:00,2028.727079646018
NSW1,page_hinkley,daily_weekly_adjusted,437,13109,2020-11-29 02:30:00,841.6373214285713
NSW1,page_hinkley,daily_weekly_adjusted,438,13139,2020-11-29 17:30:00,2462.5972321428562
NSW1,page_hinkley,daily_weekly_adjusted,439,13169,2020-11-30 08:30:00,-658.6044247787613
NSW1,page_hinkley,daily_weekly_adjusted,440,13199,2020-11-30 23:30:00,-459.60274336283237
NSW1,page_hinkley,daily_weekly_adjusted,441,13229,2020-12-01 14:30:00,1098.9118584070802
NSW1,page_hinkley,daily_weekly_adjusted,442,13259,2020-12-02 05:30:00,-42.76230088495504
NSW1,page_hinkley,daily_weekly_adjusted,443,13289,2020-12-02 20:30:00,-966.1500884955749
NSW1,page_hinkley,daily_weekly_adjusted,444,13319,2020-12-03 11:30:00,-346.23592920353985
NSW1,page_hinkley,daily_weekly_adjusted,445,13349,2020-12-04 02:30:00,-525.141592920354
NSW1,page_hinkley,daily_weekly_adjusted,446,13379,2020-12-04 17:30:00,326.3107964601768
NSW1,page_hinkley,daily_weekly_adjusted,447,13409,2020-12-05 08:30:00,-774.2757522123893
NSW1,page_hinkley,daily_weekly_adjusted,448,13439,2020-12-05 23:30:00,-618.0330973451328
NSW1,page_hinkley,daily_weekly_adjusted,449,13469,2020-12-06 14:30:00,-830.3293749999993
NSW1,page_hinkley,daily_weekly_adjusted,450,13499,2020-12-07 05:30:00,-356.8740707964598
NSW1,page_hinkley,daily_weekly_adjusted,451,13529,2020-12-07 20:30:00,-616.422035398231
NSW1,page_hinkley,daily_weekly_adjusted,452,13559,2020-12-08 11:30:00,-1847.4290265486725
NSW1,page_hinkley,daily_weekly_adjusted,453,13589,2020-12-09 02:30:00,-580.2753982300883
NSW1,page_hinkley,daily_weekly_adjusted,454,13619,2020-12-09 17:30:00,-860.0572566371684
NSW1,page_hinkley,daily_weekly_adjusted,455,13649,2020-12-10 08:30:00,-1496.270176991151
NSW1,page_hinkley,daily_weekly_adjusted,456,13679,2020-12-10 23:30:00,-796.8715929203536
NSW1,page_hinkley,daily_weekly_adjusted,457,13709,2020-12-11 14:30:00,-1493.4288495575229
NSW1,page_hinkley,daily_weekly_adjusted,458,13739,2020-12-12 05:30:00,-420.6370796460178
NSW1,page_hinkley,daily_weekly_adjusted,459,13769,2020-12-12 20:30:00,-956.3718584070793
NSW1,page_hinkley,daily_weekly_adjusted,460,13799,2020-12-13 11:30:00,-1234.65125
NSW1,page_hinkley,daily_weekly_adjusted,461,13829,2020-12-14 02:30:00,-377.84469026548686
NSW1,page_hinkley,daily_weekly_adjusted,462,13859,2020-12-14 17:30:00,-1072.1625663716823
NSW1,page_hinkley,daily_weekly_adjusted,463,13889,2020-12-15 08:30:00,-597.393982300885
NSW1,page_hinkley,daily_weekly_adjusted,464,13919,2020-12-15 23:30:00,-312.31150442477883
NSW1,page_hinkley,daily_weekly_adjusted,465,13949,2020-12-16 14:30:00,900.2242477876116
NSW1,page_hinkley,daily_weekly_adjusted,466,13979,2020-12-17 05:30:00,-91.10221238938175
NSW1,page_hinkley,daily_weekly_adjusted,467,14009,2020-12-17 20:30:00,992.5314159292047
NSW1,page_hinkley,daily_weekly_adjusted,468,14039,2020-12-18 11:30:00,1017.103008849559
NSW1,page_hinkley,daily_weekly_adjusted,469,14069,2020-12-19 02:30:00,-428.0540707964601
NSW1,page_hinkley,daily_weekly_adjusted,470,14099,2020-12-19 17:30:00,-1000.8023008849559
NSW1,page_hinkley,daily_weekly_adjusted,471,14129,2020-12-20 08:30:00,-625.0308035714288
NSW1,page_hinkley,daily_weekly_adjusted,472,14159,2020-12-20 23:30:00,-418.6075000000001
NSW1,page_hinkley,daily_weekly_adjusted,473,14189,2020-12-21 14:30:00,-271.0729203539822
NSW1,page_hinkley,daily_weekly_adjusted,474,14219,2020-12-22 05:30:00,-318.6877876106191
NSW1,page_hinkley,daily_weekly_adjusted,475,14249,2020-12-22 20:30:00,-1192.5220353982295
NSW1,page_hinkley,daily_weekly_adjusted,476,14279,2020-12-23 11:30:00,-1675.622743362832
NSW1,page_hinkley,daily_weekly_adjusted,477,14309,2020-12-24 02:30:00,-639.901504424779
NSW1,page_hinkley,daily_weekly_adjusted,478,14339,2020-12-24 17:30:00,-1235.2885840707968
NSW1,page_hinkley,daily_weekly_adjusted,479,14369,2020-12-25 08:30:00,-2518.021504424779
NSW1,page_hinkley,daily_weekly_adjusted,480,14399,2020-12-25 23:30:00,-1398.698053097345
NSW1,page_hinkley,daily_weekly_adjusted,481,14429,2020-12-26 14:30:00,-1973.4661946902652
NSW1,page_hinkley,daily_weekly_adjusted,482,14459,2020-12-27 05:30:00,-668.958839285714
NSW1,page_hinkley,daily_weekly_adjusted,483,14489,2020-12-27 20:30:00,-361.97749999999996
NSW1,page_hinkley,daily_weekly_adjusted,484,14519,2020-12-28 11:30:00,-1524.4317699115045
NSW1,page_hinkley,daily_weekly_adjusted,485,14549,2020-12-29 02:30:00,-936.3827433628312
NSW1,page_hinkley,daily_weekly_adjusted,486,14579,2020-12-29 17:30:00,-1832.3836283185829
NSW1,page_hinkley,daily_weekly_adjusted,487,14609,2020-12-30 08:30:00,-1702.5611504424778
NSW1,page_hinkley,daily_weekly_adjusted,488,14639,2020-12-30 23:30:00,-740.2247787610622
NSW1,page_hinkley,daily_weekly_adjusted,489,14669,2020-12-31 14:30:00,-1537.758230088495
NSW1,page_hinkley,daily_weekly_adjusted,490,14699,2021-01-01 05:30:00,-1452.401858407079
NSW1,page_hinkley,daily_weekly_adjusted,491,14729,2021-01-01 20:30:00,-1749.0015044247793
NSW1,page_hinkley,daily_weekly_adjusted,492,14759,2021-01-02 11:30:00,-1203.2429203539823
NSW1,page_hinkley,daily_weekly_adjusted,493,14789,2021-01-03 02:30:00,-638.7226785714283
NSW1,page_hinkley,daily_weekly_adjusted,494,14819,2021-01-03 17:30:00,-764.8627678571429
NSW1,page_hinkley,daily_weekly_adjusted,495,14849,2021-01-04 08:30:00,-1068.7844247787616
NSW1,page_hinkley,daily_weekly_adjusted,496,14879,2021-01-04 23:30:00,-628.5327433628318
NSW1,page_hinkley,daily_weekly_adjusted,497,14909,2021-01-05 14:30:00,-471.7881415929205
NSW1,page_hinkley,daily_weekly_adjusted,498,14939,2021-01-06 05:30:00,-510.33230088495475
NSW1,page_hinkley,daily_weekly_adjusted,499,14969,2021-01-06 20:30:00,-1220.0600884955747
NSW1,page_hinkley,daily_weekly_adjusted,500,14999,2021-01-07 11:30:00,-1210.0859292035393
NSW1,page_hinkley,daily_weekly_adjusted,501,15029,2021-01-08 02:30:00,-667.4415929203542
NSW1,page_hinkley,daily_weekly_adjusted,502,15059,2021-01-08 17:30:00,-1680.7092035398227
NSW1,page_hinkley,daily_weekly_adjusted,503,15089,2021-01-09 08:30:00,-1294.13575221239
NSW1,page_hinkley,daily_weekly_adjusted,504,15119,2021-01-09 23:30:00,-641.753097345133
NSW1,page_hinkley,daily_weekly_adjusted,505,15149,2021-01-10 14:30:00,-1056.6593749999993
NSW1,page_hinkley,daily_weekly_adjusted,506,15179,2021-01-11 05:30:00,-287.42407079646
NSW1,page_hinkley,daily_weekly_adjusted,507,15209,2021-01-11 20:30:00,-463.2520353982309
NSW1,page_hinkley,daily_weekly_adjusted,508,15239,2021-01-12 11:30:00,-548.5490265486733
NSW1,page_hinkley,daily_weekly_adjusted,509,15269,2021-01-13 02:30:00,-220.24539823008763
NSW1,page_hinkley,daily_weekly_adjusted,510,15299,2021-01-13 17:30:00,1174.1827433628314
NSW1,page_hinkley,daily_weekly_adjusted,511,15329,2021-01-14 08:30:00,-742.7501769911505
NSW1,page_hinkley,daily_weekly_adjusted,512,15359,2021-01-14 23:30:00,-85.79159292035365
NSW1,page_hinkley,daily_weekly_adjusted,513,15389,2021-01-15 14:30:00,750.2111504424774
NSW1,page_hinkley,daily_weekly_adjusted,514,15419,2021-01-16 05:30:00,-436.1470796460171
NSW1,page_hinkley,daily_weekly_adjusted,515,15449,2021-01-16 20:30:00,-910.1318584070796
NSW1,page_hinkley,daily_weekly_adjusted,516,15479,2021-01-17 11:30:00,-1764.5512499999995
NSW1,page_hinkley,daily_weekly_adjusted,517,15509,2021-01-18 02:30:00,-287.2546902654867
NSW1,page_hinkley,daily_weekly_adjusted,518,15539,2021-01-18 17:30:00,649.1974336283183
NSW1,page_hinkley,daily_weekly_adjusted,519,15569,2021-01-19 08:30:00,-802.9739823008849
NSW1,page_hinkley,daily_weekly_adjusted,520,15599,2021-01-19 23:30:00,-655.7515044247784
NSW1,page_hinkley,daily_weekly_adjusted,521,15629,2021-01-20 14:30:00,-1123.4757522123882
NSW1,page_hinkley,daily_weekly_adjusted,522,15659,2021-01-21 05:30:00,-318.61221238938106
NSW1,page_hinkley,daily_weekly_adjusted,523,15689,2021-01-21 20:30:00,-540.708584070795
NSW1,page_hinkley,daily_weekly_adjusted,524,15719,2021-01-22 11:30:00,-348.9369911504418
NSW1,page_hinkley,daily_weekly_adjusted,525,15749,2021-01-23 02:30:00,-113.57407079646055
NSW1,page_hinkley,daily_weekly_adjusted,526,15779,2021-01-23 17:30:00,1984.3276991150433
NSW1,page_hinkley,daily_weekly_adjusted,527,15809,2021-01-24 08:30:00,-1.840803571428296
NSW1,page_hinkley,daily_weekly_adjusted,528,15839,2021-01-24 23:30:00,590.1025
NSW1,page_hinkley,daily_weekly_adjusted,529,15869,2021-01-25 14:30:00,2852.4970796460184
NSW1,page_hinkley,daily_weekly_adjusted,530,15899,2021-01-26 05:30:00,-397.5477876106188
NSW1,page_hinkley,daily_weekly_adjusted,531,15929,2021-01-26 20:30:00,1805.1779646017712
NSW1,page_hinkley,daily_weekly_adjusted,532,15959,2021-01-27 11:30:00,447.4472566371678
NSW1,page_hinkley,daily_weekly_adjusted,533,15989,2021-01-28 02:30:00,-495.2315044247789
NSW1,page_hinkley,daily_weekly_adjusted,534,16019,2021-01-28 17:30:00,-863.8385840707961
NSW1,page_hinkley,daily_weekly_adjusted,535,16049,2021-01-29 08:30:00,-312.4815044247789
NSW1,page_hinkley,daily_weekly_adjusted,536,16079,2021-01-29 23:30:00,-518.0980530973447
NSW1,page_hinkley,daily_weekly_adjusted,537,16109,2021-01-30 14:30:00,-591.8861946902653
NSW1,page_hinkley,daily_weekly_adjusted,538,16139,2021-01-31 05:30:00,-0.1388392857143117
NSW1,page_hinkley,daily_weekly_adjusted,539,16169,2021-01-31 20:30:00,-630.4274999999998
NSW1,page_hinkley,daily_weekly_adjusted,540,16199,2021-02-01 11:30:00,-440.0717699115048
NSW1,page_hinkley,daily_weekly_adjusted,541,16229,2021-02-02 02:30:00,-379.832743362831
NSW1,page_hinkley,daily_weekly_adjusted,542,16259,2021-02-02 17:30:00,-1266.5736283185834
NSW1,page_hinkley,daily_weekly_adjusted,543,16289,2021-02-03 08:30:00,-1322.9911504424772
NSW1,page_hinkley,daily_weekly_adjusted,544,16319,2021-02-03 23:30:00,-559.0347787610617
NSW1,page_hinkley,daily_weekly_adjusted,545,16349,2021-02-04 14:30:00,100.27176991150554
NSW1,page_hinkley,daily_weekly_adjusted,546,16379,2021-02-05 05:30:00,142.7881415929205
NSW1,page_hinkley,daily_weekly_adjusted,547,16409,2021-02-05 20:30:00,-132.88150442477854
NSW1,page_hinkley,daily_weekly_adjusted,548,16439,2021-02-06 11:30:00,-122.41292035398237
NSW1,page_hinkley,daily_weekly_adjusted,549,16469,2021-02-07 02:30:00,-286.12267857142797
NSW1,page_hinkley,daily_weekly_adjusted,550,16499,2021-02-07 17:30:00,-194.01276785714253
NSW1,page_hinkley,daily_weekly_adjusted,551,16529,2021-02-08 08:30:00,-666.9844247787614
NSW1,page_hinkley,daily_weekly_adjusted,552,16559,2021-02-08 23:30:00,-648.9527433628318
NSW1,page_hinkley,daily_weekly_adjusted,553,16589,2021-02-09 14:30:00,-1237.21814159292
NSW1,page_hinkley,daily_weekly_adjusted,554,16619,2021-02-10 05:30:00,-117.18230088495511
NSW1,page_hinkley,daily_weekly_adjusted,555,16649,2021-02-10 20:30:00,-941.3300884955743
NSW1,page_hinkley,daily_weekly_adjusted,556,16679,2021-02-11 11:30:00,-1327.7159292035394
NSW1,page_hinkley,daily_weekly_adjusted,557,16709,2021-02-12 02:30:00,-475.641592920354
NSW1,page_hinkley,daily_weekly_adjusted,558,16739,2021-02-12 17:30:00,688.8807964601783
NSW1,page_hinkley,daily_weekly_adjusted,559,16769,2021-02-13 08:30:00,84.14424778761077
NSW1,page_hinkley,daily_weekly_adjusted,560,16799,2021-02-13 23:30:00,-770.5230973451335
NSW1,page_hinkley,daily_weekly_adjusted,561,16829,2021-02-14 14:30:00,-1462.4093749999993
NSW1,page_hinkley,daily_weekly_adjusted,562,16859,2021-02-15 05:30:00,-154.39407079646026
NSW1,page_hinkley,daily_weekly_adjusted,563,16889,2021-02-15 20:30:00,-1192.2020353982307
NSW1,page_hinkley,daily_weekly_adjusted,564,16919,2021-02-16 11:30:00,-1064.039026548673
NSW1,page_hinkley,daily_weekly_adjusted,565,16949,2021-02-17 02:30:00,-573.8253982300885
NSW1,page_hinkley,daily_weekly_adjusted,566,16979,2021-02-17 17:30:00,-1019.7372566371687
NSW1,page_hinkley,daily_weekly_adjusted,567,17009,2021-02-18 08:30:00,-1053.7101769911505
NSW1,page_hinkley,daily_weekly_adjusted,568,17039,2021-02-18 23:30:00,-665.3615929203534
NSW1,page_hinkley,daily_weekly_adjusted,569,17069,2021-02-19 14:30:00,-325.83884955752274
NSW1,page_hinkley,daily_weekly_adjusted,570,17099,2021-02-20 05:30:00,-19.367079646017373
NSW1,page_hinkley,daily_weekly_adjusted,571,17129,2021-02-20 20:30:00,113.73814159292124
NSW1,page_hinkley,daily_weekly_adjusted,572,17159,2021-02-21 11:30:00,-192.21124999999938
NSW1,page_hinkley,daily_weekly_adjusted,573,17189,2021-02-22 02:30:00,-34.6846902654861
NSW1,page_hinkley,daily_weekly_adjusted,574,17219,2021-02-22 17:30:00,394.28743362831847
NSW1,page_hinkley,daily_weekly_adjusted,575,17249,2021-02-23 08:30:00,-613.3139823008851
NSW1,page_hinkley,daily_weekly_adjusted,576,17279,2021-02-23 23:30:00,-775.861504424779
NSW1,page_hinkley,daily_weekly_adjusted,577,17309,2021-02-24 14:30:00,-760.8057522123881
NSW1,page_hinkley,daily_weekly_adjusted,578,17339,2021-02-25 05:30:00,-16.91221238938124
NSW1,page_hinkley,daily_weekly_adjusted,579,17369,2021-02-25 20:30:00,-927.4485840707957
NSW1,page_hinkley,daily_weekly_adjusted,580,17399,2021-02-26 11:30:00,-1358.0369911504413
NSW1,page_hinkley,daily_weekly_adjusted,581,17429,2021-02-27 02:30:00,-465.1540707964605
NSW1,page_hinkley,daily_weekly_adjusted,582,17459,2021-02-27 17:30:00,-790.722300884956
NSW1,page_hinkley,daily_weekly_adjusted,583,17489,2021-02-28 08:30:00,-621.1008035714285
NSW1,page_hinkley,daily_weekly_adjusted,584,17519,2021-02-28 23:30:00,-204.96749999999975
NSW1,page_hinkley,daily_weekly_adjusted,585,17549,2021-03-01 14:30:00,1198.3570796460172
NSW1,page_hinkley,daily_weekly_adjusted,586,17579,2021-03-02 05:30:00,153.5122123893807
NSW1,page_hinkley,daily_weekly_adjusted,587,17609,2021-03-02 20:30:00,-1114.662035398229
NSW1,page_hinkley,daily_weekly_adjusted,588,17639,2021-03-03 11:30:00,-1180.2327433628316
NSW1,page_hinkley,daily_weekly_adjusted,589,17669,2021-03-04 02:30:00,-616.2015044247792
NSW1,page_hinkley,daily_weekly_adjusted,590,17699,2021-03-04 17:30:00,-624.9285840707962
NSW1,page_hinkley,daily_weekly_adjusted,591,17729,2021-03-05 08:30:00,-1248.571504424779
NSW1,page_hinkley,daily_weekly_adjusted,592,17759,2021-03-05 23:30:00,-812.318053097345
NSW1,page_hinkley,daily_weekly_adjusted,593,17789,2021-03-06 14:30:00,-1696.0961946902653
NSW1,page_hinkley,daily_weekly_adjusted,594,17819,2021-03-07 05:30:00,-277.9288392857143
NSW1,page_hinkley,daily_weekly_adjusted,595,17849,2021-03-07 20:30:00,-860.4775
NSW1,page_hinkley,daily_weekly_adjusted,596,17879,2021-03-08 11:30:00,-613.161769911505
NSW1,page_hinkley,daily_weekly_adjusted,597,17909,2021-03-09 02:30:00,-466.34274336283124
NSW1,page_hinkley,daily_weekly_adjusted,598,17939,2021-03-09 17:30:00,-366.43362831858394
NSW1,page_hinkley,daily_weekly_adjusted,599,17969,2021-03-10 08:30:00,-714.9311504424777
NSW1,page_hinkley,daily_weekly_adjusted,600,17999,2021-03-10 23:30:00,-495.2847787610617
NSW1,page_hinkley,daily_weekly_adjusted,601,18029,2021-03-11 14:30:00,-231.4382300884954
NSW1,page_hinkley,daily_weekly_adjusted,602,18059,2021-03-12 05:30:00,96.72814159292102
NSW1,page_hinkley,daily_weekly_adjusted,603,18089,2021-03-12 20:30:00,-593.071504424779
NSW1,page_hinkley,daily_weekly_adjusted,604,18119,2021-03-13 11:30:00,-537.7229203539828
NSW1,page_hinkley,daily_weekly_adjusted,605,18149,2021-03-14 02:30:00,-26.79267857142804
NSW1,page_hinkley,daily_weekly_adjusted,606,18179,2021-03-14 17:30:00,-593.4727678571435
NSW1,page_hinkley,daily_weekly_adjusted,607,18209,2021-03-15 08:30:00,-1287.884424778761
NSW1,page_hinkley,daily_weekly_adjusted,608,18239,2021-03-15 23:30:00,-893.252743362832
NSW1,page_hinkley,daily_weekly_adjusted,609,18269,2021-03-16 14:30:00,-1039.9481415929204
NSW1,page_hinkley,daily_weekly_adjusted,610,18299,2021-03-17 05:30:00,-144.08230088495475
NSW1,page_hinkley,daily_weekly_adjusted,611,18329,2021-03-17 20:30:00,-1188.8900884955747
NSW1,page_hinkley,daily_weekly_adjusted,612,18359,2021-03-18 11:30:00,-131.3859292035395
NSW1,page_hinkley,daily_weekly_adjusted,613,18389,2021-03-19 02:30:00,-587.7815929203543
NSW1,page_hinkley,daily_weekly_adjusted,614,18419,2021-03-19 17:30:00,-1049.9892035398225
NSW1,page_hinkley,daily_weekly_adjusted,615,18449,2021-03-20 08:30:00,-109.56575221238927
NSW1,page_hinkley,daily_weekly_adjusted,616,18479,2021-03-20 23:30:00,-766.7130973451331
NSW1,page_hinkley,daily_weekly_adjusted,617,18509,2021-03-21 14:30:00,49.39062500000091
NSW1,page_hinkley,daily_weekly_adjusted,618,18539,2021-03-22 05:30:00,-91.39407079646026
NSW1,page_hinkley,daily_weekly_adjusted,619,18569,2021-03-22 20:30:00,-1141.2820353982306
NSW1,page_hinkley,daily_weekly_adjusted,620,18599,2021-03-23 11:30:00,221.5009734513278
NSW1,page_hinkley,daily_weekly_adjusted,621,18629,2021-03-24 02:30:00,-686.6653982300877
NSW1,page_hinkley,daily_weekly_adjusted,622,18659,2021-03-24 17:30:00,-770.7372566371687
NSW1,page_hinkley,daily_weekly_adjusted,623,18689,2021-03-25 08:30:00,-1199.5101769911507
NSW1,page_hinkley,daily_weekly_adjusted,624,18719,2021-03-25 23:30:00,-742.8415929203538
NSW1,page_hinkley,daily_weekly_adjusted,625,18749,2021-03-26 14:30:00,-1910.188849557523
NSW1,page_hinkley,daily_weekly_adjusted,626,18779,2021-03-27 05:30:00,-244.65707964601734
NSW1,page_hinkley,daily_weekly_adjusted,627,18809,2021-03-27 20:30:00,-1112.8118584070799
NSW1,page_hinkley,daily_weekly_adjusted,628,18839,2021-03-28 11:30:00,-1829.8012499999995
NSW1,page_hinkley,daily_weekly_adjusted,629,18869,2021-03-29 02:30:00,-418.09469026548686
NSW1,page_hinkley,daily_weekly_adjusted,630,18899,2021-03-29 17:30:00,-1042.2425663716822
NSW1,page_hinkley,daily_weekly_adjusted,631,18929,2021-03-30 08:30:00,-1165.2439823008854
NSW1,page_hinkley,daily_weekly_adjusted,632,18959,2021-03-30 23:30:00,-747.1015044247788
NSW1,page_hinkley,daily_weekly_adjusted,633,18989,2021-03-31 14:30:00,-1802.0357522123877
NSW1,page_hinkley,daily_weekly_adjusted,634,19019,2021-04-01 05:30:00,-54.052212389381566
NSW1,page_hinkley,daily_weekly_adjusted,635,19049,2021-04-01 20:30:00,-1300.5085840707961
NSW1,page_hinkley,daily_weekly_adjusted,636,19079,2021-04-02 11:30:00,-2640.406991150442
NSW1,page_hinkley,daily_weekly_adjusted,637,19109,2021-04-03 02:30:00,-701.1040707964603
NSW1,page_hinkley,daily_weekly_adjusted,638,19139,2021-04-03 17:30:00,-830.8723008849565
NSW1,page_hinkley,daily_weekly_adjusted,639,19169,2021-04-04 08:30:00,-1236.7108035714282
NSW1,page_hinkley,daily_weekly_adjusted,640,19199,2021-04-04 23:30:00,-429.96749999999975
NSW1,page_hinkley,daily_weekly_adjusted,641,19229,2021-04-05 14:30:00,-1614.4629203539826
NSW1,page_hinkley,daily_weekly_adjusted,642,19259,2021-04-06 05:30:00,-889.4477876106193
NSW1,page_hinkley,daily_weekly_adjusted,643,19289,2021-04-06 20:30:00,-969.122035398229
NSW1,page_hinkley,daily_weekly_adjusted,644,19319,2021-04-07 11:30:00,-522.9027433628316
NSW1,page_hinkley,daily_weekly_adjusted,645,19349,2021-04-08 02:30:00,-211.9115044247792
NSW1,page_hinkley,daily_weekly_adjusted,646,19379,2021-04-08 17:30:00,-573.9785840707973
NSW1,page_hinkley,daily_weekly_adjusted,647,19409,2021-04-09 08:30:00,-1485.481504424779
NSW1,page_hinkley,daily_weekly_adjusted,648,19439,2021-04-09 23:30:00,-543.6580530973451
NSW1,page_hinkley,daily_weekly_adjusted,649,19469,2021-04-10 14:30:00,-1841.8261946902658
NSW1,page_hinkley,daily_weekly_adjusted,650,19499,2021-04-11 05:30:00,-634.1588392857138
NSW1,page_hinkley,daily_weekly_adjusted,651,19529,2021-04-11 20:30:00,-667.8874999999998
NSW1,page_hinkley,daily_weekly_adjusted,652,19559,2021-04-12 11:30:00,-2105.281769911505
NSW1,page_hinkley,daily_weekly_adjusted,653,19589,2021-04-13 02:30:00,4.957256637168939
NSW1,page_hinkley,daily_weekly_adjusted,654,19619,2021-04-13 17:30:00,-1125.1536283185833
NSW1,page_hinkley,daily_weekly_adjusted,655,19649,2021-04-14 08:30:00,-1219.3111504424778
NSW1,page_hinkley,daily_weekly_adjusted,656,19679,2021-04-14 23:30:00,-503.06477876106146
NSW1,page_hinkley,daily_weekly_adjusted,657,19709,2021-04-15 14:30:00,-1730.088230088495
NSW1,page_hinkley,daily_weekly_adjusted,658,19739,2021-04-16 05:30:00,-608.7218584070797
NSW1,page_hinkley,daily_weekly_adjusted,659,19769,2021-04-16 20:30:00,-868.6315044247785
NSW1,page_hinkley,daily_weekly_adjusted,660,19799,2021-04-17 11:30:00,-492.8729203539824
NSW1,page_hinkley,daily_weekly_adjusted,661,19829,2021-04-18 02:30:00,-53.012678571428296
NSW1,page_hinkley,daily_weekly_adjusted,662,19859,2021-04-18 17:30:00,-766.2227678571435
NSW1,page_hinkley,daily_weekly_adjusted,663,19889,2021-04-19 08:30:00,-879.9044247787615
NSW1,page_hinkley,daily_weekly_adjusted,664,19919,2021-04-19 23:30:00,-335.4327433628323
NSW1,page_hinkley,daily_weekly_adjusted,665,19949,2021-04-20 14:30:00,-1576.2081415929206
NSW1,page_hinkley,daily_weekly_adjusted,666,19979,2021-04-21 05:30:00,-548.8823008849549
NSW1,page_hinkley,daily_weekly_adjusted,667,20009,2021-04-21 20:30:00,-231.00008849557526
NSW1,page_hinkley,daily_weekly_adjusted,668,20039,2021-04-22 11:30:00,-1721.3559292035397
NSW1,page_hinkley,daily_weekly_adjusted,669,20069,2021-04-23 02:30:00,175.07840707964624
NSW1,page_hinkley,daily_weekly_adjusted,670,20099,2021-04-23 17:30:00,-651.2592035398229
NSW1,page_hinkley,daily_weekly_adjusted,671,20129,2021-04-24 08:30:00,-401.17575221238985
NSW1,page_hinkley,daily_weekly_adjusted,672,20159,2021-04-24 23:30:00,-142.45309734513285
NSW1,page_hinkley,daily_weekly_adjusted,673,20189,2021-04-25 14:30:00,-1627.8793749999995
NSW1,page_hinkley,daily_weekly_adjusted,674,20219,2021-04-26 05:30:00,-333.3040707964601
NSW1,page_hinkley,daily_weekly_adjusted,675,20249,2021-04-26 20:30:00,-495.05203539823015
NSW1,page_hinkley,daily_weekly_adjusted,676,20279,2021-04-27 11:30:00,-1590.999026548673
NSW1,page_hinkley,daily_weekly_adjusted,677,20309,2021-04-28 02:30:00,-42.70539823008767
NSW1,page_hinkley,daily_weekly_adjusted,678,20339,2021-04-28 17:30:00,-584.5472566371682
NSW1,page_hinkley,daily_weekly_adjusted,679,20369,2021-04-29 08:30:00,-572.7901769911505
NSW1,page_hinkley,daily_weekly_adjusted,680,20399,2021-04-29 23:30:00,-154.9415929203542
NSW1,page_hinkley,daily_weekly_adjusted,681,20429,2021-04-30 14:30:00,-1308.848849557523
NSW1,page_hinkley,daily_weekly_adjusted,682,20459,2021-05-01 05:30:00,-313.9270796460178
NSW1,page_hinkley,daily_weekly_adjusted,683,20489,2021-05-01 20:30:00,-766.2418584070792
NSW1,page_hinkley,daily_weekly_adjusted,684,20519,2021-05-02 11:30:00,-1022.2912499999993
NSW1,page_hinkley,daily_weekly_adjusted,685,20549,2021-05-03 02:30:00,-129.14469026548613
NSW1,page_hinkley,daily_weekly_adjusted,686,20579,2021-05-03 17:30:00,-348.47256637168175
NSW1,page_hinkley,daily_weekly_adjusted,687,20609,2021-05-04 08:30:00,-333.5039823008847
NSW1,page_hinkley,daily_weekly_adjusted,688,20639,2021-05-04 23:30:00,-45.09150442477858
NSW1,page_hinkley,daily_weekly_adjusted,689,20669,2021-05-05 14:30:00,-511.7957522123879
NSW1,page_hinkley,daily_weekly_adjusted,690,20699,2021-05-06 05:30:00,-517.4522123893812
NSW1,page_hinkley,daily_weekly_adjusted,691,20729,2021-05-06 20:30:00,-454.83858407079606
NSW1,page_hinkley,daily_weekly_adjusted,692,20759,2021-05-07 11:30:00,-802.2869911504413
NSW1,page_hinkley,daily_weekly_adjusted,693,20789,2021-05-08 02:30:00,-111.22407079646018
NSW1,page_hinkley,daily_weekly_adjusted,694,20819,2021-05-08 17:30:00,-520.7523008849566
NSW1,page_hinkley,daily_weekly_adjusted,695,20849,2021-05-09 08:30:00,-609.6908035714287
NSW1,page_hinkley,daily_weekly_adjusted,696,20879,2021-05-09 23:30:00,-213.58749999999964
NSW1,page_hinkley,daily_weekly_adjusted,697,20909,2021-05-10 14:30:00,-1244.352920353982
NSW1,page_hinkley,daily_weekly_adjusted,698,20939,2021-05-11 05:30:00,-481.4877876106193
NSW1,page_hinkley,daily_weekly_adjusted,699,20969,2021-05-11 20:30:00,-331.6420353982285
NSW1,page_hinkley,daily_weekly_adjusted,700,20999,2021-05-12 11:30:00,-983.4727433628323
NSW1,page_hinkley,daily_weekly_adjusted,701,21029,2021-05-13 02:30:00,144.62849557522077
NSW1,page_hinkley,daily_weekly_adjusted,702,21059,2021-05-13 17:30:00,-495.58858407079606
NSW1,page_hinkley,daily_weekly_adjusted,703,21089,2021-05-14 08:30:00,-639.3815044247785
NSW1,page_hinkley,daily_weekly_adjusted,704,21119,2021-05-14 23:30:00,127.94194690265522
NSW1,page_hinkley,daily_weekly_adjusted,705,21149,2021-05-15 14:30:00,-854.1061946902655
NSW1,page_hinkley,daily_weekly_adjusted,706,21179,2021-05-16 05:30:00,431.72116071428627
NSW1,page_hinkley,daily_weekly_adjusted,707,21209,2021-05-16 20:30:00,895.7525000000005
NSW1,page_hinkley,daily_weekly_adjusted,708,21239,2021-05-17 11:30:00,-964.8817699115043
NSW1,page_hinkley,daily_weekly_adjusted,709,21269,2021-05-18 02:30:00,721.7372566371687
NSW1,page_hinkley,daily_weekly_adjusted,710,21299,2021-05-18 17:30:00,277.0763716814163
NSW1,page_hinkley,daily_weekly_adjusted,711,21329,2021-05-19 08:30:00,1061.2788495575223
NSW1,page_hinkley,daily_weekly_adjusted,712,21359,2021-05-19 23:30:00,563.0152212389376
NSW1,page_hinkley,daily_weekly_adjusted,713,21389,2021-05-20 14:30:00,-1133.758230088495
NSW1,page_hinkley,daily_weekly_adjusted,714,21419,2021-05-21 05:30:00,171.37814159292066
NSW1,page_hinkley,daily_weekly_adjusted,715,21449,2021-05-21 20:30:00,790.178495575221
NSW1,page_hinkley,daily_weekly_adjusted,716,21479,2021-05-22 11:30:00,-960.5029203539825
NSW1,page_hinkley,daily_weekly_adjusted,717,21509,2021-05-23 02:30:00,420.39732142857156
NSW1,page_hinkley,daily_weekly_adjusted,718,21539,2021-05-23 17:30:00,494.5972321428562
NSW1,page_hinkley,daily_weekly_adjusted,719,21569,2021-05-24 08:30:00,461.7055752212382
NSW1,page_hinkley,daily_weekly_adjusted,720,21599,2021-05-24 23:30:00,199.22725663716756
NSW1,page_hinkley,daily_weekly_adjusted,721,21629,2021-05-25 14:30:00,-1307.7981415929207
NSW1,page_hinkley,daily_weekly_adjusted,722,21659,2021-05-26 05:30:00,-292.6023008849552
NSW1,page_hinkley,daily_weekly_adjusted,723,21689,2021-05-26 20:30:00,360.2099115044257
NSW1,page_hinkley,daily_weekly_adjusted,724,21719,2021-05-27 11:30:00,-1156.8559292035397
NSW1,page_hinkley,daily_weekly_adjusted,725,21749,2021-05-28 02:30:00,532.6384070796457
NSW1,page_hinkley,daily_weekly_adjusted,726,21779,2021-05-28 17:30:00,998.2607964601775
NSW1,page_hinkley,daily_weekly_adjusted,727,21809,2021-05-29 08:30:00,1255.0042477876104
NSW1,page_hinkley,daily_weekly_adjusted,728,21839,2021-05-29 23:30:00,863.366902654866
NSW1,page_hinkley,daily_weekly_adjusted,729,21869,2021-05-30 14:30:00,16.02062500000102
NSW1,page_hinkley,daily_weekly_adjusted,730,21899,2021-05-31 05:30:00,370.07592920354
NSW1,page_hinkley,daily_weekly_adjusted,731,21929,2021-05-31 20:30:00,1212.8179646017688
NSW1,page_hinkley,daily_weekly_adjusted,732,21959,2021-06-01 11:30:00,-337.27902654867285
NSW1,page_hinkley,daily_weekly_adjusted,733,21989,2021-06-02 02:30:00,617.0846017699123
NSW1,page_hinkley,daily_weekly_adjusted,734,22019,2021-06-02 17:30:00,488.1327433628321
NSW1,page_hinkley,daily_weekly_adjusted,735,22049,2021-06-03 08:30:00,1278.76982300885
NSW1,page_hinkley,daily_weekly_adjusted,736,22079,2021-06-03 23:30:00,657.0684070796469
NSW1,page_hinkley,daily_weekly_adjusted,737,22109,2021-06-04 14:30:00,-199.51884955752212
NSW1,page_hinkley,daily_weekly_adjusted,738,22139,2021-06-05 05:30:00,578.6129203539822
NSW1,page_hinkley,daily_weekly_adjusted,739,22169,2021-06-05 20:30:00,1358.01814159292
NSW1,page_hinkley,daily_weekly_adjusted,740,22199,2021-06-06 11:30:00,-299.3512499999997
NSW1,page_hinkley,daily_weekly_adjusted,741,22229,2021-06-07 02:30:00,636.1253097345134
NSW1,page_hinkley,daily_weekly_adjusted,742,22259,2021-06-07 17:30:00,1124.347433628318
NSW1,page_hinkley,daily_weekly_adjusted,743,22289,2021-06-08 08:30:00,1646.3760176991145
NSW1,page_hinkley,daily_weekly_adjusted,744,22319,2021-06-08 23:30:00,871.6384955752219
NSW1,page_hinkley,daily_weekly_adjusted,745,22349,2021-06-09 14:30:00,374.3442477876124
NSW1,page_hinkley,daily_weekly_adjusted,746,22379,2021-06-10 05:30:00,766.8577876106183
NSW1,page_hinkley,daily_weekly_adjusted,747,22409,2021-06-10 20:30:00,2783.201415929205
NSW1,page_hinkley,daily_weekly_adjusted,748,22439,2021-06-11 11:30:00,890.1230088495577
NSW1,page_hinkley,daily_weekly_adjusted,749,22469,2021-06-12 02:30:00,1127.53592920354
NSW1,page_hinkley,daily_weekly_adjusted,750,22499,2021-06-12 17:30:00,1513.0976991150437
NSW1,page_hinkley,daily_weekly_adjusted,751,22529,2021-06-13 08:30:00,1306.1491964285724
NSW1,page_hinkley,daily_weekly_adjusted,752,22559,2021-06-13 23:30:00,1210.4724999999999
NSW1,page_hinkley,daily_weekly_adjusted,753,22589,2021-06-14 14:30:00,-961.1729203539826
NSW1,page_hinkley,daily_weekly_adjusted,754,22619,2021-06-15 05:30:00,246.8822123893815
NSW1,page_hinkley,daily_weekly_adjusted,755,22649,2021-06-15 20:30:00,1272.5079646017712
NSW1,page_hinkley,daily_weekly_adjusted,756,22679,2021-06-16 11:30:00,-223.95274336283182
NSW1,page_hinkley,daily_weekly_adjusted,757,22709,2021-06-17 02:30:00,674.0884955752208
NSW1,page_hinkley,daily_weekly_adjusted,758,22739,2021-06-17 17:30:00,1331.6514159292037
NSW1,page_hinkley,daily_weekly_adjusted,759,22769,2021-06-18 08:30:00,1436.2884955752215
NSW1,page_hinkley,daily_weekly_adjusted,760,22799,2021-06-18 23:30:00,982.6319469026548
NSW1,page_hinkley,daily_weekly_adjusted,761,22829,2021-06-19 14:30:00,1123.6438053097345
NSW1,page_hinkley,daily_weekly_adjusted,762,22859,2021-06-20 05:30:00,511.65116071428565
NSW1,page_hinkley,daily_weekly_adjusted,763,22889,2021-06-20 20:30:00,1673.192500000001
NSW1,page_hinkley,daily_weekly_adjusted,764,22919,2021-06-21 11:30:00,429.0782300884948
NSW1,page_hinkley,daily_weekly_adjusted,765,22949,2021-06-22 02:30:00,1059.8472566371684
NSW1,page_hinkley,daily_weekly_adjusted,766,22979,2021-06-22 17:30:00,1465.6663716814164
NSW1,page_hinkley,daily_weekly_adjusted,767,23009,2021-06-23 08:30:00,1420.258849557522
NSW1,page_hinkley,daily_weekly_adjusted,768,23039,2021-06-23 23:30:00,761.7152212389383
NSW1,page_hinkley,daily_weekly_adjusted,769,23069,2021-06-24 14:30:00,36.11176991150569
NSW1,page_hinkley,daily_weekly_adjusted,770,23099,2021-06-25 05:30:00,-7.321858407079162
NSW1,page_hinkley,daily_weekly_adjusted,771,23129,2021-06-25 20:30:00,926.4484955752214
NSW1,page_hinkley,daily_weekly_adjusted,772,23159,2021-06-26 11:30:00,-356.9729203539828
NSW1,page_hinkley,daily_weekly_adjusted,773,23189,2021-06-27 02:30:00,666.2273214285715
NSW1,page_hinkley,daily_weekly_adjusted,774,23219,2021-06-27 17:30:00,1521.6672321428578
NSW1,page_hinkley,daily_weekly_adjusted,775,23249,2021-06-28 08:30:00,1868.6755752212393
NSW1,page_hinkley,daily_weekly_adjusted,776,23279,2021-06-28 23:30:00,1024.9672566371682
NSW1,page_hinkley,daily_weekly_adjusted,777,23309,2021-06-29 14:30:00,246.0318584070792
NSW1,page_hinkley,daily_weekly_adjusted,778,23339,2021-06-30 05:30:00,237.78769911504514
NSW1,page_hinkley,daily_weekly_adjusted,779,23369,2021-06-30 20:30:00,1059.2699115044252
NSW1,page_hinkley,daily_weekly_adjusted,780,23399,2021-07-01 11:30:00,1014.6940707964604
NSW1,page_hinkley,daily_weekly_adjusted,781,23429,2021-07-02 02:30:00,623.0184070796458
NSW1,page_hinkley,daily_weekly_adjusted,782,23459,2021-07-02 17:30:00,561.6507964601769
NSW1,page_hinkley,daily_weekly_adjusted,783,23489,2021-07-03 08:30:00,776.3942477876099
NSW1,page_hinkley,daily_weekly_adjusted,784,23519,2021-07-03 23:30:00,928.2269026548665
NSW1,page_hinkley,daily_weekly_adjusted,785,23549,2021-07-04 14:30:00,-532.3793749999995
NSW1,page_hinkley,daily_weekly_adjusted,786,23579,2021-07-05 05:30:00,422.8359292035393
NSW1,page_hinkley,daily_weekly_adjusted,787,23609,2021-07-05 20:30:00,1654.8779646017701
NSW1,page_hinkley,daily_weekly_adjusted,788,23639,2021-07-06 11:30:00,744.5209734513264
NSW1,page_hinkley,daily_weekly_adjusted,789,23669,2021-07-07 02:30:00,1356.9746017699117
NSW1,page_hinkley,daily_weekly_adjusted,790,23699,2021-07-07 17:30:00,2057.1627433628328
NSW1,page_hinkley,daily_weekly_adjusted,791,23729,2021-07-08 08:30:00,2331.5298230088483
NSW1,page_hinkley,daily_weekly_adjusted,792,23759,2021-07-08 23:30:00,1350.6484070796469
NSW1,page_hinkley,daily_weekly_adjusted,793,23789,2021-07-09 14:30:00,2078.3411504424766
NSW1,page_hinkley,daily_weekly_adjusted,794,23819,2021-07-10 05:30:00,628.0929203539827
NSW1,page_hinkley,daily_weekly_adjusted,795,23849,2021-07-10 20:30:00,1895.51814159292
NSW1,page_hinkley,daily_weekly_adjusted,796,23879,2021-07-11 11:30:00,293.81875000000036
NSW1,page_hinkley,daily_weekly_adjusted,797,23909,2021-07-12 02:30:00,778.195309734514
NSW1,page_hinkley,daily_weekly_adjusted,798,23939,2021-07-12 17:30:00,1419.8174336283191
NSW1,page_hinkley,daily_weekly_adjusted,799,23969,2021-07-13 08:30:00,1590.0260176991142
NSW1,page_hinkley,daily_weekly_adjusted,800,23999,2021-07-13 23:30:00,817.6284955752217
NSW1,page_hinkley,daily_weekly_adjusted,801,24029,2021-07-14 14:30:00,1906.7542477876123
NSW1,page_hinkley,daily_weekly_adjusted,802,24059,2021-07-15 05:30:00,-18.322212389381093
NSW1,page_hinkley,daily_weekly_adjusted,803,24089,2021-07-15 20:30:00,541.581415929204
NSW1,page_hinkley,daily_weekly_adjusted,804,24119,2021-07-16 11:30:00,-432.19699115044205
NSW1,page_hinkley,daily_weekly_adjusted,805,24149,2021-07-17 02:30:00,609.32592920354
NSW1,page_hinkley,daily_weekly_adjusted,806,24179,2021-07-17 17:30:00,1898.817699115043
NSW1,page_hinkley,daily_weekly_adjusted,807,24209,2021-07-18 08:30:00,688.7491964285718
NSW1,page_hinkley,daily_weekly_adjusted,808,24239,2021-07-18 23:30:00,1029.4524999999994
NSW1,page_hinkley,daily_weekly_adjusted,809,24269,2021-07-19 14:30:00,-82.24292035398321
NSW1,page_hinkley,daily_weekly_adjusted,810,24299,2021-07-20 05:30:00,297.93221238938077
NSW1,page_hinkley,daily_weekly_adjusted,811,24329,2021-07-20 20:30:00,1787.4379646017715
NSW1,page_hinkley,daily_weekly_adjusted,812,24359,2021-07-21 11:30:00,318.5672566371686
NSW1,page_hinkley,daily_weekly_adjusted,813,24389,2021-07-22 02:30:00,1224.5484955752208
NSW1,page_hinkley,daily_weekly_adjusted,814,24419,2021-07-22 17:30:00,1560.9314159292026
NSW1,page_hinkley,daily_weekly_adjusted,815,24449,2021-07-23 08:30:00,1858.8384955752208
NSW1,page_hinkley,daily_weekly_adjusted,816,24479,2021-07-23 23:30:00,1010.221946902655
NSW1,page_hinkley,daily_weekly_adjusted,817,24509,2021-07-24 14:30:00,-827.9861946902656
NSW1,page_hinkley,daily_weekly_adjusted,818,24539,2021-07-25 05:30:00,267.27116071428554
NSW1,page_hinkley,daily_weekly_adjusted,819,24569,2021-07-25 20:30:00,1948.522500000001
NSW1,page_hinkley,daily_weekly_adjusted,820,24599,2021-07-26 11:30:00,-271.40176991150474
NSW1,page_hinkley,daily_weekly_adjusted,821,24629,2021-07-27 02:30:00,485.52725663716865
NSW1,page_hinkley,daily_weekly_adjusted,822,24659,2021-07-27 17:30:00,-106.48362831858321
NSW1,page_hinkley,daily_weekly_adjusted,823,24689,2021-07-28 08:30:00,435.558849557523
NSW1,page_hinkley,daily_weekly_adjusted,824,24719,2021-07-28 23:30:00,163.24522123893803
NSW1,page_hinkley,daily_weekly_adjusted,825,24749,2021-07-29 14:30:00,-1674.748230088495
NSW1,page_hinkley,daily_weekly_adjusted,826,24779,2021-07-30 05:30:00,488.6481415929202
NSW1,page_hinkley,daily_weekly_adjusted,827,24809,2021-07-30 20:30:00,1524.4084955752205
NSW1,page_hinkley,daily_weekly_adjusted,828,24839,2021-07-31 11:30:00,-9.512920353982736
NSW1,page_hinkley,daily_weekly_adjusted,829,24869,2021-08-01 02:30:00,163.82732142857185
NSW1,page_hinkley,daily_weekly_adjusted,830,24899,2021-08-01 17:30:00,290.10723214285645
NSW1,page_hinkley,daily_weekly_adjusted,831,24929,2021-08-02 08:30:00,738.4655752212384
NSW1,page_hinkley,daily_weekly_adjusted,832,24959,2021-08-02 23:30:00,456.5572566371684
NSW1,page_hinkley,daily_weekly_adjusted,833,24989,2021-08-03 14:30:00,-1533.84814159292
NSW1,page_hinkley,daily_weekly_adjusted,834,25019,2021-08-04 05:30:00,-13.932300884955112
NSW1,page_hinkley,daily_weekly_adjusted,835,25049,2021-08-04 20:30:00,1521.509911504425
NSW1,page_hinkley,daily_weekly_adjusted,836,25079,2021-08-05 11:30:00,-1137.2059292035392
NSW1,page_hinkley,daily_weekly_adjusted,837,25109,2021-08-06 02:30:00,561.5884070796455
NSW1,page_hinkley,daily_weekly_adjusted,838,25139,2021-08-06 17:30:00,-188.52920353982154
NSW1,page_hinkley,daily_weekly_adjusted,839,25169,2021-08-07 08:30:00,323.18424778761073
NSW1,page_hinkley,daily_weekly_adjusted,840,25199,2021-08-07 23:30:00,863.6369026548664
NSW1,page_hinkley,daily_weekly_adjusted,841,25229,2021-08-08 14:30:00,508.3706250000005
NSW1,page_hinkley,daily_weekly_adjusted,842,25259,2021-08-09 05:30:00,25.94592920353989
NSW1,page_hinkley,daily_weekly_adjusted,843,25289,2021-08-09 20:30:00,694.5179646017696
NSW1,page_hinkley,daily_weekly_adjusted,844,25319,2021-08-10 11:30:00,-1726.7290265486727
NSW1,page_hinkley,daily_weekly_adjusted,845,25349,2021-08-11 02:30:00,274.5246017699119
NSW1,page_hinkley,daily_weekly_adjusted,846,25379,2021-08-11 17:30:00,-868.1872566371676
NSW1,page_hinkley,daily_weekly_adjusted,847,25409,2021-08-12 08:30:00,-740.0501769911507
NSW1,page_hinkley,daily_weekly_adjusted,848,25439,2021-08-12 23:30:00,279.1784070796457
NSW1,page_hinkley,daily_weekly_adjusted,849,25469,2021-08-13 14:30:00,-1993.4488495575233
NSW1,page_hinkley,daily_weekly_adjusted,850,25499,2021-08-14 05:30:00,222.6129203539822
NSW1,page_hinkley,daily_weekly_adjusted,851,25529,2021-08-14 20:30:00,498.0881415929198
NSW1,page_hinkley,daily_weekly_adjusted,852,25559,2021-08-15 11:30:00,-1598.3012499999995
NSW1,page_hinkley,daily_weekly_adjusted,853,25589,2021-08-16 02:30:00,242.0053097345135
NSW1,page_hinkley,daily_weekly_adjusted,854,25619,2021-08-16 17:30:00,-675.902566371682
NSW1,page_hinkley,daily_weekly_adjusted,855,25649,2021-08-17 08:30:00,-175.19398230088518
NSW1,page_hinkley,daily_weekly_adjusted,856,25679,2021-08-17 23:30:00,235.79849557522175
NSW1,page_hinkley,daily_weekly_adjusted,857,25709,2021-08-18 14:30:00,-1742.965752212388
NSW1,page_hinkley,daily_weekly_adjusted,858,25739,2021-08-19 05:30:00,124.01778761061814
NSW1,page_hinkley,daily_weekly_adjusted,859,25769,2021-08-19 20:30:00,211.28141592920474
NSW1,page_hinkley,daily_weekly_adjusted,860,25799,2021-08-20 11:30:00,-2045.8069911504417
NSW1,page_hinkley,daily_weekly_adjusted,861,25829,2021-08-21 02:30:00,226.4459292035399
NSW1,page_hinkley,daily_weekly_adjusted,862,25859,2021-08-21 17:30:00,-833.5923008849568
NSW1,page_hinkley,daily_weekly_adjusted,863,25889,2021-08-22 08:30:00,-912.4908035714288
NSW1,page_hinkley,daily_weekly_adjusted,864,25919,2021-08-22 23:30:00,-377.08749999999964
NSW1,page_hinkley,daily_weekly_adjusted,865,25949,2021-08-23 14:30:00,-1092.2029203539823
NSW1,page_hinkley,daily_weekly_adjusted,866,25979,2021-08-24 05:30:00,-575.307787610619
NSW1,page_hinkley,daily_weekly_adjusted,867,26009,2021-08-24 20:30:00,1700.8279646017709
NSW1,page_hinkley,daily_weekly_adjusted,868,26039,2021-08-25 11:30:00,-24.702743362831825
NSW1,page_hinkley,daily_weekly_adjusted,869,26069,2021-08-26 02:30:00,764.5784955752215
NSW1,page_hinkley,daily_weekly_adjusted,870,26099,2021-08-26 17:30:00,-189.8585840707965
NSW1,page_hinkley,daily_weekly_adjusted,871,26129,2021-08-27 08:30:00,79.84849557522102
NSW1,page_hinkley,daily_weekly_adjusted,872,26159,2021-08-27 23:30:00,578.3419469026558
NSW1,page_hinkley,daily_weekly_adjusted,873,26189,2021-08-28 14:30:00,-1106.8561946902655
NSW1,page_hinkley,daily_weekly_adjusted,874,26219,2021-08-29 05:30:00,188.07116071428572
NSW1,page_hinkley,daily_weekly_adjusted,875,26249,2021-08-29 20:30:00,941.5725000000002
NSW1,page_hinkley,daily_weekly_adjusted,876,26279,2021-08-30 11:30:00,-1391.6817699115045
NSW1,page_hinkley,daily_weekly_adjusted,877,26309,2021-08-31 02:30:00,445.8172566371686
NSW1,page_hinkley,daily_weekly_adjusted,878,26339,2021-08-31 17:30:00,-1154.6236283185826
NSW1,page_hinkley,daily_weekly_adjusted,879,26369,2021-09-01 08:30:00,-778.0311504424772
NSW1,page_hinkley,daily_weekly_adjusted,880,26399,2021-09-01 23:30:00,-195.43477876106226
NSW1,page_hinkley,daily_weekly_adjusted,881,26429,2021-09-02 14:30:00,-2145.3982300884945
NSW1,page_hinkley,daily_weekly_adjusted,882,26459,2021-09-03 05:30:00,-578.3518584070798
NSW1,page_hinkley,daily_weekly_adjusted,883,26489,2021-09-03 20:30:00,-900.321504424779
NSW1,page_hinkley,daily_weekly_adjusted,884,26519,2021-09-04 11:30:00,-1025.812920353983
NSW1,page_hinkley,daily_weekly_adjusted,885,26549,2021-09-05 02:30:00,-235.62267857142797
NSW1,page_hinkley,daily_weekly_adjusted,886,26579,2021-09-05 17:30:00,-205.7927678571432
NSW1,page_hinkley,daily_weekly_adjusted,887,26609,2021-09-06 08:30:00,-786.9744247787612
NSW1,page_hinkley,daily_weekly_adjusted,888,26639,2021-09-06 23:30:00,320.95725663716803
NSW1,page_hinkley,daily_weekly_adjusted,889,26669,2021-09-07 14:30:00,-2683.01814159292
NSW1,page_hinkley,daily_weekly_adjusted,890,26699,2021-09-08 05:30:00,-202.38230088495493
NSW1,page_hinkley,daily_weekly_adjusted,891,26729,2021-09-08 20:30:00,-567.6700884955753
NSW1,page_hinkley,daily_weekly_adjusted,892,26759,2021-09-09 11:30:00,-2405.6759292035395
NSW1,page_hinkley,daily_weekly_adjusted,893,26789,2021-09-10 02:30:00,-262.66159292035445
NSW1,page_hinkley,daily_weekly_adjusted,894,26819,2021-09-10 17:30:00,-1584.4592035398227
NSW1,page_hinkley,daily_weekly_adjusted,895,26849,2021-09-11 08:30:00,-1827.8957522123892
NSW1,page_hinkley,daily_weekly_adjusted,896,26879,2021-09-11 23:30:00,-803.3730973451329
NSW1,page_hinkley,daily_weekly_adjusted,897,26909,2021-09-12 14:30:00,-1915.4593749999995
NSW1,page_hinkley,daily_weekly_adjusted,898,26939,2021-09-13 05:30:00,-747.71407079646
NSW1,page_hinkley,daily_weekly_adjusted,899,26969,2021-09-13 20:30:00,-122.72203539823022
NSW1,page_hinkley,daily_weekly_adjusted,900,26999,2021-09-14 11:30:00,-1321.789026548673
NSW1,page_hinkley,daily_weekly_adjusted,901,27029,2021-09-15 02:30:00,395.5346017699121
NSW1,page_hinkley,daily_weekly_adjusted,902,27059,2021-09-15 17:30:00,-701.1072566371677
NSW1,page_hinkley,daily_weekly_adjusted,903,27089,2021-09-16 08:30:00,-972.8401769911507
NSW1,page_hinkley,daily_weekly_adjusted,904,27119,2021-09-16 23:30:00,9.348407079645767
NSW1,page_hinkley,daily_weekly_adjusted,905,27149,2021-09-17 14:30:00,-2731.898849557523
NSW1,page_hinkley,daily_weekly_adjusted,906,27179,2021-09-18 05:30:00,-546.6070796460172
NSW1,page_hinkley,daily_weekly_adjusted,907,27209,2021-09-18 20:30:00,-568.3818584070796
NSW1,page_hinkley,daily_weekly_adjusted,908,27239,2021-09-19 11:30:00,-2488.7512499999993
NSW1,page_hinkley,daily_weekly_adjusted,909,27269,2021-09-20 02:30:00,-256.9346902654861
NSW1,page_hinkley,daily_weekly_adjusted,910,27299,2021-09-20 17:30:00,-1223.022566371681
NSW1,page_hinkley,daily_weekly_adjusted,911,27329,2021-09-21 08:30:00,-1351.1939823008852
NSW1,page_hinkley,daily_weekly_adjusted,912,27359,2021-09-21 23:30:00,167.04849557522175
NSW1,page_hinkley,daily_weekly_adjusted,913,27389,2021-09-22 14:30:00,-2448.4857522123884
NSW1,page_hinkley,daily_weekly_adjusted,914,27419,2021-09-23 05:30:00,-241.60221238938175
NSW1,page_hinkley,daily_weekly_adjusted,915,27449,2021-09-23 20:30:00,-885.0385840707959
NSW1,page_hinkley,daily_weekly_adjusted,916,27479,2021-09-24 11:30:00,-2847.196991150442
NSW1,page_hinkley,daily_weekly_adjusted,917,27509,2021-09-25 02:30:00,-298.88407079646004
NSW1,page_hinkley,daily_weekly_adjusted,918,27539,2021-09-25 17:30:00,-967.972300884956
NSW1,page_hinkley,daily_weekly_adjusted,919,27569,2021-09-26 08:30:00,-1201.7608035714284
NSW1,page_hinkley,daily_weekly_adjusted,920,27599,2021-09-26 23:30:00,83.77250000000004
NSW1,page_hinkley,daily_weekly_adjusted,921,27629,2021-09-27 14:30:00,-1883.682920353982
NSW1,page_hinkley,daily_weekly_adjusted,922,27659,2021-09-28 05:30:00,-477.65778761061847
NSW1,page_hinkley,daily_weekly_adjusted,923,27689,2021-09-28 20:30:00,-853.3620353982296
NSW1,page_hinkley,daily_weekly_adjusted,924,27719,2021-09-29 11:30:00,-940.6927433628316
NSW1,page_hinkley,daily_weekly_adjusted,925,27749,2021-09-30 02:30:00,-37.661504424779196
NSW1,page_hinkley,daily_weekly_adjusted,926,27779,2021-09-30 17:30:00,-1422.8985840707965
NSW1,page_hinkley,daily_weekly_adjusted,927,27809,2021-10-01 08:30:00,-1572.0048377581124
NSW1,page_hinkley,daily_weekly_adjusted,928,27839,2021-10-01 23:30:00,-588.6013864306788
NSW1,page_hinkley,daily_weekly_adjusted,929,27869,2021-10-02 14:30:00,-1619.252861356932
NSW1,page_hinkley,daily_weekly_adjusted,930,27899,2021-10-03 05:30:00,-372.97383928571344
NSW1,page_hinkley,daily_weekly_adjusted,931,27929,2021-10-03 20:30:00,-1446.189166666666
NSW1,page_hinkley,daily_weekly_adjusted,932,27959,2021-10-04 11:30:00,-3589.880103244838
NSW1,page_hinkley,daily_weekly_adjusted,933,27989,2021-10-05 02:30:00,-773.0360766961649
NSW1,page_hinkley,daily_weekly_adjusted,934,28019,2021-10-05 17:30:00,-1586.7169616519168
NSW1,page_hinkley,daily_weekly_adjusted,935,28049,2021-10-06 08:30:00,-2130.6344837758106
NSW1,page_hinkley,daily_weekly_adjusted,936,28079,2021-10-06 23:30:00,-688.2481120943949
NSW1,page_hinkley,daily_weekly_adjusted,937,28109,2021-10-07 14:30:00,-2557.9015634218285
NSW1,page_hinkley,daily_weekly_adjusted,938,28139,2021-10-08 05:30:00,-202.87852507374555
NSW1,page_hinkley,daily_weekly_adjusted,939,28169,2021-10-08 20:30:00,-1229.7248377581118
NSW1,page_hinkley,daily_weekly_adjusted,940,28199,2021-10-09 11:30:00,-2715.9695870206497
NSW1,page_hinkley,daily_weekly_adjusted,941,28229,2021-10-10 02:30:00,-646.1243452380959
NSW1,page_hinkley,daily_weekly_adjusted,942,28259,2021-10-10 17:30:00,-678.8111011904766
NSW1,page_hinkley,daily_weekly_adjusted,943,28289,2021-10-11 08:30:00,-605.3160914454284
NSW1,page_hinkley,daily_weekly_adjusted,944,28319,2021-10-11 23:30:00,-534.2677433628314
NSW1,page_hinkley,daily_weekly_adjusted,945,28349,2021-10-12 14:30:00,-661.2998082595868
NSW1,page_hinkley,daily_weekly_adjusted,946,28379,2021-10-13 05:30:00,-82.76896755162124
NSW1,page_hinkley,daily_weekly_adjusted,947,28409,2021-10-13 20:30:00,-745.7250884955747
NSW1,page_hinkley,daily_weekly_adjusted,948,28439,2021-10-14 11:30:00,-1776.0959292035395
NSW1,page_hinkley,daily_weekly_adjusted,949,28469,2021-10-15 02:30:00,-612.1349262536869
NSW1,page_hinkley,daily_weekly_adjusted,950,28499,2021-10-15 17:30:00,-1342.6308702064898
NSW1,page_hinkley,daily_weekly_adjusted,951,28529,2021-10-16 08:30:00,-1529.3790855457228
NSW1,page_hinkley,daily_weekly_adjusted,952,28559,2021-10-16 23:30:00,-760.8130973451334
NSW1,page_hinkley,daily_weekly_adjusted,953,28589,2021-10-17 14:30:00,-2853.0410416666655
NSW1,page_hinkley,daily_weekly_adjusted,954,28619,2021-10-18 05:30:00,-120.297404129793
NSW1,page_hinkley,daily_weekly_adjusted,955,28649,2021-10-18 20:30:00,-1338.0703687315636
NSW1,page_hinkley,daily_weekly_adjusted,956,28679,2021-10-19 11:30:00,-2436.6373598820064
NSW1,page_hinkley,daily_weekly_adjusted,957,28709,2021-10-20 02:30:00,-566.3203982300884
NSW1,page_hinkley,daily_weekly_adjusted,958,28739,2021-10-20 17:30:00,-1330.1139233038348
NSW1,page_hinkley,daily_weekly_adjusted,959,28769,2021-10-21 08:30:00,-1791.0968436578169
NSW1,page_hinkley,daily_weekly_adjusted,960,28799,2021-10-21 23:30:00,-651.601592920354
NSW1,page_hinkley,daily_weekly_adjusted,961,28829,2021-10-22 14:30:00,-2280.643849557523
NSW1,page_hinkley,daily_weekly_adjusted,962,28859,2021-10-23 05:30:00,-321.78207964601734
NSW1,page_hinkley,daily_weekly_adjusted,963,28889,2021-10-23 20:30:00,-923.1151917404122
NSW1,page_hinkley,daily_weekly_adjusted,964,28919,2021-10-24 11:30:00,-2222.287916666666
NSW1,page_hinkley,daily_weekly_adjusted,965,28949,2021-10-25 02:30:00,-410.6963569321533
NSW1,page_hinkley,daily_weekly_adjusted,966,28979,2021-10-25 17:30:00,-1423.692566371682
NSW1,page_hinkley,daily_weekly_adjusted,967,29009,2021-10-26 08:30:00,-2242.982315634218
NSW1,page_hinkley,daily_weekly_adjusted,968,29039,2021-10-26 23:30:00,-644.7465044247783
NSW1,page_hinkley,daily_weekly_adjusted,969,29069,2021-10-27 14:30:00,-2259.4390855457214
NSW1,page_hinkley,daily_weekly_adjusted,970,29099,2021-10-28 05:30:00,-287.10054572271474
NSW1,page_hinkley,daily_weekly_adjusted,971,29129,2021-10-28 20:30:00,-873.7769174041287
NSW1,page_hinkley,daily_weekly_adjusted,972,29159,2021-10-29 11:30:00,-1486.363657817108
NSW1,page_hinkley,daily_weekly_adjusted,973,29189,2021-10-30 02:30:00,-628.8974041297943
NSW1,page_hinkley,daily_weekly_adjusted,974,29219,2021-10-30 17:30:00,-1264.9489675516234
NSW1,page_hinkley,daily_weekly_adjusted,975,29249,2021-10-31 08:30:00,-1777.5241369047626
NSW1,page_hinkley,daily_weekly_adjusted,976,29279,2021-10-31 23:30:00,-742.0408333333335
NSW1,page_hinkley,daily_weekly_adjusted,977,29309,2021-11-01 14:30:00,-2027.942920353983
NSW1,page_hinkley,daily_weekly_adjusted,978,29339,2021-11-02 05:30:00,-355.6077876106192
NSW1,page_hinkley,daily_weekly_adjusted,979,29369,2021-11-02 20:30:00,-1429.3170353982287
NSW1,page_hinkley,daily_weekly_adjusted,980,29399,2021-11-03 11:30:00,-2320.372743362832
NSW1,page_hinkley,daily_weekly_adjusted,981,29429,2021-11-04 02:30:00,-559.4315044247787
NSW1,page_hinkley,daily_weekly_adjusted,982,29459,2021-11-04 17:30:00,-1022.6219174041289
NSW1,page_hinkley,daily_weekly_adjusted,983,29489,2021-11-05 08:30:00,-904.4365044247779
NSW1,page_hinkley,daily_weekly_adjusted,984,29519,2021-11-05 23:30:00,-850.3347197640114
NSW1,page_hinkley,daily_weekly_adjusted,985,29549,2021-11-06 14:30:00,-2108.252861356932
NSW1,page_hinkley,daily_weekly_adjusted,986,29579,2021-11-07 05:30:00,-463.60383928571355
NSW1,page_hinkley,daily_weekly_adjusted,987,29609,2021-11-07 20:30:00,-1177.2841666666664
NSW1,page_hinkley,daily_weekly_adjusted,988,29639,2021-11-08 11:30:00,-1746.5317699115049
NSW1,page_hinkley,daily_weekly_adjusted,989,29669,2021-11-09 02:30:00,-534.6327433628312
NSW1,page_hinkley,daily_weekly_adjusted,990,29699,2021-11-09 17:30:00,-1300.6502949852502
NSW1,page_hinkley,daily_weekly_adjusted,991,29729,2021-11-10 08:30:00,-863.274483775811
NSW1,page_hinkley,daily_weekly_adjusted,992,29759,2021-11-10 23:30:00,-560.5164454277283
NSW1,page_hinkley,daily_weekly_adjusted,993,29789,2021-11-11 14:30:00,-645.0048967551611
NSW1,page_hinkley,daily_weekly_adjusted,994,29819,2021-11-12 05:30:00,-184.8935250737468
NSW1,page_hinkley,daily_weekly_adjusted,995,29849,2021-11-12 20:30:00,-1164.6248377581123
NSW1,page_hinkley,daily_weekly_adjusted,996,29879,2021-11-13 11:30:00,-1586.7179203539827
NSW1,page_hinkley,daily_weekly_adjusted,997,29909,2021-11-14 02:30:00,-651.0126785714283
NSW1,page_hinkley,daily_weekly_adjusted,998,29939,2021-11-14 17:30:00,-1238.7577678571433
NSW1,page_hinkley,daily_weekly_adjusted,999,29969,2021-11-15 08:30:00,-2218.372758112094
NSW1,page_hinkley,daily_weekly_adjusted,1000,29999,2021-11-15 23:30:00,-750.5710766961647
NSW1,page_hinkley,daily_weekly_adjusted,1001,30029,2021-11-16 14:30:00,-3010.219808259587
NSW1,page_hinkley,daily_weekly_adjusted,1002,30059,2021-11-17 05:30:00,-291.90730088495457
NSW1,page_hinkley,daily_weekly_adjusted,1003,30089,2021-11-17 20:30:00,-1193.1317551622415
NSW1,page_hinkley,daily_weekly_adjusted,1004,30119,2021-11-18 11:30:00,-2529.62092920354
NSW1,page_hinkley,daily_weekly_adjusted,1005,30149,2021-11-19 02:30:00,-670.6315929203547
NSW1,page_hinkley,daily_weekly_adjusted,1006,30179,2021-11-19 17:30:00,-1011.2775368731564
NSW1,page_hinkley,daily_weekly_adjusted,1007,30209,2021-11-20 08:30:00,-852.6207522123887
NSW1,page_hinkley,daily_weekly_adjusted,1008,30239,2021-11-20 23:30:00,-899.6480973451335
NSW1,page_hinkley,daily_weekly_adjusted,1009,30269,2021-11-21 14:30:00,-474.40270833333307
NSW1,page_hinkley,daily_weekly_adjusted,1010,30299,2021-11-22 05:30:00,-299.01240412979314
NSW1,page_hinkley,daily_weekly_adjusted,1011,30329,2021-11-22 20:30:00,-1243.9287020648972
NSW1,page_hinkley,daily_weekly_adjusted,1012,30359,2021-11-23 11:30:00,-1659.2073598820061
NSW1,page_hinkley,daily_weekly_adjusted,1013,30389,2021-11-24 02:30:00,-622.882064896754
NSW1,page_hinkley,daily_weekly_adjusted,1014,30419,2021-11-24 17:30:00,-721.3239233038348
NSW1,page_hinkley,daily_weekly_adjusted,1015,30449,2021-11-25 08:30:00,-700.8301769911504
NSW1,page_hinkley,daily_weekly_adjusted,1016,30479,2021-11-25 23:30:00,-589.0182595870201
NSW1,page_hinkley,daily_weekly_adjusted,1017,30509,2021-11-26 14:30:00,-885.5405162241905
NSW1,page_hinkley,daily_weekly_adjusted,1018,30539,2021-11-27 05:30:00,-378.6387463126839
NSW1,page_hinkley,daily_weekly_adjusted,1019,30569,2021-11-27 20:30:00,-861.6518584070791
NSW1,page_hinkley,daily_weekly_adjusted,1020,30599,2021-11-28 11:30:00,-1272.0445833333333
NSW1,page_hinkley,daily_weekly_adjusted,1021,30629,2021-11-29 02:30:00,-427.20969026548573
NSW1,page_hinkley,daily_weekly_adjusted,1022,30659,2021-11-29 17:30:00,-1507.0408997050145
NSW1,page_hinkley,daily_weekly_adjusted,1023,30689,2021-11-30 08:30:00,-1215.3389823008847
NSW1,page_hinkley,daily_weekly_adjusted,1024,30719,2021-11-30 23:30:00,-425.81983775811204
NSW1,page_hinkley,daily_weekly_adjusted,1025,30749,2021-12-01 14:30:00,-1128.132418879055
NSW1,page_hinkley,daily_weekly_adjusted,1026,30779,2021-12-02 05:30:00,-179.62221238938218
NSW1,page_hinkley,daily_weekly_adjusted,1027,30809,2021-12-02 20:30:00,-610.0619174041294
NSW1,page_hinkley,daily_weekly_adjusted,1028,30839,2021-12-03 11:30:00,-1301.6869911504418
NSW1,page_hinkley,daily_weekly_adjusted,1029,30869,2021-12-04 02:30:00,-574.0157374631272
NSW1,page_hinkley,daily_weekly_adjusted,1030,30899,2021-12-04 17:30:00,-1230.012300884956
NSW1,page_hinkley,daily_weekly_adjusted,1031,30929,2021-12-05 08:30:00,-1185.6308035714292
NSW1,page_hinkley,daily_weekly_adjusted,1032,30959,2021-12-05 23:30:00,-622.9591666666665
NSW1,page_hinkley,daily_weekly_adjusted,1033,30989,2021-12-06 14:30:00,-1072.0929203539818
NSW1,page_hinkley,daily_weekly_adjusted,1034,31019,2021-12-07 05:30:00,-371.1811209439529
NSW1,page_hinkley,daily_weekly_adjusted,1035,31049,2021-12-07 20:30:00,-1081.2270353982303
NSW1,page_hinkley,daily_weekly_adjusted,1036,31079,2021-12-08 11:30:00,-910.7794100294986
NSW1,page_hinkley,daily_weekly_adjusted,1037,31109,2021-12-09 02:30:00,-506.611504424779
NSW1,page_hinkley,daily_weekly_adjusted,1038,31139,2021-12-09 17:30:00,-988.1902507374634
NSW1,page_hinkley,daily_weekly_adjusted,1039,31169,2021-12-10 08:30:00,-1746.0348377581122
NSW1,page_hinkley,daily_weekly_adjusted,1040,31199,2021-12-10 23:30:00,-594.8913864306787
NSW1,page_hinkley,daily_weekly_adjusted,1041,31229,2021-12-11 14:30:00,-1617.497861356931
NSW1,page_hinkley,daily_weekly_adjusted,1042,31259,2021-12-12 05:30:00,-401.0105059523803
NSW1,page_hinkley,daily_weekly_adjusted,1043,31289,2021-12-12 20:30:00,-987.5508333333328
NSW1,page_hinkley,daily_weekly_adjusted,1044,31319,2021-12-13 11:30:00,-2392.7684365781715
NSW1,page_hinkley,daily_weekly_adjusted,1045,31349,2021-12-14 02:30:00,-538.1827433628323
NSW1,page_hinkley,daily_weekly_adjusted,1046,31379,2021-12-14 17:30:00,-1015.1552949852503
NSW1,page_hinkley,daily_weekly_adjusted,1047,31409,2021-12-15 08:30:00,-1930.7944837758105
NSW1,page_hinkley,daily_weekly_adjusted,1048,31439,2021-12-15 23:30:00,-259.54811209439504
NSW1,page_hinkley,daily_weekly_adjusted,1049,31469,2021-12-16 14:30:00,-847.0115634218282
NSW1,page_hinkley,daily_weekly_adjusted,1050,31499,2021-12-17 05:30:00,-391.6418584070798
NSW1,page_hinkley,daily_weekly_adjusted,1051,31529,2021-12-17 20:30:00,-697.234837758112
NSW1,page_hinkley,daily_weekly_adjusted,1052,31559,2021-12-18 11:30:00,-703.7129203539835
NSW1,page_hinkley,daily_weekly_adjusted,1053,31589,2021-12-19 02:30:00,-25.082678571428914
NSW1,page_hinkley,daily_weekly_adjusted,1054,31619,2021-12-19 17:30:00,621.7772321428583
NSW1,page_hinkley,daily_weekly_adjusted,1055,31649,2021-12-20 08:30:00,-941.7310914454274
NSW1,page_hinkley,daily_weekly_adjusted,1056,31679,2021-12-20 23:30:00,45.19892330383391
NSW1,page_hinkley,daily_weekly_adjusted,1057,31709,2021-12-21 14:30:00,926.065191740412
NSW1,page_hinkley,daily_weekly_adjusted,1058,31739,2021-12-22 05:30:00,17.232699115044852
NSW1,page_hinkley,daily_weekly_adjusted,1059,31769,2021-12-22 20:30:00,-316.69675516224197
NSW1,page_hinkley,daily_weekly_adjusted,1060,31799,2021-12-23 11:30:00,-531.5542625368735
NSW1,page_hinkley,daily_weekly_adjusted,1061,31829,2021-12-24 02:30:00,-403.84325958702084
NSW1,page_hinkley,daily_weekly_adjusted,1062,31859,2021-12-24 17:30:00,-447.6342035398229
NSW1,page_hinkley,daily_weekly_adjusted,1063,31889,2021-12-25 08:30:00,-1611.9874188790563
NSW1,page_hinkley,daily_weekly_adjusted,1064,31919,2021-12-25 23:30:00,-568.4014306784666
NSW1,page_hinkley,daily_weekly_adjusted,1065,31949,2021-12-26 14:30:00,-296.7460416666654
NSW1,page_hinkley,daily_weekly_adjusted,1066,31979,2021-12-27 05:30:00,-1159.0640707964612
NSW1,page_hinkley,daily_weekly_adjusted,1067,32009,2021-12-27 20:30:00,-1900.0287020648966
NSW1,page_hinkley,daily_weekly_adjusted,1068,32039,2021-12-28 11:30:00,-2812.6456932153387
NSW1,page_hinkley,daily_weekly_adjusted,1069,32069,2021-12-29 02:30:00,-933.9670648967549
NSW1,page_hinkley,daily_weekly_adjusted,1070,32099,2021-12-29 17:30:00,-1883.292256637168
NSW1,page_hinkley,daily_weekly_adjusted,1071,32129,2021-12-30 08:30:00,-2827.8851769911507
NSW1,page_hinkley,daily_weekly_adjusted,1072,32159,2021-12-30 23:30:00,-749.4149262536866
NSW1,page_hinkley,daily_weekly_adjusted,1073,32189,2021-12-31 14:30:00,-1642.387182890856
NSW1,page_hinkley,daily_weekly_adjusted,1074,32219,2022-01-01 05:30:00,-719.3204129793503
NSW1,page_hinkley,daily_weekly_adjusted,1075,32249,2022-01-01 20:30:00,-381.75852507374566
NSW1,page_hinkley,daily_weekly_adjusted,1076,32279,2022-01-02 11:30:00,-1125.0629166666668
NSW1,page_hinkley,daily_weekly_adjusted,1077,32309,2022-01-03 02:30:00,-294.7446902654874
NSW1,page_hinkley,daily_weekly_adjusted,1078,32339,2022-01-03 17:30:00,-599.1658997050145
NSW1,page_hinkley,daily_weekly_adjusted,1079,32369,2022-01-04 08:30:00,-1365.1956489675513
NSW1,page_hinkley,daily_weekly_adjusted,1080,32399,2022-01-04 23:30:00,-303.64483775811186
NSW1,page_hinkley,daily_weekly_adjusted,1081,32429,2022-01-05 14:30:00,-303.93075221238814
NSW1,page_hinkley,daily_weekly_adjusted,1082,32459,2022-01-06 05:30:00,-356.0772123893812
NSW1,page_hinkley,daily_weekly_adjusted,1083,32489,2022-01-06 20:30:00,-787.2869174041298
NSW1,page_hinkley,daily_weekly_adjusted,1084,32519,2022-01-07 11:30:00,-272.5519911504407
NSW1,page_hinkley,daily_weekly_adjusted,1085,32549,2022-01-08 02:30:00,-359.4407374631264
NSW1,page_hinkley,daily_weekly_adjusted,1086,32579,2022-01-08 17:30:00,433.37769911504256
NSW1,page_hinkley,daily_weekly_adjusted,1087,32609,2022-01-09 08:30:00,-720.4058035714279
NSW1,page_hinkley,daily_weekly_adjusted,1088,32639,2022-01-09 23:30:00,-187.20416666666733
NSW1,page_hinkley,daily_weekly_adjusted,1089,32669,2022-01-10 14:30:00,570.2570796460168
NSW1,page_hinkley,daily_weekly_adjusted,1090,32699,2022-01-11 05:30:00,-96.82112094395234
NSW1,page_hinkley,daily_weekly_adjusted,1091,32729,2022-01-11 20:30:00,-318.1603687315619
NSW1,page_hinkley,daily_weekly_adjusted,1092,32759,2022-01-12 11:30:00,-268.9160766961659
NSW1,page_hinkley,daily_weekly_adjusted,1093,32789,2022-01-13 02:30:00,-227.95983775811146
NSW1,page_hinkley,daily_weekly_adjusted,1094,32819,2022-01-13 17:30:00,-485.6685840707978
NSW1,page_hinkley,daily_weekly_adjusted,1095,32849,2022-01-14 08:30:00,-861.5648377581119
NSW1,page_hinkley,daily_weekly_adjusted,1096,32879,2022-01-14 23:30:00,-87.59471976401164
NSW1,page_hinkley,daily_weekly_adjusted,1097,32909,2022-01-15 14:30:00,114.41880530973413
NSW1,page_hinkley,daily_weekly_adjusted,1098,32939,2022-01-16 05:30:00,38.334494047619046
NSW1,page_hinkley,daily_weekly_adjusted,1099,32969,2022-01-16 20:30:00,567.1208333333343
NSW1,page_hinkley,daily_weekly_adjusted,1100,32999,2022-01-17 11:30:00,507.0082300884951
NSW1,page_hinkley,daily_weekly_adjusted,1101,33029,2022-01-18 02:30:00,287.5039233038351
NSW1,page_hinkley,daily_weekly_adjusted,1102,33059,2022-01-18 17:30:00,-601.7019616519156
NSW1,page_hinkley,daily_weekly_adjusted,1103,33089,2022-01-19 08:30:00,-483.6894837758109
NSW1,page_hinkley,daily_weekly_adjusted,1104,33119,2022-01-19 23:30:00,-623.7514454277289
NSW1,page_hinkley,daily_weekly_adjusted,1105,33149,2022-01-20 14:30:00,-1765.421563421829
NSW1,page_hinkley,daily_weekly_adjusted,1106,33179,2022-01-21 05:30:00,-293.5968584070797
NSW1,page_hinkley,daily_weekly_adjusted,1107,33209,2022-01-21 20:30:00,-936.7431710914452
NSW1,page_hinkley,daily_weekly_adjusted,1108,33239,2022-01-22 11:30:00,-1672.8079203539828
NSW1,page_hinkley,daily_weekly_adjusted,1109,33269,2022-01-23 02:30:00,-383.55101190476216
NSW1,page_hinkley,daily_weekly_adjusted,1110,33299,2022-01-23 17:30:00,-791.3494345238096
NSW1,page_hinkley,daily_weekly_adjusted,1111,33329,2022-01-24 08:30:00,-1146.0594247787612
NSW1,page_hinkley,daily_weekly_adjusted,1112,33359,2022-01-24 23:30:00,-176.28774336283186
NSW1,page_hinkley,daily_weekly_adjusted,1113,33389,2022-01-25 14:30:00,-660.2731415929202
NSW1,page_hinkley,daily_weekly_adjusted,1114,33419,2022-01-26 05:30:00,-559.4106342182886
NSW1,page_hinkley,daily_weekly_adjusted,1115,33449,2022-01-26 20:30:00,-764.1267551622414
NSW1,page_hinkley,daily_weekly_adjusted,1116,33479,2022-01-27 11:30:00,-739.6509292035398
NSW1,page_hinkley,daily_weekly_adjusted,1117,33509,2022-01-28 02:30:00,-102.51825958702102
NSW1,page_hinkley,daily_weekly_adjusted,1118,33539,2022-01-28 17:30:00,1123.780796460178
NSW1,page_hinkley,daily_weekly_adjusted,1119,33569,2022-01-29 08:30:00,-620.6590855457225
NSW1,page_hinkley,daily_weekly_adjusted,1120,33599,2022-01-29 23:30:00,244.50190265486708
NSW1,page_hinkley,daily_weekly_adjusted,1121,33629,2022-01-30 14:30:00,811.430625
NSW1,page_hinkley,daily_weekly_adjusted,1122,33659,2022-01-31 05:30:00,420.9009292035407
NSW1,page_hinkley,daily_weekly_adjusted,1123,33689,2022-01-31 20:30:00,1044.079631268436
NSW1,page_hinkley,daily_weekly_adjusted,1124,33719,2022-02-01 11:30:00,1290.1626401179947
NSW1,page_hinkley,daily_weekly_adjusted,1125,33749,2022-02-02 02:30:00,286.9062684365781
NSW1,page_hinkley,daily_weekly_adjusted,1126,33779,2022-02-02 17:30:00,-512.9039233038347
NSW1,page_hinkley,daily_weekly_adjusted,1127,33809,2022-02-03 08:30:00,-1142.3235103244833
NSW1,page_hinkley,daily_weekly_adjusted,1128,33839,2022-02-03 23:30:00,-710.8649262536874
NSW1,page_hinkley,daily_weekly_adjusted,1129,33869,2022-02-04 14:30:00,-1718.3171828908562
NSW1,page_hinkley,daily_weekly_adjusted,1130,33899,2022-02-05 05:30:00,-364.062079646018
NSW1,page_hinkley,daily_weekly_adjusted,1131,33929,2022-02-05 20:30:00,-1094.981858407079
NSW1,page_hinkley,daily_weekly_adjusted,1132,33959,2022-02-06 11:30:00,-1628.3862499999987
NSW1,page_hinkley,daily_weekly_adjusted,1133,33989,2022-02-07 02:30:00,-455.2313569321532
NSW1,page_hinkley,daily_weekly_adjusted,1134,34019,2022-02-07 17:30:00,-1486.9508997050143
NSW1,page_hinkley,daily_weekly_adjusted,1135,34049,2022-02-08 08:30:00,-1468.1539823008852
NSW1,page_hinkley,daily_weekly_adjusted,1136,34079,2022-02-08 23:30:00,-564.6398377581118
NSW1,page_hinkley,daily_weekly_adjusted,1137,34109,2022-02-09 14:30:00,-636.880752212388
NSW1,page_hinkley,daily_weekly_adjusted,1138,34139,2022-02-10 05:30:00,-1.5338790560490452
NSW1,page_hinkley,daily_weekly_adjusted,1139,34169,2022-02-10 20:30:00,125.54808259587116
NSW1,page_hinkley,daily_weekly_adjusted,1140,34199,2022-02-11 11:30:00,-647.1836578171078
NSW1,page_hinkley,daily_weekly_adjusted,1141,34229,2022-02-12 02:30:00,-548.0624041297933
NSW1,page_hinkley,daily_weekly_adjusted,1142,34259,2022-02-12 17:30:00,-1185.187300884957
NSW1,page_hinkley,daily_weekly_adjusted,1143,34289,2022-02-13 08:30:00,-1136.0258035714278
NSW1,page_hinkley,daily_weekly_adjusted,1144,34319,2022-02-13 23:30:00,-525.5674999999992
NSW1,page_hinkley,daily_weekly_adjusted,1145,34349,2022-02-14 14:30:00,-1030.4545870206493
NSW1,page_hinkley,daily_weekly_adjusted,1146,34379,2022-02-15 05:30:00,1.9222123893805474
NSW1,page_hinkley,daily_weekly_adjusted,1147,34409,2022-02-15 20:30:00,-389.1320353982301
NSW1,page_hinkley,daily_weekly_adjusted,1148,34439,2022-02-16 11:30:00,-1020.9144100294989
NSW1,page_hinkley,daily_weekly_adjusted,1149,34469,2022-02-17 02:30:00,-394.113171091446
NSW1,page_hinkley,daily_weekly_adjusted,1150,34499,2022-02-17 17:30:00,1392.0197492625375
NSW1,page_hinkley,daily_weekly_adjusted,1151,34529,2022-02-18 08:30:00,-896.8248377581122
NSW1,page_hinkley,daily_weekly_adjusted,1152,34559,2022-02-18 23:30:00,-434.86138643067807
NSW1,page_hinkley,daily_weekly_adjusted,1153,34589,2022-02-19 14:30:00,-1031.7295280235994
NSW1,page_hinkley,daily_weekly_adjusted,1154,34619,2022-02-20 05:30:00,-40.60383928571355
NSW1,page_hinkley,daily_weekly_adjusted,1155,34649,2022-02-20 20:30:00,400.9208333333336
NSW1,page_hinkley,daily_weekly_adjusted,1156,34679,2022-02-21 11:30:00,-289.2367699115048
NSW1,page_hinkley,daily_weekly_adjusted,1157,34709,2022-02-22 02:30:00,-202.85941002949858
NSW1,page_hinkley,daily_weekly_adjusted,1158,34739,2022-02-22 17:30:00,-889.7752949852493
NSW1,page_hinkley,daily_weekly_adjusted,1159,34769,2022-02-23 08:30:00,-251.53948377581037
NSW1,page_hinkley,daily_weekly_adjusted,1160,34799,2022-02-23 23:30:00,-169.87311209439486
NSW1,page_hinkley,daily_weekly_adjusted,1161,34829,2022-02-24 14:30:00,620.8684365781719
NSW1,page_hinkley,daily_weekly_adjusted,1162,34859,2022-02-25 05:30:00,268.9164749262536
NSW1,page_hinkley,daily_weekly_adjusted,1163,34889,2022-02-25 20:30:00,-521.571504424779
NSW1,page_hinkley,daily_weekly_adjusted,1164,34919,2022-02-26 11:30:00,-39.19458702065003
NSW1,page_hinkley,daily_weekly_adjusted,1165,34949,2022-02-27 02:30:00,-235.98101190476245
NSW1,page_hinkley,daily_weekly_adjusted,1166,34979,2022-02-27 17:30:00,-286.51610119047655
NSW1,page_hinkley,daily_weekly_adjusted,1167,35009,2022-02-28 08:30:00,-274.56942477876146
NSW1,page_hinkley,daily_weekly_adjusted,1168,35039,2022-02-28 23:30:00,-442.71441002949814
NSW1,page_hinkley,daily_weekly_adjusted,1169,35069,2022-03-01 14:30:00,-631.47314159292
NSW1,page_hinkley,daily_weekly_adjusted,1170,35099,2022-03-02 05:30:00,-174.45396755162164
NSW1,page_hinkley,daily_weekly_adjusted,1171,35129,2022-03-02 20:30:00,-979.5850884955753
NSW1,page_hinkley,daily_weekly_adjusted,1172,35159,2022-03-03 11:30:00,-609.8559292035397
NSW1,page_hinkley,daily_weekly_adjusted,1173,35189,2022-03-04 02:30:00,-381.7099262536876
NSW1,page_hinkley,daily_weekly_adjusted,1174,35219,2022-03-04 17:30:00,-141.14587020648833
NSW1,page_hinkley,daily_weekly_adjusted,1175,35249,2022-03-05 08:30:00,-298.25075221238967
NSW1,page_hinkley,daily_weekly_adjusted,1176,35279,2022-03-05 23:30:00,-439.4980973451329
NSW1,page_hinkley,daily_weekly_adjusted,1177,35309,2022-03-06 14:30:00,-97.83604166666555
NSW1,page_hinkley,daily_weekly_adjusted,1178,35339,2022-03-07 05:30:00,146.43426253687358
NSW1,page_hinkley,daily_weekly_adjusted,1179,35369,2022-03-07 20:30:00,-538.3737020648969
NSW1,page_hinkley,daily_weekly_adjusted,1180,35399,2022-03-08 11:30:00,10.172640117993069
NSW1,page_hinkley,daily_weekly_adjusted,1181,35429,2022-03-09 02:30:00,-520.2353982300883
NSW1,page_hinkley,daily_weekly_adjusted,1182,35459,2022-03-09 17:30:00,-980.0872566371672
NSW1,page_hinkley,daily_weekly_adjusted,1183,35489,2022-03-10 08:30:00,-1424.106843657818
NSW1,page_hinkley,daily_weekly_adjusted,1184,35519,2022-03-10 23:30:00,-713.1499262536872
NSW1,page_hinkley,daily_weekly_adjusted,1185,35549,2022-03-11 14:30:00,-1702.9838495575232
NSW1,page_hinkley,daily_weekly_adjusted,1186,35579,2022-03-12 05:30:00,-292.71541297935073
NSW1,page_hinkley,daily_weekly_adjusted,1187,35609,2022-03-12 20:30:00,-1168.4135250737463
NSW1,page_hinkley,daily_weekly_adjusted,1188,35639,2022-03-13 11:30:00,-1212.654583333332
NSW1,page_hinkley,daily_weekly_adjusted,1189,35669,2022-03-14 02:30:00,-441.90302359882025
NSW1,page_hinkley,daily_weekly_adjusted,1190,35699,2022-03-14 17:30:00,-1036.3325663716805
NSW1,page_hinkley,daily_weekly_adjusted,1191,35729,2022-03-15 08:30:00,-1373.2589823008857
NSW1,page_hinkley,daily_weekly_adjusted,1192,35759,2022-03-15 23:30:00,-651.6665044247793
NSW1,page_hinkley,daily_weekly_adjusted,1193,35789,2022-03-16 14:30:00,-916.2424188790546
NSW1,page_hinkley,daily_weekly_adjusted,1194,35819,2022-03-17 05:30:00,-103.29554572271536
NSW1,page_hinkley,daily_weekly_adjusted,1195,35849,2022-03-17 20:30:00,-554.5685840707956
NSW1,page_hinkley,daily_weekly_adjusted,1196,35879,2022-03-18 11:30:00,-1096.4119911504413
NSW1,page_hinkley,daily_weekly_adjusted,1197,35909,2022-03-19 02:30:00,-385.1890707964603
NSW1,page_hinkley,daily_weekly_adjusted,1198,35939,2022-03-19 17:30:00,-886.3173008849562
NSW1,page_hinkley,daily_weekly_adjusted,1199,35969,2022-03-20 08:30:00,-1137.034136904762
NSW1,page_hinkley,daily_weekly_adjusted,1200,35999,2022-03-20 23:30:00,-561.1758333333328
NSW1,page_hinkley,daily_weekly_adjusted,1201,36029,2022-03-21 14:30:00,-1371.0945870206488
NSW1,page_hinkley,daily_weekly_adjusted,1202,36059,2022-03-22 05:30:00,-180.08778761061876
NSW1,page_hinkley,daily_weekly_adjusted,1203,36089,2022-03-22 20:30:00,-559.6887020648956
NSW1,page_hinkley,daily_weekly_adjusted,1204,36119,2022-03-23 11:30:00,-707.1460766961654
NSW1,page_hinkley,daily_weekly_adjusted,1205,36149,2022-03-24 02:30:00,-535.1098377581129
NSW1,page_hinkley,daily_weekly_adjusted,1206,36179,2022-03-24 17:30:00,-807.1769174041292
NSW1,page_hinkley,daily_weekly_adjusted,1207,36209,2022-03-25 08:30:00,-862.444837758112
NSW1,page_hinkley,daily_weekly_adjusted,1208,36239,2022-03-25 23:30:00,-825.3613864306781
NSW1,page_hinkley,daily_weekly_adjusted,1209,36269,2022-03-26 14:30:00,-941.2728613569325
NSW1,page_hinkley,daily_weekly_adjusted,1210,36299,2022-03-27 05:30:00,-398.34383928571424
NSW1,page_hinkley,daily_weekly_adjusted,1211,36329,2022-03-27 20:30:00,-955.8241666666663
NSW1,page_hinkley,daily_weekly_adjusted,1212,36359,2022-03-28 11:30:00,-842.6534365781708
NSW1,page_hinkley,daily_weekly_adjusted,1213,36389,2022-03-29 02:30:00,-464.3610766961656
NSW1,page_hinkley,daily_weekly_adjusted,1214,36419,2022-03-29 17:30:00,-617.0252949852493
NSW1,page_hinkley,daily_weekly_adjusted,1215,36449,2022-03-30 08:30:00,-733.8361504424784
NSW1,page_hinkley,daily_weekly_adjusted,1216,36479,2022-03-30 23:30:00,-560.8331120943949
NSW1,page_hinkley,daily_weekly_adjusted,1217,36509,2022-03-31 14:30:00,-1000.8915634218274
NSW1,page_hinkley,daily_weekly_adjusted,1218,36539,2022-04-01 05:30:00,-125.38685840707967
NSW1,page_hinkley,daily_weekly_adjusted,1219,36569,2022-04-01 20:30:00,-902.1681710914463
NSW1,page_hinkley,daily_weekly_adjusted,1220,36599,2022-04-02 11:30:00,-1538.4329203539828
NSW1,page_hinkley,daily_weekly_adjusted,1221,36629,2022-04-03 02:30:00,-523.4693452380952
NSW1,page_hinkley,daily_weekly_adjusted,1222,36659,2022-04-03 17:30:00,-969.9994345238092
NSW1,page_hinkley,daily_weekly_adjusted,1223,36689,2022-04-04 08:30:00,-1362.0860914454288
NSW1,page_hinkley,daily_weekly_adjusted,1224,36719,2022-04-04 23:30:00,-561.669410029499
NSW1,page_hinkley,daily_weekly_adjusted,1225,36749,2022-04-05 14:30:00,-1720.6248082595876
NSW1,page_hinkley,daily_weekly_adjusted,1226,36779,2022-04-06 05:30:00,-841.9973008849547
NSW1,page_hinkley,daily_weekly_adjusted,1227,36809,2022-04-06 20:30:00,-995.7167551622406
NSW1,page_hinkley,daily_weekly_adjusted,1228,36839,2022-04-07 11:30:00,-11.64926253687372
NSW1,page_hinkley,daily_weekly_adjusted,1229,36869,2022-04-08 02:30:00,-214.82825958702142
NSW1,page_hinkley,daily_weekly_adjusted,1230,36899,2022-04-08 17:30:00,-557.1442035398213
NSW1,page_hinkley,daily_weekly_adjusted,1231,36929,2022-04-09 08:30:00,-910.3890855457221
NSW1,page_hinkley,daily_weekly_adjusted,1232,36959,2022-04-09 23:30:00,-448.57643067846675
NSW1,page_hinkley,daily_weekly_adjusted,1233,36989,2022-04-10 14:30:00,-1314.7560416666656
NSW1,page_hinkley,daily_weekly_adjusted,1234,37019,2022-04-11 05:30:00,-617.7007374631266
NSW1,page_hinkley,daily_weekly_adjusted,1235,37049,2022-04-11 20:30:00,-810.1637020648968
NSW1,page_hinkley,daily_weekly_adjusted,1236,37079,2022-04-12 11:30:00,-1229.5690265486728
NSW1,page_hinkley,daily_weekly_adjusted,1237,37109,2022-04-13 02:30:00,-208.11706489675453
NSW1,page_hinkley,daily_weekly_adjusted,1238,37139,2022-04-13 17:30:00,-708.7572566371673
NSW1,page_hinkley,daily_weekly_adjusted,1239,37169,2022-04-14 08:30:00,-1298.2468436578174
NSW1,page_hinkley,daily_weekly_adjusted,1240,37199,2022-04-14 23:30:00,-533.7649262536879
NSW1,page_hinkley,daily_weekly_adjusted,1241,37229,2022-04-15 14:30:00,-2917.7005162241903
NSW1,page_hinkley,daily_weekly_adjusted,1242,37259,2022-04-16 05:30:00,-647.9237463126838
NSW1,page_hinkley,daily_weekly_adjusted,1243,37289,2022-04-16 20:30:00,-1077.9151917404133
NSW1,page_hinkley,daily_weekly_adjusted,1244,37319,2022-04-17 11:30:00,-2278.5462499999994
NSW1,page_hinkley,daily_weekly_adjusted,1245,37349,2022-04-18 02:30:00,-390.97302359881996
NSW1,page_hinkley,daily_weekly_adjusted,1246,37379,2022-04-18 17:30:00,-1464.6775663716808
NSW1,page_hinkley,daily_weekly_adjusted,1247,37409,2022-04-19 08:30:00,-1689.567315634219
NSW1,page_hinkley,daily_weekly_adjusted,1248,37439,2022-04-19 23:30:00,-526.0415044247793
NSW1,page_hinkley,daily_weekly_adjusted,1249,37469,2022-04-20 14:30:00,-1964.1524188790545
NSW1,page_hinkley,daily_weekly_adjusted,1250,37499,2022-04-21 05:30:00,-709.5522123893807
NSW1,page_hinkley,daily_weekly_adjusted,1251,37529,2022-04-21 20:30:00,-911.0252507374626
NSW1,page_hinkley,daily_weekly_adjusted,1252,37559,2022-04-22 11:30:00,-1142.9753244837748
NSW1,page_hinkley,daily_weekly_adjusted,1253,37589,2022-04-23 02:30:00,-135.2357374631274
NSW1,page_hinkley,daily_weekly_adjusted,1254,37619,2022-04-23 17:30:00,-805.0639675516222
NSW1,page_hinkley,daily_weekly_adjusted,1255,37649,2022-04-24 08:30:00,-1080.619136904762
NSW1,page_hinkley,daily_weekly_adjusted,1256,37679,2022-04-24 23:30:00,-333.6208333333334
NSW1,page_hinkley,daily_weekly_adjusted,1257,37709,2022-04-25 14:30:00,-2116.7512536873155
NSW1,page_hinkley,daily_weekly_adjusted,1258,37739,2022-04-26 05:30:00,-861.3827876106197
NSW1,page_hinkley,daily_weekly_adjusted,1259,37769,2022-04-26 20:30:00,-804.7853687315637
NSW1,page_hinkley,daily_weekly_adjusted,1260,37799,2022-04-27 11:30:00,-288.8627433628326
NSW1,page_hinkley,daily_weekly_adjusted,1261,37829,2022-04-28 02:30:00,-102.49650442477832
NSW1,page_hinkley,daily_weekly_adjusted,1262,37859,2022-04-28 17:30:00,-302.39025073746234
NSW1,page_hinkley,daily_weekly_adjusted,1263,37889,2022-04-29 08:30:00,-1023.4081710914452
NSW1,page_hinkley,daily_weekly_adjusted,1264,37919,2022-04-29 23:30:00,-468.0747197640112
NSW1,page_hinkley,daily_weekly_adjusted,1265,37949,2022-04-30 14:30:00,-814.9678613569322
NSW1,page_hinkley,daily_weekly_adjusted,1266,37979,2022-05-01 05:30:00,-273.46383928571413
NSW1,page_hinkley,daily_weekly_adjusted,1267,38009,2022-05-01 20:30:00,-476.5558333333329
NSW1,page_hinkley,daily_weekly_adjusted,1268,38039,2022-05-02 11:30:00,-1786.9734365781705
NSW1,page_hinkley,daily_weekly_adjusted,1269,38069,2022-05-03 02:30:00,-132.9427433628316
NSW1,page_hinkley,daily_weekly_adjusted,1270,38099,2022-05-03 17:30:00,-787.1769616519177
NSW1,page_hinkley,daily_weekly_adjusted,1271,38129,2022-05-04 08:30:00,-868.6744837758115
NSW1,page_hinkley,daily_weekly_adjusted,1272,38159,2022-05-04 23:30:00,-233.50644542772898
NSW1,page_hinkley,daily_weekly_adjusted,1273,38189,2022-05-05 14:30:00,-1126.6565634218287
NSW1,page_hinkley,daily_weekly_adjusted,1274,38219,2022-05-06 05:30:00,-405.1535250737461
NSW1,page_hinkley,daily_weekly_adjusted,1275,38249,2022-05-06 20:30:00,-134.23983775811212
NSW1,page_hinkley,daily_weekly_adjusted,1276,38279,2022-05-07 11:30:00,-1363.4612536873165
NSW1,page_hinkley,daily_weekly_adjusted,1277,38309,2022-05-08 02:30:00,140.27732142857167
NSW1,page_hinkley,daily_weekly_adjusted,1278,38339,2022-05-08 17:30:00,-132.65610119047597
NSW1,page_hinkley,daily_weekly_adjusted,1279,38369,2022-05-09 08:30:00,67.70224188790598
NSW1,page_hinkley,daily_weekly_adjusted,1280,38399,2022-05-09 23:30:00,-47.27441002949854
NSW1,page_hinkley,daily_weekly_adjusted,1281,38429,2022-05-10 14:30:00,-827.9531415929205
NSW1,page_hinkley,daily_weekly_adjusted,1282,38459,2022-05-11 05:30:00,-456.64063421828814
NSW1,page_hinkley,daily_weekly_adjusted,1283,38489,2022-05-11 20:30:00,6.749911504424745
NSW1,page_hinkley,daily_weekly_adjusted,1284,38519,2022-05-12 11:30:00,325.3690707964597
NSW1,page_hinkley,daily_weekly_adjusted,1285,38549,2022-05-13 02:30:00,67.1150737463131
NSW1,page_hinkley,daily_weekly_adjusted,1286,38579,2022-05-13 17:30:00,-224.65420353982154
NSW1,page_hinkley,daily_weekly_adjusted,1287,38609,2022-05-14 08:30:00,-441.30075221238894
NSW1,page_hinkley,daily_weekly_adjusted,1288,38639,2022-05-14 23:30:00,-303.9714306784672
NSW1,page_hinkley,daily_weekly_adjusted,1289,38669,2022-05-15 14:30:00,-119.31604166666511
NSW1,page_hinkley,daily_weekly_adjusted,1290,38699,2022-05-16 05:30:00,-714.67407079646
NSW1,page_hinkley,daily_weekly_adjusted,1291,38729,2022-05-16 20:30:00,-594.1203687315628
NSW1,page_hinkley,daily_weekly_adjusted,1292,38759,2022-05-17 11:30:00,-1992.24569321534
NSW1,page_hinkley,daily_weekly_adjusted,1293,38789,2022-05-18 02:30:00,120.43960176991277
NSW1,page_hinkley,daily_weekly_adjusted,1294,38819,2022-05-18 17:30:00,67.33941002949905
NSW1,page_hinkley,daily_weekly_adjusted,1295,38849,2022-05-19 08:30:00,548.8631563421823
NSW1,page_hinkley,daily_weekly_adjusted,1296,38879,2022-05-19 23:30:00,581.7734070796469
NSW1,page_hinkley,daily_weekly_adjusted,1297,38909,2022-05-20 14:30:00,446.6828171091438
NSW1,page_hinkley,daily_weekly_adjusted,1298,38939,2022-05-21 05:30:00,175.10292035398197
NSW1,page_hinkley,daily_weekly_adjusted,1299,38969,2022-05-21 20:30:00,361.76147492625387
NSW1,page_hinkley,daily_weekly_adjusted,1300,38999,2022-05-22 11:30:00,115.36708333333354
NSW1,page_hinkley,daily_weekly_adjusted,1301,39029,2022-05-23 02:30:00,242.47364306784675
NSW1,page_hinkley,daily_weekly_adjusted,1302,39059,2022-05-23 17:30:00,853.3774336283186
NSW1,page_hinkley,daily_weekly_adjusted,1303,39089,2022-05-24 08:30:00,299.7276843657819
NSW1,page_hinkley,daily_weekly_adjusted,1304,39119,2022-05-24 23:30:00,390.23016224188905
NSW1,page_hinkley,daily_weekly_adjusted,1305,39149,2022-05-25 14:30:00,-743.0807522123887
NSW1,page_hinkley,daily_weekly_adjusted,1306,39179,2022-05-26 05:30:00,-110.14054572271561
NSW1,page_hinkley,daily_weekly_adjusted,1307,39209,2022-05-26 20:30:00,185.6380825958713
NSW1,page_hinkley,daily_weekly_adjusted,1308,39239,2022-05-27 11:30:00,-1207.4653244837746
NSW1,page_hinkley,daily_weekly_adjusted,1309,39269,2022-05-28 02:30:00,324.74259587020697
NSW1,page_hinkley,daily_weekly_adjusted,1310,39299,2022-05-28 17:30:00,241.66603244837643
NSW1,page_hinkley,daily_weekly_adjusted,1311,39329,2022-05-29 08:30:00,377.62086309523784
NSW1,page_hinkley,daily_weekly_adjusted,1312,39359,2022-05-29 23:30:00,691.9224999999997
NSW1,page_hinkley,daily_weekly_adjusted,1313,39389,2022-05-30 14:30:00,1286.5020796460176
NSW1,page_hinkley,daily_weekly_adjusted,1314,39419,2022-05-31 05:30:00,117.82054572271409
NSW1,page_hinkley,daily_weekly_adjusted,1315,39449,2022-05-31 20:30:00,1928.7362979351055
NSW1,page_hinkley,daily_weekly_adjusted,1316,39479,2022-06-01 11:30:00,129.41225663716796
NSW1,page_hinkley,daily_weekly_adjusted,1317,39509,2022-06-02 02:30:00,1098.3384955752208
NSW1,page_hinkley,daily_weekly_adjusted,1318,39539,2022-06-02 17:30:00,1806.411415929204
NSW1,page_hinkley,daily_weekly_adjusted,1319,39569,2022-06-03 08:30:00,2330.9218289085547
NSW1,page_hinkley,daily_weekly_adjusted,1320,39599,2022-06-03 23:30:00,1172.471946902655
NSW1,page_hinkley,daily_weekly_adjusted,1321,39629,2022-06-04 14:30:00,-495.94119469026555
NSW1,page_hinkley,daily_weekly_adjusted,1322,39659,2022-06-05 05:30:00,521.4744940476185
NSW1,page_hinkley,daily_weekly_adjusted,1323,39689,2022-06-05 20:30:00,1550.807499999999
NSW1,page_hinkley,daily_weekly_adjusted,1324,39719,2022-06-06 11:30:00,-63.970103244838356
NSW1,page_hinkley,daily_weekly_adjusted,1325,39749,2022-06-07 02:30:00,876.6905899705025
NSW1,page_hinkley,daily_weekly_adjusted,1326,39779,2022-06-07 17:30:00,2140.0797050147503
NSW1,page_hinkley,daily_weekly_adjusted,1327,39809,2022-06-08 08:30:00,1998.5038495575227
NSW1,page_hinkley,daily_weekly_adjusted,1328,39839,2022-06-08 23:30:00,1565.1902212389386
NSW1,page_hinkley,daily_weekly_adjusted,1329,39869,2022-06-09 14:30:00,-121.05823008849438
NSW1,page_hinkley,daily_weekly_adjusted,1330,39899,2022-06-10 05:30:00,788.2748082595872
NSW1,page_hinkley,daily_weekly_adjusted,1331,39929,2022-06-10 20:30:00,1918.0668289085552
NSW1,page_hinkley,daily_weekly_adjusted,1332,39959,2022-06-11 11:30:00,-552.3379203539835
NSW1,page_hinkley,daily_weekly_adjusted,1333,39989,2022-06-12 02:30:00,857.8439880952383
NSW1,page_hinkley,daily_weekly_adjusted,1334,40019,2022-06-12 17:30:00,1532.673898809524
NSW1,page_hinkley,daily_weekly_adjusted,1335,40049,2022-06-13 08:30:00,275.31057522123956
NSW1,page_hinkley,daily_weekly_adjusted,1336,40079,2022-06-13 23:30:00,1091.1939233038338
NSW1,page_hinkley,daily_weekly_adjusted,1337,40109,2022-06-14 14:30:00,-479.56980825958726
NSW1,page_hinkley,daily_weekly_adjusted,1338,40139,2022-06-15 05:30:00,1044.114365781711
NSW1,page_hinkley,daily_weekly_adjusted,1339,40169,2022-06-15 20:30:00,1370.4465781710915
NSW1,page_hinkley,daily_weekly_adjusted,1340,40199,2022-06-16 11:30:00,-618.8059292035405
NSW1,page_hinkley,daily_weekly_adjusted,1341,40229,2022-06-17 02:30:00,873.1200737463123
NSW1,page_hinkley,daily_weekly_adjusted,1342,40259,2022-06-17 17:30:00,1163.900796460177
NSW1,page_hinkley,daily_weekly_adjusted,1343,40289,2022-06-18 08:30:00,1170.1642477876103
NSW1,page_hinkley,daily_weekly_adjusted,1344,40319,2022-06-18 23:30:00,1066.7169026548663
NSW1,page_hinkley,daily_weekly_adjusted,1345,40349,2022-06-19 14:30:00,-380.57604166666624
NSW1,page_hinkley,daily_weekly_adjusted,1346,40379,2022-06-20 05:30:00,314.97092920354044
NSW1,page_hinkley,daily_weekly_adjusted,1347,40409,2022-06-20 20:30:00,1343.9462979351028
NSW1,page_hinkley,daily_weekly_adjusted,1348,40439,2022-06-21 11:30:00,-322.45735988200613
NSW1,page_hinkley,daily_weekly_adjusted,1349,40469,2022-06-22 02:30:00,921.192935103245
NSW1,page_hinkley,daily_weekly_adjusted,1350,40499,2022-06-22 17:30:00,1456.381076696167
NSW1,page_hinkley,daily_weekly_adjusted,1351,40529,2022-06-23 08:30:00,1869.1281563421835
NSW1,page_hinkley,daily_weekly_adjusted,1352,40559,2022-06-23 23:30:00,1091.23674041298
NSW1,page_hinkley,daily_weekly_adjusted,1353,40589,2022-06-24 14:30:00,-384.6088495575232
NSW1,page_hinkley,daily_weekly_adjusted,1354,40619,2022-06-25 05:30:00,642.2995870206487
NSW1,page_hinkley,daily_weekly_adjusted,1355,40649,2022-06-25 20:30:00,1049.8348082595876
NSW1,page_hinkley,daily_weekly_adjusted,1356,40679,2022-06-26 11:30:00,-501.11791666666704
NSW1,page_hinkley,daily_weekly_adjusted,1357,40709,2022-06-27 02:30:00,728.2053097345133
NSW1,page_hinkley,daily_weekly_adjusted,1358,40739,2022-06-27 17:30:00,2142.475766961652
NSW1,page_hinkley,daily_weekly_adjusted,1359,40769,2022-06-28 08:30:00,2174.061017699116
NSW1,page_hinkley,daily_weekly_adjusted,1360,40799,2022-06-28 23:30:00,1221.2768289085543
NSW1,page_hinkley,daily_weekly_adjusted,1361,40829,2022-06-29 14:30:00,-3.884085545720154
NSW1,page_hinkley,daily_weekly_adjusted,1362,40859,2022-06-30 05:30:00,538.8977876106183
NSW1,page_hinkley,daily_weekly_adjusted,1363,40889,2022-06-30 20:30:00,1396.1880825958706
NSW1,page_hinkley,daily_weekly_adjusted,1364,40919,2022-07-01 11:30:00,1956.7396755162263
NSW1,page_hinkley,daily_weekly_adjusted,1365,40949,2022-07-02 02:30:00,940.9375958702067
NSW1,page_hinkley,daily_weekly_adjusted,1366,40979,2022-07-02 17:30:00,1998.0476991150445
NSW1,page_hinkley,daily_weekly_adjusted,1367,41009,2022-07-03 08:30:00,875.422529761905
NSW1,page_hinkley,daily_weekly_adjusted,1368,41039,2022-07-03 23:30:00,872.0558333333338
NSW1,page_hinkley,daily_weekly_adjusted,1369,41069,2022-07-04 14:30:00,703.2304129793501
NSW1,page_hinkley,daily_weekly_adjusted,1370,41099,2022-07-05 05:30:00,102.27221238938091
NSW1,page_hinkley,daily_weekly_adjusted,1371,41129,2022-07-05 20:30:00,1183.457964601772
NSW1,page_hinkley,daily_weekly_adjusted,1372,41159,2022-07-06 11:30:00,1039.8022566371692
NSW1,page_hinkley,daily_weekly_adjusted,1373,41189,2022-07-07 02:30:00,596.430162241888
NSW1,page_hinkley,daily_weekly_adjusted,1374,41219,2022-07-07 17:30:00,590.1314159292033
NSW1,page_hinkley,daily_weekly_adjusted,1375,41249,2022-07-08 08:30:00,994.3451622418888
NSW1,page_hinkley,daily_weekly_adjusted,1376,41279,2022-07-08 23:30:00,1247.4052802359874
NSW1,page_hinkley,daily_weekly_adjusted,1377,41309,2022-07-09 14:30:00,-835.1961946902647
NSW1,page_hinkley,daily_weekly_adjusted,1378,41339,2022-07-10 05:30:00,872.002827380953
NSW1,page_hinkley,daily_weekly_adjusted,1379,41369,2022-07-10 20:30:00,1918.8741666666683
NSW1,page_hinkley,daily_weekly_adjusted,1380,41399,2022-07-11 11:30:00,116.57989675516183
NSW1,page_hinkley,daily_weekly_adjusted,1381,41429,2022-07-12 02:30:00,1123.1389233038344
NSW1,page_hinkley,daily_weekly_adjusted,1382,41459,2022-07-12 17:30:00,1571.1180383480842
NSW1,page_hinkley,daily_weekly_adjusted,1383,41489,2022-07-13 08:30:00,1530.3821828908567
NSW1,page_hinkley,daily_weekly_adjusted,1384,41519,2022-07-13 23:30:00,1556.5718879056049
NSW1,page_hinkley,daily_weekly_adjusted,1385,41549,2022-07-14 14:30:00,402.71676991150525
NSW1,page_hinkley,daily_weekly_adjusted,1386,41579,2022-07-15 05:30:00,1044.2381415929203
NSW1,page_hinkley,daily_weekly_adjusted,1387,41609,2022-07-15 20:30:00,2480.2834955752205
NSW1,page_hinkley,daily_weekly_adjusted,1388,41639,2022-07-16 11:30:00,1140.018746312684
NSW1,page_hinkley,daily_weekly_adjusted,1389,41669,2022-07-17 02:30:00,1044.3273214285718
NSW1,page_hinkley,daily_weekly_adjusted,1390,41699,2022-07-17 17:30:00,899.0305654761905
NSW1,page_hinkley,daily_weekly_adjusted,1391,41729,2022-07-18 08:30:00,1125.535575221238
NSW1,page_hinkley,daily_weekly_adjusted,1392,41759,2022-07-18 23:30:00,1454.455589970501
NSW1,page_hinkley,daily_weekly_adjusted,1393,41789,2022-07-19 14:30:00,836.7651917404128
NSW1,page_hinkley,daily_weekly_adjusted,1394,41819,2022-07-20 05:30:00,852.3126991150448
NSW1,page_hinkley,daily_weekly_adjusted,1395,41849,2022-07-20 20:30:00,2176.889911504424
NSW1,page_hinkley,daily_weekly_adjusted,1396,41879,2022-07-21 11:30:00,1049.2807374631266
NSW1,page_hinkley,daily_weekly_adjusted,1397,41909,2022-07-22 02:30:00,1001.4350737463128
NSW1,page_hinkley,daily_weekly_adjusted,1398,41939,2022-07-22 17:30:00,1456.449129793511
NSW1,page_hinkley,daily_weekly_adjusted,1399,41969,2022-07-23 08:30:00,1104.1742477876105
NSW1,page_hinkley,daily_weekly_adjusted,1400,41999,2022-07-23 23:30:00,1099.5285693215328
NSW1,page_hinkley,daily_weekly_adjusted,1401,42029,2022-07-24 14:30:00,-800.6877083333329
NSW1,page_hinkley,daily_weekly_adjusted,1402,42059,2022-07-25 05:30:00,508.24092920353905
NSW1,page_hinkley,daily_weekly_adjusted,1403,42089,2022-07-25 20:30:00,1233.1462979351018
NSW1,page_hinkley,daily_weekly_adjusted,1404,42119,2022-07-26 11:30:00,-649.4040265486728
NSW1,page_hinkley,daily_weekly_adjusted,1405,42149,2022-07-27 02:30:00,957.0279351032459
NSW1,page_hinkley,daily_weekly_adjusted,1406,42179,2022-07-27 17:30:00,1091.207743362831
NSW1,page_hinkley,daily_weekly_adjusted,1407,42209,2022-07-28 08:30:00,1575.7381563421823
NSW1,page_hinkley,daily_weekly_adjusted,1408,42239,2022-07-28 23:30:00,917.9417404129781
NSW1,page_hinkley,daily_weekly_adjusted,1409,42269,2022-07-29 14:30:00,-1221.98051622419
NSW1,page_hinkley,daily_weekly_adjusted,1410,42299,2022-07-30 05:30:00,1180.771253687316
NSW1,page_hinkley,daily_weekly_adjusted,1411,42329,2022-07-30 20:30:00,2015.1148082595864
NSW1,page_hinkley,daily_weekly_adjusted,1412,42359,2022-07-31 11:30:00,643.0220833333342
NSW1,page_hinkley,daily_weekly_adjusted,1413,42389,2022-08-01 02:30:00,711.6119764011792
NSW1,page_hinkley,daily_weekly_adjusted,1414,42419,2022-08-01 17:30:00,446.96743362831876
NSW1,page_hinkley,daily_weekly_adjusted,1415,42449,2022-08-02 08:30:00,1402.7393510324491
NSW1,page_hinkley,daily_weekly_adjusted,1416,42479,2022-08-02 23:30:00,890.5068289085539
NSW1,page_hinkley,daily_weekly_adjusted,1417,42509,2022-08-03 14:30:00,-1572.3157522123884
NSW1,page_hinkley,daily_weekly_adjusted,1418,42539,2022-08-04 05:30:00,-235.71554572271452
NSW1,page_hinkley,daily_weekly_adjusted,1419,42569,2022-08-04 20:30:00,104.77308259587153
NSW1,page_hinkley,daily_weekly_adjusted,1420,42599,2022-08-05 11:30:00,-584.6436578171079
NSW1,page_hinkley,daily_weekly_adjusted,1421,42629,2022-08-06 02:30:00,258.2109292035393
NSW1,page_hinkley,daily_weekly_adjusted,1422,42659,2022-08-06 17:30:00,-32.90396755162328
NSW1,page_hinkley,daily_weekly_adjusted,1423,42689,2022-08-07 08:30:00,409.5258630952385
NSW1,page_hinkley,daily_weekly_adjusted,1424,42719,2022-08-07 23:30:00,901.8624999999993
NSW1,page_hinkley,daily_weekly_adjusted,1425,42749,2022-08-08 14:30:00,-968.9112536873154
NSW1,page_hinkley,daily_weekly_adjusted,1426,42779,2022-08-09 05:30:00,716.3338790560474
NSW1,page_hinkley,daily_weekly_adjusted,1427,42809,2022-08-09 20:30:00,1744.2262979351053
NSW1,page_hinkley,daily_weekly_adjusted,1428,42839,2022-08-10 11:30:00,-851.4344100294993
NSW1,page_hinkley,daily_weekly_adjusted,1429,42869,2022-08-11 02:30:00,859.5718289085544
NSW1,page_hinkley,daily_weekly_adjusted,1430,42899,2022-08-11 17:30:00,1253.531415929203
NSW1,page_hinkley,daily_weekly_adjusted,1431,42929,2022-08-12 08:30:00,1037.521828908555
NSW1,page_hinkley,daily_weekly_adjusted,1432,42959,2022-08-12 23:30:00,844.6952802359883
NSW1,page_hinkley,daily_weekly_adjusted,1433,42989,2022-08-13 14:30:00,-1178.6895280235985
NSW1,page_hinkley,daily_weekly_adjusted,1434,43019,2022-08-14 05:30:00,530.3111607142864
NSW1,page_hinkley,daily_weekly_adjusted,1435,43049,2022-08-14 20:30:00,1426.3791666666675
NSW1,page_hinkley,daily_weekly_adjusted,1436,43079,2022-08-15 11:30:00,-678.5634365781707
NSW1,page_hinkley,daily_weekly_adjusted,1437,43109,2022-08-16 02:30:00,739.5572566371684
NSW1,page_hinkley,daily_weekly_adjusted,1438,43139,2022-08-16 17:30:00,445.6680383480834
NSW1,page_hinkley,daily_weekly_adjusted,1439,43169,2022-08-17 08:30:00,914.9221828908558
NSW1,page_hinkley,daily_weekly_adjusted,1440,43199,2022-08-17 23:30:00,728.9935545722719
NSW1,page_hinkley,daily_weekly_adjusted,1441,43229,2022-08-18 14:30:00,-1255.6448967551614
NSW1,page_hinkley,daily_weekly_adjusted,1442,43259,2022-08-19 05:30:00,78.56480825958715
NSW1,page_hinkley,daily_weekly_adjusted,1443,43289,2022-08-19 20:30:00,949.6234955752207
NSW1,page_hinkley,daily_weekly_adjusted,1444,43319,2022-08-20 11:30:00,-551.7795870206492
NSW1,page_hinkley,daily_weekly_adjusted,1445,43349,2022-08-21 02:30:00,741.4089880952388
NSW1,page_hinkley,daily_weekly_adjusted,1446,43379,2022-08-21 17:30:00,-64.86110119047589
NSW1,page_hinkley,daily_weekly_adjusted,1447,43409,2022-08-22 08:30:00,386.1639085545721
NSW1,page_hinkley,daily_weekly_adjusted,1448,43439,2022-08-22 23:30:00,325.21892330383434
NSW1,page_hinkley,daily_weekly_adjusted,1449,43469,2022-08-23 14:30:00,308.4668584070805
NSW1,page_hinkley,daily_weekly_adjusted,1450,43499,2022-08-24 05:30:00,794.1660324483773
NSW1,page_hinkley,daily_weekly_adjusted,1451,43529,2022-08-24 20:30:00,1887.888244837759
NSW1,page_hinkley,daily_weekly_adjusted,1452,43559,2022-08-25 11:30:00,-1008.4192625368732
NSW1,page_hinkley,daily_weekly_adjusted,1453,43589,2022-08-26 02:30:00,903.5850737463124
NSW1,page_hinkley,daily_weekly_adjusted,1454,43619,2022-08-26 17:30:00,315.574129793511
NSW1,page_hinkley,daily_weekly_adjusted,1455,43649,2022-08-27 08:30:00,142.99591445427723
NSW1,page_hinkley,daily_weekly_adjusted,1456,43679,2022-08-27 23:30:00,546.201902654866
NSW1,page_hinkley,daily_weekly_adjusted,1457,43709,2022-08-28 14:30:00,-1623.8643749999992
NSW1,page_hinkley,daily_weekly_adjusted,1458,43739,2022-08-29 05:30:00,-51.19240412979343
NSW1,page_hinkley,daily_weekly_adjusted,1459,43769,2022-08-29 20:30:00,310.9246312684354
NSW1,page_hinkley,daily_weekly_adjusted,1460,43799,2022-08-30 11:30:00,-1630.62069321534
NSW1,page_hinkley,daily_weekly_adjusted,1461,43829,2022-08-31 02:30:00,391.74626843657825
NSW1,page_hinkley,daily_weekly_adjusted,1462,43859,2022-08-31 17:30:00,-367.3655899705009
NSW1,page_hinkley,daily_weekly_adjusted,1463,43889,2022-09-01 08:30:00,-485.065176991151
NSW1,page_hinkley,daily_weekly_adjusted,1464,43919,2022-09-01 23:30:00,97.65507374631306
NSW1,page_hinkley,daily_weekly_adjusted,1465,43949,2022-09-02 14:30:00,-507.2555162241888
NSW1,page_hinkley,daily_weekly_adjusted,1466,43979,2022-09-03 05:30:00,276.7545870206495
NSW1,page_hinkley,daily_weekly_adjusted,1467,44009,2022-09-03 20:30:00,1266.7114749262546
NSW1,page_hinkley,daily_weekly_adjusted,1468,44039,2022-09-04 11:30:00,-595.7029166666662
NSW1,page_hinkley,daily_weekly_adjusted,1469,44069,2022-09-05 02:30:00,596.4769764011799
NSW1,page_hinkley,daily_weekly_adjusted,1470,44099,2022-09-05 17:30:00,82.39576696165204
NSW1,page_hinkley,daily_weekly_adjusted,1471,44129,2022-09-06 08:30:00,-163.98398230088605
NSW1,page_hinkley,daily_weekly_adjusted,1472,44159,2022-09-06 23:30:00,628.1451622418881
NSW1,page_hinkley,daily_weekly_adjusted,1473,44189,2022-09-07 14:30:00,-1601.0007522123879
NSW1,page_hinkley,daily_weekly_adjusted,1474,44219,2022-09-08 05:30:00,-100.75054572271438
NSW1,page_hinkley,daily_weekly_adjusted,1475,44249,2022-09-08 20:30:00,166.99308259587087
NSW1,page_hinkley,daily_weekly_adjusted,1476,44279,2022-09-09 11:30:00,-259.00699115044154
NSW1,page_hinkley,daily_weekly_adjusted,1477,44309,2022-09-10 02:30:00,272.6859292035397
NSW1,page_hinkley,daily_weekly_adjusted,1478,44339,2022-09-10 17:30:00,-842.0556342182899
NSW1,page_hinkley,daily_weekly_adjusted,1479,44369,2022-09-11 08:30:00,-1059.6958035714288
NSW1,page_hinkley,daily_weekly_adjusted,1480,44399,2022-09-11 23:30:00,171.2458333333334
NSW1,page_hinkley,daily_weekly_adjusted,1481,44429,2022-09-12 14:30:00,-2202.529587020649
NSW1,page_hinkley,daily_weekly_adjusted,1482,44459,2022-09-13 05:30:00,143.9538790560482
NSW1,page_hinkley,daily_weekly_adjusted,1483,44489,2022-09-13 20:30:00,547.2012979351039
NSW1,page_hinkley,daily_weekly_adjusted,1484,44519,2022-09-14 11:30:00,-1998.2310766961655
NSW1,page_hinkley,daily_weekly_adjusted,1485,44549,2022-09-15 02:30:00,374.74516224188756
NSW1,page_hinkley,daily_weekly_adjusted,1486,44579,2022-09-15 17:30:00,750.2947492625372
NSW1,page_hinkley,daily_weekly_adjusted,1487,44609,2022-09-16 08:30:00,-1035.276504424778
NSW1,page_hinkley,daily_weekly_adjusted,1488,44639,2022-09-16 23:30:00,-92.43471976401179
NSW1,page_hinkley,daily_weekly_adjusted,1489,44669,2022-09-17 14:30:00,-2083.5545280235983
NSW1,page_hinkley,daily_weekly_adjusted,1490,44699,2022-09-18 05:30:00,-149.89717261904752
NSW1,page_hinkley,daily_weekly_adjusted,1491,44729,2022-09-18 20:30:00,-213.97916666666606
NSW1,page_hinkley,daily_weekly_adjusted,1492,44759,2022-09-19 11:30:00,-2599.236769911505
NSW1,page_hinkley,daily_weekly_adjusted,1493,44789,2022-09-20 02:30:00,319.1772566371683
NSW1,page_hinkley,daily_weekly_adjusted,1494,44819,2022-09-20 17:30:00,-1194.9802949852492
NSW1,page_hinkley,daily_weekly_adjusted,1495,44849,2022-09-21 08:30:00,-750.1728171091445
NSW1,page_hinkley,daily_weekly_adjusted,1496,44879,2022-09-21 23:30:00,-31.846445427729122
NSW1,page_hinkley,daily_weekly_adjusted,1497,44909,2022-09-22 14:30:00,-1724.1632300884949
NSW1,page_hinkley,daily_weekly_adjusted,1498,44939,2022-09-23 05:30:00,-638.5468584070795
NSW1,page_hinkley,daily_weekly_adjusted,1499,44969,2022-09-23 20:30:00,-521.0381710914444
NSW1,page_hinkley,daily_weekly_adjusted,1500,44999,2022-09-24 11:30:00,-1451.6762536873166
NSW1,page_hinkley,daily_weekly_adjusted,1501,45029,2022-09-25 02:30:00,76.31898809523864
NSW1,page_hinkley,daily_weekly_adjusted,1502,45059,2022-09-25 17:30:00,-1213.7927678571432
NSW1,page_hinkley,daily_weekly_adjusted,1503,45089,2022-09-26 08:30:00,-932.7744247787614
NSW1,page_hinkley,daily_weekly_adjusted,1504,45119,2022-09-26 23:30:00,-6.896076696165437
NSW1,page_hinkley,daily_weekly_adjusted,1505,45149,2022-09-27 14:30:00,-1398.80814159292
NSW1,page_hinkley,daily_weekly_adjusted,1506,45179,2022-09-28 05:30:00,-299.1206342182877
NSW1,page_hinkley,daily_weekly_adjusted,1507,45209,2022-09-28 20:30:00,-195.74175516224022
NSW1,page_hinkley,daily_weekly_adjusted,1508,45239,2022-09-29 11:30:00,-1691.577595870206
NSW1,page_hinkley,daily_weekly_adjusted,1509,45269,2022-09-30 02:30:00,255.63007374631252
NSW1,page_hinkley,daily_weekly_adjusted,1510,45299,2022-09-30 17:30:00,-641.1608702064877
NSW1,page_hinkley,daily_weekly_adjusted,1511,45329,2022-10-01 08:30:00,-943.1674188790566
NSW1,page_hinkley,daily_weekly_adjusted,1512,45359,2022-10-01 23:30:00,194.36190265486766
NSW1,page_hinkley,daily_weekly_adjusted,1513,45389,2022-10-02 14:30:00,-2182.197708333333
NSW1,page_hinkley,daily_weekly_adjusted,1514,45419,2022-10-03 05:30:00,-338.9140707964607
NSW1,page_hinkley,daily_weekly_adjusted,1515,45449,2022-10-03 20:30:00,-863.5520353982301
NSW1,page_hinkley,daily_weekly_adjusted,1516,45479,2022-10-04 11:30:00,-2593.9390265486727
NSW1,page_hinkley,daily_weekly_adjusted,1517,45509,2022-10-05 02:30:00,-447.4787315634212
NSW1,page_hinkley,daily_weekly_adjusted,1518,45539,2022-10-05 17:30:00,444.5577433628332
NSW1,page_hinkley,daily_weekly_adjusted,1519,45569,2022-10-06 08:30:00,-24.688510324484014
NSW1,page_hinkley,daily_weekly_adjusted,1520,45599,2022-10-06 23:30:00,-129.38992625368792
NSW1,page_hinkley,daily_weekly_adjusted,1521,45629,2022-10-07 14:30:00,-264.02218289085704
NSW1,page_hinkley,daily_weekly_adjusted,1522,45659,2022-10-08 05:30:00,-21.36374631268427
NSW1,page_hinkley,daily_weekly_adjusted,1523,45689,2022-10-08 20:30:00,-360.3268584070802
NSW1,page_hinkley,daily_weekly_adjusted,1524,45719,2022-10-09 11:30:00,-1453.8362499999994
NSW1,page_hinkley,daily_weekly_adjusted,1525,45749,2022-10-10 02:30:00,-33.963023598819746
NSW1,page_hinkley,daily_weekly_adjusted,1526,45779,2022-10-10 17:30:00,-552.3775663716824
NSW1,page_hinkley,daily_weekly_adjusted,1527,45809,2022-10-11 08:30:00,-913.9156489675515
NSW1,page_hinkley,daily_weekly_adjusted,1528,45839,2022-10-11 23:30:00,-377.7181710914456
NSW1,page_hinkley,daily_weekly_adjusted,1529,45869,2022-10-12 14:30:00,-1709.8590855457214
NSW1,page_hinkley,daily_weekly_adjusted,1530,45899,2022-10-13 05:30:00,144.57278761061934
NSW1,page_hinkley,daily_weekly_adjusted,1531,45929,2022-10-13 20:30:00,-938.8385840707952
NSW1,page_hinkley,daily_weekly_adjusted,1532,45959,2022-10-14 11:30:00,-2701.3886578171087
NSW1,page_hinkley,daily_weekly_adjusted,1533,45989,2022-10-15 02:30:00,-470.95907079645986
NSW1,page_hinkley,daily_weekly_adjusted,1534,46019,2022-10-15 17:30:00,-1507.1156342182903
NSW1,page_hinkley,daily_weekly_adjusted,1535,46049,2022-10-16 08:30:00,-1770.0024702380952
NSW1,page_hinkley,daily_weekly_adjusted,1536,46079,2022-10-16 23:30:00,-589.0408333333335
NSW1,page_hinkley,daily_weekly_adjusted,1537,46109,2022-10-17 14:30:00,-1734.5812536873163
NSW1,page_hinkley,daily_weekly_adjusted,1538,46139,2022-10-18 05:30:00,24.15721238938113
NSW1,page_hinkley,daily_weekly_adjusted,1539,46169,2022-10-18 20:30:00,-1102.790368731563
NSW1,page_hinkley,daily_weekly_adjusted,1540,46199,2022-10-19 11:30:00,-2118.1894100294985
NSW1,page_hinkley,daily_weekly_adjusted,1541,46229,2022-10-20 02:30:00,-513.9781710914449
NSW1,page_hinkley,daily_weekly_adjusted,1542,46259,2022-10-20 17:30:00,-883.6252507374629
NSW1,page_hinkley,daily_weekly_adjusted,1543,46289,2022-10-21 08:30:00,-698.7315044247789
NSW1,page_hinkley,daily_weekly_adjusted,1544,46319,2022-10-21 23:30:00,-700.4930530973452
NSW1,page_hinkley,daily_weekly_adjusted,1545,46349,2022-10-22 14:30:00,-1367.6311946902651
NSW1,page_hinkley,daily_weekly_adjusted,1546,46379,2022-10-23 05:30:00,-171.54383928571315
NSW1,page_hinkley,daily_weekly_adjusted,1547,46409,2022-10-23 20:30:00,-948.0624999999991
NSW1,page_hinkley,daily_weekly_adjusted,1548,46439,2022-10-24 11:30:00,-641.4601032448372
NSW1,page_hinkley,daily_weekly_adjusted,1549,46469,2022-10-25 02:30:00,-348.3594100294986
NSW1,page_hinkley,daily_weekly_adjusted,1550,46499,2022-10-25 17:30:00,-1035.5886283185846
NSW1,page_hinkley,daily_weekly_adjusted,1551,46529,2022-10-26 08:30:00,-2016.8794837758105
NSW1,page_hinkley,daily_weekly_adjusted,1552,46559,2022-10-26 23:30:00,-743.3631120943955
NSW1,page_hinkley,daily_weekly_adjusted,1553,46589,2022-10-27 14:30:00,-1594.8498967551614
NSW1,page_hinkley,daily_weekly_adjusted,1554,46619,2022-10-28 05:30:00,-424.3551917404129
NSW1,page_hinkley,daily_weekly_adjusted,1555,46649,2022-10-28 20:30:00,-1147.9648377581125
NSW1,page_hinkley,daily_weekly_adjusted,1556,46679,2022-10-29 11:30:00,-3442.9529203539832
NSW1,page_hinkley,daily_weekly_adjusted,1557,46709,2022-10-30 02:30:00,-596.3960119047615
NSW1,page_hinkley,daily_weekly_adjusted,1558,46739,2022-10-30 17:30:00,-1400.53943452381
NSW1,page_hinkley,daily_weekly_adjusted,1559,46769,2022-10-31 08:30:00,-1461.0777581120947
NSW1,page_hinkley,daily_weekly_adjusted,1560,46799,2022-10-31 23:30:00,-579.3827433628321
NSW1,page_hinkley,daily_weekly_adjusted,1561,46829,2022-11-01 14:30:00,-2476.7381415929203
NSW1,page_hinkley,daily_weekly_adjusted,1562,46859,2022-11-02 05:30:00,-21.875634218288724
NSW1,page_hinkley,daily_weekly_adjusted,1563,46889,2022-11-02 20:30:00,-753.2250884955747
NSW1,page_hinkley,daily_weekly_adjusted,1564,46919,2022-11-03 11:30:00,-2579.9259292035395
NSW1,page_hinkley,daily_weekly_adjusted,1565,46949,2022-11-04 02:30:00,-316.9415929203542
NSW1,page_hinkley,daily_weekly_adjusted,1566,46979,2022-11-04 17:30:00,-1474.0875368731558
NSW1,page_hinkley,daily_weekly_adjusted,1567,47009,2022-11-05 08:30:00,-1808.9624188790558
NSW1,page_hinkley,daily_weekly_adjusted,1568,47039,2022-11-05 23:30:00,-647.8264306784667
NSW1,page_hinkley,daily_weekly_adjusted,1569,47069,2022-11-06 14:30:00,-2524.4677083333327
NSW1,page_hinkley,daily_weekly_adjusted,1570,47099,2022-11-07 05:30:00,-162.2924041297938
NSW1,page_hinkley,daily_weekly_adjusted,1571,47129,2022-11-07 20:30:00,-1235.668702064896
NSW1,page_hinkley,daily_weekly_adjusted,1572,47159,2022-11-08 11:30:00,-2653.3490265486726
NSW1,page_hinkley,daily_weekly_adjusted,1573,47189,2022-11-09 02:30:00,-654.8137315634212
NSW1,page_hinkley,daily_weekly_adjusted,1574,47219,2022-11-09 17:30:00,-1538.7172566371673
NSW1,page_hinkley,daily_weekly_adjusted,1575,47249,2022-11-10 08:30:00,-2379.8868436578177
NSW1,page_hinkley,daily_weekly_adjusted,1576,47279,2022-11-10 23:30:00,-780.224926253687
NSW1,page_hinkley,daily_weekly_adjusted,1577,47309,2022-11-11 14:30:00,-1466.7088495575226
NSW1,page_hinkley,daily_weekly_adjusted,1578,47339,2022-11-12 05:30:00,-446.40874631268343
NSW1,page_hinkley,daily_weekly_adjusted,1579,47369,2022-11-12 20:30:00,-940.9668584070796
NSW1,page_hinkley,daily_weekly_adjusted,1580,47399,2022-11-13 11:30:00,-1117.6745833333325
NSW1,page_hinkley,daily_weekly_adjusted,1581,47429,2022-11-14 02:30:00,-494.52802359882025
NSW1,page_hinkley,daily_weekly_adjusted,1582,47459,2022-11-14 17:30:00,-1448.444233038349
NSW1,page_hinkley,daily_weekly_adjusted,1583,47489,2022-11-15 08:30:00,-2473.312315634218
NSW1,page_hinkley,daily_weekly_adjusted,1584,47519,2022-11-15 23:30:00,-664.3781710914454
NSW1,page_hinkley,daily_weekly_adjusted,1585,47549,2022-11-16 14:30:00,-2345.4890855457215
NSW1,page_hinkley,daily_weekly_adjusted,1586,47579,2022-11-17 05:30:00,-16.548879056048463
NSW1,page_hinkley,daily_weekly_adjusted,1587,47609,2022-11-17 20:30:00,-1087.7619174041292
NSW1,page_hinkley,daily_weekly_adjusted,1588,47639,2022-11-18 11:30:00,-2868.403657817108
NSW1,page_hinkley,daily_weekly_adjusted,1589,47669,2022-11-19 02:30:00,-543.9107374631267
NSW1,page_hinkley,daily_weekly_adjusted,1590,47699,2022-11-19 17:30:00,-1460.312300884957
NSW1,page_hinkley,daily_weekly_adjusted,1591,47729,2022-11-20 08:30:00,-2109.624136904762
NSW1,page_hinkley,daily_weekly_adjusted,1592,47759,2022-11-20 23:30:00,-713.3458333333338
NSW1,page_hinkley,daily_weekly_adjusted,1593,47789,2022-11-21 14:30:00,-2957.8795870206486
NSW1,page_hinkley,daily_weekly_adjusted,1594,47819,2022-11-22 05:30:00,-172.07945427728464
NSW1,page_hinkley,daily_weekly_adjusted,1595,47849,2022-11-22 20:30:00,-1260.9237020648952
NSW1,page_hinkley,daily_weekly_adjusted,1596,47879,2022-11-23 11:30:00,-3068.301076696165
NSW1,page_hinkley,daily_weekly_adjusted,1597,47909,2022-11-24 02:30:00,-527.1031710914458
NSW1,page_hinkley,daily_weekly_adjusted,1598,47939,2022-11-24 17:30:00,-1487.67691740413
NSW1,page_hinkley,daily_weekly_adjusted,1599,47969,2022-11-25 08:30:00,-2328.364837758113
NSW1,page_hinkley,daily_weekly_adjusted,1600,47999,2022-11-25 23:30:00,-698.5013864306775
NSW1,page_hinkley,daily_weekly_adjusted,1601,48029,2022-11-26 14:30:00,-2749.659528023599
NSW1,page_hinkley,daily_weekly_adjusted,1602,48059,2022-11-27 05:30:00,-501.4288392857143
NSW1,page_hinkley,daily_weekly_adjusted,1603,48089,2022-11-27 20:30:00,-651.6058333333331
NSW1,page_hinkley,daily_weekly_adjusted,1604,48119,2022-11-28 11:30:00,-2082.491769911504
NSW1,page_hinkley,daily_weekly_adjusted,1605,48149,2022-11-29 02:30:00,-551.3494100294984
NSW1,page_hinkley,daily_weekly_adjusted,1606,48179,2022-11-29 17:30:00,-1461.6302949852497
NSW1,page_hinkley,daily_weekly_adjusted,1607,48209,2022-11-30 08:30:00,-1413.3728171091434
NSW1,page_hinkley,daily_weekly_adjusted,1608,48239,2022-11-30 23:30:00,-527.3297787610609
NSW1,page_hinkley,daily_weekly_adjusted,1609,48269,2022-12-01 14:30:00,-1877.414896755161
NSW1,page_hinkley,daily_weekly_adjusted,1610,48299,2022-12-02 05:30:00,-215.07519174041227
NSW1,page_hinkley,daily_weekly_adjusted,1611,48329,2022-12-02 20:30:00,-987.9948377581122
NSW1,page_hinkley,daily_weekly_adjusted,1612,48359,2022-12-03 11:30:00,-2678.68458702065
NSW1,page_hinkley,daily_weekly_adjusted,1613,48389,2022-12-04 02:30:00,-420.4376785714285
NSW1,page_hinkley,daily_weekly_adjusted,1614,48419,2022-12-04 17:30:00,-1200.8444345238095
NSW1,page_hinkley,daily_weekly_adjusted,1615,48449,2022-12-05 08:30:00,-2224.5694247787605
NSW1,page_hinkley,daily_weekly_adjusted,1616,48479,2022-12-05 23:30:00,-375.9360766961654
NSW1,page_hinkley,daily_weekly_adjusted,1617,48509,2022-12-06 14:30:00,-2124.0898082595877
NSW1,page_hinkley,daily_weekly_adjusted,1618,48539,2022-12-07 05:30:00,-379.5673008849544
NSW1,page_hinkley,daily_weekly_adjusted,1619,48569,2022-12-07 20:30:00,-1005.9950884955751
NSW1,page_hinkley,daily_weekly_adjusted,1620,48599,2022-12-08 11:30:00,-3071.022595870206
NSW1,page_hinkley,daily_weekly_adjusted,1621,48629,2022-12-09 02:30:00,-575.8782595870216
NSW1,page_hinkley,daily_weekly_adjusted,1622,48659,2022-12-09 17:30:00,-1814.9642035398228
NSW1,page_hinkley,daily_weekly_adjusted,1623,48689,2022-12-10 08:30:00,-1866.137418879057
NSW1,page_hinkley,daily_weekly_adjusted,1624,48719,2022-12-10 23:30:00,-705.7414306784667
NSW1,page_hinkley,daily_weekly_adjusted,1625,48749,2022-12-11 14:30:00,-1835.024374999999
NSW1,page_hinkley,daily_weekly_adjusted,1626,48779,2022-12-12 05:30:00,-2.659070796459673
NSW1,page_hinkley,daily_weekly_adjusted,1627,48809,2022-12-12 20:30:00,-1037.2420353982297
NSW1,page_hinkley,daily_weekly_adjusted,1628,48839,2022-12-13 11:30:00,-3136.5456932153393
NSW1,page_hinkley,daily_weekly_adjusted,1629,48869,2022-12-14 02:30:00,-611.9620648967548
NSW1,page_hinkley,daily_weekly_adjusted,1630,48899,2022-12-14 17:30:00,-1856.6572566371678
NSW1,page_hinkley,daily_weekly_adjusted,1631,48929,2022-12-15 08:30:00,-2695.476843657818
NSW1,page_hinkley,daily_weekly_adjusted,1632,48959,2022-12-15 23:30:00,-725.0265929203542
NSW1,page_hinkley,daily_weekly_adjusted,1633,48989,2022-12-16 14:30:00,-2786.2055162241895
NSW1,page_hinkley,daily_weekly_adjusted,1634,49019,2022-12-17 05:30:00,-326.55207964601686
NSW1,page_hinkley,daily_weekly_adjusted,1635,49049,2022-12-17 20:30:00,-1021.2301917404129
NSW1,page_hinkley,daily_weekly_adjusted,1636,49079,2022-12-18 11:30:00,-2098.779583333332
NSW1,page_hinkley,daily_weekly_adjusted,1637,49109,2022-12-19 02:30:00,-382.7396902654864
NSW1,page_hinkley,daily_weekly_adjusted,1638,49139,2022-12-19 17:30:00,-1873.9042330383481
NSW1,page_hinkley,daily_weekly_adjusted,1639,49169,2022-12-20 08:30:00,-2249.8756489675516
NSW1,page_hinkley,daily_weekly_adjusted,1640,49199,2022-12-20 23:30:00,-567.0548377581126
NSW1,page_hinkley,daily_weekly_adjusted,1641,49229,2022-12-21 14:30:00,-2838.972418879055
NSW1,page_hinkley,daily_weekly_adjusted,1642,49259,2022-12-22 05:30:00,-472.61554572271507
NSW1,page_hinkley,daily_weekly_adjusted,1643,49289,2022-12-22 20:30:00,-1139.1135840707957
NSW1,page_hinkley,daily_weekly_adjusted,1644,49319,2022-12-23 11:30:00,-2329.520324483775
NSW1,page_hinkley,daily_weekly_adjusted,1645,49349,2022-12-24 02:30:00,-573.8907374631272
NSW1,page_hinkley,daily_weekly_adjusted,1646,49379,2022-12-24 17:30:00,-31.258967551622845
NSW1,page_hinkley,daily_weekly_adjusted,1647,49409,2022-12-25 08:30:00,-1456.7124702380952
NSW1,page_hinkley,daily_weekly_adjusted,1648,49439,2022-12-25 23:30:00,-502.47416666666595
NSW1,page_hinkley,daily_weekly_adjusted,1649,49469,2022-12-26 14:30:00,-1859.8029203539818
NSW1,page_hinkley,daily_weekly_adjusted,1650,49499,2022-12-27 05:30:00,-1152.4911209439515
NSW1,page_hinkley,daily_weekly_adjusted,1651,49529,2022-12-27 20:30:00,-755.5353687315619
NSW1,page_hinkley,daily_weekly_adjusted,1652,49559,2022-12-28 11:30:00,-2233.589410029499
NSW1,page_hinkley,daily_weekly_adjusted,1653,49589,2022-12-29 02:30:00,-455.736504424779
NSW1,page_hinkley,daily_weekly_adjusted,1654,49619,2022-12-29 17:30:00,-1394.6935840707974
NSW1,page_hinkley,daily_weekly_adjusted,1655,49649,2022-12-30 08:30:00,-1775.4115044247792
NSW1,page_hinkley,daily_weekly_adjusted,1656,49679,2022-12-30 23:30:00,-766.6997197640112
NSW1,page_hinkley,daily_weekly_adjusted,1657,49709,2022-12-31 14:30:00,-1429.542861356932
NSW1,page_hinkley,daily_weekly_adjusted,1658,49739,2023-01-01 05:30:00,-431.39883928571453
NSW1,page_hinkley,daily_weekly_adjusted,1659,49769,2023-01-01 20:30:00,-733.1841666666669
NSW1,page_hinkley,daily_weekly_adjusted,1660,49799,2023-01-02 11:30:00,-2992.9767699115046
NSW1,page_hinkley,daily_weekly_adjusted,1661,49829,2023-01-03 02:30:00,-660.1177433628309
NSW1,page_hinkley,daily_weekly_adjusted,1662,49859,2023-01-03 17:30:00,-219.7836283185843
NSW1,page_hinkley,daily_weekly_adjusted,1663,49889,2023-01-04 08:30:00,-1387.2544837758105
NSW1,page_hinkley,daily_weekly_adjusted,1664,49919,2023-01-04 23:30:00,-751.2231120943943
NSW1,page_hinkley,daily_weekly_adjusted,1665,49949,2023-01-05 14:30:00,-2000.666563421828
NSW1,page_hinkley,daily_weekly_adjusted,1666,49979,2023-01-06 05:30:00,-832.6585250737462
NSW1,page_hinkley,daily_weekly_adjusted,1667,50009,2023-01-06 20:30:00,-1264.8831710914465
NSW1,page_hinkley,daily_weekly_adjusted,1668,50039,2023-01-07 11:30:00,-1947.4262536873166
NSW1,page_hinkley,daily_weekly_adjusted,1669,50069,2023-01-08 02:30:00,-579.3776785714281
NSW1,page_hinkley,daily_weekly_adjusted,1670,50099,2023-01-08 17:30:00,-1413.2227678571435
NSW1,page_hinkley,daily_weekly_adjusted,1671,50129,2023-01-09 08:30:00,-2331.426091445427
NSW1,page_hinkley,daily_weekly_adjusted,1672,50159,2023-01-09 23:30:00,-548.6777433628331
NSW1,page_hinkley,daily_weekly_adjusted,1673,50189,2023-01-10 14:30:00,-1854.4381415929201
NSW1,page_hinkley,daily_weekly_adjusted,1674,50219,2023-01-11 05:30:00,-187.72230088495508
NSW1,page_hinkley,daily_weekly_adjusted,1675,50249,2023-01-11 20:30:00,-467.95008849557416
NSW1,page_hinkley,daily_weekly_adjusted,1676,50279,2023-01-12 11:30:00,-1594.12092920354
NSW1,page_hinkley,daily_weekly_adjusted,1677,50309,2023-01-13 02:30:00,-296.3215929203543
NSW1,page_hinkley,daily_weekly_adjusted,1678,50339,2023-01-13 17:30:00,-181.91253687315475
NSW1,page_hinkley,daily_weekly_adjusted,1679,50369,2023-01-14 08:30:00,-988.0207522123892
NSW1,page_hinkley,daily_weekly_adjusted,1680,50399,2023-01-14 23:30:00,-287.46476401180007
NSW1,page_hinkley,daily_weekly_adjusted,1681,50429,2023-01-15 14:30:00,-257.14437499999894
NSW1,page_hinkley,daily_weekly_adjusted,1682,50459,2023-01-16 05:30:00,77.949262536873
NSW1,page_hinkley,daily_weekly_adjusted,1683,50489,2023-01-16 20:30:00,31.106297935102702
NSW1,page_hinkley,daily_weekly_adjusted,1684,50519,2023-01-17 11:30:00,-1089.079026548673
NSW1,page_hinkley,daily_weekly_adjusted,1685,50549,2023-01-18 02:30:00,-36.29039823008861
NSW1,page_hinkley,daily_weekly_adjusted,1686,50579,2023-01-18 17:30:00,1203.9227433628312
NSW1,page_hinkley,daily_weekly_adjusted,1687,50609,2023-01-19 08:30:00,-478.65684365781635
NSW1,page_hinkley,daily_weekly_adjusted,1688,50639,2023-01-19 23:30:00,-675.3282595870205
NSW1,page_hinkley,daily_weekly_adjusted,1689,50669,2023-01-20 14:30:00,-1409.0388495575235
NSW1,page_hinkley,daily_weekly_adjusted,1690,50699,2023-01-21 05:30:00,-295.8820796460177
NSW1,page_hinkley,daily_weekly_adjusted,1691,50729,2023-01-21 20:30:00,-899.9735250737458
NSW1,page_hinkley,daily_weekly_adjusted,1692,50759,2023-01-22 11:30:00,-706.5395833333332
NSW1,page_hinkley,daily_weekly_adjusted,1693,50789,2023-01-23 02:30:00,-386.34635693215296
NSW1,page_hinkley,daily_weekly_adjusted,1694,50819,2023-01-23 17:30:00,-1214.859233038349
NSW1,page_hinkley,daily_weekly_adjusted,1695,50849,2023-01-24 08:30:00,-1683.1656489675515
NSW1,page_hinkley,daily_weekly_adjusted,1696,50879,2023-01-24 23:30:00,-309.859837758112
NSW1,page_hinkley,daily_weekly_adjusted,1697,50909,2023-01-25 14:30:00,-383.80741887905515
NSW1,page_hinkley,daily_weekly_adjusted,1698,50939,2023-01-26 05:30:00,-575.4138790560482
NSW1,page_hinkley,daily_weekly_adjusted,1699,50969,2023-01-26 20:30:00,-102.11191740413051
NSW1,page_hinkley,daily_weekly_adjusted,1700,50999,2023-01-27 11:30:00,-647.0036578171084
NSW1,page_hinkley,daily_weekly_adjusted,1701,51029,2023-01-28 02:30:00,-13.112404129792594
NSW1,page_hinkley,daily_weekly_adjusted,1702,51059,2023-01-28 17:30:00,2222.822699115044
NSW1,page_hinkley,daily_weekly_adjusted,1703,51089,2023-01-29 08:30:00,216.23252976190452
NSW1,page_hinkley,daily_weekly_adjusted,1704,51119,2023-01-29 23:30:00,274.01916666666693
NSW1,page_hinkley,daily_weekly_adjusted,1705,51149,2023-01-30 14:30:00,853.5104129793508
NSW1,page_hinkley,daily_weekly_adjusted,1706,51179,2023-01-31 05:30:00,178.4505457227142
NSW1,page_hinkley,daily_weekly_adjusted,1707,51209,2023-01-31 20:30:00,-396.99870206489686
NSW1,page_hinkley,daily_weekly_adjusted,1708,51239,2023-02-01 11:30:00,-1541.8694100294988
NSW1,page_hinkley,daily_weekly_adjusted,1709,51269,2023-02-02 02:30:00,-104.61483775811303
NSW1,page_hinkley,daily_weekly_adjusted,1710,51299,2023-02-02 17:30:00,1481.12308259587
NSW1,page_hinkley,daily_weekly_adjusted,1711,51329,2023-02-03 08:30:00,-1332.9965044247783
NSW1,page_hinkley,daily_weekly_adjusted,1712,51359,2023-02-03 23:30:00,-348.77471976401193
NSW1,page_hinkley,daily_weekly_adjusted,1713,51389,2023-02-04 14:30:00,-2524.0645280235985
NSW1,page_hinkley,daily_weekly_adjusted,1714,51419,2023-02-05 05:30:00,-235.7538392857141
NSW1,page_hinkley,daily_weekly_adjusted,1715,51449,2023-02-05 20:30:00,-248.1291666666657
NSW1,page_hinkley,daily_weekly_adjusted,1716,51479,2023-02-06 11:30:00,-1274.5284365781708
NSW1,page_hinkley,daily_weekly_adjusted,1717,51509,2023-02-07 02:30:00,-1.9194100294980672
NSW1,page_hinkley,daily_weekly_adjusted,1718,51539,2023-02-07 17:30:00,497.44970501474927
NSW1,page_hinkley,daily_weekly_adjusted,1719,51569,2023-02-08 08:30:00,-562.3394837758105
NSW1,page_hinkley,daily_weekly_adjusted,1720,51599,2023-02-08 23:30:00,-164.25811209439598
NSW1,page_hinkley,daily_weekly_adjusted,1721,51629,2023-02-09 14:30:00,-502.2998967551621
NSW1,page_hinkley,daily_weekly_adjusted,1722,51659,2023-02-10 05:30:00,49.43147492625394
NSW1,page_hinkley,daily_weekly_adjusted,1723,51689,2023-02-10 20:30:00,260.00182890855285
NSW1,page_hinkley,daily_weekly_adjusted,1724,51719,2023-02-11 11:30:00,-1157.064587020649
NSW1,page_hinkley,daily_weekly_adjusted,1725,51749,2023-02-12 02:30:00,-9.274345238094611
NSW1,page_hinkley,daily_weekly_adjusted,1726,51779,2023-02-12 17:30:00,446.3205654761896
NSW1,page_hinkley,daily_weekly_adjusted,1727,51809,2023-02-13 08:30:00,-705.7844247787607
NSW1,page_hinkley,daily_weekly_adjusted,1728,51839,2023-02-13 23:30:00,-507.4427433628325
NSW1,page_hinkley,daily_weekly_adjusted,1729,51869,2023-02-14 14:30:00,-1105.9264749262538
NSW1,page_hinkley,daily_weekly_adjusted,1730,51899,2023-02-15 05:30:00,22.744365781711167
NSW1,page_hinkley,daily_weekly_adjusted,1731,51929,2023-02-15 20:30:00,-437.2100884955744
NSW1,page_hinkley,daily_weekly_adjusted,1732,51959,2023-02-16 11:30:00,-1830.9742625368726
NSW1,page_hinkley,daily_weekly_adjusted,1733,51989,2023-02-17 02:30:00,-169.17159292035376
NSW1,page_hinkley,daily_weekly_adjusted,1734,52019,2023-02-17 17:30:00,1401.2141297935104
NSW1,page_hinkley,daily_weekly_adjusted,1735,52049,2023-02-18 08:30:00,-857.7707522123892
NSW1,page_hinkley,daily_weekly_adjusted,1736,52079,2023-02-18 23:30:00,-298.81309734513343
NSW1,page_hinkley,daily_weekly_adjusted,1737,52109,2023-02-19 14:30:00,-103.48437499999909
NSW1,page_hinkley,daily_weekly_adjusted,1738,52139,2023-02-20 05:30:00,567.7275958702066
NSW1,page_hinkley,daily_weekly_adjusted,1739,52169,2023-02-20 20:30:00,782.8212979351028
NSW1,page_hinkley,daily_weekly_adjusted,1740,52199,2023-02-21 11:30:00,-319.26902654867354
NSW1,page_hinkley,daily_weekly_adjusted,1741,52229,2023-02-22 02:30:00,-203.00539823008876
NSW1,page_hinkley,daily_weekly_adjusted,1742,52259,2023-02-22 17:30:00,-947.415589970502
NSW1,page_hinkley,daily_weekly_adjusted,1743,52289,2023-02-23 08:30:00,-950.2951769911506
NSW1,page_hinkley,daily_weekly_adjusted,1744,52319,2023-02-23 23:30:00,-536.426592920353
NSW1,page_hinkley,daily_weekly_adjusted,1745,52349,2023-02-24 14:30:00,-1872.7355162241902
NSW1,page_hinkley,daily_weekly_adjusted,1746,52379,2023-02-25 05:30:00,22.15958702064927
NSW1,page_hinkley,daily_weekly_adjusted,1747,52409,2023-02-25 20:30:00,-367.8518584070789
NSW1,page_hinkley,daily_weekly_adjusted,1748,52439,2023-02-26 11:30:00,-1907.6662499999993
NSW1,page_hinkley,daily_weekly_adjusted,1749,52469,2023-02-27 02:30:00,13.255309734514412
NSW1,page_hinkley,daily_weekly_adjusted,1750,52499,2023-02-27 17:30:00,302.4141002949855
NSW1,page_hinkley,daily_weekly_adjusted,1751,52529,2023-02-28 08:30:00,-689.2339823008851
NSW1,page_hinkley,daily_weekly_adjusted,1752,52559,2023-02-28 23:30:00,-99.98650442477901
NSW1,page_hinkley,daily_weekly_adjusted,1753,52589,2023-03-01 14:30:00,-613.840752212388
NSW1,page_hinkley,daily_weekly_adjusted,1754,52619,2023-03-02 05:30:00,234.2927876106187
NSW1,page_hinkley,daily_weekly_adjusted,1755,52649,2023-03-02 20:30:00,-296.27691740412774
NSW1,page_hinkley,daily_weekly_adjusted,1756,52679,2023-03-03 11:30:00,-1061.405324483775
NSW1,page_hinkley,daily_weekly_adjusted,1757,52709,2023-03-04 02:30:00,-314.0590707964611
NSW1,page_hinkley,daily_weekly_adjusted,1758,52739,2023-03-04 17:30:00,-310.7873008849565
NSW1,page_hinkley,daily_weekly_adjusted,1759,52769,2023-03-05 08:30:00,-1302.542470238096
NSW1,page_hinkley,daily_weekly_adjusted,1760,52799,2023-03-05 23:30:00,8.139166666666824
NSW1,page_hinkley,daily_weekly_adjusted,1761,52829,2023-03-06 14:30:00,1836.0787463126853
NSW1,page_hinkley,daily_weekly_adjusted,1762,52859,2023-03-07 05:30:00,503.9522123893812
NSW1,page_hinkley,daily_weekly_adjusted,1763,52889,2023-03-07 20:30:00,814.5596312684374
NSW1,page_hinkley,daily_weekly_adjusted,1764,52919,2023-03-08 11:30:00,-1678.4244100294982
NSW1,page_hinkley,daily_weekly_adjusted,1765,52949,2023-03-09 02:30:00,-399.83483775811146
NSW1,page_hinkley,daily_weekly_adjusted,1766,52979,2023-03-09 17:30:00,-476.2802507374636
NSW1,page_hinkley,daily_weekly_adjusted,1767,53009,2023-03-10 08:30:00,-1442.7131710914455
NSW1,page_hinkley,daily_weekly_adjusted,1768,53039,2023-03-10 23:30:00,-398.3697197640122
NSW1,page_hinkley,daily_weekly_adjusted,1769,53069,2023-03-11 14:30:00,-110.40452802359869
NSW1,page_hinkley,daily_weekly_adjusted,1770,53099,2023-03-12 05:30:00,262.19782738095273
NSW1,page_hinkley,daily_weekly_adjusted,1771,53129,2023-03-12 20:30:00,-519.2725
NSW1,page_hinkley,daily_weekly_adjusted,1772,53159,2023-03-13 11:30:00,-880.2934365781703
NSW1,page_hinkley,daily_weekly_adjusted,1773,53189,2023-03-14 02:30:00,-387.39774336283244
NSW1,page_hinkley,daily_weekly_adjusted,1774,53219,2023-03-14 17:30:00,-731.0252949852493
NSW1,page_hinkley,daily_weekly_adjusted,1775,53249,2023-03-15 08:30:00,-1090.81948377581
NSW1,page_hinkley,daily_weekly_adjusted,1776,53279,2023-03-15 23:30:00,-152.32977876106088
NSW1,page_hinkley,daily_weekly_adjusted,1777,53309,2023-03-16 14:30:00,796.9517699115058
NSW1,page_hinkley,daily_weekly_adjusted,1778,53339,2023-03-17 05:30:00,274.85647492625503
NSW1,page_hinkley,daily_weekly_adjusted,1779,53369,2023-03-17 20:30:00,168.98182890855423
NSW1,page_hinkley,daily_weekly_adjusted,1780,53399,2023-03-18 11:30:00,-1096.402920353983
NSW1,page_hinkley,daily_weekly_adjusted,1781,53429,2023-03-19 02:30:00,142.17898809523922
NSW1,page_hinkley,daily_weekly_adjusted,1782,53459,2023-03-19 17:30:00,3375.177232142856
NSW1,page_hinkley,daily_weekly_adjusted,1783,53489,2023-03-20 08:30:00,176.56224188790657
NSW1,page_hinkley,daily_weekly_adjusted,1784,53519,2023-03-20 23:30:00,-596.5910766961651
NSW1,page_hinkley,daily_weekly_adjusted,1785,53549,2023-03-21 14:30:00,-797.0514749262538
NSW1,page_hinkley,daily_weekly_adjusted,1786,53579,2023-03-22 05:30:00,-7.42396755162099
NSW1,page_hinkley,daily_weekly_adjusted,1787,53609,2023-03-22 20:30:00,-880.4684218289076
NSW1,page_hinkley,daily_weekly_adjusted,1788,53639,2023-03-23 11:30:00,-223.42426253687336
NSW1,page_hinkley,daily_weekly_adjusted,1789,53669,2023-03-24 02:30:00,-483.52325958702113
NSW1,page_hinkley,daily_weekly_adjusted,1790,53699,2023-03-24 17:30:00,-692.6908702064902
NSW1,page_hinkley,daily_weekly_adjusted,1791,53729,2023-03-25 08:30:00,-444.85908554572234
NSW1,page_hinkley,daily_weekly_adjusted,1792,53759,2023-03-25 23:30:00,-733.6097640117996
NSW1,page_hinkley,daily_weekly_adjusted,1793,53789,2023-03-26 14:30:00,-800.0893749999987
NSW1,page_hinkley,daily_weekly_adjusted,1794,53819,2023-03-27 05:30:00,45.92426253687336
NSW1,page_hinkley,daily_weekly_adjusted,1795,53849,2023-03-27 20:30:00,-820.4920353982297
NSW1,page_hinkley,daily_weekly_adjusted,1796,53879,2023-03-28 11:30:00,-502.6373598820064
NSW1,page_hinkley,daily_weekly_adjusted,1797,53909,2023-03-29 02:30:00,-365.6420648967551
NSW1,page_hinkley,daily_weekly_adjusted,1798,53939,2023-03-29 17:30:00,-663.4355899705024
NSW1,page_hinkley,daily_weekly_adjusted,1799,53969,2023-03-30 08:30:00,-1740.2135103244846
NSW1,page_hinkley,daily_weekly_adjusted,1800,53999,2023-03-30 23:30:00,-777.5099262536878
NSW1,page_hinkley,daily_weekly_adjusted,1801,54029,2023-03-31 14:30:00,-2764.55551622419
NSW1,page_hinkley,daily_weekly_adjusted,1802,54059,2023-04-01 05:30:00,-228.09207964601774
NSW1,page_hinkley,daily_weekly_adjusted,1803,54089,2023-04-01 20:30:00,-1086.7485250737464
NSW1,page_hinkley,daily_weekly_adjusted,1804,54119,2023-04-02 11:30:00,-1356.4945833333322
NSW1,page_hinkley,daily_weekly_adjusted,1805,54149,2023-04-03 02:30:00,-389.84469026548595
NSW1,page_hinkley,daily_weekly_adjusted,1806,54179,2023-04-03 17:30:00,-942.5325663716812
NSW1,page_hinkley,daily_weekly_adjusted,1807,54209,2023-04-04 08:30:00,-1453.182315634218
NSW1,page_hinkley,daily_weekly_adjusted,1808,54239,2023-04-04 23:30:00,-574.8415044247786
NSW1,page_hinkley,daily_weekly_adjusted,1809,54269,2023-04-05 14:30:00,-1826.9407522123884
NSW1,page_hinkley,daily_weekly_adjusted,1810,54299,2023-04-06 05:30:00,-727.6788790560477
NSW1,page_hinkley,daily_weekly_adjusted,1811,54329,2023-04-06 20:30:00,-1146.8119174041294
NSW1,page_hinkley,daily_weekly_adjusted,1812,54359,2023-04-07 11:30:00,-1736.0069911504415
NSW1,page_hinkley,daily_weekly_adjusted,1813,54389,2023-04-08 02:30:00,-600.1574041297936
NSW1,page_hinkley,daily_weekly_adjusted,1814,54419,2023-04-08 17:30:00,-1230.6306342182897
NSW1,page_hinkley,daily_weekly_adjusted,1815,54449,2023-04-09 08:30:00,-2017.2291369047616
NSW1,page_hinkley,daily_weekly_adjusted,1816,54479,2023-04-09 23:30:00,-623.3324999999995
NSW1,page_hinkley,daily_weekly_adjusted,1817,54509,2023-04-10 14:30:00,-3426.4662536873157
NSW1,page_hinkley,daily_weekly_adjusted,1818,54539,2023-04-11 05:30:00,-715.686120943953
NSW1,page_hinkley,daily_weekly_adjusted,1819,54569,2023-04-11 20:30:00,-869.1687020648951
NSW1,page_hinkley,daily_weekly_adjusted,1820,54599,2023-04-12 11:30:00,-1557.8494100294984
NSW1,page_hinkley,daily_weekly_adjusted,1821,54629,2023-04-13 02:30:00,-70.37817109144635
NSW1,page_hinkley,daily_weekly_adjusted,1822,54659,2023-04-13 17:30:00,-875.7102507374639
NSW1,page_hinkley,daily_weekly_adjusted,1823,54689,2023-04-14 08:30:00,-1385.3915044247788
NSW1,page_hinkley,daily_weekly_adjusted,1824,54719,2023-04-14 23:30:00,-508.1280530973445
NSW1,page_hinkley,daily_weekly_adjusted,1825,54749,2023-04-15 14:30:00,-2218.662861356932
NSW1,page_hinkley,daily_weekly_adjusted,1826,54779,2023-04-16 05:30:00,-561.2588392857133
NSW1,page_hinkley,daily_weekly_adjusted,1827,54809,2023-04-16 20:30:00,-806.4691666666668
NSW1,page_hinkley,daily_weekly_adjusted,1828,54839,2023-04-17 11:30:00,-2159.240103244839
NSW1,page_hinkley,daily_weekly_adjusted,1829,54869,2023-04-18 02:30:00,-106.53107669616475
NSW1,page_hinkley,daily_weekly_adjusted,1830,54899,2023-04-18 17:30:00,-957.8402949852498
NSW1,page_hinkley,daily_weekly_adjusted,1831,54929,2023-04-19 08:30:00,-1515.647817109144
NSW1,page_hinkley,daily_weekly_adjusted,1832,54959,2023-04-19 23:30:00,-320.86311209439555
NSW1,page_hinkley,daily_weekly_adjusted,1833,54989,2023-04-20 14:30:00,-801.2298967551624
NSW1,page_hinkley,daily_weekly_adjusted,1834,55019,2023-04-21 05:30:00,-506.8385250737465
NSW1,page_hinkley,daily_weekly_adjusted,1835,55049,2023-04-21 20:30:00,-652.5548377581126
NSW1,page_hinkley,daily_weekly_adjusted,1836,55079,2023-04-22 11:30:00,-1248.8679203539832
NSW1,page_hinkley,daily_weekly_adjusted,1837,55109,2023-04-23 02:30:00,-106.62101190476187
NSW1,page_hinkley,daily_weekly_adjusted,1838,55139,2023-04-23 17:30:00,-555.0944345238095
NSW1,page_hinkley,daily_weekly_adjusted,1839,55169,2023-04-24 08:30:00,-1438.1760914454271
NSW1,page_hinkley,daily_weekly_adjusted,1840,55199,2023-04-24 23:30:00,-330.20441002949883
NSW1,page_hinkley,daily_weekly_adjusted,1841,55229,2023-04-25 14:30:00,-2899.019808259586
NSW1,page_hinkley,daily_weekly_adjusted,1842,55259,2023-04-26 05:30:00,-719.6273008849548
NSW1,page_hinkley,daily_weekly_adjusted,1843,55289,2023-04-26 20:30:00,-756.115088495575
NSW1,page_hinkley,daily_weekly_adjusted,1844,55319,2023-04-27 11:30:00,-2403.899262536873
NSW1,page_hinkley,daily_weekly_adjusted,1845,55349,2023-04-28 02:30:00,-252.42325958702077
NSW1,page_hinkley,daily_weekly_adjusted,1846,55379,2023-04-28 17:30:00,-508.40920353982256
NSW1,page_hinkley,daily_weekly_adjusted,1847,55409,2023-04-29 08:30:00,-520.6440855457222
NSW1,page_hinkley,daily_weekly_adjusted,1848,55439,2023-04-29 23:30:00,-177.12476401179993
NSW1,page_hinkley,daily_weekly_adjusted,1849,55469,2023-04-30 14:30:00,-1137.3293749999993
NSW1,page_hinkley,daily_weekly_adjusted,1850,55499,2023-05-01 05:30:00,-365.3690707964597
NSW1,page_hinkley,daily_weekly_adjusted,1851,55529,2023-05-01 20:30:00,-131.57536873156278
NSW1,page_hinkley,daily_weekly_adjusted,1852,55559,2023-05-02 11:30:00,-2453.950693215339
NSW1,page_hinkley,daily_weekly_adjusted,1853,55589,2023-05-03 02:30:00,-127.85206489675511
NSW1,page_hinkley,daily_weekly_adjusted,1854,55619,2023-05-03 17:30:00,-448.5655899705016
NSW1,page_hinkley,daily_weekly_adjusted,1855,55649,2023-05-04 08:30:00,-758.5535103244847
NSW1,page_hinkley,daily_weekly_adjusted,1856,55679,2023-05-04 23:30:00,68.93840707964591
NSW1,page_hinkley,daily_weekly_adjusted,1857,55709,2023-05-05 14:30:00,-2228.73551622419
NSW1,page_hinkley,daily_weekly_adjusted,1858,55739,2023-05-06 05:30:00,23.842920353982663
NSW1,page_hinkley,daily_weekly_adjusted,1859,55769,2023-05-06 20:30:00,-90.07685840707927
NSW1,page_hinkley,daily_weekly_adjusted,1860,55799,2023-05-07 11:30:00,210.54374999999982
NSW1,page_hinkley,daily_weekly_adjusted,1861,55829,2023-05-08 02:30:00,541.1819764011807
NSW1,page_hinkley,daily_weekly_adjusted,1862,55859,2023-05-08 17:30:00,672.8091002949859
NSW1,page_hinkley,daily_weekly_adjusted,1863,55889,2023-05-09 08:30:00,440.1126843657821
NSW1,page_hinkley,daily_weekly_adjusted,1864,55919,2023-05-09 23:30:00,609.3134955752212
NSW1,page_hinkley,daily_weekly_adjusted,1865,55949,2023-05-10 14:30:00,-1815.9124188790547
NSW1,page_hinkley,daily_weekly_adjusted,1866,55979,2023-05-11 05:30:00,116.74778761061862
NSW1,page_hinkley,daily_weekly_adjusted,1867,56009,2023-05-11 20:30:00,371.3264159292048
NSW1,page_hinkley,daily_weekly_adjusted,1868,56039,2023-05-12 11:30:00,-2126.8486578171087
NSW1,page_hinkley,daily_weekly_adjusted,1869,56069,2023-05-13 02:30:00,421.86592920353996
NSW1,page_hinkley,daily_weekly_adjusted,1870,56099,2023-05-13 17:30:00,216.3276991150433
NSW1,page_hinkley,daily_weekly_adjusted,1871,56129,2023-05-14 08:30:00,-14.445803571428769
NSW1,page_hinkley,daily_weekly_adjusted,1872,56159,2023-05-14 23:30:00,223.47583333333296
NSW1,page_hinkley,daily_weekly_adjusted,1873,56189,2023-05-15 14:30:00,-1149.9912536873153
NSW1,page_hinkley,daily_weekly_adjusted,1874,56219,2023-05-16 05:30:00,-25.649454277286168
NSW1,page_hinkley,daily_weekly_adjusted,1875,56249,2023-05-16 20:30:00,286.667964601771
NSW1,page_hinkley,daily_weekly_adjusted,1876,56279,2023-05-17 11:30:00,-978.0327433628318
NSW1,page_hinkley,daily_weekly_adjusted,1877,56309,2023-05-18 02:30:00,575.9868289085543
NSW1,page_hinkley,daily_weekly_adjusted,1878,56339,2023-05-18 17:30:00,814.0664159292028
NSW1,page_hinkley,daily_weekly_adjusted,1879,56369,2023-05-19 08:30:00,846.8934955752211
NSW1,page_hinkley,daily_weekly_adjusted,1880,56399,2023-05-19 23:30:00,876.845280235988
NSW1,page_hinkley,daily_weekly_adjusted,1881,56429,2023-05-20 14:30:00,-1095.3261946902649
NSW1,page_hinkley,daily_weekly_adjusted,1882,56459,2023-05-21 05:30:00,344.8211607142857
NSW1,page_hinkley,daily_weekly_adjusted,1883,56489,2023-05-21 20:30:00,966.067500000001
NSW1,page_hinkley,daily_weekly_adjusted,1884,56519,2023-05-22 11:30:00,-1327.3067699115045
NSW1,page_hinkley,daily_weekly_adjusted,1885,56549,2023-05-23 02:30:00,839.8122566371685
NSW1,page_hinkley,daily_weekly_adjusted,1886,56579,2023-05-23 17:30:00,740.7430383480842
NSW1,page_hinkley,daily_weekly_adjusted,1887,56609,2023-05-24 08:30:00,1281.6638495575226
NSW1,page_hinkley,daily_weekly_adjusted,1888,56639,2023-05-24 23:30:00,843.908554572271
NSW1,page_hinkley,daily_weekly_adjusted,1889,56669,2023-05-25 14:30:00,-387.3898967551622
NSW1,page_hinkley,daily_weekly_adjusted,1890,56699,2023-05-26 05:30:00,111.04480825958763
NSW1,page_hinkley,daily_weekly_adjusted,1891,56729,2023-05-26 20:30:00,1481.8101622418872
NSW1,page_hinkley,daily_weekly_adjusted,1892,56759,2023-05-27 11:30:00,-963.6229203539833
NSW1,page_hinkley,daily_weekly_adjusted,1893,56789,2023-05-28 02:30:00,857.0256547619047
NSW1,page_hinkley,daily_weekly_adjusted,1894,56819,2023-05-28 17:30:00,1765.6105654761905
NSW1,page_hinkley,daily_weekly_adjusted,1895,56849,2023-05-29 08:30:00,952.1855752212396
NSW1,page_hinkley,daily_weekly_adjusted,1896,56879,2023-05-29 23:30:00,652.7122566371672
NSW1,page_hinkley,daily_weekly_adjusted,1897,56909,2023-05-30 14:30:00,-1516.21814159292
NSW1,page_hinkley,daily_weekly_adjusted,1898,56939,2023-05-31 05:30:00,142.5826991150443
NSW1,page_hinkley,daily_weekly_adjusted,1899,56969,2023-05-31 20:30:00,552.138244837759
NSW1,page_hinkley,daily_weekly_adjusted,1900,56999,2023-06-01 11:30:00,-621.5442625368732
NSW1,page_hinkley,daily_weekly_adjusted,1901,57029,2023-06-02 02:30:00,596.1717404129786
NSW1,page_hinkley,daily_weekly_adjusted,1902,57059,2023-06-02 17:30:00,279.5507964601784
NSW1,page_hinkley,daily_weekly_adjusted,1903,57089,2023-06-03 08:30:00,167.00424778760953
NSW1,page_hinkley,daily_weekly_adjusted,1904,57119,2023-06-03 23:30:00,76.32023598819978
NSW1,page_hinkley,daily_weekly_adjusted,1905,57149,2023-06-04 14:30:00,26.507291666666788
NSW1,page_hinkley,daily_weekly_adjusted,1906,57179,2023-06-05 05:30:00,-255.44073746312642
NSW1,page_hinkley,daily_weekly_adjusted,1907,57209,2023-06-05 20:30:00,367.6179646017699
NSW1,page_hinkley,daily_weekly_adjusted,1908,57239,2023-06-06 11:30:00,-604.6806932153404
NSW1,page_hinkley,daily_weekly_adjusted,1909,57269,2023-06-07 02:30:00,356.6512684365789
NSW1,page_hinkley,daily_weekly_adjusted,1910,57299,2023-06-07 17:30:00,275.78107669616475
NSW1,page_hinkley,daily_weekly_adjusted,1911,57329,2023-06-08 08:30:00,356.21482300884963
NSW1,page_hinkley,daily_weekly_adjusted,1912,57359,2023-06-08 23:30:00,457.65174041297905
NSW1,page_hinkley,daily_weekly_adjusted,1913,57389,2023-06-09 14:30:00,-1497.0738495575233
NSW1,page_hinkley,daily_weekly_adjusted,1914,57419,2023-06-10 05:30:00,427.4995870206494
NSW1,page_hinkley,daily_weekly_adjusted,1915,57449,2023-06-10 20:30:00,1153.1798082595888
NSW1,page_hinkley,daily_weekly_adjusted,1916,57479,2023-06-11 11:30:00,-1106.532916666666
NSW1,page_hinkley,daily_weekly_adjusted,1917,57509,2023-06-12 02:30:00,747.4669764011805
NSW1,page_hinkley,daily_weekly_adjusted,1918,57539,2023-06-12 17:30:00,750.5924336283188
NSW1,page_hinkley,daily_weekly_adjusted,1919,57569,2023-06-13 08:30:00,805.5526843657808
NSW1,page_hinkley,daily_weekly_adjusted,1920,57599,2023-06-13 23:30:00,548.6951622418874
NSW1,page_hinkley,daily_weekly_adjusted,1921,57629,2023-06-14 14:30:00,-1310.4274188790541
NSW1,page_hinkley,daily_weekly_adjusted,1922,57659,2023-06-15 05:30:00,463.63612094395194
NSW1,page_hinkley,daily_weekly_adjusted,1923,57689,2023-06-15 20:30:00,1622.6164159292039
NSW1,page_hinkley,daily_weekly_adjusted,1924,57719,2023-06-16 11:30:00,-1105.783657817109
NSW1,page_hinkley,daily_weekly_adjusted,1925,57749,2023-06-17 02:30:00,930.7992625368724
NSW1,page_hinkley,daily_weekly_adjusted,1926,57779,2023-06-17 17:30:00,1078.026032448377
NSW1,page_hinkley,daily_weekly_adjusted,1927,57809,2023-06-18 08:30:00,1077.049196428572
NSW1,page_hinkley,daily_weekly_adjusted,1928,57839,2023-06-18 23:30:00,1040.9275000000016
NSW1,page_hinkley,daily_weekly_adjusted,1929,57869,2023-06-19 14:30:00,-633.3662536873162
NSW1,page_hinkley,daily_weekly_adjusted,1930,57899,2023-06-20 05:30:00,988.3705457227143
NSW1,page_hinkley,daily_weekly_adjusted,1931,57929,2023-06-20 20:30:00,2902.2662979351044
NSW1,page_hinkley,daily_weekly_adjusted,1932,57959,2023-06-21 11:30:00,-96.0677433628316
NSW1,page_hinkley,daily_weekly_adjusted,1933,57989,2023-06-22 02:30:00,1222.220162241888
NSW1,page_hinkley,daily_weekly_adjusted,1934,58019,2023-06-22 17:30:00,2652.99808259587
NSW1,page_hinkley,daily_weekly_adjusted,1935,58049,2023-06-23 08:30:00,1488.3168289085552
NSW1,page_hinkley,daily_weekly_adjusted,1936,58079,2023-06-23 23:30:00,970.5319469026545
NSW1,page_hinkley,daily_weekly_adjusted,1937,58109,2023-06-24 14:30:00,-1370.8595280235986
NSW1,page_hinkley,daily_weekly_adjusted,1938,58139,2023-06-25 05:30:00,738.5494940476192
NSW1,page_hinkley,daily_weekly_adjusted,1939,58169,2023-06-25 20:30:00,1317.859166666667
NSW1,page_hinkley,daily_weekly_adjusted,1940,58199,2023-06-26 11:30:00,-1161.4601032448381
NSW1,page_hinkley,daily_weekly_adjusted,1941,58229,2023-06-27 02:30:00,736.1189233038358
NSW1,page_hinkley,daily_weekly_adjusted,1942,58259,2023-06-27 17:30:00,1184.646371681416
NSW1,page_hinkley,daily_weekly_adjusted,1943,58289,2023-06-28 08:30:00,1722.6538495575223
NSW1,page_hinkley,daily_weekly_adjusted,1944,58319,2023-06-28 23:30:00,1157.780221238937
NSW1,page_hinkley,daily_weekly_adjusted,1945,58349,2023-06-29 14:30:00,-900.7748967551615
NSW1,page_hinkley,daily_weekly_adjusted,1946,58379,2023-06-30 05:30:00,688.8831415929208
NSW1,page_hinkley,daily_weekly_adjusted,1947,58409,2023-06-30 20:30:00,1620.100162241888
NSW1,page_hinkley,daily_weekly_adjusted,1948,58439,2023-07-01 11:30:00,-823.1312536873156
NSW1,page_hinkley,daily_weekly_adjusted,1949,58469,2023-07-02 02:30:00,1028.4906547619048
NSW1,page_hinkley,daily_weekly_adjusted,1950,58499,2023-07-02 17:30:00,1455.2355654761905
NSW1,page_hinkley,daily_weekly_adjusted,1951,58529,2023-07-03 08:30:00,1468.0839085545722
NSW1,page_hinkley,daily_weekly_adjusted,1952,58559,2023-07-03 23:30:00,718.0205899705015
NSW1,page_hinkley,daily_weekly_adjusted,1953,58589,2023-07-04 14:30:00,1004.1551917404122
NSW1,page_hinkley,daily_weekly_adjusted,1954,58619,2023-07-05 05:30:00,-12.635634218288942
NSW1,page_hinkley,daily_weekly_adjusted,1955,58649,2023-07-05 20:30:00,535.2965781710918
NSW1,page_hinkley,daily_weekly_adjusted,1956,58679,2023-07-06 11:30:00,-974.7642625368726
NSW1,page_hinkley,daily_weekly_adjusted,1957,58709,2023-07-07 02:30:00,574.5084070796465
NSW1,page_hinkley,daily_weekly_adjusted,1958,58739,2023-07-07 17:30:00,747.0007964601773
NSW1,page_hinkley,daily_weekly_adjusted,1959,58769,2023-07-08 08:30:00,526.9542477876112
NSW1,page_hinkley,daily_weekly_adjusted,1960,58799,2023-07-08 23:30:00,629.3919026548674
NSW1,page_hinkley,daily_weekly_adjusted,1961,58829,2023-07-09 14:30:00,-1481.1143749999992
NSW1,page_hinkley,daily_weekly_adjusted,1962,58859,2023-07-10 05:30:00,43.2059292035392
NSW1,page_hinkley,daily_weekly_adjusted,1963,58889,2023-07-10 20:30:00,1021.4179646017692
NSW1,page_hinkley,daily_weekly_adjusted,1964,58919,2023-07-11 11:30:00,-1315.0423598820062
NSW1,page_hinkley,daily_weekly_adjusted,1965,58949,2023-07-12 02:30:00,812.3462684365786
NSW1,page_hinkley,daily_weekly_adjusted,1966,58979,2023-07-12 17:30:00,586.211076696165
NSW1,page_hinkley,daily_weekly_adjusted,1967,59009,2023-07-13 08:30:00,1136.7831563421823
NSW1,page_hinkley,daily_weekly_adjusted,1968,59039,2023-07-13 23:30:00,895.8267404129801
NSW1,page_hinkley,daily_weekly_adjusted,1969,59069,2023-07-14 14:30:00,-1893.603849557523
NSW1,page_hinkley,daily_weekly_adjusted,1970,59099,2023-07-15 05:30:00,269.03292035398226
NSW1,page_hinkley,daily_weekly_adjusted,1971,59129,2023-07-15 20:30:00,190.5298082595873
NSW1,page_hinkley,daily_weekly_adjusted,1972,59159,2023-07-16 11:30:00,-243.7212499999996
NSW1,page_hinkley,daily_weekly_adjusted,1973,59189,2023-07-17 02:30:00,441.3769764011804
NSW1,page_hinkley,daily_weekly_adjusted,1974,59219,2023-07-17 17:30:00,301.015766961651
NSW1,page_hinkley,daily_weekly_adjusted,1975,59249,2023-07-18 08:30:00,848.9993510324475
NSW1,page_hinkley,daily_weekly_adjusted,1976,59279,2023-07-18 23:30:00,562.8184955752222
NSW1,page_hinkley,daily_weekly_adjusted,1977,59309,2023-07-19 14:30:00,-1749.262418879055
NSW1,page_hinkley,daily_weekly_adjusted,1978,59339,2023-07-20 05:30:00,925.1561209439515
NSW1,page_hinkley,daily_weekly_adjusted,1979,59369,2023-07-20 20:30:00,1786.624749262537
NSW1,page_hinkley,daily_weekly_adjusted,1980,59399,2023-07-21 11:30:00,-122.46365781710847
NSW1,page_hinkley,daily_weekly_adjusted,1981,59429,2023-07-22 02:30:00,1015.9725958702065
NSW1,page_hinkley,daily_weekly_adjusted,1982,59459,2023-07-22 17:30:00,1030.4193657817104
NSW1,page_hinkley,daily_weekly_adjusted,1983,59489,2023-07-23 08:30:00,1368.1958630952377
NSW1,page_hinkley,daily_weekly_adjusted,1984,59519,2023-07-23 23:30:00,1012.7208333333328
NSW1,page_hinkley,daily_weekly_adjusted,1985,59549,2023-07-24 14:30:00,-820.1012536873159
NSW1,page_hinkley,daily_weekly_adjusted,1986,59579,2023-07-25 05:30:00,740.8688790560473
NSW1,page_hinkley,daily_weekly_adjusted,1987,59609,2023-07-25 20:30:00,1360.2329646017697
NSW1,page_hinkley,daily_weekly_adjusted,1988,59639,2023-07-26 11:30:00,-1445.881076696166
NSW1,page_hinkley,daily_weekly_adjusted,1989,59669,2023-07-27 02:30:00,916.3634955752214
NSW1,page_hinkley,daily_weekly_adjusted,1990,59699,2023-07-27 17:30:00,129.29308259587015
NSW1,page_hinkley,daily_weekly_adjusted,1991,59729,2023-07-28 08:30:00,999.9384955752212
NSW1,page_hinkley,daily_weekly_adjusted,1992,59759,2023-07-28 23:30:00,318.8652802359884
NSW1,page_hinkley,daily_weekly_adjusted,1993,59789,2023-07-29 14:30:00,-1420.7845280235979
NSW1,page_hinkley,daily_weekly_adjusted,1994,59819,2023-07-30 05:30:00,89.19116071428562
NSW1,page_hinkley,daily_weekly_adjusted,1995,59849,2023-07-30 20:30:00,-286.394166666666
NSW1,page_hinkley,daily_weekly_adjusted,1996,59879,2023-07-31 11:30:00,-2346.3117699115037
NSW1,page_hinkley,daily_weekly_adjusted,1997,59909,2023-08-01 02:30:00,355.84892330383536
NSW1,page_hinkley,daily_weekly_adjusted,1998,59939,2023-08-01 17:30:00,-232.5302949852503
NSW1,page_hinkley,daily_weekly_adjusted,1999,59969,2023-08-02 08:30:00,715.9055162241893
NSW1,page_hinkley,daily_weekly_adjusted,2000,59999,2023-08-02 23:30:00,632.9435545722727
NSW1,page_hinkley,daily_weekly_adjusted,2001,60029,2023-08-03 14:30:00,-2188.3665634218287
NSW1,page_hinkley,daily_weekly_adjusted,2002,60059,2023-08-04 05:30:00,213.44147492625416
NSW1,page_hinkley,daily_weekly_adjusted,2003,60089,2023-08-04 20:30:00,-42.801504424778614
NSW1,page_hinkley,daily_weekly_adjusted,2004,60119,2023-08-05 11:30:00,-542.2645870206497
NSW1,page_hinkley,daily_weekly_adjusted,2005,60149,2023-08-06 02:30:00,307.912321428571
NSW1,page_hinkley,daily_weekly_adjusted,2006,60179,2023-08-06 17:30:00,639.3638988095245
NSW1,page_hinkley,daily_weekly_adjusted,2007,60209,2023-08-07 08:30:00,714.073908554572
NSW1,page_hinkley,daily_weekly_adjusted,2008,60239,2023-08-07 23:30:00,719.9505899705018
NSW1,page_hinkley,daily_weekly_adjusted,2009,60269,2023-08-08 14:30:00,-1831.09814159292
NSW1,page_hinkley,daily_weekly_adjusted,2010,60299,2023-08-09 05:30:00,304.66269911504514
NSW1,page_hinkley,daily_weekly_adjusted,2011,60329,2023-08-09 20:30:00,646.8682448377585
NSW1,page_hinkley,daily_weekly_adjusted,2012,60359,2023-08-10 11:30:00,-2000.9309292035405
NSW1,page_hinkley,daily_weekly_adjusted,2013,60389,2023-08-11 02:30:00,558.5084070796465
NSW1,page_hinkley,daily_weekly_adjusted,2014,60419,2023-08-11 17:30:00,-235.97753687315526
NSW1,page_hinkley,daily_weekly_adjusted,2015,60449,2023-08-12 08:30:00,164.49424778761022
NSW1,page_hinkley,daily_weekly_adjusted,2016,60479,2023-08-12 23:30:00,428.34856932153343
NSW1,page_hinkley,daily_weekly_adjusted,2017,60509,2023-08-13 14:30:00,-76.15270833333307
NSW1,page_hinkley,daily_weekly_adjusted,2018,60539,2023-08-14 05:30:00,-21.14573746312726
NSW1,page_hinkley,daily_weekly_adjusted,2019,60569,2023-08-14 20:30:00,1077.6846312684356
NSW1,page_hinkley,daily_weekly_adjusted,2020,60599,2023-08-15 11:30:00,-1502.6990265486738
NSW1,page_hinkley,daily_weekly_adjusted,2021,60629,2023-08-16 02:30:00,752.6279351032454
NSW1,page_hinkley,daily_weekly_adjusted,2022,60659,2023-08-16 17:30:00,209.3094100294984
NSW1,page_hinkley,daily_weekly_adjusted,2023,60689,2023-08-17 08:30:00,673.5181563421829
NSW1,page_hinkley,daily_weekly_adjusted,2024,60719,2023-08-17 23:30:00,349.981740412979
NSW1,page_hinkley,daily_weekly_adjusted,2025,60749,2023-08-18 14:30:00,-2090.7521828908566
NSW1,page_hinkley,daily_weekly_adjusted,2026,60779,2023-08-19 05:30:00,389.3629203539831
NSW1,page_hinkley,daily_weekly_adjusted,2027,60809,2023-08-19 20:30:00,727.8081415929191
NSW1,page_hinkley,daily_weekly_adjusted,2028,60839,2023-08-20 11:30:00,-2344.074583333333
NSW1,page_hinkley,daily_weekly_adjusted,2029,60869,2023-08-21 02:30:00,356.8919764011807
NSW1,page_hinkley,daily_weekly_adjusted,2030,60899,2023-08-21 17:30:00,-564.9308997050157
NSW1,page_hinkley,daily_weekly_adjusted,2031,60929,2023-08-22 08:30:00,-237.3339823008846
NSW1,page_hinkley,daily_weekly_adjusted,2032,60959,2023-08-22 23:30:00,-19.64650442477887
NSW1,page_hinkley,daily_weekly_adjusted,2033,60989,2023-08-23 14:30:00,-1376.9340855457212
NSW1,page_hinkley,daily_weekly_adjusted,2034,61019,2023-08-24 05:30:00,10.552787610618907
NSW1,page_hinkley,daily_weekly_adjusted,2035,61049,2023-08-24 20:30:00,381.7497492625371
NSW1,page_hinkley,daily_weekly_adjusted,2036,61079,2023-08-25 11:30:00,-2578.981991150441
NSW1,page_hinkley,daily_weekly_adjusted,2037,61109,2023-08-26 02:30:00,485.869262536874
NSW1,page_hinkley,daily_weekly_adjusted,2038,61139,2023-08-26 17:30:00,-590.7906342182896
NSW1,page_hinkley,daily_weekly_adjusted,2039,61169,2023-08-27 08:30:00,-683.497470238095
NSW1,page_hinkley,daily_weekly_adjusted,2040,61199,2023-08-27 23:30:00,134.52583333333405
NSW1,page_hinkley,daily_weekly_adjusted,2041,61229,2023-08-28 14:30:00,-2220.4695870206488
NSW1,page_hinkley,daily_weekly_adjusted,2042,61259,2023-08-29 05:30:00,-72.08445427728566
NSW1,page_hinkley,daily_weekly_adjusted,2043,61289,2023-08-29 20:30:00,-288.94370206489657
NSW1,page_hinkley,daily_weekly_adjusted,2044,61319,2023-08-30 11:30:00,-2756.794410029498
NSW1,page_hinkley,daily_weekly_adjusted,2045,61349,2023-08-31 02:30:00,172.2584955752218
NSW1,page_hinkley,daily_weekly_adjusted,2046,61379,2023-08-31 17:30:00,-983.7035840707977
NSW1,page_hinkley,daily_weekly_adjusted,2047,61409,2023-09-01 08:30:00,-667.7448377581113
NSW1,page_hinkley,daily_weekly_adjusted,2048,61439,2023-09-01 23:30:00,426.8169469026543
NSW1,page_hinkley,daily_weekly_adjusted,2049,61469,2023-09-02 14:30:00,-2559.3145280235985
NSW1,page_hinkley,daily_weekly_adjusted,2050,61499,2023-09-03 05:30:00,140.2461607142859
NSW1,page_hinkley,daily_weekly_adjusted,2051,61529,2023-09-03 20:30:00,32.85750000000007
NSW1,page_hinkley,daily_weekly_adjusted,2052,61559,2023-09-04 11:30:00,-2683.5234365781716
NSW1,page_hinkley,daily_weekly_adjusted,2053,61589,2023-09-05 02:30:00,-101.86274336283077
NSW1,page_hinkley,daily_weekly_adjusted,2054,61619,2023-09-05 17:30:00,-1211.8902949852509
NSW1,page_hinkley,daily_weekly_adjusted,2055,61649,2023-09-06 08:30:00,-1157.439483775811
NSW1,page_hinkley,daily_weekly_adjusted,2056,61679,2023-09-06 23:30:00,85.44355457227175
NSW1,page_hinkley,daily_weekly_adjusted,2057,61709,2023-09-07 14:30:00,-2802.3465634218283
NSW1,page_hinkley,daily_weekly_adjusted,2058,61739,2023-09-08 05:30:00,-655.8785250737455
NSW1,page_hinkley,daily_weekly_adjusted,2059,61769,2023-09-08 20:30:00,153.40516224188832
NSW1,page_hinkley,daily_weekly_adjusted,2060,61799,2023-09-09 11:30:00,-3272.814587020649
NSW1,page_hinkley,daily_weekly_adjusted,2061,61829,2023-09-10 02:30:00,439.2356547619047
NSW1,page_hinkley,daily_weekly_adjusted,2062,61859,2023-09-10 17:30:00,-633.6261011904762
NSW1,page_hinkley,daily_weekly_adjusted,2063,61889,2023-09-11 08:30:00,-681.1127581120945
NSW1,page_hinkley,daily_weekly_adjusted,2064,61919,2023-09-11 23:30:00,190.6322566371673
NSW1,page_hinkley,daily_weekly_adjusted,2065,61949,2023-09-12 14:30:00,-2071.0281415929203
NSW1,page_hinkley,daily_weekly_adjusted,2066,61979,2023-09-13 05:30:00,-27.277300884955366
NSW1,page_hinkley,daily_weekly_adjusted,2067,62009,2023-09-13 20:30:00,-349.9650884955754
NSW1,page_hinkley,daily_weekly_adjusted,2068,62039,2023-09-14 11:30:00,-3177.6675958702062
NSW1,page_hinkley,daily_weekly_adjusted,2069,62069,2023-09-15 02:30:00,-163.17659292035387
NSW1,page_hinkley,daily_weekly_adjusted,2070,62099,2023-09-15 17:30:00,-1308.5425368731549
NSW1,page_hinkley,daily_weekly_adjusted,2071,62129,2023-09-16 08:30:00,-2275.9190855457227
NSW1,page_hinkley,daily_weekly_adjusted,2072,62159,2023-09-16 23:30:00,-582.0180973451334
NSW1,page_hinkley,daily_weekly_adjusted,2073,62189,2023-09-17 14:30:00,-2225.104374999999
NSW1,page_hinkley,daily_weekly_adjusted,2074,62219,2023-09-18 05:30:00,-736.7007374631266
NSW1,page_hinkley,daily_weekly_adjusted,2075,62249,2023-09-18 20:30:00,-590.3603687315626
NSW1,page_hinkley,daily_weekly_adjusted,2076,62279,2023-09-19 11:30:00,-2698.6323598820063
NSW1,page_hinkley,daily_weekly_adjusted,2077,62309,2023-09-20 02:30:00,-364.25039823008865
NSW1,page_hinkley,daily_weekly_adjusted,2078,62339,2023-09-20 17:30:00,504.92107669616416
NSW1,page_hinkley,daily_weekly_adjusted,2079,62369,2023-09-21 08:30:00,-2284.1385103244847
NSW1,page_hinkley,daily_weekly_adjusted,2080,62399,2023-09-21 23:30:00,-428.7415929203544
NSW1,page_hinkley,daily_weekly_adjusted,2081,62429,2023-09-22 14:30:00,-2687.55051622419
NSW1,page_hinkley,daily_weekly_adjusted,2082,62459,2023-09-23 05:30:00,-232.76874631268402
NSW1,page_hinkley,daily_weekly_adjusted,2083,62489,2023-09-23 20:30:00,-690.5818584070794
NSW1,page_hinkley,daily_weekly_adjusted,2084,62519,2023-09-24 11:30:00,-2573.0895833333334
NSW1,page_hinkley,daily_weekly_adjusted,2085,62549,2023-09-25 02:30:00,-143.931356932153
NSW1,page_hinkley,daily_weekly_adjusted,2086,62579,2023-09-25 17:30:00,-1369.9558997050153
NSW1,page_hinkley,daily_weekly_adjusted,2087,62609,2023-09-26 08:30:00,-2326.9989823008846
NSW1,page_hinkley,daily_weekly_adjusted,2088,62639,2023-09-26 23:30:00,-513.1698377581115
NSW1,page_hinkley,daily_weekly_adjusted,2089,62669,2023-09-27 14:30:00,-2243.927418879054
NSW1,page_hinkley,daily_weekly_adjusted,2090,62699,2023-09-28 05:30:00,-634.4605457227153
NSW1,page_hinkley,daily_weekly_adjusted,2091,62729,2023-09-28 20:30:00,-848.1485840707956
NSW1,page_hinkley,daily_weekly_adjusted,2092,62759,2023-09-29 11:30:00,-3356.603657817109
NSW1,page_hinkley,daily_weekly_adjusted,2093,62789,2023-09-30 02:30:00,-245.56407079646033
NSW1,page_hinkley,daily_weekly_adjusted,2094,62819,2023-09-30 17:30:00,-778.6889675516222
NSW1,page_hinkley,daily_weekly_adjusted,2095,62849,2023-10-01 08:30:00,-2209.454136904761
NSW1,page_hinkley,daily_weekly_adjusted,2096,62879,2023-10-01 23:30:00,-491.1125000000002
NSW1,page_hinkley,daily_weekly_adjusted,2097,62909,2023-10-02 14:30:00,-3433.3395870206487
NSW1,page_hinkley,daily_weekly_adjusted,2098,62939,2023-10-03 05:30:00,-495.76278761061894
NSW1,page_hinkley,daily_weekly_adjusted,2099,62969,2023-10-03 20:30:00,-621.6887020648956
NSW1,page_hinkley,daily_weekly_adjusted,2100,62999,2023-10-04 11:30:00,-716.379410029499
NSW1,page_hinkley,daily_weekly_adjusted,2101,63029,2023-10-05 02:30:00,-567.8665044247782
NSW1,page_hinkley,daily_weekly_adjusted,2102,63059,2023-10-05 17:30:00,-1641.1802507374641
NSW1,page_hinkley,daily_weekly_adjusted,2103,63089,2023-10-06 08:30:00,-2512.616504424778
NSW1,page_hinkley,daily_weekly_adjusted,2104,63119,2023-10-06 23:30:00,-686.8330530973444
NSW1,page_hinkley,daily_weekly_adjusted,2105,63149,2023-10-07 14:30:00,-3206.129528023598
NSW1,page_hinkley,daily_weekly_adjusted,2106,63179,2023-10-08 05:30:00,-147.12217261904698
NSW1,page_hinkley,daily_weekly_adjusted,2107,63209,2023-10-08 20:30:00,-960.4558333333325
NSW1,page_hinkley,daily_weekly_adjusted,2108,63239,2023-10-09 11:30:00,-3770.8867699115044
NSW1,page_hinkley,daily_weekly_adjusted,2109,63269,2023-10-10 02:30:00,-517.0510766961652
NSW1,page_hinkley,daily_weekly_adjusted,2110,63299,2023-10-10 17:30:00,-1473.6586283185834
NSW1,page_hinkley,daily_weekly_adjusted,2111,63329,2023-10-11 08:30:00,-2403.072817109144
NSW1,page_hinkley,daily_weekly_adjusted,2112,63359,2023-10-11 23:30:00,-850.9531120943957
NSW1,page_hinkley,daily_weekly_adjusted,2113,63389,2023-10-12 14:30:00,-2051.4815634218276
NSW1,page_hinkley,daily_weekly_adjusted,2114,63419,2023-10-13 05:30:00,-331.44352507374606
NSW1,page_hinkley,daily_weekly_adjusted,2115,63449,2023-10-13 20:30:00,-1199.5431710914445
NSW1,page_hinkley,daily_weekly_adjusted,2116,63479,2023-10-14 11:30:00,-3541.9645870206496
NSW1,page_hinkley,daily_weekly_adjusted,2117,63509,2023-10-15 02:30:00,-469.5060119047612
NSW1,page_hinkley,daily_weekly_adjusted,2118,63539,2023-10-15 17:30:00,-1048.8911011904775
NSW1,page_hinkley,daily_weekly_adjusted,2119,63569,2023-10-16 08:30:00,-2235.4510914454277
NSW1,page_hinkley,daily_weekly_adjusted,2120,63599,2023-10-16 23:30:00,-652.0710766961647
NSW1,page_hinkley,daily_weekly_adjusted,2121,63629,2023-10-17 14:30:00,-2966.5281415929203
NSW1,page_hinkley,daily_weekly_adjusted,2122,63659,2023-10-18 05:30:00,-9.625634218287814
NSW1,page_hinkley,daily_weekly_adjusted,2123,63689,2023-10-18 20:30:00,-1114.5534218289076
NSW1,page_hinkley,daily_weekly_adjusted,2124,63719,2023-10-19 11:30:00,-2620.1059292035397
NSW1,page_hinkley,daily_weekly_adjusted,2125,63749,2023-10-20 02:30:00,-557.6249262536876
NSW1,page_hinkley,daily_weekly_adjusted,2126,63779,2023-10-20 17:30:00,-1175.4525368731565
NSW1,page_hinkley,daily_weekly_adjusted,2127,63809,2023-10-21 08:30:00,-2371.5390855457226
NSW1,page_hinkley,daily_weekly_adjusted,2128,63839,2023-10-21 23:30:00,-801.6830973451333
NSW1,page_hinkley,daily_weekly_adjusted,2129,63869,2023-10-22 14:30:00,-2470.394374999999
NSW1,page_hinkley,daily_weekly_adjusted,2130,63899,2023-10-23 05:30:00,-222.13407079646095
NSW1,page_hinkley,daily_weekly_adjusted,2131,63929,2023-10-23 20:30:00,-1068.4170353982308
NSW1,page_hinkley,daily_weekly_adjusted,2132,63959,2023-10-24 11:30:00,-3393.5940265486724
NSW1,page_hinkley,daily_weekly_adjusted,2133,63989,2023-10-25 02:30:00,-464.3437315634219
NSW1,page_hinkley,daily_weekly_adjusted,2134,64019,2023-10-25 17:30:00,-1039.3572566371677
NSW1,page_hinkley,daily_weekly_adjusted,2135,64049,2023-10-26 08:30:00,-1706.7068436578174
NSW1,page_hinkley,daily_weekly_adjusted,2136,64079,2023-10-26 23:30:00,-629.6249262536867
NSW1,page_hinkley,daily_weekly_adjusted,2137,64109,2023-10-27 14:30:00,-2368.5838495575226
NSW1,page_hinkley,daily_weekly_adjusted,2138,64139,2023-10-28 05:30:00,-88.66707964601756
NSW1,page_hinkley,daily_weekly_adjusted,2139,64169,2023-10-28 20:30:00,-873.5368584070793
NSW1,page_hinkley,daily_weekly_adjusted,2140,64199,2023-10-29 11:30:00,-3525.7395833333326
NSW1,page_hinkley,daily_weekly_adjusted,2141,64229,2023-10-30 02:30:00,-521.01802359882
NSW1,page_hinkley,daily_weekly_adjusted,2142,64259,2023-10-30 17:30:00,-510.04256637168146
NSW1,page_hinkley,daily_weekly_adjusted,2143,64289,2023-10-31 08:30:00,-2493.4573156342185
NSW1,page_hinkley,daily_weekly_adjusted,2144,64319,2023-10-31 23:30:00,-654.3065044247787
NSW1,page_hinkley,daily_weekly_adjusted,2145,64349,2023-11-01 14:30:00,-2945.3674188790546
NSW1,page_hinkley,daily_weekly_adjusted,2146,64379,2023-11-02 05:30:00,-111.95554572271521
NSW1,page_hinkley,daily_weekly_adjusted,2147,64409,2023-11-02 20:30:00,-1203.5302507374627
NSW1,page_hinkley,daily_weekly_adjusted,2148,64439,2023-11-03 11:30:00,-2429.2986578171085
NSW1,page_hinkley,daily_weekly_adjusted,2149,64469,2023-11-04 02:30:00,-620.7607374631261
NSW1,page_hinkley,daily_weekly_adjusted,2150,64499,2023-11-04 17:30:00,-965.9939675516225
NSW1,page_hinkley,daily_weekly_adjusted,2151,64529,2023-11-05 08:30:00,-689.3358035714282
NSW1,page_hinkley,daily_weekly_adjusted,2152,64559,2023-11-05 23:30:00,-562.5124999999998
NSW1,page_hinkley,daily_weekly_adjusted,2153,64589,2023-11-06 14:30:00,-2481.436253687316
NSW1,page_hinkley,daily_weekly_adjusted,2154,64619,2023-11-07 05:30:00,-176.72278761061807
NSW1,page_hinkley,daily_weekly_adjusted,2155,64649,2023-11-07 20:30:00,-1198.7570353982292
NSW1,page_hinkley,daily_weekly_adjusted,2156,64679,2023-11-08 11:30:00,-2294.337743362832
NSW1,page_hinkley,daily_weekly_adjusted,2157,64709,2023-11-09 02:30:00,-497.5415044247793
NSW1,page_hinkley,daily_weekly_adjusted,2158,64739,2023-11-09 17:30:00,-1115.721917404131
NSW1,page_hinkley,daily_weekly_adjusted,2159,64769,2023-11-10 08:30:00,-2345.659837758112
NSW1,page_hinkley,daily_weekly_adjusted,2160,64799,2023-11-10 23:30:00,-668.0730530973442
NSW1,page_hinkley,daily_weekly_adjusted,2161,64829,2023-11-11 14:30:00,-1297.9045280235987
NSW1,page_hinkley,daily_weekly_adjusted,2162,64859,2023-11-12 05:30:00,-255.3771726190471
NSW1,page_hinkley,daily_weekly_adjusted,2163,64889,2023-11-12 20:30:00,-436.76916666666693
NSW1,page_hinkley,daily_weekly_adjusted,2164,64919,2023-11-13 11:30:00,-2424.0984365781724
NSW1,page_hinkley,daily_weekly_adjusted,2165,64949,2023-11-14 02:30:00,-466.97441002949836
NSW1,page_hinkley,daily_weekly_adjusted,2166,64979,2023-11-14 17:30:00,-890.7069616519166
NSW1,page_hinkley,daily_weekly_adjusted,2167,65009,2023-11-15 08:30:00,-1639.1994837758102
NSW1,page_hinkley,daily_weekly_adjusted,2168,65039,2023-11-15 23:30:00,-520.2797787610616
NSW1,page_hinkley,daily_weekly_adjusted,2169,65069,2023-11-16 14:30:00,-1088.2182300884951
NSW1,page_hinkley,daily_weekly_adjusted,2170,65099,2023-11-17 05:30:00,-121.04019174041241
NSW1,page_hinkley,daily_weekly_adjusted,2171,65129,2023-11-17 20:30:00,-1172.981504424779
NSW1,page_hinkley,daily_weekly_adjusted,2172,65159,2023-11-18 11:30:00,-3178.436253687316
NSW1,page_hinkley,daily_weekly_adjusted,2173,65189,2023-11-19 02:30:00,-522.8076785714284
NSW1,page_hinkley,daily_weekly_adjusted,2174,65219,2023-11-19 17:30:00,-388.9227678571424
NSW1,page_hinkley,daily_weekly_adjusted,2175,65249,2023-11-20 08:30:00,-801.8660914454276
NSW1,page_hinkley,daily_weekly_adjusted,2176,65279,2023-11-20 23:30:00,-599.5760766961657
NSW1,page_hinkley,daily_weekly_adjusted,2177,65309,2023-11-21 14:30:00,-2037.6981415929195
NSW1,page_hinkley,daily_weekly_adjusted,2178,65339,2023-11-22 05:30:00,-238.4873008849554
NSW1,page_hinkley,daily_weekly_adjusted,2179,65369,2023-11-22 20:30:00,-795.4134218289073
NSW1,page_hinkley,daily_weekly_adjusted,2180,65399,2023-11-23 11:30:00,-1676.03592920354
NSW1,page_hinkley,daily_weekly_adjusted,2181,65429,2023-11-24 02:30:00,-438.5499262536878
NSW1,page_hinkley,daily_weekly_adjusted,2182,65459,2023-11-24 17:30:00,-775.4558702064896
NSW1,page_hinkley,daily_weekly_adjusted,2183,65489,2023-11-25 08:30:00,-557.5890855457228
NSW1,page_hinkley,daily_weekly_adjusted,2184,65519,2023-11-25 23:30:00,-574.7614306784671
NSW1,page_hinkley,daily_weekly_adjusted,2185,65549,2023-11-26 14:30:00,-1083.8460416666658
NSW1,page_hinkley,daily_weekly_adjusted,2186,65579,2023-11-27 05:30:00,66.54926253687336
NSW1,page_hinkley,daily_weekly_adjusted,2187,65609,2023-11-27 20:30:00,-688.7803687315645
NSW1,page_hinkley,daily_weekly_adjusted,2188,65639,2023-11-28 11:30:00,-277.89735988200573
NSW1,page_hinkley,daily_weekly_adjusted,2189,65669,2023-11-29 02:30:00,-368.5970648967541
NSW1,page_hinkley,daily_weekly_adjusted,2190,65699,2023-11-29 17:30:00,-719.1755899705022
NSW1,page_hinkley,daily_weekly_adjusted,2191,65729,2023-11-30 08:30:00,-2388.898510324484
NSW1,page_hinkley,daily_weekly_adjusted,2192,65759,2023-11-30 23:30:00,-553.9949262536875
NSW1,page_hinkley,daily_weekly_adjusted,2193,65789,2023-12-01 14:30:00,-1485.4505162241903
NSW1,page_hinkley,daily_weekly_adjusted,2194,65819,2023-12-02 05:30:00,-70.31041297935099
NSW1,page_hinkley,daily_weekly_adjusted,2195,65849,2023-12-02 20:30:00,-522.1818584070797
NSW1,page_hinkley,daily_weekly_adjusted,2196,65879,2023-12-03 11:30:00,-2574.027916666666
NSW1,page_hinkley,daily_weekly_adjusted,2197,65909,2023-12-04 02:30:00,-269.9180235988197
NSW1,page_hinkley,daily_weekly_adjusted,2198,65939,2023-12-04 17:30:00,-985.649233038348
NSW1,page_hinkley,daily_weekly_adjusted,2199,65969,2023-12-05 08:30:00,-2609.303982300885
NSW1,page_hinkley,daily_weekly_adjusted,2200,65999,2023-12-05 23:30:00,52.305162241887956
NSW1,page_hinkley,daily_weekly_adjusted,2201,66029,2023-12-06 14:30:00,-1088.885752212388
NSW1,page_hinkley,daily_weekly_adjusted,2202,66059,2023-12-07 05:30:00,-16.40721238938204
NSW1,page_hinkley,daily_weekly_adjusted,2203,66089,2023-12-07 20:30:00,-56.100250737461465
NSW1,page_hinkley,daily_weekly_adjusted,2204,66119,2023-12-08 11:30:00,-33.28199115044117
NSW1,page_hinkley,daily_weekly_adjusted,2205,66149,2023-12-09 02:30:00,388.0175958702066
NSW1,page_hinkley,daily_weekly_adjusted,2206,66179,2023-12-09 17:30:00,3611.317699115043
NSW1,page_hinkley,daily_weekly_adjusted,2207,66209,2023-12-10 08:30:00,-300.61080357142873
NSW1,page_hinkley,daily_weekly_adjusted,2208,66239,2023-12-10 23:30:00,166.05083333333278
NSW1,page_hinkley,daily_weekly_adjusted,2209,66269,2023-12-11 14:30:00,444.42374631268467
NSW1,page_hinkley,daily_weekly_adjusted,2210,66299,2023-12-12 05:30:00,334.3405457227145
NSW1,page_hinkley,daily_weekly_adjusted,2211,66329,2023-12-12 20:30:00,517.6396312684374
NSW1,page_hinkley,daily_weekly_adjusted,2212,66359,2023-12-13 11:30:00,-561.4544100294979
NSW1,page_hinkley,daily_weekly_adjusted,2213,66389,2023-12-14 02:30:00,156.0784955752215
NSW1,page_hinkley,daily_weekly_adjusted,2214,66419,2023-12-14 17:30:00,3327.5197492625357
NSW1,page_hinkley,daily_weekly_adjusted,2215,66449,2023-12-15 08:30:00,-686.4231710914455
NSW1,page_hinkley,daily_weekly_adjusted,2216,66479,2023-12-15 23:30:00,-183.63971976401172
NSW1,page_hinkley,daily_weekly_adjusted,2217,66509,2023-12-16 14:30:00,-121.5995280235984
NSW1,page_hinkley,daily_weekly_adjusted,2218,66539,2023-12-17 05:30:00,117.81449404761861
NSW1,page_hinkley,daily_weekly_adjusted,2219,66569,2023-12-17 20:30:00,18.175833333334594
NSW1,page_hinkley,daily_weekly_adjusted,2220,66599,2023-12-18 11:30:00,-862.8117699115055
NSW1,page_hinkley,daily_weekly_adjusted,2221,66629,2023-12-19 02:30:00,344.3172566371677
NSW1,page_hinkley,daily_weekly_adjusted,2222,66659,2023-12-19 17:30:00,1767.2880383480842
NSW1,page_hinkley,daily_weekly_adjusted,2223,66689,2023-12-20 08:30:00,-330.6161504424763
NSW1,page_hinkley,daily_weekly_adjusted,2224,66719,2023-12-20 23:30:00,-677.3697787610618
NSW1,page_hinkley,daily_weekly_adjusted,2225,66749,2023-12-21 14:30:00,-2037.0632300884954
NSW1,page_hinkley,daily_weekly_adjusted,2226,66779,2023-12-22 05:30:00,-626.7351917404121
NSW1,page_hinkley,daily_weekly_adjusted,2227,66809,2023-12-22 20:30:00,-1255.6381710914457
NSW1,page_hinkley,daily_weekly_adjusted,2228,66839,2023-12-23 11:30:00,-3065.481253687316
NSW1,page_hinkley,daily_weekly_adjusted,2229,66869,2023-12-24 02:30:00,-352.61767857142877
NSW1,page_hinkley,daily_weekly_adjusted,2230,66899,2023-12-24 17:30:00,-1514.287767857143
NSW1,page_hinkley,daily_weekly_adjusted,2231,66929,2023-12-25 08:30:00,-3229.176091445428
NSW1,page_hinkley,daily_weekly_adjusted,2232,66959,2023-12-25 23:30:00,-1352.9777433628324
NSW1,page_hinkley,daily_weekly_adjusted,2233,66989,2023-12-26 14:30:00,-1970.4198082595867
NSW1,page_hinkley,daily_weekly_adjusted,2234,67019,2023-12-27 05:30:00,-946.5606342182891
NSW1,page_hinkley,daily_weekly_adjusted,2235,67049,2023-12-27 20:30:00,-1081.0200884955739
NSW1,page_hinkley,daily_weekly_adjusted,2236,67079,2023-12-28 11:30:00,-2831.0192625368727
NSW1,page_hinkley,daily_weekly_adjusted,2237,67109,2023-12-29 02:30:00,-487.85659292035416
NSW1,page_hinkley,daily_weekly_adjusted,2238,67139,2023-12-29 17:30:00,-1167.844203539823
NSW1,page_hinkley,daily_weekly_adjusted,2239,67169,2023-12-30 08:30:00,-2701.05575221239
NSW1,page_hinkley,daily_weekly_adjusted,2240,67199,2023-12-30 23:30:00,-844.296430678467
NSW1,page_hinkley,daily_weekly_adjusted,2241,67229,2023-12-31 14:30:00,-1196.9177083333325
