region,detector,input_processing,detection_number,changepoint_index,changepoint_timestamp,demand_value
SA1,page_hinkley,raw_30min,1,29,2020-03-01 14:30:00,1100.6
SA1,page_hinkley,raw_30min,2,59,2020-03-02 05:30:00,1056.51
SA1,page_hinkley,raw_30min,3,89,2020-03-02 20:30:00,1341.85
SA1,page_hinkley,raw_30min,4,119,2020-03-03 11:30:00,1109.29
SA1,page_hinkley,raw_30min,5,149,2020-03-04 02:30:00,1109.66
SA1,page_hinkley,raw_30min,6,179,2020-03-04 17:30:00,1267.58
SA1,page_hinkley,raw_30min,7,209,2020-03-05 08:30:00,1364.67
SA1,page_hinkley,raw_30min,8,239,2020-03-05 23:30:00,1262.24
SA1,page_hinkley,raw_30min,9,269,2020-03-06 14:30:00,799.95
SA1,page_hinkley,raw_30min,10,299,2020-03-07 05:30:00,1053.41
SA1,page_hinkley,raw_30min,11,329,2020-03-07 20:30:00,1243.27
SA1,page_hinkley,raw_30min,12,359,2020-03-08 11:30:00,494.17
SA1,page_hinkley,raw_30min,13,389,2020-03-09 02:30:00,1046.36
SA1,page_hinkley,raw_30min,14,419,2020-03-09 17:30:00,995.62
SA1,page_hinkley,raw_30min,15,449,2020-03-10 08:30:00,1243.68
SA1,page_hinkley,raw_30min,16,479,2020-03-10 23:30:00,1250.54
SA1,page_hinkley,raw_30min,17,509,2020-03-11 14:30:00,1300.36
SA1,page_hinkley,raw_30min,18,539,2020-03-12 05:30:00,1280.06
SA1,page_hinkley,raw_30min,19,569,2020-03-12 20:30:00,1782.27
SA1,page_hinkley,raw_30min,20,599,2020-03-13 11:30:00,1104.5
SA1,page_hinkley,raw_30min,21,629,2020-03-14 02:30:00,1070.48
SA1,page_hinkley,raw_30min,22,659,2020-03-14 17:30:00,899.2
SA1,page_hinkley,raw_30min,23,689,2020-03-15 08:30:00,963.95
SA1,page_hinkley,raw_30min,24,719,2020-03-15 23:30:00,1114.83
SA1,page_hinkley,raw_30min,25,749,2020-03-16 14:30:00,904.8
SA1,page_hinkley,raw_30min,26,779,2020-03-17 05:30:00,1171.34
SA1,page_hinkley,raw_30min,27,809,2020-03-17 20:30:00,1749.29
SA1,page_hinkley,raw_30min,28,839,2020-03-18 11:30:00,1289.33
SA1,page_hinkley,raw_30min,29,869,2020-03-19 02:30:00,1320.06
SA1,page_hinkley,raw_30min,30,899,2020-03-19 17:30:00,1468.65
SA1,page_hinkley,raw_30min,31,929,2020-03-20 08:30:00,1410.02
SA1,page_hinkley,raw_30min,32,959,2020-03-20 23:30:00,1286.66
SA1,page_hinkley,raw_30min,33,989,2020-03-21 14:30:00,659.03
SA1,page_hinkley,raw_30min,34,1019,2020-03-22 05:30:00,1054.71
SA1,page_hinkley,raw_30min,35,1049,2020-03-22 20:30:00,1275.39
SA1,page_hinkley,raw_30min,36,1079,2020-03-23 11:30:00,770.99
SA1,page_hinkley,raw_30min,37,1109,2020-03-24 02:30:00,1132.02
SA1,page_hinkley,raw_30min,38,1139,2020-03-24 17:30:00,1396.49
SA1,page_hinkley,raw_30min,39,1169,2020-03-25 08:30:00,1286.44
SA1,page_hinkley,raw_30min,40,1199,2020-03-25 23:30:00,1204.33
SA1,page_hinkley,raw_30min,41,1229,2020-03-26 14:30:00,704.06
SA1,page_hinkley,raw_30min,42,1259,2020-03-27 05:30:00,1231.53
SA1,page_hinkley,raw_30min,43,1289,2020-03-27 20:30:00,1410.23
SA1,page_hinkley,raw_30min,44,1319,2020-03-28 11:30:00,716.59
SA1,page_hinkley,raw_30min,45,1349,2020-03-29 02:30:00,979.14
SA1,page_hinkley,raw_30min,46,1379,2020-03-29 17:30:00,1156.26
SA1,page_hinkley,raw_30min,47,1409,2020-03-30 08:30:00,1380.61
SA1,page_hinkley,raw_30min,48,1439,2020-03-30 23:30:00,1309.33
SA1,page_hinkley,raw_30min,49,1469,2020-03-31 14:30:00,821.22
SA1,page_hinkley,raw_30min,50,1499,2020-04-01 05:30:00,1201.18
SA1,page_hinkley,raw_30min,51,1529,2020-04-01 20:30:00,1371.55
SA1,page_hinkley,raw_30min,52,1559,2020-04-02 11:30:00,799.33
SA1,page_hinkley,raw_30min,53,1589,2020-04-03 02:30:00,1197.86
SA1,page_hinkley,raw_30min,54,1619,2020-04-03 17:30:00,1375.59
SA1,page_hinkley,raw_30min,55,1649,2020-04-04 08:30:00,960.24
SA1,page_hinkley,raw_30min,56,1679,2020-04-04 23:30:00,1050.35
SA1,page_hinkley,raw_30min,57,1709,2020-04-05 14:30:00,669.79
SA1,page_hinkley,raw_30min,58,1739,2020-04-06 05:30:00,1159.18
SA1,page_hinkley,raw_30min,59,1769,2020-04-06 20:30:00,1467.7
SA1,page_hinkley,raw_30min,60,1799,2020-04-07 11:30:00,1121.54
SA1,page_hinkley,raw_30min,61,1829,2020-04-08 02:30:00,1186.18
SA1,page_hinkley,raw_30min,62,1859,2020-04-08 17:30:00,1190.22
SA1,page_hinkley,raw_30min,63,1889,2020-04-09 08:30:00,1217.03
SA1,page_hinkley,raw_30min,64,1919,2020-04-09 23:30:00,1372.41
SA1,page_hinkley,raw_30min,65,1949,2020-04-10 14:30:00,663.86
SA1,page_hinkley,raw_30min,66,1979,2020-04-11 05:30:00,893.9
SA1,page_hinkley,raw_30min,67,2009,2020-04-11 20:30:00,1350.85
SA1,page_hinkley,raw_30min,68,2039,2020-04-12 11:30:00,744.45
SA1,page_hinkley,raw_30min,69,2069,2020-04-13 02:30:00,1160.37
SA1,page_hinkley,raw_30min,70,2099,2020-04-13 17:30:00,1249.61
SA1,page_hinkley,raw_30min,71,2129,2020-04-14 08:30:00,1103.91
SA1,page_hinkley,raw_30min,72,2159,2020-04-14 23:30:00,1224.2
SA1,page_hinkley,raw_30min,73,2189,2020-04-15 14:30:00,903.33
SA1,page_hinkley,raw_30min,74,2219,2020-04-16 05:30:00,1058.82
SA1,page_hinkley,raw_30min,75,2249,2020-04-16 20:30:00,1370.21
SA1,page_hinkley,raw_30min,76,2279,2020-04-17 11:30:00,1037.15
SA1,page_hinkley,raw_30min,77,2309,2020-04-18 02:30:00,1230.14
SA1,page_hinkley,raw_30min,78,2339,2020-04-18 17:30:00,1225.64
SA1,page_hinkley,raw_30min,79,2369,2020-04-19 08:30:00,999.25
SA1,page_hinkley,raw_30min,80,2399,2020-04-19 23:30:00,1132.77
SA1,page_hinkley,raw_30min,81,2429,2020-04-20 14:30:00,1012.8
SA1,page_hinkley,raw_30min,82,2459,2020-04-21 05:30:00,1073.86
SA1,page_hinkley,raw_30min,83,2489,2020-04-21 20:30:00,1405.97
SA1,page_hinkley,raw_30min,84,2519,2020-04-22 11:30:00,970.76
SA1,page_hinkley,raw_30min,85,2549,2020-04-23 02:30:00,1183.21
SA1,page_hinkley,raw_30min,86,2579,2020-04-23 17:30:00,1354.03
SA1,page_hinkley,raw_30min,87,2609,2020-04-24 08:30:00,1302.45
SA1,page_hinkley,raw_30min,88,2639,2020-04-24 23:30:00,1266.17
SA1,page_hinkley,raw_30min,89,2669,2020-04-25 14:30:00,979.99
SA1,page_hinkley,raw_30min,90,2699,2020-04-26 05:30:00,976.13
SA1,page_hinkley,raw_30min,91,2729,2020-04-26 20:30:00,1376.16
SA1,page_hinkley,raw_30min,92,2759,2020-04-27 11:30:00,841.24
SA1,page_hinkley,raw_30min,93,2789,2020-04-28 02:30:00,1185.77
SA1,page_hinkley,raw_30min,94,2819,2020-04-28 17:30:00,1499.21
SA1,page_hinkley,raw_30min,95,2849,2020-04-29 08:30:00,1430.51
SA1,page_hinkley,raw_30min,96,2879,2020-04-29 23:30:00,1357.92
SA1,page_hinkley,raw_30min,97,2909,2020-04-30 14:30:00,1114.84
SA1,page_hinkley,raw_30min,98,2939,2020-05-01 05:30:00,1061.05
SA1,page_hinkley,raw_30min,99,2969,2020-05-01 20:30:00,1517.71
SA1,page_hinkley,raw_30min,100,2999,2020-05-02 11:30:00,759.76
SA1,page_hinkley,raw_30min,101,3029,2020-05-03 02:30:00,1254.42
SA1,page_hinkley,raw_30min,102,3059,2020-05-03 17:30:00,1530.62
SA1,page_hinkley,raw_30min,103,3089,2020-05-04 08:30:00,1537.41
SA1,page_hinkley,raw_30min,104,3119,2020-05-04 23:30:00,1440.35
SA1,page_hinkley,raw_30min,105,3149,2020-05-05 14:30:00,989.78
SA1,page_hinkley,raw_30min,106,3179,2020-05-06 05:30:00,1092.23
SA1,page_hinkley,raw_30min,107,3209,2020-05-06 20:30:00,1450.56
SA1,page_hinkley,raw_30min,108,3239,2020-05-07 11:30:00,744.74
SA1,page_hinkley,raw_30min,109,3269,2020-05-08 02:30:00,1193.58
SA1,page_hinkley,raw_30min,110,3299,2020-05-08 17:30:00,1270.79
SA1,page_hinkley,raw_30min,111,3329,2020-05-09 08:30:00,1075.51
SA1,page_hinkley,raw_30min,112,3359,2020-05-09 23:30:00,1334.34
SA1,page_hinkley,raw_30min,113,3389,2020-05-10 14:30:00,855.14
SA1,page_hinkley,raw_30min,114,3419,2020-05-11 05:30:00,1243.63
SA1,page_hinkley,raw_30min,115,3449,2020-05-11 20:30:00,1855.79
SA1,page_hinkley,raw_30min,116,3479,2020-05-12 11:30:00,1061.52
SA1,page_hinkley,raw_30min,117,3509,2020-05-13 02:30:00,1248.03
SA1,page_hinkley,raw_30min,118,3539,2020-05-13 17:30:00,1789.34
SA1,page_hinkley,raw_30min,119,3569,2020-05-14 08:30:00,1679.21
SA1,page_hinkley,raw_30min,120,3599,2020-05-14 23:30:00,1560.34
SA1,page_hinkley,raw_30min,121,3629,2020-05-15 14:30:00,948.25
SA1,page_hinkley,raw_30min,122,3659,2020-05-16 05:30:00,1111.0
SA1,page_hinkley,raw_30min,123,3689,2020-05-16 20:30:00,1787.93
SA1,page_hinkley,raw_30min,124,3719,2020-05-17 11:30:00,783.39
SA1,page_hinkley,raw_30min,125,3749,2020-05-18 02:30:00,1244.38
SA1,page_hinkley,raw_30min,126,3779,2020-05-18 17:30:00,1529.43
SA1,page_hinkley,raw_30min,127,3809,2020-05-19 08:30:00,1386.28
SA1,page_hinkley,raw_30min,128,3839,2020-05-19 23:30:00,1297.24
SA1,page_hinkley,raw_30min,129,3869,2020-05-20 14:30:00,1244.16
SA1,page_hinkley,raw_30min,130,3899,2020-05-21 05:30:00,1067.61
SA1,page_hinkley,raw_30min,131,3929,2020-05-21 20:30:00,1947.71
SA1,page_hinkley,raw_30min,132,3959,2020-05-22 11:30:00,1538.47
SA1,page_hinkley,raw_30min,133,3989,2020-05-23 02:30:00,1194.89
SA1,page_hinkley,raw_30min,134,4019,2020-05-23 17:30:00,1518.35
SA1,page_hinkley,raw_30min,135,4049,2020-05-24 08:30:00,1171.06
SA1,page_hinkley,raw_30min,136,4079,2020-05-24 23:30:00,1452.92
SA1,page_hinkley,raw_30min,137,4109,2020-05-25 14:30:00,1048.76
SA1,page_hinkley,raw_30min,138,4139,2020-05-26 05:30:00,1176.35
SA1,page_hinkley,raw_30min,139,4169,2020-05-26 20:30:00,1807.08
SA1,page_hinkley,raw_30min,140,4199,2020-05-27 11:30:00,1188.31
SA1,page_hinkley,raw_30min,141,4229,2020-05-28 02:30:00,1352.4
SA1,page_hinkley,raw_30min,142,4259,2020-05-28 17:30:00,1648.03
SA1,page_hinkley,raw_30min,143,4289,2020-05-29 08:30:00,1655.99
SA1,page_hinkley,raw_30min,144,4319,2020-05-29 23:30:00,1315.68
SA1,page_hinkley,raw_30min,145,4349,2020-05-30 14:30:00,1230.44
SA1,page_hinkley,raw_30min,146,4379,2020-05-31 05:30:00,1110.48
SA1,page_hinkley,raw_30min,147,4409,2020-05-31 20:30:00,1572.85
SA1,page_hinkley,raw_30min,148,4439,2020-06-01 11:30:00,1224.02
SA1,page_hinkley,raw_30min,149,4469,2020-06-02 02:30:00,1356.53
SA1,page_hinkley,raw_30min,150,4499,2020-06-02 17:30:00,1695.78
SA1,page_hinkley,raw_30min,151,4529,2020-06-03 08:30:00,1646.19
SA1,page_hinkley,raw_30min,152,4559,2020-06-03 23:30:00,1570.67
SA1,page_hinkley,raw_30min,153,4589,2020-06-04 14:30:00,1090.72
SA1,page_hinkley,raw_30min,154,4619,2020-06-05 05:30:00,1336.02
SA1,page_hinkley,raw_30min,155,4649,2020-06-05 20:30:00,2089.25
SA1,page_hinkley,raw_30min,156,4679,2020-06-06 11:30:00,1255.82
SA1,page_hinkley,raw_30min,157,4709,2020-06-07 02:30:00,1367.52
SA1,page_hinkley,raw_30min,158,4739,2020-06-07 17:30:00,1709.69
SA1,page_hinkley,raw_30min,159,4769,2020-06-08 08:30:00,1609.11
SA1,page_hinkley,raw_30min,160,4799,2020-06-08 23:30:00,1649.71
SA1,page_hinkley,raw_30min,161,4829,2020-06-09 14:30:00,1324.52
SA1,page_hinkley,raw_30min,162,4859,2020-06-10 05:30:00,1435.37
SA1,page_hinkley,raw_30min,163,4889,2020-06-10 20:30:00,2364.96
SA1,page_hinkley,raw_30min,164,4919,2020-06-11 11:30:00,1432.0
SA1,page_hinkley,raw_30min,165,4949,2020-06-12 02:30:00,1462.78
SA1,page_hinkley,raw_30min,166,4979,2020-06-12 17:30:00,1638.9
SA1,page_hinkley,raw_30min,167,5009,2020-06-13 08:30:00,1205.32
SA1,page_hinkley,raw_30min,168,5039,2020-06-13 23:30:00,1424.02
SA1,page_hinkley,raw_30min,169,5069,2020-06-14 14:30:00,1374.51
SA1,page_hinkley,raw_30min,170,5099,2020-06-15 05:30:00,1061.19
SA1,page_hinkley,raw_30min,171,5129,2020-06-15 20:30:00,1752.17
SA1,page_hinkley,raw_30min,172,5159,2020-06-16 11:30:00,1475.16
SA1,page_hinkley,raw_30min,173,5189,2020-06-17 02:30:00,1451.49
SA1,page_hinkley,raw_30min,174,5219,2020-06-17 17:30:00,1697.41
SA1,page_hinkley,raw_30min,175,5249,2020-06-18 08:30:00,1650.99
SA1,page_hinkley,raw_30min,176,5279,2020-06-18 23:30:00,1344.91
SA1,page_hinkley,raw_30min,177,5309,2020-06-19 14:30:00,1470.7
SA1,page_hinkley,raw_30min,178,5339,2020-06-20 05:30:00,1161.89
SA1,page_hinkley,raw_30min,179,5369,2020-06-20 20:30:00,1796.81
SA1,page_hinkley,raw_30min,180,5399,2020-06-21 11:30:00,1212.41
SA1,page_hinkley,raw_30min,181,5429,2020-06-22 02:30:00,1291.96
SA1,page_hinkley,raw_30min,182,5459,2020-06-22 17:30:00,1850.42
SA1,page_hinkley,raw_30min,183,5489,2020-06-23 08:30:00,1845.47
SA1,page_hinkley,raw_30min,184,5519,2020-06-23 23:30:00,1576.04
SA1,page_hinkley,raw_30min,185,5549,2020-06-24 14:30:00,1357.65
SA1,page_hinkley,raw_30min,186,5579,2020-06-25 05:30:00,1159.25
SA1,page_hinkley,raw_30min,187,5609,2020-06-25 20:30:00,2051.72
SA1,page_hinkley,raw_30min,188,5639,2020-06-26 11:30:00,1399.02
SA1,page_hinkley,raw_30min,189,5669,2020-06-27 02:30:00,1347.1
SA1,page_hinkley,raw_30min,190,5699,2020-06-27 17:30:00,1538.1
SA1,page_hinkley,raw_30min,191,5729,2020-06-28 08:30:00,1389.97
SA1,page_hinkley,raw_30min,192,5759,2020-06-28 23:30:00,1509.28
SA1,page_hinkley,raw_30min,193,5789,2020-06-29 14:30:00,977.82
SA1,page_hinkley,raw_30min,194,5819,2020-06-30 05:30:00,1143.99
SA1,page_hinkley,raw_30min,195,5849,2020-06-30 20:30:00,2005.23
SA1,page_hinkley,raw_30min,196,5879,2020-07-01 11:30:00,1156.33
SA1,page_hinkley,raw_30min,197,5909,2020-07-02 02:30:00,1226.96
SA1,page_hinkley,raw_30min,198,5939,2020-07-02 17:30:00,1710.13
SA1,page_hinkley,raw_30min,199,5969,2020-07-03 08:30:00,1692.42
SA1,page_hinkley,raw_30min,200,5999,2020-07-03 23:30:00,1527.81
SA1,page_hinkley,raw_30min,201,6029,2020-07-04 14:30:00,1056.24
SA1,page_hinkley,raw_30min,202,6059,2020-07-05 05:30:00,1161.65
SA1,page_hinkley,raw_30min,203,6089,2020-07-05 20:30:00,1882.44
SA1,page_hinkley,raw_30min,204,6119,2020-07-06 11:30:00,1332.59
SA1,page_hinkley,raw_30min,205,6149,2020-07-07 02:30:00,1393.3
SA1,page_hinkley,raw_30min,206,6179,2020-07-07 17:30:00,1885.91
SA1,page_hinkley,raw_30min,207,6209,2020-07-08 08:30:00,1903.66
SA1,page_hinkley,raw_30min,208,6239,2020-07-08 23:30:00,1553.54
SA1,page_hinkley,raw_30min,209,6269,2020-07-09 14:30:00,1073.04
SA1,page_hinkley,raw_30min,210,6299,2020-07-10 05:30:00,1151.96
SA1,page_hinkley,raw_30min,211,6329,2020-07-10 20:30:00,1950.85
SA1,page_hinkley,raw_30min,212,6359,2020-07-11 11:30:00,1266.77
SA1,page_hinkley,raw_30min,213,6389,2020-07-12 02:30:00,1281.96
SA1,page_hinkley,raw_30min,214,6419,2020-07-12 17:30:00,1610.56
SA1,page_hinkley,raw_30min,215,6449,2020-07-13 08:30:00,1887.56
SA1,page_hinkley,raw_30min,216,6479,2020-07-13 23:30:00,1651.14
SA1,page_hinkley,raw_30min,217,6509,2020-07-14 14:30:00,1095.72
SA1,page_hinkley,raw_30min,218,6539,2020-07-15 05:30:00,1205.94
SA1,page_hinkley,raw_30min,219,6569,2020-07-15 20:30:00,2111.04
SA1,page_hinkley,raw_30min,220,6599,2020-07-16 11:30:00,1275.52
SA1,page_hinkley,raw_30min,221,6629,2020-07-17 02:30:00,1387.19
SA1,page_hinkley,raw_30min,222,6659,2020-07-17 17:30:00,1515.84
SA1,page_hinkley,raw_30min,223,6689,2020-07-18 08:30:00,1177.21
SA1,page_hinkley,raw_30min,224,6719,2020-07-18 23:30:00,1460.53
SA1,page_hinkley,raw_30min,225,6749,2020-07-19 14:30:00,915.38
SA1,page_hinkley,raw_30min,226,6779,2020-07-20 05:30:00,1191.88
SA1,page_hinkley,raw_30min,227,6809,2020-07-20 20:30:00,2185.05
SA1,page_hinkley,raw_30min,228,6839,2020-07-21 11:30:00,1469.73
SA1,page_hinkley,raw_30min,229,6869,2020-07-22 02:30:00,1479.56
SA1,page_hinkley,raw_30min,230,6899,2020-07-22 17:30:00,1983.63
SA1,page_hinkley,raw_30min,231,6929,2020-07-23 08:30:00,2095.6
SA1,page_hinkley,raw_30min,232,6959,2020-07-23 23:30:00,1664.9
SA1,page_hinkley,raw_30min,233,6989,2020-07-24 14:30:00,997.89
SA1,page_hinkley,raw_30min,234,7019,2020-07-25 05:30:00,1276.97
SA1,page_hinkley,raw_30min,235,7049,2020-07-25 20:30:00,1822.85
SA1,page_hinkley,raw_30min,236,7079,2020-07-26 11:30:00,982.39
SA1,page_hinkley,raw_30min,237,7109,2020-07-27 02:30:00,1353.62
SA1,page_hinkley,raw_30min,238,7139,2020-07-27 17:30:00,1696.05
SA1,page_hinkley,raw_30min,239,7169,2020-07-28 08:30:00,2076.86
SA1,page_hinkley,raw_30min,240,7199,2020-07-28 23:30:00,1707.0
SA1,page_hinkley,raw_30min,241,7229,2020-07-29 14:30:00,1161.06
SA1,page_hinkley,raw_30min,242,7259,2020-07-30 05:30:00,1360.44
SA1,page_hinkley,raw_30min,243,7289,2020-07-30 20:30:00,2138.58
SA1,page_hinkley,raw_30min,244,7319,2020-07-31 11:30:00,1047.45
SA1,page_hinkley,raw_30min,245,7349,2020-08-01 02:30:00,1155.39
SA1,page_hinkley,raw_30min,246,7379,2020-08-01 17:30:00,1260.91
SA1,page_hinkley,raw_30min,247,7409,2020-08-02 08:30:00,1387.46
SA1,page_hinkley,raw_30min,248,7439,2020-08-02 23:30:00,1460.56
SA1,page_hinkley,raw_30min,249,7469,2020-08-03 14:30:00,1081.48
SA1,page_hinkley,raw_30min,250,7499,2020-08-04 05:30:00,1132.91
SA1,page_hinkley,raw_30min,251,7529,2020-08-04 20:30:00,2128.14
SA1,page_hinkley,raw_30min,252,7559,2020-08-05 11:30:00,1151.87
SA1,page_hinkley,raw_30min,253,7589,2020-08-06 02:30:00,1461.29
SA1,page_hinkley,raw_30min,254,7619,2020-08-06 17:30:00,2083.03
SA1,page_hinkley,raw_30min,255,7649,2020-08-07 08:30:00,1992.11
SA1,page_hinkley,raw_30min,256,7679,2020-08-07 23:30:00,1657.89
SA1,page_hinkley,raw_30min,257,7709,2020-08-08 14:30:00,1494.72
SA1,page_hinkley,raw_30min,258,7739,2020-08-09 05:30:00,1182.67
SA1,page_hinkley,raw_30min,259,7769,2020-08-09 20:30:00,2001.72
SA1,page_hinkley,raw_30min,260,7799,2020-08-10 11:30:00,1071.4
SA1,page_hinkley,raw_30min,261,7829,2020-08-11 02:30:00,1175.42
SA1,page_hinkley,raw_30min,262,7859,2020-08-11 17:30:00,1893.59
SA1,page_hinkley,raw_30min,263,7889,2020-08-12 08:30:00,1697.9
SA1,page_hinkley,raw_30min,264,7919,2020-08-12 23:30:00,1420.1
SA1,page_hinkley,raw_30min,265,7949,2020-08-13 14:30:00,1037.38
SA1,page_hinkley,raw_30min,266,7979,2020-08-14 05:30:00,1179.1
SA1,page_hinkley,raw_30min,267,8009,2020-08-14 20:30:00,1850.59
SA1,page_hinkley,raw_30min,268,8039,2020-08-15 11:30:00,1000.32
SA1,page_hinkley,raw_30min,269,8069,2020-08-16 02:30:00,1343.92
SA1,page_hinkley,raw_30min,270,8099,2020-08-16 17:30:00,1507.21
SA1,page_hinkley,raw_30min,271,8129,2020-08-17 08:30:00,1703.08
SA1,page_hinkley,raw_30min,272,8159,2020-08-17 23:30:00,1430.88
SA1,page_hinkley,raw_30min,273,8189,2020-08-18 14:30:00,1221.99
SA1,page_hinkley,raw_30min,274,8219,2020-08-19 05:30:00,1223.98
SA1,page_hinkley,raw_30min,275,8249,2020-08-19 20:30:00,1906.08
SA1,page_hinkley,raw_30min,276,8279,2020-08-20 11:30:00,984.58
SA1,page_hinkley,raw_30min,277,8309,2020-08-21 02:30:00,1214.75
SA1,page_hinkley,raw_30min,278,8339,2020-08-21 17:30:00,1689.62
SA1,page_hinkley,raw_30min,279,8369,2020-08-22 08:30:00,1320.06
SA1,page_hinkley,raw_30min,280,8399,2020-08-22 23:30:00,1459.79
SA1,page_hinkley,raw_30min,281,8429,2020-08-23 14:30:00,703.87
SA1,page_hinkley,raw_30min,282,8459,2020-08-24 05:30:00,1308.85
SA1,page_hinkley,raw_30min,283,8489,2020-08-24 20:30:00,2183.42
SA1,page_hinkley,raw_30min,284,8519,2020-08-25 11:30:00,1065.72
SA1,page_hinkley,raw_30min,285,8549,2020-08-26 02:30:00,1345.27
SA1,page_hinkley,raw_30min,286,8579,2020-08-26 17:30:00,1431.12
SA1,page_hinkley,raw_30min,287,8609,2020-08-27 08:30:00,1601.47
SA1,page_hinkley,raw_30min,288,8639,2020-08-27 23:30:00,1485.23
SA1,page_hinkley,raw_30min,289,8669,2020-08-28 14:30:00,680.46
SA1,page_hinkley,raw_30min,290,8699,2020-08-29 05:30:00,1040.69
SA1,page_hinkley,raw_30min,291,8729,2020-08-29 20:30:00,1254.21
SA1,page_hinkley,raw_30min,292,8759,2020-08-30 11:30:00,857.61
SA1,page_hinkley,raw_30min,293,8789,2020-08-31 02:30:00,1295.5
SA1,page_hinkley,raw_30min,294,8819,2020-08-31 17:30:00,1478.2
SA1,page_hinkley,raw_30min,295,8849,2020-09-01 08:30:00,1524.21
SA1,page_hinkley,raw_30min,296,8879,2020-09-01 23:30:00,1243.0
SA1,page_hinkley,raw_30min,297,8909,2020-09-02 14:30:00,748.29
SA1,page_hinkley,raw_30min,298,8939,2020-09-03 05:30:00,1006.44
SA1,page_hinkley,raw_30min,299,8969,2020-09-03 20:30:00,1734.62
SA1,page_hinkley,raw_30min,300,8999,2020-09-04 11:30:00,885.98
SA1,page_hinkley,raw_30min,301,9029,2020-09-05 02:30:00,1262.97
SA1,page_hinkley,raw_30min,302,9059,2020-09-05 17:30:00,1138.85
SA1,page_hinkley,raw_30min,303,9089,2020-09-06 08:30:00,944.57
SA1,page_hinkley,raw_30min,304,9119,2020-09-06 23:30:00,1110.56
SA1,page_hinkley,raw_30min,305,9149,2020-09-07 14:30:00,749.46
SA1,page_hinkley,raw_30min,306,9179,2020-09-08 05:30:00,1027.29
SA1,page_hinkley,raw_30min,307,9209,2020-09-08 20:30:00,1585.96
SA1,page_hinkley,raw_30min,308,9239,2020-09-09 11:30:00,674.21
SA1,page_hinkley,raw_30min,309,9269,2020-09-10 02:30:00,1096.3
SA1,page_hinkley,raw_30min,310,9299,2020-09-10 17:30:00,1142.61
SA1,page_hinkley,raw_30min,311,9329,2020-09-11 08:30:00,1096.17
SA1,page_hinkley,raw_30min,312,9359,2020-09-11 23:30:00,1256.08
SA1,page_hinkley,raw_30min,313,9389,2020-09-12 14:30:00,893.0
SA1,page_hinkley,raw_30min,314,9419,2020-09-13 05:30:00,1041.0
SA1,page_hinkley,raw_30min,315,9449,2020-09-13 20:30:00,1420.93
SA1,page_hinkley,raw_30min,316,9479,2020-09-14 11:30:00,1019.21
SA1,page_hinkley,raw_30min,317,9509,2020-09-15 02:30:00,1244.09
SA1,page_hinkley,raw_30min,318,9539,2020-09-15 17:30:00,1080.51
SA1,page_hinkley,raw_30min,319,9569,2020-09-16 08:30:00,1278.75
SA1,page_hinkley,raw_30min,320,9599,2020-09-16 23:30:00,1290.8
SA1,page_hinkley,raw_30min,321,9629,2020-09-17 14:30:00,988.17
SA1,page_hinkley,raw_30min,322,9659,2020-09-18 05:30:00,1080.76
SA1,page_hinkley,raw_30min,323,9689,2020-09-18 20:30:00,1356.63
SA1,page_hinkley,raw_30min,324,9719,2020-09-19 11:30:00,812.17
SA1,page_hinkley,raw_30min,325,9749,2020-09-20 02:30:00,1015.88
SA1,page_hinkley,raw_30min,326,9779,2020-09-20 17:30:00,1169.21
SA1,page_hinkley,raw_30min,327,9809,2020-09-21 08:30:00,1026.2
SA1,page_hinkley,raw_30min,328,9839,2020-09-21 23:30:00,1245.24
SA1,page_hinkley,raw_30min,329,9869,2020-09-22 14:30:00,1053.85
SA1,page_hinkley,raw_30min,330,9899,2020-09-23 05:30:00,1091.82
SA1,page_hinkley,raw_30min,331,9929,2020-09-23 20:30:00,1678.69
SA1,page_hinkley,raw_30min,332,9959,2020-09-24 11:30:00,1029.72
SA1,page_hinkley,raw_30min,333,9989,2020-09-25 02:30:00,1290.48
SA1,page_hinkley,raw_30min,334,10019,2020-09-25 17:30:00,1530.4
SA1,page_hinkley,raw_30min,335,10049,2020-09-26 08:30:00,1149.01
SA1,page_hinkley,raw_30min,336,10079,2020-09-26 23:30:00,1545.73
SA1,page_hinkley,raw_30min,337,10109,2020-09-27 14:30:00,645.57
SA1,page_hinkley,raw_30min,338,10139,2020-09-28 05:30:00,1102.54
SA1,page_hinkley,raw_30min,339,10169,2020-09-28 20:30:00,1542.31
SA1,page_hinkley,raw_30min,340,10199,2020-09-29 11:30:00,1151.71
SA1,page_hinkley,raw_30min,341,10229,2020-09-30 02:30:00,1247.25
SA1,page_hinkley,raw_30min,342,10259,2020-09-30 17:30:00,1358.3
SA1,page_hinkley,raw_30min,343,10289,2020-10-01 08:30:00,1202.6
SA1,page_hinkley,raw_30min,344,10319,2020-10-01 23:30:00,1192.44
SA1,page_hinkley,raw_30min,345,10349,2020-10-02 14:30:00,809.04
SA1,page_hinkley,raw_30min,346,10379,2020-10-03 05:30:00,982.21
SA1,page_hinkley,raw_30min,347,10409,2020-10-03 20:30:00,1242.33
SA1,page_hinkley,raw_30min,348,10439,2020-10-04 11:30:00,523.04
SA1,page_hinkley,raw_30min,349,10469,2020-10-05 02:30:00,1087.99
SA1,page_hinkley,raw_30min,350,10499,2020-10-05 17:30:00,1025.37
SA1,page_hinkley,raw_30min,351,10529,2020-10-06 08:30:00,1360.13
SA1,page_hinkley,raw_30min,352,10559,2020-10-06 23:30:00,1234.26
SA1,page_hinkley,raw_30min,353,10589,2020-10-07 14:30:00,1462.38
SA1,page_hinkley,raw_30min,354,10619,2020-10-08 05:30:00,1143.55
SA1,page_hinkley,raw_30min,355,10649,2020-10-08 20:30:00,1518.09
SA1,page_hinkley,raw_30min,356,10679,2020-10-09 11:30:00,633.76
SA1,page_hinkley,raw_30min,357,10709,2020-10-10 02:30:00,1092.99
SA1,page_hinkley,raw_30min,358,10739,2020-10-10 17:30:00,875.74
SA1,page_hinkley,raw_30min,359,10769,2020-10-11 08:30:00,817.51
SA1,page_hinkley,raw_30min,360,10799,2020-10-11 23:30:00,1053.69
SA1,page_hinkley,raw_30min,361,10829,2020-10-12 14:30:00,857.22
SA1,page_hinkley,raw_30min,362,10859,2020-10-13 05:30:00,1140.92
SA1,page_hinkley,raw_30min,363,10889,2020-10-13 20:30:00,1327.58
SA1,page_hinkley,raw_30min,364,10919,2020-10-14 11:30:00,858.94
SA1,page_hinkley,raw_30min,365,10949,2020-10-15 02:30:00,1162.48
SA1,page_hinkley,raw_30min,366,10979,2020-10-15 17:30:00,1410.01
SA1,page_hinkley,raw_30min,367,11009,2020-10-16 08:30:00,1327.67
SA1,page_hinkley,raw_30min,368,11039,2020-10-16 23:30:00,1165.2
SA1,page_hinkley,raw_30min,369,11069,2020-10-17 14:30:00,525.37
SA1,page_hinkley,raw_30min,370,11099,2020-10-18 05:30:00,1086.07
SA1,page_hinkley,raw_30min,371,11129,2020-10-18 20:30:00,1429.02
SA1,page_hinkley,raw_30min,372,11159,2020-10-19 11:30:00,678.53
SA1,page_hinkley,raw_30min,373,11189,2020-10-20 02:30:00,1200.6
SA1,page_hinkley,raw_30min,374,11219,2020-10-20 17:30:00,1193.13
SA1,page_hinkley,raw_30min,375,11249,2020-10-21 08:30:00,1197.21
SA1,page_hinkley,raw_30min,376,11279,2020-10-21 23:30:00,1155.93
SA1,page_hinkley,raw_30min,377,11309,2020-10-22 14:30:00,1216.72
SA1,page_hinkley,raw_30min,378,11339,2020-10-23 05:30:00,1053.67
SA1,page_hinkley,raw_30min,379,11369,2020-10-23 20:30:00,1211.16
SA1,page_hinkley,raw_30min,380,11399,2020-10-24 11:30:00,733.1
SA1,page_hinkley,raw_30min,381,11429,2020-10-25 02:30:00,1072.33
SA1,page_hinkley,raw_30min,382,11459,2020-10-25 17:30:00,1191.51
SA1,page_hinkley,raw_30min,383,11489,2020-10-26 08:30:00,1096.03
SA1,page_hinkley,raw_30min,384,11519,2020-10-26 23:30:00,1165.4
SA1,page_hinkley,raw_30min,385,11549,2020-10-27 14:30:00,1027.63
SA1,page_hinkley,raw_30min,386,11579,2020-10-28 05:30:00,1225.65
SA1,page_hinkley,raw_30min,387,11609,2020-10-28 20:30:00,1402.7
SA1,page_hinkley,raw_30min,388,11639,2020-10-29 11:30:00,1239.33
SA1,page_hinkley,raw_30min,389,11669,2020-10-30 02:30:00,1106.69
SA1,page_hinkley,raw_30min,390,11699,2020-10-30 17:30:00,1314.51
SA1,page_hinkley,raw_30min,391,11729,2020-10-31 08:30:00,994.12
SA1,page_hinkley,raw_30min,392,11759,2020-10-31 23:30:00,1242.33
SA1,page_hinkley,raw_30min,393,11789,2020-11-01 14:30:00,377.23
SA1,page_hinkley,raw_30min,394,11819,2020-11-02 05:30:00,1083.66
SA1,page_hinkley,raw_30min,395,11849,2020-11-02 20:30:00,1497.64
SA1,page_hinkley,raw_30min,396,11879,2020-11-03 11:30:00,1048.51
SA1,page_hinkley,raw_30min,397,11909,2020-11-04 02:30:00,1111.4
SA1,page_hinkley,raw_30min,398,11939,2020-11-04 17:30:00,1148.96
SA1,page_hinkley,raw_30min,399,11969,2020-11-05 08:30:00,1006.56
SA1,page_hinkley,raw_30min,400,11999,2020-11-05 23:30:00,1236.27
SA1,page_hinkley,raw_30min,401,12029,2020-11-06 14:30:00,521.91
SA1,page_hinkley,raw_30min,402,12059,2020-11-07 05:30:00,1085.7
SA1,page_hinkley,raw_30min,403,12089,2020-11-07 20:30:00,1149.35
SA1,page_hinkley,raw_30min,404,12119,2020-11-08 11:30:00,374.05
SA1,page_hinkley,raw_30min,405,12149,2020-11-09 02:30:00,1110.4
SA1,page_hinkley,raw_30min,406,12179,2020-11-09 17:30:00,1528.35
SA1,page_hinkley,raw_30min,407,12209,2020-11-10 08:30:00,1151.48
SA1,page_hinkley,raw_30min,408,12239,2020-11-10 23:30:00,1272.18
SA1,page_hinkley,raw_30min,409,12269,2020-11-11 14:30:00,611.34
SA1,page_hinkley,raw_30min,410,12299,2020-11-12 05:30:00,1106.08
SA1,page_hinkley,raw_30min,411,12329,2020-11-12 20:30:00,1290.29
SA1,page_hinkley,raw_30min,412,12359,2020-11-13 11:30:00,649.68
SA1,page_hinkley,raw_30min,413,12389,2020-11-14 02:30:00,1136.4
SA1,page_hinkley,raw_30min,414,12419,2020-11-14 17:30:00,1017.95
SA1,page_hinkley,raw_30min,415,12449,2020-11-15 08:30:00,893.24
SA1,page_hinkley,raw_30min,416,12479,2020-11-15 23:30:00,1115.08
SA1,page_hinkley,raw_30min,417,12509,2020-11-16 14:30:00,648.51
SA1,page_hinkley,raw_30min,418,12539,2020-11-17 05:30:00,1183.63
SA1,page_hinkley,raw_30min,419,12569,2020-11-17 20:30:00,1460.87
SA1,page_hinkley,raw_30min,420,12599,2020-11-18 11:30:00,744.37
SA1,page_hinkley,raw_30min,421,12629,2020-11-19 02:30:00,1098.25
SA1,page_hinkley,raw_30min,422,12659,2020-11-19 17:30:00,1365.08
SA1,page_hinkley,raw_30min,423,12689,2020-11-20 08:30:00,841.39
SA1,page_hinkley,raw_30min,424,12719,2020-11-20 23:30:00,1178.19
SA1,page_hinkley,raw_30min,425,12749,2020-11-21 14:30:00,1308.76
SA1,page_hinkley,raw_30min,426,12779,2020-11-22 05:30:00,1185.02
SA1,page_hinkley,raw_30min,427,12809,2020-11-22 20:30:00,1436.0
SA1,page_hinkley,raw_30min,428,12839,2020-11-23 11:30:00,662.33
SA1,page_hinkley,raw_30min,429,12869,2020-11-24 02:30:00,1225.39
SA1,page_hinkley,raw_30min,430,12899,2020-11-24 17:30:00,1160.6
SA1,page_hinkley,raw_30min,431,12929,2020-11-25 08:30:00,991.33
SA1,page_hinkley,raw_30min,432,12959,2020-11-25 23:30:00,1397.82
SA1,page_hinkley,raw_30min,433,12989,2020-11-26 14:30:00,1124.72
SA1,page_hinkley,raw_30min,434,13019,2020-11-27 05:30:00,1289.48
SA1,page_hinkley,raw_30min,435,13049,2020-11-27 20:30:00,2353.46
SA1,page_hinkley,raw_30min,436,13079,2020-11-28 11:30:00,1166.48
SA1,page_hinkley,raw_30min,437,13109,2020-11-29 02:30:00,968.24
SA1,page_hinkley,raw_30min,438,13139,2020-11-29 17:30:00,913.32
SA1,page_hinkley,raw_30min,439,13169,2020-11-30 08:30:00,1007.48
SA1,page_hinkley,raw_30min,440,13199,2020-11-30 23:30:00,1349.33
SA1,page_hinkley,raw_30min,441,13229,2020-12-01 14:30:00,586.05
SA1,page_hinkley,raw_30min,442,13259,2020-12-02 05:30:00,1125.19
SA1,page_hinkley,raw_30min,443,13289,2020-12-02 20:30:00,1306.8
SA1,page_hinkley,raw_30min,444,13319,2020-12-03 11:30:00,567.79
SA1,page_hinkley,raw_30min,445,13349,2020-12-04 02:30:00,1219.47
SA1,page_hinkley,raw_30min,446,13379,2020-12-04 17:30:00,1623.14
SA1,page_hinkley,raw_30min,447,13409,2020-12-05 08:30:00,1242.73
SA1,page_hinkley,raw_30min,448,13439,2020-12-05 23:30:00,1077.51
SA1,page_hinkley,raw_30min,449,13469,2020-12-06 14:30:00,498.46
SA1,page_hinkley,raw_30min,450,13499,2020-12-07 05:30:00,958.55
SA1,page_hinkley,raw_30min,451,13529,2020-12-07 20:30:00,1251.8
SA1,page_hinkley,raw_30min,452,13559,2020-12-08 11:30:00,610.18
SA1,page_hinkley,raw_30min,453,13589,2020-12-09 02:30:00,1125.26
SA1,page_hinkley,raw_30min,454,13619,2020-12-09 17:30:00,887.32
SA1,page_hinkley,raw_30min,455,13649,2020-12-10 08:30:00,915.8
SA1,page_hinkley,raw_30min,456,13679,2020-12-10 23:30:00,1141.53
SA1,page_hinkley,raw_30min,457,13709,2020-12-11 14:30:00,809.58
SA1,page_hinkley,raw_30min,458,13739,2020-12-12 05:30:00,1108.33
SA1,page_hinkley,raw_30min,459,13769,2020-12-12 20:30:00,1835.34
SA1,page_hinkley,raw_30min,460,13799,2020-12-13 11:30:00,1180.21
SA1,page_hinkley,raw_30min,461,13829,2020-12-14 02:30:00,1239.41
SA1,page_hinkley,raw_30min,462,13859,2020-12-14 17:30:00,2328.79
SA1,page_hinkley,raw_30min,463,13889,2020-12-15 08:30:00,1300.13
SA1,page_hinkley,raw_30min,464,13919,2020-12-15 23:30:00,1277.36
SA1,page_hinkley,raw_30min,465,13949,2020-12-16 14:30:00,928.36
SA1,page_hinkley,raw_30min,466,13979,2020-12-17 05:30:00,1238.8
SA1,page_hinkley,raw_30min,467,14009,2020-12-17 20:30:00,1258.04
SA1,page_hinkley,raw_30min,468,14039,2020-12-18 11:30:00,526.78
SA1,page_hinkley,raw_30min,469,14069,2020-12-19 02:30:00,1130.47
SA1,page_hinkley,raw_30min,470,14099,2020-12-19 17:30:00,823.55
SA1,page_hinkley,raw_30min,471,14129,2020-12-20 08:30:00,750.86
SA1,page_hinkley,raw_30min,472,14159,2020-12-20 23:30:00,1233.84
SA1,page_hinkley,raw_30min,473,14189,2020-12-21 14:30:00,746.32
SA1,page_hinkley,raw_30min,474,14219,2020-12-22 05:30:00,1055.38
SA1,page_hinkley,raw_30min,475,14249,2020-12-22 20:30:00,1307.64
SA1,page_hinkley,raw_30min,476,14279,2020-12-23 11:30:00,528.61
SA1,page_hinkley,raw_30min,477,14309,2020-12-24 02:30:00,1162.86
SA1,page_hinkley,raw_30min,478,14339,2020-12-24 17:30:00,840.13
SA1,page_hinkley,raw_30min,479,14369,2020-12-25 08:30:00,703.36
SA1,page_hinkley,raw_30min,480,14399,2020-12-25 23:30:00,1171.54
SA1,page_hinkley,raw_30min,481,14429,2020-12-26 14:30:00,781.66
SA1,page_hinkley,raw_30min,482,14459,2020-12-27 05:30:00,1057.75
SA1,page_hinkley,raw_30min,483,14489,2020-12-27 20:30:00,1124.32
SA1,page_hinkley,raw_30min,484,14519,2020-12-28 11:30:00,600.19
SA1,page_hinkley,raw_30min,485,14549,2020-12-29 02:30:00,1171.45
SA1,page_hinkley,raw_30min,486,14579,2020-12-29 17:30:00,900.86
SA1,page_hinkley,raw_30min,487,14609,2020-12-30 08:30:00,983.74
SA1,page_hinkley,raw_30min,488,14639,2020-12-30 23:30:00,1125.1
SA1,page_hinkley,raw_30min,489,14669,2020-12-31 14:30:00,501.31
SA1,page_hinkley,raw_30min,490,14699,2021-01-01 05:30:00,1038.38
SA1,page_hinkley,raw_30min,491,14729,2021-01-01 20:30:00,1415.09
SA1,page_hinkley,raw_30min,492,14759,2021-01-02 11:30:00,592.58
SA1,page_hinkley,raw_30min,493,14789,2021-01-03 02:30:00,1126.63
SA1,page_hinkley,raw_30min,494,14819,2021-01-03 17:30:00,902.74
SA1,page_hinkley,raw_30min,495,14849,2021-01-04 08:30:00,945.2
SA1,page_hinkley,raw_30min,496,14879,2021-01-04 23:30:00,1162.54
SA1,page_hinkley,raw_30min,497,14909,2021-01-05 14:30:00,443.44
SA1,page_hinkley,raw_30min,498,14939,2021-01-06 05:30:00,1061.46
SA1,page_hinkley,raw_30min,499,14969,2021-01-06 20:30:00,1285.6
SA1,page_hinkley,raw_30min,500,14999,2021-01-07 11:30:00,507.66
SA1,page_hinkley,raw_30min,501,15029,2021-01-08 02:30:00,1169.76
SA1,page_hinkley,raw_30min,502,15059,2021-01-08 17:30:00,1511.62
SA1,page_hinkley,raw_30min,503,15089,2021-01-09 08:30:00,1094.9
SA1,page_hinkley,raw_30min,504,15119,2021-01-09 23:30:00,1460.69
SA1,page_hinkley,raw_30min,505,15149,2021-01-10 14:30:00,1522.8
SA1,page_hinkley,raw_30min,506,15179,2021-01-11 05:30:00,1314.03
SA1,page_hinkley,raw_30min,507,15209,2021-01-11 20:30:00,1486.66
SA1,page_hinkley,raw_30min,508,15239,2021-01-12 11:30:00,636.07
SA1,page_hinkley,raw_30min,509,15269,2021-01-13 02:30:00,1220.4
SA1,page_hinkley,raw_30min,510,15299,2021-01-13 17:30:00,1156.86
SA1,page_hinkley,raw_30min,511,15329,2021-01-14 08:30:00,1132.51
SA1,page_hinkley,raw_30min,512,15359,2021-01-14 23:30:00,1196.77
SA1,page_hinkley,raw_30min,513,15389,2021-01-15 14:30:00,577.45
SA1,page_hinkley,raw_30min,514,15419,2021-01-16 05:30:00,1086.37
SA1,page_hinkley,raw_30min,515,15449,2021-01-16 20:30:00,1240.44
SA1,page_hinkley,raw_30min,516,15479,2021-01-17 11:30:00,581.72
SA1,page_hinkley,raw_30min,517,15509,2021-01-18 02:30:00,1150.98
SA1,page_hinkley,raw_30min,518,15539,2021-01-18 17:30:00,989.07
SA1,page_hinkley,raw_30min,519,15569,2021-01-19 08:30:00,1192.48
SA1,page_hinkley,raw_30min,520,15599,2021-01-19 23:30:00,1229.64
SA1,page_hinkley,raw_30min,521,15629,2021-01-20 14:30:00,929.26
SA1,page_hinkley,raw_30min,522,15659,2021-01-21 05:30:00,1247.89
SA1,page_hinkley,raw_30min,523,15689,2021-01-21 20:30:00,1922.43
SA1,page_hinkley,raw_30min,524,15719,2021-01-22 11:30:00,968.59
SA1,page_hinkley,raw_30min,525,15749,2021-01-23 02:30:00,1250.56
SA1,page_hinkley,raw_30min,526,15779,2021-01-23 17:30:00,2098.67
SA1,page_hinkley,raw_30min,527,15809,2021-01-24 08:30:00,1508.38
SA1,page_hinkley,raw_30min,528,15839,2021-01-24 23:30:00,1973.98
SA1,page_hinkley,raw_30min,529,15869,2021-01-25 14:30:00,1914.73
SA1,page_hinkley,raw_30min,530,15899,2021-01-26 05:30:00,1174.89
SA1,page_hinkley,raw_30min,531,15929,2021-01-26 20:30:00,1279.04
SA1,page_hinkley,raw_30min,532,15959,2021-01-27 11:30:00,750.0
SA1,page_hinkley,raw_30min,533,15989,2021-01-28 02:30:00,1168.71
SA1,page_hinkley,raw_30min,534,16019,2021-01-28 17:30:00,1741.06
SA1,page_hinkley,raw_30min,535,16049,2021-01-29 08:30:00,1373.21
SA1,page_hinkley,raw_30min,536,16079,2021-01-29 23:30:00,1304.01
SA1,page_hinkley,raw_30min,537,16109,2021-01-30 14:30:00,493.45
SA1,page_hinkley,raw_30min,538,16139,2021-01-31 05:30:00,1098.23
SA1,page_hinkley,raw_30min,539,16169,2021-01-31 20:30:00,1414.77
SA1,page_hinkley,raw_30min,540,16199,2021-02-01 11:30:00,850.01
SA1,page_hinkley,raw_30min,541,16229,2021-02-02 02:30:00,1154.59
SA1,page_hinkley,raw_30min,542,16259,2021-02-02 17:30:00,941.84
SA1,page_hinkley,raw_30min,543,16289,2021-02-03 08:30:00,1125.82
SA1,page_hinkley,raw_30min,544,16319,2021-02-03 23:30:00,1344.45
SA1,page_hinkley,raw_30min,545,16349,2021-02-04 14:30:00,1148.93
SA1,page_hinkley,raw_30min,546,16379,2021-02-05 05:30:00,1126.48
SA1,page_hinkley,raw_30min,547,16409,2021-02-05 20:30:00,1240.85
SA1,page_hinkley,raw_30min,548,16439,2021-02-06 11:30:00,885.35
SA1,page_hinkley,raw_30min,549,16469,2021-02-07 02:30:00,1093.99
SA1,page_hinkley,raw_30min,550,16499,2021-02-07 17:30:00,844.11
SA1,page_hinkley,raw_30min,551,16529,2021-02-08 08:30:00,1058.09
SA1,page_hinkley,raw_30min,552,16559,2021-02-08 23:30:00,1136.91
SA1,page_hinkley,raw_30min,553,16589,2021-02-09 14:30:00,887.53
SA1,page_hinkley,raw_30min,554,16619,2021-02-10 05:30:00,1242.23
SA1,page_hinkley,raw_30min,555,16649,2021-02-10 20:30:00,1962.47
SA1,page_hinkley,raw_30min,556,16679,2021-02-11 11:30:00,1761.03
SA1,page_hinkley,raw_30min,557,16709,2021-02-12 02:30:00,1228.61
SA1,page_hinkley,raw_30min,558,16739,2021-02-12 17:30:00,940.67
SA1,page_hinkley,raw_30min,559,16769,2021-02-13 08:30:00,1061.86
SA1,page_hinkley,raw_30min,560,16799,2021-02-13 23:30:00,1223.46
SA1,page_hinkley,raw_30min,561,16829,2021-02-14 14:30:00,351.51
SA1,page_hinkley,raw_30min,562,16859,2021-02-15 05:30:00,1133.16
SA1,page_hinkley,raw_30min,563,16889,2021-02-15 20:30:00,1638.71
SA1,page_hinkley,raw_30min,564,16919,2021-02-16 11:30:00,1068.43
SA1,page_hinkley,raw_30min,565,16949,2021-02-17 02:30:00,1290.28
SA1,page_hinkley,raw_30min,566,16979,2021-02-17 17:30:00,2414.87
SA1,page_hinkley,raw_30min,567,17009,2021-02-18 08:30:00,1595.95
SA1,page_hinkley,raw_30min,568,17039,2021-02-18 23:30:00,1673.65
SA1,page_hinkley,raw_30min,569,17069,2021-02-19 14:30:00,2251.63
SA1,page_hinkley,raw_30min,570,17099,2021-02-20 05:30:00,1219.24
SA1,page_hinkley,raw_30min,571,17129,2021-02-20 20:30:00,1482.38
SA1,page_hinkley,raw_30min,572,17159,2021-02-21 11:30:00,465.76
SA1,page_hinkley,raw_30min,573,17189,2021-02-22 02:30:00,1143.92
SA1,page_hinkley,raw_30min,574,17219,2021-02-22 17:30:00,1110.53
SA1,page_hinkley,raw_30min,575,17249,2021-02-23 08:30:00,1179.96
SA1,page_hinkley,raw_30min,576,17279,2021-02-23 23:30:00,1254.47
SA1,page_hinkley,raw_30min,577,17309,2021-02-24 14:30:00,592.97
SA1,page_hinkley,raw_30min,578,17339,2021-02-25 05:30:00,1207.09
SA1,page_hinkley,raw_30min,579,17369,2021-02-25 20:30:00,1461.93
SA1,page_hinkley,raw_30min,580,17399,2021-02-26 11:30:00,898.53
SA1,page_hinkley,raw_30min,581,17429,2021-02-27 02:30:00,1126.29
SA1,page_hinkley,raw_30min,582,17459,2021-02-27 17:30:00,1001.02
SA1,page_hinkley,raw_30min,583,17489,2021-02-28 08:30:00,933.8
SA1,page_hinkley,raw_30min,584,17519,2021-02-28 23:30:00,1175.11
SA1,page_hinkley,raw_30min,585,17549,2021-03-01 14:30:00,706.37
SA1,page_hinkley,raw_30min,586,17579,2021-03-02 05:30:00,1181.43
SA1,page_hinkley,raw_30min,587,17609,2021-03-02 20:30:00,1379.74
SA1,page_hinkley,raw_30min,588,17639,2021-03-03 11:30:00,574.98
SA1,page_hinkley,raw_30min,589,17669,2021-03-04 02:30:00,1155.77
SA1,page_hinkley,raw_30min,590,17699,2021-03-04 17:30:00,1058.94
SA1,page_hinkley,raw_30min,591,17729,2021-03-05 08:30:00,1211.76
SA1,page_hinkley,raw_30min,592,17759,2021-03-05 23:30:00,1138.06
SA1,page_hinkley,raw_30min,593,17789,2021-03-06 14:30:00,603.82
SA1,page_hinkley,raw_30min,594,17819,2021-03-07 05:30:00,1158.11
SA1,page_hinkley,raw_30min,595,17849,2021-03-07 20:30:00,1328.45
SA1,page_hinkley,raw_30min,596,17879,2021-03-08 11:30:00,444.84
SA1,page_hinkley,raw_30min,597,17909,2021-03-09 02:30:00,1092.16
SA1,page_hinkley,raw_30min,598,17939,2021-03-09 17:30:00,1066.92
SA1,page_hinkley,raw_30min,599,17969,2021-03-10 08:30:00,1261.8
SA1,page_hinkley,raw_30min,600,17999,2021-03-10 23:30:00,1219.07
SA1,page_hinkley,raw_30min,601,18029,2021-03-11 14:30:00,681.97
SA1,page_hinkley,raw_30min,602,18059,2021-03-12 05:30:00,1138.91
SA1,page_hinkley,raw_30min,603,18089,2021-03-12 20:30:00,1613.04
SA1,page_hinkley,raw_30min,604,18119,2021-03-13 11:30:00,1140.19
SA1,page_hinkley,raw_30min,605,18149,2021-03-14 02:30:00,1028.91
SA1,page_hinkley,raw_30min,606,18179,2021-03-14 17:30:00,932.85
SA1,page_hinkley,raw_30min,607,18209,2021-03-15 08:30:00,1249.44
SA1,page_hinkley,raw_30min,608,18239,2021-03-15 23:30:00,1241.58
SA1,page_hinkley,raw_30min,609,18269,2021-03-16 14:30:00,1025.29
SA1,page_hinkley,raw_30min,610,18299,2021-03-17 05:30:00,1256.31
SA1,page_hinkley,raw_30min,611,18329,2021-03-17 20:30:00,1447.48
SA1,page_hinkley,raw_30min,612,18359,2021-03-18 11:30:00,916.3
SA1,page_hinkley,raw_30min,613,18389,2021-03-19 02:30:00,1186.06
SA1,page_hinkley,raw_30min,614,18419,2021-03-19 17:30:00,1457.43
SA1,page_hinkley,raw_30min,615,18449,2021-03-20 08:30:00,1131.92
SA1,page_hinkley,raw_30min,616,18479,2021-03-20 23:30:00,1215.59
SA1,page_hinkley,raw_30min,617,18509,2021-03-21 14:30:00,962.4
SA1,page_hinkley,raw_30min,618,18539,2021-03-22 05:30:00,1250.72
SA1,page_hinkley,raw_30min,619,18569,2021-03-22 20:30:00,1575.23
SA1,page_hinkley,raw_30min,620,18599,2021-03-23 11:30:00,775.93
SA1,page_hinkley,raw_30min,621,18629,2021-03-24 02:30:00,1160.78
SA1,page_hinkley,raw_30min,622,18659,2021-03-24 17:30:00,1256.71
SA1,page_hinkley,raw_30min,623,18689,2021-03-25 08:30:00,1240.22
SA1,page_hinkley,raw_30min,624,18719,2021-03-25 23:30:00,1236.49
SA1,page_hinkley,raw_30min,625,18749,2021-03-26 14:30:00,912.59
SA1,page_hinkley,raw_30min,626,18779,2021-03-27 05:30:00,1090.78
SA1,page_hinkley,raw_30min,627,18809,2021-03-27 20:30:00,1295.87
SA1,page_hinkley,raw_30min,628,18839,2021-03-28 11:30:00,713.07
SA1,page_hinkley,raw_30min,629,18869,2021-03-29 02:30:00,1184.08
SA1,page_hinkley,raw_30min,630,18899,2021-03-29 17:30:00,1231.32
SA1,page_hinkley,raw_30min,631,18929,2021-03-30 08:30:00,1321.41
SA1,page_hinkley,raw_30min,632,18959,2021-03-30 23:30:00,1281.09
SA1,page_hinkley,raw_30min,633,18989,2021-03-31 14:30:00,835.48
SA1,page_hinkley,raw_30min,634,19019,2021-04-01 05:30:00,1185.19
SA1,page_hinkley,raw_30min,635,19049,2021-04-01 20:30:00,1498.33
SA1,page_hinkley,raw_30min,636,19079,2021-04-02 11:30:00,581.36
SA1,page_hinkley,raw_30min,637,19109,2021-04-03 02:30:00,1203.53
SA1,page_hinkley,raw_30min,638,19139,2021-04-03 17:30:00,1577.3
SA1,page_hinkley,raw_30min,639,19169,2021-04-04 08:30:00,1003.01
SA1,page_hinkley,raw_30min,640,19199,2021-04-04 23:30:00,1261.01
SA1,page_hinkley,raw_30min,641,19229,2021-04-05 14:30:00,556.55
SA1,page_hinkley,raw_30min,642,19259,2021-04-06 05:30:00,1101.75
SA1,page_hinkley,raw_30min,643,19289,2021-04-06 20:30:00,1481.95
SA1,page_hinkley,raw_30min,644,19319,2021-04-07 11:30:00,720.21
SA1,page_hinkley,raw_30min,645,19349,2021-04-08 02:30:00,1248.93
SA1,page_hinkley,raw_30min,646,19379,2021-04-08 17:30:00,1631.78
SA1,page_hinkley,raw_30min,647,19409,2021-04-09 08:30:00,1279.41
SA1,page_hinkley,raw_30min,648,19439,2021-04-09 23:30:00,1169.68
SA1,page_hinkley,raw_30min,649,19469,2021-04-10 14:30:00,782.87
SA1,page_hinkley,raw_30min,650,19499,2021-04-11 05:30:00,887.35
SA1,page_hinkley,raw_30min,651,19529,2021-04-11 20:30:00,1378.39
SA1,page_hinkley,raw_30min,652,19559,2021-04-12 11:30:00,654.84
SA1,page_hinkley,raw_30min,653,19589,2021-04-13 02:30:00,1032.96
SA1,page_hinkley,raw_30min,654,19619,2021-04-13 17:30:00,1296.83
SA1,page_hinkley,raw_30min,655,19649,2021-04-14 08:30:00,1152.25
SA1,page_hinkley,raw_30min,656,19679,2021-04-14 23:30:00,1228.0
SA1,page_hinkley,raw_30min,657,19709,2021-04-15 14:30:00,679.87
SA1,page_hinkley,raw_30min,658,19739,2021-04-16 05:30:00,1166.14
SA1,page_hinkley,raw_30min,659,19769,2021-04-16 20:30:00,1512.94
SA1,page_hinkley,raw_30min,660,19799,2021-04-17 11:30:00,672.23
SA1,page_hinkley,raw_30min,661,19829,2021-04-18 02:30:00,1230.94
SA1,page_hinkley,raw_30min,662,19859,2021-04-18 17:30:00,1279.13
SA1,page_hinkley,raw_30min,663,19889,2021-04-19 08:30:00,1347.22
SA1,page_hinkley,raw_30min,664,19919,2021-04-19 23:30:00,1304.84
SA1,page_hinkley,raw_30min,665,19949,2021-04-20 14:30:00,879.16
SA1,page_hinkley,raw_30min,666,19979,2021-04-21 05:30:00,1249.47
SA1,page_hinkley,raw_30min,667,20009,2021-04-21 20:30:00,1684.94
SA1,page_hinkley,raw_30min,668,20039,2021-04-22 11:30:00,816.71
SA1,page_hinkley,raw_30min,669,20069,2021-04-23 02:30:00,1172.29
SA1,page_hinkley,raw_30min,670,20099,2021-04-23 17:30:00,1432.27
SA1,page_hinkley,raw_30min,671,20129,2021-04-24 08:30:00,1191.28
SA1,page_hinkley,raw_30min,672,20159,2021-04-24 23:30:00,1287.54
SA1,page_hinkley,raw_30min,673,20189,2021-04-25 14:30:00,540.52
SA1,page_hinkley,raw_30min,674,20219,2021-04-26 05:30:00,1149.55
SA1,page_hinkley,raw_30min,675,20249,2021-04-26 20:30:00,1482.13
SA1,page_hinkley,raw_30min,676,20279,2021-04-27 11:30:00,781.07
SA1,page_hinkley,raw_30min,677,20309,2021-04-28 02:30:00,1267.91
SA1,page_hinkley,raw_30min,678,20339,2021-04-28 17:30:00,1432.16
SA1,page_hinkley,raw_30min,679,20369,2021-04-29 08:30:00,1491.93
SA1,page_hinkley,raw_30min,680,20399,2021-04-29 23:30:00,1365.57
SA1,page_hinkley,raw_30min,681,20429,2021-04-30 14:30:00,674.15
SA1,page_hinkley,raw_30min,682,20459,2021-05-01 05:30:00,1009.23
SA1,page_hinkley,raw_30min,683,20489,2021-05-01 20:30:00,1332.45
SA1,page_hinkley,raw_30min,684,20519,2021-05-02 11:30:00,759.46
SA1,page_hinkley,raw_30min,685,20549,2021-05-03 02:30:00,1212.65
SA1,page_hinkley,raw_30min,686,20579,2021-05-03 17:30:00,1352.14
SA1,page_hinkley,raw_30min,687,20609,2021-05-04 08:30:00,1454.07
SA1,page_hinkley,raw_30min,688,20639,2021-05-04 23:30:00,1457.65
SA1,page_hinkley,raw_30min,689,20669,2021-05-05 14:30:00,874.65
SA1,page_hinkley,raw_30min,690,20699,2021-05-06 05:30:00,1151.16
SA1,page_hinkley,raw_30min,691,20729,2021-05-06 20:30:00,1587.76
SA1,page_hinkley,raw_30min,692,20759,2021-05-07 11:30:00,998.87
SA1,page_hinkley,raw_30min,693,20789,2021-05-08 02:30:00,1278.3
SA1,page_hinkley,raw_30min,694,20819,2021-05-08 17:30:00,1432.16
SA1,page_hinkley,raw_30min,695,20849,2021-05-09 08:30:00,1233.09
SA1,page_hinkley,raw_30min,696,20879,2021-05-09 23:30:00,1153.62
SA1,page_hinkley,raw_30min,697,20909,2021-05-10 14:30:00,1099.48
SA1,page_hinkley,raw_30min,698,20939,2021-05-11 05:30:00,1143.91
SA1,page_hinkley,raw_30min,699,20969,2021-05-11 20:30:00,1805.42
SA1,page_hinkley,raw_30min,700,20999,2021-05-12 11:30:00,1082.32
SA1,page_hinkley,raw_30min,701,21029,2021-05-13 02:30:00,1251.26
SA1,page_hinkley,raw_30min,702,21059,2021-05-13 17:30:00,1617.31
SA1,page_hinkley,raw_30min,703,21089,2021-05-14 08:30:00,1511.87
SA1,page_hinkley,raw_30min,704,21119,2021-05-14 23:30:00,1268.51
SA1,page_hinkley,raw_30min,705,21149,2021-05-15 14:30:00,1055.2
SA1,page_hinkley,raw_30min,706,21179,2021-05-16 05:30:00,1111.86
SA1,page_hinkley,raw_30min,707,21209,2021-05-16 20:30:00,1570.76
SA1,page_hinkley,raw_30min,708,21239,2021-05-17 11:30:00,1435.07
SA1,page_hinkley,raw_30min,709,21269,2021-05-18 02:30:00,1351.16
SA1,page_hinkley,raw_30min,710,21299,2021-05-18 17:30:00,1518.83
SA1,page_hinkley,raw_30min,711,21329,2021-05-19 08:30:00,1592.67
SA1,page_hinkley,raw_30min,712,21359,2021-05-19 23:30:00,1337.87
SA1,page_hinkley,raw_30min,713,21389,2021-05-20 14:30:00,1195.06
SA1,page_hinkley,raw_30min,714,21419,2021-05-21 05:30:00,1214.04
SA1,page_hinkley,raw_30min,715,21449,2021-05-21 20:30:00,1639.15
SA1,page_hinkley,raw_30min,716,21479,2021-05-22 11:30:00,745.3
SA1,page_hinkley,raw_30min,717,21509,2021-05-23 02:30:00,1157.9
SA1,page_hinkley,raw_30min,718,21539,2021-05-23 17:30:00,1262.79
SA1,page_hinkley,raw_30min,719,21569,2021-05-24 08:30:00,1277.42
SA1,page_hinkley,raw_30min,720,21599,2021-05-24 23:30:00,1150.34
SA1,page_hinkley,raw_30min,721,21629,2021-05-25 14:30:00,949.99
SA1,page_hinkley,raw_30min,722,21659,2021-05-26 05:30:00,1055.9
SA1,page_hinkley,raw_30min,723,21689,2021-05-26 20:30:00,1678.45
SA1,page_hinkley,raw_30min,724,21719,2021-05-27 11:30:00,980.84
SA1,page_hinkley,raw_30min,725,21749,2021-05-28 02:30:00,1332.38
SA1,page_hinkley,raw_30min,726,21779,2021-05-28 17:30:00,1640.5
SA1,page_hinkley,raw_30min,727,21809,2021-05-29 08:30:00,1480.33
SA1,page_hinkley,raw_30min,728,21839,2021-05-29 23:30:00,1488.01
SA1,page_hinkley,raw_30min,729,21869,2021-05-30 14:30:00,605.05
SA1,page_hinkley,raw_30min,730,21899,2021-05-31 05:30:00,1180.94
SA1,page_hinkley,raw_30min,731,21929,2021-05-31 20:30:00,1982.0
SA1,page_hinkley,raw_30min,732,21959,2021-06-01 11:30:00,1471.19
SA1,page_hinkley,raw_30min,733,21989,2021-06-02 02:30:00,1274.73
SA1,page_hinkley,raw_30min,734,22019,2021-06-02 17:30:00,1595.42
SA1,page_hinkley,raw_30min,735,22049,2021-06-03 08:30:00,1737.54
SA1,page_hinkley,raw_30min,736,22079,2021-06-03 23:30:00,1388.13
SA1,page_hinkley,raw_30min,737,22109,2021-06-04 14:30:00,1014.41
SA1,page_hinkley,raw_30min,738,22139,2021-06-05 05:30:00,1169.13
SA1,page_hinkley,raw_30min,739,22169,2021-06-05 20:30:00,1619.0
SA1,page_hinkley,raw_30min,740,22199,2021-06-06 11:30:00,804.24
SA1,page_hinkley,raw_30min,741,22229,2021-06-07 02:30:00,1146.61
SA1,page_hinkley,raw_30min,742,22259,2021-06-07 17:30:00,1742.67
SA1,page_hinkley,raw_30min,743,22289,2021-06-08 08:30:00,1838.95
SA1,page_hinkley,raw_30min,744,22319,2021-06-08 23:30:00,1484.89
SA1,page_hinkley,raw_30min,745,22349,2021-06-09 14:30:00,1278.31
SA1,page_hinkley,raw_30min,746,22379,2021-06-10 05:30:00,1186.83
SA1,page_hinkley,raw_30min,747,22409,2021-06-10 20:30:00,1998.86
SA1,page_hinkley,raw_30min,748,22439,2021-06-11 11:30:00,1469.12
SA1,page_hinkley,raw_30min,749,22469,2021-06-12 02:30:00,1337.91
SA1,page_hinkley,raw_30min,750,22499,2021-06-12 17:30:00,1622.15
SA1,page_hinkley,raw_30min,751,22529,2021-06-13 08:30:00,1325.73
SA1,page_hinkley,raw_30min,752,22559,2021-06-13 23:30:00,1336.61
SA1,page_hinkley,raw_30min,753,22589,2021-06-14 14:30:00,945.16
SA1,page_hinkley,raw_30min,754,22619,2021-06-15 05:30:00,1120.49
SA1,page_hinkley,raw_30min,755,22649,2021-06-15 20:30:00,1708.94
SA1,page_hinkley,raw_30min,756,22679,2021-06-16 11:30:00,1418.31
SA1,page_hinkley,raw_30min,757,22709,2021-06-17 02:30:00,1301.0
SA1,page_hinkley,raw_30min,758,22739,2021-06-17 17:30:00,1909.39
SA1,page_hinkley,raw_30min,759,22769,2021-06-18 08:30:00,1628.42
SA1,page_hinkley,raw_30min,760,22799,2021-06-18 23:30:00,1484.87
SA1,page_hinkley,raw_30min,761,22829,2021-06-19 14:30:00,1162.56
SA1,page_hinkley,raw_30min,762,22859,2021-06-20 05:30:00,1158.49
SA1,page_hinkley,raw_30min,763,22889,2021-06-20 20:30:00,1862.21
SA1,page_hinkley,raw_30min,764,22919,2021-06-21 11:30:00,1068.09
SA1,page_hinkley,raw_30min,765,22949,2021-06-22 02:30:00,1229.4
SA1,page_hinkley,raw_30min,766,22979,2021-06-22 17:30:00,1692.19
SA1,page_hinkley,raw_30min,767,23009,2021-06-23 08:30:00,1607.79
SA1,page_hinkley,raw_30min,768,23039,2021-06-23 23:30:00,1419.54
SA1,page_hinkley,raw_30min,769,23069,2021-06-24 14:30:00,1288.26
SA1,page_hinkley,raw_30min,770,23099,2021-06-25 05:30:00,1207.31
SA1,page_hinkley,raw_30min,771,23129,2021-06-25 20:30:00,1937.45
SA1,page_hinkley,raw_30min,772,23159,2021-06-26 11:30:00,1082.15
SA1,page_hinkley,raw_30min,773,23189,2021-06-27 02:30:00,1254.5
SA1,page_hinkley,raw_30min,774,23219,2021-06-27 17:30:00,1733.8
SA1,page_hinkley,raw_30min,775,23249,2021-06-28 08:30:00,1843.07
SA1,page_hinkley,raw_30min,776,23279,2021-06-28 23:30:00,1474.28
SA1,page_hinkley,raw_30min,777,23309,2021-06-29 14:30:00,803.65
SA1,page_hinkley,raw_30min,778,23339,2021-06-30 05:30:00,1112.43
SA1,page_hinkley,raw_30min,779,23369,2021-06-30 20:30:00,1978.75
SA1,page_hinkley,raw_30min,780,23399,2021-07-01 11:30:00,1259.59
SA1,page_hinkley,raw_30min,781,23429,2021-07-02 02:30:00,1206.83
SA1,page_hinkley,raw_30min,782,23459,2021-07-02 17:30:00,1825.49
SA1,page_hinkley,raw_30min,783,23489,2021-07-03 08:30:00,1508.67
SA1,page_hinkley,raw_30min,784,23519,2021-07-03 23:30:00,1460.44
SA1,page_hinkley,raw_30min,785,23549,2021-07-04 14:30:00,890.23
SA1,page_hinkley,raw_30min,786,23579,2021-07-05 05:30:00,1330.94
SA1,page_hinkley,raw_30min,787,23609,2021-07-05 20:30:00,2185.75
SA1,page_hinkley,raw_30min,788,23639,2021-07-06 11:30:00,1255.5
SA1,page_hinkley,raw_30min,789,23669,2021-07-07 02:30:00,1292.2
SA1,page_hinkley,raw_30min,790,23699,2021-07-07 17:30:00,1644.16
SA1,page_hinkley,raw_30min,791,23729,2021-07-08 08:30:00,1724.46
SA1,page_hinkley,raw_30min,792,23759,2021-07-08 23:30:00,1617.93
SA1,page_hinkley,raw_30min,793,23789,2021-07-09 14:30:00,1287.2
SA1,page_hinkley,raw_30min,794,23819,2021-07-10 05:30:00,1290.32
SA1,page_hinkley,raw_30min,795,23849,2021-07-10 20:30:00,1754.1
SA1,page_hinkley,raw_30min,796,23879,2021-07-11 11:30:00,1074.28
SA1,page_hinkley,raw_30min,797,23909,2021-07-12 02:30:00,1225.3
SA1,page_hinkley,raw_30min,798,23939,2021-07-12 17:30:00,1781.04
SA1,page_hinkley,raw_30min,799,23969,2021-07-13 08:30:00,1642.76
SA1,page_hinkley,raw_30min,800,23999,2021-07-13 23:30:00,1422.91
SA1,page_hinkley,raw_30min,801,24029,2021-07-14 14:30:00,924.64
SA1,page_hinkley,raw_30min,802,24059,2021-07-15 05:30:00,1102.27
SA1,page_hinkley,raw_30min,803,24089,2021-07-15 20:30:00,1830.9
SA1,page_hinkley,raw_30min,804,24119,2021-07-16 11:30:00,1504.17
SA1,page_hinkley,raw_30min,805,24149,2021-07-17 02:30:00,1286.07
SA1,page_hinkley,raw_30min,806,24179,2021-07-17 17:30:00,1545.09
SA1,page_hinkley,raw_30min,807,24209,2021-07-18 08:30:00,1478.44
SA1,page_hinkley,raw_30min,808,24239,2021-07-18 23:30:00,1505.9
SA1,page_hinkley,raw_30min,809,24269,2021-07-19 14:30:00,1062.61
SA1,page_hinkley,raw_30min,810,24299,2021-07-20 05:30:00,1123.24
SA1,page_hinkley,raw_30min,811,24329,2021-07-20 20:30:00,2049.1
SA1,page_hinkley,raw_30min,812,24359,2021-07-21 11:30:00,1289.2
SA1,page_hinkley,raw_30min,813,24389,2021-07-22 02:30:00,1337.84
SA1,page_hinkley,raw_30min,814,24419,2021-07-22 17:30:00,2275.48
SA1,page_hinkley,raw_30min,815,24449,2021-07-23 08:30:00,1735.29
SA1,page_hinkley,raw_30min,816,24479,2021-07-23 23:30:00,1479.23
SA1,page_hinkley,raw_30min,817,24509,2021-07-24 14:30:00,1874.85
SA1,page_hinkley,raw_30min,818,24539,2021-07-25 05:30:00,1064.73
SA1,page_hinkley,raw_30min,819,24569,2021-07-25 20:30:00,1721.93
SA1,page_hinkley,raw_30min,820,24599,2021-07-26 11:30:00,943.87
SA1,page_hinkley,raw_30min,821,24629,2021-07-27 02:30:00,1237.83
SA1,page_hinkley,raw_30min,822,24659,2021-07-27 17:30:00,1633.78
SA1,page_hinkley,raw_30min,823,24689,2021-07-28 08:30:00,1609.15
SA1,page_hinkley,raw_30min,824,24719,2021-07-28 23:30:00,1492.04
SA1,page_hinkley,raw_30min,825,24749,2021-07-29 14:30:00,669.47
SA1,page_hinkley,raw_30min,826,24779,2021-07-30 05:30:00,1060.69
SA1,page_hinkley,raw_30min,827,24809,2021-07-30 20:30:00,1568.64
SA1,page_hinkley,raw_30min,828,24839,2021-07-31 11:30:00,1494.06
SA1,page_hinkley,raw_30min,829,24869,2021-08-01 02:30:00,1338.84
SA1,page_hinkley,raw_30min,830,24899,2021-08-01 17:30:00,1372.31
SA1,page_hinkley,raw_30min,831,24929,2021-08-02 08:30:00,1609.14
SA1,page_hinkley,raw_30min,832,24959,2021-08-02 23:30:00,1497.62
SA1,page_hinkley,raw_30min,833,24989,2021-08-03 14:30:00,1060.04
SA1,page_hinkley,raw_30min,834,25019,2021-08-04 05:30:00,1137.65
SA1,page_hinkley,raw_30min,835,25049,2021-08-04 20:30:00,1940.84
SA1,page_hinkley,raw_30min,836,25079,2021-08-05 11:30:00,1300.63
SA1,page_hinkley,raw_30min,837,25109,2021-08-06 02:30:00,1333.98
SA1,page_hinkley,raw_30min,838,25139,2021-08-06 17:30:00,1719.96
SA1,page_hinkley,raw_30min,839,25169,2021-08-07 08:30:00,1444.65
SA1,page_hinkley,raw_30min,840,25199,2021-08-07 23:30:00,1560.79
SA1,page_hinkley,raw_30min,841,25229,2021-08-08 14:30:00,741.03
SA1,page_hinkley,raw_30min,842,25259,2021-08-09 05:30:00,1075.51
SA1,page_hinkley,raw_30min,843,25289,2021-08-09 20:30:00,1665.84
SA1,page_hinkley,raw_30min,844,25319,2021-08-10 11:30:00,1041.43
SA1,page_hinkley,raw_30min,845,25349,2021-08-11 02:30:00,1262.48
SA1,page_hinkley,raw_30min,846,25379,2021-08-11 17:30:00,1449.56
SA1,page_hinkley,raw_30min,847,25409,2021-08-12 08:30:00,1671.8
SA1,page_hinkley,raw_30min,848,25439,2021-08-12 23:30:00,1445.05
SA1,page_hinkley,raw_30min,849,25469,2021-08-13 14:30:00,778.85
SA1,page_hinkley,raw_30min,850,25499,2021-08-14 05:30:00,1204.27
SA1,page_hinkley,raw_30min,851,25529,2021-08-14 20:30:00,1707.32
SA1,page_hinkley,raw_30min,852,25559,2021-08-15 11:30:00,593.13
SA1,page_hinkley,raw_30min,853,25589,2021-08-16 02:30:00,1218.51
SA1,page_hinkley,raw_30min,854,25619,2021-08-16 17:30:00,1433.21
SA1,page_hinkley,raw_30min,855,25649,2021-08-17 08:30:00,1786.83
SA1,page_hinkley,raw_30min,856,25679,2021-08-17 23:30:00,1606.48
SA1,page_hinkley,raw_30min,857,25709,2021-08-18 14:30:00,786.15
SA1,page_hinkley,raw_30min,858,25739,2021-08-19 05:30:00,1207.47
SA1,page_hinkley,raw_30min,859,25769,2021-08-19 20:30:00,1611.77
SA1,page_hinkley,raw_30min,860,25799,2021-08-20 11:30:00,1114.49
SA1,page_hinkley,raw_30min,861,25829,2021-08-21 02:30:00,1287.85
SA1,page_hinkley,raw_30min,862,25859,2021-08-21 17:30:00,1028.26
SA1,page_hinkley,raw_30min,863,25889,2021-08-22 08:30:00,1058.16
SA1,page_hinkley,raw_30min,864,25919,2021-08-22 23:30:00,1202.88
SA1,page_hinkley,raw_30min,865,25949,2021-08-23 14:30:00,989.58
SA1,page_hinkley,raw_30min,866,25979,2021-08-24 05:30:00,1206.93
SA1,page_hinkley,raw_30min,867,26009,2021-08-24 20:30:00,2027.56
SA1,page_hinkley,raw_30min,868,26039,2021-08-25 11:30:00,1140.33
SA1,page_hinkley,raw_30min,869,26069,2021-08-26 02:30:00,1362.35
SA1,page_hinkley,raw_30min,870,26099,2021-08-26 17:30:00,1517.21
SA1,page_hinkley,raw_30min,871,26129,2021-08-27 08:30:00,1809.54
SA1,page_hinkley,raw_30min,872,26159,2021-08-27 23:30:00,1414.78
SA1,page_hinkley,raw_30min,873,26189,2021-08-28 14:30:00,695.02
SA1,page_hinkley,raw_30min,874,26219,2021-08-29 05:30:00,1173.15
SA1,page_hinkley,raw_30min,875,26249,2021-08-29 20:30:00,1784.98
SA1,page_hinkley,raw_30min,876,26279,2021-08-30 11:30:00,826.53
SA1,page_hinkley,raw_30min,877,26309,2021-08-31 02:30:00,1132.54
SA1,page_hinkley,raw_30min,878,26339,2021-08-31 17:30:00,1290.68
SA1,page_hinkley,raw_30min,879,26369,2021-09-01 08:30:00,1436.7
SA1,page_hinkley,raw_30min,880,26399,2021-09-01 23:30:00,1091.93
SA1,page_hinkley,raw_30min,881,26429,2021-09-02 14:30:00,926.51
SA1,page_hinkley,raw_30min,882,26459,2021-09-03 05:30:00,1176.5
SA1,page_hinkley,raw_30min,883,26489,2021-09-03 20:30:00,1613.02
SA1,page_hinkley,raw_30min,884,26519,2021-09-04 11:30:00,980.37
SA1,page_hinkley,raw_30min,885,26549,2021-09-05 02:30:00,1268.82
SA1,page_hinkley,raw_30min,886,26579,2021-09-05 17:30:00,1175.54
SA1,page_hinkley,raw_30min,887,26609,2021-09-06 08:30:00,1540.22
SA1,page_hinkley,raw_30min,888,26639,2021-09-06 23:30:00,1378.48
SA1,page_hinkley,raw_30min,889,26669,2021-09-07 14:30:00,665.89
SA1,page_hinkley,raw_30min,890,26699,2021-09-08 05:30:00,1178.99
SA1,page_hinkley,raw_30min,891,26729,2021-09-08 20:30:00,1533.0
SA1,page_hinkley,raw_30min,892,26759,2021-09-09 11:30:00,607.34
SA1,page_hinkley,raw_30min,893,26789,2021-09-10 02:30:00,1249.63
SA1,page_hinkley,raw_30min,894,26819,2021-09-10 17:30:00,1182.65
SA1,page_hinkley,raw_30min,895,26849,2021-09-11 08:30:00,1153.9
SA1,page_hinkley,raw_30min,896,26879,2021-09-11 23:30:00,1131.11
SA1,page_hinkley,raw_30min,897,26909,2021-09-12 14:30:00,880.31
SA1,page_hinkley,raw_30min,898,26939,2021-09-13 05:30:00,1156.13
SA1,page_hinkley,raw_30min,899,26969,2021-09-13 20:30:00,1932.85
SA1,page_hinkley,raw_30min,900,26999,2021-09-14 11:30:00,991.67
SA1,page_hinkley,raw_30min,901,27029,2021-09-15 02:30:00,1294.68
SA1,page_hinkley,raw_30min,902,27059,2021-09-15 17:30:00,1235.0
SA1,page_hinkley,raw_30min,903,27089,2021-09-16 08:30:00,1304.29
SA1,page_hinkley,raw_30min,904,27119,2021-09-16 23:30:00,1157.93
SA1,page_hinkley,raw_30min,905,27149,2021-09-17 14:30:00,580.52
SA1,page_hinkley,raw_30min,906,27179,2021-09-18 05:30:00,959.02
SA1,page_hinkley,raw_30min,907,27209,2021-09-18 20:30:00,1420.16
SA1,page_hinkley,raw_30min,908,27239,2021-09-19 11:30:00,440.25
SA1,page_hinkley,raw_30min,909,27269,2021-09-20 02:30:00,1077.58
SA1,page_hinkley,raw_30min,910,27299,2021-09-20 17:30:00,1371.51
SA1,page_hinkley,raw_30min,911,27329,2021-09-21 08:30:00,1376.13
SA1,page_hinkley,raw_30min,912,27359,2021-09-21 23:30:00,1388.83
SA1,page_hinkley,raw_30min,913,27389,2021-09-22 14:30:00,949.68
SA1,page_hinkley,raw_30min,914,27419,2021-09-23 05:30:00,1083.53
SA1,page_hinkley,raw_30min,915,27449,2021-09-23 20:30:00,1560.22
SA1,page_hinkley,raw_30min,916,27479,2021-09-24 11:30:00,893.15
SA1,page_hinkley,raw_30min,917,27509,2021-09-25 02:30:00,1200.92
SA1,page_hinkley,raw_30min,918,27539,2021-09-25 17:30:00,1097.29
SA1,page_hinkley,raw_30min,919,27569,2021-09-26 08:30:00,952.15
SA1,page_hinkley,raw_30min,920,27599,2021-09-26 23:30:00,1273.91
SA1,page_hinkley,raw_30min,921,27629,2021-09-27 14:30:00,482.68
SA1,page_hinkley,raw_30min,922,27659,2021-09-28 05:30:00,1043.9
SA1,page_hinkley,raw_30min,923,27689,2021-09-28 20:30:00,1402.24
SA1,page_hinkley,raw_30min,924,27719,2021-09-29 11:30:00,459.85
SA1,page_hinkley,raw_30min,925,27749,2021-09-30 02:30:00,1098.2
SA1,page_hinkley,raw_30min,926,27779,2021-09-30 17:30:00,1361.77
SA1,page_hinkley,raw_30min,927,27809,2021-10-01 08:30:00,1230.9966666666667
SA1,page_hinkley,raw_30min,928,27839,2021-10-01 23:30:00,1316.015
SA1,page_hinkley,raw_30min,929,27869,2021-10-02 14:30:00,254.5
SA1,page_hinkley,raw_30min,930,27899,2021-10-03 05:30:00,890.435
SA1,page_hinkley,raw_30min,931,27929,2021-10-03 20:30:00,1232.8016666666667
SA1,page_hinkley,raw_30min,932,27959,2021-10-04 11:30:00,637.9183333333334
SA1,page_hinkley,raw_30min,933,27989,2021-10-05 02:30:00,1096.8816666666667
SA1,page_hinkley,raw_30min,934,28019,2021-10-05 17:30:00,1013.2966666666666
SA1,page_hinkley,raw_30min,935,28049,2021-10-06 08:30:00,1228.03
SA1,page_hinkley,raw_30min,936,28079,2021-10-06 23:30:00,1057.0433333333333
SA1,page_hinkley,raw_30min,937,28109,2021-10-07 14:30:00,401.81166666666667
SA1,page_hinkley,raw_30min,938,28139,2021-10-08 05:30:00,1166.825
SA1,page_hinkley,raw_30min,939,28169,2021-10-08 20:30:00,1412.3116666666667
SA1,page_hinkley,raw_30min,940,28199,2021-10-09 11:30:00,600.4333333333333
SA1,page_hinkley,raw_30min,941,28229,2021-10-10 02:30:00,1151.2666666666667
SA1,page_hinkley,raw_30min,942,28259,2021-10-10 17:30:00,978.0583333333334
SA1,page_hinkley,raw_30min,943,28289,2021-10-11 08:30:00,1244.6433333333334
SA1,page_hinkley,raw_30min,944,28319,2021-10-11 23:30:00,1146.0233333333333
SA1,page_hinkley,raw_30min,945,28349,2021-10-12 14:30:00,403.2266666666667
SA1,page_hinkley,raw_30min,946,28379,2021-10-13 05:30:00,1121.9916666666666
SA1,page_hinkley,raw_30min,947,28409,2021-10-13 20:30:00,1614.54
SA1,page_hinkley,raw_30min,948,28439,2021-10-14 11:30:00,888.815
SA1,page_hinkley,raw_30min,949,28469,2021-10-15 02:30:00,1190.6333333333332
SA1,page_hinkley,raw_30min,950,28499,2021-10-15 17:30:00,1256.985
SA1,page_hinkley,raw_30min,951,28529,2021-10-16 08:30:00,1234.72
SA1,page_hinkley,raw_30min,952,28559,2021-10-16 23:30:00,1263.3333333333333
SA1,page_hinkley,raw_30min,953,28589,2021-10-17 14:30:00,309.8516666666667
SA1,page_hinkley,raw_30min,954,28619,2021-10-18 05:30:00,1122.59
SA1,page_hinkley,raw_30min,955,28649,2021-10-18 20:30:00,1353.54
SA1,page_hinkley,raw_30min,956,28679,2021-10-19 11:30:00,300.65833333333336
SA1,page_hinkley,raw_30min,957,28709,2021-10-20 02:30:00,1049.1366666666665
SA1,page_hinkley,raw_30min,958,28739,2021-10-20 17:30:00,1215.8033333333333
SA1,page_hinkley,raw_30min,959,28769,2021-10-21 08:30:00,1036.2866666666666
SA1,page_hinkley,raw_30min,960,28799,2021-10-21 23:30:00,1164.04
SA1,page_hinkley,raw_30min,961,28829,2021-10-22 14:30:00,614.8233333333334
SA1,page_hinkley,raw_30min,962,28859,2021-10-23 05:30:00,931.02
SA1,page_hinkley,raw_30min,963,28889,2021-10-23 20:30:00,1252.6333333333334
SA1,page_hinkley,raw_30min,964,28919,2021-10-24 11:30:00,570.915
SA1,page_hinkley,raw_30min,965,28949,2021-10-25 02:30:00,1130.0166666666667
SA1,page_hinkley,raw_30min,966,28979,2021-10-25 17:30:00,923.0733333333334
SA1,page_hinkley,raw_30min,967,29009,2021-10-26 08:30:00,890.0233333333332
SA1,page_hinkley,raw_30min,968,29039,2021-10-26 23:30:00,1048.845
SA1,page_hinkley,raw_30min,969,29069,2021-10-27 14:30:00,711.13
SA1,page_hinkley,raw_30min,970,29099,2021-10-28 05:30:00,1002.0483333333333
SA1,page_hinkley,raw_30min,971,29129,2021-10-28 20:30:00,1242.905
SA1,page_hinkley,raw_30min,972,29159,2021-10-29 11:30:00,697.415
SA1,page_hinkley,raw_30min,973,29189,2021-10-30 02:30:00,1083.8816666666667
SA1,page_hinkley,raw_30min,974,29219,2021-10-30 17:30:00,811.7116666666667
SA1,page_hinkley,raw_30min,975,29249,2021-10-31 08:30:00,682.8166666666666
SA1,page_hinkley,raw_30min,976,29279,2021-10-31 23:30:00,1123.2116666666668
SA1,page_hinkley,raw_30min,977,29309,2021-11-01 14:30:00,431.4583333333333
SA1,page_hinkley,raw_30min,978,29339,2021-11-02 05:30:00,1022.4166666666666
SA1,page_hinkley,raw_30min,979,29369,2021-11-02 20:30:00,1527.0233333333333
SA1,page_hinkley,raw_30min,980,29399,2021-11-03 11:30:00,965.66
SA1,page_hinkley,raw_30min,981,29429,2021-11-04 02:30:00,1144.66
SA1,page_hinkley,raw_30min,982,29459,2021-11-04 17:30:00,990.8233333333334
SA1,page_hinkley,raw_30min,983,29489,2021-11-05 08:30:00,896.9683333333332
SA1,page_hinkley,raw_30min,984,29519,2021-11-05 23:30:00,1234.8700000000001
SA1,page_hinkley,raw_30min,985,29549,2021-11-06 14:30:00,516.3983333333334
SA1,page_hinkley,raw_30min,986,29579,2021-11-07 05:30:00,1025.2416666666666
SA1,page_hinkley,raw_30min,987,29609,2021-11-07 20:30:00,1261.9433333333334
SA1,page_hinkley,raw_30min,988,29639,2021-11-08 11:30:00,500.20166666666665
SA1,page_hinkley,raw_30min,989,29669,2021-11-09 02:30:00,1164.5649999999998
SA1,page_hinkley,raw_30min,990,29699,2021-11-09 17:30:00,1342.545
SA1,page_hinkley,raw_30min,991,29729,2021-11-10 08:30:00,1060.45
SA1,page_hinkley,raw_30min,992,29759,2021-11-10 23:30:00,1148.8883333333333
SA1,page_hinkley,raw_30min,993,29789,2021-11-11 14:30:00,1456.1850000000002
SA1,page_hinkley,raw_30min,994,29819,2021-11-12 05:30:00,1131.3433333333332
SA1,page_hinkley,raw_30min,995,29849,2021-11-12 20:30:00,1493.97
SA1,page_hinkley,raw_30min,996,29879,2021-11-13 11:30:00,443.95666666666665
SA1,page_hinkley,raw_30min,997,29909,2021-11-14 02:30:00,1079.6716666666666
SA1,page_hinkley,raw_30min,998,29939,2021-11-14 17:30:00,1084.14
SA1,page_hinkley,raw_30min,999,29969,2021-11-15 08:30:00,1195.04
SA1,page_hinkley,raw_30min,1000,29999,2021-11-15 23:30:00,1219.2966666666666
SA1,page_hinkley,raw_30min,1001,30029,2021-11-16 14:30:00,437.04833333333335
SA1,page_hinkley,raw_30min,1002,30059,2021-11-17 05:30:00,1113.5533333333333
SA1,page_hinkley,raw_30min,1003,30089,2021-11-17 20:30:00,1322.5033333333333
SA1,page_hinkley,raw_30min,1004,30119,2021-11-18 11:30:00,929.7683333333333
SA1,page_hinkley,raw_30min,1005,30149,2021-11-19 02:30:00,1155.3816666666667
SA1,page_hinkley,raw_30min,1006,30179,2021-11-19 17:30:00,1396.1483333333333
SA1,page_hinkley,raw_30min,1007,30209,2021-11-20 08:30:00,1101.6233333333332
SA1,page_hinkley,raw_30min,1008,30239,2021-11-20 23:30:00,1031.6866666666667
SA1,page_hinkley,raw_30min,1009,30269,2021-11-21 14:30:00,31.66
SA1,page_hinkley,raw_30min,1010,30299,2021-11-22 05:30:00,1075.3683333333333
SA1,page_hinkley,raw_30min,1011,30329,2021-11-22 20:30:00,1465.005
SA1,page_hinkley,raw_30min,1012,30359,2021-11-23 11:30:00,937.025
SA1,page_hinkley,raw_30min,1013,30389,2021-11-24 02:30:00,1189.5616666666667
SA1,page_hinkley,raw_30min,1014,30419,2021-11-24 17:30:00,1180.2633333333333
SA1,page_hinkley,raw_30min,1015,30449,2021-11-25 08:30:00,1037.2566666666667
SA1,page_hinkley,raw_30min,1016,30479,2021-11-25 23:30:00,1026.05
SA1,page_hinkley,raw_30min,1017,30509,2021-11-26 14:30:00,257.9766666666667
SA1,page_hinkley,raw_30min,1018,30539,2021-11-27 05:30:00,1025.295
SA1,page_hinkley,raw_30min,1019,30569,2021-11-27 20:30:00,1170.2083333333333
SA1,page_hinkley,raw_30min,1020,30599,2021-11-28 11:30:00,176.875
SA1,page_hinkley,raw_30min,1021,30629,2021-11-29 02:30:00,1093.9199999999998
SA1,page_hinkley,raw_30min,1022,30659,2021-11-29 17:30:00,1207.4366666666667
SA1,page_hinkley,raw_30min,1023,30689,2021-11-30 08:30:00,902.91
SA1,page_hinkley,raw_30min,1024,30719,2021-11-30 23:30:00,1405.3666666666668
SA1,page_hinkley,raw_30min,1025,30749,2021-12-01 14:30:00,929.2666666666668
SA1,page_hinkley,raw_30min,1026,30779,2021-12-02 05:30:00,1233.235
SA1,page_hinkley,raw_30min,1027,30809,2021-12-02 20:30:00,1365.22
SA1,page_hinkley,raw_30min,1028,30839,2021-12-03 11:30:00,419.51
SA1,page_hinkley,raw_30min,1029,30869,2021-12-04 02:30:00,1088.46
SA1,page_hinkley,raw_30min,1030,30899,2021-12-04 17:30:00,762.5183333333333
SA1,page_hinkley,raw_30min,1031,30929,2021-12-05 08:30:00,644.1983333333334
SA1,page_hinkley,raw_30min,1032,30959,2021-12-05 23:30:00,1185.8383333333334
SA1,page_hinkley,raw_30min,1033,30989,2021-12-06 14:30:00,448.535
SA1,page_hinkley,raw_30min,1034,31019,2021-12-07 05:30:00,1135.97
SA1,page_hinkley,raw_30min,1035,31049,2021-12-07 20:30:00,1316.7583333333334
SA1,page_hinkley,raw_30min,1036,31079,2021-12-08 11:30:00,714.0533333333333
SA1,page_hinkley,raw_30min,1037,31109,2021-12-09 02:30:00,1251.9233333333334
SA1,page_hinkley,raw_30min,1038,31139,2021-12-09 17:30:00,916.8633333333333
SA1,page_hinkley,raw_30min,1039,31169,2021-12-10 08:30:00,906.8733333333333
SA1,page_hinkley,raw_30min,1040,31199,2021-12-10 23:30:00,1231.5733333333335
SA1,page_hinkley,raw_30min,1041,31229,2021-12-11 14:30:00,327.78833333333336
SA1,page_hinkley,raw_30min,1042,31259,2021-12-12 05:30:00,1103.9483333333335
SA1,page_hinkley,raw_30min,1043,31289,2021-12-12 20:30:00,1804.8066666666666
SA1,page_hinkley,raw_30min,1044,31319,2021-12-13 11:30:00,1412.8216666666667
SA1,page_hinkley,raw_30min,1045,31349,2021-12-14 02:30:00,1223.3266666666666
SA1,page_hinkley,raw_30min,1046,31379,2021-12-14 17:30:00,1219.3433333333332
SA1,page_hinkley,raw_30min,1047,31409,2021-12-15 08:30:00,1163.2083333333333
SA1,page_hinkley,raw_30min,1048,31439,2021-12-15 23:30:00,1314.8966666666668
SA1,page_hinkley,raw_30min,1049,31469,2021-12-16 14:30:00,620.34
SA1,page_hinkley,raw_30min,1050,31499,2021-12-17 05:30:00,1258.575
SA1,page_hinkley,raw_30min,1051,31529,2021-12-17 20:30:00,2017.3149999999998
SA1,page_hinkley,raw_30min,1052,31559,2021-12-18 11:30:00,506.365
SA1,page_hinkley,raw_30min,1053,31589,2021-12-19 02:30:00,1271.9766666666667
SA1,page_hinkley,raw_30min,1054,31619,2021-12-19 17:30:00,918.19
SA1,page_hinkley,raw_30min,1055,31649,2021-12-20 08:30:00,1013.8666666666667
SA1,page_hinkley,raw_30min,1056,31679,2021-12-20 23:30:00,1263.73
SA1,page_hinkley,raw_30min,1057,31709,2021-12-21 14:30:00,484.16166666666663
SA1,page_hinkley,raw_30min,1058,31739,2021-12-22 05:30:00,1243.515
SA1,page_hinkley,raw_30min,1059,31769,2021-12-22 20:30:00,1465.6133333333335
SA1,page_hinkley,raw_30min,1060,31799,2021-12-23 11:30:00,437.0183333333334
SA1,page_hinkley,raw_30min,1061,31829,2021-12-24 02:30:00,1179.0283333333334
SA1,page_hinkley,raw_30min,1062,31859,2021-12-24 17:30:00,1273.81
SA1,page_hinkley,raw_30min,1063,31889,2021-12-25 08:30:00,717.0683333333333
SA1,page_hinkley,raw_30min,1064,31919,2021-12-25 23:30:00,1122.58
SA1,page_hinkley,raw_30min,1065,31949,2021-12-26 14:30:00,195.14833333333334
SA1,page_hinkley,raw_30min,1066,31979,2021-12-27 05:30:00,1097.2816666666668
SA1,page_hinkley,raw_30min,1067,32009,2021-12-27 20:30:00,1304.6833333333334
SA1,page_hinkley,raw_30min,1068,32039,2021-12-28 11:30:00,203.96333333333334
SA1,page_hinkley,raw_30min,1069,32069,2021-12-29 02:30:00,1171.7383333333335
SA1,page_hinkley,raw_30min,1070,32099,2021-12-29 17:30:00,1540.2716666666668
SA1,page_hinkley,raw_30min,1071,32129,2021-12-30 08:30:00,1052.2316666666668
SA1,page_hinkley,raw_30min,1072,32159,2021-12-30 23:30:00,1634.7283333333335
SA1,page_hinkley,raw_30min,1073,32189,2021-12-31 14:30:00,1557.0199999999998
SA1,page_hinkley,raw_30min,1074,32219,2022-01-01 05:30:00,1364.36
SA1,page_hinkley,raw_30min,1075,32249,2022-01-01 20:30:00,1793.8483333333334
SA1,page_hinkley,raw_30min,1076,32279,2022-01-02 11:30:00,728.2283333333334
SA1,page_hinkley,raw_30min,1077,32309,2022-01-03 02:30:00,1187.1666666666667
SA1,page_hinkley,raw_30min,1078,32339,2022-01-03 17:30:00,935.6433333333333
SA1,page_hinkley,raw_30min,1079,32369,2022-01-04 08:30:00,876.515
SA1,page_hinkley,raw_30min,1080,32399,2022-01-04 23:30:00,1192.5133333333333
SA1,page_hinkley,raw_30min,1081,32429,2022-01-05 14:30:00,914.3083333333334
SA1,page_hinkley,raw_30min,1082,32459,2022-01-06 05:30:00,1133.3766666666668
SA1,page_hinkley,raw_30min,1083,32489,2022-01-06 20:30:00,1388.5433333333333
SA1,page_hinkley,raw_30min,1084,32519,2022-01-07 11:30:00,1017.4983333333333
SA1,page_hinkley,raw_30min,1085,32549,2022-01-08 02:30:00,1172.605
SA1,page_hinkley,raw_30min,1086,32579,2022-01-08 17:30:00,848.6383333333333
SA1,page_hinkley,raw_30min,1087,32609,2022-01-09 08:30:00,637.2916666666666
SA1,page_hinkley,raw_30min,1088,32639,2022-01-09 23:30:00,1275.6833333333334
SA1,page_hinkley,raw_30min,1089,32669,2022-01-10 14:30:00,1541.9399999999998
SA1,page_hinkley,raw_30min,1090,32699,2022-01-11 05:30:00,1555.8266666666668
SA1,page_hinkley,raw_30min,1091,32729,2022-01-11 20:30:00,2264.275
SA1,page_hinkley,raw_30min,1092,32759,2022-01-12 11:30:00,1299.3233333333335
SA1,page_hinkley,raw_30min,1093,32789,2022-01-13 02:30:00,1330.61
SA1,page_hinkley,raw_30min,1094,32819,2022-01-13 17:30:00,1205.7233333333334
SA1,page_hinkley,raw_30min,1095,32849,2022-01-14 08:30:00,1451.4750000000001
SA1,page_hinkley,raw_30min,1096,32879,2022-01-14 23:30:00,1388.3333333333333
SA1,page_hinkley,raw_30min,1097,32909,2022-01-15 14:30:00,451.375
SA1,page_hinkley,raw_30min,1098,32939,2022-01-16 05:30:00,1213.185
SA1,page_hinkley,raw_30min,1099,32969,2022-01-16 20:30:00,1516.335
SA1,page_hinkley,raw_30min,1100,32999,2022-01-17 11:30:00,706.9216666666666
SA1,page_hinkley,raw_30min,1101,33029,2022-01-18 02:30:00,1196.965
SA1,page_hinkley,raw_30min,1102,33059,2022-01-18 17:30:00,1178.265
SA1,page_hinkley,raw_30min,1103,33089,2022-01-19 08:30:00,1098.335
SA1,page_hinkley,raw_30min,1104,33119,2022-01-19 23:30:00,1415.03
SA1,page_hinkley,raw_30min,1105,33149,2022-01-20 14:30:00,1239.2033333333334
SA1,page_hinkley,raw_30min,1106,33179,2022-01-21 05:30:00,1435.6383333333333
SA1,page_hinkley,raw_30min,1107,33209,2022-01-21 20:30:00,2224.245
SA1,page_hinkley,raw_30min,1108,33239,2022-01-22 11:30:00,1357.84
SA1,page_hinkley,raw_30min,1109,33269,2022-01-23 02:30:00,1237.2833333333333
SA1,page_hinkley,raw_30min,1110,33299,2022-01-23 17:30:00,1340.6299999999999
SA1,page_hinkley,raw_30min,1111,33329,2022-01-24 08:30:00,1427.5383333333332
SA1,page_hinkley,raw_30min,1112,33359,2022-01-24 23:30:00,1571.2849999999999
SA1,page_hinkley,raw_30min,1113,33389,2022-01-25 14:30:00,1697.8983333333333
SA1,page_hinkley,raw_30min,1114,33419,2022-01-26 05:30:00,1333.0533333333335
SA1,page_hinkley,raw_30min,1115,33449,2022-01-26 20:30:00,2139.4183333333335
SA1,page_hinkley,raw_30min,1116,33479,2022-01-27 11:30:00,1568.7933333333333
SA1,page_hinkley,raw_30min,1117,33509,2022-01-28 02:30:00,1485.3983333333333
SA1,page_hinkley,raw_30min,1118,33539,2022-01-28 17:30:00,1343.9433333333334
SA1,page_hinkley,raw_30min,1119,33569,2022-01-29 08:30:00,985.1216666666668
SA1,page_hinkley,raw_30min,1120,33599,2022-01-29 23:30:00,1332.91
SA1,page_hinkley,raw_30min,1121,33629,2022-01-30 14:30:00,875.1883333333334
SA1,page_hinkley,raw_30min,1122,33659,2022-01-31 05:30:00,1373.7183333333332
SA1,page_hinkley,raw_30min,1123,33689,2022-01-31 20:30:00,2256.1316666666667
SA1,page_hinkley,raw_30min,1124,33719,2022-02-01 11:30:00,929.3516666666666
SA1,page_hinkley,raw_30min,1125,33749,2022-02-02 02:30:00,1327.1366666666665
SA1,page_hinkley,raw_30min,1126,33779,2022-02-02 17:30:00,1065.44
SA1,page_hinkley,raw_30min,1127,33809,2022-02-03 08:30:00,1294.3183333333334
SA1,page_hinkley,raw_30min,1128,33839,2022-02-03 23:30:00,1354.165
SA1,page_hinkley,raw_30min,1129,33869,2022-02-04 14:30:00,451.1766666666667
SA1,page_hinkley,raw_30min,1130,33899,2022-02-05 05:30:00,1228.9183333333333
SA1,page_hinkley,raw_30min,1131,33929,2022-02-05 20:30:00,1608.3916666666667
SA1,page_hinkley,raw_30min,1132,33959,2022-02-06 11:30:00,723.375
SA1,page_hinkley,raw_30min,1133,33989,2022-02-07 02:30:00,1419.0883333333334
SA1,page_hinkley,raw_30min,1134,34019,2022-02-07 17:30:00,2049.1716666666666
SA1,page_hinkley,raw_30min,1135,34049,2022-02-08 08:30:00,1530.6000000000001
SA1,page_hinkley,raw_30min,1136,34079,2022-02-08 23:30:00,1443.7266666666667
SA1,page_hinkley,raw_30min,1137,34109,2022-02-09 14:30:00,823.3983333333334
SA1,page_hinkley,raw_30min,1138,34139,2022-02-10 05:30:00,1285.3916666666667
SA1,page_hinkley,raw_30min,1139,34169,2022-02-10 20:30:00,1571.0933333333332
SA1,page_hinkley,raw_30min,1140,34199,2022-02-11 11:30:00,617.015
SA1,page_hinkley,raw_30min,1141,34229,2022-02-12 02:30:00,1312.6583333333333
SA1,page_hinkley,raw_30min,1142,34259,2022-02-12 17:30:00,1162.2516666666668
SA1,page_hinkley,raw_30min,1143,34289,2022-02-13 08:30:00,1020.1083333333332
SA1,page_hinkley,raw_30min,1144,34319,2022-02-13 23:30:00,1486.7466666666667
SA1,page_hinkley,raw_30min,1145,34349,2022-02-14 14:30:00,1285.3266666666666
SA1,page_hinkley,raw_30min,1146,34379,2022-02-15 05:30:00,1433.1566666666668
SA1,page_hinkley,raw_30min,1147,34409,2022-02-15 20:30:00,1757.7166666666665
SA1,page_hinkley,raw_30min,1148,34439,2022-02-16 11:30:00,1600.1083333333333
SA1,page_hinkley,raw_30min,1149,34469,2022-02-17 02:30:00,1336.0616666666667
SA1,page_hinkley,raw_30min,1150,34499,2022-02-17 17:30:00,1200.5249999999999
SA1,page_hinkley,raw_30min,1151,34529,2022-02-18 08:30:00,1410.743333333333
SA1,page_hinkley,raw_30min,1152,34559,2022-02-18 23:30:00,1317.695
SA1,page_hinkley,raw_30min,1153,34589,2022-02-19 14:30:00,237.88833333333332
SA1,page_hinkley,raw_30min,1154,34619,2022-02-20 05:30:00,1186.0533333333333
SA1,page_hinkley,raw_30min,1155,34649,2022-02-20 20:30:00,1422.5916666666665
SA1,page_hinkley,raw_30min,1156,34679,2022-02-21 11:30:00,969.2433333333333
SA1,page_hinkley,raw_30min,1157,34709,2022-02-22 02:30:00,1325.6683333333333
SA1,page_hinkley,raw_30min,1158,34739,2022-02-22 17:30:00,1130.44
SA1,page_hinkley,raw_30min,1159,34769,2022-02-23 08:30:00,1236.2416666666666
SA1,page_hinkley,raw_30min,1160,34799,2022-02-23 23:30:00,1451.04
SA1,page_hinkley,raw_30min,1161,34829,2022-02-24 14:30:00,1103.8516666666667
SA1,page_hinkley,raw_30min,1162,34859,2022-02-25 05:30:00,1381.9383333333333
SA1,page_hinkley,raw_30min,1163,34889,2022-02-25 20:30:00,1683.1616666666666
SA1,page_hinkley,raw_30min,1164,34919,2022-02-26 11:30:00,585.085
SA1,page_hinkley,raw_30min,1165,34949,2022-02-27 02:30:00,1330.6333333333334
SA1,page_hinkley,raw_30min,1166,34979,2022-02-27 17:30:00,1378.2616666666665
SA1,page_hinkley,raw_30min,1167,35009,2022-02-28 08:30:00,1573.618333333333
SA1,page_hinkley,raw_30min,1168,35039,2022-02-28 23:30:00,1419.3866666666665
SA1,page_hinkley,raw_30min,1169,35069,2022-03-01 14:30:00,1008.1133333333333
SA1,page_hinkley,raw_30min,1170,35099,2022-03-02 05:30:00,1289.555
SA1,page_hinkley,raw_30min,1171,35129,2022-03-02 20:30:00,1710.0333333333335
SA1,page_hinkley,raw_30min,1172,35159,2022-03-03 11:30:00,1055.2633333333333
SA1,page_hinkley,raw_30min,1173,35189,2022-03-04 02:30:00,1434.26
SA1,page_hinkley,raw_30min,1174,35219,2022-03-04 17:30:00,1321.96
SA1,page_hinkley,raw_30min,1175,35249,2022-03-05 08:30:00,1114.7166666666667
SA1,page_hinkley,raw_30min,1176,35279,2022-03-05 23:30:00,1302.1583333333333
SA1,page_hinkley,raw_30min,1177,35309,2022-03-06 14:30:00,319.30833333333334
SA1,page_hinkley,raw_30min,1178,35339,2022-03-07 05:30:00,1301.5216666666668
SA1,page_hinkley,raw_30min,1179,35369,2022-03-07 20:30:00,1555.99
SA1,page_hinkley,raw_30min,1180,35399,2022-03-08 11:30:00,737.9233333333333
SA1,page_hinkley,raw_30min,1181,35429,2022-03-09 02:30:00,1344.2566666666667
SA1,page_hinkley,raw_30min,1182,35459,2022-03-09 17:30:00,1175.3
SA1,page_hinkley,raw_30min,1183,35489,2022-03-10 08:30:00,1273.355
SA1,page_hinkley,raw_30min,1184,35519,2022-03-10 23:30:00,1338.2616666666665
SA1,page_hinkley,raw_30min,1185,35549,2022-03-11 14:30:00,561.6999999999999
SA1,page_hinkley,raw_30min,1186,35579,2022-03-12 05:30:00,1176.0716666666667
SA1,page_hinkley,raw_30min,1187,35609,2022-03-12 20:30:00,1506.2250000000001
SA1,page_hinkley,raw_30min,1188,35639,2022-03-13 11:30:00,679.685
SA1,page_hinkley,raw_30min,1189,35669,2022-03-14 02:30:00,1297.0766666666666
SA1,page_hinkley,raw_30min,1190,35699,2022-03-14 17:30:00,1911.0766666666666
SA1,page_hinkley,raw_30min,1191,35729,2022-03-15 08:30:00,1464.5249999999999
SA1,page_hinkley,raw_30min,1192,35759,2022-03-15 23:30:00,1657.6866666666667
SA1,page_hinkley,raw_30min,1193,35789,2022-03-16 14:30:00,1781.2266666666667
SA1,page_hinkley,raw_30min,1194,35819,2022-03-17 05:30:00,1324.4616666666668
SA1,page_hinkley,raw_30min,1195,35849,2022-03-17 20:30:00,1739.0933333333332
SA1,page_hinkley,raw_30min,1196,35879,2022-03-18 11:30:00,820.7083333333334
SA1,page_hinkley,raw_30min,1197,35909,2022-03-19 02:30:00,1342.5683333333334
SA1,page_hinkley,raw_30min,1198,35939,2022-03-19 17:30:00,1838.405
SA1,page_hinkley,raw_30min,1199,35969,2022-03-20 08:30:00,1178.075
SA1,page_hinkley,raw_30min,1200,35999,2022-03-20 23:30:00,1386.4266666666665
SA1,page_hinkley,raw_30min,1201,36029,2022-03-21 14:30:00,897.2083333333334
SA1,page_hinkley,raw_30min,1202,36059,2022-03-22 05:30:00,1284.44
SA1,page_hinkley,raw_30min,1203,36089,2022-03-22 20:30:00,1511.1783333333333
SA1,page_hinkley,raw_30min,1204,36119,2022-03-23 11:30:00,985.5366666666667
SA1,page_hinkley,raw_30min,1205,36149,2022-03-24 02:30:00,1251.5133333333333
SA1,page_hinkley,raw_30min,1206,36179,2022-03-24 17:30:00,1141.9366666666667
SA1,page_hinkley,raw_30min,1207,36209,2022-03-25 08:30:00,1346.035
SA1,page_hinkley,raw_30min,1208,36239,2022-03-25 23:30:00,1271.2466666666667
SA1,page_hinkley,raw_30min,1209,36269,2022-03-26 14:30:00,383.7516666666667
SA1,page_hinkley,raw_30min,1210,36299,2022-03-27 05:30:00,1138.6000000000001
SA1,page_hinkley,raw_30min,1211,36329,2022-03-27 20:30:00,1546.8866666666665
SA1,page_hinkley,raw_30min,1212,36359,2022-03-28 11:30:00,736.8133333333334
SA1,page_hinkley,raw_30min,1213,36389,2022-03-29 02:30:00,1228.5183333333332
SA1,page_hinkley,raw_30min,1214,36419,2022-03-29 17:30:00,1346.035
SA1,page_hinkley,raw_30min,1215,36449,2022-03-30 08:30:00,1375.4683333333332
SA1,page_hinkley,raw_30min,1216,36479,2022-03-30 23:30:00,1368.4716666666666
SA1,page_hinkley,raw_30min,1217,36509,2022-03-31 14:30:00,577.0116666666667
SA1,page_hinkley,raw_30min,1218,36539,2022-04-01 05:30:00,1341.8316666666667
SA1,page_hinkley,raw_30min,1219,36569,2022-04-01 20:30:00,1496.1966666666667
SA1,page_hinkley,raw_30min,1220,36599,2022-04-02 11:30:00,492.99666666666667
SA1,page_hinkley,raw_30min,1221,36629,2022-04-03 02:30:00,1175.4116666666666
SA1,page_hinkley,raw_30min,1222,36659,2022-04-03 17:30:00,1118.155
SA1,page_hinkley,raw_30min,1223,36689,2022-04-04 08:30:00,1251.5283333333334
SA1,page_hinkley,raw_30min,1224,36719,2022-04-04 23:30:00,1344.9283333333333
SA1,page_hinkley,raw_30min,1225,36749,2022-04-05 14:30:00,1252.6783333333333
SA1,page_hinkley,raw_30min,1226,36779,2022-04-06 05:30:00,1188.2116666666668
SA1,page_hinkley,raw_30min,1227,36809,2022-04-06 20:30:00,1550.3999999999999
SA1,page_hinkley,raw_30min,1228,36839,2022-04-07 11:30:00,764.0166666666668
SA1,page_hinkley,raw_30min,1229,36869,2022-04-08 02:30:00,1249.4916666666666
SA1,page_hinkley,raw_30min,1230,36899,2022-04-08 17:30:00,1364.0566666666666
SA1,page_hinkley,raw_30min,1231,36929,2022-04-09 08:30:00,1060.54
SA1,page_hinkley,raw_30min,1232,36959,2022-04-09 23:30:00,1235.2716666666668
SA1,page_hinkley,raw_30min,1233,36989,2022-04-10 14:30:00,1207.5433333333333
SA1,page_hinkley,raw_30min,1234,37019,2022-04-11 05:30:00,1239.7183333333335
SA1,page_hinkley,raw_30min,1235,37049,2022-04-11 20:30:00,1601.743333333333
SA1,page_hinkley,raw_30min,1236,37079,2022-04-12 11:30:00,1171.4716666666666
SA1,page_hinkley,raw_30min,1237,37109,2022-04-13 02:30:00,1365.51
SA1,page_hinkley,raw_30min,1238,37139,2022-04-13 17:30:00,1431.735
SA1,page_hinkley,raw_30min,1239,37169,2022-04-14 08:30:00,1436.4133333333332
SA1,page_hinkley,raw_30min,1240,37199,2022-04-14 23:30:00,1404.7300000000002
SA1,page_hinkley,raw_30min,1241,37229,2022-04-15 14:30:00,542.9883333333333
SA1,page_hinkley,raw_30min,1242,37259,2022-04-16 05:30:00,1157.6333333333334
SA1,page_hinkley,raw_30min,1243,37289,2022-04-16 20:30:00,1480.618333333333
SA1,page_hinkley,raw_30min,1244,37319,2022-04-17 11:30:00,838.4566666666666
SA1,page_hinkley,raw_30min,1245,37349,2022-04-18 02:30:00,1239.5283333333334
SA1,page_hinkley,raw_30min,1246,37379,2022-04-18 17:30:00,1434.0
SA1,page_hinkley,raw_30min,1247,37409,2022-04-19 08:30:00,1328.91
SA1,page_hinkley,raw_30min,1248,37439,2022-04-19 23:30:00,1344.4533333333331
SA1,page_hinkley,raw_30min,1249,37469,2022-04-20 14:30:00,853.8683333333333
SA1,page_hinkley,raw_30min,1250,37499,2022-04-21 05:30:00,1242.76
SA1,page_hinkley,raw_30min,1251,37529,2022-04-21 20:30:00,1647.735
SA1,page_hinkley,raw_30min,1252,37559,2022-04-22 11:30:00,956.9699999999999
SA1,page_hinkley,raw_30min,1253,37589,2022-04-23 02:30:00,1291.7183333333332
SA1,page_hinkley,raw_30min,1254,37619,2022-04-23 17:30:00,1259.0333333333333
SA1,page_hinkley,raw_30min,1255,37649,2022-04-24 08:30:00,1113.9216666666666
SA1,page_hinkley,raw_30min,1256,37679,2022-04-24 23:30:00,1306.4416666666666
SA1,page_hinkley,raw_30min,1257,37709,2022-04-25 14:30:00,934.5766666666667
SA1,page_hinkley,raw_30min,1258,37739,2022-04-26 05:30:00,1181.8366666666666
SA1,page_hinkley,raw_30min,1259,37769,2022-04-26 20:30:00,1561.3283333333331
SA1,page_hinkley,raw_30min,1260,37799,2022-04-27 11:30:00,1107.5716666666667
SA1,page_hinkley,raw_30min,1261,37829,2022-04-28 02:30:00,1282.5366666666666
SA1,page_hinkley,raw_30min,1262,37859,2022-04-28 17:30:00,1591.255
SA1,page_hinkley,raw_30min,1263,37889,2022-04-29 08:30:00,1476.7733333333333
SA1,page_hinkley,raw_30min,1264,37919,2022-04-29 23:30:00,1389.9616666666668
SA1,page_hinkley,raw_30min,1265,37949,2022-04-30 14:30:00,761.2616666666667
SA1,page_hinkley,raw_30min,1266,37979,2022-05-01 05:30:00,1151.4116666666666
SA1,page_hinkley,raw_30min,1267,38009,2022-05-01 20:30:00,1431.1616666666666
SA1,page_hinkley,raw_30min,1268,38039,2022-05-02 11:30:00,835.1149999999999
SA1,page_hinkley,raw_30min,1269,38069,2022-05-03 02:30:00,1313.67
SA1,page_hinkley,raw_30min,1270,38099,2022-05-03 17:30:00,1477.7266666666667
SA1,page_hinkley,raw_30min,1271,38129,2022-05-04 08:30:00,1500.4766666666667
SA1,page_hinkley,raw_30min,1272,38159,2022-05-04 23:30:00,1466.415
SA1,page_hinkley,raw_30min,1273,38189,2022-05-05 14:30:00,1089.6316666666667
SA1,page_hinkley,raw_30min,1274,38219,2022-05-06 05:30:00,1274.9783333333332
SA1,page_hinkley,raw_30min,1275,38249,2022-05-06 20:30:00,1918.045
SA1,page_hinkley,raw_30min,1276,38279,2022-05-07 11:30:00,1141.4733333333334
SA1,page_hinkley,raw_30min,1277,38309,2022-05-08 02:30:00,1358.52
SA1,page_hinkley,raw_30min,1278,38339,2022-05-08 17:30:00,1440.3866666666665
SA1,page_hinkley,raw_30min,1279,38369,2022-05-09 08:30:00,1665.7166666666665
SA1,page_hinkley,raw_30min,1280,38399,2022-05-09 23:30:00,1462.455
SA1,page_hinkley,raw_30min,1281,38429,2022-05-10 14:30:00,736.3666666666667
SA1,page_hinkley,raw_30min,1282,38459,2022-05-11 05:30:00,1255.1933333333334
SA1,page_hinkley,raw_30min,1283,38489,2022-05-11 20:30:00,1740.835
SA1,page_hinkley,raw_30min,1284,38519,2022-05-12 11:30:00,1293.57
SA1,page_hinkley,raw_30min,1285,38549,2022-05-13 02:30:00,1290.2116666666666
SA1,page_hinkley,raw_30min,1286,38579,2022-05-13 17:30:00,1596.9350000000002
SA1,page_hinkley,raw_30min,1287,38609,2022-05-14 08:30:00,1361.8316666666667
SA1,page_hinkley,raw_30min,1288,38639,2022-05-14 23:30:00,1342.0633333333333
SA1,page_hinkley,raw_30min,1289,38669,2022-05-15 14:30:00,1086.585
SA1,page_hinkley,raw_30min,1290,38699,2022-05-16 05:30:00,1263.97
SA1,page_hinkley,raw_30min,1291,38729,2022-05-16 20:30:00,1808.4533333333331
SA1,page_hinkley,raw_30min,1292,38759,2022-05-17 11:30:00,1198.0366666666666
SA1,page_hinkley,raw_30min,1293,38789,2022-05-18 02:30:00,1445.8316666666667
SA1,page_hinkley,raw_30min,1294,38819,2022-05-18 17:30:00,1556.995
SA1,page_hinkley,raw_30min,1295,38849,2022-05-19 08:30:00,1740.9266666666665
SA1,page_hinkley,raw_30min,1296,38879,2022-05-19 23:30:00,1576.49
SA1,page_hinkley,raw_30min,1297,38909,2022-05-20 14:30:00,894.0516666666667
SA1,page_hinkley,raw_30min,1298,38939,2022-05-21 05:30:00,1284.3816666666667
SA1,page_hinkley,raw_30min,1299,38969,2022-05-21 20:30:00,1714.9316666666666
SA1,page_hinkley,raw_30min,1300,38999,2022-05-22 11:30:00,642.5483333333333
SA1,page_hinkley,raw_30min,1301,39029,2022-05-23 02:30:00,1318.82
SA1,page_hinkley,raw_30min,1302,39059,2022-05-23 17:30:00,1514.3233333333335
SA1,page_hinkley,raw_30min,1303,39089,2022-05-24 08:30:00,1601.2716666666668
SA1,page_hinkley,raw_30min,1304,39119,2022-05-24 23:30:00,1422.61
SA1,page_hinkley,raw_30min,1305,39149,2022-05-25 14:30:00,1534.9099999999999
SA1,page_hinkley,raw_30min,1306,39179,2022-05-26 05:30:00,1209.6233333333332
SA1,page_hinkley,raw_30min,1307,39209,2022-05-26 20:30:00,1742.7366666666667
SA1,page_hinkley,raw_30min,1308,39239,2022-05-27 11:30:00,1281.9433333333334
SA1,page_hinkley,raw_30min,1309,39269,2022-05-28 02:30:00,1313.635
SA1,page_hinkley,raw_30min,1310,39299,2022-05-28 17:30:00,1526.5116666666665
SA1,page_hinkley,raw_30min,1311,39329,2022-05-29 08:30:00,1333.375
SA1,page_hinkley,raw_30min,1312,39359,2022-05-29 23:30:00,1518.6583333333335
SA1,page_hinkley,raw_30min,1313,39389,2022-05-30 14:30:00,1638.47
SA1,page_hinkley,raw_30min,1314,39419,2022-05-31 05:30:00,1354.7050000000002
SA1,page_hinkley,raw_30min,1315,39449,2022-05-31 20:30:00,2176.483333333333
SA1,page_hinkley,raw_30min,1316,39479,2022-06-01 11:30:00,1194.5216666666668
SA1,page_hinkley,raw_30min,1317,39509,2022-06-02 02:30:00,1423.95
SA1,page_hinkley,raw_30min,1318,39539,2022-06-02 17:30:00,2023.0
SA1,page_hinkley,raw_30min,1319,39569,2022-06-03 08:30:00,1929.1066666666666
SA1,page_hinkley,raw_30min,1320,39599,2022-06-03 23:30:00,1593.0816666666667
SA1,page_hinkley,raw_30min,1321,39629,2022-06-04 14:30:00,1331.445
SA1,page_hinkley,raw_30min,1322,39659,2022-06-05 05:30:00,1339.7283333333332
SA1,page_hinkley,raw_30min,1323,39689,2022-06-05 20:30:00,2159.64
SA1,page_hinkley,raw_30min,1324,39719,2022-06-06 11:30:00,1396.2283333333332
SA1,page_hinkley,raw_30min,1325,39749,2022-06-07 02:30:00,1469.7883333333332
SA1,page_hinkley,raw_30min,1326,39779,2022-06-07 17:30:00,1992.4066666666668
SA1,page_hinkley,raw_30min,1327,39809,2022-06-08 08:30:00,2070.0766666666664
SA1,page_hinkley,raw_30min,1328,39839,2022-06-08 23:30:00,1655.4366666666667
SA1,page_hinkley,raw_30min,1329,39869,2022-06-09 14:30:00,1521.4399999999998
SA1,page_hinkley,raw_30min,1330,39899,2022-06-10 05:30:00,1404.2716666666665
SA1,page_hinkley,raw_30min,1331,39929,2022-06-10 20:30:00,2013.425
SA1,page_hinkley,raw_30min,1332,39959,2022-06-11 11:30:00,1161.7433333333333
SA1,page_hinkley,raw_30min,1333,39989,2022-06-12 02:30:00,1453.51
SA1,page_hinkley,raw_30min,1334,40019,2022-06-12 17:30:00,1724.595
SA1,page_hinkley,raw_30min,1335,40049,2022-06-13 08:30:00,1449.33
SA1,page_hinkley,raw_30min,1336,40079,2022-06-13 23:30:00,1539.0716666666667
SA1,page_hinkley,raw_30min,1337,40109,2022-06-14 14:30:00,1317.1216666666667
SA1,page_hinkley,raw_30min,1338,40139,2022-06-15 05:30:00,1365.7716666666668
SA1,page_hinkley,raw_30min,1339,40169,2022-06-15 20:30:00,1964.5333333333335
SA1,page_hinkley,raw_30min,1340,40199,2022-06-16 11:30:00,1438.6483333333333
SA1,page_hinkley,raw_30min,1341,40229,2022-06-17 02:30:00,1429.1633333333332
SA1,page_hinkley,raw_30min,1342,40259,2022-06-17 17:30:00,1751.7466666666667
SA1,page_hinkley,raw_30min,1343,40289,2022-06-18 08:30:00,1605.5316666666668
SA1,page_hinkley,raw_30min,1344,40319,2022-06-18 23:30:00,1512.5283333333334
SA1,page_hinkley,raw_30min,1345,40349,2022-06-19 14:30:00,1396.3083333333334
SA1,page_hinkley,raw_30min,1346,40379,2022-06-20 05:30:00,1334.5333333333333
SA1,page_hinkley,raw_30min,1347,40409,2022-06-20 20:30:00,2019.4750000000001
SA1,page_hinkley,raw_30min,1348,40439,2022-06-21 11:30:00,1365.9466666666667
SA1,page_hinkley,raw_30min,1349,40469,2022-06-22 02:30:00,1377.2083333333333
SA1,page_hinkley,raw_30min,1350,40499,2022-06-22 17:30:00,1704.0249999999999
SA1,page_hinkley,raw_30min,1351,40529,2022-06-23 08:30:00,1818.93
SA1,page_hinkley,raw_30min,1352,40559,2022-06-23 23:30:00,1542.0316666666668
SA1,page_hinkley,raw_30min,1353,40589,2022-06-24 14:30:00,1224.78
SA1,page_hinkley,raw_30min,1354,40619,2022-06-25 05:30:00,1215.185
SA1,page_hinkley,raw_30min,1355,40649,2022-06-25 20:30:00,1745.5900000000001
SA1,page_hinkley,raw_30min,1356,40679,2022-06-26 11:30:00,1036.5266666666666
SA1,page_hinkley,raw_30min,1357,40709,2022-06-27 02:30:00,1356.7549999999999
SA1,page_hinkley,raw_30min,1358,40739,2022-06-27 17:30:00,1773.2666666666667
SA1,page_hinkley,raw_30min,1359,40769,2022-06-28 08:30:00,2075.766666666667
SA1,page_hinkley,raw_30min,1360,40799,2022-06-28 23:30:00,1655.1066666666666
SA1,page_hinkley,raw_30min,1361,40829,2022-06-29 14:30:00,1647.57
SA1,page_hinkley,raw_30min,1362,40859,2022-06-30 05:30:00,1342.7016666666666
SA1,page_hinkley,raw_30min,1363,40889,2022-06-30 20:30:00,2111.5216666666665
SA1,page_hinkley,raw_30min,1364,40919,2022-07-01 11:30:00,1649.05
SA1,page_hinkley,raw_30min,1365,40949,2022-07-02 02:30:00,1413.54
SA1,page_hinkley,raw_30min,1366,40979,2022-07-02 17:30:00,1874.4350000000002
SA1,page_hinkley,raw_30min,1367,41009,2022-07-03 08:30:00,1549.2933333333333
SA1,page_hinkley,raw_30min,1368,41039,2022-07-03 23:30:00,1591.9316666666666
SA1,page_hinkley,raw_30min,1369,41069,2022-07-04 14:30:00,1098.795
SA1,page_hinkley,raw_30min,1370,41099,2022-07-05 05:30:00,1405.2700000000002
SA1,page_hinkley,raw_30min,1371,41129,2022-07-05 20:30:00,2178.2516666666666
SA1,page_hinkley,raw_30min,1372,41159,2022-07-06 11:30:00,1304.5483333333334
SA1,page_hinkley,raw_30min,1373,41189,2022-07-07 02:30:00,1484.3066666666666
SA1,page_hinkley,raw_30min,1374,41219,2022-07-07 17:30:00,1896.7783333333334
SA1,page_hinkley,raw_30min,1375,41249,2022-07-08 08:30:00,1934.0649999999998
SA1,page_hinkley,raw_30min,1376,41279,2022-07-08 23:30:00,1624.3966666666665
SA1,page_hinkley,raw_30min,1377,41309,2022-07-09 14:30:00,1243.1899999999998
SA1,page_hinkley,raw_30min,1378,41339,2022-07-10 05:30:00,1335.945
SA1,page_hinkley,raw_30min,1379,41369,2022-07-10 20:30:00,2147.1
SA1,page_hinkley,raw_30min,1380,41399,2022-07-11 11:30:00,1739.3433333333332
SA1,page_hinkley,raw_30min,1381,41429,2022-07-12 02:30:00,1522.0516666666665
SA1,page_hinkley,raw_30min,1382,41459,2022-07-12 17:30:00,2130.775
SA1,page_hinkley,raw_30min,1383,41489,2022-07-13 08:30:00,1995.1899999999998
SA1,page_hinkley,raw_30min,1384,41519,2022-07-13 23:30:00,1673.7366666666667
SA1,page_hinkley,raw_30min,1385,41549,2022-07-14 14:30:00,1218.185
SA1,page_hinkley,raw_30min,1386,41579,2022-07-15 05:30:00,1407.0199999999998
SA1,page_hinkley,raw_30min,1387,41609,2022-07-15 20:30:00,2104.6066666666666
SA1,page_hinkley,raw_30min,1388,41639,2022-07-16 11:30:00,1378.5166666666667
SA1,page_hinkley,raw_30min,1389,41669,2022-07-17 02:30:00,1458.3916666666667
SA1,page_hinkley,raw_30min,1390,41699,2022-07-17 17:30:00,1826.47
SA1,page_hinkley,raw_30min,1391,41729,2022-07-18 08:30:00,1926.07
SA1,page_hinkley,raw_30min,1392,41759,2022-07-18 23:30:00,1690.26
SA1,page_hinkley,raw_30min,1393,41789,2022-07-19 14:30:00,1849.4650000000001
SA1,page_hinkley,raw_30min,1394,41819,2022-07-20 05:30:00,1409.1433333333334
SA1,page_hinkley,raw_30min,1395,41849,2022-07-20 20:30:00,2276.945
SA1,page_hinkley,raw_30min,1396,41879,2022-07-21 11:30:00,1099.3233333333335
SA1,page_hinkley,raw_30min,1397,41909,2022-07-22 02:30:00,1536.5816666666667
SA1,page_hinkley,raw_30min,1398,41939,2022-07-22 17:30:00,1951.125
SA1,page_hinkley,raw_30min,1399,41969,2022-07-23 08:30:00,1467.24
SA1,page_hinkley,raw_30min,1400,41999,2022-07-23 23:30:00,1511.205
SA1,page_hinkley,raw_30min,1401,42029,2022-07-24 14:30:00,1164.195
SA1,page_hinkley,raw_30min,1402,42059,2022-07-25 05:30:00,1338.2966666666666
SA1,page_hinkley,raw_30min,1403,42089,2022-07-25 20:30:00,2114.56
SA1,page_hinkley,raw_30min,1404,42119,2022-07-26 11:30:00,1379.615
SA1,page_hinkley,raw_30min,1405,42149,2022-07-27 02:30:00,1507.4083333333335
SA1,page_hinkley,raw_30min,1406,42179,2022-07-27 17:30:00,1634.445
SA1,page_hinkley,raw_30min,1407,42209,2022-07-28 08:30:00,1964.6000000000001
SA1,page_hinkley,raw_30min,1408,42239,2022-07-28 23:30:00,1647.3483333333334
SA1,page_hinkley,raw_30min,1409,42269,2022-07-29 14:30:00,1097.9616666666668
SA1,page_hinkley,raw_30min,1410,42299,2022-07-30 05:30:00,1384.1216666666667
SA1,page_hinkley,raw_30min,1411,42329,2022-07-30 20:30:00,1877.6866666666665
SA1,page_hinkley,raw_30min,1412,42359,2022-07-31 11:30:00,1427.8566666666666
SA1,page_hinkley,raw_30min,1413,42389,2022-08-01 02:30:00,1493.7716666666668
SA1,page_hinkley,raw_30min,1414,42419,2022-08-01 17:30:00,1625.9816666666666
SA1,page_hinkley,raw_30min,1415,42449,2022-08-02 08:30:00,2027.63
SA1,page_hinkley,raw_30min,1416,42479,2022-08-02 23:30:00,1678.3933333333334
SA1,page_hinkley,raw_30min,1417,42509,2022-08-03 14:30:00,1026.9466666666667
SA1,page_hinkley,raw_30min,1418,42539,2022-08-04 05:30:00,1349.5033333333333
SA1,page_hinkley,raw_30min,1419,42569,2022-08-04 20:30:00,2102.5183333333334
SA1,page_hinkley,raw_30min,1420,42599,2022-08-05 11:30:00,1669.4650000000001
SA1,page_hinkley,raw_30min,1421,42629,2022-08-06 02:30:00,1496.67
SA1,page_hinkley,raw_30min,1422,42659,2022-08-06 17:30:00,1623.075
SA1,page_hinkley,raw_30min,1423,42689,2022-08-07 08:30:00,1383.1833333333334
SA1,page_hinkley,raw_30min,1424,42719,2022-08-07 23:30:00,1539.805
SA1,page_hinkley,raw_30min,1425,42749,2022-08-08 14:30:00,1092.105
SA1,page_hinkley,raw_30min,1426,42779,2022-08-09 05:30:00,1328.4350000000002
SA1,page_hinkley,raw_30min,1427,42809,2022-08-09 20:30:00,2036.9916666666668
SA1,page_hinkley,raw_30min,1428,42839,2022-08-10 11:30:00,1999.0316666666668
SA1,page_hinkley,raw_30min,1429,42869,2022-08-11 02:30:00,1468.7233333333334
SA1,page_hinkley,raw_30min,1430,42899,2022-08-11 17:30:00,1988.8033333333333
SA1,page_hinkley,raw_30min,1431,42929,2022-08-12 08:30:00,1929.631666666667
SA1,page_hinkley,raw_30min,1432,42959,2022-08-12 23:30:00,1614.2883333333332
SA1,page_hinkley,raw_30min,1433,42989,2022-08-13 14:30:00,859.585
SA1,page_hinkley,raw_30min,1434,43019,2022-08-14 05:30:00,1262.0966666666666
SA1,page_hinkley,raw_30min,1435,43049,2022-08-14 20:30:00,1940.4533333333331
SA1,page_hinkley,raw_30min,1436,43079,2022-08-15 11:30:00,1285.08
SA1,page_hinkley,raw_30min,1437,43109,2022-08-16 02:30:00,1476.368333333333
SA1,page_hinkley,raw_30min,1438,43139,2022-08-16 17:30:00,1526.9316666666666
SA1,page_hinkley,raw_30min,1439,43169,2022-08-17 08:30:00,1892.006666666667
SA1,page_hinkley,raw_30min,1440,43199,2022-08-17 23:30:00,1609.0883333333334
SA1,page_hinkley,raw_30min,1441,43229,2022-08-18 14:30:00,1260.37
SA1,page_hinkley,raw_30min,1442,43259,2022-08-19 05:30:00,1360.5066666666667
SA1,page_hinkley,raw_30min,1443,43289,2022-08-19 20:30:00,2005.21
SA1,page_hinkley,raw_30min,1444,43319,2022-08-20 11:30:00,780.975
SA1,page_hinkley,raw_30min,1445,43349,2022-08-21 02:30:00,1412.0583333333334
SA1,page_hinkley,raw_30min,1446,43379,2022-08-21 17:30:00,1354.1716666666669
SA1,page_hinkley,raw_30min,1447,43409,2022-08-22 08:30:00,1886.25
SA1,page_hinkley,raw_30min,1448,43439,2022-08-22 23:30:00,1772.8183333333334
SA1,page_hinkley,raw_30min,1449,43469,2022-08-23 14:30:00,1103.26
SA1,page_hinkley,raw_30min,1450,43499,2022-08-24 05:30:00,1371.506666666667
SA1,page_hinkley,raw_30min,1451,43529,2022-08-24 20:30:00,2130.875
SA1,page_hinkley,raw_30min,1452,43559,2022-08-25 11:30:00,1286.6283333333333
SA1,page_hinkley,raw_30min,1453,43589,2022-08-26 02:30:00,1521.6499999999999
SA1,page_hinkley,raw_30min,1454,43619,2022-08-26 17:30:00,1561.4316666666666
SA1,page_hinkley,raw_30min,1455,43649,2022-08-27 08:30:00,1412.8316666666667
SA1,page_hinkley,raw_30min,1456,43679,2022-08-27 23:30:00,1521.5466666666669
SA1,page_hinkley,raw_30min,1457,43709,2022-08-28 14:30:00,402.3866666666666
SA1,page_hinkley,raw_30min,1458,43739,2022-08-29 05:30:00,1185.285
SA1,page_hinkley,raw_30min,1459,43769,2022-08-29 20:30:00,2132.6566666666668
SA1,page_hinkley,raw_30min,1460,43799,2022-08-30 11:30:00,1136.3783333333333
SA1,page_hinkley,raw_30min,1461,43829,2022-08-31 02:30:00,1496.3950000000002
SA1,page_hinkley,raw_30min,1462,43859,2022-08-31 17:30:00,1374.7166666666665
SA1,page_hinkley,raw_30min,1463,43889,2022-09-01 08:30:00,1752.9033333333334
SA1,page_hinkley,raw_30min,1464,43919,2022-09-01 23:30:00,1577.6483333333333
SA1,page_hinkley,raw_30min,1465,43949,2022-09-02 14:30:00,1313.1483333333333
SA1,page_hinkley,raw_30min,1466,43979,2022-09-03 05:30:00,1373.5049999999999
SA1,page_hinkley,raw_30min,1467,44009,2022-09-03 20:30:00,1896.3066666666666
SA1,page_hinkley,raw_30min,1468,44039,2022-09-04 11:30:00,687.18
SA1,page_hinkley,raw_30min,1469,44069,2022-09-05 02:30:00,1445.87
SA1,page_hinkley,raw_30min,1470,44099,2022-09-05 17:30:00,1471.5900000000001
SA1,page_hinkley,raw_30min,1471,44129,2022-09-06 08:30:00,1605.5349999999999
SA1,page_hinkley,raw_30min,1472,44159,2022-09-06 23:30:00,1485.305
SA1,page_hinkley,raw_30min,1473,44189,2022-09-07 14:30:00,1148.835
SA1,page_hinkley,raw_30min,1474,44219,2022-09-08 05:30:00,1260.9216666666669
SA1,page_hinkley,raw_30min,1475,44249,2022-09-08 20:30:00,1925.115
SA1,page_hinkley,raw_30min,1476,44279,2022-09-09 11:30:00,1569.7483333333332
SA1,page_hinkley,raw_30min,1477,44309,2022-09-10 02:30:00,1358.535
SA1,page_hinkley,raw_30min,1478,44339,2022-09-10 17:30:00,1252.3433333333335
SA1,page_hinkley,raw_30min,1479,44369,2022-09-11 08:30:00,1271.6116666666667
SA1,page_hinkley,raw_30min,1480,44399,2022-09-11 23:30:00,1445.6599999999999
SA1,page_hinkley,raw_30min,1481,44429,2022-09-12 14:30:00,677.3566666666667
SA1,page_hinkley,raw_30min,1482,44459,2022-09-13 05:30:00,1297.8500000000001
SA1,page_hinkley,raw_30min,1483,44489,2022-09-13 20:30:00,1712.2933333333333
SA1,page_hinkley,raw_30min,1484,44519,2022-09-14 11:30:00,1804.365
SA1,page_hinkley,raw_30min,1485,44549,2022-09-15 02:30:00,1343.81
SA1,page_hinkley,raw_30min,1486,44579,2022-09-15 17:30:00,1563.2816666666668
SA1,page_hinkley,raw_30min,1487,44609,2022-09-16 08:30:00,1580.535
SA1,page_hinkley,raw_30min,1488,44639,2022-09-16 23:30:00,1555.8666666666668
SA1,page_hinkley,raw_30min,1489,44669,2022-09-17 14:30:00,874.04
SA1,page_hinkley,raw_30min,1490,44699,2022-09-18 05:30:00,1223.0716666666667
SA1,page_hinkley,raw_30min,1491,44729,2022-09-18 20:30:00,1777.165
SA1,page_hinkley,raw_30min,1492,44759,2022-09-19 11:30:00,655.2166666666667
SA1,page_hinkley,raw_30min,1493,44789,2022-09-20 02:30:00,1401.5283333333334
SA1,page_hinkley,raw_30min,1494,44819,2022-09-20 17:30:00,1861.2
SA1,page_hinkley,raw_30min,1495,44849,2022-09-21 08:30:00,1592.131666666667
SA1,page_hinkley,raw_30min,1496,44879,2022-09-21 23:30:00,1471.7250000000001
SA1,page_hinkley,raw_30min,1497,44909,2022-09-22 14:30:00,591.6683333333334
SA1,page_hinkley,raw_30min,1498,44939,2022-09-23 05:30:00,1222.5616666666667
SA1,page_hinkley,raw_30min,1499,44969,2022-09-23 20:30:00,1820.61
SA1,page_hinkley,raw_30min,1500,44999,2022-09-24 11:30:00,397.94666666666666
SA1,page_hinkley,raw_30min,1501,45029,2022-09-25 02:30:00,1293.1366666666665
SA1,page_hinkley,raw_30min,1502,45059,2022-09-25 17:30:00,1516.1233333333332
SA1,page_hinkley,raw_30min,1503,45089,2022-09-26 08:30:00,1572.3316666666667
SA1,page_hinkley,raw_30min,1504,45119,2022-09-26 23:30:00,1586.6266666666668
SA1,page_hinkley,raw_30min,1505,45149,2022-09-27 14:30:00,1040.3683333333333
SA1,page_hinkley,raw_30min,1506,45179,2022-09-28 05:30:00,1279.1666666666667
SA1,page_hinkley,raw_30min,1507,45209,2022-09-28 20:30:00,1903.9750000000001
SA1,page_hinkley,raw_30min,1508,45239,2022-09-29 11:30:00,928.9966666666666
SA1,page_hinkley,raw_30min,1509,45269,2022-09-30 02:30:00,1375.5233333333333
SA1,page_hinkley,raw_30min,1510,45299,2022-09-30 17:30:00,1135.3483333333334
SA1,page_hinkley,raw_30min,1511,45329,2022-10-01 08:30:00,926.7800000000001
SA1,page_hinkley,raw_30min,1512,45359,2022-10-01 23:30:00,1238.8616666666667
SA1,page_hinkley,raw_30min,1513,45389,2022-10-02 14:30:00,443.33500000000004
SA1,page_hinkley,raw_30min,1514,45419,2022-10-03 05:30:00,1088.9216666666666
SA1,page_hinkley,raw_30min,1515,45449,2022-10-03 20:30:00,1352.7916666666667
SA1,page_hinkley,raw_30min,1516,45479,2022-10-04 11:30:00,1687.9883333333335
SA1,page_hinkley,raw_30min,1517,45509,2022-10-05 02:30:00,1340.445
SA1,page_hinkley,raw_30min,1518,45539,2022-10-05 17:30:00,1117.0116666666665
SA1,page_hinkley,raw_30min,1519,45569,2022-10-06 08:30:00,1044.0049999999999
SA1,page_hinkley,raw_30min,1520,45599,2022-10-06 23:30:00,1212.9350000000002
SA1,page_hinkley,raw_30min,1521,45629,2022-10-07 14:30:00,658.9666666666667
SA1,page_hinkley,raw_30min,1522,45659,2022-10-08 05:30:00,1126.385
SA1,page_hinkley,raw_30min,1523,45689,2022-10-08 20:30:00,1465.2916666666667
SA1,page_hinkley,raw_30min,1524,45719,2022-10-09 11:30:00,302.495
SA1,page_hinkley,raw_30min,1525,45749,2022-10-10 02:30:00,1247.0233333333333
SA1,page_hinkley,raw_30min,1526,45779,2022-10-10 17:30:00,1169.065
SA1,page_hinkley,raw_30min,1527,45809,2022-10-11 08:30:00,1472.1216666666667
SA1,page_hinkley,raw_30min,1528,45839,2022-10-11 23:30:00,1323.2483333333332
SA1,page_hinkley,raw_30min,1529,45869,2022-10-12 14:30:00,1405.3016666666665
SA1,page_hinkley,raw_30min,1530,45899,2022-10-13 05:30:00,1288.6266666666668
SA1,page_hinkley,raw_30min,1531,45929,2022-10-13 20:30:00,1706.4633333333334
SA1,page_hinkley,raw_30min,1532,45959,2022-10-14 11:30:00,744.6533333333333
SA1,page_hinkley,raw_30min,1533,45989,2022-10-15 02:30:00,1248.4116666666666
SA1,page_hinkley,raw_30min,1534,46019,2022-10-15 17:30:00,945.8916666666668
SA1,page_hinkley,raw_30min,1535,46049,2022-10-16 08:30:00,706.0633333333334
SA1,page_hinkley,raw_30min,1536,46079,2022-10-16 23:30:00,1200.7083333333333
SA1,page_hinkley,raw_30min,1537,46109,2022-10-17 14:30:00,575.5466666666667
SA1,page_hinkley,raw_30min,1538,46139,2022-10-18 05:30:00,1189.7883333333332
SA1,page_hinkley,raw_30min,1539,46169,2022-10-18 20:30:00,1454.1116666666667
SA1,page_hinkley,raw_30min,1540,46199,2022-10-19 11:30:00,451.24
SA1,page_hinkley,raw_30min,1541,46229,2022-10-20 02:30:00,1252.8783333333333
SA1,page_hinkley,raw_30min,1542,46259,2022-10-20 17:30:00,1235.155
SA1,page_hinkley,raw_30min,1543,46289,2022-10-21 08:30:00,1107.7483333333332
SA1,page_hinkley,raw_30min,1544,46319,2022-10-21 23:30:00,1192.455
SA1,page_hinkley,raw_30min,1545,46349,2022-10-22 14:30:00,609.5933333333334
SA1,page_hinkley,raw_30min,1546,46379,2022-10-23 05:30:00,1144.3783333333333
SA1,page_hinkley,raw_30min,1547,46409,2022-10-23 20:30:00,1492.5783333333331
SA1,page_hinkley,raw_30min,1548,46439,2022-10-24 11:30:00,1173.8433333333332
SA1,page_hinkley,raw_30min,1549,46469,2022-10-25 02:30:00,1258.3183333333334
SA1,page_hinkley,raw_30min,1550,46499,2022-10-25 17:30:00,1384.335
SA1,page_hinkley,raw_30min,1551,46529,2022-10-26 08:30:00,1241.2866666666666
SA1,page_hinkley,raw_30min,1552,46559,2022-10-26 23:30:00,1277.7933333333333
SA1,page_hinkley,raw_30min,1553,46589,2022-10-27 14:30:00,567.515
SA1,page_hinkley,raw_30min,1554,46619,2022-10-28 05:30:00,1259.16
SA1,page_hinkley,raw_30min,1555,46649,2022-10-28 20:30:00,1472.9183333333333
SA1,page_hinkley,raw_30min,1556,46679,2022-10-29 11:30:00,223.49166666666667
SA1,page_hinkley,raw_30min,1557,46709,2022-10-30 02:30:00,1179.7083333333333
SA1,page_hinkley,raw_30min,1558,46739,2022-10-30 17:30:00,1266.0966666666666
SA1,page_hinkley,raw_30min,1559,46769,2022-10-31 08:30:00,1437.055
SA1,page_hinkley,raw_30min,1560,46799,2022-10-31 23:30:00,1399.0233333333333
SA1,page_hinkley,raw_30min,1561,46829,2022-11-01 14:30:00,1190.91
SA1,page_hinkley,raw_30min,1562,46859,2022-11-02 05:30:00,1388.4833333333333
SA1,page_hinkley,raw_30min,1563,46889,2022-11-02 20:30:00,1756.2333333333333
SA1,page_hinkley,raw_30min,1564,46919,2022-11-03 11:30:00,846.2766666666666
SA1,page_hinkley,raw_30min,1565,46949,2022-11-04 02:30:00,1266.3166666666666
SA1,page_hinkley,raw_30min,1566,46979,2022-11-04 17:30:00,978.7983333333333
SA1,page_hinkley,raw_30min,1567,47009,2022-11-05 08:30:00,789.9333333333334
SA1,page_hinkley,raw_30min,1568,47039,2022-11-05 23:30:00,1114.09
SA1,page_hinkley,raw_30min,1569,47069,2022-11-06 14:30:00,153.87833333333333
SA1,page_hinkley,raw_30min,1570,47099,2022-11-07 05:30:00,1191.51
SA1,page_hinkley,raw_30min,1571,47129,2022-11-07 20:30:00,1557.7250000000001
SA1,page_hinkley,raw_30min,1572,47159,2022-11-08 11:30:00,641.135
SA1,page_hinkley,raw_30min,1573,47189,2022-11-09 02:30:00,1322.8966666666668
SA1,page_hinkley,raw_30min,1574,47219,2022-11-09 17:30:00,1808.7366666666667
SA1,page_hinkley,raw_30min,1575,47249,2022-11-10 08:30:00,1138.8333333333333
SA1,page_hinkley,raw_30min,1576,47279,2022-11-10 23:30:00,1220.8083333333334
SA1,page_hinkley,raw_30min,1577,47309,2022-11-11 14:30:00,413.54833333333335
SA1,page_hinkley,raw_30min,1578,47339,2022-11-12 05:30:00,1204.8066666666666
SA1,page_hinkley,raw_30min,1579,47369,2022-11-12 20:30:00,1257.6983333333335
SA1,page_hinkley,raw_30min,1580,47399,2022-11-13 11:30:00,746.8249999999999
SA1,page_hinkley,raw_30min,1581,47429,2022-11-14 02:30:00,1280.2483333333332
SA1,page_hinkley,raw_30min,1582,47459,2022-11-14 17:30:00,1327.4783333333332
SA1,page_hinkley,raw_30min,1583,47489,2022-11-15 08:30:00,1085.02
SA1,page_hinkley,raw_30min,1584,47519,2022-11-15 23:30:00,1293.8183333333334
SA1,page_hinkley,raw_30min,1585,47549,2022-11-16 14:30:00,906.6383333333333
SA1,page_hinkley,raw_30min,1586,47579,2022-11-17 05:30:00,1330.2033333333334
SA1,page_hinkley,raw_30min,1587,47609,2022-11-17 20:30:00,1474.2866666666666
SA1,page_hinkley,raw_30min,1588,47639,2022-11-18 11:30:00,1000.6633333333333
SA1,page_hinkley,raw_30min,1589,47669,2022-11-19 02:30:00,1282.0716666666667
SA1,page_hinkley,raw_30min,1590,47699,2022-11-19 17:30:00,1316.365
SA1,page_hinkley,raw_30min,1591,47729,2022-11-20 08:30:00,920.1083333333332
SA1,page_hinkley,raw_30min,1592,47759,2022-11-20 23:30:00,1302.575
SA1,page_hinkley,raw_30min,1593,47789,2022-11-21 14:30:00,690.8633333333333
SA1,page_hinkley,raw_30min,1594,47819,2022-11-22 05:30:00,1273.1283333333333
SA1,page_hinkley,raw_30min,1595,47849,2022-11-22 20:30:00,1566.381666666667
SA1,page_hinkley,raw_30min,1596,47879,2022-11-23 11:30:00,752.1666666666666
SA1,page_hinkley,raw_30min,1597,47909,2022-11-24 02:30:00,1237.2333333333333
SA1,page_hinkley,raw_30min,1598,47939,2022-11-24 17:30:00,955.4983333333333
SA1,page_hinkley,raw_30min,1599,47969,2022-11-25 08:30:00,990.1833333333334
SA1,page_hinkley,raw_30min,1600,47999,2022-11-25 23:30:00,1390.1683333333333
SA1,page_hinkley,raw_30min,1601,48029,2022-11-26 14:30:00,460.95000000000005
SA1,page_hinkley,raw_30min,1602,48059,2022-11-27 05:30:00,1095.6366666666665
SA1,page_hinkley,raw_30min,1603,48089,2022-11-27 20:30:00,1334.3666666666666
SA1,page_hinkley,raw_30min,1604,48119,2022-11-28 11:30:00,667.9133333333333
SA1,page_hinkley,raw_30min,1605,48149,2022-11-29 02:30:00,1224.9333333333334
SA1,page_hinkley,raw_30min,1606,48179,2022-11-29 17:30:00,1021.395
SA1,page_hinkley,raw_30min,1607,48209,2022-11-30 08:30:00,910.4733333333334
SA1,page_hinkley,raw_30min,1608,48239,2022-11-30 23:30:00,1284.8466666666666
SA1,page_hinkley,raw_30min,1609,48269,2022-12-01 14:30:00,386.07
SA1,page_hinkley,raw_30min,1610,48299,2022-12-02 05:30:00,1280.4266666666665
SA1,page_hinkley,raw_30min,1611,48329,2022-12-02 20:30:00,1537.6366666666665
SA1,page_hinkley,raw_30min,1612,48359,2022-12-03 11:30:00,474.8933333333334
SA1,page_hinkley,raw_30min,1613,48389,2022-12-04 02:30:00,1267.8433333333332
SA1,page_hinkley,raw_30min,1614,48419,2022-12-04 17:30:00,1431.3283333333331
SA1,page_hinkley,raw_30min,1615,48449,2022-12-05 08:30:00,1266.9833333333333
SA1,page_hinkley,raw_30min,1616,48479,2022-12-05 23:30:00,1311.3983333333333
SA1,page_hinkley,raw_30min,1617,48509,2022-12-06 14:30:00,666.8066666666667
SA1,page_hinkley,raw_30min,1618,48539,2022-12-07 05:30:00,1266.75
SA1,page_hinkley,raw_30min,1619,48569,2022-12-07 20:30:00,1585.465
SA1,page_hinkley,raw_30min,1620,48599,2022-12-08 11:30:00,670.9766666666667
SA1,page_hinkley,raw_30min,1621,48629,2022-12-09 02:30:00,1264.0433333333333
SA1,page_hinkley,raw_30min,1622,48659,2022-12-09 17:30:00,1012.8583333333332
SA1,page_hinkley,raw_30min,1623,48689,2022-12-10 08:30:00,987.3216666666667
SA1,page_hinkley,raw_30min,1624,48719,2022-12-10 23:30:00,1311.7533333333333
SA1,page_hinkley,raw_30min,1625,48749,2022-12-11 14:30:00,850.235
SA1,page_hinkley,raw_30min,1626,48779,2022-12-12 05:30:00,1292.1666666666667
SA1,page_hinkley,raw_30min,1627,48809,2022-12-12 20:30:00,1536.1000000000001
SA1,page_hinkley,raw_30min,1628,48839,2022-12-13 11:30:00,996.8916666666668
SA1,page_hinkley,raw_30min,1629,48869,2022-12-14 02:30:00,1256.0716666666667
SA1,page_hinkley,raw_30min,1630,48899,2022-12-14 17:30:00,1005.7716666666666
SA1,page_hinkley,raw_30min,1631,48929,2022-12-15 08:30:00,1120.4716666666666
SA1,page_hinkley,raw_30min,1632,48959,2022-12-15 23:30:00,1351.4716666666666
SA1,page_hinkley,raw_30min,1633,48989,2022-12-16 14:30:00,249.54833333333332
SA1,page_hinkley,raw_30min,1634,49019,2022-12-17 05:30:00,1169.9266666666665
SA1,page_hinkley,raw_30min,1635,49049,2022-12-17 20:30:00,1421.2383333333335
SA1,page_hinkley,raw_30min,1636,49079,2022-12-18 11:30:00,461.56333333333333
SA1,page_hinkley,raw_30min,1637,49109,2022-12-19 02:30:00,1357.08
SA1,page_hinkley,raw_30min,1638,49139,2022-12-19 17:30:00,1737.5216666666668
SA1,page_hinkley,raw_30min,1639,49169,2022-12-20 08:30:00,1467.0233333333333
SA1,page_hinkley,raw_30min,1640,49199,2022-12-20 23:30:00,1436.415
SA1,page_hinkley,raw_30min,1641,49229,2022-12-21 14:30:00,767.84
SA1,page_hinkley,raw_30min,1642,49259,2022-12-22 05:30:00,1276.6033333333332
SA1,page_hinkley,raw_30min,1643,49289,2022-12-22 20:30:00,1480.32
SA1,page_hinkley,raw_30min,1644,49319,2022-12-23 11:30:00,347.09
SA1,page_hinkley,raw_30min,1645,49349,2022-12-24 02:30:00,1242.205
SA1,page_hinkley,raw_30min,1646,49379,2022-12-24 17:30:00,932.2016666666667
SA1,page_hinkley,raw_30min,1647,49409,2022-12-25 08:30:00,733.16
SA1,page_hinkley,raw_30min,1648,49439,2022-12-25 23:30:00,1388.345
SA1,page_hinkley,raw_30min,1649,49469,2022-12-26 14:30:00,1081.5116666666665
SA1,page_hinkley,raw_30min,1650,49499,2022-12-27 05:30:00,1562.4533333333331
SA1,page_hinkley,raw_30min,1651,49529,2022-12-27 20:30:00,2713.0866666666666
SA1,page_hinkley,raw_30min,1652,49559,2022-12-28 11:30:00,469.3233333333333
SA1,page_hinkley,raw_30min,1653,49589,2022-12-29 02:30:00,1244.415
SA1,page_hinkley,raw_30min,1654,49619,2022-12-29 17:30:00,865.6466666666666
SA1,page_hinkley,raw_30min,1655,49649,2022-12-30 08:30:00,784.3649999999999
SA1,page_hinkley,raw_30min,1656,49679,2022-12-30 23:30:00,1341.3416666666667
SA1,page_hinkley,raw_30min,1657,49709,2022-12-31 14:30:00,481.32
SA1,page_hinkley,raw_30min,1658,49739,2023-01-01 05:30:00,1182.8583333333333
SA1,page_hinkley,raw_30min,1659,49769,2023-01-01 20:30:00,1985.3283333333331
SA1,page_hinkley,raw_30min,1660,49799,2023-01-02 11:30:00,582.2916666666666
SA1,page_hinkley,raw_30min,1661,49829,2023-01-03 02:30:00,1243.7066666666667
SA1,page_hinkley,raw_30min,1662,49859,2023-01-03 17:30:00,1018.1833333333334
SA1,page_hinkley,raw_30min,1663,49889,2023-01-04 08:30:00,1181.3816666666667
SA1,page_hinkley,raw_30min,1664,49919,2023-01-04 23:30:00,1350.0783333333331
SA1,page_hinkley,raw_30min,1665,49949,2023-01-05 14:30:00,331.03833333333336
SA1,page_hinkley,raw_30min,1666,49979,2023-01-06 05:30:00,1276.9483333333335
SA1,page_hinkley,raw_30min,1667,50009,2023-01-06 20:30:00,1630.1916666666666
SA1,page_hinkley,raw_30min,1668,50039,2023-01-07 11:30:00,742.3133333333334
SA1,page_hinkley,raw_30min,1669,50069,2023-01-08 02:30:00,1413.6483333333333
SA1,page_hinkley,raw_30min,1670,50099,2023-01-08 17:30:00,1919.3933333333334
SA1,page_hinkley,raw_30min,1671,50129,2023-01-09 08:30:00,1182.4883333333335
SA1,page_hinkley,raw_30min,1672,50159,2023-01-09 23:30:00,1435.6466666666668
SA1,page_hinkley,raw_30min,1673,50189,2023-01-10 14:30:00,871.0783333333333
SA1,page_hinkley,raw_30min,1674,50219,2023-01-11 05:30:00,1346.9783333333332
SA1,page_hinkley,raw_30min,1675,50249,2023-01-11 20:30:00,1925.5616666666665
SA1,page_hinkley,raw_30min,1676,50279,2023-01-12 11:30:00,795.2316666666667
SA1,page_hinkley,raw_30min,1677,50309,2023-01-13 02:30:00,1388.4566666666667
SA1,page_hinkley,raw_30min,1678,50339,2023-01-13 17:30:00,2139.5750000000003
SA1,page_hinkley,raw_30min,1679,50369,2023-01-14 08:30:00,1428.7233333333334
SA1,page_hinkley,raw_30min,1680,50399,2023-01-14 23:30:00,1479.0516666666665
SA1,page_hinkley,raw_30min,1681,50429,2023-01-15 14:30:00,373.855
SA1,page_hinkley,raw_30min,1682,50459,2023-01-16 05:30:00,1299.7866666666666
SA1,page_hinkley,raw_30min,1683,50489,2023-01-16 20:30:00,2112.2366666666667
SA1,page_hinkley,raw_30min,1684,50519,2023-01-17 11:30:00,1914.8266666666666
SA1,page_hinkley,raw_30min,1685,50549,2023-01-18 02:30:00,1396.5766666666668
SA1,page_hinkley,raw_30min,1686,50579,2023-01-18 17:30:00,1228.1583333333335
SA1,page_hinkley,raw_30min,1687,50609,2023-01-19 08:30:00,1173.6733333333334
SA1,page_hinkley,raw_30min,1688,50639,2023-01-19 23:30:00,1355.4399999999998
SA1,page_hinkley,raw_30min,1689,50669,2023-01-20 14:30:00,464.435
SA1,page_hinkley,raw_30min,1690,50699,2023-01-21 05:30:00,1171.18
SA1,page_hinkley,raw_30min,1691,50729,2023-01-21 20:30:00,1526.3116666666667
SA1,page_hinkley,raw_30min,1692,50759,2023-01-22 11:30:00,372.0683333333333
SA1,page_hinkley,raw_30min,1693,50789,2023-01-23 02:30:00,1292.5516666666665
SA1,page_hinkley,raw_30min,1694,50819,2023-01-23 17:30:00,1664.9916666666668
SA1,page_hinkley,raw_30min,1695,50849,2023-01-24 08:30:00,1176.3216666666667
SA1,page_hinkley,raw_30min,1696,50879,2023-01-24 23:30:00,1387.3416666666665
SA1,page_hinkley,raw_30min,1697,50909,2023-01-25 14:30:00,722.5749999999999
SA1,page_hinkley,raw_30min,1698,50939,2023-01-26 05:30:00,1159.62
SA1,page_hinkley,raw_30min,1699,50969,2023-01-26 20:30:00,1523.8100000000002
SA1,page_hinkley,raw_30min,1700,50999,2023-01-27 11:30:00,708.0616666666666
SA1,page_hinkley,raw_30min,1701,51029,2023-01-28 02:30:00,1611.8066666666666
SA1,page_hinkley,raw_30min,1702,51059,2023-01-28 17:30:00,1592.243333333333
SA1,page_hinkley,raw_30min,1703,51089,2023-01-29 08:30:00,1205.69
SA1,page_hinkley,raw_30min,1704,51119,2023-01-29 23:30:00,1231.225
SA1,page_hinkley,raw_30min,1705,51149,2023-01-30 14:30:00,591.8866666666667
SA1,page_hinkley,raw_30min,1706,51179,2023-01-31 05:30:00,1254.0933333333335
SA1,page_hinkley,raw_30min,1707,51209,2023-01-31 20:30:00,1509.6766666666665
SA1,page_hinkley,raw_30min,1708,51239,2023-02-01 11:30:00,960.025
SA1,page_hinkley,raw_30min,1709,51269,2023-02-02 02:30:00,1240.7783333333334
SA1,page_hinkley,raw_30min,1710,51299,2023-02-02 17:30:00,1204.1899999999998
SA1,page_hinkley,raw_30min,1711,51329,2023-02-03 08:30:00,1366.9350000000002
SA1,page_hinkley,raw_30min,1712,51359,2023-02-03 23:30:00,1268.2916666666667
SA1,page_hinkley,raw_30min,1713,51389,2023-02-04 14:30:00,475.1116666666667
SA1,page_hinkley,raw_30min,1714,51419,2023-02-05 05:30:00,1106.745
SA1,page_hinkley,raw_30min,1715,51449,2023-02-05 20:30:00,1404.7133333333334
SA1,page_hinkley,raw_30min,1716,51479,2023-02-06 11:30:00,432.94
SA1,page_hinkley,raw_30min,1717,51509,2023-02-07 02:30:00,1277.485
SA1,page_hinkley,raw_30min,1718,51539,2023-02-07 17:30:00,1380.4916666666668
SA1,page_hinkley,raw_30min,1719,51569,2023-02-08 08:30:00,1208.3700000000001
SA1,page_hinkley,raw_30min,1720,51599,2023-02-08 23:30:00,1432.1733333333332
SA1,page_hinkley,raw_30min,1721,51629,2023-02-09 14:30:00,1079.7450000000001
SA1,page_hinkley,raw_30min,1722,51659,2023-02-10 05:30:00,1436.3733333333332
SA1,page_hinkley,raw_30min,1723,51689,2023-02-10 20:30:00,1692.8616666666667
SA1,page_hinkley,raw_30min,1724,51719,2023-02-11 11:30:00,613.64
SA1,page_hinkley,raw_30min,1725,51749,2023-02-12 02:30:00,1272.405
SA1,page_hinkley,raw_30min,1726,51779,2023-02-12 17:30:00,894.6683333333334
SA1,page_hinkley,raw_30min,1727,51809,2023-02-13 08:30:00,1152.5066666666667
SA1,page_hinkley,raw_30min,1728,51839,2023-02-13 23:30:00,1358.5283333333334
SA1,page_hinkley,raw_30min,1729,51869,2023-02-14 14:30:00,444.24500000000006
SA1,page_hinkley,raw_30min,1730,51899,2023-02-15 05:30:00,1308.805
SA1,page_hinkley,raw_30min,1731,51929,2023-02-15 20:30:00,2101.72
SA1,page_hinkley,raw_30min,1732,51959,2023-02-16 11:30:00,1418.0233333333333
SA1,page_hinkley,raw_30min,1733,51989,2023-02-17 02:30:00,1549.515
SA1,page_hinkley,raw_30min,1734,52019,2023-02-17 17:30:00,1356.3966666666665
SA1,page_hinkley,raw_30min,1735,52049,2023-02-18 08:30:00,974.15
SA1,page_hinkley,raw_30min,1736,52079,2023-02-18 23:30:00,1325.5816666666667
SA1,page_hinkley,raw_30min,1737,52109,2023-02-19 14:30:00,525.3383333333333
SA1,page_hinkley,raw_30min,1738,52139,2023-02-20 05:30:00,1328.2983333333334
SA1,page_hinkley,raw_30min,1739,52169,2023-02-20 20:30:00,2063.318333333333
SA1,page_hinkley,raw_30min,1740,52199,2023-02-21 11:30:00,1178.7483333333332
SA1,page_hinkley,raw_30min,1741,52229,2023-02-22 02:30:00,1613.55
SA1,page_hinkley,raw_30min,1742,52259,2023-02-22 17:30:00,2478.5583333333334
SA1,page_hinkley,raw_30min,1743,52289,2023-02-23 08:30:00,1855.2466666666667
SA1,page_hinkley,raw_30min,1744,52319,2023-02-23 23:30:00,2196.855
SA1,page_hinkley,raw_30min,1745,52349,2023-02-24 14:30:00,2232.2983333333336
SA1,page_hinkley,raw_30min,1746,52379,2023-02-25 05:30:00,1395.9983333333332
SA1,page_hinkley,raw_30min,1747,52409,2023-02-25 20:30:00,1437.0783333333331
SA1,page_hinkley,raw_30min,1748,52439,2023-02-26 11:30:00,449.0183333333334
SA1,page_hinkley,raw_30min,1749,52469,2023-02-27 02:30:00,1211.0983333333334
SA1,page_hinkley,raw_30min,1750,52499,2023-02-27 17:30:00,1144.3666666666666
SA1,page_hinkley,raw_30min,1751,52529,2023-02-28 08:30:00,1230.0683333333334
SA1,page_hinkley,raw_30min,1752,52559,2023-02-28 23:30:00,1299.5066666666667
SA1,page_hinkley,raw_30min,1753,52589,2023-03-01 14:30:00,747.9483333333334
SA1,page_hinkley,raw_30min,1754,52619,2023-03-02 05:30:00,1270.8833333333334
SA1,page_hinkley,raw_30min,1755,52649,2023-03-02 20:30:00,1524.8233333333335
SA1,page_hinkley,raw_30min,1756,52679,2023-03-03 11:30:00,565.1216666666667
SA1,page_hinkley,raw_30min,1757,52709,2023-03-04 02:30:00,1219.625
SA1,page_hinkley,raw_30min,1758,52739,2023-03-04 17:30:00,1080.8999999999999
SA1,page_hinkley,raw_30min,1759,52769,2023-03-05 08:30:00,1166.365
SA1,page_hinkley,raw_30min,1760,52799,2023-03-05 23:30:00,1326.6416666666667
SA1,page_hinkley,raw_30min,1761,52829,2023-03-06 14:30:00,703.6116666666667
SA1,page_hinkley,raw_30min,1762,52859,2023-03-07 05:30:00,1281.9066666666665
SA1,page_hinkley,raw_30min,1763,52889,2023-03-07 20:30:00,1547.3
SA1,page_hinkley,raw_30min,1764,52919,2023-03-08 11:30:00,930.42
SA1,page_hinkley,raw_30min,1765,52949,2023-03-09 02:30:00,1204.0033333333333
SA1,page_hinkley,raw_30min,1766,52979,2023-03-09 17:30:00,1002.2916666666666
SA1,page_hinkley,raw_30min,1767,53009,2023-03-10 08:30:00,1156.235
SA1,page_hinkley,raw_30min,1768,53039,2023-03-10 23:30:00,1243.535
SA1,page_hinkley,raw_30min,1769,53069,2023-03-11 14:30:00,326.01
SA1,page_hinkley,raw_30min,1770,53099,2023-03-12 05:30:00,1107.1733333333334
SA1,page_hinkley,raw_30min,1771,53129,2023-03-12 20:30:00,1328.4216666666669
SA1,page_hinkley,raw_30min,1772,53159,2023-03-13 11:30:00,287.87166666666667
SA1,page_hinkley,raw_30min,1773,53189,2023-03-14 02:30:00,1194.3033333333333
SA1,page_hinkley,raw_30min,1774,53219,2023-03-14 17:30:00,1207.9833333333333
SA1,page_hinkley,raw_30min,1775,53249,2023-03-15 08:30:00,1171.6000000000001
SA1,page_hinkley,raw_30min,1776,53279,2023-03-15 23:30:00,1299.395
SA1,page_hinkley,raw_30min,1777,53309,2023-03-16 14:30:00,686.6116666666667
SA1,page_hinkley,raw_30min,1778,53339,2023-03-17 05:30:00,1333.7766666666666
SA1,page_hinkley,raw_30min,1779,53369,2023-03-17 20:30:00,1766.28
SA1,page_hinkley,raw_30min,1780,53399,2023-03-18 11:30:00,903.2183333333332
SA1,page_hinkley,raw_30min,1781,53429,2023-03-19 02:30:00,1227.9166666666667
SA1,page_hinkley,raw_30min,1782,53459,2023-03-19 17:30:00,1295.5216666666668
SA1,page_hinkley,raw_30min,1783,53489,2023-03-20 08:30:00,1349.51
SA1,page_hinkley,raw_30min,1784,53519,2023-03-20 23:30:00,1268.5166666666667
SA1,page_hinkley,raw_30min,1785,53549,2023-03-21 14:30:00,773.61
SA1,page_hinkley,raw_30min,1786,53579,2023-03-22 05:30:00,1274.8183333333334
SA1,page_hinkley,raw_30min,1787,53609,2023-03-22 20:30:00,1668.9799999999998
SA1,page_hinkley,raw_30min,1788,53639,2023-03-23 11:30:00,646.5983333333334
SA1,page_hinkley,raw_30min,1789,53669,2023-03-24 02:30:00,1236.82
SA1,page_hinkley,raw_30min,1790,53699,2023-03-24 17:30:00,1161.2266666666667
SA1,page_hinkley,raw_30min,1791,53729,2023-03-25 08:30:00,1079.0533333333333
SA1,page_hinkley,raw_30min,1792,53759,2023-03-25 23:30:00,1235.56
SA1,page_hinkley,raw_30min,1793,53789,2023-03-26 14:30:00,1150.0049999999999
SA1,page_hinkley,raw_30min,1794,53819,2023-03-27 05:30:00,1284.7549999999999
SA1,page_hinkley,raw_30min,1795,53849,2023-03-27 20:30:00,1504.405
SA1,page_hinkley,raw_30min,1796,53879,2023-03-28 11:30:00,830.8000000000001
SA1,page_hinkley,raw_30min,1797,53909,2023-03-29 02:30:00,1225.1299999999999
SA1,page_hinkley,raw_30min,1798,53939,2023-03-29 17:30:00,1159.5166666666667
SA1,page_hinkley,raw_30min,1799,53969,2023-03-30 08:30:00,1352.3983333333333
SA1,page_hinkley,raw_30min,1800,53999,2023-03-30 23:30:00,1237.5816666666667
SA1,page_hinkley,raw_30min,1801,54029,2023-03-31 14:30:00,502.31333333333333
SA1,page_hinkley,raw_30min,1802,54059,2023-04-01 05:30:00,1115.1266666666668
SA1,page_hinkley,raw_30min,1803,54089,2023-04-01 20:30:00,1379.7116666666668
SA1,page_hinkley,raw_30min,1804,54119,2023-04-02 11:30:00,290.87833333333333
SA1,page_hinkley,raw_30min,1805,54149,2023-04-03 02:30:00,1204.2133333333334
SA1,page_hinkley,raw_30min,1806,54179,2023-04-03 17:30:00,1159.8066666666666
SA1,page_hinkley,raw_30min,1807,54209,2023-04-04 08:30:00,1231.6583333333333
SA1,page_hinkley,raw_30min,1808,54239,2023-04-04 23:30:00,1354.8233333333333
SA1,page_hinkley,raw_30min,1809,54269,2023-04-05 14:30:00,648.3383333333333
SA1,page_hinkley,raw_30min,1810,54299,2023-04-06 05:30:00,1165.82
SA1,page_hinkley,raw_30min,1811,54329,2023-04-06 20:30:00,1495.32
SA1,page_hinkley,raw_30min,1812,54359,2023-04-07 11:30:00,761.0099999999999
SA1,page_hinkley,raw_30min,1813,54389,2023-04-08 02:30:00,1220.065
SA1,page_hinkley,raw_30min,1814,54419,2023-04-08 17:30:00,1193.2233333333334
SA1,page_hinkley,raw_30min,1815,54449,2023-04-09 08:30:00,1018.54
SA1,page_hinkley,raw_30min,1816,54479,2023-04-09 23:30:00,1260.6866666666667
SA1,page_hinkley,raw_30min,1817,54509,2023-04-10 14:30:00,234.38833333333332
SA1,page_hinkley,raw_30min,1818,54539,2023-04-11 05:30:00,1216.0083333333334
SA1,page_hinkley,raw_30min,1819,54569,2023-04-11 20:30:00,1695.385
SA1,page_hinkley,raw_30min,1820,54599,2023-04-12 11:30:00,867.7983333333333
SA1,page_hinkley,raw_30min,1821,54629,2023-04-13 02:30:00,1272.1366666666665
SA1,page_hinkley,raw_30min,1822,54659,2023-04-13 17:30:00,1278.9666666666667
SA1,page_hinkley,raw_30min,1823,54689,2023-04-14 08:30:00,1363.1883333333333
SA1,page_hinkley,raw_30min,1824,54719,2023-04-14 23:30:00,1437.1733333333334
SA1,page_hinkley,raw_30min,1825,54749,2023-04-15 14:30:00,654.6933333333333
SA1,page_hinkley,raw_30min,1826,54779,2023-04-16 05:30:00,1122.8216666666667
SA1,page_hinkley,raw_30min,1827,54809,2023-04-16 20:30:00,1478.325
SA1,page_hinkley,raw_30min,1828,54839,2023-04-17 11:30:00,632.64
SA1,page_hinkley,raw_30min,1829,54869,2023-04-18 02:30:00,1242.2483333333332
SA1,page_hinkley,raw_30min,1830,54899,2023-04-18 17:30:00,1354.2133333333334
SA1,page_hinkley,raw_30min,1831,54929,2023-04-19 08:30:00,1349.5616666666667
SA1,page_hinkley,raw_30min,1832,54959,2023-04-19 23:30:00,1350.07
SA1,page_hinkley,raw_30min,1833,54989,2023-04-20 14:30:00,1262.6266666666668
SA1,page_hinkley,raw_30min,1834,55019,2023-04-21 05:30:00,1207.6933333333334
SA1,page_hinkley,raw_30min,1835,55049,2023-04-21 20:30:00,1550.4583333333333
SA1,page_hinkley,raw_30min,1836,55079,2023-04-22 11:30:00,445.915
SA1,page_hinkley,raw_30min,1837,55109,2023-04-23 02:30:00,1214.7733333333333
SA1,page_hinkley,raw_30min,1838,55139,2023-04-23 17:30:00,1160.1033333333332
SA1,page_hinkley,raw_30min,1839,55169,2023-04-24 08:30:00,1280.5833333333333
SA1,page_hinkley,raw_30min,1840,55199,2023-04-24 23:30:00,1263.8266666666666
SA1,page_hinkley,raw_30min,1841,55229,2023-04-25 14:30:00,575.1083333333333
SA1,page_hinkley,raw_30min,1842,55259,2023-04-26 05:30:00,1211.745
SA1,page_hinkley,raw_30min,1843,55289,2023-04-26 20:30:00,1613.2366666666667
SA1,page_hinkley,raw_30min,1844,55319,2023-04-27 11:30:00,743.735
SA1,page_hinkley,raw_30min,1845,55349,2023-04-28 02:30:00,1319.4116666666666
SA1,page_hinkley,raw_30min,1846,55379,2023-04-28 17:30:00,1388.9483333333335
SA1,page_hinkley,raw_30min,1847,55409,2023-04-29 08:30:00,1194.8149999999998
SA1,page_hinkley,raw_30min,1848,55439,2023-04-29 23:30:00,1311.7383333333335
SA1,page_hinkley,raw_30min,1849,55469,2023-04-30 14:30:00,968.9050000000001
SA1,page_hinkley,raw_30min,1850,55499,2023-05-01 05:30:00,1177.795
SA1,page_hinkley,raw_30min,1851,55529,2023-05-01 20:30:00,1675.6499999999999
SA1,page_hinkley,raw_30min,1852,55559,2023-05-02 11:30:00,1191.9466666666667
SA1,page_hinkley,raw_30min,1853,55589,2023-05-03 02:30:00,1418.5633333333335
SA1,page_hinkley,raw_30min,1854,55619,2023-05-03 17:30:00,1610.21
SA1,page_hinkley,raw_30min,1855,55649,2023-05-04 08:30:00,1547.1983333333335
SA1,page_hinkley,raw_30min,1856,55679,2023-05-04 23:30:00,1475.0483333333334
SA1,page_hinkley,raw_30min,1857,55709,2023-05-05 14:30:00,1598.7533333333333
SA1,page_hinkley,raw_30min,1858,55739,2023-05-06 05:30:00,1208.2466666666667
SA1,page_hinkley,raw_30min,1859,55769,2023-05-06 20:30:00,1771.735
SA1,page_hinkley,raw_30min,1860,55799,2023-05-07 11:30:00,746.4766666666666
SA1,page_hinkley,raw_30min,1861,55829,2023-05-08 02:30:00,1431.63
SA1,page_hinkley,raw_30min,1862,55859,2023-05-08 17:30:00,1842.22
SA1,page_hinkley,raw_30min,1863,55889,2023-05-09 08:30:00,1797.3166666666666
SA1,page_hinkley,raw_30min,1864,55919,2023-05-09 23:30:00,1456.2699999999998
SA1,page_hinkley,raw_30min,1865,55949,2023-05-10 14:30:00,651.3366666666667
SA1,page_hinkley,raw_30min,1866,55979,2023-05-11 05:30:00,1276.7116666666668
SA1,page_hinkley,raw_30min,1867,56009,2023-05-11 20:30:00,1816.7116666666668
SA1,page_hinkley,raw_30min,1868,56039,2023-05-12 11:30:00,1023.6183333333333
SA1,page_hinkley,raw_30min,1869,56069,2023-05-13 02:30:00,1340.9533333333334
SA1,page_hinkley,raw_30min,1870,56099,2023-05-13 17:30:00,1358.6416666666667
SA1,page_hinkley,raw_30min,1871,56129,2023-05-14 08:30:00,1254.625
SA1,page_hinkley,raw_30min,1872,56159,2023-05-14 23:30:00,1338.3033333333333
SA1,page_hinkley,raw_30min,1873,56189,2023-05-15 14:30:00,695.4433333333333
SA1,page_hinkley,raw_30min,1874,56219,2023-05-16 05:30:00,1251.2066666666667
SA1,page_hinkley,raw_30min,1875,56249,2023-05-16 20:30:00,1846.3116666666665
SA1,page_hinkley,raw_30min,1876,56279,2023-05-17 11:30:00,1173.5266666666666
SA1,page_hinkley,raw_30min,1877,56309,2023-05-18 02:30:00,1458.5766666666668
SA1,page_hinkley,raw_30min,1878,56339,2023-05-18 17:30:00,1728.5266666666666
SA1,page_hinkley,raw_30min,1879,56369,2023-05-19 08:30:00,1903.9866666666667
SA1,page_hinkley,raw_30min,1880,56399,2023-05-19 23:30:00,1612.0383333333332
SA1,page_hinkley,raw_30min,1881,56429,2023-05-20 14:30:00,785.61
SA1,page_hinkley,raw_30min,1882,56459,2023-05-21 05:30:00,1308.3366666666668
SA1,page_hinkley,raw_30min,1883,56489,2023-05-21 20:30:00,1784.7833333333335
SA1,page_hinkley,raw_30min,1884,56519,2023-05-22 11:30:00,1434.4966666666667
SA1,page_hinkley,raw_30min,1885,56549,2023-05-23 02:30:00,1442.4816666666666
SA1,page_hinkley,raw_30min,1886,56579,2023-05-23 17:30:00,1766.4683333333332
SA1,page_hinkley,raw_30min,1887,56609,2023-05-24 08:30:00,1852.5116666666665
SA1,page_hinkley,raw_30min,1888,56639,2023-05-24 23:30:00,1567.0266666666666
SA1,page_hinkley,raw_30min,1889,56669,2023-05-25 14:30:00,1668.7933333333333
SA1,page_hinkley,raw_30min,1890,56699,2023-05-26 05:30:00,1327.0233333333333
SA1,page_hinkley,raw_30min,1891,56729,2023-05-26 20:30:00,1928.0883333333334
SA1,page_hinkley,raw_30min,1892,56759,2023-05-27 11:30:00,1214.8483333333334
SA1,page_hinkley,raw_30min,1893,56789,2023-05-28 02:30:00,1431.8833333333332
SA1,page_hinkley,raw_30min,1894,56819,2023-05-28 17:30:00,1627.9116666666666
SA1,page_hinkley,raw_30min,1895,56849,2023-05-29 08:30:00,1717.3966666666665
SA1,page_hinkley,raw_30min,1896,56879,2023-05-29 23:30:00,1426.0200000000002
SA1,page_hinkley,raw_30min,1897,56909,2023-05-30 14:30:00,1452.3183333333334
SA1,page_hinkley,raw_30min,1898,56939,2023-05-31 05:30:00,1279.4366666666667
SA1,page_hinkley,raw_30min,1899,56969,2023-05-31 20:30:00,1761.4650000000001
SA1,page_hinkley,raw_30min,1900,56999,2023-06-01 11:30:00,1269.4166666666667
SA1,page_hinkley,raw_30min,1901,57029,2023-06-02 02:30:00,1344.7116666666668
SA1,page_hinkley,raw_30min,1902,57059,2023-06-02 17:30:00,1663.2766666666666
SA1,page_hinkley,raw_30min,1903,57089,2023-06-03 08:30:00,1344.0416666666667
SA1,page_hinkley,raw_30min,1904,57119,2023-06-03 23:30:00,1355.3316666666667
SA1,page_hinkley,raw_30min,1905,57149,2023-06-04 14:30:00,1000.7533333333334
SA1,page_hinkley,raw_30min,1906,57179,2023-06-05 05:30:00,1251.9383333333333
SA1,page_hinkley,raw_30min,1907,57209,2023-06-05 20:30:00,1750.3883333333333
SA1,page_hinkley,raw_30min,1908,57239,2023-06-06 11:30:00,927.9983333333333
SA1,page_hinkley,raw_30min,1909,57269,2023-06-07 02:30:00,1367.1033333333335
SA1,page_hinkley,raw_30min,1910,57299,2023-06-07 17:30:00,1612.9083333333335
SA1,page_hinkley,raw_30min,1911,57329,2023-06-08 08:30:00,1780.49
SA1,page_hinkley,raw_30min,1912,57359,2023-06-08 23:30:00,1560.4716666666666
SA1,page_hinkley,raw_30min,1913,57389,2023-06-09 14:30:00,1061.1966666666667
SA1,page_hinkley,raw_30min,1914,57419,2023-06-10 05:30:00,1252.7833333333333
SA1,page_hinkley,raw_30min,1915,57449,2023-06-10 20:30:00,1714.9816666666666
SA1,page_hinkley,raw_30min,1916,57479,2023-06-11 11:30:00,1368.1833333333334
SA1,page_hinkley,raw_30min,1917,57509,2023-06-12 02:30:00,1311.0216666666668
SA1,page_hinkley,raw_30min,1918,57539,2023-06-12 17:30:00,1628.2700000000002
SA1,page_hinkley,raw_30min,1919,57569,2023-06-13 08:30:00,1828.3216666666667
SA1,page_hinkley,raw_30min,1920,57599,2023-06-13 23:30:00,1582.7016666666666
SA1,page_hinkley,raw_30min,1921,57629,2023-06-14 14:30:00,1485.4016666666666
SA1,page_hinkley,raw_30min,1922,57659,2023-06-15 05:30:00,1398.885
SA1,page_hinkley,raw_30min,1923,57689,2023-06-15 20:30:00,1956.0649999999998
SA1,page_hinkley,raw_30min,1924,57719,2023-06-16 11:30:00,1077.95
SA1,page_hinkley,raw_30min,1925,57749,2023-06-17 02:30:00,1401.6499999999999
SA1,page_hinkley,raw_30min,1926,57779,2023-06-17 17:30:00,1897.86
SA1,page_hinkley,raw_30min,1927,57809,2023-06-18 08:30:00,1412.9383333333335
SA1,page_hinkley,raw_30min,1928,57839,2023-06-18 23:30:00,1470.6633333333332
SA1,page_hinkley,raw_30min,1929,57869,2023-06-19 14:30:00,1009.0333333333333
SA1,page_hinkley,raw_30min,1930,57899,2023-06-20 05:30:00,1316.665
SA1,page_hinkley,raw_30min,1931,57929,2023-06-20 20:30:00,2069.023333333333
SA1,page_hinkley,raw_30min,1932,57959,2023-06-21 11:30:00,1856.6866666666665
SA1,page_hinkley,raw_30min,1933,57989,2023-06-22 02:30:00,1420.5600000000002
SA1,page_hinkley,raw_30min,1934,58019,2023-06-22 17:30:00,2329.9816666666666
SA1,page_hinkley,raw_30min,1935,58049,2023-06-23 08:30:00,1948.82
SA1,page_hinkley,raw_30min,1936,58079,2023-06-23 23:30:00,1666.8633333333335
SA1,page_hinkley,raw_30min,1937,58109,2023-06-24 14:30:00,1486.0816666666667
SA1,page_hinkley,raw_30min,1938,58139,2023-06-25 05:30:00,1308.0466666666669
SA1,page_hinkley,raw_30min,1939,58169,2023-06-25 20:30:00,1983.2749999999999
SA1,page_hinkley,raw_30min,1940,58199,2023-06-26 11:30:00,1370.3950000000002
SA1,page_hinkley,raw_30min,1941,58229,2023-06-27 02:30:00,1436.0200000000002
SA1,page_hinkley,raw_30min,1942,58259,2023-06-27 17:30:00,2211.8250000000003
SA1,page_hinkley,raw_30min,1943,58289,2023-06-28 08:30:00,1890.2033333333336
SA1,page_hinkley,raw_30min,1944,58319,2023-06-28 23:30:00,1556.0916666666665
SA1,page_hinkley,raw_30min,1945,58349,2023-06-29 14:30:00,1211.115
SA1,page_hinkley,raw_30min,1946,58379,2023-06-30 05:30:00,1312.1533333333334
SA1,page_hinkley,raw_30min,1947,58409,2023-06-30 20:30:00,1995.0933333333332
SA1,page_hinkley,raw_30min,1948,58439,2023-07-01 11:30:00,1046.5316666666668
SA1,page_hinkley,raw_30min,1949,58469,2023-07-02 02:30:00,1374.405
SA1,page_hinkley,raw_30min,1950,58499,2023-07-02 17:30:00,1819.7533333333333
SA1,page_hinkley,raw_30min,1951,58529,2023-07-03 08:30:00,2021.8933333333334
SA1,page_hinkley,raw_30min,1952,58559,2023-07-03 23:30:00,1603.625
SA1,page_hinkley,raw_30min,1953,58589,2023-07-04 14:30:00,1157.5249999999999
SA1,page_hinkley,raw_30min,1954,58619,2023-07-05 05:30:00,1388.2133333333334
SA1,page_hinkley,raw_30min,1955,58649,2023-07-05 20:30:00,2025.39
SA1,page_hinkley,raw_30min,1956,58679,2023-07-06 11:30:00,1863.8116666666667
SA1,page_hinkley,raw_30min,1957,58709,2023-07-07 02:30:00,1500.8233333333335
SA1,page_hinkley,raw_30min,1958,58739,2023-07-07 17:30:00,1841.5683333333334
SA1,page_hinkley,raw_30min,1959,58769,2023-07-08 08:30:00,1580.2816666666668
SA1,page_hinkley,raw_30min,1960,58799,2023-07-08 23:30:00,1569.8083333333334
SA1,page_hinkley,raw_30min,1961,58829,2023-07-09 14:30:00,1202.6566666666668
SA1,page_hinkley,raw_30min,1962,58859,2023-07-10 05:30:00,1294.8816666666667
SA1,page_hinkley,raw_30min,1963,58889,2023-07-10 20:30:00,2037.5433333333333
SA1,page_hinkley,raw_30min,1964,58919,2023-07-11 11:30:00,1079.115
SA1,page_hinkley,raw_30min,1965,58949,2023-07-12 02:30:00,1501.7266666666667
SA1,page_hinkley,raw_30min,1966,58979,2023-07-12 17:30:00,1672.4416666666666
SA1,page_hinkley,raw_30min,1967,59009,2023-07-13 08:30:00,1977.5649999999998
SA1,page_hinkley,raw_30min,1968,59039,2023-07-13 23:30:00,1702.62
SA1,page_hinkley,raw_30min,1969,59069,2023-07-14 14:30:00,812.8016666666667
SA1,page_hinkley,raw_30min,1970,59099,2023-07-15 05:30:00,1317.69
SA1,page_hinkley,raw_30min,1971,59129,2023-07-15 20:30:00,1875.1566666666668
SA1,page_hinkley,raw_30min,1972,59159,2023-07-16 11:30:00,881.8666666666667
SA1,page_hinkley,raw_30min,1973,59189,2023-07-17 02:30:00,1505.8016666666665
SA1,page_hinkley,raw_30min,1974,59219,2023-07-17 17:30:00,1727.5566666666666
SA1,page_hinkley,raw_30min,1975,59249,2023-07-18 08:30:00,2039.9933333333336
SA1,page_hinkley,raw_30min,1976,59279,2023-07-18 23:30:00,1664.8983333333333
SA1,page_hinkley,raw_30min,1977,59309,2023-07-19 14:30:00,892.8316666666666
SA1,page_hinkley,raw_30min,1978,59339,2023-07-20 05:30:00,1376.1116666666667
SA1,page_hinkley,raw_30min,1979,59369,2023-07-20 20:30:00,2088.266666666667
SA1,page_hinkley,raw_30min,1980,59399,2023-07-21 11:30:00,1130.4116666666666
SA1,page_hinkley,raw_30min,1981,59429,2023-07-22 02:30:00,1447.256666666667
SA1,page_hinkley,raw_30min,1982,59459,2023-07-22 17:30:00,1859.3683333333336
SA1,page_hinkley,raw_30min,1983,59489,2023-07-23 08:30:00,1501.0483333333334
SA1,page_hinkley,raw_30min,1984,59519,2023-07-23 23:30:00,1518.0333333333335
SA1,page_hinkley,raw_30min,1985,59549,2023-07-24 14:30:00,1526.4433333333334
SA1,page_hinkley,raw_30min,1986,59579,2023-07-25 05:30:00,1299.3066666666666
SA1,page_hinkley,raw_30min,1987,59609,2023-07-25 20:30:00,1984.2166666666665
SA1,page_hinkley,raw_30min,1988,59639,2023-07-26 11:30:00,911.7983333333333
SA1,page_hinkley,raw_30min,1989,59669,2023-07-27 02:30:00,1482.5333333333335
SA1,page_hinkley,raw_30min,1990,59699,2023-07-27 17:30:00,1901.3316666666667
SA1,page_hinkley,raw_30min,1991,59729,2023-07-28 08:30:00,1757.4966666666667
SA1,page_hinkley,raw_30min,1992,59759,2023-07-28 23:30:00,1477.5600000000002
SA1,page_hinkley,raw_30min,1993,59789,2023-07-29 14:30:00,559.6516666666666
SA1,page_hinkley,raw_30min,1994,59819,2023-07-30 05:30:00,1262.23
SA1,page_hinkley,raw_30min,1995,59849,2023-07-30 20:30:00,1823.1766666666665
SA1,page_hinkley,raw_30min,1996,59879,2023-07-31 11:30:00,1415.0
SA1,page_hinkley,raw_30min,1997,59909,2023-08-01 02:30:00,1431.4066666666668
SA1,page_hinkley,raw_30min,1998,59939,2023-08-01 17:30:00,1556.575
SA1,page_hinkley,raw_30min,1999,59969,2023-08-02 08:30:00,1876.635
SA1,page_hinkley,raw_30min,2000,59999,2023-08-02 23:30:00,1525.8783333333333
SA1,page_hinkley,raw_30min,2001,60029,2023-08-03 14:30:00,682.615
SA1,page_hinkley,raw_30min,2002,60059,2023-08-04 05:30:00,1235.8066666666666
SA1,page_hinkley,raw_30min,2003,60089,2023-08-04 20:30:00,1867.085
SA1,page_hinkley,raw_30min,2004,60119,2023-08-05 11:30:00,1150.34
SA1,page_hinkley,raw_30min,2005,60149,2023-08-06 02:30:00,1420.665
SA1,page_hinkley,raw_30min,2006,60179,2023-08-06 17:30:00,1461.4766666666667
SA1,page_hinkley,raw_30min,2007,60209,2023-08-07 08:30:00,1952.3
SA1,page_hinkley,raw_30min,2008,60239,2023-08-07 23:30:00,1593.4316666666666
SA1,page_hinkley,raw_30min,2009,60269,2023-08-08 14:30:00,512.0616666666666
SA1,page_hinkley,raw_30min,2010,60299,2023-08-09 05:30:00,1331.1416666666667
SA1,page_hinkley,raw_30min,2011,60329,2023-08-09 20:30:00,1792.0683333333334
SA1,page_hinkley,raw_30min,2012,60359,2023-08-10 11:30:00,1006.9350000000001
SA1,page_hinkley,raw_30min,2013,60389,2023-08-11 02:30:00,1446.2483333333332
SA1,page_hinkley,raw_30min,2014,60419,2023-08-11 17:30:00,1562.4633333333334
SA1,page_hinkley,raw_30min,2015,60449,2023-08-12 08:30:00,1474.2416666666668
SA1,page_hinkley,raw_30min,2016,60479,2023-08-12 23:30:00,1497.9983333333332
SA1,page_hinkley,raw_30min,2017,60509,2023-08-13 14:30:00,1359.425
SA1,page_hinkley,raw_30min,2018,60539,2023-08-14 05:30:00,1254.9633333333334
SA1,page_hinkley,raw_30min,2019,60569,2023-08-14 20:30:00,1982.8949999999998
SA1,page_hinkley,raw_30min,2020,60599,2023-08-15 11:30:00,807.645
SA1,page_hinkley,raw_30min,2021,60629,2023-08-16 02:30:00,1436.125
SA1,page_hinkley,raw_30min,2022,60659,2023-08-16 17:30:00,1450.88
SA1,page_hinkley,raw_30min,2023,60689,2023-08-17 08:30:00,1758.2
SA1,page_hinkley,raw_30min,2024,60719,2023-08-17 23:30:00,1615.845
SA1,page_hinkley,raw_30min,2025,60749,2023-08-18 14:30:00,945.2399999999999
SA1,page_hinkley,raw_30min,2026,60779,2023-08-19 05:30:00,1308.9199999999998
SA1,page_hinkley,raw_30min,2027,60809,2023-08-19 20:30:00,1750.9616666666668
SA1,page_hinkley,raw_30min,2028,60839,2023-08-20 11:30:00,1004.715
SA1,page_hinkley,raw_30min,2029,60869,2023-08-21 02:30:00,1336.6983333333335
SA1,page_hinkley,raw_30min,2030,60899,2023-08-21 17:30:00,1340.08
SA1,page_hinkley,raw_30min,2031,60929,2023-08-22 08:30:00,1639.71
SA1,page_hinkley,raw_30min,2032,60959,2023-08-22 23:30:00,1625.7633333333333
SA1,page_hinkley,raw_30min,2033,60989,2023-08-23 14:30:00,1132.1216666666667
SA1,page_hinkley,raw_30min,2034,61019,2023-08-24 05:30:00,1350.4383333333333
SA1,page_hinkley,raw_30min,2035,61049,2023-08-24 20:30:00,1894.095
SA1,page_hinkley,raw_30min,2036,61079,2023-08-25 11:30:00,860.8383333333333
SA1,page_hinkley,raw_30min,2037,61109,2023-08-26 02:30:00,1312.6850000000002
SA1,page_hinkley,raw_30min,2038,61139,2023-08-26 17:30:00,1132.9350000000002
SA1,page_hinkley,raw_30min,2039,61169,2023-08-27 08:30:00,1246.6166666666666
SA1,page_hinkley,raw_30min,2040,61199,2023-08-27 23:30:00,1435.1566666666668
SA1,page_hinkley,raw_30min,2041,61229,2023-08-28 14:30:00,478.44166666666666
SA1,page_hinkley,raw_30min,2042,61259,2023-08-29 05:30:00,1231.6433333333334
SA1,page_hinkley,raw_30min,2043,61289,2023-08-29 20:30:00,1640.3266666666666
SA1,page_hinkley,raw_30min,2044,61319,2023-08-30 11:30:00,862.5683333333333
SA1,page_hinkley,raw_30min,2045,61349,2023-08-31 02:30:00,1402.3266666666666
SA1,page_hinkley,raw_30min,2046,61379,2023-08-31 17:30:00,1401.97
SA1,page_hinkley,raw_30min,2047,61409,2023-09-01 08:30:00,1523.2766666666666
SA1,page_hinkley,raw_30min,2048,61439,2023-09-01 23:30:00,1461.99
SA1,page_hinkley,raw_30min,2049,61469,2023-09-02 14:30:00,331.34166666666664
SA1,page_hinkley,raw_30min,2050,61499,2023-09-03 05:30:00,1239.2749999999999
SA1,page_hinkley,raw_30min,2051,61529,2023-09-03 20:30:00,1479.506666666667
SA1,page_hinkley,raw_30min,2052,61559,2023-09-04 11:30:00,937.4783333333334
SA1,page_hinkley,raw_30min,2053,61589,2023-09-05 02:30:00,1378.3633333333335
SA1,page_hinkley,raw_30min,2054,61619,2023-09-05 17:30:00,1147.2250000000001
SA1,page_hinkley,raw_30min,2055,61649,2023-09-06 08:30:00,1473.0333333333335
SA1,page_hinkley,raw_30min,2056,61679,2023-09-06 23:30:00,1388.3133333333333
SA1,page_hinkley,raw_30min,2057,61709,2023-09-07 14:30:00,957.9883333333333
SA1,page_hinkley,raw_30min,2058,61739,2023-09-08 05:30:00,1370.9716666666666
SA1,page_hinkley,raw_30min,2059,61769,2023-09-08 20:30:00,2021.1366666666665
SA1,page_hinkley,raw_30min,2060,61799,2023-09-09 11:30:00,746.0566666666667
SA1,page_hinkley,raw_30min,2061,61829,2023-09-10 02:30:00,1344.3766666666668
SA1,page_hinkley,raw_30min,2062,61859,2023-09-10 17:30:00,1045.3966666666668
SA1,page_hinkley,raw_30min,2063,61889,2023-09-11 08:30:00,1345.1166666666668
SA1,page_hinkley,raw_30min,2064,61919,2023-09-11 23:30:00,1305.5416666666667
SA1,page_hinkley,raw_30min,2065,61949,2023-09-12 14:30:00,364.51
SA1,page_hinkley,raw_30min,2066,61979,2023-09-13 05:30:00,1153.2716666666668
SA1,page_hinkley,raw_30min,2067,62009,2023-09-13 20:30:00,1425.506666666667
SA1,page_hinkley,raw_30min,2068,62039,2023-09-14 11:30:00,676.2666666666667
SA1,page_hinkley,raw_30min,2069,62069,2023-09-15 02:30:00,1234.2116666666668
SA1,page_hinkley,raw_30min,2070,62099,2023-09-15 17:30:00,1058.255
SA1,page_hinkley,raw_30min,2071,62129,2023-09-16 08:30:00,919.04
SA1,page_hinkley,raw_30min,2072,62159,2023-09-16 23:30:00,1245.155
SA1,page_hinkley,raw_30min,2073,62189,2023-09-17 14:30:00,378.97333333333336
SA1,page_hinkley,raw_30min,2074,62219,2023-09-18 05:30:00,1135.8983333333333
SA1,page_hinkley,raw_30min,2075,62249,2023-09-18 20:30:00,1460.4033333333334
SA1,page_hinkley,raw_30min,2076,62279,2023-09-19 11:30:00,403.035
SA1,page_hinkley,raw_30min,2077,62309,2023-09-20 02:30:00,1280.99
SA1,page_hinkley,raw_30min,2078,62339,2023-09-20 17:30:00,1359.125
SA1,page_hinkley,raw_30min,2079,62369,2023-09-21 08:30:00,1083.1499999999999
SA1,page_hinkley,raw_30min,2080,62399,2023-09-21 23:30:00,1367.75
SA1,page_hinkley,raw_30min,2081,62429,2023-09-22 14:30:00,230.93666666666664
SA1,page_hinkley,raw_30min,2082,62459,2023-09-23 05:30:00,1165.3933333333332
SA1,page_hinkley,raw_30min,2083,62489,2023-09-23 20:30:00,1375.1983333333335
SA1,page_hinkley,raw_30min,2084,62519,2023-09-24 11:30:00,166.585
SA1,page_hinkley,raw_30min,2085,62549,2023-09-25 02:30:00,1201.45
SA1,page_hinkley,raw_30min,2086,62579,2023-09-25 17:30:00,1125.8100000000002
SA1,page_hinkley,raw_30min,2087,62609,2023-09-26 08:30:00,1042.01
SA1,page_hinkley,raw_30min,2088,62639,2023-09-26 23:30:00,1323.1899999999998
SA1,page_hinkley,raw_30min,2089,62669,2023-09-27 14:30:00,306.50166666666667
SA1,page_hinkley,raw_30min,2090,62699,2023-09-28 05:30:00,1258.0416666666667
SA1,page_hinkley,raw_30min,2091,62729,2023-09-28 20:30:00,1549.6966666666667
SA1,page_hinkley,raw_30min,2092,62759,2023-09-29 11:30:00,431.65333333333336
SA1,page_hinkley,raw_30min,2093,62789,2023-09-30 02:30:00,1278.51
SA1,page_hinkley,raw_30min,2094,62819,2023-09-30 17:30:00,1217.8566666666666
SA1,page_hinkley,raw_30min,2095,62849,2023-10-01 08:30:00,944.2716666666666
SA1,page_hinkley,raw_30min,2096,62879,2023-10-01 23:30:00,1253.5049999999999
SA1,page_hinkley,raw_30min,2097,62909,2023-10-02 14:30:00,304.63166666666666
SA1,page_hinkley,raw_30min,2098,62939,2023-10-03 05:30:00,1247.52
SA1,page_hinkley,raw_30min,2099,62969,2023-10-03 20:30:00,1414.1916666666666
SA1,page_hinkley,raw_30min,2100,62999,2023-10-04 11:30:00,548.0983333333334
SA1,page_hinkley,raw_30min,2101,63029,2023-10-05 02:30:00,1308.155
SA1,page_hinkley,raw_30min,2102,63059,2023-10-05 17:30:00,1494.3783333333333
SA1,page_hinkley,raw_30min,2103,63089,2023-10-06 08:30:00,1178.005
SA1,page_hinkley,raw_30min,2104,63119,2023-10-06 23:30:00,1343.7933333333333
SA1,page_hinkley,raw_30min,2105,63149,2023-10-07 14:30:00,226.95000000000002
SA1,page_hinkley,raw_30min,2106,63179,2023-10-08 05:30:00,1165.8483333333334
SA1,page_hinkley,raw_30min,2107,63209,2023-10-08 20:30:00,1422.4883333333335
SA1,page_hinkley,raw_30min,2108,63239,2023-10-09 11:30:00,246.67333333333332
SA1,page_hinkley,raw_30min,2109,63269,2023-10-10 02:30:00,1302.0533333333333
SA1,page_hinkley,raw_30min,2110,63299,2023-10-10 17:30:00,1134.3983333333333
SA1,page_hinkley,raw_30min,2111,63329,2023-10-11 08:30:00,1102.365
SA1,page_hinkley,raw_30min,2112,63359,2023-10-11 23:30:00,1399.1916666666666
SA1,page_hinkley,raw_30min,2113,63389,2023-10-12 14:30:00,440.2516666666667
SA1,page_hinkley,raw_30min,2114,63419,2023-10-13 05:30:00,1289.3999999999999
SA1,page_hinkley,raw_30min,2115,63449,2023-10-13 20:30:00,1503.595
SA1,page_hinkley,raw_30min,2116,63479,2023-10-14 11:30:00,701.4250000000001
SA1,page_hinkley,raw_30min,2117,63509,2023-10-15 02:30:00,1238.8183333333334
SA1,page_hinkley,raw_30min,2118,63539,2023-10-15 17:30:00,1256.48
SA1,page_hinkley,raw_30min,2119,63569,2023-10-16 08:30:00,1340.8533333333332
SA1,page_hinkley,raw_30min,2120,63599,2023-10-16 23:30:00,1383.2516666666668
SA1,page_hinkley,raw_30min,2121,63629,2023-10-17 14:30:00,190.63333333333333
SA1,page_hinkley,raw_30min,2122,63659,2023-10-18 05:30:00,1329.6466666666668
SA1,page_hinkley,raw_30min,2123,63689,2023-10-18 20:30:00,1490.6000000000001
SA1,page_hinkley,raw_30min,2124,63719,2023-10-19 11:30:00,400.9633333333333
SA1,page_hinkley,raw_30min,2125,63749,2023-10-20 02:30:00,1324.0466666666666
SA1,page_hinkley,raw_30min,2126,63779,2023-10-20 17:30:00,1359.4216666666666
SA1,page_hinkley,raw_30min,2127,63809,2023-10-21 08:30:00,1083.4283333333333
SA1,page_hinkley,raw_30min,2128,63839,2023-10-21 23:30:00,1336.7433333333333
SA1,page_hinkley,raw_30min,2129,63869,2023-10-22 14:30:00,223.52666666666667
SA1,page_hinkley,raw_30min,2130,63899,2023-10-23 05:30:00,1316.1033333333332
SA1,page_hinkley,raw_30min,2131,63929,2023-10-23 20:30:00,1587.0316666666668
SA1,page_hinkley,raw_30min,2132,63959,2023-10-24 11:30:00,572.03
SA1,page_hinkley,raw_30min,2133,63989,2023-10-25 02:30:00,1371.585
SA1,page_hinkley,raw_30min,2134,64019,2023-10-25 17:30:00,1202.285
SA1,page_hinkley,raw_30min,2135,64049,2023-10-26 08:30:00,1180.0466666666666
SA1,page_hinkley,raw_30min,2136,64079,2023-10-26 23:30:00,1388.0033333333333
SA1,page_hinkley,raw_30min,2137,64109,2023-10-27 14:30:00,205.54333333333332
SA1,page_hinkley,raw_30min,2138,64139,2023-10-28 05:30:00,1283.4433333333334
SA1,page_hinkley,raw_30min,2139,64169,2023-10-28 20:30:00,1432.5983333333334
SA1,page_hinkley,raw_30min,2140,64199,2023-10-29 11:30:00,216.28166666666667
SA1,page_hinkley,raw_30min,2141,64229,2023-10-30 02:30:00,1194.5116666666665
SA1,page_hinkley,raw_30min,2142,64259,2023-10-30 17:30:00,1141.08
SA1,page_hinkley,raw_30min,2143,64289,2023-10-31 08:30:00,1257.085
SA1,page_hinkley,raw_30min,2144,64319,2023-10-31 23:30:00,1338.24
SA1,page_hinkley,raw_30min,2145,64349,2023-11-01 14:30:00,172.25
SA1,page_hinkley,raw_30min,2146,64379,2023-11-02 05:30:00,1350.3983333333333
SA1,page_hinkley,raw_30min,2147,64409,2023-11-02 20:30:00,1529.8183333333334
SA1,page_hinkley,raw_30min,2148,64439,2023-11-03 11:30:00,528.5749999999999
SA1,page_hinkley,raw_30min,2149,64469,2023-11-04 02:30:00,1281.16
SA1,page_hinkley,raw_30min,2150,64499,2023-11-04 17:30:00,917.2216666666667
SA1,page_hinkley,raw_30min,2151,64529,2023-11-05 08:30:00,685.2966666666666
SA1,page_hinkley,raw_30min,2152,64559,2023-11-05 23:30:00,1264.07
SA1,page_hinkley,raw_30min,2153,64589,2023-11-06 14:30:00,383.5016666666667
SA1,page_hinkley,raw_30min,2154,64619,2023-11-07 05:30:00,1259.1466666666668
SA1,page_hinkley,raw_30min,2155,64649,2023-11-07 20:30:00,1482.9533333333331
SA1,page_hinkley,raw_30min,2156,64679,2023-11-08 11:30:00,327.675
SA1,page_hinkley,raw_30min,2157,64709,2023-11-09 02:30:00,1205.95
SA1,page_hinkley,raw_30min,2158,64739,2023-11-09 17:30:00,1319.8333333333333
SA1,page_hinkley,raw_30min,2159,64769,2023-11-10 08:30:00,1159.2433333333333
SA1,page_hinkley,raw_30min,2160,64799,2023-11-10 23:30:00,1505.26
SA1,page_hinkley,raw_30min,2161,64829,2023-11-11 14:30:00,278.04833333333335
SA1,page_hinkley,raw_30min,2162,64859,2023-11-12 05:30:00,1146.5083333333334
SA1,page_hinkley,raw_30min,2163,64889,2023-11-12 20:30:00,1430.1583333333335
SA1,page_hinkley,raw_30min,2164,64919,2023-11-13 11:30:00,599.695
SA1,page_hinkley,raw_30min,2165,64949,2023-11-14 02:30:00,1271.2033333333331
SA1,page_hinkley,raw_30min,2166,64979,2023-11-14 17:30:00,1158.1066666666668
SA1,page_hinkley,raw_30min,2167,65009,2023-11-15 08:30:00,835.9216666666666
SA1,page_hinkley,raw_30min,2168,65039,2023-11-15 23:30:00,1243.3433333333332
SA1,page_hinkley,raw_30min,2169,65069,2023-11-16 14:30:00,265.87833333333333
SA1,page_hinkley,raw_30min,2170,65099,2023-11-17 05:30:00,1260.9983333333332
SA1,page_hinkley,raw_30min,2171,65129,2023-11-17 20:30:00,1465.5233333333333
SA1,page_hinkley,raw_30min,2172,65159,2023-11-18 11:30:00,397.07666666666665
SA1,page_hinkley,raw_30min,2173,65189,2023-11-19 02:30:00,1192.645
SA1,page_hinkley,raw_30min,2174,65219,2023-11-19 17:30:00,1027.5583333333332
SA1,page_hinkley,raw_30min,2175,65249,2023-11-20 08:30:00,909.7883333333333
SA1,page_hinkley,raw_30min,2176,65279,2023-11-20 23:30:00,1292.075
SA1,page_hinkley,raw_30min,2177,65309,2023-11-21 14:30:00,370.91499999999996
SA1,page_hinkley,raw_30min,2178,65339,2023-11-22 05:30:00,1326.2933333333333
SA1,page_hinkley,raw_30min,2179,65369,2023-11-22 20:30:00,1540.2083333333333
SA1,page_hinkley,raw_30min,2180,65399,2023-11-23 11:30:00,1450.9066666666668
SA1,page_hinkley,raw_30min,2181,65429,2023-11-24 02:30:00,1285.6183333333333
SA1,page_hinkley,raw_30min,2182,65459,2023-11-24 17:30:00,1107.665
SA1,page_hinkley,raw_30min,2183,65489,2023-11-25 08:30:00,877.4366666666666
SA1,page_hinkley,raw_30min,2184,65519,2023-11-25 23:30:00,1127.2966666666669
SA1,page_hinkley,raw_30min,2185,65549,2023-11-26 14:30:00,308.66333333333336
SA1,page_hinkley,raw_30min,2186,65579,2023-11-27 05:30:00,1266.2166666666667
SA1,page_hinkley,raw_30min,2187,65609,2023-11-27 20:30:00,1566.7666666666667
SA1,page_hinkley,raw_30min,2188,65639,2023-11-28 11:30:00,1427.8983333333333
SA1,page_hinkley,raw_30min,2189,65669,2023-11-29 02:30:00,1354.8816666666667
SA1,page_hinkley,raw_30min,2190,65699,2023-11-29 17:30:00,1057.3366666666668
SA1,page_hinkley,raw_30min,2191,65729,2023-11-30 08:30:00,1060.8166666666666
SA1,page_hinkley,raw_30min,2192,65759,2023-11-30 23:30:00,1322.5249999999999
SA1,page_hinkley,raw_30min,2193,65789,2023-12-01 14:30:00,499.2516666666667
SA1,page_hinkley,raw_30min,2194,65819,2023-12-02 05:30:00,1191.82
SA1,page_hinkley,raw_30min,2195,65849,2023-12-02 20:30:00,1365.3383333333331
SA1,page_hinkley,raw_30min,2196,65879,2023-12-03 11:30:00,43.913333333333334
SA1,page_hinkley,raw_30min,2197,65909,2023-12-04 02:30:00,1261.8433333333335
SA1,page_hinkley,raw_30min,2198,65939,2023-12-04 17:30:00,1633.1833333333334
SA1,page_hinkley,raw_30min,2199,65969,2023-12-05 08:30:00,1243.695
SA1,page_hinkley,raw_30min,2200,65999,2023-12-05 23:30:00,1331.1816666666666
SA1,page_hinkley,raw_30min,2201,66029,2023-12-06 14:30:00,729.5066666666667
SA1,page_hinkley,raw_30min,2202,66059,2023-12-07 05:30:00,1296.405
SA1,page_hinkley,raw_30min,2203,66089,2023-12-07 20:30:00,1690.4083333333335
SA1,page_hinkley,raw_30min,2204,66119,2023-12-08 11:30:00,1688.71
SA1,page_hinkley,raw_30min,2205,66149,2023-12-09 02:30:00,1246.635
SA1,page_hinkley,raw_30min,2206,66179,2023-12-09 17:30:00,1387.7416666666668
SA1,page_hinkley,raw_30min,2207,66209,2023-12-10 08:30:00,1204.03
SA1,page_hinkley,raw_30min,2208,66239,2023-12-10 23:30:00,1296.0716666666667
SA1,page_hinkley,raw_30min,2209,66269,2023-12-11 14:30:00,1339.5683333333334
SA1,page_hinkley,raw_30min,2210,66299,2023-12-12 05:30:00,1309.9683333333335
SA1,page_hinkley,raw_30min,2211,66329,2023-12-12 20:30:00,1501.7366666666667
SA1,page_hinkley,raw_30min,2212,66359,2023-12-13 11:30:00,1168.375
SA1,page_hinkley,raw_30min,2213,66389,2023-12-14 02:30:00,1267.9066666666665
SA1,page_hinkley,raw_30min,2214,66419,2023-12-14 17:30:00,972.7199999999999
SA1,page_hinkley,raw_30min,2215,66449,2023-12-15 08:30:00,909.7733333333332
SA1,page_hinkley,raw_30min,2216,66479,2023-12-15 23:30:00,1205.3700000000001
SA1,page_hinkley,raw_30min,2217,66509,2023-12-16 14:30:00,277.56
SA1,page_hinkley,raw_30min,2218,66539,2023-12-17 05:30:00,1123.03
SA1,page_hinkley,raw_30min,2219,66569,2023-12-17 20:30:00,1484.3183333333334
SA1,page_hinkley,raw_30min,2220,66599,2023-12-18 11:30:00,951.1866666666666
SA1,page_hinkley,raw_30min,2221,66629,2023-12-19 02:30:00,1328.1000000000001
SA1,page_hinkley,raw_30min,2222,66659,2023-12-19 17:30:00,807.8783333333334
SA1,page_hinkley,raw_30min,2223,66689,2023-12-20 08:30:00,938.935
SA1,page_hinkley,raw_30min,2224,66719,2023-12-20 23:30:00,1368.0183333333334
SA1,page_hinkley,raw_30min,2225,66749,2023-12-21 14:30:00,207.58333333333334
SA1,page_hinkley,raw_30min,2226,66779,2023-12-22 05:30:00,1231.7383333333335
SA1,page_hinkley,raw_30min,2227,66809,2023-12-22 20:30:00,1580.6216666666667
SA1,page_hinkley,raw_30min,2228,66839,2023-12-23 11:30:00,232.455
SA1,page_hinkley,raw_30min,2229,66869,2023-12-24 02:30:00,1260.3416666666667
SA1,page_hinkley,raw_30min,2230,66899,2023-12-24 17:30:00,1028.5533333333333
SA1,page_hinkley,raw_30min,2231,66929,2023-12-25 08:30:00,1054.9083333333333
SA1,page_hinkley,raw_30min,2232,66959,2023-12-25 23:30:00,1274.6633333333334
SA1,page_hinkley,raw_30min,2233,66989,2023-12-26 14:30:00,565.985
SA1,page_hinkley,raw_30min,2234,67019,2023-12-27 05:30:00,1153.8716666666667
SA1,page_hinkley,raw_30min,2235,67049,2023-12-27 20:30:00,1482.5049999999999
SA1,page_hinkley,raw_30min,2236,67079,2023-12-28 11:30:00,372.45
SA1,page_hinkley,raw_30min,2237,67109,2023-12-29 02:30:00,1209.9866666666667
SA1,page_hinkley,raw_30min,2238,67139,2023-12-29 17:30:00,782.36
SA1,page_hinkley,raw_30min,2239,67169,2023-12-30 08:30:00,1012.1166666666667
SA1,page_hinkley,raw_30min,2240,67199,2023-12-30 23:30:00,1216.035
SA1,page_hinkley,raw_30min,2241,67229,2023-12-31 14:30:00,18.805
