group,method,dataset,region,seed,config_hash,split_id,metric_name,metric_value,regime,n_retrains,train_samples,wall_clock_s,timestamp
baseline,seasonal_naive,aemo,SA1,,b439ef1d2fb7,aemo_frozen_v1,mae,155.86531722900466,full,0,35039,0.0031519159965682775,2026-09-04T18:08:41.301028+00:00
baseline,seasonal_naive,aemo,SA1,,b439ef1d2fb7,aemo_frozen_v1,rolling_mae_7d_mean,155.88171785354905,full,0,35039,0.0031519159965682775,2026-09-04T18:08:41.301028+00:00
baseline,seasonal_naive,aemo,SA1,,b439ef1d2fb7,aemo_frozen_v1,rolling_mae_7d_max,389.6854712301588,full,0,35039,0.0031519159965682775,2026-09-04T18:08:41.301028+00:00
baseline,xgboost,aemo,SA1,,40da022171fc,aemo_frozen_v1,mae,219.61697999506293,full,0,35039,45.498977624985855,2026-09-04T18:09:26.847301+00:00
baseline,xgboost,aemo,SA1,,40da022171fc,aemo_frozen_v1,rolling_mae_7d_mean,219.68878379692586,full,0,35039,45.498977624985855,2026-09-04T18:09:26.847301+00:00
baseline,xgboost,aemo,SA1,,40da022171fc,aemo_frozen_v1,rolling_mae_7d_max,515.8702309357174,full,0,35039,45.498977624985855,2026-09-04T18:09:26.847301+00:00
baseline,dhr_arima,aemo,SA1,,faa3f74b2d8c,aemo_frozen_v1,mae,237.47586076087293,full,0,35039,6.80301283398876,2026-09-04T18:09:33.698459+00:00
baseline,dhr_arima,aemo,SA1,,faa3f74b2d8c,aemo_frozen_v1,rolling_mae_7d_mean,237.30055287274016,full,0,35039,6.80301283398876,2026-09-04T18:09:33.698459+00:00
baseline,dhr_arima,aemo,SA1,,faa3f74b2d8c,aemo_frozen_v1,rolling_mae_7d_max,450.7279179683795,full,0,35039,6.80301283398876,2026-09-04T18:09:33.698459+00:00
baseline,seasonal_naive,aemo,NSW1,,b439ef1d2fb7,aemo_frozen_v1,mae,442.2665021784711,full,0,35039,0.003167000017128885,2026-09-04T18:09:34.016791+00:00
baseline,seasonal_naive,aemo,NSW1,,b439ef1d2fb7,aemo_frozen_v1,rolling_mae_7d_mean,441.4298226872944,full,0,35039,0.003167000017128885,2026-09-04T18:09:34.016791+00:00
baseline,seasonal_naive,aemo,NSW1,,b439ef1d2fb7,aemo_frozen_v1,rolling_mae_7d_max,1041.5823908730158,full,0,35039,0.003167000017128885,2026-09-04T18:09:34.016791+00:00
baseline,xgboost,aemo,NSW1,,40da022171fc,aemo_frozen_v1,mae,742.7229506074982,full,0,35039,48.26381975002005,2026-09-04T18:10:24.032609+00:00
baseline,xgboost,aemo,NSW1,,40da022171fc,aemo_frozen_v1,rolling_mae_7d_mean,743.672589513808,full,0,35039,48.26381975002005,2026-09-04T18:10:24.032609+00:00
baseline,xgboost,aemo,NSW1,,40da022171fc,aemo_frozen_v1,rolling_mae_7d_max,1657.0791298711868,full,0,35039,48.26381975002005,2026-09-04T18:10:24.032609+00:00
baseline,dhr_arima,aemo,NSW1,,faa3f74b2d8c,aemo_frozen_v1,mae,880.4981771962065,full,0,35039,24.279439625010127,2026-09-04T18:10:48.364667+00:00
baseline,dhr_arima,aemo,NSW1,,faa3f74b2d8c,aemo_frozen_v1,rolling_mae_7d_mean,880.2031752437963,full,0,35039,24.279439625010127,2026-09-04T18:10:48.364667+00:00
baseline,dhr_arima,aemo,NSW1,,faa3f74b2d8c,aemo_frozen_v1,rolling_mae_7d_max,1635.8230133306604,full,0,35039,24.279439625010127,2026-09-04T18:10:48.364667+00:00
baseline,nhits,aemo,SA1,1,59b5a7d7e748,aemo_frozen_v1_nhits_pilot,mae,136.0844855081473,full,0,35039,39.172709416016005,2026-09-04T19:01:20.720908+00:00
baseline,nhits,aemo,SA1,1,59b5a7d7e748,aemo_frozen_v1_nhits_pilot,rolling_mae_7d_mean,136.04269545086575,full,0,35039,39.172709416016005,2026-09-04T19:01:20.720908+00:00
baseline,nhits,aemo,SA1,1,59b5a7d7e748,aemo_frozen_v1_nhits_pilot,rolling_mae_7d_max,349.4106353457012,full,0,35039,39.172709416016005,2026-09-04T19:01:20.720908+00:00
baseline,nhits,aemo,SA1,1,59b5a7d7e748,aemo_frozen_v1_nhits_pilot,mae,136.0844855081473,full,0,35039,37.18771479098359,2026-09-04T19:11:24.341904+00:00
baseline,nhits,aemo,SA1,1,59b5a7d7e748,aemo_frozen_v1_nhits_pilot,rolling_mae_7d_mean,136.04269545086575,full,0,35039,37.18771479098359,2026-09-04T19:11:24.341904+00:00
baseline,nhits,aemo,SA1,1,59b5a7d7e748,aemo_frozen_v1_nhits_pilot,rolling_mae_7d_max,349.4106353457012,full,0,35039,37.18771479098359,2026-09-04T19:11:24.341904+00:00
baseline,nhits,aemo,NSW1,1,59b5a7d7e748,aemo_frozen_v1_nhits_pilot,mae,360.7551675988173,full,0,35039,37.04252075002296,2026-09-04T19:12:01.692062+00:00
baseline,nhits,aemo,NSW1,1,59b5a7d7e748,aemo_frozen_v1_nhits_pilot,rolling_mae_7d_mean,360.2067692859665,full,0,35039,37.04252075002296,2026-09-04T19:12:01.692062+00:00
baseline,nhits,aemo,NSW1,1,59b5a7d7e748,aemo_frozen_v1_nhits_pilot,rolling_mae_7d_max,847.7816339983258,full,0,35039,37.04252075002296,2026-09-04T19:12:01.692062+00:00
baseline,nhits,aemo,SA1,1,59b5a7d7e748,aemo_frozen_v1_nhits_pilot,mae,240.61376301163028,full,0,35039,35.95825829100795,2026-09-04T19:27:12.066874+00:00
baseline,nhits,aemo,SA1,1,59b5a7d7e748,aemo_frozen_v1_nhits_pilot,rolling_mae_7d_mean,240.85569002552757,full,0,35039,35.95825829100795,2026-09-04T19:27:12.066874+00:00
baseline,nhits,aemo,SA1,1,59b5a7d7e748,aemo_frozen_v1_nhits_pilot,rolling_mae_7d_max,594.0444347781226,full,0,35039,35.95825829100795,2026-09-04T19:27:12.066874+00:00
baseline,nhits,aemo,NSW1,1,59b5a7d7e748,aemo_frozen_v1_nhits_pilot,mae,769.3218017519797,full,0,35039,35.75659450000967,2026-09-04T19:27:48.126044+00:00
baseline,nhits,aemo,NSW1,1,59b5a7d7e748,aemo_frozen_v1_nhits_pilot,rolling_mae_7d_mean,770.622094334489,full,0,35039,35.75659450000967,2026-09-04T19:27:48.126044+00:00
baseline,nhits,aemo,NSW1,1,59b5a7d7e748,aemo_frozen_v1_nhits_pilot,rolling_mae_7d_max,2529.963710046193,full,0,35039,35.75659450000967,2026-09-04T19:27:48.126044+00:00
detection,adwin,aemo,SA1,,daab36eb6dce,aemo_detect_full_v1,n_detections,733.0,full,0,37919,0.010141166974790394,2026-09-06T05:36:45.487611+00:00
detection,adwin,aemo,SA1,,daab36eb6dce,aemo_detect_full_v1,n_matched,5.0,full,0,37919,0.010141166974790394,2026-09-06T05:36:45.487611+00:00
detection,adwin,aemo,SA1,,daab36eb6dce,aemo_detect_full_v1,n_unmatched_events,0.0,full,0,37919,0.010141166974790394,2026-09-06T05:36:45.487611+00:00
detection,adwin,aemo,SA1,,daab36eb6dce,aemo_detect_full_v1,n_unmatched_detections,728.0,full,0,37919,0.010141166974790394,2026-09-06T05:36:45.487611+00:00
detection,adwin,aemo,SA1,,daab36eb6dce,aemo_detect_full_v1,precision,0.0068212824010914054,full,0,37919,0.010141166974790394,2026-09-06T05:36:45.487611+00:00
detection,adwin,aemo,SA1,,daab36eb6dce,aemo_detect_full_v1,mean_delay_days,1.6,full,0,37919,0.010141166974790394,2026-09-06T05:36:45.487611+00:00
detection,adwin,aemo,SA1,,daab36eb6dce,aemo_detect_full_v1,delay_EVT-2020-02,1.0,full,0,37919,0.010141166974790394,2026-09-06T05:36:45.487611+00:00
detection,adwin,aemo,SA1,,daab36eb6dce,aemo_detect_full_v1,delay_EVT-2020-07,0.3333333333333333,full,0,37919,0.010141166974790394,2026-09-06T05:36:45.487611+00:00
detection,adwin,aemo,SA1,,daab36eb6dce,aemo_detect_full_v1,delay_EVT-2021-10,1.6666666666666667,full,0,37919,0.010141166974790394,2026-09-06T05:36:45.487611+00:00
detection,adwin,aemo,SA1,,daab36eb6dce,aemo_detect_full_v1,delay_EVT-2022-03,4.0,full,0,37919,0.010141166974790394,2026-09-06T05:36:45.487611+00:00
detection,adwin,aemo,SA1,,daab36eb6dce,aemo_detect_full_v1,delay_EVT-2023-14,1.0,full,0,37919,0.010141166974790394,2026-09-06T05:36:45.487611+00:00
detection,kswin,aemo,SA1,,be1c114f2d5c,aemo_detect_full_v1,n_detections,258.0,full,0,37919,2.963411709002685,2026-09-06T05:36:48.455188+00:00
detection,kswin,aemo,SA1,,be1c114f2d5c,aemo_detect_full_v1,n_matched,5.0,full,0,37919,2.963411709002685,2026-09-06T05:36:48.455188+00:00
detection,kswin,aemo,SA1,,be1c114f2d5c,aemo_detect_full_v1,n_unmatched_events,0.0,full,0,37919,2.963411709002685,2026-09-06T05:36:48.455188+00:00
detection,kswin,aemo,SA1,,be1c114f2d5c,aemo_detect_full_v1,n_unmatched_detections,253.0,full,0,37919,2.963411709002685,2026-09-06T05:36:48.455188+00:00
detection,kswin,aemo,SA1,,be1c114f2d5c,aemo_detect_full_v1,precision,0.01937984496124031,full,0,37919,2.963411709002685,2026-09-06T05:36:48.455188+00:00
detection,kswin,aemo,SA1,,be1c114f2d5c,aemo_detect_full_v1,mean_delay_days,1.7958333333333332,full,0,37919,2.963411709002685,2026-09-06T05:36:48.455188+00:00
detection,kswin,aemo,SA1,,be1c114f2d5c,aemo_detect_full_v1,delay_EVT-2020-02,1.25,full,0,37919,2.963411709002685,2026-09-06T05:36:48.455188+00:00
detection,kswin,aemo,SA1,,be1c114f2d5c,aemo_detect_full_v1,delay_EVT-2020-07,3.4791666666666665,full,0,37919,2.963411709002685,2026-09-06T05:36:48.455188+00:00
detection,kswin,aemo,SA1,,be1c114f2d5c,aemo_detect_full_v1,delay_EVT-2021-10,2.0,full,0,37919,2.963411709002685,2026-09-06T05:36:48.455188+00:00
detection,kswin,aemo,SA1,,be1c114f2d5c,aemo_detect_full_v1,delay_EVT-2022-03,0.7083333333333334,full,0,37919,2.963411709002685,2026-09-06T05:36:48.455188+00:00
detection,kswin,aemo,SA1,,be1c114f2d5c,aemo_detect_full_v1,delay_EVT-2023-14,1.5416666666666667,full,0,37919,2.963411709002685,2026-09-06T05:36:48.455188+00:00
detection,page_hinkley,aemo,SA1,,c8993e17f5b7,aemo_detect_full_v1,n_detections,2242.0,full,0,37919,0.020079500041902065,2026-09-06T05:36:48.478828+00:00
detection,page_hinkley,aemo,SA1,,c8993e17f5b7,aemo_detect_full_v1,n_matched,5.0,full,0,37919,0.020079500041902065,2026-09-06T05:36:48.478828+00:00
detection,page_hinkley,aemo,SA1,,c8993e17f5b7,aemo_detect_full_v1,n_unmatched_events,0.0,full,0,37919,0.020079500041902065,2026-09-06T05:36:48.478828+00:00
detection,page_hinkley,aemo,SA1,,c8993e17f5b7,aemo_detect_full_v1,n_unmatched_detections,2237.0,full,0,37919,0.020079500041902065,2026-09-06T05:36:48.478828+00:00
detection,page_hinkley,aemo,SA1,,c8993e17f5b7,aemo_detect_full_v1,precision,0.0022301516503122213,full,0,37919,0.020079500041902065,2026-09-06T05:36:48.478828+00:00
detection,page_hinkley,aemo,SA1,,c8993e17f5b7,aemo_detect_full_v1,mean_delay_days,0.175,full,0,37919,0.020079500041902065,2026-09-06T05:36:48.478828+00:00
detection,page_hinkley,aemo,SA1,,c8993e17f5b7,aemo_detect_full_v1,delay_EVT-2020-02,0.25,full,0,37919,0.020079500041902065,2026-09-06T05:36:48.478828+00:00
detection,page_hinkley,aemo,SA1,,c8993e17f5b7,aemo_detect_full_v1,delay_EVT-2020-07,0.0,full,0,37919,0.020079500041902065,2026-09-06T05:36:48.478828+00:00
detection,page_hinkley,aemo,SA1,,c8993e17f5b7,aemo_detect_full_v1,delay_EVT-2021-10,0.375,full,0,37919,0.020079500041902065,2026-09-06T05:36:48.478828+00:00
detection,page_hinkley,aemo,SA1,,c8993e17f5b7,aemo_detect_full_v1,delay_EVT-2022-03,0.25,full,0,37919,0.020079500041902065,2026-09-06T05:36:48.478828+00:00
detection,page_hinkley,aemo,SA1,,c8993e17f5b7,aemo_detect_full_v1,delay_EVT-2023-14,0.0,full,0,37919,0.020079500041902065,2026-09-06T05:36:48.478828+00:00
detection,adwin,aemo,NSW1,,daab36eb6dce,aemo_detect_full_v1,n_detections,763.0,full,0,37919,0.00968933297554031,2026-09-06T05:36:48.735679+00:00
detection,adwin,aemo,NSW1,,daab36eb6dce,aemo_detect_full_v1,n_matched,5.0,full,0,37919,0.00968933297554031,2026-09-06T05:36:48.735679+00:00
detection,adwin,aemo,NSW1,,daab36eb6dce,aemo_detect_full_v1,n_unmatched_events,0.0,full,0,37919,0.00968933297554031,2026-09-06T05:36:48.735679+00:00
detection,adwin,aemo,NSW1,,daab36eb6dce,aemo_detect_full_v1,n_unmatched_detections,758.0,full,0,37919,0.00968933297554031,2026-09-06T05:36:48.735679+00:00
detection,adwin,aemo,NSW1,,daab36eb6dce,aemo_detect_full_v1,precision,0.00655307994757536,full,0,37919,0.00968933297554031,2026-09-06T05:36:48.735679+00:00
detection,adwin,aemo,NSW1,,daab36eb6dce,aemo_detect_full_v1,mean_delay_days,2.1333333333333333,full,0,37919,0.00968933297554031,2026-09-06T05:36:48.735679+00:00
detection,adwin,aemo,NSW1,,daab36eb6dce,aemo_detect_full_v1,delay_EVT-2020-02,3.6666666666666665,full,0,37919,0.00968933297554031,2026-09-06T05:36:48.735679+00:00
detection,adwin,aemo,NSW1,,daab36eb6dce,aemo_detect_full_v1,delay_EVT-2020-07,1.0,full,0,37919,0.00968933297554031,2026-09-06T05:36:48.735679+00:00
detection,adwin,aemo,NSW1,,daab36eb6dce,aemo_detect_full_v1,delay_EVT-2021-10,1.0,full,0,37919,0.00968933297554031,2026-09-06T05:36:48.735679+00:00
detection,adwin,aemo,NSW1,,daab36eb6dce,aemo_detect_full_v1,delay_EVT-2022-03,3.3333333333333335,full,0,37919,0.00968933297554031,2026-09-06T05:36:48.735679+00:00
detection,adwin,aemo,NSW1,,daab36eb6dce,aemo_detect_full_v1,delay_EVT-2023-14,1.6666666666666667,full,0,37919,0.00968933297554031,2026-09-06T05:36:48.735679+00:00
detection,kswin,aemo,NSW1,,be1c114f2d5c,aemo_detect_full_v1,n_detections,275.0,full,0,37919,2.6138600410195068,2026-09-06T05:36:51.352960+00:00
detection,kswin,aemo,NSW1,,be1c114f2d5c,aemo_detect_full_v1,n_matched,5.0,full,0,37919,2.6138600410195068,2026-09-06T05:36:51.352960+00:00
detection,kswin,aemo,NSW1,,be1c114f2d5c,aemo_detect_full_v1,n_unmatched_events,0.0,full,0,37919,2.6138600410195068,2026-09-06T05:36:51.352960+00:00
detection,kswin,aemo,NSW1,,be1c114f2d5c,aemo_detect_full_v1,n_unmatched_detections,270.0,full,0,37919,2.6138600410195068,2026-09-06T05:36:51.352960+00:00
detection,kswin,aemo,NSW1,,be1c114f2d5c,aemo_detect_full_v1,precision,0.01818181818181818,full,0,37919,2.6138600410195068,2026-09-06T05:36:51.352960+00:00
detection,kswin,aemo,NSW1,,be1c114f2d5c,aemo_detect_full_v1,mean_delay_days,2.779166666666667,full,0,37919,2.6138600410195068,2026-09-06T05:36:51.352960+00:00
detection,kswin,aemo,NSW1,,be1c114f2d5c,aemo_detect_full_v1,delay_EVT-2020-02,1.1875,full,0,37919,2.6138600410195068,2026-09-06T05:36:51.352960+00:00
detection,kswin,aemo,NSW1,,be1c114f2d5c,aemo_detect_full_v1,delay_EVT-2020-07,1.9166666666666667,full,0,37919,2.6138600410195068,2026-09-06T05:36:51.352960+00:00
detection,kswin,aemo,NSW1,,be1c114f2d5c,aemo_detect_full_v1,delay_EVT-2021-10,2.8541666666666665,full,0,37919,2.6138600410195068,2026-09-06T05:36:51.352960+00:00
detection,kswin,aemo,NSW1,,be1c114f2d5c,aemo_detect_full_v1,delay_EVT-2022-03,3.4375,full,0,37919,2.6138600410195068,2026-09-06T05:36:51.352960+00:00
detection,kswin,aemo,NSW1,,be1c114f2d5c,aemo_detect_full_v1,delay_EVT-2023-14,4.5,full,0,37919,2.6138600410195068,2026-09-06T05:36:51.352960+00:00
detection,page_hinkley,aemo,NSW1,,c8993e17f5b7,aemo_detect_full_v1,n_detections,2242.0,full,0,37919,0.0200732090161182,2026-09-06T05:36:51.376430+00:00
detection,page_hinkley,aemo,NSW1,,c8993e17f5b7,aemo_detect_full_v1,n_matched,5.0,full,0,37919,0.0200732090161182,2026-09-06T05:36:51.376430+00:00
detection,page_hinkley,aemo,NSW1,,c8993e17f5b7,aemo_detect_full_v1,n_unmatched_events,0.0,full,0,37919,0.0200732090161182,2026-09-06T05:36:51.376430+00:00
detection,page_hinkley,aemo,NSW1,,c8993e17f5b7,aemo_detect_full_v1,n_unmatched_detections,2237.0,full,0,37919,0.0200732090161182,2026-09-06T05:36:51.376430+00:00
detection,page_hinkley,aemo,NSW1,,c8993e17f5b7,aemo_detect_full_v1,precision,0.0022301516503122213,full,0,37919,0.0200732090161182,2026-09-06T05:36:51.376430+00:00
detection,page_hinkley,aemo,NSW1,,c8993e17f5b7,aemo_detect_full_v1,mean_delay_days,0.175,full,0,37919,0.0200732090161182,2026-09-06T05:36:51.376430+00:00
detection,page_hinkley,aemo,NSW1,,c8993e17f5b7,aemo_detect_full_v1,delay_EVT-2020-02,0.25,full,0,37919,0.0200732090161182,2026-09-06T05:36:51.376430+00:00
detection,page_hinkley,aemo,NSW1,,c8993e17f5b7,aemo_detect_full_v1,delay_EVT-2020-07,0.0,full,0,37919,0.0200732090161182,2026-09-06T05:36:51.376430+00:00
detection,page_hinkley,aemo,NSW1,,c8993e17f5b7,aemo_detect_full_v1,delay_EVT-2021-10,0.375,full,0,37919,0.0200732090161182,2026-09-06T05:36:51.376430+00:00
detection,page_hinkley,aemo,NSW1,,c8993e17f5b7,aemo_detect_full_v1,delay_EVT-2022-03,0.25,full,0,37919,0.0200732090161182,2026-09-06T05:36:51.376430+00:00
detection,page_hinkley,aemo,NSW1,,c8993e17f5b7,aemo_detect_full_v1,delay_EVT-2023-14,0.0,full,0,37919,0.0200732090161182,2026-09-06T05:36:51.376430+00:00
detection,adwin,aemo,SA1,,a6773cbb6e68,aemo_detect_full_v1,n_detections,733.0,full,0,37919,0.010089707968290895,2026-09-06T10:37:03.600870+00:00
detection,adwin,aemo,SA1,,a6773cbb6e68,aemo_detect_full_v1,n_matched,3.0,full,0,37919,0.010089707968290895,2026-09-06T10:37:03.600870+00:00
detection,adwin,aemo,SA1,,a6773cbb6e68,aemo_detect_full_v1,n_unmatched_events,2.0,full,0,37919,0.010089707968290895,2026-09-06T10:37:03.600870+00:00
detection,adwin,aemo,SA1,,a6773cbb6e68,aemo_detect_full_v1,n_unmatched_detections,730.0,full,0,37919,0.010089707968290895,2026-09-06T10:37:03.600870+00:00
detection,adwin,aemo,SA1,,a6773cbb6e68,aemo_detect_full_v1,precision,0.004092769440654843,full,0,37919,0.010089707968290895,2026-09-06T10:37:03.600870+00:00
detection,adwin,aemo,SA1,,a6773cbb6e68,aemo_detect_full_v1,mean_delay_days,0.7777777777777777,full,0,37919,0.010089707968290895,2026-09-06T10:37:03.600870+00:00
detection,adwin,aemo,SA1,,a6773cbb6e68,aemo_detect_full_v1,delay_EVT-2020-02,1.0,full,0,37919,0.010089707968290895,2026-09-06T10:37:03.600870+00:00
detection,adwin,aemo,SA1,,a6773cbb6e68,aemo_detect_full_v1,delay_EVT-2020-07,0.3333333333333333,full,0,37919,0.010089707968290895,2026-09-06T10:37:03.600870+00:00
detection,adwin,aemo,SA1,,a6773cbb6e68,aemo_detect_full_v1,delay_EVT-2023-14,1.0,full,0,37919,0.010089707968290895,2026-09-06T10:37:03.600870+00:00
detection,kswin,aemo,SA1,,3faa7a25c0c1,aemo_detect_full_v1,n_detections,258.0,full,0,37919,2.9911404160084203,2026-09-06T10:37:06.596431+00:00
detection,kswin,aemo,SA1,,3faa7a25c0c1,aemo_detect_full_v1,n_matched,4.0,full,0,37919,2.9911404160084203,2026-09-06T10:37:06.596431+00:00
detection,kswin,aemo,SA1,,3faa7a25c0c1,aemo_detect_full_v1,n_unmatched_events,1.0,full,0,37919,2.9911404160084203,2026-09-06T10:37:06.596431+00:00
detection,kswin,aemo,SA1,,3faa7a25c0c1,aemo_detect_full_v1,n_unmatched_detections,254.0,full,0,37919,2.9911404160084203,2026-09-06T10:37:06.596431+00:00
detection,kswin,aemo,SA1,,3faa7a25c0c1,aemo_detect_full_v1,precision,0.015503875968992248,full,0,37919,2.9911404160084203,2026-09-06T10:37:06.596431+00:00
detection,kswin,aemo,SA1,,3faa7a25c0c1,aemo_detect_full_v1,mean_delay_days,1.7447916666666665,full,0,37919,2.9911404160084203,2026-09-06T10:37:06.596431+00:00
detection,kswin,aemo,SA1,,3faa7a25c0c1,aemo_detect_full_v1,delay_EVT-2020-02,1.25,full,0,37919,2.9911404160084203,2026-09-06T10:37:06.596431+00:00
detection,kswin,aemo,SA1,,3faa7a25c0c1,aemo_detect_full_v1,delay_EVT-2020-07,3.4791666666666665,full,0,37919,2.9911404160084203,2026-09-06T10:37:06.596431+00:00
detection,kswin,aemo,SA1,,3faa7a25c0c1,aemo_detect_full_v1,delay_EVT-2022-03,0.7083333333333334,full,0,37919,2.9911404160084203,2026-09-06T10:37:06.596431+00:00
detection,kswin,aemo,SA1,,3faa7a25c0c1,aemo_detect_full_v1,delay_EVT-2023-14,1.5416666666666667,full,0,37919,2.9911404160084203,2026-09-06T10:37:06.596431+00:00
detection,page_hinkley,aemo,SA1,,7211b1b299c8,aemo_detect_full_v1,n_detections,2242.0,full,0,37919,0.020659458998125046,2026-09-06T10:37:06.620881+00:00
detection,page_hinkley,aemo,SA1,,7211b1b299c8,aemo_detect_full_v1,n_matched,5.0,full,0,37919,0.020659458998125046,2026-09-06T10:37:06.620881+00:00
detection,page_hinkley,aemo,SA1,,7211b1b299c8,aemo_detect_full_v1,n_unmatched_events,0.0,full,0,37919,0.020659458998125046,2026-09-06T10:37:06.620881+00:00
detection,page_hinkley,aemo,SA1,,7211b1b299c8,aemo_detect_full_v1,n_unmatched_detections,2237.0,full,0,37919,0.020659458998125046,2026-09-06T10:37:06.620881+00:00
detection,page_hinkley,aemo,SA1,,7211b1b299c8,aemo_detect_full_v1,precision,0.0022301516503122213,full,0,37919,0.020659458998125046,2026-09-06T10:37:06.620881+00:00
detection,page_hinkley,aemo,SA1,,7211b1b299c8,aemo_detect_full_v1,mean_delay_days,0.175,full,0,37919,0.020659458998125046,2026-09-06T10:37:06.620881+00:00
detection,page_hinkley,aemo,SA1,,7211b1b299c8,aemo_detect_full_v1,delay_EVT-2020-02,0.25,full,0,37919,0.020659458998125046,2026-09-06T10:37:06.620881+00:00
detection,page_hinkley,aemo,SA1,,7211b1b299c8,aemo_detect_full_v1,delay_EVT-2020-07,0.0,full,0,37919,0.020659458998125046,2026-09-06T10:37:06.620881+00:00
detection,page_hinkley,aemo,SA1,,7211b1b299c8,aemo_detect_full_v1,delay_EVT-2021-10,0.375,full,0,37919,0.020659458998125046,2026-09-06T10:37:06.620881+00:00
detection,page_hinkley,aemo,SA1,,7211b1b299c8,aemo_detect_full_v1,delay_EVT-2022-03,0.25,full,0,37919,0.020659458998125046,2026-09-06T10:37:06.620881+00:00
detection,page_hinkley,aemo,SA1,,7211b1b299c8,aemo_detect_full_v1,delay_EVT-2023-14,0.0,full,0,37919,0.020659458998125046,2026-09-06T10:37:06.620881+00:00
detection,adwin,aemo,NSW1,,a6773cbb6e68,aemo_detect_full_v1,n_detections,763.0,full,0,37919,0.009975499997381121,2026-09-06T10:37:06.884571+00:00
detection,adwin,aemo,NSW1,,a6773cbb6e68,aemo_detect_full_v1,n_matched,4.0,full,0,37919,0.009975499997381121,2026-09-06T10:37:06.884571+00:00
detection,adwin,aemo,NSW1,,a6773cbb6e68,aemo_detect_full_v1,n_unmatched_events,1.0,full,0,37919,0.009975499997381121,2026-09-06T10:37:06.884571+00:00
detection,adwin,aemo,NSW1,,a6773cbb6e68,aemo_detect_full_v1,n_unmatched_detections,759.0,full,0,37919,0.009975499997381121,2026-09-06T10:37:06.884571+00:00
detection,adwin,aemo,NSW1,,a6773cbb6e68,aemo_detect_full_v1,precision,0.005242463958060288,full,0,37919,0.009975499997381121,2026-09-06T10:37:06.884571+00:00
detection,adwin,aemo,NSW1,,a6773cbb6e68,aemo_detect_full_v1,mean_delay_days,1.8333333333333333,full,0,37919,0.009975499997381121,2026-09-06T10:37:06.884571+00:00
detection,adwin,aemo,NSW1,,a6773cbb6e68,aemo_detect_full_v1,delay_EVT-2020-02,3.6666666666666665,full,0,37919,0.009975499997381121,2026-09-06T10:37:06.884571+00:00
detection,adwin,aemo,NSW1,,a6773cbb6e68,aemo_detect_full_v1,delay_EVT-2020-07,1.0,full,0,37919,0.009975499997381121,2026-09-06T10:37:06.884571+00:00
detection,adwin,aemo,NSW1,,a6773cbb6e68,aemo_detect_full_v1,delay_EVT-2021-10,1.0,full,0,37919,0.009975499997381121,2026-09-06T10:37:06.884571+00:00
detection,adwin,aemo,NSW1,,a6773cbb6e68,aemo_detect_full_v1,delay_EVT-2023-14,1.6666666666666667,full,0,37919,0.009975499997381121,2026-09-06T10:37:06.884571+00:00
detection,kswin,aemo,NSW1,,3faa7a25c0c1,aemo_detect_full_v1,n_detections,275.0,full,0,37919,2.614844208001159,2026-09-06T10:37:09.503073+00:00
detection,kswin,aemo,NSW1,,3faa7a25c0c1,aemo_detect_full_v1,n_matched,3.0,full,0,37919,2.614844208001159,2026-09-06T10:37:09.503073+00:00
detection,kswin,aemo,NSW1,,3faa7a25c0c1,aemo_detect_full_v1,n_unmatched_events,2.0,full,0,37919,2.614844208001159,2026-09-06T10:37:09.503073+00:00
detection,kswin,aemo,NSW1,,3faa7a25c0c1,aemo_detect_full_v1,n_unmatched_detections,272.0,full,0,37919,2.614844208001159,2026-09-06T10:37:09.503073+00:00
detection,kswin,aemo,NSW1,,3faa7a25c0c1,aemo_detect_full_v1,precision,0.01090909090909091,full,0,37919,2.614844208001159,2026-09-06T10:37:09.503073+00:00
detection,kswin,aemo,NSW1,,3faa7a25c0c1,aemo_detect_full_v1,mean_delay_days,2.5347222222222223,full,0,37919,2.614844208001159,2026-09-06T10:37:09.503073+00:00
detection,kswin,aemo,NSW1,,3faa7a25c0c1,aemo_detect_full_v1,delay_EVT-2020-02,1.1875,full,0,37919,2.614844208001159,2026-09-06T10:37:09.503073+00:00
detection,kswin,aemo,NSW1,,3faa7a25c0c1,aemo_detect_full_v1,delay_EVT-2020-07,1.9166666666666667,full,0,37919,2.614844208001159,2026-09-06T10:37:09.503073+00:00
detection,kswin,aemo,NSW1,,3faa7a25c0c1,aemo_detect_full_v1,delay_EVT-2023-14,4.5,full,0,37919,2.614844208001159,2026-09-06T10:37:09.503073+00:00
detection,page_hinkley,aemo,NSW1,,7211b1b299c8,aemo_detect_full_v1,n_detections,2242.0,full,0,37919,0.02040974999545142,2026-09-06T10:37:09.527046+00:00
detection,page_hinkley,aemo,NSW1,,7211b1b299c8,aemo_detect_full_v1,n_matched,5.0,full,0,37919,0.02040974999545142,2026-09-06T10:37:09.527046+00:00
detection,page_hinkley,aemo,NSW1,,7211b1b299c8,aemo_detect_full_v1,n_unmatched_events,0.0,full,0,37919,0.02040974999545142,2026-09-06T10:37:09.527046+00:00
detection,page_hinkley,aemo,NSW1,,7211b1b299c8,aemo_detect_full_v1,n_unmatched_detections,2237.0,full,0,37919,0.02040974999545142,2026-09-06T10:37:09.527046+00:00
detection,page_hinkley,aemo,NSW1,,7211b1b299c8,aemo_detect_full_v1,precision,0.0022301516503122213,full,0,37919,0.02040974999545142,2026-09-06T10:37:09.527046+00:00
detection,page_hinkley,aemo,NSW1,,7211b1b299c8,aemo_detect_full_v1,mean_delay_days,0.175,full,0,37919,0.02040974999545142,2026-09-06T10:37:09.527046+00:00
detection,page_hinkley,aemo,NSW1,,7211b1b299c8,aemo_detect_full_v1,delay_EVT-2020-02,0.25,full,0,37919,0.02040974999545142,2026-09-06T10:37:09.527046+00:00
detection,page_hinkley,aemo,NSW1,,7211b1b299c8,aemo_detect_full_v1,delay_EVT-2020-07,0.0,full,0,37919,0.02040974999545142,2026-09-06T10:37:09.527046+00:00
detection,page_hinkley,aemo,NSW1,,7211b1b299c8,aemo_detect_full_v1,delay_EVT-2021-10,0.375,full,0,37919,0.02040974999545142,2026-09-06T10:37:09.527046+00:00
detection,page_hinkley,aemo,NSW1,,7211b1b299c8,aemo_detect_full_v1,delay_EVT-2022-03,0.25,full,0,37919,0.02040974999545142,2026-09-06T10:37:09.527046+00:00
detection,page_hinkley,aemo,NSW1,,7211b1b299c8,aemo_detect_full_v1,delay_EVT-2023-14,0.0,full,0,37919,0.02040974999545142,2026-09-06T10:37:09.527046+00:00
detection,adwin,aemo,SA1,,edfedc419857,aemo_errstream_seasonal_naive_v1,n_detections,1012.0,full,0,66914,0.006575417006388307,2026-09-06T11:17:53.436394+00:00
detection,adwin,aemo,SA1,,edfedc419857,aemo_errstream_seasonal_naive_v1,n_matched,4.0,full,0,66914,0.006575417006388307,2026-09-06T11:17:53.436394+00:00
detection,adwin,aemo,SA1,,edfedc419857,aemo_errstream_seasonal_naive_v1,n_unmatched_events,1.0,full,0,66914,0.006575417006388307,2026-09-06T11:17:53.436394+00:00
detection,adwin,aemo,SA1,,edfedc419857,aemo_errstream_seasonal_naive_v1,n_unmatched_detections,1008.0,full,0,66914,0.006575417006388307,2026-09-06T11:17:53.436394+00:00
detection,adwin,aemo,SA1,,edfedc419857,aemo_errstream_seasonal_naive_v1,precision,0.003952569169960474,full,0,66914,0.006575417006388307,2026-09-06T11:17:53.436394+00:00
detection,adwin,aemo,SA1,,edfedc419857,aemo_errstream_seasonal_naive_v1,mean_delay_days,0.875,full,0,66914,0.006575417006388307,2026-09-06T11:17:53.436394+00:00
detection,adwin,aemo,SA1,,edfedc419857,aemo_errstream_seasonal_naive_v1,delay_EVT-2020-02,1.2916666666666667,full,0,66914,0.006575417006388307,2026-09-06T11:17:53.436394+00:00
detection,adwin,aemo,SA1,,edfedc419857,aemo_errstream_seasonal_naive_v1,delay_EVT-2020-07,0.625,full,0,66914,0.006575417006388307,2026-09-06T11:17:53.436394+00:00
detection,adwin,aemo,SA1,,edfedc419857,aemo_errstream_seasonal_naive_v1,delay_EVT-2022-03,0.2916666666666667,full,0,66914,0.006575417006388307,2026-09-06T11:17:53.436394+00:00
detection,adwin,aemo,SA1,,edfedc419857,aemo_errstream_seasonal_naive_v1,delay_EVT-2023-14,1.2916666666666667,full,0,66914,0.006575417006388307,2026-09-06T11:17:53.436394+00:00
detection,kswin,aemo,SA1,,fbd9e7d641db,aemo_errstream_seasonal_naive_v1,n_detections,334.0,full,0,66914,0.0738124159979634,2026-09-06T11:17:53.517288+00:00
detection,kswin,aemo,SA1,,fbd9e7d641db,aemo_errstream_seasonal_naive_v1,n_matched,3.0,full,0,66914,0.0738124159979634,2026-09-06T11:17:53.517288+00:00
detection,kswin,aemo,SA1,,fbd9e7d641db,aemo_errstream_seasonal_naive_v1,n_unmatched_events,2.0,full,0,66914,0.0738124159979634,2026-09-06T11:17:53.517288+00:00
detection,kswin,aemo,SA1,,fbd9e7d641db,aemo_errstream_seasonal_naive_v1,n_unmatched_detections,331.0,full,0,66914,0.0738124159979634,2026-09-06T11:17:53.517288+00:00
detection,kswin,aemo,SA1,,fbd9e7d641db,aemo_errstream_seasonal_naive_v1,precision,0.008982035928143712,full,0,66914,0.0738124159979634,2026-09-06T11:17:53.517288+00:00
detection,kswin,aemo,SA1,,fbd9e7d641db,aemo_errstream_seasonal_naive_v1,mean_delay_days,2.2430555555555554,full,0,66914,0.0738124159979634,2026-09-06T11:17:53.517288+00:00
detection,kswin,aemo,SA1,,fbd9e7d641db,aemo_errstream_seasonal_naive_v1,delay_EVT-2020-02,0.9583333333333334,full,0,66914,0.0738124159979634,2026-09-06T11:17:53.517288+00:00
detection,kswin,aemo,SA1,,fbd9e7d641db,aemo_errstream_seasonal_naive_v1,delay_EVT-2020-07,3.1041666666666665,full,0,66914,0.0738124159979634,2026-09-06T11:17:53.517288+00:00
detection,kswin,aemo,SA1,,fbd9e7d641db,aemo_errstream_seasonal_naive_v1,delay_EVT-2023-14,2.6666666666666665,full,0,66914,0.0738124159979634,2026-09-06T11:17:53.517288+00:00
detection,page_hinkley,aemo,SA1,,24fe5e1a1361,aemo_errstream_seasonal_naive_v1,n_detections,1692.0,full,0,66914,0.014178582991007715,2026-09-06T11:17:53.535482+00:00
detection,page_hinkley,aemo,SA1,,24fe5e1a1361,aemo_errstream_seasonal_naive_v1,n_matched,5.0,full,0,66914,0.014178582991007715,2026-09-06T11:17:53.535482+00:00
detection,page_hinkley,aemo,SA1,,24fe5e1a1361,aemo_errstream_seasonal_naive_v1,n_unmatched_events,0.0,full,0,66914,0.014178582991007715,2026-09-06T11:17:53.535482+00:00
detection,page_hinkley,aemo,SA1,,24fe5e1a1361,aemo_errstream_seasonal_naive_v1,n_unmatched_detections,1687.0,full,0,66914,0.014178582991007715,2026-09-06T11:17:53.535482+00:00
detection,page_hinkley,aemo,SA1,,24fe5e1a1361,aemo_errstream_seasonal_naive_v1,precision,0.002955082742316785,full,0,66914,0.014178582991007715,2026-09-06T11:17:53.535482+00:00
detection,page_hinkley,aemo,SA1,,24fe5e1a1361,aemo_errstream_seasonal_naive_v1,mean_delay_days,0.6416666666666666,full,0,66914,0.014178582991007715,2026-09-06T11:17:53.535482+00:00
detection,page_hinkley,aemo,SA1,,24fe5e1a1361,aemo_errstream_seasonal_naive_v1,delay_EVT-2020-02,0.3541666666666667,full,0,66914,0.014178582991007715,2026-09-06T11:17:53.535482+00:00
detection,page_hinkley,aemo,SA1,,24fe5e1a1361,aemo_errstream_seasonal_naive_v1,delay_EVT-2020-07,0.7083333333333334,full,0,66914,0.014178582991007715,2026-09-06T11:17:53.535482+00:00
detection,page_hinkley,aemo,SA1,,24fe5e1a1361,aemo_errstream_seasonal_naive_v1,delay_EVT-2021-10,0.8541666666666666,full,0,66914,0.014178582991007715,2026-09-06T11:17:53.535482+00:00
detection,page_hinkley,aemo,SA1,,24fe5e1a1361,aemo_errstream_seasonal_naive_v1,delay_EVT-2022-03,1.0,full,0,66914,0.014178582991007715,2026-09-06T11:17:53.535482+00:00
detection,page_hinkley,aemo,SA1,,24fe5e1a1361,aemo_errstream_seasonal_naive_v1,delay_EVT-2023-14,0.2916666666666667,full,0,66914,0.014178582991007715,2026-09-06T11:17:53.535482+00:00
detection,adwin,aemo,SA1,,d989fd1f82f0,aemo_errstream_xgboost_v1,n_detections,998.0,full,0,66914,0.006542082992382348,2026-09-06T11:17:53.564843+00:00
detection,adwin,aemo,SA1,,d989fd1f82f0,aemo_errstream_xgboost_v1,n_matched,4.0,full,0,66914,0.006542082992382348,2026-09-06T11:17:53.564843+00:00
detection,adwin,aemo,SA1,,d989fd1f82f0,aemo_errstream_xgboost_v1,n_unmatched_events,1.0,full,0,66914,0.006542082992382348,2026-09-06T11:17:53.564843+00:00
detection,adwin,aemo,SA1,,d989fd1f82f0,aemo_errstream_xgboost_v1,n_unmatched_detections,994.0,full,0,66914,0.006542082992382348,2026-09-06T11:17:53.564843+00:00
detection,adwin,aemo,SA1,,d989fd1f82f0,aemo_errstream_xgboost_v1,precision,0.004008016032064128,full,0,66914,0.006542082992382348,2026-09-06T11:17:53.564843+00:00
detection,adwin,aemo,SA1,,d989fd1f82f0,aemo_errstream_xgboost_v1,mean_delay_days,0.875,full,0,66914,0.006542082992382348,2026-09-06T11:17:53.564843+00:00
detection,adwin,aemo,SA1,,d989fd1f82f0,aemo_errstream_xgboost_v1,delay_EVT-2020-02,1.2916666666666667,full,0,66914,0.006542082992382348,2026-09-06T11:17:53.564843+00:00
detection,adwin,aemo,SA1,,d989fd1f82f0,aemo_errstream_xgboost_v1,delay_EVT-2020-07,0.625,full,0,66914,0.006542082992382348,2026-09-06T11:17:53.564843+00:00
detection,adwin,aemo,SA1,,d989fd1f82f0,aemo_errstream_xgboost_v1,delay_EVT-2022-03,0.2916666666666667,full,0,66914,0.006542082992382348,2026-09-06T11:17:53.564843+00:00
detection,adwin,aemo,SA1,,d989fd1f82f0,aemo_errstream_xgboost_v1,delay_EVT-2023-14,1.2916666666666667,full,0,66914,0.006542082992382348,2026-09-06T11:17:53.564843+00:00
detection,kswin,aemo,SA1,,0edd70a60ca2,aemo_errstream_xgboost_v1,n_detections,334.0,full,0,66914,0.07383095799013972,2026-09-06T11:17:53.642638+00:00
detection,kswin,aemo,SA1,,0edd70a60ca2,aemo_errstream_xgboost_v1,n_matched,3.0,full,0,66914,0.07383095799013972,2026-09-06T11:17:53.642638+00:00
detection,kswin,aemo,SA1,,0edd70a60ca2,aemo_errstream_xgboost_v1,n_unmatched_events,2.0,full,0,66914,0.07383095799013972,2026-09-06T11:17:53.642638+00:00
detection,kswin,aemo,SA1,,0edd70a60ca2,aemo_errstream_xgboost_v1,n_unmatched_detections,331.0,full,0,66914,0.07383095799013972,2026-09-06T11:17:53.642638+00:00
detection,kswin,aemo,SA1,,0edd70a60ca2,aemo_errstream_xgboost_v1,precision,0.008982035928143712,full,0,66914,0.07383095799013972,2026-09-06T11:17:53.642638+00:00
detection,kswin,aemo,SA1,,0edd70a60ca2,aemo_errstream_xgboost_v1,mean_delay_days,2.4583333333333335,full,0,66914,0.07383095799013972,2026-09-06T11:17:53.642638+00:00
detection,kswin,aemo,SA1,,0edd70a60ca2,aemo_errstream_xgboost_v1,delay_EVT-2020-02,0.9583333333333334,full,0,66914,0.07383095799013972,2026-09-06T11:17:53.642638+00:00
detection,kswin,aemo,SA1,,0edd70a60ca2,aemo_errstream_xgboost_v1,delay_EVT-2020-07,3.2291666666666665,full,0,66914,0.07383095799013972,2026-09-06T11:17:53.642638+00:00
detection,kswin,aemo,SA1,,0edd70a60ca2,aemo_errstream_xgboost_v1,delay_EVT-2023-14,3.1875,full,0,66914,0.07383095799013972,2026-09-06T11:17:53.642638+00:00
detection,page_hinkley,aemo,SA1,,95d7d5bbdb6e,aemo_errstream_xgboost_v1,n_detections,1705.0,full,0,66914,0.014374000020325184,2026-09-06T11:17:53.660274+00:00
detection,page_hinkley,aemo,SA1,,95d7d5bbdb6e,aemo_errstream_xgboost_v1,n_matched,5.0,full,0,66914,0.014374000020325184,2026-09-06T11:17:53.660274+00:00
detection,page_hinkley,aemo,SA1,,95d7d5bbdb6e,aemo_errstream_xgboost_v1,n_unmatched_events,0.0,full,0,66914,0.014374000020325184,2026-09-06T11:17:53.660274+00:00
detection,page_hinkley,aemo,SA1,,95d7d5bbdb6e,aemo_errstream_xgboost_v1,n_unmatched_detections,1700.0,full,0,66914,0.014374000020325184,2026-09-06T11:17:53.660274+00:00
detection,page_hinkley,aemo,SA1,,95d7d5bbdb6e,aemo_errstream_xgboost_v1,precision,0.002932551319648094,full,0,66914,0.014374000020325184,2026-09-06T11:17:53.660274+00:00
detection,page_hinkley,aemo,SA1,,95d7d5bbdb6e,aemo_errstream_xgboost_v1,mean_delay_days,0.4458333333333333,full,0,66914,0.014374000020325184,2026-09-06T11:17:53.660274+00:00
detection,page_hinkley,aemo,SA1,,95d7d5bbdb6e,aemo_errstream_xgboost_v1,delay_EVT-2020-02,0.2708333333333333,full,0,66914,0.014374000020325184,2026-09-06T11:17:53.660274+00:00
detection,page_hinkley,aemo,SA1,,95d7d5bbdb6e,aemo_errstream_xgboost_v1,delay_EVT-2020-07,0.5625,full,0,66914,0.014374000020325184,2026-09-06T11:17:53.660274+00:00
detection,page_hinkley,aemo,SA1,,95d7d5bbdb6e,aemo_errstream_xgboost_v1,delay_EVT-2021-10,0.8125,full,0,66914,0.014374000020325184,2026-09-06T11:17:53.660274+00:00
detection,page_hinkley,aemo,SA1,,95d7d5bbdb6e,aemo_errstream_xgboost_v1,delay_EVT-2022-03,0.22916666666666666,full,0,66914,0.014374000020325184,2026-09-06T11:17:53.660274+00:00
detection,page_hinkley,aemo,SA1,,95d7d5bbdb6e,aemo_errstream_xgboost_v1,delay_EVT-2023-14,0.3541666666666667,full,0,66914,0.014374000020325184,2026-09-06T11:17:53.660274+00:00
detection,adwin,aemo,SA1,,bb64d4d2fa3a,aemo_errstream_dhr_arima_v1,n_detections,1016.0,full,0,66914,0.006365666980855167,2026-09-06T11:17:53.689306+00:00
detection,adwin,aemo,SA1,,bb64d4d2fa3a,aemo_errstream_dhr_arima_v1,n_matched,4.0,full,0,66914,0.006365666980855167,2026-09-06T11:17:53.689306+00:00
detection,adwin,aemo,SA1,,bb64d4d2fa3a,aemo_errstream_dhr_arima_v1,n_unmatched_events,1.0,full,0,66914,0.006365666980855167,2026-09-06T11:17:53.689306+00:00
detection,adwin,aemo,SA1,,bb64d4d2fa3a,aemo_errstream_dhr_arima_v1,n_unmatched_detections,1012.0,full,0,66914,0.006365666980855167,2026-09-06T11:17:53.689306+00:00
detection,adwin,aemo,SA1,,bb64d4d2fa3a,aemo_errstream_dhr_arima_v1,precision,0.003937007874015748,full,0,66914,0.006365666980855167,2026-09-06T11:17:53.689306+00:00
detection,adwin,aemo,SA1,,bb64d4d2fa3a,aemo_errstream_dhr_arima_v1,mean_delay_days,1.0416666666666667,full,0,66914,0.006365666980855167,2026-09-06T11:17:53.689306+00:00
detection,adwin,aemo,SA1,,bb64d4d2fa3a,aemo_errstream_dhr_arima_v1,delay_EVT-2020-02,1.2916666666666667,full,0,66914,0.006365666980855167,2026-09-06T11:17:53.689306+00:00
detection,adwin,aemo,SA1,,bb64d4d2fa3a,aemo_errstream_dhr_arima_v1,delay_EVT-2020-07,1.2916666666666667,full,0,66914,0.006365666980855167,2026-09-06T11:17:53.689306+00:00
detection,adwin,aemo,SA1,,bb64d4d2fa3a,aemo_errstream_dhr_arima_v1,delay_EVT-2022-03,0.2916666666666667,full,0,66914,0.006365666980855167,2026-09-06T11:17:53.689306+00:00
detection,adwin,aemo,SA1,,bb64d4d2fa3a,aemo_errstream_dhr_arima_v1,delay_EVT-2023-14,1.2916666666666667,full,0,66914,0.006365666980855167,2026-09-06T11:17:53.689306+00:00
detection,kswin,aemo,SA1,,c3331703d83a,aemo_errstream_dhr_arima_v1,n_detections,333.0,full,0,66914,0.09251074999338016,2026-09-06T11:17:53.785815+00:00
detection,kswin,aemo,SA1,,c3331703d83a,aemo_errstream_dhr_arima_v1,n_matched,3.0,full,0,66914,0.09251074999338016,2026-09-06T11:17:53.785815+00:00
detection,kswin,aemo,SA1,,c3331703d83a,aemo_errstream_dhr_arima_v1,n_unmatched_events,2.0,full,0,66914,0.09251074999338016,2026-09-06T11:17:53.785815+00:00
detection,kswin,aemo,SA1,,c3331703d83a,aemo_errstream_dhr_arima_v1,n_unmatched_detections,330.0,full,0,66914,0.09251074999338016,2026-09-06T11:17:53.785815+00:00
detection,kswin,aemo,SA1,,c3331703d83a,aemo_errstream_dhr_arima_v1,precision,0.009009009009009009,full,0,66914,0.09251074999338016,2026-09-06T11:17:53.785815+00:00
detection,kswin,aemo,SA1,,c3331703d83a,aemo_errstream_dhr_arima_v1,mean_delay_days,2.548611111111111,full,0,66914,0.09251074999338016,2026-09-06T11:17:53.785815+00:00
detection,kswin,aemo,SA1,,c3331703d83a,aemo_errstream_dhr_arima_v1,delay_EVT-2020-02,0.9791666666666666,full,0,66914,0.09251074999338016,2026-09-06T11:17:53.785815+00:00
detection,kswin,aemo,SA1,,c3331703d83a,aemo_errstream_dhr_arima_v1,delay_EVT-2020-07,2.8958333333333335,full,0,66914,0.09251074999338016,2026-09-06T11:17:53.785815+00:00
detection,kswin,aemo,SA1,,c3331703d83a,aemo_errstream_dhr_arima_v1,delay_EVT-2023-14,3.7708333333333335,full,0,66914,0.09251074999338016,2026-09-06T11:17:53.785815+00:00
detection,page_hinkley,aemo,SA1,,dd73d7078b41,aemo_errstream_dhr_arima_v1,n_detections,1727.0,full,0,66914,0.013488000025972724,2026-09-06T11:17:53.802676+00:00
detection,page_hinkley,aemo,SA1,,dd73d7078b41,aemo_errstream_dhr_arima_v1,n_matched,5.0,full,0,66914,0.013488000025972724,2026-09-06T11:17:53.802676+00:00
detection,page_hinkley,aemo,SA1,,dd73d7078b41,aemo_errstream_dhr_arima_v1,n_unmatched_events,0.0,full,0,66914,0.013488000025972724,2026-09-06T11:17:53.802676+00:00
detection,page_hinkley,aemo,SA1,,dd73d7078b41,aemo_errstream_dhr_arima_v1,n_unmatched_detections,1722.0,full,0,66914,0.013488000025972724,2026-09-06T11:17:53.802676+00:00
detection,page_hinkley,aemo,SA1,,dd73d7078b41,aemo_errstream_dhr_arima_v1,precision,0.0028951939779965257,full,0,66914,0.013488000025972724,2026-09-06T11:17:53.802676+00:00
detection,page_hinkley,aemo,SA1,,dd73d7078b41,aemo_errstream_dhr_arima_v1,mean_delay_days,0.4375,full,0,66914,0.013488000025972724,2026-09-06T11:17:53.802676+00:00
detection,page_hinkley,aemo,SA1,,dd73d7078b41,aemo_errstream_dhr_arima_v1,delay_EVT-2020-02,0.5208333333333334,full,0,66914,0.013488000025972724,2026-09-06T11:17:53.802676+00:00
detection,page_hinkley,aemo,SA1,,dd73d7078b41,aemo_errstream_dhr_arima_v1,delay_EVT-2020-07,0.4166666666666667,full,0,66914,0.013488000025972724,2026-09-06T11:17:53.802676+00:00
detection,page_hinkley,aemo,SA1,,dd73d7078b41,aemo_errstream_dhr_arima_v1,delay_EVT-2021-10,0.9166666666666666,full,0,66914,0.013488000025972724,2026-09-06T11:17:53.802676+00:00
detection,page_hinkley,aemo,SA1,,dd73d7078b41,aemo_errstream_dhr_arima_v1,delay_EVT-2022-03,0.125,full,0,66914,0.013488000025972724,2026-09-06T11:17:53.802676+00:00
detection,page_hinkley,aemo,SA1,,dd73d7078b41,aemo_errstream_dhr_arima_v1,delay_EVT-2023-14,0.20833333333333334,full,0,66914,0.013488000025972724,2026-09-06T11:17:53.802676+00:00
detection,adwin,aemo,NSW1,,edfedc419857,aemo_errstream_seasonal_naive_v1,n_detections,1151.0,full,0,66914,0.006478457944467664,2026-09-06T11:17:53.833132+00:00
detection,adwin,aemo,NSW1,,edfedc419857,aemo_errstream_seasonal_naive_v1,n_matched,4.0,full,0,66914,0.006478457944467664,2026-09-06T11:17:53.833132+00:00
detection,adwin,aemo,NSW1,,edfedc419857,aemo_errstream_seasonal_naive_v1,n_unmatched_events,1.0,full,0,66914,0.006478457944467664,2026-09-06T11:17:53.833132+00:00
detection,adwin,aemo,NSW1,,edfedc419857,aemo_errstream_seasonal_naive_v1,n_unmatched_detections,1147.0,full,0,66914,0.006478457944467664,2026-09-06T11:17:53.833132+00:00
detection,adwin,aemo,NSW1,,edfedc419857,aemo_errstream_seasonal_naive_v1,precision,0.0034752389226759338,full,0,66914,0.006478457944467664,2026-09-06T11:17:53.833132+00:00
detection,adwin,aemo,NSW1,,edfedc419857,aemo_errstream_seasonal_naive_v1,mean_delay_days,1.0416666666666667,full,0,66914,0.006478457944467664,2026-09-06T11:17:53.833132+00:00
detection,adwin,aemo,NSW1,,edfedc419857,aemo_errstream_seasonal_naive_v1,delay_EVT-2020-02,1.2916666666666667,full,0,66914,0.006478457944467664,2026-09-06T11:17:53.833132+00:00
detection,adwin,aemo,NSW1,,edfedc419857,aemo_errstream_seasonal_naive_v1,delay_EVT-2020-07,0.625,full,0,66914,0.006478457944467664,2026-09-06T11:17:53.833132+00:00
detection,adwin,aemo,NSW1,,edfedc419857,aemo_errstream_seasonal_naive_v1,delay_EVT-2022-03,0.9583333333333334,full,0,66914,0.006478457944467664,2026-09-06T11:17:53.833132+00:00
detection,adwin,aemo,NSW1,,edfedc419857,aemo_errstream_seasonal_naive_v1,delay_EVT-2023-14,1.2916666666666667,full,0,66914,0.006478457944467664,2026-09-06T11:17:53.833132+00:00
detection,kswin,aemo,NSW1,,fbd9e7d641db,aemo_errstream_seasonal_naive_v1,n_detections,334.0,full,0,66914,0.07152299996232614,2026-09-06T11:17:53.909691+00:00
detection,kswin,aemo,NSW1,,fbd9e7d641db,aemo_errstream_seasonal_naive_v1,n_matched,4.0,full,0,66914,0.07152299996232614,2026-09-06T11:17:53.909691+00:00
detection,kswin,aemo,NSW1,,fbd9e7d641db,aemo_errstream_seasonal_naive_v1,n_unmatched_events,1.0,full,0,66914,0.07152299996232614,2026-09-06T11:17:53.909691+00:00
detection,kswin,aemo,NSW1,,fbd9e7d641db,aemo_errstream_seasonal_naive_v1,n_unmatched_detections,330.0,full,0,66914,0.07152299996232614,2026-09-06T11:17:53.909691+00:00
detection,kswin,aemo,NSW1,,fbd9e7d641db,aemo_errstream_seasonal_naive_v1,precision,0.011976047904191617,full,0,66914,0.07152299996232614,2026-09-06T11:17:53.909691+00:00
detection,kswin,aemo,NSW1,,fbd9e7d641db,aemo_errstream_seasonal_naive_v1,mean_delay_days,1.8489583333333333,full,0,66914,0.07152299996232614,2026-09-06T11:17:53.909691+00:00
detection,kswin,aemo,NSW1,,fbd9e7d641db,aemo_errstream_seasonal_naive_v1,delay_EVT-2020-02,0.9583333333333334,full,0,66914,0.07152299996232614,2026-09-06T11:17:53.909691+00:00
detection,kswin,aemo,NSW1,,fbd9e7d641db,aemo_errstream_seasonal_naive_v1,delay_EVT-2020-07,2.8541666666666665,full,0,66914,0.07152299996232614,2026-09-06T11:17:53.909691+00:00
detection,kswin,aemo,NSW1,,fbd9e7d641db,aemo_errstream_seasonal_naive_v1,delay_EVT-2022-03,0.7083333333333334,full,0,66914,0.07152299996232614,2026-09-06T11:17:53.909691+00:00
detection,kswin,aemo,NSW1,,fbd9e7d641db,aemo_errstream_seasonal_naive_v1,delay_EVT-2023-14,2.875,full,0,66914,0.07152299996232614,2026-09-06T11:17:53.909691+00:00
detection,page_hinkley,aemo,NSW1,,24fe5e1a1361,aemo_errstream_seasonal_naive_v1,n_detections,2069.0,full,0,66914,0.012684416025876999,2026-09-06T11:17:53.925601+00:00
detection,page_hinkley,aemo,NSW1,,24fe5e1a1361,aemo_errstream_seasonal_naive_v1,n_matched,5.0,full,0,66914,0.012684416025876999,2026-09-06T11:17:53.925601+00:00
detection,page_hinkley,aemo,NSW1,,24fe5e1a1361,aemo_errstream_seasonal_naive_v1,n_unmatched_events,0.0,full,0,66914,0.012684416025876999,2026-09-06T11:17:53.925601+00:00
detection,page_hinkley,aemo,NSW1,,24fe5e1a1361,aemo_errstream_seasonal_naive_v1,n_unmatched_detections,2064.0,full,0,66914,0.012684416025876999,2026-09-06T11:17:53.925601+00:00
detection,page_hinkley,aemo,NSW1,,24fe5e1a1361,aemo_errstream_seasonal_naive_v1,precision,0.002416626389560174,full,0,66914,0.012684416025876999,2026-09-06T11:17:53.925601+00:00
detection,page_hinkley,aemo,NSW1,,24fe5e1a1361,aemo_errstream_seasonal_naive_v1,mean_delay_days,0.2583333333333333,full,0,66914,0.012684416025876999,2026-09-06T11:17:53.925601+00:00
detection,page_hinkley,aemo,NSW1,,24fe5e1a1361,aemo_errstream_seasonal_naive_v1,delay_EVT-2020-02,0.6458333333333334,full,0,66914,0.012684416025876999,2026-09-06T11:17:53.925601+00:00
detection,page_hinkley,aemo,NSW1,,24fe5e1a1361,aemo_errstream_seasonal_naive_v1,delay_EVT-2020-07,0.22916666666666666,full,0,66914,0.012684416025876999,2026-09-06T11:17:53.925601+00:00
detection,page_hinkley,aemo,NSW1,,24fe5e1a1361,aemo_errstream_seasonal_naive_v1,delay_EVT-2021-10,0.14583333333333334,full,0,66914,0.012684416025876999,2026-09-06T11:17:53.925601+00:00
detection,page_hinkley,aemo,NSW1,,24fe5e1a1361,aemo_errstream_seasonal_naive_v1,delay_EVT-2022-03,0.20833333333333334,full,0,66914,0.012684416025876999,2026-09-06T11:17:53.925601+00:00
detection,page_hinkley,aemo,NSW1,,24fe5e1a1361,aemo_errstream_seasonal_naive_v1,delay_EVT-2023-14,0.0625,full,0,66914,0.012684416025876999,2026-09-06T11:17:53.925601+00:00
detection,adwin,aemo,NSW1,,d989fd1f82f0,aemo_errstream_xgboost_v1,n_detections,1184.0,full,0,66914,0.00645395799074322,2026-09-06T11:17:53.968371+00:00
detection,adwin,aemo,NSW1,,d989fd1f82f0,aemo_errstream_xgboost_v1,n_matched,4.0,full,0,66914,0.00645395799074322,2026-09-06T11:17:53.968371+00:00
detection,adwin,aemo,NSW1,,d989fd1f82f0,aemo_errstream_xgboost_v1,n_unmatched_events,1.0,full,0,66914,0.00645395799074322,2026-09-06T11:17:53.968371+00:00
detection,adwin,aemo,NSW1,,d989fd1f82f0,aemo_errstream_xgboost_v1,n_unmatched_detections,1180.0,full,0,66914,0.00645395799074322,2026-09-06T11:17:53.968371+00:00
detection,adwin,aemo,NSW1,,d989fd1f82f0,aemo_errstream_xgboost_v1,precision,0.0033783783783783786,full,0,66914,0.00645395799074322,2026-09-06T11:17:53.968371+00:00
detection,adwin,aemo,NSW1,,d989fd1f82f0,aemo_errstream_xgboost_v1,mean_delay_days,0.9583333333333334,full,0,66914,0.00645395799074322,2026-09-06T11:17:53.968371+00:00
detection,adwin,aemo,NSW1,,d989fd1f82f0,aemo_errstream_xgboost_v1,delay_EVT-2020-02,1.2916666666666667,full,0,66914,0.00645395799074322,2026-09-06T11:17:53.968371+00:00
detection,adwin,aemo,NSW1,,d989fd1f82f0,aemo_errstream_xgboost_v1,delay_EVT-2020-07,1.2916666666666667,full,0,66914,0.00645395799074322,2026-09-06T11:17:53.968371+00:00
detection,adwin,aemo,NSW1,,d989fd1f82f0,aemo_errstream_xgboost_v1,delay_EVT-2021-10,0.625,full,0,66914,0.00645395799074322,2026-09-06T11:17:53.968371+00:00
detection,adwin,aemo,NSW1,,d989fd1f82f0,aemo_errstream_xgboost_v1,delay_EVT-2023-14,0.625,full,0,66914,0.00645395799074322,2026-09-06T11:17:53.968371+00:00
detection,kswin,aemo,NSW1,,0edd70a60ca2,aemo_errstream_xgboost_v1,n_detections,334.0,full,0,66914,0.07372283301083371,2026-09-06T11:17:54.046262+00:00
detection,kswin,aemo,NSW1,,0edd70a60ca2,aemo_errstream_xgboost_v1,n_matched,3.0,full,0,66914,0.07372283301083371,2026-09-06T11:17:54.046262+00:00
detection,kswin,aemo,NSW1,,0edd70a60ca2,aemo_errstream_xgboost_v1,n_unmatched_events,2.0,full,0,66914,0.07372283301083371,2026-09-06T11:17:54.046262+00:00
detection,kswin,aemo,NSW1,,0edd70a60ca2,aemo_errstream_xgboost_v1,n_unmatched_detections,331.0,full,0,66914,0.07372283301083371,2026-09-06T11:17:54.046262+00:00
detection,kswin,aemo,NSW1,,0edd70a60ca2,aemo_errstream_xgboost_v1,precision,0.008982035928143712,full,0,66914,0.07372283301083371,2026-09-06T11:17:54.046262+00:00
detection,kswin,aemo,NSW1,,0edd70a60ca2,aemo_errstream_xgboost_v1,mean_delay_days,2.3958333333333335,full,0,66914,0.07372283301083371,2026-09-06T11:17:54.046262+00:00
detection,kswin,aemo,NSW1,,0edd70a60ca2,aemo_errstream_xgboost_v1,delay_EVT-2020-02,0.9583333333333334,full,0,66914,0.07372283301083371,2026-09-06T11:17:54.046262+00:00
detection,kswin,aemo,NSW1,,0edd70a60ca2,aemo_errstream_xgboost_v1,delay_EVT-2020-07,3.3958333333333335,full,0,66914,0.07372283301083371,2026-09-06T11:17:54.046262+00:00
detection,kswin,aemo,NSW1,,0edd70a60ca2,aemo_errstream_xgboost_v1,delay_EVT-2023-14,2.8333333333333335,full,0,66914,0.07372283301083371,2026-09-06T11:17:54.046262+00:00
detection,page_hinkley,aemo,NSW1,,95d7d5bbdb6e,aemo_errstream_xgboost_v1,n_detections,2118.0,full,0,66914,0.013237625011242926,2026-09-06T11:17:54.063155+00:00
detection,page_hinkley,aemo,NSW1,,95d7d5bbdb6e,aemo_errstream_xgboost_v1,n_matched,5.0,full,0,66914,0.013237625011242926,2026-09-06T11:17:54.063155+00:00
detection,page_hinkley,aemo,NSW1,,95d7d5bbdb6e,aemo_errstream_xgboost_v1,n_unmatched_events,0.0,full,0,66914,0.013237625011242926,2026-09-06T11:17:54.063155+00:00
detection,page_hinkley,aemo,NSW1,,95d7d5bbdb6e,aemo_errstream_xgboost_v1,n_unmatched_detections,2113.0,full,0,66914,0.013237625011242926,2026-09-06T11:17:54.063155+00:00
detection,page_hinkley,aemo,NSW1,,95d7d5bbdb6e,aemo_errstream_xgboost_v1,precision,0.002360717658168083,full,0,66914,0.013237625011242926,2026-09-06T11:17:54.063155+00:00
detection,page_hinkley,aemo,NSW1,,95d7d5bbdb6e,aemo_errstream_xgboost_v1,mean_delay_days,0.19166666666666668,full,0,66914,0.013237625011242926,2026-09-06T11:17:54.063155+00:00
detection,page_hinkley,aemo,NSW1,,95d7d5bbdb6e,aemo_errstream_xgboost_v1,delay_EVT-2020-02,0.08333333333333333,full,0,66914,0.013237625011242926,2026-09-06T11:17:54.063155+00:00
detection,page_hinkley,aemo,NSW1,,95d7d5bbdb6e,aemo_errstream_xgboost_v1,delay_EVT-2020-07,0.16666666666666666,full,0,66914,0.013237625011242926,2026-09-06T11:17:54.063155+00:00
detection,page_hinkley,aemo,NSW1,,95d7d5bbdb6e,aemo_errstream_xgboost_v1,delay_EVT-2021-10,0.14583333333333334,full,0,66914,0.013237625011242926,2026-09-06T11:17:54.063155+00:00
detection,page_hinkley,aemo,NSW1,,95d7d5bbdb6e,aemo_errstream_xgboost_v1,delay_EVT-2022-03,0.4791666666666667,full,0,66914,0.013237625011242926,2026-09-06T11:17:54.063155+00:00
detection,page_hinkley,aemo,NSW1,,95d7d5bbdb6e,aemo_errstream_xgboost_v1,delay_EVT-2023-14,0.08333333333333333,full,0,66914,0.013237625011242926,2026-09-06T11:17:54.063155+00:00
detection,adwin,aemo,NSW1,,bb64d4d2fa3a,aemo_errstream_dhr_arima_v1,n_detections,1203.0,full,0,66914,0.006472415989264846,2026-09-06T11:17:54.095494+00:00
detection,adwin,aemo,NSW1,,bb64d4d2fa3a,aemo_errstream_dhr_arima_v1,n_matched,3.0,full,0,66914,0.006472415989264846,2026-09-06T11:17:54.095494+00:00
detection,adwin,aemo,NSW1,,bb64d4d2fa3a,aemo_errstream_dhr_arima_v1,n_unmatched_events,2.0,full,0,66914,0.006472415989264846,2026-09-06T11:17:54.095494+00:00
detection,adwin,aemo,NSW1,,bb64d4d2fa3a,aemo_errstream_dhr_arima_v1,n_unmatched_detections,1200.0,full,0,66914,0.006472415989264846,2026-09-06T11:17:54.095494+00:00
detection,adwin,aemo,NSW1,,bb64d4d2fa3a,aemo_errstream_dhr_arima_v1,precision,0.0024937655860349127,full,0,66914,0.006472415989264846,2026-09-06T11:17:54.095494+00:00
detection,adwin,aemo,NSW1,,bb64d4d2fa3a,aemo_errstream_dhr_arima_v1,mean_delay_days,0.8472222222222223,full,0,66914,0.006472415989264846,2026-09-06T11:17:54.095494+00:00
detection,adwin,aemo,NSW1,,bb64d4d2fa3a,aemo_errstream_dhr_arima_v1,delay_EVT-2020-02,1.2916666666666667,full,0,66914,0.006472415989264846,2026-09-06T11:17:54.095494+00:00
detection,adwin,aemo,NSW1,,bb64d4d2fa3a,aemo_errstream_dhr_arima_v1,delay_EVT-2020-07,0.625,full,0,66914,0.006472415989264846,2026-09-06T11:17:54.095494+00:00
detection,adwin,aemo,NSW1,,bb64d4d2fa3a,aemo_errstream_dhr_arima_v1,delay_EVT-2023-14,0.625,full,0,66914,0.006472415989264846,2026-09-06T11:17:54.095494+00:00
detection,kswin,aemo,NSW1,,c3331703d83a,aemo_errstream_dhr_arima_v1,n_detections,334.0,full,0,66914,0.07113524997839704,2026-09-06T11:17:54.171002+00:00
detection,kswin,aemo,NSW1,,c3331703d83a,aemo_errstream_dhr_arima_v1,n_matched,4.0,full,0,66914,0.07113524997839704,2026-09-06T11:17:54.171002+00:00
detection,kswin,aemo,NSW1,,c3331703d83a,aemo_errstream_dhr_arima_v1,n_unmatched_events,1.0,full,0,66914,0.07113524997839704,2026-09-06T11:17:54.171002+00:00
detection,kswin,aemo,NSW1,,c3331703d83a,aemo_errstream_dhr_arima_v1,n_unmatched_detections,330.0,full,0,66914,0.07113524997839704,2026-09-06T11:17:54.171002+00:00
detection,kswin,aemo,NSW1,,c3331703d83a,aemo_errstream_dhr_arima_v1,precision,0.011976047904191617,full,0,66914,0.07113524997839704,2026-09-06T11:17:54.171002+00:00
detection,kswin,aemo,NSW1,,c3331703d83a,aemo_errstream_dhr_arima_v1,mean_delay_days,1.8645833333333335,full,0,66914,0.07113524997839704,2026-09-06T11:17:54.171002+00:00
detection,kswin,aemo,NSW1,,c3331703d83a,aemo_errstream_dhr_arima_v1,delay_EVT-2020-02,0.9583333333333334,full,0,66914,0.07113524997839704,2026-09-06T11:17:54.171002+00:00
detection,kswin,aemo,NSW1,,c3331703d83a,aemo_errstream_dhr_arima_v1,delay_EVT-2020-07,2.875,full,0,66914,0.07113524997839704,2026-09-06T11:17:54.171002+00:00
detection,kswin,aemo,NSW1,,c3331703d83a,aemo_errstream_dhr_arima_v1,delay_EVT-2022-03,0.9791666666666666,full,0,66914,0.07113524997839704,2026-09-06T11:17:54.171002+00:00
detection,kswin,aemo,NSW1,,c3331703d83a,aemo_errstream_dhr_arima_v1,delay_EVT-2023-14,2.6458333333333335,full,0,66914,0.07113524997839704,2026-09-06T11:17:54.171002+00:00
detection,page_hinkley,aemo,NSW1,,dd73d7078b41,aemo_errstream_dhr_arima_v1,n_detections,2135.0,full,0,66914,0.012725625012535602,2026-09-06T11:17:54.187177+00:00
detection,page_hinkley,aemo,NSW1,,dd73d7078b41,aemo_errstream_dhr_arima_v1,n_matched,5.0,full,0,66914,0.012725625012535602,2026-09-06T11:17:54.187177+00:00
detection,page_hinkley,aemo,NSW1,,dd73d7078b41,aemo_errstream_dhr_arima_v1,n_unmatched_events,0.0,full,0,66914,0.012725625012535602,2026-09-06T11:17:54.187177+00:00
detection,page_hinkley,aemo,NSW1,,dd73d7078b41,aemo_errstream_dhr_arima_v1,n_unmatched_detections,2130.0,full,0,66914,0.012725625012535602,2026-09-06T11:17:54.187177+00:00
detection,page_hinkley,aemo,NSW1,,dd73d7078b41,aemo_errstream_dhr_arima_v1,precision,0.00234192037470726,full,0,66914,0.012725625012535602,2026-09-06T11:17:54.187177+00:00
detection,page_hinkley,aemo,NSW1,,dd73d7078b41,aemo_errstream_dhr_arima_v1,mean_delay_days,0.2041666666666667,full,0,66914,0.012725625012535602,2026-09-06T11:17:54.187177+00:00
detection,page_hinkley,aemo,NSW1,,dd73d7078b41,aemo_errstream_dhr_arima_v1,delay_EVT-2020-02,0.041666666666666664,full,0,66914,0.012725625012535602,2026-09-06T11:17:54.187177+00:00
detection,page_hinkley,aemo,NSW1,,dd73d7078b41,aemo_errstream_dhr_arima_v1,delay_EVT-2020-07,0.3125,full,0,66914,0.012725625012535602,2026-09-06T11:17:54.187177+00:00
detection,page_hinkley,aemo,NSW1,,dd73d7078b41,aemo_errstream_dhr_arima_v1,delay_EVT-2021-10,0.10416666666666667,full,0,66914,0.012725625012535602,2026-09-06T11:17:54.187177+00:00
detection,page_hinkley,aemo,NSW1,,dd73d7078b41,aemo_errstream_dhr_arima_v1,delay_EVT-2022-03,0.25,full,0,66914,0.012725625012535602,2026-09-06T11:17:54.187177+00:00
detection,page_hinkley,aemo,NSW1,,dd73d7078b41,aemo_errstream_dhr_arima_v1,delay_EVT-2023-14,0.3125,full,0,66914,0.012725625012535602,2026-09-06T11:17:54.187177+00:00
baseline,nhits,aemo,SA1,1,afb8873fbc59,aemo_nhits_block7d_v1,mae,171.26843187174583,full,0,35039,16.17529020801885,2026-09-06T16:54:24.243946+00:00
baseline,nhits,aemo,SA1,1,afb8873fbc59,aemo_nhits_block7d_v1,rolling_mae_7d_mean,171.29282533599692,full,0,35039,16.17529020801885,2026-09-06T16:54:24.243946+00:00
baseline,nhits,aemo,SA1,1,afb8873fbc59,aemo_nhits_block7d_v1,rolling_mae_7d_max,579.9072717963326,full,0,35039,16.17529020801885,2026-09-06T16:54:24.243946+00:00
baseline,nhits,aemo,NSW1,1,afb8873fbc59,aemo_nhits_block7d_v1,mae,506.26755359522457,full,0,35039,27.267422750010155,2026-09-06T16:54:51.823686+00:00
baseline,nhits,aemo,NSW1,1,afb8873fbc59,aemo_nhits_block7d_v1,rolling_mae_7d_mean,505.8560904930954,full,0,35039,27.267422750010155,2026-09-06T16:54:51.823686+00:00
baseline,nhits,aemo,NSW1,1,afb8873fbc59,aemo_nhits_block7d_v1,rolling_mae_7d_max,1232.7760238792782,full,0,35039,27.267422750010155,2026-09-06T16:54:51.823686+00:00
baseline,nhits,aemo,SA1,1,afb8873fbc59,aemo_nhits_block7d_v1,mae,171.26843187174583,full,0,35039,15.910418291052338,2026-09-06T17:02:52.083382+00:00
baseline,nhits,aemo,SA1,1,afb8873fbc59,aemo_nhits_block7d_v1,rolling_mae_7d_mean,171.29282533599692,full,0,35039,15.910418291052338,2026-09-06T17:02:52.083382+00:00
baseline,nhits,aemo,SA1,1,afb8873fbc59,aemo_nhits_block7d_v1,rolling_mae_7d_max,579.9072717963326,full,0,35039,15.910418291052338,2026-09-06T17:02:52.083382+00:00
baseline,nhits,aemo,NSW1,1,afb8873fbc59,aemo_nhits_block7d_v1,mae,506.26755359522457,full,0,35039,27.089628334040754,2026-09-06T17:03:19.483923+00:00
baseline,nhits,aemo,NSW1,1,afb8873fbc59,aemo_nhits_block7d_v1,rolling_mae_7d_mean,505.8560904930954,full,0,35039,27.089628334040754,2026-09-06T17:03:19.483923+00:00
baseline,nhits,aemo,NSW1,1,afb8873fbc59,aemo_nhits_block7d_v1,rolling_mae_7d_max,1232.7760238792782,full,0,35039,27.089628334040754,2026-09-06T17:03:19.483923+00:00
baseline,nhits,aemo,SA1,1,afb8873fbc59,aemo_nhits_blind_v1,mae,7683.281744326905,full,0,35039,15.868968625029083,2026-09-06T17:11:40.350717+00:00
baseline,nhits,aemo,SA1,1,afb8873fbc59,aemo_nhits_blind_v1,rolling_mae_7d_mean,7638.354647071955,full,0,35039,15.868968625029083,2026-09-06T17:11:40.350717+00:00
baseline,nhits,aemo,SA1,1,afb8873fbc59,aemo_nhits_blind_v1,rolling_mae_7d_max,34878.169718812,full,0,35039,15.868968625029083,2026-09-06T17:11:40.350717+00:00
baseline,nhits,aemo,NSW1,1,afb8873fbc59,aemo_nhits_blind_v1,mae,3645.3301365996726,full,0,35039,26.43199004099006,2026-09-06T17:12:07.095996+00:00
baseline,nhits,aemo,NSW1,1,afb8873fbc59,aemo_nhits_blind_v1,rolling_mae_7d_mean,3650.6404975774135,full,0,35039,26.43199004099006,2026-09-06T17:12:07.095996+00:00
baseline,nhits,aemo,NSW1,1,afb8873fbc59,aemo_nhits_blind_v1,rolling_mae_7d_max,5399.513598167783,full,0,35039,26.43199004099006,2026-09-06T17:12:07.095996+00:00
detection,adwin,aemo,SA1,,8f3b283563dd,aemo_detect_daily_test_v1,n_detections,9.0,full,0,0,0.00015249999705702066,2026-09-12T07:39:03.195789+00:00
detection,adwin,aemo,SA1,,8f3b283563dd,aemo_detect_daily_test_v1,n_matched,0.0,full,0,0,0.00015249999705702066,2026-09-12T07:39:03.195789+00:00
detection,adwin,aemo,SA1,,8f3b283563dd,aemo_detect_daily_test_v1,n_unmatched_events,5.0,full,0,0,0.00015249999705702066,2026-09-12T07:39:03.195789+00:00
detection,adwin,aemo,SA1,,8f3b283563dd,aemo_detect_daily_test_v1,n_unmatched_detections,9.0,full,0,0,0.00015249999705702066,2026-09-12T07:39:03.195789+00:00
detection,adwin,aemo,SA1,,8f3b283563dd,aemo_detect_daily_test_v1,precision,0.0,full,0,0,0.00015249999705702066,2026-09-12T07:39:03.195789+00:00
detection,adwin,aemo,SA1,,8f3b283563dd,aemo_detect_daily_test_v1,mean_delay_days,,full,0,0,0.00015249999705702066,2026-09-12T07:39:03.195789+00:00
detection,kswin,aemo,SA1,,f6aa12dc19ce,aemo_detect_daily_test_v1,n_detections,6.0,full,0,0,0.0042280410416424274,2026-09-12T07:39:03.202377+00:00
detection,kswin,aemo,SA1,,f6aa12dc19ce,aemo_detect_daily_test_v1,n_matched,0.0,full,0,0,0.0042280410416424274,2026-09-12T07:39:03.202377+00:00
detection,kswin,aemo,SA1,,f6aa12dc19ce,aemo_detect_daily_test_v1,n_unmatched_events,5.0,full,0,0,0.0042280410416424274,2026-09-12T07:39:03.202377+00:00
detection,kswin,aemo,SA1,,f6aa12dc19ce,aemo_detect_daily_test_v1,n_unmatched_detections,6.0,full,0,0,0.0042280410416424274,2026-09-12T07:39:03.202377+00:00
detection,kswin,aemo,SA1,,f6aa12dc19ce,aemo_detect_daily_test_v1,precision,0.0,full,0,0,0.0042280410416424274,2026-09-12T07:39:03.202377+00:00
detection,kswin,aemo,SA1,,f6aa12dc19ce,aemo_detect_daily_test_v1,mean_delay_days,,full,0,0,0.0042280410416424274,2026-09-12T07:39:03.202377+00:00
detection,page_hinkley,aemo,SA1,,286d00044bc1,aemo_detect_daily_test_v1,n_detections,46.0,full,0,0,0.00030329200671985745,2026-09-12T07:39:03.204416+00:00
detection,page_hinkley,aemo,SA1,,286d00044bc1,aemo_detect_daily_test_v1,n_matched,3.0,full,0,0,0.00030329200671985745,2026-09-12T07:39:03.204416+00:00
detection,page_hinkley,aemo,SA1,,286d00044bc1,aemo_detect_daily_test_v1,n_unmatched_events,2.0,full,0,0,0.00030329200671985745,2026-09-12T07:39:03.204416+00:00
detection,page_hinkley,aemo,SA1,,286d00044bc1,aemo_detect_daily_test_v1,n_unmatched_detections,43.0,full,0,0,0.00030329200671985745,2026-09-12T07:39:03.204416+00:00
detection,page_hinkley,aemo,SA1,,286d00044bc1,aemo_detect_daily_test_v1,precision,0.06521739130434782,full,0,0,0.00030329200671985745,2026-09-12T07:39:03.204416+00:00
detection,page_hinkley,aemo,SA1,,286d00044bc1,aemo_detect_daily_test_v1,mean_delay_days,22.0,full,0,0,0.00030329200671985745,2026-09-12T07:39:03.204416+00:00
detection,page_hinkley,aemo,SA1,,286d00044bc1,aemo_detect_daily_test_v1,delay_EVT-2020-02,28.0,full,0,0,0.00030329200671985745,2026-09-12T07:39:03.204416+00:00
detection,page_hinkley,aemo,SA1,,286d00044bc1,aemo_detect_daily_test_v1,delay_EVT-2020-07,24.0,full,0,0,0.00030329200671985745,2026-09-12T07:39:03.204416+00:00
detection,page_hinkley,aemo,SA1,,286d00044bc1,aemo_detect_daily_test_v1,delay_EVT-2023-14,14.0,full,0,0,0.00030329200671985745,2026-09-12T07:39:03.204416+00:00
detection,adwin,aemo,NSW1,,8f3b283563dd,aemo_detect_daily_test_v1,n_detections,13.0,full,0,0,0.00014820799697190523,2026-09-12T07:39:03.437821+00:00
detection,adwin,aemo,NSW1,,8f3b283563dd,aemo_detect_daily_test_v1,n_matched,0.0,full,0,0,0.00014820799697190523,2026-09-12T07:39:03.437821+00:00
detection,adwin,aemo,NSW1,,8f3b283563dd,aemo_detect_daily_test_v1,n_unmatched_events,5.0,full,0,0,0.00014820799697190523,2026-09-12T07:39:03.437821+00:00
detection,adwin,aemo,NSW1,,8f3b283563dd,aemo_detect_daily_test_v1,n_unmatched_detections,13.0,full,0,0,0.00014820799697190523,2026-09-12T07:39:03.437821+00:00
detection,adwin,aemo,NSW1,,8f3b283563dd,aemo_detect_daily_test_v1,precision,0.0,full,0,0,0.00014820799697190523,2026-09-12T07:39:03.437821+00:00
detection,adwin,aemo,NSW1,,8f3b283563dd,aemo_detect_daily_test_v1,mean_delay_days,,full,0,0,0.00014820799697190523,2026-09-12T07:39:03.437821+00:00
detection,kswin,aemo,NSW1,,f6aa12dc19ce,aemo_detect_daily_test_v1,n_detections,6.0,full,0,0,0.010698708996642381,2026-09-12T07:39:03.450306+00:00
detection,kswin,aemo,NSW1,,f6aa12dc19ce,aemo_detect_daily_test_v1,n_matched,0.0,full,0,0,0.010698708996642381,2026-09-12T07:39:03.450306+00:00
detection,kswin,aemo,NSW1,,f6aa12dc19ce,aemo_detect_daily_test_v1,n_unmatched_events,5.0,full,0,0,0.010698708996642381,2026-09-12T07:39:03.450306+00:00
detection,kswin,aemo,NSW1,,f6aa12dc19ce,aemo_detect_daily_test_v1,n_unmatched_detections,6.0,full,0,0,0.010698708996642381,2026-09-12T07:39:03.450306+00:00
detection,kswin,aemo,NSW1,,f6aa12dc19ce,aemo_detect_daily_test_v1,precision,0.0,full,0,0,0.010698708996642381,2026-09-12T07:39:03.450306+00:00
detection,kswin,aemo,NSW1,,f6aa12dc19ce,aemo_detect_daily_test_v1,mean_delay_days,,full,0,0,0.010698708996642381,2026-09-12T07:39:03.450306+00:00
detection,page_hinkley,aemo,NSW1,,286d00044bc1,aemo_detect_daily_test_v1,n_detections,46.0,full,0,0,0.0002728330437093973,2026-09-12T07:39:03.452261+00:00
detection,page_hinkley,aemo,NSW1,,286d00044bc1,aemo_detect_daily_test_v1,n_matched,3.0,full,0,0,0.0002728330437093973,2026-09-12T07:39:03.452261+00:00
detection,page_hinkley,aemo,NSW1,,286d00044bc1,aemo_detect_daily_test_v1,n_unmatched_events,2.0,full,0,0,0.0002728330437093973,2026-09-12T07:39:03.452261+00:00
detection,page_hinkley,aemo,NSW1,,286d00044bc1,aemo_detect_daily_test_v1,n_unmatched_detections,43.0,full,0,0,0.0002728330437093973,2026-09-12T07:39:03.452261+00:00
detection,page_hinkley,aemo,NSW1,,286d00044bc1,aemo_detect_daily_test_v1,precision,0.06521739130434782,full,0,0,0.0002728330437093973,2026-09-12T07:39:03.452261+00:00
detection,page_hinkley,aemo,NSW1,,286d00044bc1,aemo_detect_daily_test_v1,mean_delay_days,22.0,full,0,0,0.0002728330437093973,2026-09-12T07:39:03.452261+00:00
detection,page_hinkley,aemo,NSW1,,286d00044bc1,aemo_detect_daily_test_v1,delay_EVT-2020-02,28.0,full,0,0,0.0002728330437093973,2026-09-12T07:39:03.452261+00:00
detection,page_hinkley,aemo,NSW1,,286d00044bc1,aemo_detect_daily_test_v1,delay_EVT-2020-07,24.0,full,0,0,0.0002728330437093973,2026-09-12T07:39:03.452261+00:00
detection,page_hinkley,aemo,NSW1,,286d00044bc1,aemo_detect_daily_test_v1,delay_EVT-2023-14,14.0,full,0,0,0.0002728330437093973,2026-09-12T07:39:03.452261+00:00
detection,adwin,aemo,SA1,,95c797891c76,aemo_detect_daily_test_v1,n_detections,9.0,full,0,0,0.00015279202489182353,2026-09-12T07:52:52.889388+00:00
detection,adwin,aemo,SA1,,95c797891c76,aemo_detect_daily_test_v1,n_matched,0.0,full,0,0,0.00015279202489182353,2026-09-12T07:52:52.889388+00:00
detection,adwin,aemo,SA1,,95c797891c76,aemo_detect_daily_test_v1,n_unmatched_events,5.0,full,0,0,0.00015279202489182353,2026-09-12T07:52:52.889388+00:00
detection,adwin,aemo,SA1,,95c797891c76,aemo_detect_daily_test_v1,n_unmatched_detections,9.0,full,0,0,0.00015279202489182353,2026-09-12T07:52:52.889388+00:00
detection,adwin,aemo,SA1,,95c797891c76,aemo_detect_daily_test_v1,precision,0.0,full,0,0,0.00015279202489182353,2026-09-12T07:52:52.889388+00:00
detection,adwin,aemo,SA1,,95c797891c76,aemo_detect_daily_test_v1,mean_delay_days,,full,0,0,0.00015279202489182353,2026-09-12T07:52:52.889388+00:00
detection,kswin,aemo,SA1,,9a77d61d37d6,aemo_detect_daily_test_v1,n_detections,6.0,full,0,0,0.004256791027728468,2026-09-12T07:52:52.896105+00:00
detection,kswin,aemo,SA1,,9a77d61d37d6,aemo_detect_daily_test_v1,n_matched,0.0,full,0,0,0.004256791027728468,2026-09-12T07:52:52.896105+00:00
detection,kswin,aemo,SA1,,9a77d61d37d6,aemo_detect_daily_test_v1,n_unmatched_events,5.0,full,0,0,0.004256791027728468,2026-09-12T07:52:52.896105+00:00
detection,kswin,aemo,SA1,,9a77d61d37d6,aemo_detect_daily_test_v1,n_unmatched_detections,6.0,full,0,0,0.004256791027728468,2026-09-12T07:52:52.896105+00:00
detection,kswin,aemo,SA1,,9a77d61d37d6,aemo_detect_daily_test_v1,precision,0.0,full,0,0,0.004256791027728468,2026-09-12T07:52:52.896105+00:00
detection,kswin,aemo,SA1,,9a77d61d37d6,aemo_detect_daily_test_v1,mean_delay_days,,full,0,0,0.004256791027728468,2026-09-12T07:52:52.896105+00:00
detection,page_hinkley,aemo,SA1,,574eb21c36ff,aemo_detect_daily_test_v1,n_detections,46.0,full,0,0,0.00031391700031235814,2026-09-12T07:52:52.898161+00:00
detection,page_hinkley,aemo,SA1,,574eb21c36ff,aemo_detect_daily_test_v1,n_matched,4.0,full,0,0,0.00031391700031235814,2026-09-12T07:52:52.898161+00:00
detection,page_hinkley,aemo,SA1,,574eb21c36ff,aemo_detect_daily_test_v1,n_unmatched_events,1.0,full,0,0,0.00031391700031235814,2026-09-12T07:52:52.898161+00:00
detection,page_hinkley,aemo,SA1,,574eb21c36ff,aemo_detect_daily_test_v1,n_unmatched_detections,42.0,full,0,0,0.00031391700031235814,2026-09-12T07:52:52.898161+00:00
detection,page_hinkley,aemo,SA1,,574eb21c36ff,aemo_detect_daily_test_v1,precision,0.08695652173913043,full,0,0,0.00031391700031235814,2026-09-12T07:52:52.898161+00:00
detection,page_hinkley,aemo,SA1,,574eb21c36ff,aemo_detect_daily_test_v1,mean_delay_days,17.25,full,0,0,0.00031391700031235814,2026-09-12T07:52:52.898161+00:00
detection,page_hinkley,aemo,SA1,,574eb21c36ff,aemo_detect_daily_test_v1,delay_EVT-2020-02,28.0,full,0,0,0.00031391700031235814,2026-09-12T07:52:52.898161+00:00
detection,page_hinkley,aemo,SA1,,574eb21c36ff,aemo_detect_daily_test_v1,delay_EVT-2020-07,24.0,full,0,0,0.00031391700031235814,2026-09-12T07:52:52.898161+00:00
detection,page_hinkley,aemo,SA1,,574eb21c36ff,aemo_detect_daily_test_v1,delay_EVT-2022-03,3.0,full,0,0,0.00031391700031235814,2026-09-12T07:52:52.898161+00:00
detection,page_hinkley,aemo,SA1,,574eb21c36ff,aemo_detect_daily_test_v1,delay_EVT-2023-14,14.0,full,0,0,0.00031391700031235814,2026-09-12T07:52:52.898161+00:00
detection,adwin,aemo,NSW1,,95c797891c76,aemo_detect_daily_test_v1,n_detections,13.0,full,0,0,0.00014837499475106597,2026-09-12T07:52:53.131071+00:00
detection,adwin,aemo,NSW1,,95c797891c76,aemo_detect_daily_test_v1,n_matched,0.0,full,0,0,0.00014837499475106597,2026-09-12T07:52:53.131071+00:00
detection,adwin,aemo,NSW1,,95c797891c76,aemo_detect_daily_test_v1,n_unmatched_events,5.0,full,0,0,0.00014837499475106597,2026-09-12T07:52:53.131071+00:00
detection,adwin,aemo,NSW1,,95c797891c76,aemo_detect_daily_test_v1,n_unmatched_detections,13.0,full,0,0,0.00014837499475106597,2026-09-12T07:52:53.131071+00:00
detection,adwin,aemo,NSW1,,95c797891c76,aemo_detect_daily_test_v1,precision,0.0,full,0,0,0.00014837499475106597,2026-09-12T07:52:53.131071+00:00
detection,adwin,aemo,NSW1,,95c797891c76,aemo_detect_daily_test_v1,mean_delay_days,,full,0,0,0.00014837499475106597,2026-09-12T07:52:53.131071+00:00
detection,kswin,aemo,NSW1,,9a77d61d37d6,aemo_detect_daily_test_v1,n_detections,6.0,full,0,0,0.010894207982346416,2026-09-12T07:52:53.143703+00:00
detection,kswin,aemo,NSW1,,9a77d61d37d6,aemo_detect_daily_test_v1,n_matched,0.0,full,0,0,0.010894207982346416,2026-09-12T07:52:53.143703+00:00
detection,kswin,aemo,NSW1,,9a77d61d37d6,aemo_detect_daily_test_v1,n_unmatched_events,5.0,full,0,0,0.010894207982346416,2026-09-12T07:52:53.143703+00:00
detection,kswin,aemo,NSW1,,9a77d61d37d6,aemo_detect_daily_test_v1,n_unmatched_detections,6.0,full,0,0,0.010894207982346416,2026-09-12T07:52:53.143703+00:00
detection,kswin,aemo,NSW1,,9a77d61d37d6,aemo_detect_daily_test_v1,precision,0.0,full,0,0,0.010894207982346416,2026-09-12T07:52:53.143703+00:00
detection,kswin,aemo,NSW1,,9a77d61d37d6,aemo_detect_daily_test_v1,mean_delay_days,,full,0,0,0.010894207982346416,2026-09-12T07:52:53.143703+00:00
detection,page_hinkley,aemo,NSW1,,574eb21c36ff,aemo_detect_daily_test_v1,n_detections,46.0,full,0,0,0.0002916249795816839,2026-09-12T07:52:53.145727+00:00
detection,page_hinkley,aemo,NSW1,,574eb21c36ff,aemo_detect_daily_test_v1,n_matched,4.0,full,0,0,0.0002916249795816839,2026-09-12T07:52:53.145727+00:00
detection,page_hinkley,aemo,NSW1,,574eb21c36ff,aemo_detect_daily_test_v1,n_unmatched_events,1.0,full,0,0,0.0002916249795816839,2026-09-12T07:52:53.145727+00:00
detection,page_hinkley,aemo,NSW1,,574eb21c36ff,aemo_detect_daily_test_v1,n_unmatched_detections,42.0,full,0,0,0.0002916249795816839,2026-09-12T07:52:53.145727+00:00
detection,page_hinkley,aemo,NSW1,,574eb21c36ff,aemo_detect_daily_test_v1,precision,0.08695652173913043,full,0,0,0.0002916249795816839,2026-09-12T07:52:53.145727+00:00
detection,page_hinkley,aemo,NSW1,,574eb21c36ff,aemo_detect_daily_test_v1,mean_delay_days,17.25,full,0,0,0.0002916249795816839,2026-09-12T07:52:53.145727+00:00
detection,page_hinkley,aemo,NSW1,,574eb21c36ff,aemo_detect_daily_test_v1,delay_EVT-2020-02,28.0,full,0,0,0.0002916249795816839,2026-09-12T07:52:53.145727+00:00
detection,page_hinkley,aemo,NSW1,,574eb21c36ff,aemo_detect_daily_test_v1,delay_EVT-2020-07,24.0,full,0,0,0.0002916249795816839,2026-09-12T07:52:53.145727+00:00
detection,page_hinkley,aemo,NSW1,,574eb21c36ff,aemo_detect_daily_test_v1,delay_EVT-2022-03,3.0,full,0,0,0.0002916249795816839,2026-09-12T07:52:53.145727+00:00
detection,page_hinkley,aemo,NSW1,,574eb21c36ff,aemo_detect_daily_test_v1,delay_EVT-2023-14,14.0,full,0,0,0.0002916249795816839,2026-09-12T07:52:53.145727+00:00
detection,adwin,aemo,SA1,,9bfb2eb1dba2,aemo_detector_input_v1,n_detections,554.0,full,0,0,0.023292800004128367,2026-09-13T05:04:52.404733+00:00
detection,adwin,aemo,SA1,,9bfb2eb1dba2,aemo_detector_input_v1,n_matched,3.0,full,0,0,0.023292800004128367,2026-09-13T05:04:52.404733+00:00
detection,adwin,aemo,SA1,,9bfb2eb1dba2,aemo_detector_input_v1,n_unmatched_events,2.0,full,0,0,0.023292800004128367,2026-09-13T05:04:52.404733+00:00
detection,adwin,aemo,SA1,,9bfb2eb1dba2,aemo_detector_input_v1,n_unmatched_detections,551.0,full,0,0,0.023292800004128367,2026-09-13T05:04:52.404733+00:00
detection,adwin,aemo,SA1,,9bfb2eb1dba2,aemo_detector_input_v1,precision,0.005415162454873646,full,0,0,0.023292800004128367,2026-09-13T05:04:52.404733+00:00
detection,adwin,aemo,SA1,,9bfb2eb1dba2,aemo_detector_input_v1,mean_delay_days,0.9791666666666666,full,0,0,0.023292800004128367,2026-09-13T05:04:52.404733+00:00
detection,adwin,aemo,SA1,,9bfb2eb1dba2,aemo_detector_input_v1,delay_EVT-2020-02,0.9791666666666666,full,0,0,0.023292800004128367,2026-09-13T05:04:52.404733+00:00
detection,adwin,aemo,SA1,,9bfb2eb1dba2,aemo_detector_input_v1,delay_EVT-2020-07,0.3125,full,0,0,0.023292800004128367,2026-09-13T05:04:52.404733+00:00
detection,adwin,aemo,SA1,,9bfb2eb1dba2,aemo_detector_input_v1,delay_EVT-2023-14,1.6458333333333333,full,0,0,0.023292800004128367,2026-09-13T05:04:52.404733+00:00
detection,kswin,aemo,SA1,,41593872470c,aemo_detector_input_v1,n_detections,192.0,full,0,0,2.510415299999295,2026-09-13T05:04:54.928138+00:00
detection,kswin,aemo,SA1,,41593872470c,aemo_detector_input_v1,n_matched,3.0,full,0,0,2.510415299999295,2026-09-13T05:04:54.928138+00:00
detection,kswin,aemo,SA1,,41593872470c,aemo_detector_input_v1,n_unmatched_events,2.0,full,0,0,2.510415299999295,2026-09-13T05:04:54.928138+00:00
detection,kswin,aemo,SA1,,41593872470c,aemo_detector_input_v1,n_unmatched_detections,189.0,full,0,0,2.510415299999295,2026-09-13T05:04:54.928138+00:00
detection,kswin,aemo,SA1,,41593872470c,aemo_detector_input_v1,precision,0.015625,full,0,0,2.510415299999295,2026-09-13T05:04:54.928138+00:00
detection,kswin,aemo,SA1,,41593872470c,aemo_detector_input_v1,mean_delay_days,2.736111111111111,full,0,0,2.510415299999295,2026-09-13T05:04:54.928138+00:00
detection,kswin,aemo,SA1,,41593872470c,aemo_detector_input_v1,delay_EVT-2020-02,3.0625,full,0,0,2.510415299999295,2026-09-13T05:04:54.928138+00:00
detection,kswin,aemo,SA1,,41593872470c,aemo_detector_input_v1,delay_EVT-2020-07,3.8125,full,0,0,2.510415299999295,2026-09-13T05:04:54.928138+00:00
detection,kswin,aemo,SA1,,41593872470c,aemo_detector_input_v1,delay_EVT-2023-14,1.3333333333333333,full,0,0,2.510415299999295,2026-09-13T05:04:54.928138+00:00
detection,page_hinkley,aemo,SA1,,5fad6836eb26,aemo_detector_input_v1,n_detections,2241.0,full,0,0,0.03894570001284592,2026-09-13T05:04:54.976983+00:00
detection,page_hinkley,aemo,SA1,,5fad6836eb26,aemo_detector_input_v1,n_matched,5.0,full,0,0,0.03894570001284592,2026-09-13T05:04:54.976983+00:00
detection,page_hinkley,aemo,SA1,,5fad6836eb26,aemo_detector_input_v1,n_unmatched_events,0.0,full,0,0,0.03894570001284592,2026-09-13T05:04:54.976983+00:00
detection,page_hinkley,aemo,SA1,,5fad6836eb26,aemo_detector_input_v1,n_unmatched_detections,2236.0,full,0,0,0.03894570001284592,2026-09-13T05:04:54.976983+00:00
detection,page_hinkley,aemo,SA1,,5fad6836eb26,aemo_detector_input_v1,precision,0.0022311468094600626,full,0,0,0.03894570001284592,2026-09-13T05:04:54.976983+00:00
detection,page_hinkley,aemo,SA1,,5fad6836eb26,aemo_detector_input_v1,mean_delay_days,0.4041666666666667,full,0,0,0.03894570001284592,2026-09-13T05:04:54.976983+00:00
detection,page_hinkley,aemo,SA1,,5fad6836eb26,aemo_detector_input_v1,delay_EVT-2020-02,0.22916666666666666,full,0,0,0.03894570001284592,2026-09-13T05:04:54.976983+00:00
detection,page_hinkley,aemo,SA1,,5fad6836eb26,aemo_detector_input_v1,delay_EVT-2020-07,0.6041666666666666,full,0,0,0.03894570001284592,2026-09-13T05:04:54.976983+00:00
detection,page_hinkley,aemo,SA1,,5fad6836eb26,aemo_detector_input_v1,delay_EVT-2021-10,0.3541666666666667,full,0,0,0.03894570001284592,2026-09-13T05:04:54.976983+00:00
detection,page_hinkley,aemo,SA1,,5fad6836eb26,aemo_detector_input_v1,delay_EVT-2022-03,0.22916666666666666,full,0,0,0.03894570001284592,2026-09-13T05:04:54.976983+00:00
detection,page_hinkley,aemo,SA1,,5fad6836eb26,aemo_detector_input_v1,delay_EVT-2023-14,0.6041666666666666,full,0,0,0.03894570001284592,2026-09-13T05:04:54.976983+00:00
detection,adwin,aemo,SA1,,b0579f741c61,aemo_detector_input_v1,n_detections,9.0,full,0,0,0.0004932000010740012,2026-09-13T05:04:55.814356+00:00
detection,adwin,aemo,SA1,,b0579f741c61,aemo_detector_input_v1,n_matched,0.0,full,0,0,0.0004932000010740012,2026-09-13T05:04:55.814356+00:00
detection,adwin,aemo,SA1,,b0579f741c61,aemo_detector_input_v1,n_unmatched_events,5.0,full,0,0,0.0004932000010740012,2026-09-13T05:04:55.814356+00:00
detection,adwin,aemo,SA1,,b0579f741c61,aemo_detector_input_v1,n_unmatched_detections,9.0,full,0,0,0.0004932000010740012,2026-09-13T05:04:55.814356+00:00
detection,adwin,aemo,SA1,,b0579f741c61,aemo_detector_input_v1,precision,0.0,full,0,0,0.0004932000010740012,2026-09-13T05:04:55.814356+00:00
detection,adwin,aemo,SA1,,b0579f741c61,aemo_detector_input_v1,mean_delay_days,,full,0,0,0.0004932000010740012,2026-09-13T05:04:55.814356+00:00
detection,kswin,aemo,SA1,,69455a175ace,aemo_detector_input_v1,n_detections,4.0,full,0,0,0.002875599981052801,2026-09-13T05:04:55.829866+00:00
detection,kswin,aemo,SA1,,69455a175ace,aemo_detector_input_v1,n_matched,1.0,full,0,0,0.002875599981052801,2026-09-13T05:04:55.829866+00:00
detection,kswin,aemo,SA1,,69455a175ace,aemo_detector_input_v1,n_unmatched_events,4.0,full,0,0,0.002875599981052801,2026-09-13T05:04:55.829866+00:00
detection,kswin,aemo,SA1,,69455a175ace,aemo_detector_input_v1,n_unmatched_detections,3.0,full,0,0,0.002875599981052801,2026-09-13T05:04:55.829866+00:00
detection,kswin,aemo,SA1,,69455a175ace,aemo_detector_input_v1,precision,0.25,full,0,0,0.002875599981052801,2026-09-13T05:04:55.829866+00:00
detection,kswin,aemo,SA1,,69455a175ace,aemo_detector_input_v1,mean_delay_days,25.0,full,0,0,0.002875599981052801,2026-09-13T05:04:55.829866+00:00
detection,kswin,aemo,SA1,,69455a175ace,aemo_detector_input_v1,delay_EVT-2020-07,25.0,full,0,0,0.002875599981052801,2026-09-13T05:04:55.829866+00:00
detection,page_hinkley,aemo,SA1,,9f36c03a6665,aemo_detector_input_v1,n_detections,46.0,full,0,0,0.0009552999981679022,2026-09-13T05:04:55.845084+00:00
detection,page_hinkley,aemo,SA1,,9f36c03a6665,aemo_detector_input_v1,n_matched,3.0,full,0,0,0.0009552999981679022,2026-09-13T05:04:55.845084+00:00
detection,page_hinkley,aemo,SA1,,9f36c03a6665,aemo_detector_input_v1,n_unmatched_events,2.0,full,0,0,0.0009552999981679022,2026-09-13T05:04:55.845084+00:00
detection,page_hinkley,aemo,SA1,,9f36c03a6665,aemo_detector_input_v1,n_unmatched_detections,43.0,full,0,0,0.0009552999981679022,2026-09-13T05:04:55.845084+00:00
detection,page_hinkley,aemo,SA1,,9f36c03a6665,aemo_detector_input_v1,precision,0.06521739130434782,full,0,0,0.0009552999981679022,2026-09-13T05:04:55.845084+00:00
detection,page_hinkley,aemo,SA1,,9f36c03a6665,aemo_detector_input_v1,mean_delay_days,22.333333333333332,full,0,0,0.0009552999981679022,2026-09-13T05:04:55.845084+00:00
detection,page_hinkley,aemo,SA1,,9f36c03a6665,aemo_detector_input_v1,delay_EVT-2020-02,28.0,full,0,0,0.0009552999981679022,2026-09-13T05:04:55.845084+00:00
detection,page_hinkley,aemo,SA1,,9f36c03a6665,aemo_detector_input_v1,delay_EVT-2020-07,24.0,full,0,0,0.0009552999981679022,2026-09-13T05:04:55.845084+00:00
detection,page_hinkley,aemo,SA1,,9f36c03a6665,aemo_detector_input_v1,delay_EVT-2023-14,15.0,full,0,0,0.0009552999981679022,2026-09-13T05:04:55.845084+00:00
detection,adwin,aemo,SA1,,83227f8acd8b,aemo_detector_input_v1,n_detections,754.0,full,0,0,0.02035900001646951,2026-09-13T05:04:56.283160+00:00
detection,adwin,aemo,SA1,,83227f8acd8b,aemo_detector_input_v1,n_matched,3.0,full,0,0,0.02035900001646951,2026-09-13T05:04:56.283160+00:00
detection,adwin,aemo,SA1,,83227f8acd8b,aemo_detector_input_v1,n_unmatched_events,2.0,full,0,0,0.02035900001646951,2026-09-13T05:04:56.283160+00:00
detection,adwin,aemo,SA1,,83227f8acd8b,aemo_detector_input_v1,n_unmatched_detections,751.0,full,0,0,0.02035900001646951,2026-09-13T05:04:56.283160+00:00
detection,adwin,aemo,SA1,,83227f8acd8b,aemo_detector_input_v1,precision,0.003978779840848806,full,0,0,0.02035900001646951,2026-09-13T05:04:56.283160+00:00
detection,adwin,aemo,SA1,,83227f8acd8b,aemo_detector_input_v1,mean_delay_days,0.9791666666666666,full,0,0,0.02035900001646951,2026-09-13T05:04:56.283160+00:00
detection,adwin,aemo,SA1,,83227f8acd8b,aemo_detector_input_v1,delay_EVT-2020-02,0.9791666666666666,full,0,0,0.02035900001646951,2026-09-13T05:04:56.283160+00:00
detection,adwin,aemo,SA1,,83227f8acd8b,aemo_detector_input_v1,delay_EVT-2020-07,0.9791666666666666,full,0,0,0.02035900001646951,2026-09-13T05:04:56.283160+00:00
detection,adwin,aemo,SA1,,83227f8acd8b,aemo_detector_input_v1,delay_EVT-2023-14,0.9791666666666666,full,0,0,0.02035900001646951,2026-09-13T05:04:56.283160+00:00
detection,kswin,aemo,SA1,,2687569dda66,aemo_detector_input_v1,n_detections,207.0,full,0,0,1.283082599984482,2026-09-13T05:04:57.581220+00:00
detection,kswin,aemo,SA1,,2687569dda66,aemo_detector_input_v1,n_matched,3.0,full,0,0,1.283082599984482,2026-09-13T05:04:57.581220+00:00
detection,kswin,aemo,SA1,,2687569dda66,aemo_detector_input_v1,n_unmatched_events,2.0,full,0,0,1.283082599984482,2026-09-13T05:04:57.581220+00:00
detection,kswin,aemo,SA1,,2687569dda66,aemo_detector_input_v1,n_unmatched_detections,204.0,full,0,0,1.283082599984482,2026-09-13T05:04:57.581220+00:00
detection,kswin,aemo,SA1,,2687569dda66,aemo_detector_input_v1,precision,0.014492753623188406,full,0,0,1.283082599984482,2026-09-13T05:04:57.581220+00:00
detection,kswin,aemo,SA1,,2687569dda66,aemo_detector_input_v1,mean_delay_days,1.8819444444444444,full,0,0,1.283082599984482,2026-09-13T05:04:57.581220+00:00
detection,kswin,aemo,SA1,,2687569dda66,aemo_detector_input_v1,delay_EVT-2020-02,0.5833333333333334,full,0,0,1.283082599984482,2026-09-13T05:04:57.581220+00:00
detection,kswin,aemo,SA1,,2687569dda66,aemo_detector_input_v1,delay_EVT-2020-07,3.875,full,0,0,1.283082599984482,2026-09-13T05:04:57.581220+00:00
detection,kswin,aemo,SA1,,2687569dda66,aemo_detector_input_v1,delay_EVT-2023-14,1.1875,full,0,0,1.283082599984482,2026-09-13T05:04:57.581220+00:00
detection,page_hinkley,aemo,SA1,,505baac95381,aemo_detector_input_v1,n_detections,2239.0,full,0,0,0.04034590002265759,2026-09-13T05:04:57.636464+00:00
detection,page_hinkley,aemo,SA1,,505baac95381,aemo_detector_input_v1,n_matched,5.0,full,0,0,0.04034590002265759,2026-09-13T05:04:57.636464+00:00
detection,page_hinkley,aemo,SA1,,505baac95381,aemo_detector_input_v1,n_unmatched_events,0.0,full,0,0,0.04034590002265759,2026-09-13T05:04:57.636464+00:00
detection,page_hinkley,aemo,SA1,,505baac95381,aemo_detector_input_v1,n_unmatched_detections,2234.0,full,0,0,0.04034590002265759,2026-09-13T05:04:57.636464+00:00
detection,page_hinkley,aemo,SA1,,505baac95381,aemo_detector_input_v1,precision,0.0022331397945511387,full,0,0,0.04034590002265759,2026-09-13T05:04:57.636464+00:00
detection,page_hinkley,aemo,SA1,,505baac95381,aemo_detector_input_v1,mean_delay_days,0.3416666666666667,full,0,0,0.04034590002265759,2026-09-13T05:04:57.636464+00:00
detection,page_hinkley,aemo,SA1,,505baac95381,aemo_detector_input_v1,delay_EVT-2020-02,0.22916666666666666,full,0,0,0.04034590002265759,2026-09-13T05:04:57.636464+00:00
detection,page_hinkley,aemo,SA1,,505baac95381,aemo_detector_input_v1,delay_EVT-2020-07,0.3541666666666667,full,0,0,0.04034590002265759,2026-09-13T05:04:57.636464+00:00
detection,page_hinkley,aemo,SA1,,505baac95381,aemo_detector_input_v1,delay_EVT-2021-10,0.4791666666666667,full,0,0,0.04034590002265759,2026-09-13T05:04:57.636464+00:00
detection,page_hinkley,aemo,SA1,,505baac95381,aemo_detector_input_v1,delay_EVT-2022-03,0.4791666666666667,full,0,0,0.04034590002265759,2026-09-13T05:04:57.636464+00:00
detection,page_hinkley,aemo,SA1,,505baac95381,aemo_detector_input_v1,delay_EVT-2023-14,0.16666666666666666,full,0,0,0.04034590002265759,2026-09-13T05:04:57.636464+00:00
detection,adwin,aemo,NSW1,,9bfb2eb1dba2,aemo_detector_input_v1,n_detections,556.0,full,0,0,0.021518399997148663,2026-09-13T05:04:59.282116+00:00
detection,adwin,aemo,NSW1,,9bfb2eb1dba2,aemo_detector_input_v1,n_matched,3.0,full,0,0,0.021518399997148663,2026-09-13T05:04:59.282116+00:00
detection,adwin,aemo,NSW1,,9bfb2eb1dba2,aemo_detector_input_v1,n_unmatched_events,2.0,full,0,0,0.021518399997148663,2026-09-13T05:04:59.282116+00:00
detection,adwin,aemo,NSW1,,9bfb2eb1dba2,aemo_detector_input_v1,n_unmatched_detections,553.0,full,0,0,0.021518399997148663,2026-09-13T05:04:59.282116+00:00
detection,adwin,aemo,NSW1,,9bfb2eb1dba2,aemo_detector_input_v1,precision,0.00539568345323741,full,0,0,0.021518399997148663,2026-09-13T05:04:59.282116+00:00
detection,adwin,aemo,NSW1,,9bfb2eb1dba2,aemo_detector_input_v1,mean_delay_days,2.0902777777777777,full,0,0,0.021518399997148663,2026-09-13T05:04:59.282116+00:00
detection,adwin,aemo,NSW1,,9bfb2eb1dba2,aemo_detector_input_v1,delay_EVT-2020-02,3.6458333333333335,full,0,0,0.021518399997148663,2026-09-13T05:04:59.282116+00:00
detection,adwin,aemo,NSW1,,9bfb2eb1dba2,aemo_detector_input_v1,delay_EVT-2020-07,0.9791666666666666,full,0,0,0.021518399997148663,2026-09-13T05:04:59.282116+00:00
detection,adwin,aemo,NSW1,,9bfb2eb1dba2,aemo_detector_input_v1,delay_EVT-2023-14,1.6458333333333333,full,0,0,0.021518399997148663,2026-09-13T05:04:59.282116+00:00
detection,kswin,aemo,NSW1,,41593872470c,aemo_detector_input_v1,n_detections,200.0,full,0,0,1.916299100004835,2026-09-13T05:05:01.205937+00:00
detection,kswin,aemo,NSW1,,41593872470c,aemo_detector_input_v1,n_matched,3.0,full,0,0,1.916299100004835,2026-09-13T05:05:01.205937+00:00
detection,kswin,aemo,NSW1,,41593872470c,aemo_detector_input_v1,n_unmatched_events,2.0,full,0,0,1.916299100004835,2026-09-13T05:05:01.205937+00:00
detection,kswin,aemo,NSW1,,41593872470c,aemo_detector_input_v1,n_unmatched_detections,197.0,full,0,0,1.916299100004835,2026-09-13T05:05:01.205937+00:00
detection,kswin,aemo,NSW1,,41593872470c,aemo_detector_input_v1,precision,0.015,full,0,0,1.916299100004835,2026-09-13T05:05:01.205937+00:00
detection,kswin,aemo,NSW1,,41593872470c,aemo_detector_input_v1,mean_delay_days,2.243055555555556,full,0,0,1.916299100004835,2026-09-13T05:05:01.205937+00:00
detection,kswin,aemo,NSW1,,41593872470c,aemo_detector_input_v1,delay_EVT-2020-02,3.0625,full,0,0,1.916299100004835,2026-09-13T05:05:01.205937+00:00
detection,kswin,aemo,NSW1,,41593872470c,aemo_detector_input_v1,delay_EVT-2020-07,1.8125,full,0,0,1.916299100004835,2026-09-13T05:05:01.205937+00:00
detection,kswin,aemo,NSW1,,41593872470c,aemo_detector_input_v1,delay_EVT-2023-14,1.8541666666666667,full,0,0,1.916299100004835,2026-09-13T05:05:01.205937+00:00
detection,page_hinkley,aemo,NSW1,,5fad6836eb26,aemo_detector_input_v1,n_detections,2241.0,full,0,0,0.04068800000823103,2026-09-13T05:05:01.254847+00:00
detection,page_hinkley,aemo,NSW1,,5fad6836eb26,aemo_detector_input_v1,n_matched,5.0,full,0,0,0.04068800000823103,2026-09-13T05:05:01.254847+00:00
detection,page_hinkley,aemo,NSW1,,5fad6836eb26,aemo_detector_input_v1,n_unmatched_events,0.0,full,0,0,0.04068800000823103,2026-09-13T05:05:01.254847+00:00
detection,page_hinkley,aemo,NSW1,,5fad6836eb26,aemo_detector_input_v1,n_unmatched_detections,2236.0,full,0,0,0.04068800000823103,2026-09-13T05:05:01.254847+00:00
detection,page_hinkley,aemo,NSW1,,5fad6836eb26,aemo_detector_input_v1,precision,0.0022311468094600626,full,0,0,0.04068800000823103,2026-09-13T05:05:01.254847+00:00
detection,page_hinkley,aemo,NSW1,,5fad6836eb26,aemo_detector_input_v1,mean_delay_days,0.4041666666666667,full,0,0,0.04068800000823103,2026-09-13T05:05:01.254847+00:00
detection,page_hinkley,aemo,NSW1,,5fad6836eb26,aemo_detector_input_v1,delay_EVT-2020-02,0.22916666666666666,full,0,0,0.04068800000823103,2026-09-13T05:05:01.254847+00:00
detection,page_hinkley,aemo,NSW1,,5fad6836eb26,aemo_detector_input_v1,delay_EVT-2020-07,0.6041666666666666,full,0,0,0.04068800000823103,2026-09-13T05:05:01.254847+00:00
detection,page_hinkley,aemo,NSW1,,5fad6836eb26,aemo_detector_input_v1,delay_EVT-2021-10,0.3541666666666667,full,0,0,0.04068800000823103,2026-09-13T05:05:01.254847+00:00
detection,page_hinkley,aemo,NSW1,,5fad6836eb26,aemo_detector_input_v1,delay_EVT-2022-03,0.22916666666666666,full,0,0,0.04068800000823103,2026-09-13T05:05:01.254847+00:00
detection,page_hinkley,aemo,NSW1,,5fad6836eb26,aemo_detector_input_v1,delay_EVT-2023-14,0.6041666666666666,full,0,0,0.04068800000823103,2026-09-13T05:05:01.254847+00:00
detection,adwin,aemo,NSW1,,b0579f741c61,aemo_detector_input_v1,n_detections,12.0,full,0,0,0.0005110999918542802,2026-09-13T05:05:01.949214+00:00
detection,adwin,aemo,NSW1,,b0579f741c61,aemo_detector_input_v1,n_matched,0.0,full,0,0,0.0005110999918542802,2026-09-13T05:05:01.949214+00:00
detection,adwin,aemo,NSW1,,b0579f741c61,aemo_detector_input_v1,n_unmatched_events,5.0,full,0,0,0.0005110999918542802,2026-09-13T05:05:01.949214+00:00
detection,adwin,aemo,NSW1,,b0579f741c61,aemo_detector_input_v1,n_unmatched_detections,12.0,full,0,0,0.0005110999918542802,2026-09-13T05:05:01.949214+00:00
detection,adwin,aemo,NSW1,,b0579f741c61,aemo_detector_input_v1,precision,0.0,full,0,0,0.0005110999918542802,2026-09-13T05:05:01.949214+00:00
detection,adwin,aemo,NSW1,,b0579f741c61,aemo_detector_input_v1,mean_delay_days,,full,0,0,0.0005110999918542802,2026-09-13T05:05:01.949214+00:00
detection,kswin,aemo,NSW1,,69455a175ace,aemo_detector_input_v1,n_detections,4.0,full,0,0,0.009121699986280873,2026-09-13T05:05:01.968381+00:00
detection,kswin,aemo,NSW1,,69455a175ace,aemo_detector_input_v1,n_matched,0.0,full,0,0,0.009121699986280873,2026-09-13T05:05:01.968381+00:00
detection,kswin,aemo,NSW1,,69455a175ace,aemo_detector_input_v1,n_unmatched_events,5.0,full,0,0,0.009121699986280873,2026-09-13T05:05:01.968381+00:00
detection,kswin,aemo,NSW1,,69455a175ace,aemo_detector_input_v1,n_unmatched_detections,4.0,full,0,0,0.009121699986280873,2026-09-13T05:05:01.968381+00:00
detection,kswin,aemo,NSW1,,69455a175ace,aemo_detector_input_v1,precision,0.0,full,0,0,0.009121699986280873,2026-09-13T05:05:01.968381+00:00
detection,kswin,aemo,NSW1,,69455a175ace,aemo_detector_input_v1,mean_delay_days,,full,0,0,0.009121699986280873,2026-09-13T05:05:01.968381+00:00
detection,page_hinkley,aemo,NSW1,,9f36c03a6665,aemo_detector_input_v1,n_detections,46.0,full,0,0,0.0010551000013947487,2026-09-13T05:05:01.978981+00:00
detection,page_hinkley,aemo,NSW1,,9f36c03a6665,aemo_detector_input_v1,n_matched,3.0,full,0,0,0.0010551000013947487,2026-09-13T05:05:01.978981+00:00
detection,page_hinkley,aemo,NSW1,,9f36c03a6665,aemo_detector_input_v1,n_unmatched_events,2.0,full,0,0,0.0010551000013947487,2026-09-13T05:05:01.978981+00:00
detection,page_hinkley,aemo,NSW1,,9f36c03a6665,aemo_detector_input_v1,n_unmatched_detections,43.0,full,0,0,0.0010551000013947487,2026-09-13T05:05:01.978981+00:00
detection,page_hinkley,aemo,NSW1,,9f36c03a6665,aemo_detector_input_v1,precision,0.06521739130434782,full,0,0,0.0010551000013947487,2026-09-13T05:05:01.978981+00:00
detection,page_hinkley,aemo,NSW1,,9f36c03a6665,aemo_detector_input_v1,mean_delay_days,22.0,full,0,0,0.0010551000013947487,2026-09-13T05:05:01.978981+00:00
detection,page_hinkley,aemo,NSW1,,9f36c03a6665,aemo_detector_input_v1,delay_EVT-2020-02,28.0,full,0,0,0.0010551000013947487,2026-09-13T05:05:01.978981+00:00
detection,page_hinkley,aemo,NSW1,,9f36c03a6665,aemo_detector_input_v1,delay_EVT-2020-07,24.0,full,0,0,0.0010551000013947487,2026-09-13T05:05:01.978981+00:00
detection,page_hinkley,aemo,NSW1,,9f36c03a6665,aemo_detector_input_v1,delay_EVT-2023-14,14.0,full,0,0,0.0010551000013947487,2026-09-13T05:05:01.978981+00:00
detection,adwin,aemo,NSW1,,83227f8acd8b,aemo_detector_input_v1,n_detections,778.0,full,0,0,0.021719399985158816,2026-09-13T05:05:02.379197+00:00
detection,adwin,aemo,NSW1,,83227f8acd8b,aemo_detector_input_v1,n_matched,4.0,full,0,0,0.021719399985158816,2026-09-13T05:05:02.379197+00:00
detection,adwin,aemo,NSW1,,83227f8acd8b,aemo_detector_input_v1,n_unmatched_events,1.0,full,0,0,0.021719399985158816,2026-09-13T05:05:02.379197+00:00
detection,adwin,aemo,NSW1,,83227f8acd8b,aemo_detector_input_v1,n_unmatched_detections,774.0,full,0,0,0.021719399985158816,2026-09-13T05:05:02.379197+00:00
detection,adwin,aemo,NSW1,,83227f8acd8b,aemo_detector_input_v1,precision,0.005141388174807198,full,0,0,0.021719399985158816,2026-09-13T05:05:02.379197+00:00
detection,adwin,aemo,NSW1,,83227f8acd8b,aemo_detector_input_v1,mean_delay_days,1.0625,full,0,0,0.021719399985158816,2026-09-13T05:05:02.379197+00:00
detection,adwin,aemo,NSW1,,83227f8acd8b,aemo_detector_input_v1,delay_EVT-2020-02,1.6458333333333333,full,0,0,0.021719399985158816,2026-09-13T05:05:02.379197+00:00
detection,adwin,aemo,NSW1,,83227f8acd8b,aemo_detector_input_v1,delay_EVT-2020-07,0.9791666666666666,full,0,0,0.021719399985158816,2026-09-13T05:05:02.379197+00:00
detection,adwin,aemo,NSW1,,83227f8acd8b,aemo_detector_input_v1,delay_EVT-2022-03,0.6458333333333334,full,0,0,0.021719399985158816,2026-09-13T05:05:02.379197+00:00
detection,adwin,aemo,NSW1,,83227f8acd8b,aemo_detector_input_v1,delay_EVT-2023-14,0.9791666666666666,full,0,0,0.021719399985158816,2026-09-13T05:05:02.379197+00:00
detection,kswin,aemo,NSW1,,2687569dda66,aemo_detector_input_v1,n_detections,203.0,full,0,0,1.614626299997326,2026-09-13T05:05:04.011395+00:00
detection,kswin,aemo,NSW1,,2687569dda66,aemo_detector_input_v1,n_matched,4.0,full,0,0,1.614626299997326,2026-09-13T05:05:04.011395+00:00
detection,kswin,aemo,NSW1,,2687569dda66,aemo_detector_input_v1,n_unmatched_events,1.0,full,0,0,1.614626299997326,2026-09-13T05:05:04.011395+00:00
detection,kswin,aemo,NSW1,,2687569dda66,aemo_detector_input_v1,n_unmatched_detections,199.0,full,0,0,1.614626299997326,2026-09-13T05:05:04.011395+00:00
detection,kswin,aemo,NSW1,,2687569dda66,aemo_detector_input_v1,precision,0.019704433497536946,full,0,0,1.614626299997326,2026-09-13T05:05:04.011395+00:00
detection,kswin,aemo,NSW1,,2687569dda66,aemo_detector_input_v1,mean_delay_days,3.6666666666666665,full,0,0,1.614626299997326,2026-09-13T05:05:04.011395+00:00
detection,kswin,aemo,NSW1,,2687569dda66,aemo_detector_input_v1,delay_EVT-2020-02,1.0208333333333333,full,0,0,1.614626299997326,2026-09-13T05:05:04.011395+00:00
detection,kswin,aemo,NSW1,,2687569dda66,aemo_detector_input_v1,delay_EVT-2020-07,5.625,full,0,0,1.614626299997326,2026-09-13T05:05:04.011395+00:00
detection,kswin,aemo,NSW1,,2687569dda66,aemo_detector_input_v1,delay_EVT-2021-10,0.25,full,0,0,1.614626299997326,2026-09-13T05:05:04.011395+00:00
detection,kswin,aemo,NSW1,,2687569dda66,aemo_detector_input_v1,delay_EVT-2023-14,7.770833333333333,full,0,0,1.614626299997326,2026-09-13T05:05:04.011395+00:00
detection,page_hinkley,aemo,NSW1,,505baac95381,aemo_detector_input_v1,n_detections,2241.0,full,0,0,0.03819140000268817,2026-09-13T05:05:04.060663+00:00
detection,page_hinkley,aemo,NSW1,,505baac95381,aemo_detector_input_v1,n_matched,5.0,full,0,0,0.03819140000268817,2026-09-13T05:05:04.060663+00:00
detection,page_hinkley,aemo,NSW1,,505baac95381,aemo_detector_input_v1,n_unmatched_events,0.0,full,0,0,0.03819140000268817,2026-09-13T05:05:04.060663+00:00
detection,page_hinkley,aemo,NSW1,,505baac95381,aemo_detector_input_v1,n_unmatched_detections,2236.0,full,0,0,0.03819140000268817,2026-09-13T05:05:04.060663+00:00
detection,page_hinkley,aemo,NSW1,,505baac95381,aemo_detector_input_v1,precision,0.0022311468094600626,full,0,0,0.03819140000268817,2026-09-13T05:05:04.060663+00:00
detection,page_hinkley,aemo,NSW1,,505baac95381,aemo_detector_input_v1,mean_delay_days,0.4041666666666667,full,0,0,0.03819140000268817,2026-09-13T05:05:04.060663+00:00
detection,page_hinkley,aemo,NSW1,,505baac95381,aemo_detector_input_v1,delay_EVT-2020-02,0.22916666666666666,full,0,0,0.03819140000268817,2026-09-13T05:05:04.060663+00:00
detection,page_hinkley,aemo,NSW1,,505baac95381,aemo_detector_input_v1,delay_EVT-2020-07,0.6041666666666666,full,0,0,0.03819140000268817,2026-09-13T05:05:04.060663+00:00
detection,page_hinkley,aemo,NSW1,,505baac95381,aemo_detector_input_v1,delay_EVT-2021-10,0.3541666666666667,full,0,0,0.03819140000268817,2026-09-13T05:05:04.060663+00:00
detection,page_hinkley,aemo,NSW1,,505baac95381,aemo_detector_input_v1,delay_EVT-2022-03,0.22916666666666666,full,0,0,0.03819140000268817,2026-09-13T05:05:04.060663+00:00
detection,page_hinkley,aemo,NSW1,,505baac95381,aemo_detector_input_v1,delay_EVT-2023-14,0.6041666666666666,full,0,0,0.03819140000268817,2026-09-13T05:05:04.060663+00:00
detection,adwin,aemo,SA1,,95c797891c76,aemo_detect_daily_test_v1,n_detections,9.0,full,0,0,0.0001525420229882002,2026-09-13T12:18:13.894914+00:00
detection,adwin,aemo,SA1,,95c797891c76,aemo_detect_daily_test_v1,n_matched,0.0,full,0,0,0.0001525420229882002,2026-09-13T12:18:13.894914+00:00
detection,adwin,aemo,SA1,,95c797891c76,aemo_detect_daily_test_v1,n_unmatched_events,5.0,full,0,0,0.0001525420229882002,2026-09-13T12:18:13.894914+00:00
detection,adwin,aemo,SA1,,95c797891c76,aemo_detect_daily_test_v1,n_unmatched_detections,9.0,full,0,0,0.0001525420229882002,2026-09-13T12:18:13.894914+00:00
detection,adwin,aemo,SA1,,95c797891c76,aemo_detect_daily_test_v1,precision,0.0,full,0,0,0.0001525420229882002,2026-09-13T12:18:13.894914+00:00
detection,adwin,aemo,SA1,,95c797891c76,aemo_detect_daily_test_v1,mean_delay_days,,full,0,0,0.0001525420229882002,2026-09-13T12:18:13.894914+00:00
detection,kswin,aemo,SA1,,79d713d40960,aemo_detect_daily_test_v1,n_detections,12.0,full,0,0,0.020504667016211897,2026-09-13T12:18:13.917975+00:00
detection,kswin,aemo,SA1,,79d713d40960,aemo_detect_daily_test_v1,n_matched,1.0,full,0,0,0.020504667016211897,2026-09-13T12:18:13.917975+00:00
detection,kswin,aemo,SA1,,79d713d40960,aemo_detect_daily_test_v1,n_unmatched_events,4.0,full,0,0,0.020504667016211897,2026-09-13T12:18:13.917975+00:00
detection,kswin,aemo,SA1,,79d713d40960,aemo_detect_daily_test_v1,n_unmatched_detections,11.0,full,0,0,0.020504667016211897,2026-09-13T12:18:13.917975+00:00
detection,kswin,aemo,SA1,,79d713d40960,aemo_detect_daily_test_v1,precision,0.08333333333333333,full,0,0,0.020504667016211897,2026-09-13T12:18:13.917975+00:00
detection,kswin,aemo,SA1,,79d713d40960,aemo_detect_daily_test_v1,mean_delay_days,31.0,full,0,0,0.020504667016211897,2026-09-13T12:18:13.917975+00:00
detection,kswin,aemo,SA1,,79d713d40960,aemo_detect_daily_test_v1,delay_EVT-2020-07,31.0,full,0,0,0.020504667016211897,2026-09-13T12:18:13.917975+00:00
detection,page_hinkley,aemo,SA1,,574eb21c36ff,aemo_detect_daily_test_v1,n_detections,46.0,full,0,0,0.00028558296617120504,2026-09-13T12:18:13.920013+00:00
detection,page_hinkley,aemo,SA1,,574eb21c36ff,aemo_detect_daily_test_v1,n_matched,4.0,full,0,0,0.00028558296617120504,2026-09-13T12:18:13.920013+00:00
detection,page_hinkley,aemo,SA1,,574eb21c36ff,aemo_detect_daily_test_v1,n_unmatched_events,1.0,full,0,0,0.00028558296617120504,2026-09-13T12:18:13.920013+00:00
detection,page_hinkley,aemo,SA1,,574eb21c36ff,aemo_detect_daily_test_v1,n_unmatched_detections,42.0,full,0,0,0.00028558296617120504,2026-09-13T12:18:13.920013+00:00
detection,page_hinkley,aemo,SA1,,574eb21c36ff,aemo_detect_daily_test_v1,precision,0.08695652173913043,full,0,0,0.00028558296617120504,2026-09-13T12:18:13.920013+00:00
detection,page_hinkley,aemo,SA1,,574eb21c36ff,aemo_detect_daily_test_v1,mean_delay_days,17.25,full,0,0,0.00028558296617120504,2026-09-13T12:18:13.920013+00:00
detection,page_hinkley,aemo,SA1,,574eb21c36ff,aemo_detect_daily_test_v1,delay_EVT-2020-02,28.0,full,0,0,0.00028558296617120504,2026-09-13T12:18:13.920013+00:00
detection,page_hinkley,aemo,SA1,,574eb21c36ff,aemo_detect_daily_test_v1,delay_EVT-2020-07,24.0,full,0,0,0.00028558296617120504,2026-09-13T12:18:13.920013+00:00
detection,page_hinkley,aemo,SA1,,574eb21c36ff,aemo_detect_daily_test_v1,delay_EVT-2022-03,3.0,full,0,0,0.00028558296617120504,2026-09-13T12:18:13.920013+00:00
detection,page_hinkley,aemo,SA1,,574eb21c36ff,aemo_detect_daily_test_v1,delay_EVT-2023-14,14.0,full,0,0,0.00028558296617120504,2026-09-13T12:18:13.920013+00:00
detection,adwin,aemo,NSW1,,95c797891c76,aemo_detect_daily_test_v1,n_detections,13.0,full,0,0,0.00014941702829673886,2026-09-13T12:18:14.148099+00:00
detection,adwin,aemo,NSW1,,95c797891c76,aemo_detect_daily_test_v1,n_matched,0.0,full,0,0,0.00014941702829673886,2026-09-13T12:18:14.148099+00:00
detection,adwin,aemo,NSW1,,95c797891c76,aemo_detect_daily_test_v1,n_unmatched_events,5.0,full,0,0,0.00014941702829673886,2026-09-13T12:18:14.148099+00:00
detection,adwin,aemo,NSW1,,95c797891c76,aemo_detect_daily_test_v1,n_unmatched_detections,13.0,full,0,0,0.00014941702829673886,2026-09-13T12:18:14.148099+00:00
detection,adwin,aemo,NSW1,,95c797891c76,aemo_detect_daily_test_v1,precision,0.0,full,0,0,0.00014941702829673886,2026-09-13T12:18:14.148099+00:00
detection,adwin,aemo,NSW1,,95c797891c76,aemo_detect_daily_test_v1,mean_delay_days,,full,0,0,0.00014941702829673886,2026-09-13T12:18:14.148099+00:00
detection,kswin,aemo,NSW1,,79d713d40960,aemo_detect_daily_test_v1,n_detections,13.0,full,0,0,0.014542250020895153,2026-09-13T12:18:14.166783+00:00
detection,kswin,aemo,NSW1,,79d713d40960,aemo_detect_daily_test_v1,n_matched,0.0,full,0,0,0.014542250020895153,2026-09-13T12:18:14.166783+00:00
detection,kswin,aemo,NSW1,,79d713d40960,aemo_detect_daily_test_v1,n_unmatched_events,5.0,full,0,0,0.014542250020895153,2026-09-13T12:18:14.166783+00:00
detection,kswin,aemo,NSW1,,79d713d40960,aemo_detect_daily_test_v1,n_unmatched_detections,13.0,full,0,0,0.014542250020895153,2026-09-13T12:18:14.166783+00:00
detection,kswin,aemo,NSW1,,79d713d40960,aemo_detect_daily_test_v1,precision,0.0,full,0,0,0.014542250020895153,2026-09-13T12:18:14.166783+00:00
detection,kswin,aemo,NSW1,,79d713d40960,aemo_detect_daily_test_v1,mean_delay_days,,full,0,0,0.014542250020895153,2026-09-13T12:18:14.166783+00:00
detection,page_hinkley,aemo,NSW1,,574eb21c36ff,aemo_detect_daily_test_v1,n_detections,46.0,full,0,0,0.000286333030089736,2026-09-13T12:18:14.168775+00:00
detection,page_hinkley,aemo,NSW1,,574eb21c36ff,aemo_detect_daily_test_v1,n_matched,4.0,full,0,0,0.000286333030089736,2026-09-13T12:18:14.168775+00:00
detection,page_hinkley,aemo,NSW1,,574eb21c36ff,aemo_detect_daily_test_v1,n_unmatched_events,1.0,full,0,0,0.000286333030089736,2026-09-13T12:18:14.168775+00:00
detection,page_hinkley,aemo,NSW1,,574eb21c36ff,aemo_detect_daily_test_v1,n_unmatched_detections,42.0,full,0,0,0.000286333030089736,2026-09-13T12:18:14.168775+00:00
detection,page_hinkley,aemo,NSW1,,574eb21c36ff,aemo_detect_daily_test_v1,precision,0.08695652173913043,full,0,0,0.000286333030089736,2026-09-13T12:18:14.168775+00:00
detection,page_hinkley,aemo,NSW1,,574eb21c36ff,aemo_detect_daily_test_v1,mean_delay_days,17.25,full,0,0,0.000286333030089736,2026-09-13T12:18:14.168775+00:00
detection,page_hinkley,aemo,NSW1,,574eb21c36ff,aemo_detect_daily_test_v1,delay_EVT-2020-02,28.0,full,0,0,0.000286333030089736,2026-09-13T12:18:14.168775+00:00
detection,page_hinkley,aemo,NSW1,,574eb21c36ff,aemo_detect_daily_test_v1,delay_EVT-2020-07,24.0,full,0,0,0.000286333030089736,2026-09-13T12:18:14.168775+00:00
detection,page_hinkley,aemo,NSW1,,574eb21c36ff,aemo_detect_daily_test_v1,delay_EVT-2022-03,3.0,full,0,0,0.000286333030089736,2026-09-13T12:18:14.168775+00:00
detection,page_hinkley,aemo,NSW1,,574eb21c36ff,aemo_detect_daily_test_v1,delay_EVT-2023-14,14.0,full,0,0,0.000286333030089736,2026-09-13T12:18:14.168775+00:00
detection,adwin,aemo,SA1,,95c797891c76,aemo_detect_daily_test_v1,n_detections,9.0,full,0,0,0.00016529200365766883,2026-09-13T14:24:14.067686+00:00
detection,adwin,aemo,SA1,,95c797891c76,aemo_detect_daily_test_v1,n_matched,0.0,full,0,0,0.00016529200365766883,2026-09-13T14:24:14.067686+00:00
detection,adwin,aemo,SA1,,95c797891c76,aemo_detect_daily_test_v1,n_unmatched_events,5.0,full,0,0,0.00016529200365766883,2026-09-13T14:24:14.067686+00:00
detection,adwin,aemo,SA1,,95c797891c76,aemo_detect_daily_test_v1,n_unmatched_detections,9.0,full,0,0,0.00016529200365766883,2026-09-13T14:24:14.067686+00:00
detection,adwin,aemo,SA1,,95c797891c76,aemo_detect_daily_test_v1,precision,0.0,full,0,0,0.00016529200365766883,2026-09-13T14:24:14.067686+00:00
detection,adwin,aemo,SA1,,95c797891c76,aemo_detect_daily_test_v1,mean_delay_days,,full,0,0,0.00016529200365766883,2026-09-13T14:24:14.067686+00:00
detection,kswin,aemo,SA1,,79d713d40960,aemo_detect_daily_test_v1,n_detections,12.0,full,0,0,0.02066620800178498,2026-09-13T14:24:14.092279+00:00
detection,kswin,aemo,SA1,,79d713d40960,aemo_detect_daily_test_v1,n_matched,1.0,full,0,0,0.02066620800178498,2026-09-13T14:24:14.092279+00:00
detection,kswin,aemo,SA1,,79d713d40960,aemo_detect_daily_test_v1,n_unmatched_events,4.0,full,0,0,0.02066620800178498,2026-09-13T14:24:14.092279+00:00
detection,kswin,aemo,SA1,,79d713d40960,aemo_detect_daily_test_v1,n_unmatched_detections,11.0,full,0,0,0.02066620800178498,2026-09-13T14:24:14.092279+00:00
detection,kswin,aemo,SA1,,79d713d40960,aemo_detect_daily_test_v1,precision,0.08333333333333333,full,0,0,0.02066620800178498,2026-09-13T14:24:14.092279+00:00
detection,kswin,aemo,SA1,,79d713d40960,aemo_detect_daily_test_v1,mean_delay_days,31.0,full,0,0,0.02066620800178498,2026-09-13T14:24:14.092279+00:00
detection,kswin,aemo,SA1,,79d713d40960,aemo_detect_daily_test_v1,delay_EVT-2020-07,31.0,full,0,0,0.02066620800178498,2026-09-13T14:24:14.092279+00:00
detection,page_hinkley,aemo,SA1,,574eb21c36ff,aemo_detect_daily_test_v1,n_detections,46.0,full,0,0,0.0002874589990824461,2026-09-13T14:24:14.096013+00:00
detection,page_hinkley,aemo,SA1,,574eb21c36ff,aemo_detect_daily_test_v1,n_matched,4.0,full,0,0,0.0002874589990824461,2026-09-13T14:24:14.096013+00:00
detection,page_hinkley,aemo,SA1,,574eb21c36ff,aemo_detect_daily_test_v1,n_unmatched_events,1.0,full,0,0,0.0002874589990824461,2026-09-13T14:24:14.096013+00:00
detection,page_hinkley,aemo,SA1,,574eb21c36ff,aemo_detect_daily_test_v1,n_unmatched_detections,42.0,full,0,0,0.0002874589990824461,2026-09-13T14:24:14.096013+00:00
detection,page_hinkley,aemo,SA1,,574eb21c36ff,aemo_detect_daily_test_v1,precision,0.08695652173913043,full,0,0,0.0002874589990824461,2026-09-13T14:24:14.096013+00:00
detection,page_hinkley,aemo,SA1,,574eb21c36ff,aemo_detect_daily_test_v1,mean_delay_days,17.25,full,0,0,0.0002874589990824461,2026-09-13T14:24:14.096013+00:00
detection,page_hinkley,aemo,SA1,,574eb21c36ff,aemo_detect_daily_test_v1,delay_EVT-2020-02,28.0,full,0,0,0.0002874589990824461,2026-09-13T14:24:14.096013+00:00
detection,page_hinkley,aemo,SA1,,574eb21c36ff,aemo_detect_daily_test_v1,delay_EVT-2020-07,24.0,full,0,0,0.0002874589990824461,2026-09-13T14:24:14.096013+00:00
detection,page_hinkley,aemo,SA1,,574eb21c36ff,aemo_detect_daily_test_v1,delay_EVT-2022-03,3.0,full,0,0,0.0002874589990824461,2026-09-13T14:24:14.096013+00:00
detection,page_hinkley,aemo,SA1,,574eb21c36ff,aemo_detect_daily_test_v1,delay_EVT-2023-14,14.0,full,0,0,0.0002874589990824461,2026-09-13T14:24:14.096013+00:00
detection,adwin,aemo,NSW1,,95c797891c76,aemo_detect_daily_test_v1,n_detections,13.0,full,0,0,0.00014820898650214076,2026-09-13T14:24:14.324292+00:00
detection,adwin,aemo,NSW1,,95c797891c76,aemo_detect_daily_test_v1,n_matched,0.0,full,0,0,0.00014820898650214076,2026-09-13T14:24:14.324292+00:00
detection,adwin,aemo,NSW1,,95c797891c76,aemo_detect_daily_test_v1,n_unmatched_events,5.0,full,0,0,0.00014820898650214076,2026-09-13T14:24:14.324292+00:00
detection,adwin,aemo,NSW1,,95c797891c76,aemo_detect_daily_test_v1,n_unmatched_detections,13.0,full,0,0,0.00014820898650214076,2026-09-13T14:24:14.324292+00:00
detection,adwin,aemo,NSW1,,95c797891c76,aemo_detect_daily_test_v1,precision,0.0,full,0,0,0.00014820898650214076,2026-09-13T14:24:14.324292+00:00
detection,adwin,aemo,NSW1,,95c797891c76,aemo_detect_daily_test_v1,mean_delay_days,,full,0,0,0.00014820898650214076,2026-09-13T14:24:14.324292+00:00
detection,kswin,aemo,NSW1,,79d713d40960,aemo_detect_daily_test_v1,n_detections,13.0,full,0,0,0.01456720900023356,2026-09-13T14:24:14.344248+00:00
detection,kswin,aemo,NSW1,,79d713d40960,aemo_detect_daily_test_v1,n_matched,0.0,full,0,0,0.01456720900023356,2026-09-13T14:24:14.344248+00:00
detection,kswin,aemo,NSW1,,79d713d40960,aemo_detect_daily_test_v1,n_unmatched_events,5.0,full,0,0,0.01456720900023356,2026-09-13T14:24:14.344248+00:00
detection,kswin,aemo,NSW1,,79d713d40960,aemo_detect_daily_test_v1,n_unmatched_detections,13.0,full,0,0,0.01456720900023356,2026-09-13T14:24:14.344248+00:00
detection,kswin,aemo,NSW1,,79d713d40960,aemo_detect_daily_test_v1,precision,0.0,full,0,0,0.01456720900023356,2026-09-13T14:24:14.344248+00:00
detection,kswin,aemo,NSW1,,79d713d40960,aemo_detect_daily_test_v1,mean_delay_days,,full,0,0,0.01456720900023356,2026-09-13T14:24:14.344248+00:00
detection,page_hinkley,aemo,NSW1,,574eb21c36ff,aemo_detect_daily_test_v1,n_detections,46.0,full,0,0,0.0002720830379985273,2026-09-13T14:24:14.347631+00:00
detection,page_hinkley,aemo,NSW1,,574eb21c36ff,aemo_detect_daily_test_v1,n_matched,4.0,full,0,0,0.0002720830379985273,2026-09-13T14:24:14.347631+00:00
detection,page_hinkley,aemo,NSW1,,574eb21c36ff,aemo_detect_daily_test_v1,n_unmatched_events,1.0,full,0,0,0.0002720830379985273,2026-09-13T14:24:14.347631+00:00
detection,page_hinkley,aemo,NSW1,,574eb21c36ff,aemo_detect_daily_test_v1,n_unmatched_detections,42.0,full,0,0,0.0002720830379985273,2026-09-13T14:24:14.347631+00:00
detection,page_hinkley,aemo,NSW1,,574eb21c36ff,aemo_detect_daily_test_v1,precision,0.08695652173913043,full,0,0,0.0002720830379985273,2026-09-13T14:24:14.347631+00:00
detection,page_hinkley,aemo,NSW1,,574eb21c36ff,aemo_detect_daily_test_v1,mean_delay_days,17.25,full,0,0,0.0002720830379985273,2026-09-13T14:24:14.347631+00:00
detection,page_hinkley,aemo,NSW1,,574eb21c36ff,aemo_detect_daily_test_v1,delay_EVT-2020-02,28.0,full,0,0,0.0002720830379985273,2026-09-13T14:24:14.347631+00:00
detection,page_hinkley,aemo,NSW1,,574eb21c36ff,aemo_detect_daily_test_v1,delay_EVT-2020-07,24.0,full,0,0,0.0002720830379985273,2026-09-13T14:24:14.347631+00:00
detection,page_hinkley,aemo,NSW1,,574eb21c36ff,aemo_detect_daily_test_v1,delay_EVT-2022-03,3.0,full,0,0,0.0002720830379985273,2026-09-13T14:24:14.347631+00:00
detection,page_hinkley,aemo,NSW1,,574eb21c36ff,aemo_detect_daily_test_v1,delay_EVT-2023-14,14.0,full,0,0,0.0002720830379985273,2026-09-13T14:24:14.347631+00:00
detection,adwin,aemo,SA1,,95c797891c76,aemo_detect_daily_test_v1,n_detections,9.0,full,0,0,0.00016433402197435498,2026-09-13T15:52:24.411159+00:00
detection,adwin,aemo,SA1,,95c797891c76,aemo_detect_daily_test_v1,n_matched,0.0,full,0,0,0.00016433402197435498,2026-09-13T15:52:24.411159+00:00
detection,adwin,aemo,SA1,,95c797891c76,aemo_detect_daily_test_v1,n_unmatched_events,5.0,full,0,0,0.00016433402197435498,2026-09-13T15:52:24.411159+00:00
detection,adwin,aemo,SA1,,95c797891c76,aemo_detect_daily_test_v1,n_unmatched_detections,9.0,full,0,0,0.00016433402197435498,2026-09-13T15:52:24.411159+00:00
detection,adwin,aemo,SA1,,95c797891c76,aemo_detect_daily_test_v1,precision,0.0,full,0,0,0.00016433402197435498,2026-09-13T15:52:24.411159+00:00
detection,adwin,aemo,SA1,,95c797891c76,aemo_detect_daily_test_v1,mean_delay_days,,full,0,0,0.00016433402197435498,2026-09-13T15:52:24.411159+00:00
detection,kswin,aemo,SA1,,79d713d40960,aemo_detect_daily_test_v1,n_detections,12.0,full,0,0,0.021688583015929908,2026-09-13T15:52:24.436637+00:00
detection,kswin,aemo,SA1,,79d713d40960,aemo_detect_daily_test_v1,n_matched,1.0,full,0,0,0.021688583015929908,2026-09-13T15:52:24.436637+00:00
detection,kswin,aemo,SA1,,79d713d40960,aemo_detect_daily_test_v1,n_unmatched_events,4.0,full,0,0,0.021688583015929908,2026-09-13T15:52:24.436637+00:00
detection,kswin,aemo,SA1,,79d713d40960,aemo_detect_daily_test_v1,n_unmatched_detections,11.0,full,0,0,0.021688583015929908,2026-09-13T15:52:24.436637+00:00
detection,kswin,aemo,SA1,,79d713d40960,aemo_detect_daily_test_v1,precision,0.08333333333333333,full,0,0,0.021688583015929908,2026-09-13T15:52:24.436637+00:00
detection,kswin,aemo,SA1,,79d713d40960,aemo_detect_daily_test_v1,mean_delay_days,31.0,full,0,0,0.021688583015929908,2026-09-13T15:52:24.436637+00:00
detection,kswin,aemo,SA1,,79d713d40960,aemo_detect_daily_test_v1,delay_EVT-2020-07,31.0,full,0,0,0.021688583015929908,2026-09-13T15:52:24.436637+00:00
detection,page_hinkley,aemo,SA1,,574eb21c36ff,aemo_detect_daily_test_v1,n_detections,46.0,full,0,0,0.00030445802258327603,2026-09-13T15:52:24.440137+00:00
detection,page_hinkley,aemo,SA1,,574eb21c36ff,aemo_detect_daily_test_v1,n_matched,4.0,full,0,0,0.00030445802258327603,2026-09-13T15:52:24.440137+00:00
detection,page_hinkley,aemo,SA1,,574eb21c36ff,aemo_detect_daily_test_v1,n_unmatched_events,1.0,full,0,0,0.00030445802258327603,2026-09-13T15:52:24.440137+00:00
detection,page_hinkley,aemo,SA1,,574eb21c36ff,aemo_detect_daily_test_v1,n_unmatched_detections,42.0,full,0,0,0.00030445802258327603,2026-09-13T15:52:24.440137+00:00
detection,page_hinkley,aemo,SA1,,574eb21c36ff,aemo_detect_daily_test_v1,precision,0.08695652173913043,full,0,0,0.00030445802258327603,2026-09-13T15:52:24.440137+00:00
detection,page_hinkley,aemo,SA1,,574eb21c36ff,aemo_detect_daily_test_v1,mean_delay_days,17.25,full,0,0,0.00030445802258327603,2026-09-13T15:52:24.440137+00:00
detection,page_hinkley,aemo,SA1,,574eb21c36ff,aemo_detect_daily_test_v1,delay_EVT-2020-02,28.0,full,0,0,0.00030445802258327603,2026-09-13T15:52:24.440137+00:00
detection,page_hinkley,aemo,SA1,,574eb21c36ff,aemo_detect_daily_test_v1,delay_EVT-2020-07,24.0,full,0,0,0.00030445802258327603,2026-09-13T15:52:24.440137+00:00
detection,page_hinkley,aemo,SA1,,574eb21c36ff,aemo_detect_daily_test_v1,delay_EVT-2022-03,3.0,full,0,0,0.00030445802258327603,2026-09-13T15:52:24.440137+00:00
detection,page_hinkley,aemo,SA1,,574eb21c36ff,aemo_detect_daily_test_v1,delay_EVT-2023-14,14.0,full,0,0,0.00030445802258327603,2026-09-13T15:52:24.440137+00:00
detection,adwin,aemo,NSW1,,95c797891c76,aemo_detect_daily_test_v1,n_detections,13.0,full,0,0,0.00015904201427474618,2026-09-13T15:52:24.689202+00:00
detection,adwin,aemo,NSW1,,95c797891c76,aemo_detect_daily_test_v1,n_matched,0.0,full,0,0,0.00015904201427474618,2026-09-13T15:52:24.689202+00:00
detection,adwin,aemo,NSW1,,95c797891c76,aemo_detect_daily_test_v1,n_unmatched_events,5.0,full,0,0,0.00015904201427474618,2026-09-13T15:52:24.689202+00:00
detection,adwin,aemo,NSW1,,95c797891c76,aemo_detect_daily_test_v1,n_unmatched_detections,13.0,full,0,0,0.00015904201427474618,2026-09-13T15:52:24.689202+00:00
detection,adwin,aemo,NSW1,,95c797891c76,aemo_detect_daily_test_v1,precision,0.0,full,0,0,0.00015904201427474618,2026-09-13T15:52:24.689202+00:00
detection,adwin,aemo,NSW1,,95c797891c76,aemo_detect_daily_test_v1,mean_delay_days,,full,0,0,0.00015904201427474618,2026-09-13T15:52:24.689202+00:00
detection,kswin,aemo,NSW1,,79d713d40960,aemo_detect_daily_test_v1,n_detections,13.0,full,0,0,0.01630862499587238,2026-09-13T15:52:24.708759+00:00
detection,kswin,aemo,NSW1,,79d713d40960,aemo_detect_daily_test_v1,n_matched,0.0,full,0,0,0.01630862499587238,2026-09-13T15:52:24.708759+00:00
detection,kswin,aemo,NSW1,,79d713d40960,aemo_detect_daily_test_v1,n_unmatched_events,5.0,full,0,0,0.01630862499587238,2026-09-13T15:52:24.708759+00:00
detection,kswin,aemo,NSW1,,79d713d40960,aemo_detect_daily_test_v1,n_unmatched_detections,13.0,full,0,0,0.01630862499587238,2026-09-13T15:52:24.708759+00:00
detection,kswin,aemo,NSW1,,79d713d40960,aemo_detect_daily_test_v1,precision,0.0,full,0,0,0.01630862499587238,2026-09-13T15:52:24.708759+00:00
detection,kswin,aemo,NSW1,,79d713d40960,aemo_detect_daily_test_v1,mean_delay_days,,full,0,0,0.01630862499587238,2026-09-13T15:52:24.708759+00:00
detection,page_hinkley,aemo,NSW1,,574eb21c36ff,aemo_detect_daily_test_v1,n_detections,46.0,full,0,0,0.00030004099244251847,2026-09-13T15:52:24.713196+00:00
detection,page_hinkley,aemo,NSW1,,574eb21c36ff,aemo_detect_daily_test_v1,n_matched,4.0,full,0,0,0.00030004099244251847,2026-09-13T15:52:24.713196+00:00
detection,page_hinkley,aemo,NSW1,,574eb21c36ff,aemo_detect_daily_test_v1,n_unmatched_events,1.0,full,0,0,0.00030004099244251847,2026-09-13T15:52:24.713196+00:00
detection,page_hinkley,aemo,NSW1,,574eb21c36ff,aemo_detect_daily_test_v1,n_unmatched_detections,42.0,full,0,0,0.00030004099244251847,2026-09-13T15:52:24.713196+00:00
detection,page_hinkley,aemo,NSW1,,574eb21c36ff,aemo_detect_daily_test_v1,precision,0.08695652173913043,full,0,0,0.00030004099244251847,2026-09-13T15:52:24.713196+00:00
detection,page_hinkley,aemo,NSW1,,574eb21c36ff,aemo_detect_daily_test_v1,mean_delay_days,17.25,full,0,0,0.00030004099244251847,2026-09-13T15:52:24.713196+00:00
detection,page_hinkley,aemo,NSW1,,574eb21c36ff,aemo_detect_daily_test_v1,delay_EVT-2020-02,28.0,full,0,0,0.00030004099244251847,2026-09-13T15:52:24.713196+00:00
detection,page_hinkley,aemo,NSW1,,574eb21c36ff,aemo_detect_daily_test_v1,delay_EVT-2020-07,24.0,full,0,0,0.00030004099244251847,2026-09-13T15:52:24.713196+00:00
detection,page_hinkley,aemo,NSW1,,574eb21c36ff,aemo_detect_daily_test_v1,delay_EVT-2022-03,3.0,full,0,0,0.00030004099244251847,2026-09-13T15:52:24.713196+00:00
detection,page_hinkley,aemo,NSW1,,574eb21c36ff,aemo_detect_daily_test_v1,delay_EVT-2023-14,14.0,full,0,0,0.00030004099244251847,2026-09-13T15:52:24.713196+00:00
detection,adwin,aemo,SA1,,95c797891c76,aemo_detect_daily_test_v1,n_detections,9.0,full,0,0,0.00015550001990050077,2026-09-13T15:57:21.396526+00:00
detection,adwin,aemo,SA1,,95c797891c76,aemo_detect_daily_test_v1,n_matched,0.0,full,0,0,0.00015550001990050077,2026-09-13T15:57:21.396526+00:00
detection,adwin,aemo,SA1,,95c797891c76,aemo_detect_daily_test_v1,n_matched_t1,0.0,full,0,0,0.00015550001990050077,2026-09-13T15:57:21.396526+00:00
detection,adwin,aemo,SA1,,95c797891c76,aemo_detect_daily_test_v1,n_matched_t2,0.0,full,0,0,0.00015550001990050077,2026-09-13T15:57:21.396526+00:00
detection,adwin,aemo,SA1,,95c797891c76,aemo_detect_daily_test_v1,n_unmatched_events,5.0,full,0,0,0.00015550001990050077,2026-09-13T15:57:21.396526+00:00
detection,adwin,aemo,SA1,,95c797891c76,aemo_detect_daily_test_v1,n_unmatched_detections,9.0,full,0,0,0.00015550001990050077,2026-09-13T15:57:21.396526+00:00
detection,adwin,aemo,SA1,,95c797891c76,aemo_detect_daily_test_v1,precision,0.0,full,0,0,0.00015550001990050077,2026-09-13T15:57:21.396526+00:00
detection,adwin,aemo,SA1,,95c797891c76,aemo_detect_daily_test_v1,event_recall,0.0,full,0,0,0.00015550001990050077,2026-09-13T15:57:21.396526+00:00
detection,adwin,aemo,SA1,,95c797891c76,aemo_detect_daily_test_v1,mean_delay_days,,full,0,0,0.00015550001990050077,2026-09-13T15:57:21.396526+00:00
detection,kswin,aemo,SA1,,79d713d40960,aemo_detect_daily_test_v1,n_detections,12.0,full,0,0,0.022252249997109175,2026-09-13T15:57:21.423017+00:00
detection,kswin,aemo,SA1,,79d713d40960,aemo_detect_daily_test_v1,n_matched,1.0,full,0,0,0.022252249997109175,2026-09-13T15:57:21.423017+00:00
detection,kswin,aemo,SA1,,79d713d40960,aemo_detect_daily_test_v1,n_matched_t1,1.0,full,0,0,0.022252249997109175,2026-09-13T15:57:21.423017+00:00
detection,kswin,aemo,SA1,,79d713d40960,aemo_detect_daily_test_v1,n_matched_t2,0.0,full,0,0,0.022252249997109175,2026-09-13T15:57:21.423017+00:00
detection,kswin,aemo,SA1,,79d713d40960,aemo_detect_daily_test_v1,n_unmatched_events,4.0,full,0,0,0.022252249997109175,2026-09-13T15:57:21.423017+00:00
detection,kswin,aemo,SA1,,79d713d40960,aemo_detect_daily_test_v1,n_unmatched_detections,11.0,full,0,0,0.022252249997109175,2026-09-13T15:57:21.423017+00:00
detection,kswin,aemo,SA1,,79d713d40960,aemo_detect_daily_test_v1,precision,0.08333333333333333,full,0,0,0.022252249997109175,2026-09-13T15:57:21.423017+00:00
detection,kswin,aemo,SA1,,79d713d40960,aemo_detect_daily_test_v1,event_recall,0.2,full,0,0,0.022252249997109175,2026-09-13T15:57:21.423017+00:00
detection,kswin,aemo,SA1,,79d713d40960,aemo_detect_daily_test_v1,mean_delay_days,31.0,full,0,0,0.022252249997109175,2026-09-13T15:57:21.423017+00:00
detection,kswin,aemo,SA1,,79d713d40960,aemo_detect_daily_test_v1,delay_EVT-2020-07,31.0,full,0,0,0.022252249997109175,2026-09-13T15:57:21.423017+00:00
detection,page_hinkley,aemo,SA1,,574eb21c36ff,aemo_detect_daily_test_v1,n_detections,46.0,full,0,0,0.00029200001154094934,2026-09-13T15:57:21.426941+00:00
detection,page_hinkley,aemo,SA1,,574eb21c36ff,aemo_detect_daily_test_v1,n_matched,4.0,full,0,0,0.00029200001154094934,2026-09-13T15:57:21.426941+00:00
detection,page_hinkley,aemo,SA1,,574eb21c36ff,aemo_detect_daily_test_v1,n_matched_t1,4.0,full,0,0,0.00029200001154094934,2026-09-13T15:57:21.426941+00:00
detection,page_hinkley,aemo,SA1,,574eb21c36ff,aemo_detect_daily_test_v1,n_matched_t2,0.0,full,0,0,0.00029200001154094934,2026-09-13T15:57:21.426941+00:00
detection,page_hinkley,aemo,SA1,,574eb21c36ff,aemo_detect_daily_test_v1,n_unmatched_events,1.0,full,0,0,0.00029200001154094934,2026-09-13T15:57:21.426941+00:00
detection,page_hinkley,aemo,SA1,,574eb21c36ff,aemo_detect_daily_test_v1,n_unmatched_detections,42.0,full,0,0,0.00029200001154094934,2026-09-13T15:57:21.426941+00:00
detection,page_hinkley,aemo,SA1,,574eb21c36ff,aemo_detect_daily_test_v1,precision,0.08695652173913043,full,0,0,0.00029200001154094934,2026-09-13T15:57:21.426941+00:00
detection,page_hinkley,aemo,SA1,,574eb21c36ff,aemo_detect_daily_test_v1,event_recall,0.8,full,0,0,0.00029200001154094934,2026-09-13T15:57:21.426941+00:00
detection,page_hinkley,aemo,SA1,,574eb21c36ff,aemo_detect_daily_test_v1,mean_delay_days,17.25,full,0,0,0.00029200001154094934,2026-09-13T15:57:21.426941+00:00
detection,page_hinkley,aemo,SA1,,574eb21c36ff,aemo_detect_daily_test_v1,delay_EVT-2020-02,28.0,full,0,0,0.00029200001154094934,2026-09-13T15:57:21.426941+00:00
detection,page_hinkley,aemo,SA1,,574eb21c36ff,aemo_detect_daily_test_v1,delay_EVT-2020-07,24.0,full,0,0,0.00029200001154094934,2026-09-13T15:57:21.426941+00:00
detection,page_hinkley,aemo,SA1,,574eb21c36ff,aemo_detect_daily_test_v1,delay_EVT-2022-03,3.0,full,0,0,0.00029200001154094934,2026-09-13T15:57:21.426941+00:00
detection,page_hinkley,aemo,SA1,,574eb21c36ff,aemo_detect_daily_test_v1,delay_EVT-2023-14,14.0,full,0,0,0.00029200001154094934,2026-09-13T15:57:21.426941+00:00
detection,adwin,aemo,NSW1,,95c797891c76,aemo_detect_daily_test_v1,n_detections,13.0,full,0,0,0.00015045801410451531,2026-09-13T15:57:21.682025+00:00
detection,adwin,aemo,NSW1,,95c797891c76,aemo_detect_daily_test_v1,n_matched,0.0,full,0,0,0.00015045801410451531,2026-09-13T15:57:21.682025+00:00
detection,adwin,aemo,NSW1,,95c797891c76,aemo_detect_daily_test_v1,n_matched_t1,0.0,full,0,0,0.00015045801410451531,2026-09-13T15:57:21.682025+00:00
detection,adwin,aemo,NSW1,,95c797891c76,aemo_detect_daily_test_v1,n_matched_t2,0.0,full,0,0,0.00015045801410451531,2026-09-13T15:57:21.682025+00:00
detection,adwin,aemo,NSW1,,95c797891c76,aemo_detect_daily_test_v1,n_unmatched_events,5.0,full,0,0,0.00015045801410451531,2026-09-13T15:57:21.682025+00:00
detection,adwin,aemo,NSW1,,95c797891c76,aemo_detect_daily_test_v1,n_unmatched_detections,13.0,full,0,0,0.00015045801410451531,2026-09-13T15:57:21.682025+00:00
detection,adwin,aemo,NSW1,,95c797891c76,aemo_detect_daily_test_v1,precision,0.0,full,0,0,0.00015045801410451531,2026-09-13T15:57:21.682025+00:00
detection,adwin,aemo,NSW1,,95c797891c76,aemo_detect_daily_test_v1,event_recall,0.0,full,0,0,0.00015045801410451531,2026-09-13T15:57:21.682025+00:00
detection,adwin,aemo,NSW1,,95c797891c76,aemo_detect_daily_test_v1,mean_delay_days,,full,0,0,0.00015045801410451531,2026-09-13T15:57:21.682025+00:00
detection,kswin,aemo,NSW1,,79d713d40960,aemo_detect_daily_test_v1,n_detections,13.0,full,0,0,0.016191666014492512,2026-09-13T15:57:21.701381+00:00
detection,kswin,aemo,NSW1,,79d713d40960,aemo_detect_daily_test_v1,n_matched,0.0,full,0,0,0.016191666014492512,2026-09-13T15:57:21.701381+00:00
detection,kswin,aemo,NSW1,,79d713d40960,aemo_detect_daily_test_v1,n_matched_t1,0.0,full,0,0,0.016191666014492512,2026-09-13T15:57:21.701381+00:00
detection,kswin,aemo,NSW1,,79d713d40960,aemo_detect_daily_test_v1,n_matched_t2,0.0,full,0,0,0.016191666014492512,2026-09-13T15:57:21.701381+00:00
detection,kswin,aemo,NSW1,,79d713d40960,aemo_detect_daily_test_v1,n_unmatched_events,5.0,full,0,0,0.016191666014492512,2026-09-13T15:57:21.701381+00:00
detection,kswin,aemo,NSW1,,79d713d40960,aemo_detect_daily_test_v1,n_unmatched_detections,13.0,full,0,0,0.016191666014492512,2026-09-13T15:57:21.701381+00:00
detection,kswin,aemo,NSW1,,79d713d40960,aemo_detect_daily_test_v1,precision,0.0,full,0,0,0.016191666014492512,2026-09-13T15:57:21.701381+00:00
detection,kswin,aemo,NSW1,,79d713d40960,aemo_detect_daily_test_v1,event_recall,0.0,full,0,0,0.016191666014492512,2026-09-13T15:57:21.701381+00:00
detection,kswin,aemo,NSW1,,79d713d40960,aemo_detect_daily_test_v1,mean_delay_days,,full,0,0,0.016191666014492512,2026-09-13T15:57:21.701381+00:00
detection,page_hinkley,aemo,NSW1,,574eb21c36ff,aemo_detect_daily_test_v1,n_detections,46.0,full,0,0,0.00039316696347668767,2026-09-13T15:57:21.705426+00:00
detection,page_hinkley,aemo,NSW1,,574eb21c36ff,aemo_detect_daily_test_v1,n_matched,4.0,full,0,0,0.00039316696347668767,2026-09-13T15:57:21.705426+00:00
detection,page_hinkley,aemo,NSW1,,574eb21c36ff,aemo_detect_daily_test_v1,n_matched_t1,4.0,full,0,0,0.00039316696347668767,2026-09-13T15:57:21.705426+00:00
detection,page_hinkley,aemo,NSW1,,574eb21c36ff,aemo_detect_daily_test_v1,n_matched_t2,0.0,full,0,0,0.00039316696347668767,2026-09-13T15:57:21.705426+00:00
detection,page_hinkley,aemo,NSW1,,574eb21c36ff,aemo_detect_daily_test_v1,n_unmatched_events,1.0,full,0,0,0.00039316696347668767,2026-09-13T15:57:21.705426+00:00
detection,page_hinkley,aemo,NSW1,,574eb21c36ff,aemo_detect_daily_test_v1,n_unmatched_detections,42.0,full,0,0,0.00039316696347668767,2026-09-13T15:57:21.705426+00:00
detection,page_hinkley,aemo,NSW1,,574eb21c36ff,aemo_detect_daily_test_v1,precision,0.08695652173913043,full,0,0,0.00039316696347668767,2026-09-13T15:57:21.705426+00:00
detection,page_hinkley,aemo,NSW1,,574eb21c36ff,aemo_detect_daily_test_v1,event_recall,0.8,full,0,0,0.00039316696347668767,2026-09-13T15:57:21.705426+00:00
detection,page_hinkley,aemo,NSW1,,574eb21c36ff,aemo_detect_daily_test_v1,mean_delay_days,17.25,full,0,0,0.00039316696347668767,2026-09-13T15:57:21.705426+00:00
detection,page_hinkley,aemo,NSW1,,574eb21c36ff,aemo_detect_daily_test_v1,delay_EVT-2020-02,28.0,full,0,0,0.00039316696347668767,2026-09-13T15:57:21.705426+00:00
detection,page_hinkley,aemo,NSW1,,574eb21c36ff,aemo_detect_daily_test_v1,delay_EVT-2020-07,24.0,full,0,0,0.00039316696347668767,2026-09-13T15:57:21.705426+00:00
detection,page_hinkley,aemo,NSW1,,574eb21c36ff,aemo_detect_daily_test_v1,delay_EVT-2022-03,3.0,full,0,0,0.00039316696347668767,2026-09-13T15:57:21.705426+00:00
detection,page_hinkley,aemo,NSW1,,574eb21c36ff,aemo_detect_daily_test_v1,delay_EVT-2023-14,14.0,full,0,0,0.00039316696347668767,2026-09-13T15:57:21.705426+00:00
detection,adwin,aemo,SA1,,d167cb58d23d,aemo_detect_daily_frozen_v1,n_detections,9.0,full,0,0,0.0006078750011511147,2026-09-13T16:12:03.202501+00:00
detection,adwin,aemo,SA1,,d167cb58d23d,aemo_detect_daily_frozen_v1,n_matched,3.0,full,0,0,0.0006078750011511147,2026-09-13T16:12:03.202501+00:00
detection,adwin,aemo,SA1,,d167cb58d23d,aemo_detect_daily_frozen_v1,n_matched_t1,0.0,full,0,0,0.0006078750011511147,2026-09-13T16:12:03.202501+00:00
detection,adwin,aemo,SA1,,d167cb58d23d,aemo_detect_daily_frozen_v1,n_matched_t2,3.0,full,0,0,0.0006078750011511147,2026-09-13T16:12:03.202501+00:00
detection,adwin,aemo,SA1,,d167cb58d23d,aemo_detect_daily_frozen_v1,n_unmatched_events,23.0,full,0,0,0.0006078750011511147,2026-09-13T16:12:03.202501+00:00
detection,adwin,aemo,SA1,,d167cb58d23d,aemo_detect_daily_frozen_v1,n_unmatched_detections,6.0,full,0,0,0.0006078750011511147,2026-09-13T16:12:03.202501+00:00
detection,adwin,aemo,SA1,,d167cb58d23d,aemo_detect_daily_frozen_v1,precision,0.3333333333333333,full,0,0,0.0006078750011511147,2026-09-13T16:12:03.202501+00:00
detection,adwin,aemo,SA1,,d167cb58d23d,aemo_detect_daily_frozen_v1,event_recall,0.11538461538461539,full,0,0,0.0006078750011511147,2026-09-13T16:12:03.202501+00:00
detection,adwin,aemo,SA1,,d167cb58d23d,aemo_detect_daily_frozen_v1,mean_delay_days,1.3333333333333333,full,0,0,0.0006078750011511147,2026-09-13T16:12:03.202501+00:00
detection,adwin,aemo,SA1,,d167cb58d23d,aemo_detect_daily_frozen_v1,delay_EVT-2021-04,1.0,full,0,0,0.0006078750011511147,2026-09-13T16:12:03.202501+00:00
detection,adwin,aemo,SA1,,d167cb58d23d,aemo_detect_daily_frozen_v1,delay_EVT-2022-02,3.0,full,0,0,0.0006078750011511147,2026-09-13T16:12:03.202501+00:00
detection,adwin,aemo,SA1,,d167cb58d23d,aemo_detect_daily_frozen_v1,delay_EVT-2022-05,0.0,full,0,0,0.0006078750011511147,2026-09-13T16:12:03.202501+00:00
detection,kswin,aemo,SA1,,5b89f85580b4,aemo_detect_daily_frozen_v1,n_detections,4.0,full,0,0,0.0015748750302009284,2026-09-13T16:12:03.212643+00:00
detection,kswin,aemo,SA1,,5b89f85580b4,aemo_detect_daily_frozen_v1,n_matched,2.0,full,0,0,0.0015748750302009284,2026-09-13T16:12:03.212643+00:00
detection,kswin,aemo,SA1,,5b89f85580b4,aemo_detect_daily_frozen_v1,n_matched_t1,1.0,full,0,0,0.0015748750302009284,2026-09-13T16:12:03.212643+00:00
detection,kswin,aemo,SA1,,5b89f85580b4,aemo_detect_daily_frozen_v1,n_matched_t2,1.0,full,0,0,0.0015748750302009284,2026-09-13T16:12:03.212643+00:00
detection,kswin,aemo,SA1,,5b89f85580b4,aemo_detect_daily_frozen_v1,n_unmatched_events,24.0,full,0,0,0.0015748750302009284,2026-09-13T16:12:03.212643+00:00
detection,kswin,aemo,SA1,,5b89f85580b4,aemo_detect_daily_frozen_v1,n_unmatched_detections,2.0,full,0,0,0.0015748750302009284,2026-09-13T16:12:03.212643+00:00
detection,kswin,aemo,SA1,,5b89f85580b4,aemo_detect_daily_frozen_v1,precision,0.5,full,0,0,0.0015748750302009284,2026-09-13T16:12:03.212643+00:00
detection,kswin,aemo,SA1,,5b89f85580b4,aemo_detect_daily_frozen_v1,event_recall,0.07692307692307693,full,0,0,0.0015748750302009284,2026-09-13T16:12:03.212643+00:00
detection,kswin,aemo,SA1,,5b89f85580b4,aemo_detect_daily_frozen_v1,mean_delay_days,15.0,full,0,0,0.0015748750302009284,2026-09-13T16:12:03.212643+00:00
detection,kswin,aemo,SA1,,5b89f85580b4,aemo_detect_daily_frozen_v1,delay_EVT-2020-07,25.0,full,0,0,0.0015748750302009284,2026-09-13T16:12:03.212643+00:00
detection,kswin,aemo,SA1,,5b89f85580b4,aemo_detect_daily_frozen_v1,delay_EVT-2021-05,5.0,full,0,0,0.0015748750302009284,2026-09-13T16:12:03.212643+00:00
detection,page_hinkley,aemo,SA1,,0fcd427823a3,aemo_detect_daily_frozen_v1,n_detections,46.0,full,0,0,0.0002857920480892062,2026-09-13T16:12:03.216728+00:00
detection,page_hinkley,aemo,SA1,,0fcd427823a3,aemo_detect_daily_frozen_v1,n_matched,9.0,full,0,0,0.0002857920480892062,2026-09-13T16:12:03.216728+00:00
detection,page_hinkley,aemo,SA1,,0fcd427823a3,aemo_detect_daily_frozen_v1,n_matched_t1,4.0,full,0,0,0.0002857920480892062,2026-09-13T16:12:03.216728+00:00
detection,page_hinkley,aemo,SA1,,0fcd427823a3,aemo_detect_daily_frozen_v1,n_matched_t2,5.0,full,0,0,0.0002857920480892062,2026-09-13T16:12:03.216728+00:00
detection,page_hinkley,aemo,SA1,,0fcd427823a3,aemo_detect_daily_frozen_v1,n_unmatched_events,17.0,full,0,0,0.0002857920480892062,2026-09-13T16:12:03.216728+00:00
detection,page_hinkley,aemo,SA1,,0fcd427823a3,aemo_detect_daily_frozen_v1,n_unmatched_detections,37.0,full,0,0,0.0002857920480892062,2026-09-13T16:12:03.216728+00:00
detection,page_hinkley,aemo,SA1,,0fcd427823a3,aemo_detect_daily_frozen_v1,precision,0.1956521739130435,full,0,0,0.0002857920480892062,2026-09-13T16:12:03.216728+00:00
detection,page_hinkley,aemo,SA1,,0fcd427823a3,aemo_detect_daily_frozen_v1,event_recall,0.34615384615384615,full,0,0,0.0002857920480892062,2026-09-13T16:12:03.216728+00:00
detection,page_hinkley,aemo,SA1,,0fcd427823a3,aemo_detect_daily_frozen_v1,mean_delay_days,9.333333333333334,full,0,0,0.0002857920480892062,2026-09-13T16:12:03.216728+00:00
detection,page_hinkley,aemo,SA1,,0fcd427823a3,aemo_detect_daily_frozen_v1,delay_EVT-2020-02,28.0,full,0,0,0.0002857920480892062,2026-09-13T16:12:03.216728+00:00
detection,page_hinkley,aemo,SA1,,0fcd427823a3,aemo_detect_daily_frozen_v1,delay_EVT-2020-07,24.0,full,0,0,0.0002857920480892062,2026-09-13T16:12:03.216728+00:00
detection,page_hinkley,aemo,SA1,,0fcd427823a3,aemo_detect_daily_frozen_v1,delay_EVT-2022-03,3.0,full,0,0,0.0002857920480892062,2026-09-13T16:12:03.216728+00:00
detection,page_hinkley,aemo,SA1,,0fcd427823a3,aemo_detect_daily_frozen_v1,delay_EVT-2023-14,15.0,full,0,0,0.0002857920480892062,2026-09-13T16:12:03.216728+00:00
detection,page_hinkley,aemo,SA1,,0fcd427823a3,aemo_detect_daily_frozen_v1,delay_EVT-2021-09,1.0,full,0,0,0.0002857920480892062,2026-09-13T16:12:03.216728+00:00
detection,page_hinkley,aemo,SA1,,0fcd427823a3,aemo_detect_daily_frozen_v1,delay_EVT-2021-05,4.0,full,0,0,0.0002857920480892062,2026-09-13T16:12:03.216728+00:00
detection,page_hinkley,aemo,SA1,,0fcd427823a3,aemo_detect_daily_frozen_v1,delay_EVT-2022-05,0.0,full,0,0,0.0002857920480892062,2026-09-13T16:12:03.216728+00:00
detection,page_hinkley,aemo,SA1,,0fcd427823a3,aemo_detect_daily_frozen_v1,delay_EVT-2022-08,2.0,full,0,0,0.0002857920480892062,2026-09-13T16:12:03.216728+00:00
detection,page_hinkley,aemo,SA1,,0fcd427823a3,aemo_detect_daily_frozen_v1,delay_EVT-2023-11,7.0,full,0,0,0.0002857920480892062,2026-09-13T16:12:03.216728+00:00
detection,adwin,aemo,NSW1,,d167cb58d23d,aemo_detect_daily_frozen_v1,n_detections,12.0,full,0,0,0.00014562503201887012,2026-09-13T16:12:03.497612+00:00
detection,adwin,aemo,NSW1,,d167cb58d23d,aemo_detect_daily_frozen_v1,n_matched,2.0,full,0,0,0.00014562503201887012,2026-09-13T16:12:03.497612+00:00
detection,adwin,aemo,NSW1,,d167cb58d23d,aemo_detect_daily_frozen_v1,n_matched_t1,0.0,full,0,0,0.00014562503201887012,2026-09-13T16:12:03.497612+00:00
detection,adwin,aemo,NSW1,,d167cb58d23d,aemo_detect_daily_frozen_v1,n_matched_t2,2.0,full,0,0,0.00014562503201887012,2026-09-13T16:12:03.497612+00:00
detection,adwin,aemo,NSW1,,d167cb58d23d,aemo_detect_daily_frozen_v1,n_unmatched_events,19.0,full,0,0,0.00014562503201887012,2026-09-13T16:12:03.497612+00:00
detection,adwin,aemo,NSW1,,d167cb58d23d,aemo_detect_daily_frozen_v1,n_unmatched_detections,10.0,full,0,0,0.00014562503201887012,2026-09-13T16:12:03.497612+00:00
detection,adwin,aemo,NSW1,,d167cb58d23d,aemo_detect_daily_frozen_v1,precision,0.16666666666666666,full,0,0,0.00014562503201887012,2026-09-13T16:12:03.497612+00:00
detection,adwin,aemo,NSW1,,d167cb58d23d,aemo_detect_daily_frozen_v1,event_recall,0.09523809523809523,full,0,0,0.00014562503201887012,2026-09-13T16:12:03.497612+00:00
detection,adwin,aemo,NSW1,,d167cb58d23d,aemo_detect_daily_frozen_v1,mean_delay_days,14.0,full,0,0,0.00014562503201887012,2026-09-13T16:12:03.497612+00:00
detection,adwin,aemo,NSW1,,d167cb58d23d,aemo_detect_daily_frozen_v1,delay_EVT-2021-02,25.0,full,0,0,0.00014562503201887012,2026-09-13T16:12:03.497612+00:00
detection,adwin,aemo,NSW1,,d167cb58d23d,aemo_detect_daily_frozen_v1,delay_EVT-2022-02,3.0,full,0,0,0.00014562503201887012,2026-09-13T16:12:03.497612+00:00
detection,kswin,aemo,NSW1,,5b89f85580b4,aemo_detect_daily_frozen_v1,n_detections,4.0,full,0,0,0.004317333979997784,2026-09-13T16:12:03.505407+00:00
detection,kswin,aemo,NSW1,,5b89f85580b4,aemo_detect_daily_frozen_v1,n_matched,0.0,full,0,0,0.004317333979997784,2026-09-13T16:12:03.505407+00:00
detection,kswin,aemo,NSW1,,5b89f85580b4,aemo_detect_daily_frozen_v1,n_matched_t1,0.0,full,0,0,0.004317333979997784,2026-09-13T16:12:03.505407+00:00
detection,kswin,aemo,NSW1,,5b89f85580b4,aemo_detect_daily_frozen_v1,n_matched_t2,0.0,full,0,0,0.004317333979997784,2026-09-13T16:12:03.505407+00:00
detection,kswin,aemo,NSW1,,5b89f85580b4,aemo_detect_daily_frozen_v1,n_unmatched_events,21.0,full,0,0,0.004317333979997784,2026-09-13T16:12:03.505407+00:00
detection,kswin,aemo,NSW1,,5b89f85580b4,aemo_detect_daily_frozen_v1,n_unmatched_detections,4.0,full,0,0,0.004317333979997784,2026-09-13T16:12:03.505407+00:00
detection,kswin,aemo,NSW1,,5b89f85580b4,aemo_detect_daily_frozen_v1,precision,0.0,full,0,0,0.004317333979997784,2026-09-13T16:12:03.505407+00:00
detection,kswin,aemo,NSW1,,5b89f85580b4,aemo_detect_daily_frozen_v1,event_recall,0.0,full,0,0,0.004317333979997784,2026-09-13T16:12:03.505407+00:00
detection,kswin,aemo,NSW1,,5b89f85580b4,aemo_detect_daily_frozen_v1,mean_delay_days,,full,0,0,0.004317333979997784,2026-09-13T16:12:03.505407+00:00
detection,page_hinkley,aemo,NSW1,,0fcd427823a3,aemo_detect_daily_frozen_v1,n_detections,46.0,full,0,0,0.00027758401120081544,2026-09-13T16:12:03.509212+00:00
detection,page_hinkley,aemo,NSW1,,0fcd427823a3,aemo_detect_daily_frozen_v1,n_matched,8.0,full,0,0,0.00027758401120081544,2026-09-13T16:12:03.509212+00:00
detection,page_hinkley,aemo,NSW1,,0fcd427823a3,aemo_detect_daily_frozen_v1,n_matched_t1,4.0,full,0,0,0.00027758401120081544,2026-09-13T16:12:03.509212+00:00
detection,page_hinkley,aemo,NSW1,,0fcd427823a3,aemo_detect_daily_frozen_v1,n_matched_t2,4.0,full,0,0,0.00027758401120081544,2026-09-13T16:12:03.509212+00:00
detection,page_hinkley,aemo,NSW1,,0fcd427823a3,aemo_detect_daily_frozen_v1,n_unmatched_events,13.0,full,0,0,0.00027758401120081544,2026-09-13T16:12:03.509212+00:00
detection,page_hinkley,aemo,NSW1,,0fcd427823a3,aemo_detect_daily_frozen_v1,n_unmatched_detections,38.0,full,0,0,0.00027758401120081544,2026-09-13T16:12:03.509212+00:00
detection,page_hinkley,aemo,NSW1,,0fcd427823a3,aemo_detect_daily_frozen_v1,precision,0.17391304347826086,full,0,0,0.00027758401120081544,2026-09-13T16:12:03.509212+00:00
detection,page_hinkley,aemo,NSW1,,0fcd427823a3,aemo_detect_daily_frozen_v1,event_recall,0.38095238095238093,full,0,0,0.00027758401120081544,2026-09-13T16:12:03.509212+00:00
detection,page_hinkley,aemo,NSW1,,0fcd427823a3,aemo_detect_daily_frozen_v1,mean_delay_days,12.625,full,0,0,0.00027758401120081544,2026-09-13T16:12:03.509212+00:00
detection,page_hinkley,aemo,NSW1,,0fcd427823a3,aemo_detect_daily_frozen_v1,delay_EVT-2020-02,28.0,full,0,0,0.00027758401120081544,2026-09-13T16:12:03.509212+00:00
detection,page_hinkley,aemo,NSW1,,0fcd427823a3,aemo_detect_daily_frozen_v1,delay_EVT-2020-07,24.0,full,0,0,0.00027758401120081544,2026-09-13T16:12:03.509212+00:00
detection,page_hinkley,aemo,NSW1,,0fcd427823a3,aemo_detect_daily_frozen_v1,delay_EVT-2022-03,3.0,full,0,0,0.00027758401120081544,2026-09-13T16:12:03.509212+00:00
detection,page_hinkley,aemo,NSW1,,0fcd427823a3,aemo_detect_daily_frozen_v1,delay_EVT-2023-14,14.0,full,0,0,0.00027758401120081544,2026-09-13T16:12:03.509212+00:00
detection,page_hinkley,aemo,NSW1,,0fcd427823a3,aemo_detect_daily_frozen_v1,delay_EVT-2021-02,21.0,full,0,0,0.00027758401120081544,2026-09-13T16:12:03.509212+00:00
detection,page_hinkley,aemo,NSW1,,0fcd427823a3,aemo_detect_daily_frozen_v1,delay_EVT-2021-03,2.0,full,0,0,0.00027758401120081544,2026-09-13T16:12:03.509212+00:00
detection,page_hinkley,aemo,NSW1,,0fcd427823a3,aemo_detect_daily_frozen_v1,delay_EVT-2021-05,4.0,full,0,0,0.00027758401120081544,2026-09-13T16:12:03.509212+00:00
detection,page_hinkley,aemo,NSW1,,0fcd427823a3,aemo_detect_daily_frozen_v1,delay_EVT-2023-02,5.0,full,0,0,0.00027758401120081544,2026-09-13T16:12:03.509212+00:00
baseline,seasonal_naive,aemo,SA1,,b439ef1d2fb7,aemo_frozen_v1,mae,155.86531722900466,full,0,35039,0.0043228750000707805,2026-09-13T16:37:57.798283+00:00
baseline,seasonal_naive,aemo,SA1,,b439ef1d2fb7,aemo_frozen_v1,rolling_mae_7d_mean,155.88171785354905,full,0,35039,0.0043228750000707805,2026-09-13T16:37:57.798283+00:00
baseline,seasonal_naive,aemo,SA1,,b439ef1d2fb7,aemo_frozen_v1,rolling_mae_7d_max,389.6854712301588,full,0,35039,0.0043228750000707805,2026-09-13T16:37:57.798283+00:00
baseline,xgboost,aemo,SA1,,40da022171fc,aemo_frozen_v1,mae,219.61697999506293,full,0,35039,48.72647395898821,2026-09-13T16:38:46.575193+00:00
baseline,xgboost,aemo,SA1,,40da022171fc,aemo_frozen_v1,rolling_mae_7d_mean,219.68878379692586,full,0,35039,48.72647395898821,2026-09-13T16:38:46.575193+00:00
baseline,xgboost,aemo,SA1,,40da022171fc,aemo_frozen_v1,rolling_mae_7d_max,515.8702309357174,full,0,35039,48.72647395898821,2026-09-13T16:38:46.575193+00:00
baseline,dhr_arima,aemo,SA1,,faa3f74b2d8c,aemo_frozen_v1,mae,237.47586076087293,full,0,35039,6.65989912499208,2026-09-13T16:38:53.287116+00:00
baseline,dhr_arima,aemo,SA1,,faa3f74b2d8c,aemo_frozen_v1,rolling_mae_7d_mean,237.30055287274016,full,0,35039,6.65989912499208,2026-09-13T16:38:53.287116+00:00
baseline,dhr_arima,aemo,SA1,,faa3f74b2d8c,aemo_frozen_v1,rolling_mae_7d_max,450.7279179683795,full,0,35039,6.65989912499208,2026-09-13T16:38:53.287116+00:00
baseline,seasonal_naive,aemo,NSW1,,b439ef1d2fb7,aemo_frozen_v1,mae,442.2665021784711,full,0,35039,0.0034454590058885515,2026-09-13T16:38:53.599757+00:00
baseline,seasonal_naive,aemo,NSW1,,b439ef1d2fb7,aemo_frozen_v1,rolling_mae_7d_mean,441.4298226872944,full,0,35039,0.0034454590058885515,2026-09-13T16:38:53.599757+00:00
baseline,seasonal_naive,aemo,NSW1,,b439ef1d2fb7,aemo_frozen_v1,rolling_mae_7d_max,1041.5823908730158,full,0,35039,0.0034454590058885515,2026-09-13T16:38:53.599757+00:00
baseline,xgboost,aemo,NSW1,,40da022171fc,aemo_frozen_v1,mae,742.7229506074982,full,0,35039,47.97221612499561,2026-09-13T16:39:41.619641+00:00
baseline,xgboost,aemo,NSW1,,40da022171fc,aemo_frozen_v1,rolling_mae_7d_mean,743.672589513808,full,0,35039,47.97221612499561,2026-09-13T16:39:41.619641+00:00
baseline,xgboost,aemo,NSW1,,40da022171fc,aemo_frozen_v1,rolling_mae_7d_max,1657.0791298711868,full,0,35039,47.97221612499561,2026-09-13T16:39:41.619641+00:00
baseline,dhr_arima,aemo,NSW1,,faa3f74b2d8c,aemo_frozen_v1,mae,880.4981771962065,full,0,35039,21.927016375004314,2026-09-13T16:40:03.598901+00:00
baseline,dhr_arima,aemo,NSW1,,faa3f74b2d8c,aemo_frozen_v1,rolling_mae_7d_mean,880.2031752437963,full,0,35039,21.927016375004314,2026-09-13T16:40:03.598901+00:00
baseline,dhr_arima,aemo,NSW1,,faa3f74b2d8c,aemo_frozen_v1,rolling_mae_7d_max,1635.8230133306604,full,0,35039,21.927016375004314,2026-09-13T16:40:03.598901+00:00
baseline,nhits,aemo,SA1,1,afb8873fbc59,aemo_nhits_block7d_v1,mae,171.26843187174583,full,0,35039,16.185031292028725,2026-09-13T16:40:32.189042+00:00
baseline,nhits,aemo,SA1,1,afb8873fbc59,aemo_nhits_block7d_v1,rolling_mae_7d_mean,171.29282533599692,full,0,35039,16.185031292028725,2026-09-13T16:40:32.189042+00:00
baseline,nhits,aemo,SA1,1,afb8873fbc59,aemo_nhits_block7d_v1,rolling_mae_7d_max,579.9072717963326,full,0,35039,16.185031292028725,2026-09-13T16:40:32.189042+00:00
baseline,nhits,aemo,NSW1,1,afb8873fbc59,aemo_nhits_block7d_v1,mae,506.26755359522457,full,0,35039,26.934471042011864,2026-09-13T16:40:59.429459+00:00
baseline,nhits,aemo,NSW1,1,afb8873fbc59,aemo_nhits_block7d_v1,rolling_mae_7d_mean,505.8560904930954,full,0,35039,26.934471042011864,2026-09-13T16:40:59.429459+00:00
baseline,nhits,aemo,NSW1,1,afb8873fbc59,aemo_nhits_block7d_v1,rolling_mae_7d_max,1232.7760238792782,full,0,35039,26.934471042011864,2026-09-13T16:40:59.429459+00:00
detection,adwin,aemo,SA1,,fadb2054aef8,aemo_detect_full_v1,n_detections,733.0,full,0,37919,0.010085916030220687,2026-09-13T16:46:31.794950+00:00
detection,adwin,aemo,SA1,,fadb2054aef8,aemo_detect_full_v1,n_matched,26.0,full,0,37919,0.010085916030220687,2026-09-13T16:46:31.794950+00:00
detection,adwin,aemo,SA1,,fadb2054aef8,aemo_detect_full_v1,n_matched_t1,5.0,full,0,37919,0.010085916030220687,2026-09-13T16:46:31.794950+00:00
detection,adwin,aemo,SA1,,fadb2054aef8,aemo_detect_full_v1,n_matched_t2,21.0,full,0,37919,0.010085916030220687,2026-09-13T16:46:31.794950+00:00
detection,adwin,aemo,SA1,,fadb2054aef8,aemo_detect_full_v1,n_unmatched_events,0.0,full,0,37919,0.010085916030220687,2026-09-13T16:46:31.794950+00:00
detection,adwin,aemo,SA1,,fadb2054aef8,aemo_detect_full_v1,n_unmatched_detections,707.0,full,0,37919,0.010085916030220687,2026-09-13T16:46:31.794950+00:00
detection,adwin,aemo,SA1,,fadb2054aef8,aemo_detect_full_v1,precision,0.03547066848567531,full,0,37919,0.010085916030220687,2026-09-13T16:46:31.794950+00:00
detection,adwin,aemo,SA1,,fadb2054aef8,aemo_detect_full_v1,event_recall,1.0,full,0,37919,0.010085916030220687,2026-09-13T16:46:31.794950+00:00
detection,adwin,aemo,SA1,,fadb2054aef8,aemo_detect_full_v1,mean_delay_days,1.2564102564102566,full,0,37919,0.010085916030220687,2026-09-13T16:46:31.794950+00:00
detection,adwin,aemo,SA1,,fadb2054aef8,aemo_detect_full_v1,delay_EVT-2020-02,1.0,full,0,37919,0.010085916030220687,2026-09-13T16:46:31.794950+00:00
detection,adwin,aemo,SA1,,fadb2054aef8,aemo_detect_full_v1,delay_EVT-2020-07,0.3333333333333333,full,0,37919,0.010085916030220687,2026-09-13T16:46:31.794950+00:00
detection,adwin,aemo,SA1,,fadb2054aef8,aemo_detect_full_v1,delay_EVT-2021-10,1.6666666666666667,full,0,37919,0.010085916030220687,2026-09-13T16:46:31.794950+00:00
detection,adwin,aemo,SA1,,fadb2054aef8,aemo_detect_full_v1,delay_EVT-2022-03,4.0,full,0,37919,0.010085916030220687,2026-09-13T16:46:31.794950+00:00
detection,adwin,aemo,SA1,,fadb2054aef8,aemo_detect_full_v1,delay_EVT-2023-14,1.0,full,0,37919,0.010085916030220687,2026-09-13T16:46:31.794950+00:00
detection,adwin,aemo,SA1,,fadb2054aef8,aemo_detect_full_v1,delay_EVT-2020-04,1.0,full,0,37919,0.010085916030220687,2026-09-13T16:46:31.794950+00:00
detection,adwin,aemo,SA1,,fadb2054aef8,aemo_detect_full_v1,delay_EVT-2020-06,0.0,full,0,37919,0.010085916030220687,2026-09-13T16:46:31.794950+00:00
detection,adwin,aemo,SA1,,fadb2054aef8,aemo_detect_full_v1,delay_EVT-2021-01,0.6666666666666666,full,0,37919,0.010085916030220687,2026-09-13T16:46:31.794950+00:00
detection,adwin,aemo,SA1,,fadb2054aef8,aemo_detect_full_v1,delay_EVT-2021-09,2.6666666666666665,full,0,37919,0.010085916030220687,2026-09-13T16:46:31.794950+00:00
detection,adwin,aemo,SA1,,fadb2054aef8,aemo_detect_full_v1,delay_EVT-2021-04,0.6666666666666666,full,0,37919,0.010085916030220687,2026-09-13T16:46:31.794950+00:00
detection,adwin,aemo,SA1,,fadb2054aef8,aemo_detect_full_v1,delay_EVT-2021-05,1.0,full,0,37919,0.010085916030220687,2026-09-13T16:46:31.794950+00:00
detection,adwin,aemo,SA1,,fadb2054aef8,aemo_detect_full_v1,delay_EVT-2021-06,3.0,full,0,37919,0.010085916030220687,2026-09-13T16:46:31.794950+00:00
detection,adwin,aemo,SA1,,fadb2054aef8,aemo_detect_full_v1,delay_EVT-2021-07,0.0,full,0,37919,0.010085916030220687,2026-09-13T16:46:31.794950+00:00
detection,adwin,aemo,SA1,,fadb2054aef8,aemo_detect_full_v1,delay_EVT-2022-01,2.3333333333333335,full,0,37919,0.010085916030220687,2026-09-13T16:46:31.794950+00:00
detection,adwin,aemo,SA1,,fadb2054aef8,aemo_detect_full_v1,delay_EVT-2022-02,0.0,full,0,37919,0.010085916030220687,2026-09-13T16:46:31.794950+00:00
detection,adwin,aemo,SA1,,fadb2054aef8,aemo_detect_full_v1,delay_EVT-2022-04,0.6666666666666666,full,0,37919,0.010085916030220687,2026-09-13T16:46:31.794950+00:00
detection,adwin,aemo,SA1,,fadb2054aef8,aemo_detect_full_v1,delay_EVT-2022-05,2.3333333333333335,full,0,37919,0.010085916030220687,2026-09-13T16:46:31.794950+00:00
detection,adwin,aemo,SA1,,fadb2054aef8,aemo_detect_full_v1,delay_EVT-2022-07,0.0,full,0,37919,0.010085916030220687,2026-09-13T16:46:31.794950+00:00
detection,adwin,aemo,SA1,,fadb2054aef8,aemo_detect_full_v1,delay_EVT-2022-08,2.3333333333333335,full,0,37919,0.010085916030220687,2026-09-13T16:46:31.794950+00:00
detection,adwin,aemo,SA1,,fadb2054aef8,aemo_detect_full_v1,delay_EVT-2023-11,1.3333333333333333,full,0,37919,0.010085916030220687,2026-09-13T16:46:31.794950+00:00
detection,adwin,aemo,SA1,,fadb2054aef8,aemo_detect_full_v1,delay_EVT-2023-08,0.6666666666666666,full,0,37919,0.010085916030220687,2026-09-13T16:46:31.794950+00:00
detection,adwin,aemo,SA1,,fadb2054aef8,aemo_detect_full_v1,delay_EVT-2023-09,2.3333333333333335,full,0,37919,0.010085916030220687,2026-09-13T16:46:31.794950+00:00
detection,adwin,aemo,SA1,,fadb2054aef8,aemo_detect_full_v1,delay_EVT-2023-10,0.0,full,0,37919,0.010085916030220687,2026-09-13T16:46:31.794950+00:00
detection,adwin,aemo,SA1,,fadb2054aef8,aemo_detect_full_v1,delay_EVT-2023-04,0.6666666666666666,full,0,37919,0.010085916030220687,2026-09-13T16:46:31.794950+00:00
detection,adwin,aemo,SA1,,fadb2054aef8,aemo_detect_full_v1,delay_EVT-2023-05,2.3333333333333335,full,0,37919,0.010085916030220687,2026-09-13T16:46:31.794950+00:00
detection,adwin,aemo,SA1,,fadb2054aef8,aemo_detect_full_v1,delay_EVT-2023-07,0.6666666666666666,full,0,37919,0.010085916030220687,2026-09-13T16:46:31.794950+00:00
detection,kswin,aemo,SA1,,1cba41a9f127,aemo_detect_full_v1,n_detections,599.0,full,0,37919,1.7861034160014242,2026-09-13T16:46:33.591357+00:00
detection,kswin,aemo,SA1,,1cba41a9f127,aemo_detect_full_v1,n_matched,25.0,full,0,37919,1.7861034160014242,2026-09-13T16:46:33.591357+00:00
detection,kswin,aemo,SA1,,1cba41a9f127,aemo_detect_full_v1,n_matched_t1,5.0,full,0,37919,1.7861034160014242,2026-09-13T16:46:33.591357+00:00
detection,kswin,aemo,SA1,,1cba41a9f127,aemo_detect_full_v1,n_matched_t2,20.0,full,0,37919,1.7861034160014242,2026-09-13T16:46:33.591357+00:00
detection,kswin,aemo,SA1,,1cba41a9f127,aemo_detect_full_v1,n_unmatched_events,1.0,full,0,37919,1.7861034160014242,2026-09-13T16:46:33.591357+00:00
detection,kswin,aemo,SA1,,1cba41a9f127,aemo_detect_full_v1,n_unmatched_detections,574.0,full,0,37919,1.7861034160014242,2026-09-13T16:46:33.591357+00:00
detection,kswin,aemo,SA1,,1cba41a9f127,aemo_detect_full_v1,precision,0.041736227045075125,full,0,37919,1.7861034160014242,2026-09-13T16:46:33.591357+00:00
detection,kswin,aemo,SA1,,1cba41a9f127,aemo_detect_full_v1,event_recall,0.9615384615384616,full,0,37919,1.7861034160014242,2026-09-13T16:46:33.591357+00:00
detection,kswin,aemo,SA1,,1cba41a9f127,aemo_detect_full_v1,mean_delay_days,1.4375,full,0,37919,1.7861034160014242,2026-09-13T16:46:33.591357+00:00
detection,kswin,aemo,SA1,,1cba41a9f127,aemo_detect_full_v1,delay_EVT-2020-02,0.375,full,0,37919,1.7861034160014242,2026-09-13T16:46:33.591357+00:00
detection,kswin,aemo,SA1,,1cba41a9f127,aemo_detect_full_v1,delay_EVT-2020-07,0.7083333333333334,full,0,37919,1.7861034160014242,2026-09-13T16:46:33.591357+00:00
detection,kswin,aemo,SA1,,1cba41a9f127,aemo_detect_full_v1,delay_EVT-2021-10,1.75,full,0,37919,1.7861034160014242,2026-09-13T16:46:33.591357+00:00
detection,kswin,aemo,SA1,,1cba41a9f127,aemo_detect_full_v1,delay_EVT-2022-03,2.7083333333333335,full,0,37919,1.7861034160014242,2026-09-13T16:46:33.591357+00:00
detection,kswin,aemo,SA1,,1cba41a9f127,aemo_detect_full_v1,delay_EVT-2023-14,0.9791666666666666,full,0,37919,1.7861034160014242,2026-09-13T16:46:33.591357+00:00
detection,kswin,aemo,SA1,,1cba41a9f127,aemo_detect_full_v1,delay_EVT-2020-04,0.75,full,0,37919,1.7861034160014242,2026-09-13T16:46:33.591357+00:00
detection,kswin,aemo,SA1,,1cba41a9f127,aemo_detect_full_v1,delay_EVT-2020-06,2.1041666666666665,full,0,37919,1.7861034160014242,2026-09-13T16:46:33.591357+00:00
detection,kswin,aemo,SA1,,1cba41a9f127,aemo_detect_full_v1,delay_EVT-2021-01,0.0625,full,0,37919,1.7861034160014242,2026-09-13T16:46:33.591357+00:00
detection,kswin,aemo,SA1,,1cba41a9f127,aemo_detect_full_v1,delay_EVT-2021-09,1.5208333333333333,full,0,37919,1.7861034160014242,2026-09-13T16:46:33.591357+00:00
detection,kswin,aemo,SA1,,1cba41a9f127,aemo_detect_full_v1,delay_EVT-2021-04,2.3125,full,0,37919,1.7861034160014242,2026-09-13T16:46:33.591357+00:00
detection,kswin,aemo,SA1,,1cba41a9f127,aemo_detect_full_v1,delay_EVT-2021-05,2.2916666666666665,full,0,37919,1.7861034160014242,2026-09-13T16:46:33.591357+00:00
detection,kswin,aemo,SA1,,1cba41a9f127,aemo_detect_full_v1,delay_EVT-2021-06,2.2916666666666665,full,0,37919,1.7861034160014242,2026-09-13T16:46:33.591357+00:00
detection,kswin,aemo,SA1,,1cba41a9f127,aemo_detect_full_v1,delay_EVT-2021-07,2.0625,full,0,37919,1.7861034160014242,2026-09-13T16:46:33.591357+00:00
detection,kswin,aemo,SA1,,1cba41a9f127,aemo_detect_full_v1,delay_EVT-2022-01,2.2083333333333335,full,0,37919,1.7861034160014242,2026-09-13T16:46:33.591357+00:00
detection,kswin,aemo,SA1,,1cba41a9f127,aemo_detect_full_v1,delay_EVT-2022-02,3.625,full,0,37919,1.7861034160014242,2026-09-13T16:46:33.591357+00:00
detection,kswin,aemo,SA1,,1cba41a9f127,aemo_detect_full_v1,delay_EVT-2022-04,1.9375,full,0,37919,1.7861034160014242,2026-09-13T16:46:33.591357+00:00
detection,kswin,aemo,SA1,,1cba41a9f127,aemo_detect_full_v1,delay_EVT-2022-05,1.4166666666666667,full,0,37919,1.7861034160014242,2026-09-13T16:46:33.591357+00:00
detection,kswin,aemo,SA1,,1cba41a9f127,aemo_detect_full_v1,delay_EVT-2022-07,0.75,full,0,37919,1.7861034160014242,2026-09-13T16:46:33.591357+00:00
detection,kswin,aemo,SA1,,1cba41a9f127,aemo_detect_full_v1,delay_EVT-2022-08,0.4583333333333333,full,0,37919,1.7861034160014242,2026-09-13T16:46:33.591357+00:00
detection,kswin,aemo,SA1,,1cba41a9f127,aemo_detect_full_v1,delay_EVT-2023-11,0.22916666666666666,full,0,37919,1.7861034160014242,2026-09-13T16:46:33.591357+00:00
detection,kswin,aemo,SA1,,1cba41a9f127,aemo_detect_full_v1,delay_EVT-2023-08,1.8333333333333333,full,0,37919,1.7861034160014242,2026-09-13T16:46:33.591357+00:00
detection,kswin,aemo,SA1,,1cba41a9f127,aemo_detect_full_v1,delay_EVT-2023-09,0.6458333333333334,full,0,37919,1.7861034160014242,2026-09-13T16:46:33.591357+00:00
detection,kswin,aemo,SA1,,1cba41a9f127,aemo_detect_full_v1,delay_EVT-2023-10,1.0208333333333333,full,0,37919,1.7861034160014242,2026-09-13T16:46:33.591357+00:00
detection,kswin,aemo,SA1,,1cba41a9f127,aemo_detect_full_v1,delay_EVT-2023-04,0.6666666666666666,full,0,37919,1.7861034160014242,2026-09-13T16:46:33.591357+00:00
detection,kswin,aemo,SA1,,1cba41a9f127,aemo_detect_full_v1,delay_EVT-2023-05,1.2291666666666667,full,0,37919,1.7861034160014242,2026-09-13T16:46:33.591357+00:00
detection,page_hinkley,aemo,SA1,,6afb6c8585a8,aemo_detect_full_v1,n_detections,2242.0,full,0,37919,0.02056791604263708,2026-09-13T16:46:33.620758+00:00
detection,page_hinkley,aemo,SA1,,6afb6c8585a8,aemo_detect_full_v1,n_matched,26.0,full,0,37919,0.02056791604263708,2026-09-13T16:46:33.620758+00:00
detection,page_hinkley,aemo,SA1,,6afb6c8585a8,aemo_detect_full_v1,n_matched_t1,5.0,full,0,37919,0.02056791604263708,2026-09-13T16:46:33.620758+00:00
detection,page_hinkley,aemo,SA1,,6afb6c8585a8,aemo_detect_full_v1,n_matched_t2,21.0,full,0,37919,0.02056791604263708,2026-09-13T16:46:33.620758+00:00
detection,page_hinkley,aemo,SA1,,6afb6c8585a8,aemo_detect_full_v1,n_unmatched_events,0.0,full,0,37919,0.02056791604263708,2026-09-13T16:46:33.620758+00:00
detection,page_hinkley,aemo,SA1,,6afb6c8585a8,aemo_detect_full_v1,n_unmatched_detections,2216.0,full,0,37919,0.02056791604263708,2026-09-13T16:46:33.620758+00:00
detection,page_hinkley,aemo,SA1,,6afb6c8585a8,aemo_detect_full_v1,precision,0.01159678858162355,full,0,37919,0.02056791604263708,2026-09-13T16:46:33.620758+00:00
detection,page_hinkley,aemo,SA1,,6afb6c8585a8,aemo_detect_full_v1,event_recall,1.0,full,0,37919,0.02056791604263708,2026-09-13T16:46:33.620758+00:00
detection,page_hinkley,aemo,SA1,,6afb6c8585a8,aemo_detect_full_v1,mean_delay_days,0.23076923076923078,full,0,37919,0.02056791604263708,2026-09-13T16:46:33.620758+00:00
detection,page_hinkley,aemo,SA1,,6afb6c8585a8,aemo_detect_full_v1,delay_EVT-2020-02,0.25,full,0,37919,0.02056791604263708,2026-09-13T16:46:33.620758+00:00
detection,page_hinkley,aemo,SA1,,6afb6c8585a8,aemo_detect_full_v1,delay_EVT-2020-07,0.0,full,0,37919,0.02056791604263708,2026-09-13T16:46:33.620758+00:00
detection,page_hinkley,aemo,SA1,,6afb6c8585a8,aemo_detect_full_v1,delay_EVT-2021-10,0.375,full,0,37919,0.02056791604263708,2026-09-13T16:46:33.620758+00:00
detection,page_hinkley,aemo,SA1,,6afb6c8585a8,aemo_detect_full_v1,delay_EVT-2022-03,0.25,full,0,37919,0.02056791604263708,2026-09-13T16:46:33.620758+00:00
detection,page_hinkley,aemo,SA1,,6afb6c8585a8,aemo_detect_full_v1,delay_EVT-2023-14,0.0,full,0,37919,0.02056791604263708,2026-09-13T16:46:33.620758+00:00
detection,page_hinkley,aemo,SA1,,6afb6c8585a8,aemo_detect_full_v1,delay_EVT-2020-04,0.25,full,0,37919,0.02056791604263708,2026-09-13T16:46:33.620758+00:00
detection,page_hinkley,aemo,SA1,,6afb6c8585a8,aemo_detect_full_v1,delay_EVT-2020-06,0.375,full,0,37919,0.02056791604263708,2026-09-13T16:46:33.620758+00:00
detection,page_hinkley,aemo,SA1,,6afb6c8585a8,aemo_detect_full_v1,delay_EVT-2021-01,0.125,full,0,37919,0.02056791604263708,2026-09-13T16:46:33.620758+00:00
detection,page_hinkley,aemo,SA1,,6afb6c8585a8,aemo_detect_full_v1,delay_EVT-2021-09,0.125,full,0,37919,0.02056791604263708,2026-09-13T16:46:33.620758+00:00
detection,page_hinkley,aemo,SA1,,6afb6c8585a8,aemo_detect_full_v1,delay_EVT-2021-04,0.375,full,0,37919,0.02056791604263708,2026-09-13T16:46:33.620758+00:00
detection,page_hinkley,aemo,SA1,,6afb6c8585a8,aemo_detect_full_v1,delay_EVT-2021-05,0.0,full,0,37919,0.02056791604263708,2026-09-13T16:46:33.620758+00:00
detection,page_hinkley,aemo,SA1,,6afb6c8585a8,aemo_detect_full_v1,delay_EVT-2021-06,0.375,full,0,37919,0.02056791604263708,2026-09-13T16:46:33.620758+00:00
detection,page_hinkley,aemo,SA1,,6afb6c8585a8,aemo_detect_full_v1,delay_EVT-2021-07,0.0,full,0,37919,0.02056791604263708,2026-09-13T16:46:33.620758+00:00
detection,page_hinkley,aemo,SA1,,6afb6c8585a8,aemo_detect_full_v1,delay_EVT-2022-01,0.125,full,0,37919,0.02056791604263708,2026-09-13T16:46:33.620758+00:00
detection,page_hinkley,aemo,SA1,,6afb6c8585a8,aemo_detect_full_v1,delay_EVT-2022-02,0.125,full,0,37919,0.02056791604263708,2026-09-13T16:46:33.620758+00:00
detection,page_hinkley,aemo,SA1,,6afb6c8585a8,aemo_detect_full_v1,delay_EVT-2022-04,0.0,full,0,37919,0.02056791604263708,2026-09-13T16:46:33.620758+00:00
detection,page_hinkley,aemo,SA1,,6afb6c8585a8,aemo_detect_full_v1,delay_EVT-2022-05,0.375,full,0,37919,0.02056791604263708,2026-09-13T16:46:33.620758+00:00
detection,page_hinkley,aemo,SA1,,6afb6c8585a8,aemo_detect_full_v1,delay_EVT-2022-07,0.0,full,0,37919,0.02056791604263708,2026-09-13T16:46:33.620758+00:00
detection,page_hinkley,aemo,SA1,,6afb6c8585a8,aemo_detect_full_v1,delay_EVT-2022-08,0.5,full,0,37919,0.02056791604263708,2026-09-13T16:46:33.620758+00:00
detection,page_hinkley,aemo,SA1,,6afb6c8585a8,aemo_detect_full_v1,delay_EVT-2023-11,0.5,full,0,37919,0.02056791604263708,2026-09-13T16:46:33.620758+00:00
detection,page_hinkley,aemo,SA1,,6afb6c8585a8,aemo_detect_full_v1,delay_EVT-2023-08,0.25,full,0,37919,0.02056791604263708,2026-09-13T16:46:33.620758+00:00
detection,page_hinkley,aemo,SA1,,6afb6c8585a8,aemo_detect_full_v1,delay_EVT-2023-09,0.25,full,0,37919,0.02056791604263708,2026-09-13T16:46:33.620758+00:00
detection,page_hinkley,aemo,SA1,,6afb6c8585a8,aemo_detect_full_v1,delay_EVT-2023-10,0.5,full,0,37919,0.02056791604263708,2026-09-13T16:46:33.620758+00:00
detection,page_hinkley,aemo,SA1,,6afb6c8585a8,aemo_detect_full_v1,delay_EVT-2023-04,0.375,full,0,37919,0.02056791604263708,2026-09-13T16:46:33.620758+00:00
detection,page_hinkley,aemo,SA1,,6afb6c8585a8,aemo_detect_full_v1,delay_EVT-2023-05,0.5,full,0,37919,0.02056791604263708,2026-09-13T16:46:33.620758+00:00
detection,page_hinkley,aemo,SA1,,6afb6c8585a8,aemo_detect_full_v1,delay_EVT-2023-07,0.0,full,0,37919,0.02056791604263708,2026-09-13T16:46:33.620758+00:00
detection,adwin,aemo,NSW1,,fadb2054aef8,aemo_detect_full_v1,n_detections,763.0,full,0,37919,0.01218362501822412,2026-09-13T16:46:33.911408+00:00
detection,adwin,aemo,NSW1,,fadb2054aef8,aemo_detect_full_v1,n_matched,20.0,full,0,37919,0.01218362501822412,2026-09-13T16:46:33.911408+00:00
detection,adwin,aemo,NSW1,,fadb2054aef8,aemo_detect_full_v1,n_matched_t1,5.0,full,0,37919,0.01218362501822412,2026-09-13T16:46:33.911408+00:00
detection,adwin,aemo,NSW1,,fadb2054aef8,aemo_detect_full_v1,n_matched_t2,15.0,full,0,37919,0.01218362501822412,2026-09-13T16:46:33.911408+00:00
detection,adwin,aemo,NSW1,,fadb2054aef8,aemo_detect_full_v1,n_unmatched_events,1.0,full,0,37919,0.01218362501822412,2026-09-13T16:46:33.911408+00:00
detection,adwin,aemo,NSW1,,fadb2054aef8,aemo_detect_full_v1,n_unmatched_detections,743.0,full,0,37919,0.01218362501822412,2026-09-13T16:46:33.911408+00:00
detection,adwin,aemo,NSW1,,fadb2054aef8,aemo_detect_full_v1,precision,0.02621231979030144,full,0,37919,0.01218362501822412,2026-09-13T16:46:33.911408+00:00
detection,adwin,aemo,NSW1,,fadb2054aef8,aemo_detect_full_v1,event_recall,0.9523809523809523,full,0,37919,0.01218362501822412,2026-09-13T16:46:33.911408+00:00
detection,adwin,aemo,NSW1,,fadb2054aef8,aemo_detect_full_v1,mean_delay_days,0.9833333333333334,full,0,37919,0.01218362501822412,2026-09-13T16:46:33.911408+00:00
detection,adwin,aemo,NSW1,,fadb2054aef8,aemo_detect_full_v1,delay_EVT-2020-02,3.6666666666666665,full,0,37919,0.01218362501822412,2026-09-13T16:46:33.911408+00:00
detection,adwin,aemo,NSW1,,fadb2054aef8,aemo_detect_full_v1,delay_EVT-2020-07,1.0,full,0,37919,0.01218362501822412,2026-09-13T16:46:33.911408+00:00
detection,adwin,aemo,NSW1,,fadb2054aef8,aemo_detect_full_v1,delay_EVT-2021-10,1.0,full,0,37919,0.01218362501822412,2026-09-13T16:46:33.911408+00:00
detection,adwin,aemo,NSW1,,fadb2054aef8,aemo_detect_full_v1,delay_EVT-2022-03,3.3333333333333335,full,0,37919,0.01218362501822412,2026-09-13T16:46:33.911408+00:00
detection,adwin,aemo,NSW1,,fadb2054aef8,aemo_detect_full_v1,delay_EVT-2023-14,1.6666666666666667,full,0,37919,0.01218362501822412,2026-09-13T16:46:33.911408+00:00
detection,adwin,aemo,NSW1,,fadb2054aef8,aemo_detect_full_v1,delay_EVT-2020-04,1.0,full,0,37919,0.01218362501822412,2026-09-13T16:46:33.911408+00:00
detection,adwin,aemo,NSW1,,fadb2054aef8,aemo_detect_full_v1,delay_EVT-2021-08,0.0,full,0,37919,0.01218362501822412,2026-09-13T16:46:33.911408+00:00
detection,adwin,aemo,NSW1,,fadb2054aef8,aemo_detect_full_v1,delay_EVT-2021-02,0.6666666666666666,full,0,37919,0.01218362501822412,2026-09-13T16:46:33.911408+00:00
detection,adwin,aemo,NSW1,,fadb2054aef8,aemo_detect_full_v1,delay_EVT-2021-03,0.3333333333333333,full,0,37919,0.01218362501822412,2026-09-13T16:46:33.911408+00:00
detection,adwin,aemo,NSW1,,fadb2054aef8,aemo_detect_full_v1,delay_EVT-2021-05,0.3333333333333333,full,0,37919,0.01218362501822412,2026-09-13T16:46:33.911408+00:00
detection,adwin,aemo,NSW1,,fadb2054aef8,aemo_detect_full_v1,delay_EVT-2022-02,0.0,full,0,37919,0.01218362501822412,2026-09-13T16:46:33.911408+00:00
detection,adwin,aemo,NSW1,,fadb2054aef8,aemo_detect_full_v1,delay_EVT-2022-04,0.6666666666666666,full,0,37919,0.01218362501822412,2026-09-13T16:46:33.911408+00:00
detection,adwin,aemo,NSW1,,fadb2054aef8,aemo_detect_full_v1,delay_EVT-2022-06,0.0,full,0,37919,0.01218362501822412,2026-09-13T16:46:33.911408+00:00
detection,adwin,aemo,NSW1,,fadb2054aef8,aemo_detect_full_v1,delay_EVT-2022-07,0.6666666666666666,full,0,37919,0.01218362501822412,2026-09-13T16:46:33.911408+00:00
detection,adwin,aemo,NSW1,,fadb2054aef8,aemo_detect_full_v1,delay_EVT-2023-08,0.6666666666666666,full,0,37919,0.01218362501822412,2026-09-13T16:46:33.911408+00:00
detection,adwin,aemo,NSW1,,fadb2054aef8,aemo_detect_full_v1,delay_EVT-2023-12,0.0,full,0,37919,0.01218362501822412,2026-09-13T16:46:33.911408+00:00
detection,adwin,aemo,NSW1,,fadb2054aef8,aemo_detect_full_v1,delay_EVT-2023-13,3.0,full,0,37919,0.01218362501822412,2026-09-13T16:46:33.911408+00:00
detection,adwin,aemo,NSW1,,fadb2054aef8,aemo_detect_full_v1,delay_EVT-2023-02,0.6666666666666666,full,0,37919,0.01218362501822412,2026-09-13T16:46:33.911408+00:00
detection,adwin,aemo,NSW1,,fadb2054aef8,aemo_detect_full_v1,delay_EVT-2023-04,0.6666666666666666,full,0,37919,0.01218362501822412,2026-09-13T16:46:33.911408+00:00
detection,adwin,aemo,NSW1,,fadb2054aef8,aemo_detect_full_v1,delay_EVT-2023-05,0.3333333333333333,full,0,37919,0.01218362501822412,2026-09-13T16:46:33.911408+00:00
detection,kswin,aemo,NSW1,,1cba41a9f127,aemo_detect_full_v1,n_detections,581.0,full,0,37919,2.061449291999452,2026-09-13T16:46:35.983855+00:00
detection,kswin,aemo,NSW1,,1cba41a9f127,aemo_detect_full_v1,n_matched,20.0,full,0,37919,2.061449291999452,2026-09-13T16:46:35.983855+00:00
detection,kswin,aemo,NSW1,,1cba41a9f127,aemo_detect_full_v1,n_matched_t1,5.0,full,0,37919,2.061449291999452,2026-09-13T16:46:35.983855+00:00
detection,kswin,aemo,NSW1,,1cba41a9f127,aemo_detect_full_v1,n_matched_t2,15.0,full,0,37919,2.061449291999452,2026-09-13T16:46:35.983855+00:00
detection,kswin,aemo,NSW1,,1cba41a9f127,aemo_detect_full_v1,n_unmatched_events,1.0,full,0,37919,2.061449291999452,2026-09-13T16:46:35.983855+00:00
detection,kswin,aemo,NSW1,,1cba41a9f127,aemo_detect_full_v1,n_unmatched_detections,561.0,full,0,37919,2.061449291999452,2026-09-13T16:46:35.983855+00:00
detection,kswin,aemo,NSW1,,1cba41a9f127,aemo_detect_full_v1,precision,0.03442340791738382,full,0,37919,2.061449291999452,2026-09-13T16:46:35.983855+00:00
detection,kswin,aemo,NSW1,,1cba41a9f127,aemo_detect_full_v1,event_recall,0.9523809523809523,full,0,37919,2.061449291999452,2026-09-13T16:46:35.983855+00:00
detection,kswin,aemo,NSW1,,1cba41a9f127,aemo_detect_full_v1,mean_delay_days,1.4343750000000002,full,0,37919,2.061449291999452,2026-09-13T16:46:35.983855+00:00
detection,kswin,aemo,NSW1,,1cba41a9f127,aemo_detect_full_v1,delay_EVT-2020-02,1.8125,full,0,37919,2.061449291999452,2026-09-13T16:46:35.983855+00:00
detection,kswin,aemo,NSW1,,1cba41a9f127,aemo_detect_full_v1,delay_EVT-2020-07,0.4583333333333333,full,0,37919,2.061449291999452,2026-09-13T16:46:35.983855+00:00
detection,kswin,aemo,NSW1,,1cba41a9f127,aemo_detect_full_v1,delay_EVT-2021-10,1.4375,full,0,37919,2.061449291999452,2026-09-13T16:46:35.983855+00:00
detection,kswin,aemo,NSW1,,1cba41a9f127,aemo_detect_full_v1,delay_EVT-2022-03,1.625,full,0,37919,2.061449291999452,2026-09-13T16:46:35.983855+00:00
detection,kswin,aemo,NSW1,,1cba41a9f127,aemo_detect_full_v1,delay_EVT-2023-14,1.5416666666666667,full,0,37919,2.061449291999452,2026-09-13T16:46:35.983855+00:00
detection,kswin,aemo,NSW1,,1cba41a9f127,aemo_detect_full_v1,delay_EVT-2020-04,0.625,full,0,37919,2.061449291999452,2026-09-13T16:46:35.983855+00:00
detection,kswin,aemo,NSW1,,1cba41a9f127,aemo_detect_full_v1,delay_EVT-2021-08,0.9583333333333334,full,0,37919,2.061449291999452,2026-09-13T16:46:35.983855+00:00
detection,kswin,aemo,NSW1,,1cba41a9f127,aemo_detect_full_v1,delay_EVT-2021-02,1.8125,full,0,37919,2.061449291999452,2026-09-13T16:46:35.983855+00:00
detection,kswin,aemo,NSW1,,1cba41a9f127,aemo_detect_full_v1,delay_EVT-2021-03,2.0416666666666665,full,0,37919,2.061449291999452,2026-09-13T16:46:35.983855+00:00
detection,kswin,aemo,NSW1,,1cba41a9f127,aemo_detect_full_v1,delay_EVT-2021-05,2.0416666666666665,full,0,37919,2.061449291999452,2026-09-13T16:46:35.983855+00:00
detection,kswin,aemo,NSW1,,1cba41a9f127,aemo_detect_full_v1,delay_EVT-2022-02,1.0208333333333333,full,0,37919,2.061449291999452,2026-09-13T16:46:35.983855+00:00
detection,kswin,aemo,NSW1,,1cba41a9f127,aemo_detect_full_v1,delay_EVT-2022-04,1.8125,full,0,37919,2.061449291999452,2026-09-13T16:46:35.983855+00:00
detection,kswin,aemo,NSW1,,1cba41a9f127,aemo_detect_full_v1,delay_EVT-2022-06,0.6666666666666666,full,0,37919,2.061449291999452,2026-09-13T16:46:35.983855+00:00
detection,kswin,aemo,NSW1,,1cba41a9f127,aemo_detect_full_v1,delay_EVT-2022-07,2.0416666666666665,full,0,37919,2.061449291999452,2026-09-13T16:46:35.983855+00:00
detection,kswin,aemo,NSW1,,1cba41a9f127,aemo_detect_full_v1,delay_EVT-2023-08,0.7916666666666666,full,0,37919,2.061449291999452,2026-09-13T16:46:35.983855+00:00
detection,kswin,aemo,NSW1,,1cba41a9f127,aemo_detect_full_v1,delay_EVT-2023-12,0.5833333333333334,full,0,37919,2.061449291999452,2026-09-13T16:46:35.983855+00:00
detection,kswin,aemo,NSW1,,1cba41a9f127,aemo_detect_full_v1,delay_EVT-2023-13,1.6666666666666667,full,0,37919,2.061449291999452,2026-09-13T16:46:35.983855+00:00
detection,kswin,aemo,NSW1,,1cba41a9f127,aemo_detect_full_v1,delay_EVT-2023-02,2.0416666666666665,full,0,37919,2.061449291999452,2026-09-13T16:46:35.983855+00:00
detection,kswin,aemo,NSW1,,1cba41a9f127,aemo_detect_full_v1,delay_EVT-2023-04,1.75,full,0,37919,2.061449291999452,2026-09-13T16:46:35.983855+00:00
detection,kswin,aemo,NSW1,,1cba41a9f127,aemo_detect_full_v1,delay_EVT-2023-05,1.9583333333333333,full,0,37919,2.061449291999452,2026-09-13T16:46:35.983855+00:00
detection,page_hinkley,aemo,NSW1,,6afb6c8585a8,aemo_detect_full_v1,n_detections,2242.0,full,0,37919,0.020684082992374897,2026-09-13T16:46:36.012678+00:00
detection,page_hinkley,aemo,NSW1,,6afb6c8585a8,aemo_detect_full_v1,n_matched,20.0,full,0,37919,0.020684082992374897,2026-09-13T16:46:36.012678+00:00
detection,page_hinkley,aemo,NSW1,,6afb6c8585a8,aemo_detect_full_v1,n_matched_t1,5.0,full,0,37919,0.020684082992374897,2026-09-13T16:46:36.012678+00:00
detection,page_hinkley,aemo,NSW1,,6afb6c8585a8,aemo_detect_full_v1,n_matched_t2,15.0,full,0,37919,0.020684082992374897,2026-09-13T16:46:36.012678+00:00
detection,page_hinkley,aemo,NSW1,,6afb6c8585a8,aemo_detect_full_v1,n_unmatched_events,1.0,full,0,37919,0.020684082992374897,2026-09-13T16:46:36.012678+00:00
detection,page_hinkley,aemo,NSW1,,6afb6c8585a8,aemo_detect_full_v1,n_unmatched_detections,2222.0,full,0,37919,0.020684082992374897,2026-09-13T16:46:36.012678+00:00
detection,page_hinkley,aemo,NSW1,,6afb6c8585a8,aemo_detect_full_v1,precision,0.008920606601248885,full,0,37919,0.020684082992374897,2026-09-13T16:46:36.012678+00:00
detection,page_hinkley,aemo,NSW1,,6afb6c8585a8,aemo_detect_full_v1,event_recall,0.9523809523809523,full,0,37919,0.020684082992374897,2026-09-13T16:46:36.012678+00:00
detection,page_hinkley,aemo,NSW1,,6afb6c8585a8,aemo_detect_full_v1,mean_delay_days,0.21875,full,0,37919,0.020684082992374897,2026-09-13T16:46:36.012678+00:00
detection,page_hinkley,aemo,NSW1,,6afb6c8585a8,aemo_detect_full_v1,delay_EVT-2020-02,0.25,full,0,37919,0.020684082992374897,2026-09-13T16:46:36.012678+00:00
detection,page_hinkley,aemo,NSW1,,6afb6c8585a8,aemo_detect_full_v1,delay_EVT-2020-07,0.0,full,0,37919,0.020684082992374897,2026-09-13T16:46:36.012678+00:00
detection,page_hinkley,aemo,NSW1,,6afb6c8585a8,aemo_detect_full_v1,delay_EVT-2021-10,0.375,full,0,37919,0.020684082992374897,2026-09-13T16:46:36.012678+00:00
detection,page_hinkley,aemo,NSW1,,6afb6c8585a8,aemo_detect_full_v1,delay_EVT-2022-03,0.25,full,0,37919,0.020684082992374897,2026-09-13T16:46:36.012678+00:00
detection,page_hinkley,aemo,NSW1,,6afb6c8585a8,aemo_detect_full_v1,delay_EVT-2023-14,0.0,full,0,37919,0.020684082992374897,2026-09-13T16:46:36.012678+00:00
detection,page_hinkley,aemo,NSW1,,6afb6c8585a8,aemo_detect_full_v1,delay_EVT-2020-04,0.25,full,0,37919,0.020684082992374897,2026-09-13T16:46:36.012678+00:00
detection,page_hinkley,aemo,NSW1,,6afb6c8585a8,aemo_detect_full_v1,delay_EVT-2021-08,0.25,full,0,37919,0.020684082992374897,2026-09-13T16:46:36.012678+00:00
detection,page_hinkley,aemo,NSW1,,6afb6c8585a8,aemo_detect_full_v1,delay_EVT-2021-02,0.125,full,0,37919,0.020684082992374897,2026-09-13T16:46:36.012678+00:00
detection,page_hinkley,aemo,NSW1,,6afb6c8585a8,aemo_detect_full_v1,delay_EVT-2021-03,0.5,full,0,37919,0.020684082992374897,2026-09-13T16:46:36.012678+00:00
detection,page_hinkley,aemo,NSW1,,6afb6c8585a8,aemo_detect_full_v1,delay_EVT-2021-05,0.0,full,0,37919,0.020684082992374897,2026-09-13T16:46:36.012678+00:00
detection,page_hinkley,aemo,NSW1,,6afb6c8585a8,aemo_detect_full_v1,delay_EVT-2022-02,0.125,full,0,37919,0.020684082992374897,2026-09-13T16:46:36.012678+00:00
detection,page_hinkley,aemo,NSW1,,6afb6c8585a8,aemo_detect_full_v1,delay_EVT-2022-04,0.0,full,0,37919,0.020684082992374897,2026-09-13T16:46:36.012678+00:00
detection,page_hinkley,aemo,NSW1,,6afb6c8585a8,aemo_detect_full_v1,delay_EVT-2022-06,0.5,full,0,37919,0.020684082992374897,2026-09-13T16:46:36.012678+00:00
detection,page_hinkley,aemo,NSW1,,6afb6c8585a8,aemo_detect_full_v1,delay_EVT-2022-07,0.0,full,0,37919,0.020684082992374897,2026-09-13T16:46:36.012678+00:00
detection,page_hinkley,aemo,NSW1,,6afb6c8585a8,aemo_detect_full_v1,delay_EVT-2023-08,0.25,full,0,37919,0.020684082992374897,2026-09-13T16:46:36.012678+00:00
detection,page_hinkley,aemo,NSW1,,6afb6c8585a8,aemo_detect_full_v1,delay_EVT-2023-12,0.0,full,0,37919,0.020684082992374897,2026-09-13T16:46:36.012678+00:00
detection,page_hinkley,aemo,NSW1,,6afb6c8585a8,aemo_detect_full_v1,delay_EVT-2023-13,0.25,full,0,37919,0.020684082992374897,2026-09-13T16:46:36.012678+00:00
detection,page_hinkley,aemo,NSW1,,6afb6c8585a8,aemo_detect_full_v1,delay_EVT-2023-02,0.375,full,0,37919,0.020684082992374897,2026-09-13T16:46:36.012678+00:00
detection,page_hinkley,aemo,NSW1,,6afb6c8585a8,aemo_detect_full_v1,delay_EVT-2023-04,0.375,full,0,37919,0.020684082992374897,2026-09-13T16:46:36.012678+00:00
detection,page_hinkley,aemo,NSW1,,6afb6c8585a8,aemo_detect_full_v1,delay_EVT-2023-05,0.5,full,0,37919,0.020684082992374897,2026-09-13T16:46:36.012678+00:00
detection,adwin,synthetic_none,-,1,cdc2a5a622ce,synth_n20000,detection_delay,,full,0,0,0.004820899979677051,2026-09-14T02:55:29.253627+00:00
detection,adwin,synthetic_none,-,1,cdc2a5a622ce,synth_n20000,false_alarms_per_10000,0.0,full,0,0,0.004820899979677051,2026-09-14T02:55:29.253627+00:00
detection,adwin,synthetic_none,-,1,cdc2a5a622ce,synth_n20000,missed_detections,0.0,full,0,0,0.004820899979677051,2026-09-14T02:55:29.253627+00:00
detection,adwin,synthetic_none,-,2,cdc2a5a622ce,synth_n20000,detection_delay,,full,0,0,0.003638700000010431,2026-09-14T02:55:30.453533+00:00
detection,adwin,synthetic_none,-,2,cdc2a5a622ce,synth_n20000,false_alarms_per_10000,0.0,full,0,0,0.003638700000010431,2026-09-14T02:55:30.453533+00:00
detection,adwin,synthetic_none,-,2,cdc2a5a622ce,synth_n20000,missed_detections,0.0,full,0,0,0.003638700000010431,2026-09-14T02:55:30.453533+00:00
detection,adwin,synthetic_none,-,3,cdc2a5a622ce,synth_n20000,detection_delay,,full,0,0,0.0038576999795623124,2026-09-14T02:55:30.463150+00:00
detection,adwin,synthetic_none,-,3,cdc2a5a622ce,synth_n20000,false_alarms_per_10000,0.0,full,0,0,0.0038576999795623124,2026-09-14T02:55:30.463150+00:00
detection,adwin,synthetic_none,-,3,cdc2a5a622ce,synth_n20000,missed_detections,0.0,full,0,0,0.0038576999795623124,2026-09-14T02:55:30.463150+00:00
detection,adwin,synthetic_none,-,4,cdc2a5a622ce,synth_n20000,detection_delay,,full,0,0,0.003476399986539036,2026-09-14T02:55:30.471423+00:00
detection,adwin,synthetic_none,-,4,cdc2a5a622ce,synth_n20000,false_alarms_per_10000,0.0,full,0,0,0.003476399986539036,2026-09-14T02:55:30.471423+00:00
detection,adwin,synthetic_none,-,4,cdc2a5a622ce,synth_n20000,missed_detections,0.0,full,0,0,0.003476399986539036,2026-09-14T02:55:30.471423+00:00
detection,adwin,synthetic_none,-,5,cdc2a5a622ce,synth_n20000,detection_delay,,full,0,0,0.004599099978804588,2026-09-14T02:55:30.480864+00:00
detection,adwin,synthetic_none,-,5,cdc2a5a622ce,synth_n20000,false_alarms_per_10000,0.0,full,0,0,0.004599099978804588,2026-09-14T02:55:30.480864+00:00
detection,adwin,synthetic_none,-,5,cdc2a5a622ce,synth_n20000,missed_detections,0.0,full,0,0,0.004599099978804588,2026-09-14T02:55:30.480864+00:00
detection,adwin,synthetic_sudden,-,1,cdc2a5a622ce,synth_n20000,detection_delay,23.0,full,0,0,0.0035214999807067215,2026-09-14T02:55:30.489900+00:00
detection,adwin,synthetic_sudden,-,1,cdc2a5a622ce,synth_n20000,false_alarms_per_10000,0.0,full,0,0,0.0035214999807067215,2026-09-14T02:55:30.489900+00:00
detection,adwin,synthetic_sudden,-,1,cdc2a5a622ce,synth_n20000,missed_detections,0.0,full,0,0,0.0035214999807067215,2026-09-14T02:55:30.489900+00:00
detection,adwin,synthetic_sudden,-,2,cdc2a5a622ce,synth_n20000,detection_delay,23.0,full,0,0,0.004901000007521361,2026-09-14T02:55:30.975166+00:00
detection,adwin,synthetic_sudden,-,2,cdc2a5a622ce,synth_n20000,false_alarms_per_10000,0.0,full,0,0,0.004901000007521361,2026-09-14T02:55:30.975166+00:00
detection,adwin,synthetic_sudden,-,2,cdc2a5a622ce,synth_n20000,missed_detections,0.0,full,0,0,0.004901000007521361,2026-09-14T02:55:30.975166+00:00
detection,adwin,synthetic_sudden,-,3,cdc2a5a622ce,synth_n20000,detection_delay,23.0,full,0,0,0.0036094000097364187,2026-09-14T02:55:30.984805+00:00
detection,adwin,synthetic_sudden,-,3,cdc2a5a622ce,synth_n20000,false_alarms_per_10000,0.0,full,0,0,0.0036094000097364187,2026-09-14T02:55:30.984805+00:00
detection,adwin,synthetic_sudden,-,3,cdc2a5a622ce,synth_n20000,missed_detections,0.0,full,0,0,0.0036094000097364187,2026-09-14T02:55:30.984805+00:00
detection,adwin,synthetic_sudden,-,4,cdc2a5a622ce,synth_n20000,detection_delay,23.0,full,0,0,0.004040899977553636,2026-09-14T02:55:30.992970+00:00
detection,adwin,synthetic_sudden,-,4,cdc2a5a622ce,synth_n20000,false_alarms_per_10000,0.0,full,0,0,0.004040899977553636,2026-09-14T02:55:30.992970+00:00
detection,adwin,synthetic_sudden,-,4,cdc2a5a622ce,synth_n20000,missed_detections,0.0,full,0,0,0.004040899977553636,2026-09-14T02:55:30.992970+00:00
detection,adwin,synthetic_sudden,-,5,cdc2a5a622ce,synth_n20000,detection_delay,23.0,full,0,0,0.0036075999960303307,2026-09-14T02:55:31.001018+00:00
detection,adwin,synthetic_sudden,-,5,cdc2a5a622ce,synth_n20000,false_alarms_per_10000,0.0,full,0,0,0.0036075999960303307,2026-09-14T02:55:31.001018+00:00
detection,adwin,synthetic_sudden,-,5,cdc2a5a622ce,synth_n20000,missed_detections,0.0,full,0,0,0.0036075999960303307,2026-09-14T02:55:31.001018+00:00
detection,adwin,synthetic_gradual,-,1,cdc2a5a622ce,synth_n20000,detection_delay,215.0,full,0,0,0.0035693999961949885,2026-09-14T02:55:31.009911+00:00
detection,adwin,synthetic_gradual,-,1,cdc2a5a622ce,synth_n20000,false_alarms_per_10000,1.0,full,0,0,0.0035693999961949885,2026-09-14T02:55:31.009911+00:00
detection,adwin,synthetic_gradual,-,1,cdc2a5a622ce,synth_n20000,missed_detections,0.0,full,0,0,0.0035693999961949885,2026-09-14T02:55:31.009911+00:00
detection,adwin,synthetic_gradual,-,2,cdc2a5a622ce,synth_n20000,detection_delay,215.0,full,0,0,0.0034638000070117414,2026-09-14T02:55:31.471622+00:00
detection,adwin,synthetic_gradual,-,2,cdc2a5a622ce,synth_n20000,false_alarms_per_10000,1.0,full,0,0,0.0034638000070117414,2026-09-14T02:55:31.471622+00:00
detection,adwin,synthetic_gradual,-,2,cdc2a5a622ce,synth_n20000,missed_detections,0.0,full,0,0,0.0034638000070117414,2026-09-14T02:55:31.471622+00:00
detection,adwin,synthetic_gradual,-,3,cdc2a5a622ce,synth_n20000,detection_delay,215.0,full,0,0,0.0035937000066041946,2026-09-14T02:55:31.481846+00:00
detection,adwin,synthetic_gradual,-,3,cdc2a5a622ce,synth_n20000,false_alarms_per_10000,1.0,full,0,0,0.0035937000066041946,2026-09-14T02:55:31.481846+00:00
detection,adwin,synthetic_gradual,-,3,cdc2a5a622ce,synth_n20000,missed_detections,0.0,full,0,0,0.0035937000066041946,2026-09-14T02:55:31.481846+00:00
detection,adwin,synthetic_gradual,-,4,cdc2a5a622ce,synth_n20000,detection_delay,215.0,full,0,0,0.005628200015053153,2026-09-14T02:55:31.493012+00:00
detection,adwin,synthetic_gradual,-,4,cdc2a5a622ce,synth_n20000,false_alarms_per_10000,1.0,full,0,0,0.005628200015053153,2026-09-14T02:55:31.493012+00:00
detection,adwin,synthetic_gradual,-,4,cdc2a5a622ce,synth_n20000,missed_detections,0.0,full,0,0,0.005628200015053153,2026-09-14T02:55:31.493012+00:00
detection,adwin,synthetic_gradual,-,5,cdc2a5a622ce,synth_n20000,detection_delay,215.0,full,0,0,0.004651699971873313,2026-09-14T02:55:31.504081+00:00
detection,adwin,synthetic_gradual,-,5,cdc2a5a622ce,synth_n20000,false_alarms_per_10000,1.0,full,0,0,0.004651699971873313,2026-09-14T02:55:31.504081+00:00
detection,adwin,synthetic_gradual,-,5,cdc2a5a622ce,synth_n20000,missed_detections,0.0,full,0,0,0.004651699971873313,2026-09-14T02:55:31.504081+00:00
detection,adwin,synthetic_recurring,-,1,cdc2a5a622ce,synth_n20000,detection_delay,15.5,full,0,0,0.0037172000156715512,2026-09-14T02:55:31.513415+00:00
detection,adwin,synthetic_recurring,-,1,cdc2a5a622ce,synth_n20000,false_alarms_per_10000,0.0,full,0,0,0.0037172000156715512,2026-09-14T02:55:31.513415+00:00
detection,adwin,synthetic_recurring,-,1,cdc2a5a622ce,synth_n20000,missed_detections,0.0,full,0,0,0.0037172000156715512,2026-09-14T02:55:31.513415+00:00
detection,adwin,synthetic_recurring,-,2,cdc2a5a622ce,synth_n20000,detection_delay,15.5,full,0,0,0.004348099988419563,2026-09-14T02:55:32.015063+00:00
detection,adwin,synthetic_recurring,-,2,cdc2a5a622ce,synth_n20000,false_alarms_per_10000,0.0,full,0,0,0.004348099988419563,2026-09-14T02:55:32.015063+00:00
detection,adwin,synthetic_recurring,-,2,cdc2a5a622ce,synth_n20000,missed_detections,0.0,full,0,0,0.004348099988419563,2026-09-14T02:55:32.015063+00:00
detection,adwin,synthetic_recurring,-,3,cdc2a5a622ce,synth_n20000,detection_delay,15.5,full,0,0,0.0046548000536859035,2026-09-14T02:55:32.027349+00:00
detection,adwin,synthetic_recurring,-,3,cdc2a5a622ce,synth_n20000,false_alarms_per_10000,0.0,full,0,0,0.0046548000536859035,2026-09-14T02:55:32.027349+00:00
detection,adwin,synthetic_recurring,-,3,cdc2a5a622ce,synth_n20000,missed_detections,0.0,full,0,0,0.0046548000536859035,2026-09-14T02:55:32.027349+00:00
detection,adwin,synthetic_recurring,-,4,cdc2a5a622ce,synth_n20000,detection_delay,15.5,full,0,0,0.004038000013679266,2026-09-14T02:55:32.036470+00:00
detection,adwin,synthetic_recurring,-,4,cdc2a5a622ce,synth_n20000,false_alarms_per_10000,0.0,full,0,0,0.004038000013679266,2026-09-14T02:55:32.036470+00:00
detection,adwin,synthetic_recurring,-,4,cdc2a5a622ce,synth_n20000,missed_detections,0.0,full,0,0,0.004038000013679266,2026-09-14T02:55:32.036470+00:00
detection,adwin,synthetic_recurring,-,5,cdc2a5a622ce,synth_n20000,detection_delay,15.5,full,0,0,0.0037210999871604145,2026-09-14T02:55:32.046356+00:00
detection,adwin,synthetic_recurring,-,5,cdc2a5a622ce,synth_n20000,false_alarms_per_10000,1.0,full,0,0,0.0037210999871604145,2026-09-14T02:55:32.046356+00:00
detection,adwin,synthetic_recurring,-,5,cdc2a5a622ce,synth_n20000,missed_detections,0.0,full,0,0,0.0037210999871604145,2026-09-14T02:55:32.046356+00:00
detection,kswin,synthetic_none,-,1,4c866528cc9f,synth_n20000,detection_delay,,full,0,0,7.732191500021145,2026-09-14T02:55:39.784555+00:00
detection,kswin,synthetic_none,-,1,4c866528cc9f,synth_n20000,false_alarms_per_10000,0.5,full,0,0,7.732191500021145,2026-09-14T02:55:39.784555+00:00
detection,kswin,synthetic_none,-,1,4c866528cc9f,synth_n20000,missed_detections,0.0,full,0,0,7.732191500021145,2026-09-14T02:55:39.784555+00:00
detection,kswin,synthetic_none,-,2,4c866528cc9f,synth_n20000,detection_delay,,full,0,0,8.44984299998032,2026-09-14T02:55:48.766462+00:00
detection,kswin,synthetic_none,-,2,4c866528cc9f,synth_n20000,false_alarms_per_10000,0.0,full,0,0,8.44984299998032,2026-09-14T02:55:48.766462+00:00
detection,kswin,synthetic_none,-,2,4c866528cc9f,synth_n20000,missed_detections,0.0,full,0,0,8.44984299998032,2026-09-14T02:55:48.766462+00:00
detection,kswin,synthetic_none,-,3,4c866528cc9f,synth_n20000,detection_delay,,full,0,0,8.626106999989133,2026-09-14T02:55:57.398108+00:00
detection,kswin,synthetic_none,-,3,4c866528cc9f,synth_n20000,false_alarms_per_10000,0.0,full,0,0,8.626106999989133,2026-09-14T02:55:57.398108+00:00
detection,kswin,synthetic_none,-,3,4c866528cc9f,synth_n20000,missed_detections,0.0,full,0,0,8.626106999989133,2026-09-14T02:55:57.398108+00:00
detection,kswin,synthetic_none,-,4,4c866528cc9f,synth_n20000,detection_delay,,full,0,0,8.389586600009352,2026-09-14T02:56:05.792646+00:00
detection,kswin,synthetic_none,-,4,4c866528cc9f,synth_n20000,false_alarms_per_10000,0.0,full,0,0,8.389586600009352,2026-09-14T02:56:05.792646+00:00
detection,kswin,synthetic_none,-,4,4c866528cc9f,synth_n20000,missed_detections,0.0,full,0,0,8.389586600009352,2026-09-14T02:56:05.792646+00:00
detection,kswin,synthetic_none,-,5,4c866528cc9f,synth_n20000,detection_delay,,full,0,0,8.083572199975606,2026-09-14T02:56:13.880993+00:00
detection,kswin,synthetic_none,-,5,4c866528cc9f,synth_n20000,false_alarms_per_10000,0.5,full,0,0,8.083572199975606,2026-09-14T02:56:13.880993+00:00
detection,kswin,synthetic_none,-,5,4c866528cc9f,synth_n20000,missed_detections,0.0,full,0,0,8.083572199975606,2026-09-14T02:56:13.880993+00:00
detection,kswin,synthetic_sudden,-,1,4c866528cc9f,synth_n20000,detection_delay,16.0,full,0,0,8.10869520000415,2026-09-14T02:56:21.995668+00:00
detection,kswin,synthetic_sudden,-,1,4c866528cc9f,synth_n20000,false_alarms_per_10000,0.0,full,0,0,8.10869520000415,2026-09-14T02:56:21.995668+00:00
detection,kswin,synthetic_sudden,-,1,4c866528cc9f,synth_n20000,missed_detections,0.0,full,0,0,8.10869520000415,2026-09-14T02:56:21.995668+00:00
detection,kswin,synthetic_sudden,-,2,4c866528cc9f,synth_n20000,detection_delay,17.0,full,0,0,8.363328699953854,2026-09-14T02:56:30.798508+00:00
detection,kswin,synthetic_sudden,-,2,4c866528cc9f,synth_n20000,false_alarms_per_10000,0.0,full,0,0,8.363328699953854,2026-09-14T02:56:30.798508+00:00
detection,kswin,synthetic_sudden,-,2,4c866528cc9f,synth_n20000,missed_detections,0.0,full,0,0,8.363328699953854,2026-09-14T02:56:30.798508+00:00
detection,kswin,synthetic_sudden,-,3,4c866528cc9f,synth_n20000,detection_delay,16.0,full,0,0,7.309490200015716,2026-09-14T02:56:38.113442+00:00
detection,kswin,synthetic_sudden,-,3,4c866528cc9f,synth_n20000,false_alarms_per_10000,0.5,full,0,0,7.309490200015716,2026-09-14T02:56:38.113442+00:00
detection,kswin,synthetic_sudden,-,3,4c866528cc9f,synth_n20000,missed_detections,0.0,full,0,0,7.309490200015716,2026-09-14T02:56:38.113442+00:00
detection,kswin,synthetic_sudden,-,4,4c866528cc9f,synth_n20000,detection_delay,16.0,full,0,0,7.877193399996031,2026-09-14T02:56:45.997314+00:00
detection,kswin,synthetic_sudden,-,4,4c866528cc9f,synth_n20000,false_alarms_per_10000,0.0,full,0,0,7.877193399996031,2026-09-14T02:56:45.997314+00:00
detection,kswin,synthetic_sudden,-,4,4c866528cc9f,synth_n20000,missed_detections,0.0,full,0,0,7.877193399996031,2026-09-14T02:56:45.997314+00:00
detection,kswin,synthetic_sudden,-,5,4c866528cc9f,synth_n20000,detection_delay,16.0,full,0,0,8.161434100009501,2026-09-14T02:56:54.166367+00:00
detection,kswin,synthetic_sudden,-,5,4c866528cc9f,synth_n20000,false_alarms_per_10000,0.0,full,0,0,8.161434100009501,2026-09-14T02:56:54.166367+00:00
detection,kswin,synthetic_sudden,-,5,4c866528cc9f,synth_n20000,missed_detections,0.0,full,0,0,8.161434100009501,2026-09-14T02:56:54.166367+00:00
detection,kswin,synthetic_gradual,-,1,4c866528cc9f,synth_n20000,detection_delay,320.0,full,0,0,8.113340099982452,2026-09-14T02:57:02.287040+00:00
detection,kswin,synthetic_gradual,-,1,4c866528cc9f,synth_n20000,false_alarms_per_10000,1.0,full,0,0,8.113340099982452,2026-09-14T02:57:02.287040+00:00
detection,kswin,synthetic_gradual,-,1,4c866528cc9f,synth_n20000,missed_detections,0.0,full,0,0,8.113340099982452,2026-09-14T02:57:02.287040+00:00
detection,kswin,synthetic_gradual,-,2,4c866528cc9f,synth_n20000,detection_delay,411.0,full,0,0,8.317608300014399,2026-09-14T02:57:11.064536+00:00
detection,kswin,synthetic_gradual,-,2,4c866528cc9f,synth_n20000,false_alarms_per_10000,0.5,full,0,0,8.317608300014399,2026-09-14T02:57:11.064536+00:00
detection,kswin,synthetic_gradual,-,2,4c866528cc9f,synth_n20000,missed_detections,0.0,full,0,0,8.317608300014399,2026-09-14T02:57:11.064536+00:00
detection,kswin,synthetic_gradual,-,3,4c866528cc9f,synth_n20000,detection_delay,418.0,full,0,0,8.314445000025444,2026-09-14T02:57:19.385251+00:00
detection,kswin,synthetic_gradual,-,3,4c866528cc9f,synth_n20000,false_alarms_per_10000,0.5,full,0,0,8.314445000025444,2026-09-14T02:57:19.385251+00:00
detection,kswin,synthetic_gradual,-,3,4c866528cc9f,synth_n20000,missed_detections,0.0,full,0,0,8.314445000025444,2026-09-14T02:57:19.385251+00:00
detection,kswin,synthetic_gradual,-,4,4c866528cc9f,synth_n20000,detection_delay,418.0,full,0,0,8.206658900016919,2026-09-14T02:57:27.598660+00:00
detection,kswin,synthetic_gradual,-,4,4c866528cc9f,synth_n20000,false_alarms_per_10000,1.0,full,0,0,8.206658900016919,2026-09-14T02:57:27.598660+00:00
detection,kswin,synthetic_gradual,-,4,4c866528cc9f,synth_n20000,missed_detections,0.0,full,0,0,8.206658900016919,2026-09-14T02:57:27.598660+00:00
detection,kswin,synthetic_gradual,-,5,4c866528cc9f,synth_n20000,detection_delay,320.0,full,0,0,8.500476399960462,2026-09-14T02:57:36.103537+00:00
detection,kswin,synthetic_gradual,-,5,4c866528cc9f,synth_n20000,false_alarms_per_10000,0.5,full,0,0,8.500476399960462,2026-09-14T02:57:36.103537+00:00
detection,kswin,synthetic_gradual,-,5,4c866528cc9f,synth_n20000,missed_detections,0.0,full,0,0,8.500476399960462,2026-09-14T02:57:36.103537+00:00
detection,kswin,synthetic_recurring,-,1,4c866528cc9f,synth_n20000,detection_delay,13.0,full,0,0,8.359802799997851,2026-09-14T02:57:44.469421+00:00
detection,kswin,synthetic_recurring,-,1,4c866528cc9f,synth_n20000,false_alarms_per_10000,0.0,full,0,0,8.359802799997851,2026-09-14T02:57:44.469421+00:00
detection,kswin,synthetic_recurring,-,1,4c866528cc9f,synth_n20000,missed_detections,0.0,full,0,0,8.359802799997851,2026-09-14T02:57:44.469421+00:00
detection,kswin,synthetic_recurring,-,2,4c866528cc9f,synth_n20000,detection_delay,11.0,full,0,0,8.381370799965225,2026-09-14T02:57:53.309584+00:00
detection,kswin,synthetic_recurring,-,2,4c866528cc9f,synth_n20000,false_alarms_per_10000,0.0,full,0,0,8.381370799965225,2026-09-14T02:57:53.309584+00:00
detection,kswin,synthetic_recurring,-,2,4c866528cc9f,synth_n20000,missed_detections,0.0,full,0,0,8.381370799965225,2026-09-14T02:57:53.309584+00:00
detection,kswin,synthetic_recurring,-,3,4c866528cc9f,synth_n20000,detection_delay,12.5,full,0,0,8.467404299997725,2026-09-14T02:58:01.782720+00:00
detection,kswin,synthetic_recurring,-,3,4c866528cc9f,synth_n20000,false_alarms_per_10000,0.0,full,0,0,8.467404299997725,2026-09-14T02:58:01.782720+00:00
detection,kswin,synthetic_recurring,-,3,4c866528cc9f,synth_n20000,missed_detections,0.0,full,0,0,8.467404299997725,2026-09-14T02:58:01.782720+00:00
detection,kswin,synthetic_recurring,-,4,4c866528cc9f,synth_n20000,detection_delay,14.5,full,0,0,8.350191199977417,2026-09-14T02:58:10.138339+00:00
detection,kswin,synthetic_recurring,-,4,4c866528cc9f,synth_n20000,false_alarms_per_10000,0.0,full,0,0,8.350191199977417,2026-09-14T02:58:10.138339+00:00
detection,kswin,synthetic_recurring,-,4,4c866528cc9f,synth_n20000,missed_detections,0.0,full,0,0,8.350191199977417,2026-09-14T02:58:10.138339+00:00
detection,kswin,synthetic_recurring,-,5,4c866528cc9f,synth_n20000,detection_delay,14.0,full,0,0,8.386916099989321,2026-09-14T02:58:18.530409+00:00
detection,kswin,synthetic_recurring,-,5,4c866528cc9f,synth_n20000,false_alarms_per_10000,0.0,full,0,0,8.386916099989321,2026-09-14T02:58:18.530409+00:00
detection,kswin,synthetic_recurring,-,5,4c866528cc9f,synth_n20000,missed_detections,0.0,full,0,0,8.386916099989321,2026-09-14T02:58:18.530409+00:00
detection,page_hinkley,synthetic_none,-,1,bba6b33679c3,synth_n20000,detection_delay,,full,0,0,0.011077400005888194,2026-09-14T02:58:18.548002+00:00
detection,page_hinkley,synthetic_none,-,1,bba6b33679c3,synth_n20000,false_alarms_per_10000,0.0,full,0,0,0.011077400005888194,2026-09-14T02:58:18.548002+00:00
detection,page_hinkley,synthetic_none,-,1,bba6b33679c3,synth_n20000,missed_detections,0.0,full,0,0,0.011077400005888194,2026-09-14T02:58:18.548002+00:00
detection,page_hinkley,synthetic_none,-,2,bba6b33679c3,synth_n20000,detection_delay,,full,0,0,0.010442099999636412,2026-09-14T02:58:19.062471+00:00
detection,page_hinkley,synthetic_none,-,2,bba6b33679c3,synth_n20000,false_alarms_per_10000,0.0,full,0,0,0.010442099999636412,2026-09-14T02:58:19.062471+00:00
detection,page_hinkley,synthetic_none,-,2,bba6b33679c3,synth_n20000,missed_detections,0.0,full,0,0,0.010442099999636412,2026-09-14T02:58:19.062471+00:00
detection,page_hinkley,synthetic_none,-,3,bba6b33679c3,synth_n20000,detection_delay,,full,0,0,0.010338200023397803,2026-09-14T02:58:19.077560+00:00
detection,page_hinkley,synthetic_none,-,3,bba6b33679c3,synth_n20000,false_alarms_per_10000,0.0,full,0,0,0.010338200023397803,2026-09-14T02:58:19.077560+00:00
detection,page_hinkley,synthetic_none,-,3,bba6b33679c3,synth_n20000,missed_detections,0.0,full,0,0,0.010338200023397803,2026-09-14T02:58:19.077560+00:00
detection,page_hinkley,synthetic_none,-,4,bba6b33679c3,synth_n20000,detection_delay,,full,0,0,0.010663499997463077,2026-09-14T02:58:19.093249+00:00
detection,page_hinkley,synthetic_none,-,4,bba6b33679c3,synth_n20000,false_alarms_per_10000,0.0,full,0,0,0.010663499997463077,2026-09-14T02:58:19.093249+00:00
detection,page_hinkley,synthetic_none,-,4,bba6b33679c3,synth_n20000,missed_detections,0.0,full,0,0,0.010663499997463077,2026-09-14T02:58:19.093249+00:00
detection,page_hinkley,synthetic_none,-,5,bba6b33679c3,synth_n20000,detection_delay,,full,0,0,0.010545100027229637,2026-09-14T02:58:19.107778+00:00
detection,page_hinkley,synthetic_none,-,5,bba6b33679c3,synth_n20000,false_alarms_per_10000,0.0,full,0,0,0.010545100027229637,2026-09-14T02:58:19.107778+00:00
detection,page_hinkley,synthetic_none,-,5,bba6b33679c3,synth_n20000,missed_detections,0.0,full,0,0,0.010545100027229637,2026-09-14T02:58:19.107778+00:00
detection,page_hinkley,synthetic_sudden,-,1,bba6b33679c3,synth_n20000,detection_delay,47.0,full,0,0,0.011075399990659207,2026-09-14T02:58:19.123584+00:00
detection,page_hinkley,synthetic_sudden,-,1,bba6b33679c3,synth_n20000,false_alarms_per_10000,0.0,full,0,0,0.011075399990659207,2026-09-14T02:58:19.123584+00:00
detection,page_hinkley,synthetic_sudden,-,1,bba6b33679c3,synth_n20000,missed_detections,0.0,full,0,0,0.011075399990659207,2026-09-14T02:58:19.123584+00:00
detection,page_hinkley,synthetic_sudden,-,2,bba6b33679c3,synth_n20000,detection_delay,22.0,full,0,0,0.010667299968190491,2026-09-14T02:58:19.600926+00:00
detection,page_hinkley,synthetic_sudden,-,2,bba6b33679c3,synth_n20000,false_alarms_per_10000,0.0,full,0,0,0.010667299968190491,2026-09-14T02:58:19.600926+00:00
detection,page_hinkley,synthetic_sudden,-,2,bba6b33679c3,synth_n20000,missed_detections,0.0,full,0,0,0.010667299968190491,2026-09-14T02:58:19.600926+00:00
detection,page_hinkley,synthetic_sudden,-,3,bba6b33679c3,synth_n20000,detection_delay,46.0,full,0,0,0.011384300014469773,2026-09-14T02:58:19.617653+00:00
detection,page_hinkley,synthetic_sudden,-,3,bba6b33679c3,synth_n20000,false_alarms_per_10000,0.0,full,0,0,0.011384300014469773,2026-09-14T02:58:19.617653+00:00
detection,page_hinkley,synthetic_sudden,-,3,bba6b33679c3,synth_n20000,missed_detections,0.0,full,0,0,0.011384300014469773,2026-09-14T02:58:19.617653+00:00
detection,page_hinkley,synthetic_sudden,-,4,bba6b33679c3,synth_n20000,detection_delay,41.0,full,0,0,0.010331600031349808,2026-09-14T02:58:19.633736+00:00
detection,page_hinkley,synthetic_sudden,-,4,bba6b33679c3,synth_n20000,false_alarms_per_10000,0.0,full,0,0,0.010331600031349808,2026-09-14T02:58:19.633736+00:00
detection,page_hinkley,synthetic_sudden,-,4,bba6b33679c3,synth_n20000,missed_detections,0.0,full,0,0,0.010331600031349808,2026-09-14T02:58:19.633736+00:00
detection,page_hinkley,synthetic_sudden,-,5,bba6b33679c3,synth_n20000,detection_delay,43.0,full,0,0,0.011373299988918006,2026-09-14T02:58:19.651967+00:00
detection,page_hinkley,synthetic_sudden,-,5,bba6b33679c3,synth_n20000,false_alarms_per_10000,0.0,full,0,0,0.011373299988918006,2026-09-14T02:58:19.651967+00:00
detection,page_hinkley,synthetic_sudden,-,5,bba6b33679c3,synth_n20000,missed_detections,0.0,full,0,0,0.011373299988918006,2026-09-14T02:58:19.651967+00:00
detection,page_hinkley,synthetic_gradual,-,1,bba6b33679c3,synth_n20000,detection_delay,293.0,full,0,0,0.011200000008102506,2026-09-14T02:58:19.668512+00:00
detection,page_hinkley,synthetic_gradual,-,1,bba6b33679c3,synth_n20000,false_alarms_per_10000,1.0,full,0,0,0.011200000008102506,2026-09-14T02:58:19.668512+00:00
detection,page_hinkley,synthetic_gradual,-,1,bba6b33679c3,synth_n20000,missed_detections,0.0,full,0,0,0.011200000008102506,2026-09-14T02:58:19.668512+00:00
detection,page_hinkley,synthetic_gradual,-,2,bba6b33679c3,synth_n20000,detection_delay,201.0,full,0,0,0.010108699963893741,2026-09-14T02:58:20.157070+00:00
detection,page_hinkley,synthetic_gradual,-,2,bba6b33679c3,synth_n20000,false_alarms_per_10000,1.0,full,0,0,0.010108699963893741,2026-09-14T02:58:20.157070+00:00
detection,page_hinkley,synthetic_gradual,-,2,bba6b33679c3,synth_n20000,missed_detections,0.0,full,0,0,0.010108699963893741,2026-09-14T02:58:20.157070+00:00
detection,page_hinkley,synthetic_gradual,-,3,bba6b33679c3,synth_n20000,detection_delay,293.0,full,0,0,0.010752899979706854,2026-09-14T02:58:20.172892+00:00
detection,page_hinkley,synthetic_gradual,-,3,bba6b33679c3,synth_n20000,false_alarms_per_10000,1.0,full,0,0,0.010752899979706854,2026-09-14T02:58:20.172892+00:00
detection,page_hinkley,synthetic_gradual,-,3,bba6b33679c3,synth_n20000,missed_detections,0.0,full,0,0,0.010752899979706854,2026-09-14T02:58:20.172892+00:00
detection,page_hinkley,synthetic_gradual,-,4,bba6b33679c3,synth_n20000,detection_delay,253.0,full,0,0,0.011437300010584295,2026-09-14T02:58:20.190361+00:00
detection,page_hinkley,synthetic_gradual,-,4,bba6b33679c3,synth_n20000,false_alarms_per_10000,1.0,full,0,0,0.011437300010584295,2026-09-14T02:58:20.190361+00:00
detection,page_hinkley,synthetic_gradual,-,4,bba6b33679c3,synth_n20000,missed_detections,0.0,full,0,0,0.011437300010584295,2026-09-14T02:58:20.190361+00:00
detection,page_hinkley,synthetic_gradual,-,5,bba6b33679c3,synth_n20000,detection_delay,293.0,full,0,0,0.011988400015980005,2026-09-14T02:58:20.208306+00:00
detection,page_hinkley,synthetic_gradual,-,5,bba6b33679c3,synth_n20000,false_alarms_per_10000,1.0,full,0,0,0.011988400015980005,2026-09-14T02:58:20.208306+00:00
detection,page_hinkley,synthetic_gradual,-,5,bba6b33679c3,synth_n20000,missed_detections,0.0,full,0,0,0.011988400015980005,2026-09-14T02:58:20.208306+00:00
detection,page_hinkley,synthetic_recurring,-,1,bba6b33679c3,synth_n20000,detection_delay,36.0,full,0,0,0.011666700011119246,2026-09-14T02:58:20.225181+00:00
detection,page_hinkley,synthetic_recurring,-,1,bba6b33679c3,synth_n20000,false_alarms_per_10000,0.0,full,0,0,0.011666700011119246,2026-09-14T02:58:20.225181+00:00
detection,page_hinkley,synthetic_recurring,-,1,bba6b33679c3,synth_n20000,missed_detections,0.0,full,0,0,0.011666700011119246,2026-09-14T02:58:20.225181+00:00
detection,page_hinkley,synthetic_recurring,-,2,bba6b33679c3,synth_n20000,detection_delay,31.0,full,0,0,0.010077400016598403,2026-09-14T02:58:20.690556+00:00
detection,page_hinkley,synthetic_recurring,-,2,bba6b33679c3,synth_n20000,false_alarms_per_10000,0.0,full,0,0,0.010077400016598403,2026-09-14T02:58:20.690556+00:00
detection,page_hinkley,synthetic_recurring,-,2,bba6b33679c3,synth_n20000,missed_detections,0.0,full,0,0,0.010077400016598403,2026-09-14T02:58:20.690556+00:00
detection,page_hinkley,synthetic_recurring,-,3,bba6b33679c3,synth_n20000,detection_delay,43.5,full,0,0,0.011520600004587322,2026-09-14T02:58:20.707533+00:00
detection,page_hinkley,synthetic_recurring,-,3,bba6b33679c3,synth_n20000,false_alarms_per_10000,0.0,full,0,0,0.011520600004587322,2026-09-14T02:58:20.707533+00:00
detection,page_hinkley,synthetic_recurring,-,3,bba6b33679c3,synth_n20000,missed_detections,0.0,full,0,0,0.011520600004587322,2026-09-14T02:58:20.707533+00:00
detection,page_hinkley,synthetic_recurring,-,4,bba6b33679c3,synth_n20000,detection_delay,33.5,full,0,0,0.011581200000364333,2026-09-14T02:58:20.725109+00:00
detection,page_hinkley,synthetic_recurring,-,4,bba6b33679c3,synth_n20000,false_alarms_per_10000,0.0,full,0,0,0.011581200000364333,2026-09-14T02:58:20.725109+00:00
detection,page_hinkley,synthetic_recurring,-,4,bba6b33679c3,synth_n20000,missed_detections,0.0,full,0,0,0.011581200000364333,2026-09-14T02:58:20.725109+00:00
detection,page_hinkley,synthetic_recurring,-,5,bba6b33679c3,synth_n20000,detection_delay,42.0,full,0,0,0.012163600011263043,2026-09-14T02:58:20.742376+00:00
detection,page_hinkley,synthetic_recurring,-,5,bba6b33679c3,synth_n20000,false_alarms_per_10000,0.0,full,0,0,0.012163600011263043,2026-09-14T02:58:20.742376+00:00
detection,page_hinkley,synthetic_recurring,-,5,bba6b33679c3,synth_n20000,missed_detections,0.0,full,0,0,0.012163600011263043,2026-09-14T02:58:20.742376+00:00
